"m_date","m_close","m_close_split_adjusted","s_split_date_numerator","s_split_date_denominator","m_shares_outstanding","c_market_cap","fis_weighted_average_basic_shares_outstanding","fis_weighted_average_diluted_shares_outstanding","fis_adjusted_weighted_average_basic_shares_outstanding","fis_adjusted_weighted_average_diluted_shares_outstanding","fis_adjusted_weighted_average_basic_and_diluted_shares_outstanding","c_normalized_weighted_average_basic_shares_outstanding","c_normalized_weighted_average_diluted_shares_outstanding","c_normalized_adjusted_weighted_average_basic_shares_outstanding","c_normalized_adjusted_weighted_average_diluted_shares_outstanding","c_normalized_adjusted_weighted_average_basic_and_diluted_shares_outstanding"
1999-11-18,44.000,31.8180173661,,,,,,,,,,,,,,
1999-11-19,40.380,29.2002623010,,,,,,,,,,,,,,
1999-11-22,44.000,31.8180173661,,,,,,,,,,,,,,
1999-11-23,40.250,29.1062545224,,,,,,,,,,,,,,
1999-11-24,41.060,29.6919952967,,,,,,,,,,,,,,
1999-11-26,41.190,29.7860030753,,,,,,,,,,,,,,
1999-11-29,42.130,30.4657516281,,,,,,,,,,,,,,
1999-11-30,42.190,30.5091398336,,,,,,,,,,,,,,
1999-12-01,42.940,31.0514924023,,,,,,,,,,,,,,
1999-12-02,44.130,31.9120251447,,,,,,,,,,,,,,
1999-12-03,44.500,32.1795857453,,,,,,,,,,,,,,
1999-12-06,45.750,33.0835066932,,,,,,,,,,,,,,
1999-12-07,45.250,32.7219383140,,,,,,,,,,,,,,
1999-12-08,45.190,32.6785501085,,,,,,,,,,,,,,
1999-12-09,45.810,33.1268948987,,,,,,,,,,,,,,
1999-12-10,44.750,32.3603699349,,,,,,,,,,,,,,
1999-12-13,45.500,32.9027225036,,,,,,,,,,,,,,
1999-12-14,43.000,31.0948806078,,,,,,,,,,,,,,
1999-12-15,41.690,30.1475714544,,,,,,,,,,,,,,
1999-12-16,47.250,34.1682118307,,,,,,,,,,,,,,
1999-12-17,45.940,33.2209026773,,,,,,,,,,,,,,
1999-12-20,46.880,33.9006512301,,,,,,,,,,,,,,
1999-12-21,46.630,33.7198670405,,,,,,,,,,,,,,
1999-12-22,47.560,34.3923842258,,,,,,,,,,,,,,
1999-12-23,49.750,35.9760537265,,,,,,,,,,,,,,
1999-12-27,52.810,38.1888522069,,,,,,,,,,,,,,
1999-12-28,61.500,44.4729106368,,,,,,,,,,,,,,
1999-12-29,72.000,52.0658465991,,,,,,,,,,,,,,
1999-12-30,79.250,57.3085880970,,,,,,,,,,,,,,
1999-12-31,77.310,55.9057027858,,,,,,,,,,,,,,
2000-01-03,72.000,52.0658465991,,,,,,,,,,,,,,
2000-01-04,66.500,48.0885944284,,,,,,,,,,,,,,
2000-01-05,61.560,44.5162988423,,,,,,,,,,,,,,
2000-01-06,60.000,43.3882054993,,,,,,,,,,,,,,
2000-01-07,65.000,47.0038892909,,,,,,,,,,,,,,
2000-01-10,68.940,49.8530481187,,,,,,,,,,,,,,
2000-01-11,68.000,49.1732995658,,,,,,,,,,,,,,
2000-01-12,66.630,48.1826022069,,,,,,,,,,,,,,
2000-01-13,67.630,48.9057389653,,,,,,,,,,,,,,
2000-01-14,68.380,49.4480915340,,,,,,,,,,,,,,
2000-01-18,71.500,51.7042782200,,,,,,,,,,,,,,
2000-01-19,70.000,50.6195730825,,,,,,,,,,,,,,
2000-01-20,68.130,49.2673073444,,,,,,,,,,,,,,
2000-01-21,68.750,49.7156521346,,,,,,,,,,,,,,
2000-01-24,68.500,49.5348679450,,,,,,,,,,,,,,
2000-01-25,67.690,48.9491271708,,,,,,,,,,,,,,
2000-01-26,68.310,49.3974719609,,,,,,,,,,,,,,
2000-01-27,68.440,49.4914797395,,,,,,,,,,,,,,
2000-01-28,68.060,49.2166877713,,,,,,,,,,,,,,
2000-01-31,66.190,47.8644220333,,,,,,,,,,,,,,
2000-02-01,71.000,51.3427098408,,,,,,,,,,,,,,
2000-02-02,76.500,55.3199620116,,,,,,,,,,,,,,
2000-02-03,77.750,56.2238829595,,,,,,,,,,,,,,
2000-02-04,76.250,55.1391778220,,,,,,,,,,,,,,
2000-02-07,79.500,57.4893722865,,,,,,,,,,,,,,
2000-02-08,79.000,57.1278039074,,,,,,,,,,,,,,
2000-02-09,75.750,54.7776094428,,,,,,,,,,,,,,
2000-02-10,76.690,55.4573579957,,,,,,,,,,,,,,
2000-02-11,75.380,54.5100488423,,,,,,,,,,,,,,
2000-02-14,76.440,55.2765738061,,,,,,,,,,,,,,
2000-02-15,81.880,59.2104377713,,,,,,,,,,,,,,
2000-02-16,81.000,58.5740774240,,,,,,,,,,,,,,
2000-02-17,97.000,70.1442655572,,,,,,,,,,,,,,
2000-02-18,93.750,67.7940710926,,,,,,,,,,,,,,
2000-02-22,91.500,66.1670133864,,,,,,,,,,,,,,
2000-02-23,99.000,71.5905390738,,,,,,,,,,,,,,
2000-02-24,106.800,77.2310057887,,,,,,,,,,,,,,
2000-02-25,108.100,78.1710835745,,,,,,,,,,,,,,
2000-02-28,101.000,73.0368125904,,,,,,,,,,,,,,
2000-02-29,103.900,75.1339091896,,,,,,,,,,,,,,
2000-03-01,109.100,78.8942203329,,,,,,,,,,,,,,
2000-03-02,105.300,76.1463006512,,,,,,,,,,,,,,
2000-03-03,108.000,78.0987698987,,,,,,,,,,,,,,
2000-03-06,159.000,114.9787445731,,,,,,,,,,,,,,
2000-03-07,142.000,102.6854196816,,,,,,,,,,,,,,
2000-03-08,152.000,109.9167872648,,,,,,,,,,,,,,
2000-03-09,153.000,110.6399240232,,,,,,,,,,,,,,
2000-03-10,142.000,102.6854196816,,,,,,,,,,,,,,
2000-03-13,131.300,94.9478563676,,,,,,,,,,,,,,
2000-03-14,130.000,94.0077785818,,,,,,,,,,,,,,
2000-03-15,114.300,82.6545314761,,,,,,,,,,,,,,
2000-03-16,118.100,85.4024511577,,,,,,,,,,,,,,
2000-03-17,121.100,87.5718614327,,,,,,,,,,,,,,
2000-03-20,113.800,82.2929630970,,,,,,,,,,,,,,
2000-03-21,115.000,83.1607272069,,,,,,,,,,,,,,
2000-03-22,119.400,86.3425289436,,,,,,,,,,,,,,
2000-03-23,119.700,86.5594699711,,,,,,,,,,,,,,
2000-03-24,120.000,86.7764109986,,,,,,,,,,,,,,
2000-03-27,114.300,82.6545314761,,,,,,,,,,,,,,
2000-03-28,119.100,86.1255879161,,,,,,,,,,,,,,
2000-03-29,112.000,80.9913169320,,,,,,,,,,,,,,
2000-03-30,105.000,75.9293596237,,,,,,,,,,,,,,
2000-03-31,104.000,75.2062228654,,,,,,,,,,,,,,
2000-04-03,98.000,70.8674023155,,,,,,,,,,,,,,
2000-04-04,93.500,67.6132869030,,,,,,,,,,,,,,
2000-04-05,96.940,70.1008773517,,,,,,,,,,,,,,
2000-04-06,105.000,75.9293596237,,,,,,,,,,,,,,
2000-04-07,122.000,88.2226845152,,,,,,,,,,,,,,
2000-04-10,107.900,78.0264562229,,,,,,,,,,,,,,
2000-04-11,100.900,72.9644989146,,,,,,,,,,,,,,
2000-04-12,86.000,62.1897612156,,,,,,,,,,,,,,
2000-04-13,90.000,65.0823082489,,,,,,,,,,,,,,
2000-04-14,82.690,59.7961785456,,,,,,,,,,,,,,
2000-04-17,79.500,57.4893722865,,,,,,,,,,,,,,
2000-04-18,87.000,62.9128979740,,,,,,,,,,,,,,
2000-04-19,87.250,63.0936821635,,,,,,,,,,,,,,
2000-04-20,89.940,65.0389200434,,,,,,,,,,,,,,
2000-04-24,91.630,66.2610211650,,,,,,,,,,,,,,
2000-04-25,90.000,65.0823082489,,,,,,,,,,,,,,
2000-04-26,91.880,66.4418053546,,,,,,,,,,,,,,
2000-04-27,90.750,65.6246608177,,,,,,,,,,,,,,
2000-04-28,88.630,64.0916108900,,,,,,,,,,,,,,
2000-05-01,95.380,68.9727840087,,,,,,,,,,,,,,
2000-05-02,100.800,72.8921852388,,,,,,,,,,,,,,
2000-05-03,91.500,66.1670133864,,,,,,,,,,,,,,
2000-05-04,90.250,65.2630924385,,,,,,,,,,,,,,
2000-05-05,91.440,66.1236251809,,,,,,,,,,,,,,
2000-05-08,84.750,61.2858402677,,,,,,,,,,,,,,
2000-05-09,80.190,57.9883366498,,,,,,,,,,,,,,
2000-05-10,77.000,55.6815303907,,,,,,,,,,,,,,
2000-05-11,76.560,55.3633502171,,,,,,,,,,,,,,
2000-05-12,90.560,65.4872648336,,,,,,,,,,,,,,
2000-05-15,88.190,63.7734307164,,,,,,,,,,,,,,
2000-05-16,89.500,64.7207398698,,,,,,,,,,,,,,
2000-05-17,78.000,56.4046671491,,,,,,,,,,,,,,
2000-05-18,71.000,51.3427098408,,,,,,,,,,,,,,
2000-05-19,66.630,48.1826022069,,,,,,,,,,,,,,
2000-05-22,62.380,45.1092709841,,,,,,,,,,,,,,
2000-05-23,58.000,41.9419319826,,,,,,,,,,,,,,
2000-05-24,59.000,42.6650687410,,,,,,,,,,,,,,
2000-05-25,68.750,49.7156521346,,,,,,,,,,,,,,
2000-05-26,65.000,47.0038892909,,,,,,,,,,,,,,
2000-05-30,75.380,54.5100488423,,,,,,,,,,,,,,
2000-05-31,73.630,53.2445595152,,,,,,,,,,,,,,
2000-06-01,73.000,52.7889833575,,,,,,,,,,,,,,
2000-06-02,81.750,59.1164299928,,,,,,,,,,,,,,
2000-06-05,79.000,57.1278039074,,,,,,,,,,,,,,
2000-06-06,71.000,51.3427098408,,,,,,,,,,,,,,
2000-06-07,67.000,48.4501628075,,,,,,,,,,,,,,
2000-06-08,69.130,49.9904441027,,,,,,,,,,,,,,
2000-06-09,70.880,51.2559334298,,,,,,,,,,,,,,
2000-06-12,66.000,47.7270260492,,,,,,,,,,,,,,
2000-06-13,69.060,49.9398245297,,,,,,,,,,,,,,
2000-06-14,67.750,48.9925153763,,,,,,,,,,,,,,
2000-06-15,65.940,47.6836378437,,,,,,,,,,,,,,
2000-06-16,62.630,45.2900551737,,,,,,,,,,,,,,
2000-06-19,68.000,49.1732995658,,,,,,,,,,,,,,
2000-06-20,73.630,53.2445595152,,,,,,,,,,,,,,
2000-06-21,78.500,56.7662355282,,,,,,,,,,,,,,
2000-06-22,75.750,54.7776094428,,,,,,,,,,,,,,
2000-06-23,75.130,54.3292646527,,,,,,,,,,,,,,
2000-06-26,75.130,54.3292646527,,,,,,,,,,,,,,
2000-06-27,75.440,54.5534370478,,,,,,,,,,,,,,
2000-06-28,79.500,57.4893722865,,,,,,,,,,,,,,
2000-06-29,75.880,54.8716172214,,,,,,,,,,,,,,
2000-06-30,73.750,53.3313359262,,,,,,,,,,,,,,
2000-07-03,73.690,53.2879477207,,,,,,,,,,,,,,
2000-07-05,70.250,50.8003572721,,,,,,,,,,,,,,
2000-07-06,69.130,49.9904441027,,,,,,,,,,,,,,
2000-07-07,67.500,48.8117311867,,,,,,,,,,,,,,
2000-07-10,68.500,49.5348679450,,,,,,,,,,,,,,
2000-07-11,67.310,48.6743352026,,,,,,,,,,,,,,
2000-07-12,69.000,49.8964363242,,,,,,,,,,,,,,
2000-07-13,71.000,51.3427098408,,,,,,,,,,,,,,
2000-07-14,77.060,55.7249185962,,,,,,,,,,,,,,
2000-07-17,78.250,56.5854513386,,,,,,,,,,,,,,
2000-07-18,76.630,55.4139697902,,,,,,,,,,,,,,
2000-07-19,74.060,53.5555083213,,,,,,,,,,,,,,
2000-07-20,54.000,39.0493849493,,,,,,,,,,,,,,
2000-07-21,48.060,34.7539526049,,,,,,,,,,,,,,
2000-07-24,49.500,35.7952695369,,,,,,,,,,,,,,
2000-07-25,44.750,32.3603699349,,,,,,,,,,,,,,
2000-07-26,43.000,31.0948806078,,,,,,,,,,,,,,
2000-07-27,40.750,29.4678229016,,,,,,,,,,,,,,
2000-07-28,41.250,29.8293912808,,,,,,,,,,,,,,
2000-07-31,40.750,29.4678229016,,,,,,,,,,,,,,
2000-08-01,40.500,29.2870387120,,,,,,,,,,,,,,
2000-08-02,40.130,29.0194781114,,,,,,,,,,,,,,
2000-08-03,41.000,29.6486070912,,,,,,,,,,,,,,
2000-08-04,40.060,28.9688585384,,,,,,,,,,,,,,
2000-08-07,39.750,28.7446861433,,,,,,,,,,,,,,
2000-08-08,38.810,28.0649375904,,,,,,,,,,,,,,
2000-08-09,39.310,28.4265059696,,,,,,,,,,,,,,
2000-08-10,39.000,28.2023335745,,,,,,,,,,,,,,
2000-08-11,40.630,29.3810464906,,,,,,,,,,,,,,
2000-08-14,43.500,31.4564489870,,,,,,,,,,,,,,
2000-08-15,43.000,31.0948806078,,,,,,,,,,,,,,
2000-08-16,43.500,31.4564489870,,,,,,,,,,,,,,
2000-08-17,46.500,33.6258592619,,,,,,,,,,,,,,
2000-08-18,56.380,40.7704504342,,,,,,,,,,,,,,
2000-08-21,60.500,43.7497738784,,,,,,,,,,,,,,
2000-08-22,60.500,43.7497738784,,,,,,,,,,,,,,
2000-08-23,60.500,43.7497738784,,,,,,,,,,,,,,
2000-08-24,59.750,43.2074213097,,,,,,,,,,,,,,
2000-08-25,58.500,42.3035003618,,,,,,,,,,,,,,
2000-08-28,58.630,42.3975081404,,,,,,,,,,,,,,
2000-08-29,63.000,45.5576157742,,,,,,,,,,,,,,
2000-08-30,61.380,44.3861342258,,,,,,,,,,,,,,
2000-08-31,61.000,44.1113422576,,,,,,,,,,,,,,
2000-09-01,61.880,44.7477026049,,,,,,,,,,,,,,
2000-09-05,61.810,44.6970830318,,,,,,,,,,,,,,
2000-09-06,60.000,43.3882054993,,,,,,,,,,,,,,
2000-09-07,61.880,44.7477026049,,,,,,,,,,,,,,
2000-09-08,59.250,42.8458529305,,,,,,,,,,,,,,
2000-09-11,56.750,41.0380110347,,,,,,,,,,,,,,
2000-09-12,55.000,39.7725217077,,,,,,,,,,,,,,
2000-09-13,55.000,39.7725217077,,,,,,,,,,,,,,
2000-09-14,55.750,40.3148742764,,,,,,,,,,,,,,
2000-09-15,57.000,41.2187952243,,,,,,,,,,,,,,
2000-09-18,54.000,39.0493849493,,,,,,,,,,,,,,
2000-09-19,53.880,38.9626085384,,,,,,,,,,,,,,
2000-09-20,52.500,37.9646798119,,,,,,,,,,,,,,
2000-09-21,48.000,34.7105643994,,,,,,,,,,,,,,
2000-09-22,50.000,36.1568379161,,,,,,,,,,,,,,
2000-09-25,48.310,34.9347367945,,,,,,,,,,,,,,
2000-09-26,45.190,32.6785501085,,,,,,,,,,,,,,
2000-09-27,46.000,33.2642908828,,,,,,,,,,,,,,
2000-09-28,47.950,34.6744075615,,,,,,,,,,,,,,
2000-09-29,48.940,35.3903129522,,,,,,,,,,,,,,
2000-10-02,50.560,36.5617945007,,,,,,,,,,,,,,
2000-10-03,53.130,38.4202559696,,,,,,,,,,,,,,
2000-10-04,57.880,41.8551555716,,,,,,,,,,,,,,
2000-10-05,55.130,39.8665294863,,,,,,,,,,,,,,
2000-10-06,52.190,37.7405074168,,,,,,,,,,,,,,
2000-10-09,50.690,36.6558022793,,,,,,,,,,,,,,
2000-10-10,49.560,35.8386577424,,,,,,,,,,,,,,
2000-10-11,45.810,33.1268948987,,,,,,,,,,,,,,
2000-10-12,44.750,32.3603699349,,,,,,,,,,,,,,
2000-10-13,44.380,32.0928093343,,,,,,,,,,,,,,
2000-10-16,46.440,33.5824710564,,,,,,,,,,,,,,
2000-10-17,43.310,31.3190530029,,,,,,,,,,,,,,
2000-10-18,40.880,29.5618306802,,,,,,,,,,,,,,
2000-10-19,43.750,31.6372331766,,,,,,,,,,,,,,
2000-10-20,46.560,33.6692474674,,,,,,,,,,,,,,
2000-10-23,51.060,36.9233628799,,,,,,,,,,,,,,
2000-10-24,48.060,34.7539526049,,,,,,,,,,,,,,
2000-10-25,42.630,30.8273200072,,,,,,,,,,,,,,
2000-10-26,44.000,31.8180173661,,,,,,,,,,,,,,
2000-10-27,45.750,33.0835066932,,,,,,,,,,,,,,
2000-10-30,45.500,32.9027225036,,,,,,,,,,,,,,
2000-10-31,46.310,33.4884632779,,,,,,,,,,,,,,
2000-11-01,46.810,33.8500316570,,,,,,,,,,,,,,
2000-11-02,48.130,34.8045721780,,,,,,,,,,,,,,
2000-11-03,46.810,33.8500316570,,,,,,,,,,,,,,
2000-11-06,46.380,33.5390828509,,,,,,,,,,,,,,
2000-11-07,45.940,33.2209026773,,,,,,,,,,,,,,
2000-11-08,44.380,32.0928093343,,,,,,,,,,,,,,
2000-11-09,43.560,31.4998371925,,,,,,,,,,,,,,
2000-11-10,39.440,28.5205137482,,,,,,,,,,,,,,
2000-11-13,39.310,28.4265059696,,,,,,,,,,,,,,
2000-11-14,42.630,30.8273200072,,,,,,,,,,,,,,
2000-11-15,43.380,31.3696725760,,,,,,,,,,,,,,
2000-11-16,41.630,30.1041832489,,,,,,,,,,,,,,
2000-11-17,47.380,34.2622196093,,,,,,,,,,,,,,
2000-11-20,44.630,32.2735935239,,,,,,,,,,,,,,
2000-11-21,48.630,35.1661405572,,,,,,,,,,,,,,
2000-11-22,48.000,34.7105643994,,,,,,,,,,,,,,
2000-11-24,50.940,36.8365864689,,,,,,,,,,,,,,
2000-11-27,50.500,36.5184062952,,,,,,,,,,,,,,
2000-11-28,50.690,36.6558022793,,,,,,,,,,,,,,
2000-11-29,53.880,38.9626085384,,,,,,,,,,,,,,
2000-11-30,52.190,37.7405074168,,,,,,,,,,,,,,
2000-12-01,53.000,38.3262481910,,,,,,,,,,,,,,
2000-12-04,51.000,36.8799746744,,,,,,,,,,,,,,
2000-12-05,55.060,39.8159099132,,,,,,,,,,,,,,
2000-12-06,52.000,37.6031114327,,,,,,,,,,,,,,
2000-12-07,54.000,39.0493849493,,,,,,,,,,,,,,
2000-12-08,59.440,42.9832489146,,,,,,,,,,,,,,
2000-12-11,57.750,41.7611477931,,,,,,,,,,,,,,
2000-12-12,57.250,41.3995794139,,,,,,,,,,,,,,
2000-12-13,58.190,42.0793279667,,,,,,,,,,,,,,
2000-12-14,59.250,42.8458529305,,,,,,,,,,,,,,
2000-12-15,56.880,41.1320188133,,,,,,,,,,,,,,
2000-12-18,57.000,41.2187952243,,,,,,,,,,,,,,
2000-12-19,57.060,41.2621834298,,,,,,,,,,,,,,
2000-12-20,52.500,37.9646798119,,,,,,,,,,,,,,
2000-12-21,51.380,37.1547666425,,,,,,,,,,,,,,
2000-12-22,54.690,39.5483493126,,,,,,,,,,,,,,
2000-12-26,53.500,38.6878165702,,,,,,,,,,,,,,
2000-12-27,55.940,40.4522702605,,,,,,,,,,,,,,
2000-12-28,55.310,39.9966941027,,,,,,,,,,,,,,
2000-12-29,54.750,39.5917375181,,,,,,,,,,,,,,
2001-01-02,50.880,36.7931982634,,,,,,,,,,,,,,
2001-01-03,56.130,40.5896662446,,,,,,,,,,,,,,
2001-01-04,58.250,42.1227161722,,,,,,,,,,,,,,
2001-01-05,55.060,39.8159099132,,,,,,,,,,,,,,
2001-01-08,53.250,38.5070323806,,,,,,,,,,,,,,
2001-01-09,53.000,38.3262481910,,,,,,,,,,,,,,
2001-01-10,55.310,39.9966941027,,,,,,,,,,,,,,
2001-01-11,57.560,41.6237518090,,,,,,,,,,,,,,
2001-01-12,56.130,40.5896662446,,,,,,,,,,,,,,
2001-01-16,58.190,42.0793279667,,,,,,,,,,,,,,
2001-01-17,61.940,44.7910908104,,,,,,,,,,,,,,
2001-01-18,67.560,48.8551193922,,,,,,,,,,,,,,
2001-01-19,65.560,47.4088458755,,,,,,,,,,,,,,
2001-01-22,62.750,45.3768315847,,,,,,,,,,,,,,
2001-01-23,62.750,45.3768315847,,,,,,,,,,,,,,
2001-01-24,58.000,41.9419319826,,,,,,,,,,,,,,
2001-01-25,55.250,39.9533058973,,,,,,,,,,,,,,
2001-01-26,54.630,39.5049611071,,,,,,,,,,,,,,
2001-01-29,54.420,39.3531023878,,,,,,,,,,,,,,
2001-01-30,54.750,39.5917375181,,,,,,,,,,,,,,
2001-01-31,54.550,39.4471101664,,,,,,,,,,,,,,
2001-02-01,53.800,38.9047575977,,,,,,,,,,,,,,
2001-02-02,52.200,37.7477387844,,,,,,,,,,,,,,
2001-02-05,49.200,35.5783285094,,,,,,,,,,,,,,
2001-02-06,50.970,36.8582805716,,,,,,,,,,,,,,
2001-02-07,50.140,36.2580770622,,,,,,,,,,,,,,
2001-02-08,54.210,39.2012436686,,,,,,,,,,,,,,
2001-02-09,52.500,37.9646798119,,,,,,,,,,,,,,
2001-02-12,51.120,36.9667510854,,,,,,,,,,,,,,
2001-02-13,47.370,34.2549882417,,,,,,,,,,,,,,
2001-02-14,48.000,34.7105643994,,,,,,,,,,,,,,
2001-02-15,53.850,38.9409144356,,,,,,,,,,,,,,
2001-02-16,50.000,36.1568379161,,,,,,,,,,,,,,
2001-02-20,44.000,31.8180173661,,,,,,,,,,,,,,
2001-02-21,40.200,29.0700976845,,,,,,,,,,,,,,
2001-02-22,39.070,28.2529531476,,,,,,,,,,,,,,
2001-02-23,38.300,27.6961378437,,,,,,,,,,,,,,
2001-02-26,38.300,27.6961378437,,,,,,,,,,,,,,
2001-02-27,38.150,27.5876673300,,,,,,,,,,,,,,
2001-02-28,36.000,26.0329232996,,,,,,,,,,,,,,
2001-03-01,38.310,27.7033692113,,,,,,,,,,,,,,
2001-03-02,38.030,27.5008909190,,,,,,,,,,,,,,
2001-03-05,38.050,27.5153536541,,,,,,,,,,,,,,
2001-03-06,40.600,29.3593523878,,,,,,,,,,,,,,
2001-03-07,40.960,29.6196816208,,,,,,,,,,,,,,
2001-03-08,40.000,28.9254703329,,,,,,,,,,,,,,
2001-03-09,37.050,26.7922168958,,,,,,,,,,,,,,
2001-03-12,35.010,25.3170179088,,,,,,,,,,,,,,
2001-03-13,36.580,26.4523426194,,,,,,,,,,,,,,
2001-03-14,35.300,25.5267275687,,,,,,,,,,,,,,
2001-03-15,34.850,25.2013160275,,,,,,,,,,,,,,
2001-03-16,34.750,25.1290023517,,,,,,,,,,,,,,
2001-03-19,36.990,26.7488286903,,,,,,,,,,,,,,
2001-03-20,34.300,24.8035908104,,,,,,,,,,,,,,
2001-03-21,31.600,22.8511215630,,,,,,,,,,,,,,
2001-03-22,34.800,25.1651591896,,,,,,,,,,,,,,
2001-03-23,37.830,27.3562635673,,,,,,,,,,,,,,
2001-03-26,37.070,26.8066796310,,,,,,,,,,,,,,
2001-03-27,36.930,26.7054404848,,,,,,,,,,,,,,
2001-03-28,32.700,23.6465719971,,,,,,,,,,,,,,
2001-03-29,30.000,21.6941027496,,,,,,,,,,,,,,
2001-03-30,30.730,22.2219925832,,,,,,,,,,,,,,
2001-04-02,30.850,22.3087689942,,,,,,,,,,,,,,
2001-04-03,29.500,21.3325343705,,,,,,,,,,,,,,
2001-04-04,28.090,20.3129115412,,,,,,,,,,,,,,
2001-04-05,30.620,22.1424475398,,,,,,,,,,,,,,
2001-04-06,27.800,20.1032018813,,,,,,,,,,,,,,
2001-04-09,27.600,19.9585745297,,,,,,,,,,,,,,
2001-04-10,29.850,21.5856322359,,,,,,,,,,,,,,
2001-04-11,31.680,22.9089725036,,,,,,,,,,,,,,
2001-04-12,33.960,24.5577243126,,,,,,,,,,,,,,
2001-04-16,33.320,24.0949167873,,,,,,,,,,,,,,
2001-04-17,33.330,24.1021481548,,,,,,,,,,,,,,
2001-04-18,37.990,27.4719654486,,,,,,,,,,,,,,
2001-04-19,38.990,28.1951022069,,,,,,,,,,,,,,
2001-04-20,40.400,29.2147250362,,,,,,,,,,,,,,
2001-04-23,40.000,28.9254703329,,,,,,,,,,,,,,
2001-04-24,37.220,26.9151501447,,,,,,,,,,,,,,
2001-04-25,38.830,28.0794003256,,,,,,,,,,,,,,
2001-04-26,38.010,27.4864281838,,,,,,,,,,,,,,
2001-04-27,38.790,28.0504748553,,,,,,,,,,,,,,
2001-04-30,39.010,28.2095649421,,,,,,,,,,,,,,
2001-05-01,39.200,28.3469609262,,,,,,,,,,,,,,
2001-05-02,39.720,28.7229920405,,,,,,,,,,,,,,
2001-05-03,38.450,27.8046083575,,,,,,,,,,,,,,
2001-05-04,38.370,27.7467574168,,,,,,,,,,,,,,
2001-05-07,38.740,28.0143180174,,,,,,,,,,,,,,
2001-05-08,38.420,27.7829142547,,,,,,,,,,,,,,
2001-05-09,39.000,28.2023335745,,,,,,,,,,,,,,
2001-05-10,39.210,28.3541922938,,,,,,,,,,,,,,
2001-05-11,39.690,28.7012979378,,,,,,,,,,,,,,
2001-05-14,38.750,28.0215493849,,,,,,,,,,,,,,
2001-05-15,37.450,27.0814715991,,,,,,,,,,,,,,
2001-05-16,38.500,27.8407651954,,,,,,,,,,,,,,
2001-05-17,38.720,27.9998552822,,,,,,,,,,,,,,
2001-05-18,36.000,26.0329232996,,,,,,,,,,,,,,
2001-05-21,38.000,27.4791968162,,,,,,,,,,,,,,
2001-05-22,39.250,28.3831177641,,,,,,,,,,,,,,
2001-05-23,37.930,27.4285772431,,,,,,,,,,,,,,
2001-05-24,36.300,26.2498643271,,,,,,,,,,,,,,
2001-05-25,37.690,27.2550244211,,,,,,,,,,,,,,
2001-05-29,35.950,25.9967664616,,,,,,,,,,,,,,
2001-05-30,32.870,23.7695052460,,,,,,,,,,,,,,
2001-05-31,33.540,24.2540068741,,,,,,,,,,,,,,
2001-06-01,33.970,24.5649556802,,,,,,,,,,,,,,
2001-06-04,33.500,24.2250814038,,,,,,,,,,,,,,
2001-06-05,34.100,24.6589634588,,,,,,,,,,,,,,
2001-06-06,34.270,24.7818967077,,,,,,,,,,,,,,
2001-06-07,35.840,25.9172214182,,,,,,,,,,,,,,
2001-06-08,35.010,25.3170179088,,,,,,,,,,,,,,
2001-06-11,33.770,24.4203283285,,,,,,,,,,,,,,
2001-06-12,33.300,24.0804540521,,,,,,,,,,,,,,
2001-06-13,32.640,23.6031837916,,,,,,,,,,,,,,
2001-06-14,31.100,22.4895531838,,,,,,,,,,,,,,
2001-06-15,30.460,22.0267456585,,,,,,,,,,,,,,
2001-06-18,30.000,21.6941027496,,,,,,,,,,,,,,
2001-06-19,29.320,21.2023697540,,,,,,,,,,,,,,
2001-06-20,28.420,20.5515466715,,,,,,,,,,,,,,
2001-06-21,29.580,21.3903853111,,,,,,,,,,,,,,
2001-06-22,29.400,21.2602206946,,,,,,,,,,,,,,
2001-06-25,29.650,21.4410048842,,,,,,,,,,,,,,
2001-06-26,29.200,21.1155933430,,,,,,,,,,,,,,
2001-06-27,29.850,21.5856322359,,,,,,,,,,,,,,
2001-06-28,31.690,22.9162038712,,,,,,,,,,,,,,
2001-06-29,32.500,23.5019446454,,,,,,,,,,,,,,
2001-07-02,33.090,23.9285953329,,,,,,,,,,,,,,
2001-07-03,32.520,23.5164073806,,,,,,,,,,,,,,
2001-07-05,32.170,23.2633095152,,,,,,,,,,,,,,
2001-07-06,30.150,21.8025732634,,,,,,,,,,,,,,
2001-07-09,29.910,21.6290204414,,,,,,,,,,,,,,
2001-07-10,28.300,20.4647702605,,,,,,,,,,,,,,
2001-07-11,26.870,19.4306846961,,,,,,,,,,,,,,
2001-07-12,30.740,22.2292239508,,,,,,,,,,,,,,
2001-07-13,30.300,21.9110437771,,,,,,,,,,,,,,
2001-07-16,28.900,20.8986523155,,,,,,,,,,,,,,
2001-07-17,29.500,21.3325343705,,,,,,,,,,,,,,
2001-07-18,28.490,20.6021662446,,,,,,,,,,,,,,
2001-07-19,28.960,20.9420405210,,,,,,,,,,,,,,
2001-07-20,28.900,20.8986523155,,,,,,,,,,,,,,
2001-07-23,27.710,20.0381195731,,,,,,,,,,,,,,
2001-07-24,27.450,19.8501040159,,,,,,,,,,,,,,
2001-07-25,27.840,20.1321273517,,,,,,,,,,,,,,
2001-07-26,29.210,21.1228247106,,,,,,,,,,,,,,
2001-07-27,30.100,21.7664164255,,,,,,,,,,,,,,
2001-07-30,29.420,21.2746834298,,,,,,,,,,,,,,
2001-07-31,28.610,20.6889426556,,,,,,,,,,,,,,
2001-08-01,31.750,22.9595920767,,,,,,,,,,,,,,
2001-08-02,31.750,22.9595920767,,,,,,,,,,,,,,
2001-08-03,31.300,22.6341805355,,,,,,,,,,,,,,
2001-08-06,30.820,22.2870748915,,,,,,,,,,,,,,
2001-08-07,31.030,22.4389336107,,,,,,,,,,,,,,
2001-08-08,28.950,20.9348091534,,,,,,,,,,,,,,
2001-08-09,28.640,20.7106367583,,,,,,,,,,,,,,
2001-08-10,28.590,20.6744799204,,,,,,,,,,,,,,
2001-08-13,28.920,20.9131150507,,,,,,,,,,,,,,
2001-08-14,29.540,21.3614598408,,,,,,,,,,,,,,
2001-08-15,27.850,20.1393587192,,,,,,,,,,,,,,
2001-08-16,27.500,19.8862608538,,,,,,,,,,,,,,
2001-08-17,26.450,19.1269672576,,,,,,,,,,,,,,
2001-08-20,26.090,18.8666380246,,,,,,,,,,,,,,
2001-08-21,26.450,19.1269672576,,,,,,,,,,,,,,
2001-08-22,26.380,19.0763476845,,,,,,,,,,,,,,
2001-08-23,26.170,18.9244889653,,,,,,,,,,,,,,
2001-08-24,27.790,20.0959705137,,,,,,,,,,,,,,
2001-08-27,27.160,19.6403943560,,,,,,,,,,,,,,
2001-08-28,27.500,19.8862608538,,,,,,,,,,,,,,
2001-08-29,27.150,19.6331629884,,,,,,,,,,,,,,
2001-08-30,26.050,18.8377125543,,,,,,,,,,,,,,
2001-08-31,26.500,19.1631240955,,,,,,,,,,,,,,
2001-09-04,25.830,18.6786224674,,,,,,,,,,,,,,
2001-09-05,24.600,17.7891642547,,,,,,,,,,,,,,
2001-09-06,24.000,17.3552821997,,,,,,,,,,,,,,
2001-09-07,23.350,16.8852433068,,,,,,,,,,,,,,
2001-09-10,23.050,16.6683022793,,,,,,,,,,,,,,
2001-09-17,21.750,15.7282244935,,,,,,,,,,,,,,
2001-09-18,21.730,15.7137617583,,,,,,,,,,,,,,
2001-09-19,22.750,16.4513612518,,,,,,,,,,,,,,
2001-09-20,20.820,15.0557073082,,,,,,,,,,,,,,
2001-09-21,20.150,14.5712056802,,,,,,,,,,,,,,
2001-09-24,21.000,15.1858719247,,,,,,,,,,,,,,
2001-09-25,19.780,14.3036450796,,,,,,,,,,,,,,
2001-09-26,19.300,13.9565394356,,,,,,,,,,,,,,
2001-09-27,19.240,13.9131512301,,,,,,,,,,,,,,
2001-09-28,19.550,14.1373236252,,,,,,,,,,,,,,
2001-10-01,18.860,13.6383592619,,,,,,,,,,,,,,
2001-10-02,20.070,14.5133547395,,,,,,,,,,,,,,
2001-10-03,21.250,15.3666561143,,,,,,,,,,,,,,
2001-10-04,21.700,15.6920676556,,,,,,,,,,,,,,
2001-10-05,21.100,15.2581856006,,,,,,,,,,,,,,
2001-10-08,21.420,15.4895893632,,,,,,,,,,,,,,
2001-10-09,20.780,15.0267818379,,,,,,,,,,,,,,
2001-10-10,21.940,15.8656204776,,,,,,,,,,,,,,
2001-10-11,24.120,17.4420586107,,,,,,,,,,,,,,
2001-10-12,23.360,16.8924746744,,,,,,,,,,,,,,
2001-10-15,23.230,16.7984668958,,,,,,,,,,,,,,
2001-10-16,23.810,17.2178862156,,,,,,,,,,,,,,
2001-10-17,23.620,17.0804902315,,,,,,,,,,,,,,
2001-10-18,22.700,16.4152044139,,,,,,,,,,,,,,
2001-10-19,23.360,16.8924746744,,,,,,,,,,,,,,
2001-10-22,23.610,17.0732588640,,,,,,,,,,,,,,
2001-10-23,23.850,17.2468116860,,,,,,,,,,,,,,
2001-10-24,24.220,17.5143722865,,,,,,,,,,,,,,
2001-10-25,24.130,17.4492899783,,,,,,,,,,,,,,
2001-10-26,24.340,17.6011486975,,,,,,,,,,,,,,
2001-10-29,22.930,16.5815258683,,,,,,,,,,,,,,
2001-10-30,22.200,16.0536360347,,,,,,,,,,,,,,
2001-10-31,22.270,16.1042556078,,,,,,,,,,,,,,
2001-11-01,22.900,16.5598317656,,,,,,,,,,,,,,
2001-11-02,23.300,16.8490864689,,,,,,,,,,,,,,
2001-11-05,24.480,17.7023878437,,,,,,,,,,,,,,
2001-11-06,25.490,18.4327559696,,,,,,,,,,,,,,
2001-11-07,24.700,17.8614779305,,,,,,,,,,,,,,
2001-11-08,24.750,17.8976347685,,,,,,,,,,,,,,
2001-11-09,24.800,17.9337916064,,,,,,,,,,,,,,
2001-11-12,24.640,17.8180897250,,,,,,,,,,,,,,
2001-11-13,24.950,18.0422621201,,,,,,,,,,,,,,
2001-11-14,25.310,18.3025913531,,,,,,,,,,,,,,
2001-11-15,25.030,18.1001130608,,,,,,,,,,,,,,
2001-11-16,24.130,17.4492899783,,,,,,,,,,,,,,
2001-11-19,24.410,17.6517682706,,,,,,,,,,,,,,
2001-11-20,23.780,17.1961921129,,,,,,,,,,,,,,
2001-11-21,24.330,17.5939173300,,,,,,,,,,,,,,
2001-11-23,25.100,18.1507326339,,,,,,,,,,,,,,
2001-11-26,26.250,18.9823399059,,,,,,,,,,,,,,
2001-11-27,27.000,19.5246924747,,,,,,,,,,,,,,
2001-11-28,26.950,19.4885356368,,,,,,,,,,,,,,
2001-11-29,27.170,19.6476257236,,,,,,,,,,,,,,
2001-11-30,27.270,19.7199393994,,,,,,,,,,,,,,
2001-12-03,27.510,19.8934922214,,,,,,,,,,,,,,
2001-12-04,28.150,20.3562997467,,,,,,,,,,,,,,
2001-12-05,29.930,21.6434831766,,,,,,,,,,,,,,
2001-12-06,29.760,21.5205499276,,,,,,,,,,,,,,
2001-12-07,30.150,21.8025732634,,,,,,,,,,,,,,
2001-12-10,29.950,21.6579459117,,,,,,,,,,,,,,
2001-12-11,29.290,21.1806756512,,,,,,,,,,,,,,
2001-12-12,30.710,22.2075298480,,,,,,,,,,,,,,
2001-12-13,28.520,20.6238603473,,,,,,,,,,,,,,
2001-12-14,28.830,20.8480327424,,,,,,,,,,,,,,
2001-12-17,28.910,20.9058836831,,,,,,,,,,,,,,
2001-12-18,28.820,20.8408013748,,,,,,,,,,,,,,
2001-12-19,28.550,20.6455544501,,,,,,,,,,,,,,
2001-12-20,27.700,20.0308882055,,,,,,,,,,,,,,
2001-12-21,27.950,20.2116723951,,,,,,,,,,,,,,
2001-12-24,28.510,20.6166289797,,,,,,,,,,,,,,
2001-12-26,28.100,20.3201429088,,,,,,,,,,,,,,
2001-12-27,28.840,20.8552641100,,,,,,,,,,,,,,
2001-12-28,28.950,20.9348091534,,,,,,,,,,,,,,
2001-12-31,28.510,20.6166289797,,,,,,,,,,,,,,
2002-01-02,29.250,21.1517501809,,,,,,,,,,,,,,
2002-01-03,31.100,22.4895531838,,,,,,,,,,,,,,
2002-01-04,32.780,23.7044229378,,,,,,,,,,,,,,
2002-01-07,32.650,23.6104151592,,,,,,,,,,,,,,
2002-01-08,32.750,23.6827288350,,,,,,,,,,,,,,
2002-01-09,31.970,23.1186821635,,,,,,,,,,,,,,
2002-01-10,31.720,22.9378979740,,,,,,,,,,,,,,
2002-01-11,31.040,22.4461649783,,,,,,,,,,,,,,
2002-01-14,30.420,21.9978201881,,,,,,,,,,,,,,
2002-01-15,30.450,22.0195142909,,,,,,,,,,,,,,
2002-01-16,28.860,20.8697268452,,,,,,,,,,,,,,
2002-01-17,29.370,21.2385265919,,,,,,,,,,,,,,
2002-01-18,28.480,20.5949348770,,,,,,,,,,,,,,
2002-01-22,27.160,19.6403943560,,,,,,,,,,,,,,
2002-01-23,28.000,20.2478292330,,,,,,,,,,,,,,
2002-01-24,28.790,20.8191072721,,,,,,,,,,,,,,
2002-01-25,29.060,21.0143541968,,,,,,,,,,,,,,
2002-01-28,29.630,21.4265421491,,,,,,,,,,,,,,
2002-01-29,29.250,21.1517501809,,,,,,,,,,,,,,
2002-01-30,29.440,21.2891461650,,,,,,,,,,,,,,
2002-01-31,30.350,21.9472006151,,,,,,,,,,,,,,
2002-02-01,29.610,21.4120794139,,,,,,,,,,,,,,
2002-02-04,28.580,20.6672485528,,,,,,,,,,,,,,
2002-02-05,27.160,19.6403943560,,,,,,,,,,,,,,
2002-02-06,26.980,19.5102297395,,,,,,,,,,,,,,
2002-02-07,26.390,19.0835790521,,,,,,,,,,,,,,
2002-02-08,25.980,18.7870929812,,,,,,,,,,,,,,
2002-02-11,26.740,19.3366769175,,,,,,,,,,,,,,
2002-02-12,26.160,18.9172575977,,,,,,,,,,,,,,
2002-02-13,26.860,19.4234533285,,,,,,,,,,,,,,
2002-02-14,27.300,19.7416335022,,,,,,,,,,,,,,
2002-02-15,27.500,19.8862608538,,,,,,,,,,,,,,
2002-02-19,26.050,18.8377125543,,,,,,,,,,,,,,
2002-02-20,28.860,20.8697268452,,,,,,,,,,,,,,
2002-02-21,28.160,20.3635311143,,,,,,,,,,,,,,
2002-02-22,28.260,20.4358447902,,,,,,,,,,,,,,
2002-02-25,29.000,20.9709659913,,,,,,,,,,,,,,
2002-02-26,29.710,21.4843930897,,,,,,,,,,,,,,
2002-02-27,30.640,22.1569102750,,,,,,,,,,,,,,
2002-02-28,31.150,22.5257100217,,,,,,,,,,,,,,
2002-03-01,32.990,23.8562816570,,,,,,,,,,,,,,
2002-03-04,34.960,25.2808610709,,,,,,,,,,,,,,
2002-03-05,34.900,25.2374728654,,,,,,,,,,,,,,
2002-03-06,34.420,24.8903672214,,,,,,,,,,,,,,
2002-03-07,34.800,25.1651591896,,,,,,,,,,,,,,
2002-03-08,36.090,26.0980056078,,,,,,,,,,,,,,
2002-03-11,36.210,26.1847820188,,,,,,,,,,,,,,
2002-03-12,36.010,26.0401546671,,,,,,,,,,,,,,
2002-03-13,35.690,25.8087509045,,,,,,,,,,,,,,
2002-03-14,35.660,25.7870568017,,,,,,,,,,,,,,
2002-03-15,37.310,26.9802324530,,,,,,,,,,,,,,
2002-03-18,37.060,26.7994482634,,,,,,,,,,,,,,
2002-03-19,36.600,26.4668053546,,,,,,,,,,,,,,
2002-03-20,34.360,24.8469790159,,,,,,,,,,,,,,
2002-03-21,35.320,25.5411903039,,,,,,,,,,,,,,
2002-03-22,34.370,24.8542103835,,,,,,,,,,,,,,
2002-03-25,33.390,24.1455363603,,,,,,,,,,,,,,
2002-03-26,33.520,24.2395441389,,,,,,,,,,,,,,
2002-03-27,33.250,24.0442972142,,,,,,,,,,,,,,
2002-03-28,34.960,25.2808610709,,,,,,,,,,,,,,
2002-04-01,36.530,26.4161857815,,,,,,,,,,,,,,
2002-04-02,35.700,25.8159822721,,,,,,,,,,,,,,
2002-04-03,35.050,25.3459433792,,,,,,,,,,,,,,
2002-04-04,34.140,24.6878889291,,,,,,,,,,,,,,
2002-04-05,33.890,24.5071047395,,,,,,,,,,,,,,
2002-04-08,34.200,24.7312771346,,,,,,,,,,,,,,
2002-04-09,32.800,23.7188856729,,,,,,,,,,,,,,
2002-04-10,33.180,23.9936776411,,,,,,,,,,,,,,
2002-04-11,32.150,23.2488467800,,,,,,,,,,,,,,
2002-04-12,32.350,23.3934741317,,,,,,,,,,,,,,
2002-04-15,32.440,23.4585564399,,,,,,,,,,,,,,
2002-04-16,33.900,24.5143361071,,,,,,,,,,,,,,
2002-04-17,34.970,25.2880924385,,,,,,,,,,,,,,
2002-04-18,34.600,25.0205318379,,,,,,,,,,,,,,
2002-04-19,35.000,25.3097865412,,,,,,,,,,,,,,
2002-04-22,33.750,24.4058655933,,,,,,,,,,,,,,
2002-04-23,32.310,23.3645486614,,,,,,,,,,,,,,
2002-04-24,31.130,22.5112472865,,,,,,,,,,,,,,
2002-04-25,30.950,22.3810826700,,,,,,,,,,,,,,
2002-04-26,29.960,21.6651772793,,,,,,,,,,,,,,
2002-04-29,29.650,21.4410048842,,,,,,,,,,,,,,
2002-04-30,30.050,21.7302595876,,,,,,,,,,,,,,
2002-05-01,30.440,22.0122829233,,,,,,,,,,,,,,
2002-05-02,29.100,21.0432796671,,,,,,,,,,,,,,
2002-05-03,28.510,20.6166289797,,,,,,,,,,,,,,
2002-05-06,27.850,20.1393587192,,,,,,,,,,,,,,
2002-05-07,27.810,20.1104332489,,,,,,,,,,,,,,
2002-05-08,30.040,21.7230282200,,,,,,,,,,,,,,
2002-05-09,28.740,20.7829504342,,,,,,,,,,,,,,
2002-05-10,27.950,20.2116723951,,,,,,,,,,,,,,
2002-05-13,28.460,20.5804721418,,,,,,,,,,,,,,
2002-05-14,31.050,22.4533963459,,,,,,,,,,,,,,
2002-05-15,29.750,21.5133185601,,,,,,,,,,,,,,
2002-05-16,29.600,21.4048480463,,,,,,,,,,,,,,
2002-05-17,30.010,21.7013341172,,,,,,,,,,,,,,
2002-05-20,29.400,21.2602206946,,,,,,,,,,,,,,
2002-05-21,28.540,20.6383230825,,,,,,,,,,,,,,
2002-05-22,28.110,20.3273742764,,,,,,,,,,,,,,
2002-05-23,27.830,20.1248959841,,,,,,,,,,,,,,
2002-05-24,27.300,19.7416335022,,,,,,,,,,,,,,
2002-05-28,27.140,19.6259316208,,,,,,,,,,,,,,
2002-05-29,26.700,19.3077514472,,,,,,,,,,,,,,
2002-05-30,26.130,18.8955634949,,,,,,,,,,,,,,
2002-05-31,26.370,19.0691163169,,,,,,,,,,,,,,
2002-06-03,25.530,18.4616814399,,,,,,,,,,,,,,
2002-06-04,25.490,18.4327559696,,,,,,,,,,,,,,
2002-06-05,25.100,18.1507326339,,,,,,,,,,,,,,
2002-06-06,24.630,17.8108583575,,,,,,,,,,,,,,
2002-06-07,23.700,17.1383411722,,,,,,,,,,,,,,
2002-06-10,24.730,17.8831720333,,,,,,,,,,,,,,
2002-06-11,25.260,18.2664345152,,,,,,,,,,,,,,
2002-06-12,24.670,17.8397838278,,,,,,,,,,,,,,
2002-06-13,24.000,17.3552821997,,,,,,,,,,,,,,
2002-06-14,23.500,16.9937138205,,,,,,,,,,,,,,
2002-06-17,25.210,18.2302776773,,,,,,,,,,,,,,
2002-06-18,25.270,18.2736658828,,,,,,,,,,,,,,
2002-06-19,24.300,17.5722232272,,,,,,,,,,,,,,
2002-06-20,24.000,17.3552821997,,,,,,,,,,,,,,
2002-06-21,23.960,17.3263567294,,,,,,,,,,,,,,
2002-06-24,24.160,17.4709840810,,,,,,,,,,,,,,
2002-06-25,23.550,17.0298706585,,,,,,,,,,,,,,
2002-06-26,23.200,16.7767727931,,,,,,,,,,,,,,
2002-06-27,24.230,17.5216036541,,,,,,,,,,,,,,
2002-06-28,23.650,17.1021843343,,,,,,,,,,,,,,
2002-07-01,23.130,16.7261532200,,,,,,,,,,,,,,
2002-07-02,21.950,15.8728518452,,,,,,,,,,,,,,
2002-07-03,23.000,16.6321454414,,,,,,,,,,,,,,
2002-07-05,23.950,17.3191253618,,,,,,,,,,,,,,
2002-07-08,23.000,16.6321454414,,,,,,,,,,,,,,
2002-07-09,22.650,16.3790475760,,,,,,,,,,,,,,
2002-07-10,22.090,15.9740909913,,,,,,,,,,,,,,
2002-07-11,23.550,17.0298706585,,,,,,,,,,,,,,
2002-07-12,23.870,17.2612744211,,,,,,,,,,,,,,
2002-07-15,23.570,17.0443333936,,,,,,,,,,,,,,
2002-07-16,23.290,16.8418551013,,,,,,,,,,,,,,
2002-07-17,22.720,16.4296671491,,,,,,,,,,,,,,
2002-07-18,21.730,15.7137617583,,,,,,,,,,,,,,
2002-07-19,20.750,15.0050877352,,,,,,,,,,,,,,
2002-07-22,19.990,14.4555037988,,,,,,,,,,,,,,
2002-07-23,19.740,14.2747196093,,,,,,,,,,,,,,
2002-07-24,18.940,13.6962102026,,,,,,,,,,,,,,
2002-07-25,16.790,12.1414661722,,,,,,,,,,,,,,
2002-07-26,17.310,12.5174972865,,,,,,,,,,,,,,
2002-07-29,18.320,13.2478654124,,,,,,,,,,,,,,
2002-07-30,18.530,13.3997241317,,,,,,,,,,,,,,
2002-07-31,18.880,13.6528219971,,,,,,,,,,,,,,
2002-08-01,17.760,12.8429088278,,,,,,,,,,,,,,
2002-08-02,16.840,12.1776230101,,,,,,,,,,,,,,
2002-08-05,15.680,11.3387843705,,,,,,,,,,,,,,
2002-08-06,16.270,11.7654350579,,,,,,,,,,,,,,
2002-08-07,16.870,12.1993171129,,,,,,,,,,,,,,
2002-08-08,17.200,12.4379522431,,,,,,,,,,,,,,
2002-08-09,16.720,12.0908465991,,,,,,,,,,,,,,
2002-08-12,16.460,11.9028310420,,,,,,,,,,,,,,
2002-08-13,15.890,11.4906430897,,,,,,,,,,,,,,
2002-08-14,16.040,11.5991136035,,,,,,,,,,,,,,
2002-08-15,16.030,11.5918822359,,,,,,,,,,,,,,
2002-08-16,15.960,11.5412626628,,,,,,,,,,,,,,
2002-08-19,17.440,12.6115050651,,,,,,,,,,,,,,
2002-08-20,16.200,11.7148154848,,,,,,,,,,,,,,
2002-08-21,17.050,12.3294817294,,,,,,,,,,,,,,
2002-08-22,17.020,12.3077876266,,,,,,,,,,,,,,
2002-08-23,16.020,11.5846508683,,,,,,,,,,,,,,
2002-08-26,16.200,11.7148154848,,,,,,,,,,,,,,
2002-08-27,15.310,11.0712237699,,,,,,,,,,,,,,
2002-08-28,14.850,10.7385808611,,,,,,,,,,,,,,
2002-08-29,14.200,10.2685419682,,,,,,,,,,,,,,
2002-08-30,13.430,9.7117266643,,,,,,,,,,,,,,
2002-09-03,12.850,9.2923073444,,,,,,,,,,,,,,
2002-09-04,13.500,9.7623462373,,,,,,,,,,,,,,
2002-09-05,13.720,9.9214363242,,,,,,,,,,,,,,
2002-09-06,14.150,10.2323851302,,,,,,,,,,,,,,
2002-09-09,14.730,10.6518044501,,,,,,,,,,,,,,
2002-09-10,15.270,11.0422982996,,,,,,,,,,,,,,
2002-09-11,15.430,11.1580001809,,,,,,,,,,,,,,
2002-09-12,15.270,11.0422982996,,,,,,,,,,,,,,
2002-09-13,14.980,10.8325886397,,,,,,,,,,,,,,
2002-09-16,14.590,10.5505653039,,,,,,,,,,,,,,
2002-09-17,14.760,10.6734985528,,,,,,,,,,,,,,
2002-09-18,14.750,10.6662671852,,,,,,,,,,,,,,
2002-09-19,14.070,10.1745341896,,,,,,,,,,,,,,
2002-09-20,13.970,10.1022205137,,,,,,,,,,,,,,
2002-09-23,13.350,9.6538757236,,,,,,,,,,,,,,
2002-09-24,13.200,9.5454052098,,,,,,,,,,,,,,
2002-09-25,14.070,10.1745341896,,,,,,,,,,,,,,
2002-09-26,13.780,9.9648245297,,,,,,,,,,,,,,
2002-09-27,13.090,9.4658601664,,,,,,,,,,,,,,
2002-09-30,13.060,9.4441660637,,,,,,,,,,,,,,
2002-10-01,13.050,9.4369346961,,,,,,,,,,,,,,
2002-10-02,12.500,9.0392094790,,,,,,,,,,,,,,
2002-10-03,12.300,8.8945821274,,,,,,,,,,,,,,
2002-10-04,11.800,8.5330137482,,,,,,,,,,,,,,
2002-10-07,11.520,8.3305354559,,,,,,,,,,,,,,
2002-10-08,12.230,8.8439625543,,,,,,,,,,,,,,
2002-10-09,10.900,7.8821906657,,,,,,,,,,,,,,
2002-10-10,10.850,7.8460338278,,,,,,,,,,,,,,
2002-10-11,10.900,7.8821906657,,,,,,,,,,,,,,
2002-10-14,11.010,7.9617357091,,,,,,,,,,,,,,
2002-10-15,11.870,8.5836333213,,,,,,,,,,,,,,
2002-10-16,11.250,8.1352885311,,,,,,,,,,,,,,
2002-10-17,12.100,8.7499547757,,,,,,,,,,,,,,
2002-10-18,12.100,8.7499547757,,,,,,,,,,,,,,
2002-10-21,12.530,9.0609035818,,,,,,,,,,,,,,
2002-10-22,12.300,8.8945821274,,,,,,,,,,,,,,
2002-10-23,12.000,8.6776410999,,,,,,,,,,,,,,
2002-10-24,13.050,9.4369346961,,,,,,,,,,,,,,
2002-10-25,12.940,9.3573896527,,,,,,,,,,,,,,
2002-10-28,13.520,9.7768089725,,,,,,,,,,,,,,
2002-10-29,12.720,9.1982995658,,,,,,,,,,,,,,
2002-10-30,13.870,10.0299068379,,,,,,,,,,,,,,
2002-10-31,13.750,9.9431304269,,,,,,,,,,,,,,
2002-11-01,14.580,10.5433339363,,,,,,,,,,,,,,
2002-11-04,15.030,10.8687454776,,,,,,,,,,,,,,
2002-11-05,15.070,10.8976709479,,,,,,,,,,,,,,
2002-11-06,14.960,10.8181259045,,,,,,,,,,,,,,
2002-11-07,14.210,10.2757733357,,,,,,,,,,,,,,
2002-11-08,14.050,10.1600714544,,,,,,,,,,,,,,
2002-11-11,13.540,9.7912717077,,,,,,,,,,,,,,
2002-11-12,13.800,9.9792872648,,,,,,,,,,,,,,
2002-11-13,13.400,9.6900325615,,,,,,,,,,,,,,
2002-11-14,13.980,10.1094518813,,,,,,,,,,,,,,
2002-11-15,13.800,9.9792872648,,,,,,,,,,,,,,
2002-11-18,13.600,9.8346599132,,,,,,,,,,,,,,
2002-11-19,16.600,12.0040701881,,,,,,,,,,,,,,
2002-11-20,17.010,12.3005562590,,,,,,,,,,,,,,
2002-11-21,18.240,13.1900144718,,,,,,,,,,,,,,
2002-11-22,18.250,13.1972458394,,,,,,,,,,,,,,
2002-11-25,19.530,14.1228608900,,,,,,,,,,,,,,
2002-11-26,18.760,13.5660455861,,,,,,,,,,,,,,
2002-11-27,19.580,14.1590177279,,,,,,,,,,,,,,
2002-11-29,19.410,14.0360844790,,,,,,,,,,,,,,
2002-12-02,19.300,13.9565394356,,,,,,,,,,,,,,
2002-12-03,18.060,13.0598498553,,,,,,,,,,,,,,
2002-12-04,17.110,12.3728699349,,,,,,,,,,,,,,
2002-12-05,16.950,12.2571680535,,,,,,,,,,,,,,
2002-12-06,16.790,12.1414661722,,,,,,,,,,,,,,
2002-12-09,16.400,11.8594428365,,,,,,,,,,,,,,
2002-12-10,17.160,12.4090267728,,,,,,,,,,,,,,
2002-12-11,17.320,12.5247286541,,,,,,,,,,,,,,
2002-12-12,17.180,12.4234895080,,,,,,,,,,,,,,
2002-12-13,17.200,12.4379522431,,,,,,,,,,,,,,
2002-12-16,17.620,12.7416696816,,,,,,,,,,,,,,
2002-12-17,17.400,12.5825795948,,,,,,,,,,,,,,
2002-12-18,16.850,12.1848543777,,,,,,,,,,,,,,
2002-12-19,16.760,12.1197720695,,,,,,,,,,,,,,
2002-12-20,18.000,13.0164616498,,,,,,,,,,,,,,
2002-12-23,18.540,13.4069554993,,,,,,,,,,,,,,
2002-12-24,18.230,13.1827831042,,,,,,,,,,,,,,
2002-12-26,18.300,13.2334026773,,,,,,,,,,,,,,
2002-12-27,18.200,13.1610890014,,,,,,,,,,,,,,
2002-12-30,18.010,13.0236930174,,,,,,,,,,,,,,
2002-12-31,17.960,12.9875361795,,,,,,,,,,,,,,
2003-01-02,19.140,13.8408375543,,,,,,,,,,,,,,
2003-01-03,19.050,13.7757552460,,,,,,,,,,,,,,
2003-01-06,19.960,14.4338096961,,,,,,,,,,,,,,
2003-01-07,19.780,14.3036450796,,,,,,,,,,,,,,
2003-01-08,18.820,13.6094337916,,,,,,,,,,,,,,
2003-01-09,19.570,14.1517863603,,,,,,,,,,,,,,
2003-01-10,19.900,14.3904214906,,,,,,,,,,,,,,
2003-01-13,19.620,14.1879431983,,,,,,,,,,,,,,
2003-01-14,19.910,14.3976528582,,,,,,,,,,,,,,
2003-01-15,18.880,13.6528219971,,,,,,,,,,,,,,
2003-01-16,18.680,13.5081946454,,,,,,,,,,,,,,
2003-01-17,18.050,13.0526184877,,,,,,,,,,,,,,
2003-01-21,17.690,12.7922892547,,,,,,,,,,,,,,
2003-01-22,17.420,12.5970423300,,,,,,,,,,,,,,
2003-01-23,17.370,12.5608854920,,,,,,,,,,,,,,
2003-01-24,16.700,12.0763838640,,,,,,,,,,,,,,
2003-01-27,16.230,11.7365095876,,,,,,,,,,,,,,
2003-01-28,16.560,11.9751447178,,,,,,,,,,,,,,
2003-01-29,16.800,12.1486975398,,,,,,,,,,,,,,
2003-01-30,16.140,11.6714272793,,,,,,,,,,,,,,
2003-01-31,16.480,11.9172937771,,,,,,,,,,,,,,
2003-02-03,16.490,11.9245251447,,,,,,,,,,,,,,
2003-02-04,16.300,11.7871291606,,,,,,,,,,,,,,
2003-02-05,16.320,11.8015918958,,,,,,,,,,,,,,
2003-02-06,12.260,8.8656566570,,,,,,,,,,,,,,
2003-02-07,11.450,8.2799158828,,,,,,,,,,,,,,
2003-02-10,11.730,8.4823941751,,,,,,,,,,,,,,
2003-02-11,12.050,8.7137979378,,,,,,,,,,,,,,
2003-02-12,12.430,8.9885899059,,,,,,,,,,,,,,
2003-02-13,12.450,9.0030526411,,,,,,,,,,,,,,
2003-02-14,12.490,9.0319781114,,,,,,,,,,,,,,
2003-02-18,12.700,9.1838368307,,,,,,,,,,,,,,
2003-02-19,12.530,9.0609035818,,,,,,,,,,,,,,
2003-02-20,12.600,9.1115231548,,,,,,,,,,,,,,
2003-02-21,13.450,9.7261893994,,,,,,,,,,,,,,
2003-02-24,12.990,9.3935464906,,,,,,,,,,,,,,
2003-02-25,13.180,9.5309424747,,,,,,,,,,,,,,
2003-02-26,12.800,9.2561505065,,,,,,,,,,,,,,
2003-02-27,13.100,9.4730915340,,,,,,,,,,,,,,
2003-02-28,13.200,9.5454052098,,,,,,,,,,,,,,
2003-03-03,13.020,9.4152405933,,,,,,,,,,,,,,
2003-03-04,12.850,9.2923073444,,,,,,,,,,,,,,
2003-03-05,13.030,9.4224719609,,,,,,,,,,,,,,
2003-03-06,13.060,9.4441660637,,,,,,,,,,,,,,
2003-03-07,13.390,9.6828011939,,,,,,,,,,,,,,
2003-03-10,12.930,9.3501582851,,,,,,,,,,,,,,
2003-03-11,12.560,9.0825976845,,,,,,,,,,,,,,
2003-03-12,12.410,8.9741271708,,,,,,,,,,,,,,
2003-03-13,13.030,9.4224719609,,,,,,,,,,,,,,
2003-03-14,13.390,9.6828011939,,,,,,,,,,,,,,
2003-03-17,14.060,10.1673028220,,,,,,,,,,,,,,
2003-03-18,14.800,10.7024240232,,,,,,,,,,,,,,
2003-03-19,14.660,10.6011848770,,,,,,,,,,,,,,
2003-03-20,14.830,10.7241181259,,,,,,,,,,,,,,
2003-03-21,14.800,10.7024240232,,,,,,,,,,,,,,
2003-03-24,14.260,10.3119301737,,,,,,,,,,,,,,
2003-03-25,14.200,10.2685419682,,,,,,,,,,,,,,
2003-03-26,14.040,10.1528400868,,,,,,,,,,,,,,
2003-03-27,14.140,10.2251537627,,,,,,,,,,,,,,
2003-03-28,13.920,10.0660636758,,,,,,,,,,,,,,
2003-03-31,13.150,9.5092483719,,,,,,,,,,,,,,
2003-04-01,13.500,9.7623462373,,,,,,,,,,,,,,
2003-04-02,14.360,10.3842438495,,,,,,,,,,,,,,
2003-04-03,14.400,10.4131693198,,,,,,,,,,,,,,
2003-04-04,14.360,10.3842438495,,,,,,,,,,,,,,
2003-04-07,14.280,10.3263929088,,,,,,,,,,,,,,
2003-04-08,14.320,10.3553183792,,,,,,,,,,,,,,
2003-04-09,13.730,9.9286676918,,,,,,,,,,,,,,
2003-04-10,14.080,10.1817655572,,,,,,,,,,,,,,
2003-04-11,13.990,10.1166832489,,,,,,,,,,,,,,
2003-04-14,14.100,10.1962282923,,,,,,,,,,,,,,
2003-04-15,14.180,10.2540792330,,,,,,,,,,,,,,
2003-04-16,14.600,10.5577966715,,,,,,,,,,,,,,
2003-04-17,14.940,10.8036631693,,,,,,,,,,,,,,
2003-04-21,15.280,11.0495296671,,,,,,,,,,,,,,
2003-04-22,15.520,11.2230824891,,,,,,,,,,,,,,
2003-04-23,16.230,11.7365095876,,,,,,,,,,,,,,
2003-04-24,15.900,11.4978744573,,,,,,,,,,,,,,
2003-04-25,15.620,11.2953961650,,,,,,,,,,,,,,
2003-04-28,16.010,11.5774195007,,,,,,,,,,,,,,
2003-04-29,16.110,11.6497331766,,,,,,,,,,,,,,
2003-04-30,16.020,11.5846508683,,,,,,,,,,,,,,
2003-05-01,16.190,11.7075841172,,,,,,,,,,,,,,
2003-05-02,16.250,11.7509723227,,,,,,,,,,,,,,
2003-05-05,16.000,11.5701881331,,,,,,,,,,,,,,
2003-05-06,16.070,11.6208077062,,,,,,,,,,,,,,
2003-05-07,15.990,11.5629567656,,,,,,,,,,,,,,
2003-05-08,16.020,11.5846508683,,,,,,,,,,,,,,
2003-05-09,16.330,11.8088232634,,,,,,,,,,,,,,
2003-05-12,16.300,11.7871291606,,,,,,,,,,,,,,
2003-05-13,16.240,11.7437409551,,,,,,,,,,,,,,
2003-05-14,16.290,11.7798977931,,,,,,,,,,,,,,
2003-05-15,16.710,12.0836152315,,,,,,,,,,,,,,
2003-05-16,16.510,11.9389878799,,,,,,,,,,,,,,
2003-05-19,15.510,11.2158511216,,,,,,,,,,,,,,
2003-05-20,16.040,11.5991136035,,,,,,,,,,,,,,
2003-05-21,15.850,11.4617176194,,,,,,,,,,,,,,
2003-05-22,16.160,11.6858900145,,,,,,,,,,,,,,
2003-05-23,16.260,11.7582036903,,,,,,,,,,,,,,
2003-05-27,17.150,12.4017954052,,,,,,,,,,,,,,
2003-05-28,17.650,12.7633637844,,,,,,,,,,,,,,
2003-05-29,17.640,12.7561324168,,,,,,,,,,,,,,
2003-05-30,18.130,13.1104694284,,,,,,,,,,,,,,
2003-06-02,18.730,13.5443514834,,,,,,,,,,,,,,
2003-06-03,19.050,13.7757552460,,,,,,,,,,,,,,
2003-06-04,19.910,14.3976528582,,,,,,,,,,,,,,
2003-06-05,19.650,14.2096373010,,,,,,,,,,,,,,
2003-06-06,19.310,13.9637708032,,,,,,,,,,,,,,
2003-06-09,18.790,13.5877396889,,,,,,,,,,,,,,
2003-06-10,18.800,13.5949710564,,,,,,,,,,,,,,
2003-06-11,18.890,13.6600533647,,,,,,,,,,,,,,
2003-06-12,18.840,13.6238965268,,,,,,,,,,,,,,
2003-06-13,18.920,13.6817474674,,,,,,,,,,,,,,
2003-06-16,19.240,13.9131512301,,,,,,,,,,,,,,
2003-06-17,19.240,13.9131512301,,,,,,,,,,,,,,
2003-06-18,19.560,14.1445549928,,,,,,,,,,,,,,
2003-06-19,19.260,13.9276139653,,,,,,,,,,,,,,
2003-06-20,19.060,13.7829866136,,,,,,,,,,,,,,
2003-06-23,18.890,13.6600533647,,,,,,,,,,,,,,
2003-06-24,18.750,13.5588142185,,,,,,,,,,,,,,
2003-06-25,18.920,13.6817474674,,,,,,,,,,,,,,
2003-06-26,19.350,13.9926962735,,,,,,,,,,,,,,
2003-06-27,19.550,14.1373236252,,,,,,,,,,,,,,
2003-06-30,19.550,14.1373236252,,,,,,,,,,,,,,
2003-07-01,19.910,14.3976528582,,,,,,,,,,,,,,
2003-07-02,20.300,14.6796761939,,,,,,,,,,,,,,
2003-07-03,19.990,14.4555037988,,,,,,,,,,,,,,
2003-07-07,21.290,15.3955815847,,,,,,,,,,,,,,
2003-07-08,21.680,15.6776049204,,,,,,,,,,,,,,
2003-07-09,21.770,15.7426872287,,,,,,,,,,,,,,
2003-07-10,21.060,15.2292601302,,,,,,,,,,,,,,
2003-07-11,21.700,15.6920676556,,,,,,,,,,,,,,
2003-07-14,22.150,16.0174791968,,,,,,,,,,,,,,
2003-07-15,22.230,16.0753301375,,,,,,,,,,,,,,
2003-07-16,21.940,15.8656204776,,,,,,,,,,,,,,
2003-07-17,21.100,15.2581856006,,,,,,,,,,,,,,
2003-07-18,21.240,15.3594247467,,,,,,,,,,,,,,
2003-07-21,20.510,14.8315349132,,,,,,,,,,,,,,
2003-07-22,21.480,15.5329775687,,,,,,,,,,,,,,
2003-07-23,21.650,15.6559108177,,,,,,,,,,,,,,
2003-07-24,21.620,15.6342167149,,,,,,,,,,,,,,
2003-07-25,21.730,15.7137617583,,,,,,,,,,,,,,
2003-07-28,21.970,15.8873145803,,,,,,,,,,,,,,
2003-07-29,21.940,15.8656204776,,,,,,,,,,,,,,
2003-07-30,21.550,15.5835971418,,,,,,,,,,,,,,
2003-07-31,21.730,15.7137617583,,,,,,,,,,,,,,
2003-08-01,21.550,15.5835971418,,,,,,,,,,,,,,
2003-08-04,21.560,15.5908285094,,,,,,,,,,,,,,
2003-08-05,20.830,15.0629386758,,,,,,,,,,,,,,
2003-08-06,20.580,14.8821544863,,,,,,,,,,,,,,
2003-08-07,20.670,14.9472367945,,,,,,,,,,,,,,
2003-08-08,20.690,14.9616995297,,,,,,,,,,,,,,
2003-08-11,21.020,15.2003346599,,,,,,,,,,,,,,
2003-08-12,21.250,15.3666561143,,,,,,,,,,,,,,
2003-08-13,21.490,15.5402089363,,,,,,,,,,,,,,
2003-08-14,21.760,15.7354558611,,,,,,,,,,,,,,
2003-08-15,21.780,15.7499185962,,,,,,,,,,,,,,
2003-08-18,22.460,16.2416515919,,,,,,,,,,,,,,
2003-08-19,24.290,17.5649918596,,,,,,,,,,,,,,
2003-08-20,24.380,17.6300741679,,,,,,,,,,,,,,
2003-08-21,24.890,17.9988739146,,,,,,,,,,,,,,
2003-08-22,24.310,17.5794545948,,,,,,,,,,,,,,
2003-08-25,24.110,17.4348272431,,,,,,,,,,,,,,
2003-08-26,24.000,17.3552821997,,,,,,,,,,,,,,
2003-08-27,24.500,17.7168505789,,,,,,,,,,,,,,
2003-08-28,24.290,17.5649918596,,,,,,,,,,,,,,
2003-08-29,24.320,17.5866859624,,,,,,,,,,,,,,
2003-09-02,24.670,17.8397838278,,,,,,,,,,,,,,
2003-09-03,24.500,17.7168505789,,,,,,,,,,,,,,
2003-09-04,25.150,18.1868894718,,,,,,,,,,,,,,
2003-09-05,25.500,18.4399873372,,,,,,,,,,,,,,
2003-09-08,26.430,19.1125045224,,,,,,,,,,,,,,
2003-09-09,25.880,18.7147793054,,,,,,,,,,,,,,
2003-09-10,24.490,17.7096192113,,,,,,,,,,,,,,
2003-09-11,25.040,18.1073444284,,,,,,,,,,,,,,
2003-09-12,24.970,18.0567248553,,,,,,,,,,,,,,
2003-09-15,24.500,17.7168505789,,,,,,,,,,,,,,
2003-09-16,24.670,17.8397838278,,,,,,,,,,,,,,
2003-09-17,24.600,17.7891642547,,,,,,,,,,,,,,
2003-09-18,24.560,17.7602387844,,,,,,,,,,,,,,
2003-09-19,25.040,18.1073444284,,,,,,,,,,,,,,
2003-09-22,24.430,17.6662310058,,,,,,,,,,,,,,
2003-09-23,24.650,17.8253210926,,,,,,,,,,,,,,
2003-09-24,23.070,16.6827650145,,,,,,,,,,,,,,
2003-09-25,22.820,16.5019808249,,,,,,,,,,,,,,
2003-09-26,22.380,16.1838006512,,,,,,,,,,,,,,
2003-09-29,22.660,16.3862789436,,,,,,,,,,,,,,
2003-09-30,22.110,15.9885537265,,,,,,,,,,,,,,
2003-10-01,22.250,16.0897928726,,,,,,,,,,,,,,
2003-10-02,21.990,15.9017773155,,,,,,,,,,,,,,
2003-10-03,23.000,16.6321454414,,,,,,,,,,,,,,
2003-10-06,23.030,16.6538395441,,,,,,,,,,,,,,
2003-10-07,23.430,16.9430942475,,,,,,,,,,,,,,
2003-10-08,23.410,16.9286315123,,,,,,,,,,,,,,
2003-10-09,23.630,17.0877215991,,,,,,,,,,,,,,
2003-10-10,23.700,17.1383411722,,,,,,,,,,,,,,
2003-10-13,23.880,17.2685057887,,,,,,,,,,,,,,
2003-10-14,24.070,17.4059017728,,,,,,,,,,,,,,
2003-10-15,24.240,17.5288350217,,,,,,,,,,,,,,
2003-10-16,24.320,17.5866859624,,,,,,,,,,,,,,
2003-10-17,23.980,17.3408194645,,,,,,,,,,,,,,
2003-10-20,23.830,17.2323489508,,,,,,,,,,,,,,
2003-10-21,24.020,17.3697449349,,,,,,,,,,,,,,
2003-10-22,23.480,16.9792510854,,,,,,,,,,,,,,
2003-10-23,22.970,16.6104513386,,,,,,,,,,,,,,
2003-10-24,23.070,16.6827650145,,,,,,,,,,,,,,
2003-10-27,22.870,16.5381376628,,,,,,,,,,,,,,
2003-10-28,24.000,17.3552821997,,,,,,,,,,,,,,
2003-10-29,24.090,17.4203645080,,,,,,,,,,,,,,
2003-10-30,24.810,17.9410229740,,,,,,,,,,,,,,
2003-10-31,24.920,18.0205680174,,,,,,,,,,,,,,
2003-11-03,25.290,18.2881286179,,,,,,,,,,,,,,
2003-11-04,25.400,18.3676736614,,,,,,,,,,,,,,
2003-11-05,25.600,18.5123010130,,,,,,,,,,,,,,
2003-11-06,26.270,18.9968026411,,,,,,,,,,,,,,
2003-11-07,26.820,19.3945278582,,,,,,,,,,,,,,
2003-11-10,25.870,18.7075479378,,,,,,,,,,,,,,
2003-11-11,25.970,18.7798616136,,,,,,,,,,,,,,
2003-11-12,26.870,19.4306846961,,,,,,,,,,,,,,
2003-11-13,26.500,19.1631240955,,,,,,,,,,,,,,
2003-11-14,26.610,19.2426691389,,,,,,,,,,,,,,
2003-11-17,26.750,19.3439082851,,,,,,,,,,,,,,
2003-11-18,27.770,20.0815077786,,,,,,,,,,,,,,
2003-11-19,27.700,20.0308882055,,,,,,,,,,,,,,
2003-11-20,27.240,19.6982452967,,,,,,,,,,,,,,
2003-11-21,27.190,19.6620884588,,,,,,,,,,,,,,
2003-11-24,27.700,20.0308882055,,,,,,,,,,,,,,
2003-11-25,27.780,20.0887391462,,,,,,,,,,,,,,
2003-11-26,28.030,20.2695233357,,,,,,,,,,,,,,
2003-11-28,28.280,20.4503075253,,,,,,,,,,,,,,
2003-12-01,28.280,20.4503075253,,,,,,,,,,,,,,
2003-12-02,27.800,20.1032018813,,,,,,,,,,,,,,
2003-12-03,28.300,20.4647702605,,,,,,,,,,,,,,
2003-12-04,27.990,20.2405978654,,,,,,,,,,,,,,
2003-12-05,26.920,19.4668415340,,,,,,,,,,,,,,
2003-12-08,27.460,19.8573353835,,,,,,,,,,,,,,
2003-12-09,26.860,19.4234533285,,,,,,,,,,,,,,
2003-12-10,26.530,19.1848181983,,,,,,,,,,,,,,
2003-12-11,27.290,19.7344021346,,,,,,,,,,,,,,
2003-12-12,27.250,19.7054766643,,,,,,,,,,,,,,
2003-12-15,27.110,19.6042375181,,,,,,,,,,,,,,
2003-12-16,27.460,19.8573353835,,,,,,,,,,,,,,
2003-12-17,27.180,19.6548570912,,,,,,,,,,,,,,
2003-12-18,27.820,20.1176646165,,,,,,,,,,,,,,
2003-12-19,27.990,20.2405978654,,,,,,,,,,,,,,
2003-12-22,28.370,20.5153898336,,,,,,,,,,,,,,
2003-12-23,28.270,20.4430761577,,,,,,,,,,,,,,
2003-12-24,28.070,20.2984488061,,,,,,,,,,,,,,
2003-12-26,27.950,20.2116723951,,,,,,,,,,,,,,
2003-12-29,28.590,20.6744799204,,,,,,,,,,,,,,
2003-12-30,28.700,20.7540249638,,,,,,,,,,,,,,
2003-12-31,29.240,21.1445188133,,,,,,,,,,,,,,
2004-01-02,28.800,20.8263386397,,,,,,,,,,,,,,
2004-01-05,29.550,21.3686912084,,,,,,,,,,,,,,
2004-01-06,30.480,22.0412083936,,,,,,,,,,,,,,
2004-01-07,30.870,22.3232317294,,,,,,,,,,,,,,
2004-01-08,32.280,23.3428545586,,,,,,,,,,,,,,
2004-01-09,32.050,23.1765331042,,,,,,,,,,,,,,
2004-01-12,32.400,23.4296309696,,,,,,,,,,,,,,
2004-01-13,32.240,23.3139290883,,,,,,,,,,,,,,
2004-01-14,32.140,23.2416154124,,,,,,,,,,,,,,
2004-01-15,32.910,23.7984307164,,,,,,,,,,,,,,
2004-01-16,34.250,24.7674339725,,,,,,,,,,,,,,
2004-01-20,34.010,24.5938811505,,,,,,,,,,,,,,
2004-01-21,34.770,25.1434650868,,,,,,,,,,,,,,
2004-01-22,33.980,24.5721870478,,,,,,,,,,,,,,
2004-01-23,33.440,24.1816931983,,,,,,,,,,,,,,
2004-01-26,33.910,24.5215674747,,,,,,,,,,,,,,
2004-01-27,36.100,26.1052369754,,,,,,,,,,,,,,
2004-01-28,35.950,25.9967664616,,,,,,,,,,,,,,
2004-01-29,35.650,25.7798254342,,,,,,,,,,,,,,
2004-01-30,36.860,26.6548209117,,,,,,,,,,,,,,
2004-02-02,36.420,26.3366407381,,,,,,,,,,,,,,
2004-02-03,36.480,26.3800289436,,,,,,,,,,,,,,
2004-02-04,35.300,25.5267275687,,,,,,,,,,,,,,
2004-02-05,35.230,25.4761079957,,,,,,,,,,,,,,
2004-02-06,36.850,26.6475895441,,,,,,,,,,,,,,
2004-02-09,37.100,26.8283737337,,,,,,,,,,,,,,
2004-02-10,37.370,27.0236206585,,,,,,,,,,,,,,
2004-02-11,37.400,27.0453147612,,,,,,,,,,,,,,
2004-02-12,36.920,26.6982091172,,,,,,,,,,,,,,
2004-02-13,37.080,26.8139109986,,,,,,,,,,,,,,
2004-02-17,37.490,27.1103970695,,,,,,,,,,,,,,
2004-02-18,35.980,26.0184605644,,,,,,,,,,,,,,
2004-02-19,36.090,26.0980056078,,,,,,,,,,,,,,
2004-02-20,35.050,25.3459433792,,,,,,,,,,,,,,
2004-02-23,33.720,24.3841714906,,,,,,,,,,,,,,
2004-02-24,33.750,24.4058655933,,,,,,,,,,,,,,
2004-02-25,33.950,24.5504929450,,,,,,,,,,,,,,
2004-02-26,34.200,24.7312771346,,,,,,,,,,,,,,
2004-02-27,34.190,24.7240457670,,,,,,,,,,,,,,
2004-03-01,34.330,24.8252849132,,,,,,,,,,,,,,
2004-03-02,34.230,24.7529712373,,,,,,,,,,,,,,
2004-03-03,33.970,24.5649556802,,,,,,,,,,,,,,
2004-03-04,33.950,24.5504929450,,,,,,,,,,,,,,
2004-03-05,34.810,25.1723905572,,,,,,,,,,,,,,
2004-03-08,33.620,24.3118578148,,,,,,,,,,,,,,
2004-03-09,32.830,23.7405797757,,,,,,,,,,,,,,
2004-03-10,31.560,22.8221960926,,,,,,,,,,,,,,
2004-03-11,30.200,21.8387301013,,,,,,,,,,,,,,
2004-03-12,31.650,22.8872784009,,,,,,,,,,,,,,
2004-03-15,30.270,21.8893496744,,,,,,,,,,,,,,
2004-03-16,30.190,21.8314987337,,,,,,,,,,,,,,
2004-03-17,31.630,22.8728156657,,,,,,,,,,,,,,
2004-03-18,30.600,22.1279848046,,,,,,,,,,,,,,
2004-03-19,30.550,22.0918279667,,,,,,,,,,,,,,
2004-03-22,30.160,21.8098046310,,,,,,,,,,,,,,
2004-03-23,28.900,20.8986523155,,,,,,,,,,,,,,
2004-03-24,29.270,21.1662129161,,,,,,,,,,,,,,
2004-03-25,30.700,22.2002984805,,,,,,,,,,,,,,
2004-03-26,30.790,22.2653807887,,,,,,,,,,,,,,
2004-03-29,31.270,22.6124864327,,,,,,,,,,,,,,
2004-03-30,31.460,22.7498824168,,,,,,,,,,,,,,
2004-03-31,31.630,22.8728156657,,,,,,,,,,,,,,
2004-04-01,31.640,22.8800470333,,,,,,,,,,,,,,
2004-04-02,32.320,23.3717800289,,,,,,,,,,,,,,
2004-04-05,32.440,23.4585564399,,,,,,,,,,,,,,
2004-04-06,32.560,23.5453328509,,,,,,,,,,,,,,
2004-04-07,31.860,23.0391371201,,,,,,,,,,,,,,
2004-04-08,31.830,23.0174430174,,,,,,,,,,,,,,
2004-04-12,31.870,23.0463684877,,,,,,,,,,,,,,
2004-04-13,31.010,22.4244708755,,,,,,,,,,,,,,
2004-04-14,30.760,22.2436866860,,,,,,,,,,,,,,
2004-04-15,29.900,21.6217890738,,,,,,,,,,,,,,
2004-04-16,30.130,21.7881105282,,,,,,,,,,,,,,
2004-04-19,30.400,21.9833574530,,,,,,,,,,,,,,
2004-04-20,28.740,20.7829504342,,,,,,,,,,,,,,
2004-04-21,29.040,20.9998914616,,,,,,,,,,,,,,
2004-04-22,29.370,21.2385265919,,,,,,,,,,,,,,
2004-04-23,29.500,21.3325343705,,,,,,,,,,,,,,
2004-04-26,29.090,21.0360482996,,,,,,,,,,,,,,
2004-04-27,28.810,20.8335700072,,,,,,,,,,,,,,
2004-04-28,28.300,20.4647702605,,,,,,,,,,,,,,
2004-04-29,27.800,20.1032018813,,,,,,,,,,,,,,
2004-04-30,27.010,19.5319238423,,,,,,,,,,,,,,
2004-05-03,27.260,19.7127080318,,,,,,,,,,,,,,
2004-05-04,26.730,19.3294455499,,,,,,,,,,,,,,
2004-05-05,26.810,19.3872964906,,,,,,,,,,,,,,
2004-05-06,26.340,19.0474222142,,,,,,,,,,,,,,
2004-05-07,26.310,19.0257281114,,,,,,,,,,,,,,
2004-05-10,25.410,18.3749050289,,,,,,,,,,,,,,
2004-05-11,26.200,18.9461830680,,,,,,,,,,,,,,
2004-05-12,26.160,18.9172575977,,,,,,,,,,,,,,
2004-05-13,26.020,18.8160184515,,,,,,,,,,,,,,
2004-05-14,25.590,18.5050696454,,,,,,,,,,,,,,
2004-05-17,25.520,18.4544500724,,,,,,,,,,,,,,
2004-05-18,25.400,18.3676736614,,,,,,,,,,,,,,
2004-05-19,25.210,18.2302776773,,,,,,,,,,,,,,
2004-05-20,24.300,17.5722232272,,,,,,,,,,,,,,
2004-05-21,24.380,17.6300741679,,,,,,,,,,,,,,
2004-05-24,24.350,17.6083800651,,,,,,,,,,,,,,
2004-05-25,24.730,17.8831720333,,,,,,,,,,,,,,
2004-05-26,24.960,18.0494934877,,,,,,,,,,,,,,
2004-05-27,25.410,18.3749050289,,,,,,,,,,,,,,
2004-05-28,25.700,18.5846146889,,,,,,,,,,,,,,
2004-06-01,25.800,18.6569283647,,,,,,,,,,,,,,
2004-06-02,25.400,18.3676736614,,,,,,,,,,,,,,
2004-06-03,25.050,18.1145757959,,,,,,,,,,,,,,
2004-06-04,25.220,18.2375090449,,,,,,,,,,,,,,
2004-06-07,26.510,19.1703554631,,,,,,,,,,,,,,
2004-06-08,26.560,19.2065123010,,,,,,,,,,,,,,
2004-06-09,26.200,18.9461830680,,,,,,,,,,,,,,
2004-06-10,26.300,19.0184967438,,,,,,,,,,,,,,
2004-06-14,25.810,18.6641597323,,,,,,,,,,,,,,
2004-06-15,26.040,18.8304811867,,,,,,,,,,,,,,
2004-06-16,26.070,18.8521752894,,,,,,,,,,,,,,
2004-06-17,25.570,18.4906069103,,,,,,,,,,,,,,
2004-06-18,25.890,18.7220106729,,,,,,,,,,,,,,
2004-06-21,25.580,18.4978382779,,,,,,,,,,,,,,
2004-06-22,26.130,18.8955634949,,,,,,,,,,,,,,
2004-06-23,27.040,19.5536179450,,,,,,,,,,,,,,
2004-06-24,27.440,19.8428726483,,,,,,,,,,,,,,
2004-06-25,29.510,21.3397657381,,,,,,,,,,,,,,
2004-06-28,28.950,20.9348091534,,,,,,,,,,,,,,
2004-06-29,29.620,21.4193107815,,,,,,,,,,,,,,
2004-06-30,29.280,21.1734442836,,,,,,,,,,,,,,
2004-07-01,28.640,20.7106367583,,,,,,,,,,,,,,
2004-07-02,28.270,20.4430761577,,,,,,,,,,,,,,
2004-07-06,27.420,19.8284099132,,,,,,,,,,,,,,
2004-07-07,27.320,19.7560962373,,,,,,,,,,,,,,
2004-07-08,26.870,19.4306846961,,,,,,,,,,,,,,
2004-07-09,26.840,19.4089905933,,,,,,,,,,,,,,
2004-07-12,26.300,19.0184967438,,,,,,,,,,,,,,
2004-07-13,26.280,19.0040340087,,,,,,,,,,,,,,
2004-07-14,25.800,18.6569283647,,,,,,,,,,,,,,
2004-07-15,25.840,18.6858538350,,,,,,,,,,,,,,
2004-07-16,25.310,18.3025913531,,,,,,,,,,,,,,
2004-07-19,25.200,18.2230463097,,,,,,,,,,,,,,
2004-07-20,25.790,18.6496969971,,,,,,,,,,,,,,
2004-07-21,24.500,17.7168505789,,,,,,,,,,,,,,
2004-07-22,24.850,17.9699484443,,,,,,,,,,,,,,
2004-07-23,23.560,17.0371020260,,,,,,,,,,,,,,
2004-07-26,23.190,16.7695414255,,,,,,,,,,,,,,
2004-07-27,23.250,16.8129296310,,,,,,,,,,,,,,
2004-07-28,22.810,16.4947494573,,,,,,,,,,,,,,
2004-07-29,23.550,17.0298706585,,,,,,,,,,,,,,
2004-07-30,23.810,17.2178862156,,,,,,,,,,,,,,
2004-08-02,24.030,17.3769763025,,,,,,,,,,,,,,
2004-08-03,23.180,16.7623100579,,,,,,,,,,,,,,
2004-08-04,22.950,16.5959886035,,,,,,,,,,,,,,
2004-08-05,22.550,16.3067339001,,,,,,,,,,,,,,
2004-08-06,21.850,15.8005381693,,,,,,,,,,,,,,
2004-08-09,22.000,15.9090086831,,,,,,,,,,,,,,
2004-08-10,22.860,16.5309062952,,,,,,,,,,,,,,
2004-08-11,21.770,15.7426872287,,,,,,,,,,,,,,
2004-08-12,19.680,14.2313314038,,,,,,,,,,,,,,
2004-08-13,20.520,14.8387662808,,,,,,,,,,,,,,
2004-08-16,20.720,14.9833936324,,,,,,,,,,,,,,
2004-08-17,21.190,15.3232679088,,,,,,,,,,,,,,
2004-08-18,21.770,15.7426872287,,,,,,,,,,,,,,
2004-08-19,21.810,15.7716126990,,,,,,,,,,,,,,
2004-08-20,22.200,16.0536360347,,,,,,,,,,,,,,
2004-08-23,22.150,16.0174791968,,,,,,,,,,,,,,
2004-08-24,21.610,15.6269853473,,,,,,,,,,,,,,
2004-08-25,21.960,15.8800832127,,,,,,,,,,,,,,
2004-08-26,21.580,15.6052912446,,,,,,,,,,,,,,
2004-08-27,21.640,15.6486794501,,,,,,,,,,,,,,
2004-08-30,21.130,15.2798797033,,,,,,,,,,,,,,
2004-08-31,20.500,14.8243035456,,,,,,,,,,,,,,
2004-09-01,20.690,14.9616995297,,,,,,,,,,,,,,
2004-09-02,21.200,15.3304992764,,,,,,,,,,,,,,
2004-09-03,20.370,14.7302957670,,,,,,,,,,,,,,
2004-09-07,20.580,14.8821544863,,,,,,,,,,,,,,
2004-09-08,20.180,14.5928997829,,,,,,,,,,,,,,
2004-09-09,21.160,15.3015738061,,,,,,,,,,,,,,
2004-09-10,22.710,16.4224357815,,,,,,,,,,,,,,
2004-09-13,22.880,16.5453690304,,,,,,,,,,,,,,
2004-09-14,22.900,16.5598317656,,,,,,,,,,,,,,
2004-09-15,22.380,16.1838006512,,,,,,,,,,,,,,
2004-09-16,22.440,16.2271888567,,,,,,,,,,,,,,
2004-09-17,22.900,16.5598317656,,,,,,,,,,,,,,
2004-09-20,23.240,16.8056982634,,,,,,,,,,,,,,
2004-09-21,23.320,16.8635492041,,,,,,,,,,,,,,
2004-09-22,22.670,16.3935103111,,,,,,,,,,,,,,
2004-09-23,22.620,16.3573534732,,,,,,,,,,,,,,
2004-09-24,21.820,15.7788440666,,,,,,,,,,,,,,
2004-09-27,21.350,15.4389697902,,,,,,,,,,,,,,
2004-09-28,21.290,15.3955815847,,,,,,,,,,,,,,
2004-09-29,21.610,15.6269853473,,,,,,,,,,,,,,
2004-09-30,21.570,15.5980598770,,,,,,,,,,,,,,
2004-10-01,22.990,16.6249140738,,,,,,,,,,,,,,
2004-10-04,23.540,17.0226392909,,,,,,,,,,,,,,
2004-10-05,23.210,16.7840041606,,,,,,,,,,,,,,
2004-10-06,23.020,16.6466081766,,,,,,,,,,,,,,
2004-10-07,22.730,16.4368985166,,,,,,,,,,,,,,
2004-10-08,22.230,16.0753301375,,,,,,,,,,,,,,
2004-10-11,22.160,16.0247105644,,,,,,,,,,,,,,
2004-10-12,21.920,15.8511577424,,,,,,,,,,,,,,
2004-10-13,22.430,16.2199574891,,,,,,,,,,,,,,
2004-10-14,22.140,16.0102478292,,,,,,,,,,,,,,
2004-10-15,22.790,16.4802867221,,,,,,,,,,,,,,
2004-10-18,22.970,16.6104513386,,,,,,,,,,,,,,
2004-10-19,22.720,16.4296671491,,,,,,,,,,,,,,
2004-10-20,23.730,17.1600352750,,,,,,,,,,,,,,
2004-10-21,24.560,17.7602387844,,,,,,,,,,,,,,
2004-10-22,23.900,17.2829685239,,,,,,,,,,,,,,
2004-10-25,23.950,17.3191253618,,,,,,,,,,,,,,
2004-10-26,24.330,17.5939173300,,,,,,,,,,,,,,
2004-10-27,24.980,18.0639562229,,,,,,,,,,,,,,
2004-10-28,24.800,17.9337916064,,,,,,,,,,,,,,
2004-10-29,25.060,18.1218071635,,,,,,,,,,,,,,
2004-11-01,24.710,17.8687092981,,,,,,,,,,,,,,
2004-11-02,24.920,18.0205680174,,,,,,,,,,,,,,
2004-11-03,24.840,17.9627170767,,,,,,,,,,,,,,
2004-11-04,24.960,18.0494934877,,,,,,,,,,,,,,
2004-11-05,25.210,18.2302776773,,,,,,,,,,,,,,
2004-11-08,25.770,18.6352342619,,,,,,,,,,,,,,
2004-11-09,25.560,18.4833755427,,,,,,,,,,,,,,
2004-11-10,25.050,18.1145757959,,,,,,,,,,,,,,
2004-11-11,25.680,18.5701519537,,,,,,,,,,,,,,
2004-11-12,22.580,16.3284280029,,,,,,,,,,,,,,
2004-11-15,22.790,16.4802867221,,,,,,,,,,,,,,
2004-11-16,22.950,16.5959886035,,,,,,,,,,,,,,
2004-11-17,23.370,16.8997060420,,,,,,,,,,,,,,
2004-11-18,23.390,16.9141687771,,,,,,,,,,,,,,
2004-11-19,23.130,16.7261532200,,,,,,,,,,,,,,
2004-11-22,23.080,16.6899963821,,,,,,,,,,,,,,
2004-11-23,22.830,16.5092121925,,,,,,,,,,,,,,
2004-11-24,23.180,16.7623100579,,,,,,,,,,,,,,
2004-11-26,23.160,16.7478473227,,,,,,,,,,,,,,
2004-11-29,23.050,16.6683022793,,,,,,,,,,,,,,
2004-11-30,22.890,16.5526003980,,,,,,,,,,,,,,
2004-12-01,23.690,17.1311098046,,,,,,,,,,,,,,
2004-12-02,24.040,17.3842076700,,,,,,,,,,,,,,
2004-12-03,24.210,17.5071409190,,,,,,,,,,,,,,
2004-12-06,24.310,17.5794545948,,,,,,,,,,,,,,
2004-12-07,23.880,17.2685057887,,,,,,,,,,,,,,
2004-12-08,23.530,17.0154079233,,,,,,,,,,,,,,
2004-12-09,23.710,17.1455725398,,,,,,,,,,,,,,
2004-12-10,23.690,17.1311098046,,,,,,,,,,,,,,
2004-12-13,23.840,17.2395803184,,,,,,,,,,,,,,
2004-12-14,24.200,17.4999095514,,,,,,,,,,,,,,
2004-12-15,24.180,17.4854468162,,,,,,,,,,,,,,
2004-12-16,23.680,17.1238784370,,,,,,,,,,,,,,
2004-12-17,23.820,17.2251175832,,,,,,,,,,,,,,
2004-12-20,23.570,17.0443333936,,,,,,,,,,,,,,
2004-12-21,23.820,17.2251175832,,,,,,,,,,,,,,
2004-12-22,24.000,17.3552821997,,,,,,,,,,,,,,
2004-12-23,23.970,17.3335880970,,,,,,,,,,,,,,
2004-12-27,23.800,17.2106548480,,,,,,,,,,,,,,
2004-12-28,24.010,17.3625135673,,,,,,,,,,,,,,
2004-12-29,24.380,17.6300741679,,,,,,,,,,,,,,
2004-12-30,24.090,17.4203645080,,,,,,,,,,,,,,
2004-12-31,24.100,17.4275958755,,,,,,,,,,,,,,
2005-01-03,23.880,17.2685057887,,,,,,,,,,,,,,
2005-01-04,23.250,16.8129296310,,,,,,,,,,,,,,
2005-01-05,23.240,16.8056982634,,,,,,,,,,,,,,
2005-01-06,22.730,16.4368985166,,,,,,,,,,,,,,
2005-01-07,22.710,16.4224357815,,,,,,,,,,,,,,
2005-01-10,22.600,16.3428907381,,,,,,,,,,,,,,
2005-01-11,22.210,16.0608674023,,,,,,,,,,,,,,
2005-01-12,22.180,16.0391732996,,,,,,,,,,,,,,
2005-01-13,21.710,15.6992990232,,,,,,,,,,,,,,
2005-01-14,22.050,15.9451655210,,,,,,,,,,,,,,
2005-01-18,22.430,16.2199574891,,,,,,,,,,,,,,
2005-01-19,22.060,15.9523968886,,,,,,,,,,,,,,
2005-01-20,22.250,16.0897928726,,,,,,,,,,,,,,
2005-01-21,21.800,15.7643813314,,,,,,,,,,,,,,
2005-01-24,21.440,15.5040520984,,,,,,,,,,,,,,
2005-01-25,21.800,15.7643813314,,,,,,,,,,,,,,
2005-01-26,22.000,15.9090086831,,,,,,,,,,,,,,
2005-01-27,22.000,15.9090086831,,,,,,,,,,,,,,
2005-01-28,21.610,15.6269853473,,,,,,,,,,,,,,
2005-01-31,22.110,15.9885537265,,,,,,,,,,,,,,
2005-02-01,22.520,16.2850397974,,,,,,,,,,,,,,
2005-02-02,22.700,16.4152044139,,,,,,,,,,,,,,
2005-02-03,22.100,15.9813223589,,,,,,,,,,,,,,
2005-02-04,22.450,16.2344202243,,,,,,,,,,,,,,
2005-02-07,23.120,16.7189218524,,,,,,,,,,,,,,
2005-02-08,23.750,17.1744980101,,,,,,,,,,,,,,
2005-02-09,23.090,16.6972277496,,,,,,,,,,,,,,
2005-02-10,23.040,16.6610709117,,,,,,,,,,,,,,
2005-02-11,23.720,17.1528039074,,,,,,,,,,,,,,
2005-02-14,24.020,17.3697449349,,,,,,,,,,,,,,
2005-02-15,24.390,17.6373055355,,,,,,,,,,,,,,
2005-02-16,23.930,17.3046626266,,,,,,,,,,,,,,
2005-02-17,23.700,17.1383411722,,,,,,,,,,,,,,
2005-02-18,23.570,17.0443333936,,,,,,,,,,,,,,
2005-02-22,23.480,16.9792510854,,,,,,,,,,,,,,
2005-02-23,22.980,16.6176827062,,,,,,,,,,,,,,
2005-02-24,23.190,16.7695414255,,,,,,,,,,,,,,
2005-02-25,23.550,17.0298706585,,,,,,,,,,,,,,
2005-02-28,24.000,17.3552821997,,,,,,,,,,,,,,
2005-03-01,24.480,17.7023878437,,,,,,,,,,,,,,
2005-03-02,24.340,17.6011486975,,,,,,,,,,,,,,
2005-03-03,24.430,17.6662310058,,,,,,,,,,,,,,
2005-03-04,24.110,17.4348272431,,,,,,,,,,,,,,
2005-03-07,24.750,17.8976347685,,,,,,,,,,,,,,
2005-03-08,24.360,17.6156114327,,,,,,,,,,,,,,
2005-03-09,24.010,17.3625135673,,,,,,,,,,,,,,
2005-03-10,23.910,17.2901998915,,,,,,,,,,,,,,
2005-03-11,23.340,16.8780119392,,,,,,,,,,,,,,
2005-03-14,23.670,17.1166470695,,,,,,,,,,,,,,
2005-03-15,23.260,16.8201609986,,,,,,,,,,,,,,
2005-03-16,22.530,16.2922711650,,,,,,,,,,,,,,
2005-03-17,22.660,16.3862789436,,,,,,,,,,,,,,
2005-03-18,22.350,16.1621065485,,,,,,,,,,,,,,
2005-03-21,22.580,16.3284280029,,,,,,,,,,,,,,
2005-03-22,22.580,16.3284280029,,,,,,,,,,,,,,
2005-03-23,22.530,16.2922711650,,,,,,,,,,,,,,
2005-03-24,22.610,16.3501221056,,,,,,,,,,,,,,
2005-03-28,22.510,16.2778084298,,,,,,,,,,,,,,
2005-03-29,22.480,16.2561143271,,,,,,,,,,,,,,
2005-03-30,22.270,16.1042556078,,,,,,,,,,,,,,
2005-03-31,22.200,16.0536360347,,,,,,,,,,,,,,
2005-04-01,22.070,15.9596282562,,,,,,,,,,,,,,
2005-04-04,21.410,15.4823579957,,,,,,,,,,,,,,
2005-04-05,21.360,15.4462011577,,,,,,,,,,,,,,
2005-04-06,21.660,15.6631421852,,,,,,,,,,,,,,
2005-04-07,21.580,15.6052912446,,,,,,,,,,,,,,
2005-04-08,21.370,15.4534325253,,,,,,,,,,,,,,
2005-04-11,21.140,15.2871110709,,,,,,,,,,,,,,
2005-04-12,21.360,15.4462011577,,,,,,,,,,,,,,
2005-04-13,20.810,15.0484759407,,,,,,,,,,,,,,
2005-04-14,20.670,14.9472367945,,,,,,,,,,,,,,
2005-04-15,20.400,14.7519898698,,,,,,,,,,,,,,
2005-04-18,20.670,14.9472367945,,,,,,,,,,,,,,
2005-04-19,20.770,15.0195504703,,,,,,,,,,,,,,
2005-04-20,20.510,14.8315349132,,,,,,,,,,,,,,
2005-04-21,21.370,15.4534325253,,,,,,,,,,,,,,
2005-04-22,21.100,15.2581856006,,,,,,,,,,,,,,
2005-04-25,21.320,15.4172756874,,,,,,,,,,,,,,
2005-04-26,21.340,15.4317384226,,,,,,,,,,,,,,
2005-04-27,21.230,15.3521933792,,,,,,,,,,,,,,
2005-04-28,20.650,14.9327740593,,,,,,,,,,,,,,
2005-04-29,20.750,15.0050877352,,,,,,,,,,,,,,
2005-05-02,20.970,15.1641778220,,,,,,,,,,,,,,
2005-05-03,21.180,15.3160365412,,,,,,,,,,,,,,
2005-05-04,21.250,15.3666561143,,,,,,,,,,,,,,
2005-05-05,21.080,15.2437228654,,,,,,,,,,,,,,
2005-05-06,21.500,15.5474403039,,,,,,,,,,,,,,
2005-05-09,21.890,15.8294636397,,,,,,,,,,,,,,
2005-05-10,21.860,15.8077695369,,,,,,,,,,,,,,
2005-05-11,22.200,16.0536360347,,,,,,,,,,,,,,
2005-05-12,21.970,15.8873145803,,,,,,,,,,,,,,
2005-05-13,21.990,15.9017773155,,,,,,,,,,,,,,
2005-05-16,21.560,15.5908285094,,,,,,,,,,,,,,
2005-05-17,22.480,16.2561143271,,,,,,,,,,,,,,
2005-05-18,22.920,16.5742945007,,,,,,,,,,,,,,
2005-05-19,23.070,16.6827650145,,,,,,,,,,,,,,
2005-05-20,23.410,16.9286315123,,,,,,,,,,,,,,
2005-05-23,23.630,17.0877215991,,,,,,,,,,,,,,
2005-05-24,23.890,17.2757371563,,,,,,,,,,,,,,
2005-05-25,23.530,17.0154079233,,,,,,,,,,,,,,
2005-05-26,23.760,17.1817293777,,,,,,,,,,,,,,
2005-05-27,23.910,17.2901998915,,,,,,,,,,,,,,
2005-05-31,24.010,17.3625135673,,,,,,,,,,,,,,
2005-06-01,24.180,17.4854468162,,,,,,,,,,,,,,
2005-06-02,24.190,17.4926781838,,,,,,,,,,,,,,
2005-06-03,24.060,17.3986704052,,,,,,,,,,,,,,
2005-06-06,24.520,17.7313133140,,,,,,,,,,,,,,
2005-06-07,24.220,17.5143722865,,,,,,,,,,,,,,
2005-06-08,24.450,17.6806937410,,,,,,,,,,,,,,
2005-06-09,24.700,17.8614779305,,,,,,,,,,,,,,
2005-06-10,24.500,17.7168505789,,,,,,,,,,,,,,
2005-06-13,24.670,17.8397838278,,,,,,,,,,,,,,
2005-06-14,24.700,17.8614779305,,,,,,,,,,,,,,
2005-06-15,24.650,17.8253210926,,,,,,,,,,,,,,
2005-06-16,24.570,17.7674701520,,,,,,,,,,,,,,
2005-06-17,24.770,17.9120975036,,,,,,,,,,,,,,
2005-06-20,24.920,18.0205680174,,,,,,,,,,,,,,
2005-06-21,24.680,17.8470151954,,,,,,,,,,,,,,
2005-06-22,24.630,17.8108583575,,,,,,,,,,,,,,
2005-06-23,24.820,17.9482543415,,,,,,,,,,,,,,
2005-06-24,24.130,17.4492899783,,,,,,,,,,,,,,
2005-06-27,23.340,16.8780119392,,,,,,,,,,,,,,
2005-06-28,23.490,16.9864824530,,,,,,,,,,,,,,
2005-06-29,23.230,16.7984668958,,,,,,,,,,,,,,
2005-06-30,23.020,16.6466081766,,,,,,,,,,,,,,
2005-07-01,23.400,16.9214001447,,,,,,,,,,,,,,
2005-07-05,23.620,17.0804902315,,,,,,,,,,,,,,
2005-07-06,23.640,17.0949529667,,,,,,,,,,,,,,
2005-07-07,23.880,17.2685057887,,,,,,,,,,,,,,
2005-07-08,24.340,17.6011486975,,,,,,,,,,,,,,
2005-07-11,25.670,18.5629205861,,,,,,,,,,,,,,
2005-07-12,25.930,18.7509361433,,,,,,,,,,,,,,
2005-07-13,25.930,18.7509361433,,,,,,,,,,,,,,
2005-07-14,25.740,18.6135401592,,,,,,,,,,,,,,
2005-07-15,25.660,18.5556892185,,,,,,,,,,,,,,
2005-07-18,25.670,18.5629205861,,,,,,,,,,,,,,
2005-07-19,25.950,18.7653988784,,,,,,,,,,,,,,
2005-07-20,25.920,18.7437047757,,,,,,,,,,,,,,
2005-07-21,25.850,18.6930852026,,,,,,,,,,,,,,
2005-07-22,25.590,18.5050696454,,,,,,,,,,,,,,
2005-07-25,25.600,18.5123010130,,,,,,,,,,,,,,
2005-07-26,25.980,18.7870929812,,,,,,,,,,,,,,
2005-07-27,26.400,19.0908104197,,,,,,,,,,,,,,
2005-07-28,26.420,19.1052731548,,,,,,,,,,,,,,
2005-07-29,26.240,18.9751085384,,,,,,,,,,,,,,
2005-08-01,26.510,19.1703554631,,,,,,,,,,,,,,
2005-08-02,26.630,19.2571318741,,,,,,,,,,,,,,
2005-08-03,26.770,19.3583710203,,,,,,,,,,,,,,
2005-08-04,26.190,18.9389517004,,,,,,,,,,,,,,
2005-08-05,25.870,18.7075479378,,,,,,,,,,,,,,
2005-08-08,25.320,18.3098227207,,,,,,,,,,,,,,
2005-08-09,25.580,18.4978382779,,,,,,,,,,,,,,
2005-08-10,25.300,18.2953599855,,,,,,,,,,,,,,
2005-08-11,26.120,18.8883321274,,,,,,,,,,,,,,
2005-08-12,26.410,19.0980417873,,,,,,,,,,,,,,
2005-08-15,30.330,21.9327378799,,,,,,,,,,,,,,
2005-08-16,30.480,22.0412083936,,,,,,,,,,,,,,
2005-08-17,31.110,22.4967845514,,,,,,,,,,,,,,
2005-08-18,30.900,22.3449258321,,,,,,,,,,,,,,
2005-08-19,30.650,22.1641416425,,,,,,,,,,,,,,
2005-08-22,30.700,22.2002984805,,,,,,,,,,,,,,
2005-08-23,30.250,21.8748869392,,,,,,,,,,,,,,
2005-08-24,30.150,21.8025732634,,,,,,,,,,,,,,
2005-08-25,30.800,22.2726121563,,,,,,,,,,,,,,
2005-08-26,31.100,22.4895531838,,,,,,,,,,,,,,
2005-08-29,31.260,22.6052550651,,,,,,,,,,,,,,
2005-08-30,32.020,23.1548390014,,,,,,,,,,,,,,
2005-08-31,32.160,23.2560781476,,,,,,,,,,,,,,
2005-09-01,32.290,23.3500859262,,,,,,,,,,,,,,
2005-09-02,32.140,23.2416154124,,,,,,,,,,,,,,
2005-09-06,32.480,23.4874819103,,,,,,,,,,,,,,
2005-09-07,32.490,23.4947132779,,,,,,,,,,,,,,
2005-09-08,32.200,23.2850036179,,,,,,,,,,,,,,
2005-09-09,32.620,23.5887210564,,,,,,,,,,,,,,
2005-09-12,33.320,24.0949167873,,,,,,,,,,,,,,
2005-09-13,33.090,23.9285953329,,,,,,,,,,,,,,
2005-09-14,32.630,23.5959524240,,,,,,,,,,,,,,
2005-09-15,33.030,23.8852071274,,,,,,,,,,,,,,
2005-09-16,33.910,24.5215674747,,,,,,,,,,,,,,
2005-09-19,33.650,24.3335519175,,,,,,,,,,,,,,
2005-09-20,34.030,24.6083438857,,,,,,,,,,,,,,
2005-09-21,33.640,24.3263205499,,,,,,,,,,,,,,
2005-09-22,33.680,24.3552460203,,,,,,,,,,,,,,
2005-09-23,33.690,24.3624773878,,,,,,,,,,,,,,
2005-09-26,33.600,24.2973950796,,,,,,,,,,,,,,
2005-09-27,33.460,24.1961559334,,,,,,,,,,,,,,
2005-09-28,33.230,24.0298344790,,,,,,,,,,,,,,
2005-09-29,32.670,23.6248778944,,,,,,,,,,,,,,
2005-09-30,32.750,23.6827288350,,,,,,,,,,,,,,
2005-10-03,32.990,23.8562816570,,,,,,,,,,,,,,
2005-10-04,32.460,23.4730191751,,,,,,,,,,,,,,
2005-10-05,31.260,22.6052550651,,,,,,,,,,,,,,
2005-10-06,31.070,22.4678590810,,,,,,,,,,,,,,
2005-10-07,31.810,23.0029802822,,,,,,,,,,,,,,
2005-10-10,31.350,22.6703373734,,,,,,,,,,,,,,
2005-10-11,31.030,22.4389336107,,,,,,,,,,,,,,
2005-10-12,30.430,22.0050515557,,,,,,,,,,,,,,
2005-10-13,30.580,22.1135220695,,,,,,,,,,,,,,
2005-10-14,30.930,22.3666199349,,,,,,,,,,,,,,
2005-10-17,30.840,22.3015376266,,,,,,,,,,,,,,
2005-10-18,30.650,22.1641416425,,,,,,,,,,,,,,
2005-10-19,31.180,22.5474041245,,,,,,,,,,,,,,
2005-10-20,30.820,22.2870748915,,,,,,,,,,,,,,
2005-10-21,31.090,22.4823218162,,,,,,,,,,,,,,
2005-10-24,31.170,22.5401727569,,,,,,,,,,,,,,
2005-10-25,31.180,22.5474041245,,,,,,,,,,,,,,
2005-10-26,30.990,22.4100081404,,,,,,,,,,,,,,
2005-10-27,30.570,22.1062907019,,,,,,,,,,,,,,
2005-10-28,31.000,22.4172395080,,,,,,,,,,,,,,
2005-10-31,32.010,23.1476076339,,,,,,,,,,,,,,
2005-11-01,32.130,23.2343840449,,,,,,,,,,,,,,
2005-11-02,32.680,23.6321092619,,,,,,,,,,,,,,
2005-11-03,32.700,23.6465719971,,,,,,,,,,,,,,
2005-11-04,32.800,23.7188856729,,,,,,,,,,,,,,
2005-11-07,32.900,23.7911993488,,,,,,,,,,,,,,
2005-11-08,32.970,23.8418189219,,,,,,,,,,,,,,
2005-11-09,33.030,23.8852071274,,,,,,,,,,,,,,
2005-11-10,33.040,23.8924384949,,,,,,,,,,,,,,
2005-11-11,32.930,23.8128934515,,,,,,,,,,,,,,
2005-11-14,32.900,23.7911993488,,,,,,,,,,,,,,
2005-11-15,34.500,24.9482181621,,,,,,,,,,,,,,
2005-11-16,34.250,24.7674339725,,,,,,,,,,,,,,
2005-11-17,34.760,25.1362337192,,,,,,,,,,,,,,
2005-11-18,34.910,25.2447042330,,,,,,,,,,,,,,
2005-11-21,34.980,25.2953238061,,,,,,,,,,,,,,
2005-11-22,35.570,25.7219744935,,,,,,,,,,,,,,
2005-11-23,35.650,25.7798254342,,,,,,,,,,,,,,
2005-11-25,35.690,25.8087509045,,,,,,,,,,,,,,
2005-11-28,35.650,25.7798254342,,,,,,,,,,,,,,
2005-11-29,35.490,25.6641235528,,,,,,,,,,,,,,
2005-11-30,35.660,25.7870568017,,,,,,,,,,,,,,
2005-12-01,35.980,26.0184605644,,,,,,,,,,,,,,
2005-12-02,35.490,25.6641235528,,,,,,,,,,,,,,
2005-12-05,35.000,25.3097865412,,,,,,,,,,,,,,
2005-12-06,34.940,25.2663983357,,,,,,,,,,,,,,
2005-12-07,34.480,24.9337554269,,,,,,,,,,,,,,
2005-12-08,34.580,25.0060691027,,,,,,,,,,,,,,
2005-12-09,35.270,25.5050334660,,,,,,,,,,,,,,
2005-12-12,35.650,25.7798254342,,,,,,,,,,,,,,
2005-12-13,35.980,26.0184605644,,,,,,,,,,,,,,
2005-12-14,35.530,25.6930490232,,,,,,,,,,,,,,
2005-12-15,35.210,25.4616452605,,,,,,,,,,,,,,
2005-12-16,35.300,25.5267275687,,,,,,,,,,,,,,
2005-12-19,35.050,25.3459433792,,,,,,,,,,,,,,
2005-12-20,34.820,25.1796219247,,,,,,,,,,,,,,
2005-12-21,34.860,25.2085473951,,,,,,,,,,,,,,
2005-12-22,35.070,25.3604061143,,,,,,,,,,,,,,
2005-12-23,34.900,25.2374728654,,,,,,,,,,,,,,
2005-12-27,33.980,24.5721870478,,,,,,,,,,,,,,
2005-12-28,33.900,24.5143361071,,,,,,,,,,,,,,
2005-12-29,33.470,24.2033873010,,,,,,,,,,,,,,
2005-12-30,33.290,24.0732226845,,,,,,,,,,,,,,
2006-01-03,33.500,24.2250814038,,,,,,,,,,,,,,
2006-01-04,33.590,24.2901637120,,,,,,,,,,,,,,
2006-01-05,34.470,24.9265240593,,,,,,,,,,,,,,
2006-01-06,34.650,25.0566886758,,,,,,,,,,,,,,
2006-01-09,34.550,24.9843750000,,,,,,,,,,,,,,
2006-01-10,35.000,25.3097865412,,,,,,,,,,,,,,
2006-01-11,34.990,25.3025551737,,,,,,,,,,,,,,
2006-01-12,34.220,24.7457398698,,,,,,,,,,,,,,
2006-01-13,33.960,24.5577243126,,,,,,,,,,,,,,
2006-01-17,33.760,24.4130969609,,,,,,,,,,,,,,
2006-01-18,33.520,24.2395441389,,,,,,,,,,,,,,
2006-01-19,35.000,25.3097865412,,,,,,,,,,,,,,
2006-01-20,34.250,24.7674339725,,,,,,,,,,,,,,
2006-01-23,34.250,24.7674339725,,,,,,,,,,,,,,
2006-01-24,34.320,24.8180535456,,,,,,,,,,,,,,
2006-01-25,34.270,24.7818967077,,,,,,,,,,,,,,
2006-01-26,34.110,24.6661948263,,,,,,,,,,,,,,
2006-01-27,34.140,24.6878889291,,,,,,,,,,,,,,
2006-01-30,34.400,24.8759044863,,,,,,,,,,,,,,
2006-01-31,33.910,24.5215674747,,,,,,,,,,,,,,
2006-02-01,34.960,25.2808610709,,,,,,,,,,,,,,
2006-02-02,34.270,24.7818967077,,,,,,,,,,,,,,
2006-02-03,34.330,24.8252849132,,,,,,,,,,,,,,
2006-02-06,34.740,25.1217709841,,,,,,,,,,,,,,
2006-02-07,34.000,24.5866497829,,,,,,,,,,,,,,
2006-02-08,34.540,24.9771436324,,,,,,,,,,,,,,
2006-02-09,35.130,25.4037943198,,,,,,,,,,,,,,
2006-02-10,35.870,25.9389155210,,,,,,,,,,,,,,
2006-02-13,34.450,24.9120613242,,,,,,,,,,,,,,
2006-02-14,34.800,25.1651591896,,,,,,,,,,,,,,
2006-02-15,34.990,25.3025551737,,,,,,,,,,,,,,
2006-02-16,34.780,25.1506964544,,,,,,,,,,,,,,
2006-02-17,34.990,25.3025551737,,,,,,,,,,,,,,
2006-02-21,35.140,25.4110256874,,,,,,,,,,,,,,
2006-02-22,35.440,25.6279667149,,,,,,,,,,,,,,
2006-02-23,36.000,26.0329232996,,,,,,,,,,,,,,
2006-02-24,35.920,25.9750723589,,,,,,,,,,,,,,
2006-02-27,36.590,26.4595739870,,,,,,,,,,,,,,
2006-02-28,36.000,26.0329232996,,,,,,,,,,,,,,
2006-03-01,36.710,26.5463503980,,,,,,,,,,,,,,
2006-03-02,36.320,26.2643270622,,,,,,,,,,,,,,
2006-03-03,36.220,26.1920133864,,,,,,,,,,,,,,
2006-03-06,36.180,26.1630879161,,,,,,,,,,,,,,
2006-03-07,36.350,26.2860211650,,,,,,,,,,,,,,
2006-03-08,36.560,26.4378798842,,,,,,,,,,,,,,
2006-03-09,36.210,26.1847820188,,,,,,,,,,,,,,
2006-03-10,36.380,26.3077152677,,,,,,,,,,,,,,
2006-03-13,36.930,26.7054404848,,,,,,,,,,,,,,
2006-03-14,36.840,26.6403581766,,,,,,,,,,,,,,
2006-03-15,37.530,27.1393225398,,,,,,,,,,,,,,
2006-03-16,37.740,27.2911812590,,,,,,,,,,,,,,
2006-03-17,37.920,27.4213458755,,,,,,,,,,,,,,
2006-03-20,37.720,27.2767185239,,,,,,,,,,,,,,
2006-03-21,37.120,26.8428364689,,,,,,,,,,,,,,
2006-03-22,37.100,26.8283737337,,,,,,,,,,,,,,
2006-03-23,37.200,26.9006874096,,,,,,,,,,,,,,
2006-03-24,37.370,27.0236206585,,,,,,,,,,,,,,
2006-03-27,36.680,26.5246562952,,,,,,,,,,,,,,
2006-03-28,36.270,26.2281702243,,,,,,,,,,,,,,
2006-03-29,36.960,26.7271345876,,,,,,,,,,,,,,
2006-03-30,37.300,26.9730010854,,,,,,,,,,,,,,
2006-03-31,37.550,27.1537852750,,,,,,,,,,,,,,
2006-04-03,38.100,27.5515104920,,,,,,,,,,,,,,
2006-04-04,38.050,27.5153536541,,,,,,,,,,,,,,
2006-04-05,38.220,27.6382869030,,,,,,,,,,,,,,
2006-04-06,38.500,27.8407651954,,,,,,,,,,,,,,
2006-04-07,37.860,27.3779576700,,,,,,,,,,,,,,
2006-04-10,36.920,26.6982091172,,,,,,,,,,,,,,
2006-04-11,36.970,26.7343659551,,,,,,,,,,,,,,
2006-04-12,36.330,26.2715584298,,,,,,,,,,,,,,
2006-04-13,36.670,26.5174249276,,,,,,,,,,,,,,
2006-04-17,36.860,26.6548209117,,,,,,,,,,,,,,
2006-04-18,37.990,27.4719654486,,,,,,,,,,,,,,
2006-04-19,38.610,27.9203102388,,,,,,,,,,,,,,
2006-04-20,38.970,28.1806394718,,,,,,,,,,,,,,
2006-04-21,38.820,28.0721689580,,,,,,,,,,,,,,
2006-04-24,38.420,27.7829142547,,,,,,,,,,,,,,
2006-04-25,38.870,28.1083257959,,,,,,,,,,,,,,
2006-04-26,38.800,28.0577062229,,,,,,,,,,,,,,
2006-04-27,39.000,28.2023335745,,,,,,,,,,,,,,
2006-04-28,38.420,27.7829142547,,,,,,,,,,,,,,
2006-05-01,38.750,28.0215493849,,,,,,,,,,,,,,
2006-05-02,39.030,28.2240276773,,,,,,,,,,,,,,
2006-05-03,38.930,28.1517140014,,,,,,,,,,,,,,
2006-05-04,38.860,28.1010944284,,,,,,,,,,,,,,
2006-05-05,39.150,28.3108040883,,,,,,,,,,,,,,
2006-05-08,39.000,28.2023335745,,,,,,,,,,,,,,
2006-05-09,38.880,28.1155571635,,,,,,,,,,,,,,
2006-05-10,38.670,27.9636984443,,,,,,,,,,,,,,
2006-05-11,38.670,27.9636984443,,,,,,,,,,,,,,
2006-05-12,37.250,26.9368442475,,,,,,,,,,,,,,
2006-05-15,37.970,27.4575027135,,,,,,,,,,,,,,
2006-05-16,34.850,25.2013160275,,,,,,,,,,,,,,
2006-05-17,34.790,25.1579278220,,,,,,,,,,,,,,
2006-05-18,34.840,25.1940846599,,,,,,,,,,,,,,
2006-05-19,34.980,25.2953238061,,,,,,,,,,,,,,
2006-05-22,34.440,24.9048299566,,,,,,,,,,,,,,
2006-05-23,34.490,24.9409867945,,,,,,,,,,,,,,
2006-05-24,34.120,24.6734261939,,,,,,,,,,,,,,
2006-05-25,33.910,24.5215674747,,,,,,,,,,,,,,
2006-05-26,34.630,25.0422259407,,,,,,,,,,,,,,
2006-05-30,34.080,24.6445007236,,,,,,,,,,,,,,
2006-05-31,34.890,25.2302414978,,,,,,,,,,,,,,
2006-06-01,35.030,25.3314806440,,,,,,,,,,,,,,
2006-06-02,35.520,25.6858176556,,,,,,,,,,,,,,
2006-06-05,34.340,24.8325162808,,,,,,,,,,,,,,
2006-06-06,34.040,24.6155752533,,,,,,,,,,,,,,
2006-06-07,33.900,24.5143361071,,,,,,,,,,,,,,
2006-06-08,33.510,24.2323127713,,,,,,,,,,,,,,
2006-06-09,33.940,24.5432615774,,,,,,,,,,,,,,
2006-06-12,32.600,23.5742583213,,,,,,,,,,,,,,
2006-06-13,31.450,22.7426510492,,,,,,,,,,,,,,
2006-06-14,31.920,23.0825253256,,,,,,,,,,,,,,
2006-06-15,33.380,24.1383049928,,,,,,,,,,,,,,
2006-06-16,33.350,24.1166108900,,,,,,,,,,,,,,
2006-06-19,32.360,23.4007054993,,,,,,,,,,,,,,
2006-06-20,32.180,23.2705408828,,,,,,,,,,,,,,
2006-06-21,32.660,23.6176465268,,,,,,,,,,,,,,
2006-06-22,32.270,23.3356231910,,,,,,,,,,,,,,
2006-06-23,31.190,22.5546354920,,,,,,,,,,,,,,
2006-06-26,31.440,22.7354196816,,,,,,,,,,,,,,
2006-06-27,30.440,22.0122829233,,,,,,,,,,,,,,
2006-06-28,30.560,22.0990593343,,,,,,,,,,,,,,
2006-06-29,31.510,22.7860392547,,,,,,,,,,,,,,
2006-06-30,31.560,22.8221960926,,,,,,,,,,,,,,
2006-07-03,31.860,23.0391371201,,,,,,,,,,,,,,
2006-07-05,31.330,22.6558746382,,,,,,,,,,,,,,
2006-07-06,31.640,22.8800470333,,,,,,,,,,,,,,
2006-07-07,31.020,22.4317022431,,,,,,,,,,,,,,
2006-07-10,30.750,22.2364553184,,,,,,,,,,,,,,
2006-07-11,30.180,21.8242673661,,,,,,,,,,,,,,
2006-07-12,28.500,20.6093976122,,,,,,,,,,,,,,
2006-07-13,28.470,20.5877035094,,,,,,,,,,,,,,
2006-07-14,28.690,20.7467935962,,,,,,,,,,,,,,
2006-07-17,28.840,20.8552641100,,,,,,,,,,,,,,
2006-07-18,28.300,20.4647702605,,,,,,,,,,,,,,
2006-07-19,29.400,21.2602206946,,,,,,,,,,,,,,
2006-07-20,28.770,20.8046445369,,,,,,,,,,,,,,
2006-07-21,27.860,20.1465900868,,,,,,,,,,,,,,
2006-07-24,29.040,20.9998914616,,,,,,,,,,,,,,
2006-07-25,29.160,21.0866678726,,,,,,,,,,,,,,
2006-07-26,27.810,20.1104332489,,,,,,,,,,,,,,
2006-07-27,27.530,19.9079549566,,,,,,,,,,,,,,
2006-07-28,27.920,20.1899782923,,,,,,,,,,,,,,
2006-07-31,28.440,20.5660094067,,,,,,,,,,,,,,
2006-08-01,28.050,20.2839860709,,,,,,,,,,,,,,
2006-08-02,28.130,20.3418370116,,,,,,,,,,,,,,
2006-08-03,28.200,20.3924565847,,,,,,,,,,,,,,
2006-08-04,28.050,20.2839860709,,,,,,,,,,,,,,
2006-08-07,27.750,20.0670450434,,,,,,,,,,,,,,
2006-08-08,27.080,19.5825434153,,,,,,,,,,,,,,
2006-08-09,27.280,19.7271707670,,,,,,,,,,,,,,
2006-08-10,27.800,20.1032018813,,,,,,,,,,,,,,
2006-08-11,27.200,19.6693198263,,,,,,,,,,,,,,
2006-08-14,28.470,20.5877035094,,,,,,,,,,,,,,
2006-08-15,31.120,22.5040159190,,,,,,,,,,,,,,
2006-08-16,32.010,23.1476076339,,,,,,,,,,,,,,
2006-08-17,32.280,23.3428545586,,,,,,,,,,,,,,
2006-08-18,31.800,22.9957489146,,,,,,,,,,,,,,
2006-08-21,31.320,22.6486432706,,,,,,,,,,,,,,
2006-08-22,30.890,22.3376944645,,,,,,,,,,,,,,
2006-08-23,30.540,22.0845965991,,,,,,,,,,,,,,
2006-08-24,30.570,22.1062907019,,,,,,,,,,,,,,
2006-08-25,30.470,22.0339770260,,,,,,,,,,,,,,
2006-08-28,30.800,22.2726121563,,,,,,,,,,,,,,
2006-08-29,31.360,22.6775687410,,,,,,,,,,,,,,
2006-08-30,32.000,23.1403762663,,,,,,,,,,,,,,
2006-08-31,32.160,23.2560781476,,,,,,,,,,,,,,
2006-09-01,31.520,22.7932706223,,,,,,,,,,,,,,
2006-09-05,31.570,22.8294274602,,,,,,,,,,,,,,
2006-09-06,30.690,22.1930671129,,,,,,,,,,,,,,
2006-09-07,30.440,22.0122829233,,,,,,,,,,,,,,
2006-09-08,30.680,22.1858357453,,,,,,,,,,,,,,
2006-09-11,31.090,22.4823218162,,,,,,,,,,,,,,
2006-09-12,31.500,22.7788078871,,,,,,,,,,,,,,
2006-09-13,31.350,22.6703373734,,,,,,,,,,,,,,
2006-09-14,31.000,22.4172395080,,,,,,,,,,,,,,
2006-09-15,30.920,22.3593885673,,,,,,,,,,,,,,
2006-09-18,31.180,22.5474041245,,,,,,,,,,,,,,
2006-09-19,31.450,22.7426510492,,,,,,,,,,,,,,
2006-09-20,32.600,23.5742583213,,,,,,,,,,,,,,
2006-09-21,33.080,23.9213639653,,,,,,,,,,,,,,
2006-09-22,32.480,23.4874819103,,,,,,,,,,,,,,
2006-09-25,32.890,23.7839679812,,,,,,,,,,,,,,
2006-09-26,32.940,23.8201248191,,,,,,,,,,,,,,
2006-09-27,32.270,23.3356231910,,,,,,,,,,,,,,
2006-09-28,32.980,23.8490502894,,,,,,,,,,,,,,
2006-09-29,32.690,23.6393406295,,,,,,,,,,,,,,
2006-10-02,32.320,23.3717800289,,,,,,,,,,,,,,
2006-10-03,32.240,23.3139290883,,,,,,,,,,,,,,
2006-10-04,33.040,23.8924384949,,,,,,,,,,,,,,
2006-10-05,32.900,23.7911993488,,,,,,,,,,,,,,
2006-10-06,33.290,24.0732226845,,,,,,,,,,,,,,
2006-10-09,33.420,24.1672304631,,,,,,,,,,,,,,
2006-10-10,33.350,24.1166108900,,,,,,,,,,,,,,
2006-10-11,33.180,23.9936776411,,,,,,,,,,,,,,
2006-10-12,33.580,24.2829323444,,,,,,,,,,,,,,
2006-10-13,34.500,24.9482181621,,,,,,,,,,,,,,
2006-10-16,34.320,24.8180535456,,,,,,,,,,,,,,
2006-10-17,34.400,24.8759044863,,,,,,,,,,,,,,
2006-10-18,35.010,25.3170179088,,,,,,,,,,,,,,
2006-10-19,34.920,25.2519356006,,,,,,,,,,,,,,
2006-10-20,34.920,25.2519356006,,,,,,,,,,,,,,
2006-10-23,34.790,25.1579278220,,,,,,,,,,,,,,
2006-10-24,34.930,25.2591669682,,,,,,,,,,,,,,
2006-10-25,35.030,25.3314806440,,,,,,,,,,,,,,
2006-10-26,35.420,25.6135039797,,,,,,,,,,,,,,
2006-10-27,34.880,25.2230101302,,,,,,,,,,,,,,
2006-10-30,34.900,25.2374728654,,,,,,,,,,,,,,
2006-10-31,35.600,25.7436685962,,,,,,,,,,,,,,
2006-11-01,34.090,24.6517320912,,,,,,,,,,,,,,
2006-11-02,33.410,24.1599990955,,,,,,,,,,,,,,
2006-11-03,32.930,23.8128934515,,,,,,,,,,,,,,
2006-11-06,34.030,24.6083438857,,,,,,,,,,,,,,
2006-11-07,33.630,24.3190891823,,,,,,,,,,,,,,
2006-11-08,33.670,24.3480146527,,,,,,,,,,,,,,
2006-11-09,34.080,24.6445007236,,,,,,,,,,,,,,
2006-11-10,34.340,24.8325162808,,,,,,,,,,,,,,
2006-11-13,35.000,25.3097865412,,,,,,,,,,,,,,
2006-11-14,33.000,23.8635130246,,,,,,,,,,,,,,
2006-11-15,33.140,23.9647521708,,,,,,,,,,,,,,
2006-11-16,33.650,24.3335519175,,,,,,,,,,,,,,
2006-11-17,33.750,24.4058655933,,,,,,,,,,,,,,
2006-11-20,33.740,24.3986342258,,,,,,,,,,,,,,
2006-11-21,33.630,24.3190891823,,,,,,,,,,,,,,
2006-11-22,33.420,24.1672304631,,,,,,,,,,,,,,
2006-11-24,33.560,24.2684696093,,,,,,,,,,,,,,
2006-11-27,32.610,23.5814896889,,,,,,,,,,,,,,
2006-11-28,32.600,23.5742583213,,,,,,,,,,,,,,
2006-11-29,32.040,23.1693017366,,,,,,,,,,,,,,
2006-11-30,31.840,23.0246743849,,,,,,,,,,,,,,
2006-12-01,31.970,23.1186821635,,,,,,,,,,,,,,
2006-12-04,32.620,23.5887210564,,,,,,,,,,,,,,
2006-12-05,33.160,23.9792149059,,,,,,,,,,,,,,
2006-12-06,33.070,23.9141325977,,,,,,,,,,,,,,
2006-12-07,33.220,24.0226031114,,,,,,,,,,,,,,
2006-12-08,33.430,24.1744618307,,,,,,,,,,,,,,
2006-12-11,33.570,24.2757009768,,,,,,,,,,,,,,
2006-12-12,33.860,24.4854106368,,,,,,,,,,,,,,
2006-12-13,33.840,24.4709479016,,,,,,,,,,,,,,
2006-12-14,34.060,24.6300379884,,,,,,,,,,,,,,
2006-12-15,34.080,24.6445007236,,,,,,,,,,,,,,
2006-12-18,34.080,24.6445007236,,,,,,,,,,,,,,
2006-12-19,34.120,24.6734261939,,,,,,,,,,,,,,
2006-12-20,34.050,24.6228066208,,,,,,,,,,,,,,
2006-12-21,34.250,24.7674339725,,,,,,,,,,,,,,
2006-12-22,33.720,24.3841714906,,,,,,,,,,,,,,
2006-12-26,34.200,24.7312771346,,,,,,,,,,,,,,
2006-12-27,34.700,25.0928455137,,,,,,,,,,,,,,
2006-12-28,35.360,25.5701157742,,,,,,,,,,,,,,
2006-12-29,34.850,25.2013160275,,,,,,,,,,,,,,
2007-01-03,34.300,24.8035908104,,,,,,,,,,,,,,
2007-01-04,34.410,24.8831358538,,,,,,,,,,,,,,
2007-01-05,34.090,24.6517320912,,,,,,,,,,,,,,
2007-01-08,33.970,24.5649556802,,,,,,,,,,,,,,
2007-01-09,34.010,24.5938811505,,,,,,,,,,,,,,
2007-01-10,33.700,24.3697087554,,,,,,,,,,,,,,
2007-01-11,33.700,24.3697087554,,,,,,,,,,,,,,
2007-01-12,33.600,24.2973950796,,,,,,,,,,,,,,
2007-01-16,33.540,24.2540068741,,,,,,,,,,,,,,
2007-01-17,32.870,23.7695052460,,,,,,,,,,,,,,
2007-01-18,32.250,23.3211604559,,,,,,,,,,,,,,
2007-01-19,32.800,23.7188856729,,,,,,,,,,,,,,
2007-01-22,32.570,23.5525642185,,,,,,,,,,,,,,
2007-01-23,32.710,23.6538033647,,,,,,,,,,,,,,
2007-01-24,32.610,23.5814896889,,,,,,,,,,,,,,
2007-01-25,32.060,23.1837644718,,,,,,,,,,,,,,
2007-01-26,32.370,23.4079368669,,,,,,,,,,,,,,
2007-01-29,31.990,23.1331448987,,,,,,,,,,,,,,
2007-01-30,32.000,23.1403762663,,,,,,,,,,,,,,
2007-01-31,32.000,23.1403762663,,,,,,,,,,,,,,
2007-02-01,32.190,23.2777722504,,,,,,,,,,,,,,
2007-02-02,31.610,22.8583529305,,,,,,,,,,,,,,
2007-02-05,31.830,23.0174430174,,,,,,,,,,,,,,
2007-02-06,32.000,23.1403762663,,,,,,,,,,,,,,
2007-02-07,32.570,23.5525642185,,,,,,,,,,,,,,
2007-02-08,32.670,23.6248778944,,,,,,,,,,,,,,
2007-02-09,32.660,23.6176465268,,,,,,,,,,,,,,
2007-02-12,32.590,23.5670269537,,,,,,,,,,,,,,
2007-02-13,32.980,23.8490502894,,,,,,,,,,,,,,
2007-02-14,32.940,23.8201248191,,,,,,,,,,,,,,
2007-02-15,33.830,24.4637165340,,,,,,,,,,,,,,
2007-02-16,32.770,23.6971915702,,,,,,,,,,,,,,
2007-02-20,32.490,23.4947132779,,,,,,,,,,,,,,
2007-02-21,32.750,23.6827288350,,,,,,,,,,,,,,
2007-02-22,33.000,23.8635130246,,,,,,,,,,,,,,
2007-02-23,33.270,24.0587599493,,,,,,,,,,,,,,
2007-02-26,33.280,24.0659913169,,,,,,,,,,,,,,
2007-02-27,32.110,23.2199213097,,,,,,,,,,,,,,
2007-02-28,31.750,22.9595920767,,,,,,,,,,,,,,
2007-03-01,31.440,22.7354196816,,,,,,,,,,,,,,
2007-03-02,30.720,22.2147612156,,,,,,,,,,,,,,
2007-03-05,30.690,22.1930671129,,,,,,,,,,,,,,
2007-03-06,30.830,22.2943062590,,,,,,,,,,,,,,
2007-03-07,30.780,22.2581494211,,,,,,,,,,,,,,
2007-03-08,31.740,22.9523607091,,,,,,,,,,,,,,
2007-03-09,31.760,22.9668234443,,,,,,,,,,,,,,
2007-03-12,32.140,23.2416154124,,,,,,,,,,,,,,
2007-03-13,31.670,22.9017411360,,,,,,,,,,,,,,
2007-03-14,32.000,23.1403762663,,,,,,,,,,,,,,
2007-03-15,31.700,22.9234352388,,,,,,,,,,,,,,
2007-03-16,31.750,22.9595920767,,,,,,,,,,,,,,
2007-03-19,31.850,23.0319057525,,,,,,,,,,,,,,
2007-03-20,32.060,23.1837644718,,,,,,,,,,,,,,
2007-03-21,32.090,23.2054585745,,,,,,,,,,,,,,
2007-03-22,32.590,23.5670269537,,,,,,,,,,,,,,
2007-03-23,33.220,24.0226031114,,,,,,,,,,,,,,
2007-03-26,33.340,24.1093795224,,,,,,,,,,,,,,
2007-03-27,33.630,24.3190891823,,,,,,,,,,,,,,
2007-03-28,33.480,24.2106186686,,,,,,,,,,,,,,
2007-03-29,33.710,24.3769401230,,,,,,,,,,,,,,
2007-03-30,33.690,24.3624773878,,,,,,,,,,,,,,
2007-04-02,33.960,24.5577243126,,,,,,,,,,,,,,
2007-04-03,34.550,24.9843750000,,,,,,,,,,,,,,
2007-04-04,34.810,25.1723905572,,,,,,,,,,,,,,
2007-04-05,34.710,25.1000768813,,,,,,,,,,,,,,
2007-04-09,35.060,25.3531747467,,,,,,,,,,,,,,
2007-04-10,34.910,25.2447042330,,,,,,,,,,,,,,
2007-04-11,34.620,25.0349945731,,,,,,,,,,,,,,
2007-04-12,34.870,25.2157787627,,,,,,,,,,,,,,
2007-04-13,34.470,24.9265240593,,,,,,,,,,,,,,
2007-04-16,34.980,25.2953238061,,,,,,,,,,,,,,
2007-04-17,35.560,25.7147431259,,,,,,,,,,,,,,
2007-04-18,35.480,25.6568921852,,,,,,,,,,,,,,
2007-04-19,35.240,25.4833393632,,,,,,,,,,,,,,
2007-04-20,35.480,25.6568921852,,,,,,,,,,,,,,
2007-04-23,35.400,25.5990412446,,,,,,,,,,,,,,
2007-04-24,35.340,25.5556530391,,,,,,,,,,,,,,
2007-04-25,35.170,25.4327197902,,,,,,,,,,,,,,
2007-04-26,35.070,25.3604061143,,,,,,,,,,,,,,
2007-04-27,34.710,25.1000768813,,,,,,,,,,,,,,
2007-04-30,34.370,24.8542103835,,,,,,,,,,,,,,
2007-05-01,35.990,26.0256919320,,,,,,,,,,,,,,
2007-05-02,36.380,26.3077152677,,,,,,,,,,,,,,
2007-05-03,36.450,26.3583348408,,,,,,,,,,,,,,
2007-05-04,37.000,26.7560600579,,,,,,,,,,,,,,
2007-05-07,37.230,26.9223815123,,,,,,,,,,,,,,
2007-05-08,37.340,27.0019265557,,,,,,,,,,,,,,
2007-05-09,37.440,27.0742402315,,,,,,,,,,,,,,
2007-05-10,36.010,26.0401546671,,,,,,,,,,,,,,
2007-05-11,36.210,26.1847820188,,,,,,,,,,,,,,
2007-05-14,35.910,25.9678409913,,,,,,,,,,,,,,
2007-05-15,37.780,27.3201067294,,,,,,,,,,,,,,
2007-05-16,37.820,27.3490321997,,,,,,,,,,,,,,
2007-05-17,37.630,27.2116362156,,,,,,,,,,,,,,
2007-05-18,38.000,27.4791968162,,,,,,,,,,,,,,
2007-05-21,38.320,27.7106005789,,,,,,,,,,,,,,
2007-05-22,38.540,27.8696906657,,,,,,,,,,,,,,
2007-05-23,38.580,27.8986161360,,,,,,,,,,,,,,
2007-05-24,37.680,27.2477930535,,,,,,,,,,,,,,
2007-05-25,38.370,27.7467574168,,,,,,,,,,,,,,
2007-05-29,38.320,27.7106005789,,,,,,,,,,,,,,
2007-05-30,38.290,27.6889064761,,,,,,,,,,,,,,
2007-05-31,38.170,27.6021300651,,,,,,,,,,,,,,
2007-06-01,38.280,27.6816751085,,,,,,,,,,,,,,
2007-06-04,38.490,27.8335338278,,,,,,,,,,,,,,
2007-06-05,38.470,27.8190710926,,,,,,,,,,,,,,
2007-06-06,38.370,27.7467574168,,,,,,,,,,,,,,
2007-06-07,37.260,26.9440756151,,,,,,,,,,,,,,
2007-06-08,37.530,27.1393225398,,,,,,,,,,,,,,
2007-06-11,37.710,27.2694871563,,,,,,,,,,,,,,
2007-06-12,37.470,27.0959343343,,,,,,,,,,,,,,
2007-06-13,38.470,27.8190710926,,,,,,,,,,,,,,
2007-06-14,38.850,28.0938630608,,,,,,,,,,,,,,
2007-06-15,38.720,27.9998552822,,,,,,,,,,,,,,
2007-06-18,38.900,28.1300198987,,,,,,,,,,,,,,
2007-06-19,39.310,28.4265059696,,,,,,,,,,,,,,
2007-06-20,38.740,28.0143180174,,,,,,,,,,,,,,
2007-06-21,39.140,28.3035727207,,,,,,,,,,,,,,
2007-06-22,38.650,27.9492357091,,,,,,,,,,,,,,
2007-06-25,38.480,27.8263024602,,,,,,,,,,,,,,
2007-06-26,38.400,27.7684515195,,,,,,,,,,,,,,
2007-06-27,38.490,27.8335338278,,,,,,,,,,,,,,
2007-06-28,38.480,27.8263024602,,,,,,,,,,,,,,
2007-06-29,38.440,27.7973769899,,,,,,,,,,,,,,
2007-07-02,39.200,28.3469609262,,,,,,,,,,,,,,
2007-07-03,39.680,28.6940665702,,,,,,,,,,,,,,
2007-07-05,39.570,28.6145215268,,,,,,,,,,,,,,
2007-07-06,39.820,28.7953057164,,,,,,,,,,,,,,
2007-07-09,39.880,28.8386939219,,,,,,,,,,,,,,
2007-07-10,39.700,28.7085293054,,,,,,,,,,,,,,
2007-07-11,39.890,28.8459252894,,,,,,,,,,,,,,
2007-07-12,40.400,29.2147250362,,,,,,,,,,,,,,
2007-07-13,39.960,28.8965448625,,,,,,,,,,,,,,
2007-07-16,39.840,28.8097684515,,,,,,,,,,,,,,
2007-07-17,39.800,28.7808429812,,,,,,,,,,,,,,
2007-07-18,39.620,28.6506783647,,,,,,,,,,,,,,
2007-07-19,39.880,28.8386939219,,,,,,,,,,,,,,
2007-07-20,39.380,28.4771255427,,,,,,,,,,,,,,
2007-07-23,39.830,28.8025370839,,,,,,,,,,,,,,
2007-07-24,39.190,28.3397295586,,,,,,,,,,,,,,
2007-07-25,39.150,28.3108040883,,,,,,,,,,,,,,
2007-07-26,38.440,27.7973769899,,,,,,,,,,,,,,
2007-07-27,37.640,27.2188675832,,,,,,,,,,,,,,
2007-07-30,38.090,27.5442791245,,,,,,,,,,,,,,
2007-07-31,38.150,27.5876673300,,,,,,,,,,,,,,
2007-08-01,38.160,27.5948986975,,,,,,,,,,,,,,
2007-08-02,38.620,27.9275416064,,,,,,,,,,,,,,
2007-08-03,37.980,27.4647340810,,,,,,,,,,,,,,
2007-08-06,38.310,27.7033692113,,,,,,,,,,,,,,
2007-08-07,38.300,27.6961378437,,,,,,,,,,,,,,
2007-08-08,38.480,27.8263024602,,,,,,,,,,,,,,
2007-08-09,35.890,25.9533782562,,,,,,,,,,,,,,
2007-08-10,35.750,25.8521391100,,,,,,,,,,,,,,
2007-08-13,36.330,26.2715584298,,,,,,,,,,,,,,
2007-08-14,36.330,26.2715584298,,,,,,,,,,,,,,
2007-08-15,32.390,23.4223996020,,,,,,,,,,,,,,
2007-08-16,32.780,23.7044229378,,,,,,,,,,,,,,
2007-08-17,33.830,24.4637165340,,,,,,,,,,,,,,
2007-08-20,33.600,24.2973950796,,,,,,,,,,,,,,
2007-08-21,33.940,24.5432615774,,,,,,,,,,,,,,
2007-08-22,34.380,24.8614417511,,,,,,,,,,,,,,
2007-08-23,34.640,25.0494573082,,,,,,,,,,,,,,
2007-08-24,35.200,25.4544138929,,,,,,,,,,,,,,
2007-08-27,35.140,25.4110256874,,,,,,,,,,,,,,
2007-08-28,34.670,25.0711514110,,,,,,,,,,,,,,
2007-08-29,35.620,25.7581313314,,,,,,,,,,,,,,
2007-08-30,35.830,25.9099900507,,,,,,,,,,,,,,
2007-08-31,36.400,26.3221780029,,,,,,,,,,,,,,
2007-09-04,36.460,26.3655662084,,,,,,,,,,,,,,
2007-09-05,36.160,26.1486251809,,,,,,,,,,,,,,
2007-09-06,36.580,26.4523426194,,,,,,,,,,,,,,
2007-09-07,36.280,26.2354015919,,,,,,,,,,,,,,
2007-09-10,36.100,26.1052369754,,,,,,,,,,,,,,
2007-09-11,36.310,26.2570956946,,,,,,,,,,,,,,
2007-09-12,36.290,26.2426329595,,,,,,,,,,,,,,
2007-09-13,36.340,26.2787897974,,,,,,,,,,,,,,
2007-09-14,36.160,26.1486251809,,,,,,,,,,,,,,
2007-09-17,36.030,26.0546174023,,,,,,,,,,,,,,
2007-09-18,37.200,26.9006874096,,,,,,,,,,,,,,
2007-09-19,37.260,26.9440756151,,,,,,,,,,,,,,
2007-09-20,37.020,26.7705227931,,,,,,,,,,,,,,
2007-09-21,36.910,26.6909777496,,,,,,,,,,,,,,
2007-09-24,36.560,26.4378798842,,,,,,,,,,,,,,
2007-09-25,36.770,26.5897386035,,,,,,,,,,,,,,
2007-09-26,36.930,26.7054404848,,,,,,,,,,,,,,
2007-09-27,36.980,26.7415973227,,,,,,,,,,,,,,
2007-09-28,36.880,26.6692836469,,,,,,,,,,,,,,
2007-10-01,37.010,26.7632914255,,,,,,,,,,,,,,
2007-10-02,37.000,26.7560600579,,,,,,,,,,,,,,
2007-10-03,36.830,26.6331268090,,,,,,,,,,,,,,
2007-10-04,37.200,26.9006874096,,,,,,,,,,,,,,
2007-10-05,37.790,27.3273380970,,,,,,,,,,,,,,
2007-10-08,37.890,27.3996517728,,,,,,,,,,,,,,
2007-10-09,38.160,27.5948986975,,,,,,,,,,,,,,
2007-10-10,37.870,27.3851890376,,,,,,,,,,,,,,
2007-10-11,37.290,26.9657697178,,,,,,,,,,,,,,
2007-10-12,37.610,27.1971734805,,,,,,,,,,,,,,
2007-10-15,38.180,27.6093614327,,,,,,,,,,,,,,
2007-10-16,38.300,27.6961378437,,,,,,,,,,,,,,
2007-10-17,38.370,27.7467574168,,,,,,,,,,,,,,
2007-10-18,38.430,27.7901456223,,,,,,,,,,,,,,
2007-10-19,37.300,26.9730010854,,,,,,,,,,,,,,
2007-10-22,36.600,26.4668053546,,,,,,,,,,,,,,
2007-10-23,37.330,26.9946951881,,,,,,,,,,,,,,
2007-10-24,36.900,26.6837463821,,,,,,,,,,,,,,
2007-10-25,36.240,26.2064761216,,,,,,,,,,,,,,
2007-10-26,36.030,26.0546174023,,,,,,,,,,,,,,
2007-10-29,36.030,26.0546174023,,,,,,,,,,,,,,
2007-10-30,35.860,25.9316841534,,,,,,,,,,,,,,
2007-10-31,36.850,26.6475895441,,,561442901.82630940,14961100000.315925161731544540,,,,,,,,,,
2007-11-01,36.260,26.2209388567,,,561442901.80075140,14721559999.645724785516924380,,,,,,,,,,
2007-11-02,36.020,26.0473860347,,,561442901.79405930,14624119999.472023786243657710,,,,,,,,,,
2007-11-05,35.690,25.8087509045,,,561442901.81195990,14490139999.964524758042729550,,,,,,,,,,
2007-11-06,36.130,26.1269310781,,,561442901.79422720,14668779999.466240882852344320,,,,,,,,,,
2007-11-07,35.090,25.3748688495,,,561442901.81081490,14246539999.932134148220457550,,,,,,,,,,
2007-11-08,34.980,25.2953238061,,,561442901.79770450,14201879999.609339125183097450,,,,,,,,,,
2007-11-09,33.390,24.1455363603,,,561442901.83407500,13556340000.467001470017222500,,,,,,,,,,
2007-11-12,33.510,24.2323127713,,,561442901.80740900,13605059999.823408963662561700,,,,,,,,,,
2007-11-13,33.910,24.5215674747,,,561442901.80179360,13767459999.724047967882621920,,,,,,,,,,
2007-11-14,34.200,24.7312771346,,,561442901.82863740,13885200000.378052658094394040,,,,,,,,,,
2007-11-15,33.700,24.3697087554,,,561442901.80790910,13682199999.845384883237334140,,,,,,,,,,
2007-11-16,36.720,26.5535817656,,,561442901.81998050,14908320000.192585258547570800,,,,,,,,,,
2007-11-19,35.800,25.8882959479,,,561442901.82476650,14534800000.287320097813665350,,,,,,,,,,
2007-11-20,36.510,26.4017230463,,,561442901.82573010,14823060000.313926727493603630,,,,,,,,,,
2007-11-21,36.700,26.5391190304,,,561442901.82609440,14900200000.335900802346869760,,,,,,,,,,
2007-11-22,36.700,26.5391190304,,,561442901.82609440,14900200000.335900802346869760,,,,,,,,,,
2007-11-23,36.910,26.6909777496,,,561442901.82037250,14985460000.158419733483726000,,,,,,,,,,
2007-11-26,36.540,26.4234171491,,,561442901.80752330,14835239999.861378552617824030,,,,,,,,,,
2007-11-27,36.830,26.6331268090,,,561442901.83240510,14952980000.515383493758325900,,,,,,,,,,
2007-11-28,37.950,27.4430399783,,,561442901.80431830,15407699999.748668310478292890,,,,,,,,,,
2007-11-29,37.470,27.0959343343,,,561442901.82116020,15212820000.204998661440654860,,,,,,,,,,
2007-11-30,37.830,27.3562635673,,,561442901.81583380,15358980000.063685197211914740,,,,,,,,,,
2007-12-03,37.750,27.2984126266,,,561442901.82756360,15326500000.364506394154551760,,,,,,,,,,
2007-12-04,37.480,27.1031657019,,,561442901.79727780,15216879999.567189535746287820,,,,,,,,,,
2007-12-05,37.840,27.3634949349,,,561442901.83356020,15363040000.558182455534230980,,,,,,,,,,
2007-12-06,37.950,27.4430399783,,,561442901.80431830,15407699999.748668310478292890,,,,,,,,,,
2007-12-07,37.950,27.4430399783,,,561442901.80431830,15407699999.748668310478292890,,,,,,,,,,
2007-12-10,37.890,27.3996517728,,,561442901.81006690,15383339999.906175865471600320,,,,,,,,,,
2007-12-11,36.470,26.3727975760,,,561442901.79510630,14806819999.524385477302328800,,,,,,,,,,
2007-12-12,37.090,26.8211423661,,,561442901.83264300,15058540000.489624499236602300,,,,,,,,,,
2007-12-13,36.960,26.7271345876,,,561442901.82637760,15005760000.366287962977877760,,,,,,,,,,
2007-12-14,36.310,26.2570956946,,,561442901.80689120,14741859999.797453488130627520,,,,,,,,,,
2007-12-17,35.440,25.6279667149,,,561442901.83048880,14388640000.428635248397243120,,,,,,,,,,
2007-12-18,35.110,25.3893315847,,,561442901.80442950,14254659999.788822526714428650,,,,,,,,,,
2007-12-19,35.500,25.6713549204,,,561442901.81150950,14412999999.942548476176343800,,,,,,,,,,
2007-12-20,36.420,26.3366407381,,,561442901.81949510,14786520000.176393263433333310,,,,,,,,,,
2007-12-21,37.190,26.8934560420,,,561442901.81466040,15099140000.045491498558136800,,,,,,,,,,
2007-12-24,36.980,26.7415973227,,,561442901.83259370,15013880000.495406611516886990,,,,,,,,,,
2007-12-26,37.470,27.0959343343,,,561442901.82116020,15212820000.204998661440654860,,,,,,,,,,
2007-12-27,37.140,26.8572992041,,,561442901.80867660,15078839999.893764499654294060,,,,,,,,,,
2007-12-28,37.490,27.1103970695,,,561442901.82729460,15220940000.390263718953174700,,,,,,,,,,
2007-12-31,36.740,26.5680445007,,,561442901.81387340,14916439999.993129239836011380,,,,,,,,,,
2008-01-02,36.300,26.2498643271,,,561442901.83154610,14737800000.491409223829129310,,,,,,,,,,
2008-01-03,35.940,25.9895350941,,,561442901.79368880,14591639999.500414905494116080,,,,,,,,,,
2008-01-04,34.770,25.1434650868,,,561442901.81667520,14116620000.059253185255407360,,,,,,,,,,
2008-01-07,35.340,25.5556530391,,,561442901.79224170,14348039999.468024437406750470,,,,,,,,,,
2008-01-08,35.290,25.5194962012,,,561442901.83028280,14327740000.448606441721699360,,,,,,,,,,
2008-01-09,35.380,25.5845785094,,,561442901.79243200,14364279999.453830486760860800,,,,,,,,,,
2008-01-10,36.970,26.7343659551,,,561442901.80216430,15009819999.672333697416622930,,,,,,,,,,
2008-01-11,36.000,26.0329232996,,,561442901.83115140,14616000000.475216786155159440,,,,,,,,,,
2008-01-14,36.640,26.4957308249,,,561442901.83207480,14875840000.493408961882502520,,,,,,,,,,
2008-01-15,35.990,26.0256919320,,,561442901.81251790,14611939999.980715286635582800,,,,,,,,,,
2008-01-16,35.670,25.7942881693,,,561442901.81824560,14482020000.107833938961780080,,,,,,,,,,
2008-01-17,35.350,25.5628844067,,,561442901.81122350,14352099999.962524395198597450,,,,,,,,,,
2008-01-18,33.660,24.3407832851,,,561442901.80772770,13665959999.859578974172267270,,,,,,,,,,
2008-01-22,32.840,23.7478111433,,,561442901.79231300,13333039999.510178203681452900,,,,,,,,,,
2008-01-23,33.430,24.1744618307,,,561442901.82063450,13572580000.180376257905579150,,,,,,,,,,
2008-01-24,33.600,24.2973950796,,,561442901.82773950,13641600000.345663574090564200,,,,,,,,,,
2008-01-25,33.190,24.0009090087,,,561442901.81351550,13475140000.006673731367084850,,,,,,,,,,
2008-01-28,33.520,24.2395441389,,,561442901.82742260,13609120000.317909583123399140,,,,,,,,,,
2008-01-29,33.480,24.2106186686,,,561442901.79406600,13592879999.528370732300527600,,,,,,,,,,
2008-01-30,34.180,24.7168143994,,,561442901.82191340,13877080000.192789619579811960,,,,,,,,,,
2008-01-31,33.860,24.4854106368,,,561442901.82803600,13747160000.376050838853324800,,,,,,,,,,
2008-02-01,34.460,24.9192926918,,,561442901.82892190,13990760000.408438356542970420,,,,,,,,,,
2008-02-04,34.460,24.9192926918,,,561442901.82892190,13990760000.408438356542970420,,,,,,,,,,
2008-02-05,33.590,24.2901637120,,,561442901.79424670,13637539999.522590882715750400,,,,,,,,,,
2008-02-06,33.630,24.3190891823,,,561442901.79444440,13653779999.508394066278814120,,,,,,,,,,
2008-02-07,32.420,23.4440937048,,,561442901.81891950,13162520000.137575119487963600,,,,,,,,,,
2008-02-08,32.000,23.1403762663,,,561442901.83202530,12992000000.436399041381137390,,,,,,,,,,
2008-02-11,31.860,23.0391371201,,,561442901.80370570,12935159999.762415236605954570,,,,,,,,,,
2008-02-12,31.850,23.0319057525,,,561442901.83180440,12931100000.400228547814811000,,,,,,,,,,
2008-02-13,32.680,23.6321092619,,,561442901.81929700,13268080000.111820993846884300,,,,,,,,,,
2008-02-14,31.540,22.8077333575,,,561442901.81009400,12805239999.945678054010605000,,,,,,,,,,
2008-02-15,30.650,22.1641416425,,,561442901.81513510,12443900000.006874706673401750,,,,,,,,,,
2008-02-19,30.930,22.3666199349,,,561442901.82300500,12557580000.222527184422374500,,,,,,,,,,
2008-02-20,31.530,22.8005019899,,,561442901.82406900,12801180000.254915574214903100,,,,,,,,,,
2008-02-21,31.610,22.8583529305,,,561442901.81003990,12833659999.897949302486926950,,,,,,,,,,
2008-02-22,31.410,22.7137255789,,,561442901.80262820,12752459999.766197065586464980,,,,,,,,,,
2008-02-25,31.410,22.7137255789,,,561442901.80262820,12752459999.766197065586464980,,,,,,,,,,
2008-02-26,31.870,23.0463684877,,,561442901.82475650,12939220000.256913029325745050,,,,,,,,,,
2008-02-27,32.030,23.1620703690,,,561442901.79706290,13004179999.599127447319210100,,,,,,,,,,
2008-02-28,31.650,22.8872784009,,,561442901.81023000,12849899999.939896589661207000,,,,,,,,,,
2008-02-29,30.610,22.1352161722,,,561442901.82978920,12427660000.349646871556900240,,,,,,,,,,
2008-03-03,30.740,22.2292239508,,,561442901.83733450,12480440000.529129393031142600,,,,,,,,,,
2008-03-04,30.510,22.0629024964,,,561442901.83680700,12387060000.521349305704994800,,,,,,,,,,
2008-03-05,30.600,22.1279848046,,,561442901.80787310,12423599999.855145825445096260,,,,,,,,,,
2008-03-06,30.140,21.7953418958,,,561442901.82143120,12236840000.168165563677268960,,,,,,,,,,
2008-03-07,30.070,21.7447223227,,,561442901.82151450,12208420000.159750839271729150,,,,,,,,,,
2008-03-10,29.540,21.3614598408,,,561442901.82026350,11993240000.135775974924050800,,,,,,,,,,
2008-03-11,30.340,21.9399692475,,,561442901.79239580,12318039999.552326481348160500,,,,,,,,,,
2008-03-12,30.430,22.0050515557,,,561442901.79995670,12354579999.689859511527638190,,,,,,,,,,
2008-03-13,30.500,22.0556711288,,,561442901.81482150,12383000000.026851681475509200,,,,,,,,,,
2008-03-14,29.640,21.4337735166,,,561442901.81307180,12033839999.964072470534291880,,,,,,,,,,
2008-03-17,29.670,21.4554676194,,,561442901.82812270,12046020000.315259654140100380,,,,,,,,,,
2008-03-18,30.470,22.0339770260,,,561442901.80016760,12370819999.675666941349557600,,,,,,,,,,
2008-03-19,29.350,21.2240638567,,,561442901.83525400,11916100000.442380519264101800,,,,,,,,,,
2008-03-20,29.660,21.4482362518,,,561442901.80551160,12041959999.820761572165420880,,,,,,,,,,
2008-03-24,30.350,21.9472006151,,,561442901.81450470,12322100000.046826457941840970,,,,,,,,,,
2008-03-25,30.320,21.9255065123,,,561442901.79977800,12309919999.695641929694269400,,,,,,,,,,
2008-03-26,29.990,21.6868713821,,,561442901.82114360,12175940000.188139111534569560,,,,,,,,,,
2008-03-27,29.220,21.1300560781,,,561442901.82734040,11863320000.262895615777685240,,,,,,,,,,
2008-03-28,29.580,21.3903853111,,,561442901.82045330,12009480000.121583717863521630,,,,,,,,,,
2008-03-31,29.830,21.5711695007,,,561442901.79836860,12110979999.657473925336558020,,,,,,,,,,
2008-04-01,30.890,22.3376944645,,,561442901.83753650,12541340000.509155954366704250,,,,,,,,,,
2008-04-02,31.230,22.5835609624,,,561442901.82354210,12679380000.238721142852917040,,,,,,,,,,
2008-04-03,31.470,22.7571137844,,,561442901.79571000,12776819999.608687553784924000,,,,,,,,,,
2008-04-04,31.710,22.9306666064,,,561442901.80334990,12874259999.782389891584779360,,,,,,,,,,
2008-04-07,31.570,22.8294274602,,,561442901.82424190,12817420000.240720705907422380,,,,,,,,,,
2008-04-08,31.510,22.7860392547,,,561442901.83119240,12793060000.398228539308304280,,,,,,,,,,
2008-04-09,31.060,22.4606277135,,,561442901.83050100,12610360000.402010640189463500,,,,,,,,,,
2008-04-10,30.940,22.3738513025,,,561442901.79407370,12561639999.584715439525994250,,,,,,,,,,
2008-04-11,30.130,21.7881105282,,,561442901.79917060,12232779999.673667671887910920,,,,,,,,,,
2008-04-14,30.250,21.8748869392,,,561442901.83655300,12281500000.490960912848577600,,,,,,,,,,
2008-04-15,29.150,21.0794365051,,,561442901.81185300,11834899999.982049060074950300,,,,,,,,,,
2008-04-16,30.400,21.9833574530,,,561442901.83676210,12342400000.527131500422931300,,,,,,,,,,
2008-04-17,30.090,21.7591850579,,,561442901.81405660,12216540000.016437174904877140,,,,,,,,,,
2008-04-18,30.970,22.3955454052,,,561442901.82318260,12573820000.208331780270589520,,,,,,,,,,
2008-04-21,30.660,22.1713730101,,,561442901.80076190,12447959999.697637077276395190,,,,,,,,,,
2008-04-22,30.150,21.8025732634,,,561442901.80681290,12240899999.858930485506217860,,,,,,,,,,
2008-04-23,31.040,22.4461649783,,,561442901.83773640,12602240000.545323491027120120,,,,,,,,,,
2008-04-24,31.440,22.7354196816,,,561442901.81684160,12764640000.061236910989634560,,,,,,,,,,
2008-04-25,31.530,22.8005019899,,,561442901.82406900,12801180000.254915574214903100,,,,,,,,,,
2008-04-28,30.660,22.1713730101,,,561442901.80076190,12447959999.697637077276395190,,,,,,,,,,
2008-04-29,30.560,22.0990593343,,,561442901.80767330,12407359999.869340983729884190,,,,,,,,,,
2008-04-30,30.210,21.8459614689,,,561442901.83638880,12265260000.505154776719508320,,,,,,,,,,
2008-05-01,31.100,22.4895531838,,,561442901.83066820,12626600000.387814865791415160,,,,,,,,,,
2008-05-02,32.070,23.1909958394,,,561442901.79726670,13020419999.641074821992167980,,,,,,,,,,
2008-05-05,31.620,22.8655842981,,,561442901.79610480,12837719999.588714202622040880,,,,,,,,,,
2008-05-06,31.820,23.0102116498,,,561442901.80350860,12918919999.776611018234488280,,,,,,,,,,
2008-05-07,31.750,22.9595920767,,,561442901.78923690,12890499999.439619782579270230,,,,,,,,,,
2008-05-08,31.980,23.1259135311,,,561442901.79008590,12983879999.447395926641321490,,,,,,,,,,
2008-05-09,31.900,23.0680625904,,,561442901.78965870,12951399999.419647067053896480,,,,,,,,,,
2008-05-12,32.370,23.4079368669,,,561442901.79802350,13142219999.657270583202572150,,,,,,,,,,
2008-05-13,32.230,23.3066977207,,,561442901.81846440,13085380000.115598116654093080,,,,,,,,,,
2008-05-14,32.530,23.5236387482,,,561442901.81902200,13207180000.131794183028260400,,,,,,,,,,
2008-05-15,35.340,25.5556530391,,,561442901.79224170,14348039999.468024437406750470,,,,,,,,,,
2008-05-16,35.090,25.3748688495,,,561442901.81081490,14246539999.932134148220457550,,,,,,,,,,
2008-05-19,36.240,26.2064761216,,,561442901.80693220,14713439999.845182192650155520,,,,,,,,,,
2008-05-20,35.620,25.7581313314,,,561442901.79925540,14461719999.627533951930639560,,,,,,,,,,
2008-05-21,35.700,25.8159822721,,,561442901.83075000,14494200000.459022634647075000,,,,,,,,,,
2008-05-22,36.020,26.0473860347,,,561442901.79405930,14624119999.472023786243657710,,,,,,,,,,
2008-05-23,35.930,25.9823037265,,,561442901.81859390,14587580000.138225914960168350,,,,,,,,,,
2008-05-27,36.420,26.3366407381,,,561442901.81949510,14786520000.176393263433333310,,,,,,,,,,
2008-05-28,36.950,26.7199032200,,,561442901.80822710,15001699999.871791111781262000,,,,,,,,,,
2008-05-29,37.130,26.8500678365,,,561442901.83278100,15074780000.531580029448306500,,,,,,,,,,
2008-05-30,37.390,27.0380833936,,,561442901.83301440,15180340000.505821648869667840,,,,,,,,,,
2008-06-02,36.900,26.6837463821,,,561442901.80219550,14981399999.720059742961900550,,,,,,,,,,
2008-06-03,36.880,26.6692836469,,,561442901.79594960,14973279999.534801307936596240,,,,,,,,,,
2008-06-04,36.990,26.7488286903,,,561442901.80839170,15017939999.857593658260390510,,,,,,,,,,
2008-06-05,37.650,27.2260989508,,,561442901.80372390,15285899999.732474701322884120,,,,,,,,,,
2008-06-06,36.510,26.4017230463,,,561442901.82573010,14823060000.313926727493603630,,,,,,,,,,
2008-06-09,36.920,26.6982091172,,,561442901.79612790,14989519999.520606155437289880,,,,,,,,,,
2008-06-10,36.750,26.5752758683,,,561442901.83212610,14920500000.487626603012592630,,,,,,,,,,
2008-06-11,36.250,26.2137074891,,,561442901.82543860,14717500000.283535889712219260,,,,,,,,,,
2008-06-12,36.890,26.6765150145,,,561442901.81413790,14977340000.029298977723499550,,,,,,,,,,
2008-06-13,37.310,26.9802324530,,,561442901.80295120,15147859999.730476177415293600,,,,,,,,,,
2008-06-16,37.350,27.0091579233,,,561442901.80311990,15164099999.716279703744903670,,,,,,,,,,
2008-06-17,37.410,27.0525461288,,,561442901.82700960,15188460000.362507001760436480,,,,,,,,,,
2008-06-18,37.380,27.0308520260,,,561442901.81507440,15176280000.011322922580734400,,,,,,,,,,
2008-06-19,37.900,27.4068831404,,,561442901.82776690,15387400000.400676996191172760,,,,,,,,,,
2008-06-20,37.570,27.1682480101,,,561442901.81548420,15253420000.033298294017990420,,,,,,,,,,
2008-06-23,37.080,26.8139109986,,,561442901.81455780,15054480000.051271291015419080,,,,,,,,,,
2008-06-24,36.630,26.4884994573,,,561442901.81376720,14871779999.998909662868540560,,,,,,,,,,
2008-06-25,36.940,26.7126718524,,,561442901.83245520,14997640000.509602401824012480,,,,,,,,,,
2008-06-26,35.700,25.8159822721,,,561442901.83075000,14494200000.459022634647075000,,,,,,,,,,
2008-06-27,35.590,25.7364372287,,,561442901.83069290,14449540000.464804135876766230,,,,,,,,,,
2008-06-30,35.540,25.7002803907,,,561442901.81167720,14429239999.928353047438282040,,,,,,,,,,
2008-07-01,35.570,25.7219744935,,,561442901.82423270,14441420000.279538129608637450,,,,,,,,,,
2008-07-02,35.360,25.5701157742,,,561442901.79876180,14356159999.597140656208385560,,,,,,,,,,
2008-07-03,34.730,25.1145396165,,,561442901.81650950,14100380000.073447651498606750,,,,,,,,,,
2008-07-07,35.070,25.3604061143,,,561442901.81720770,14238420000.075448736033040110,,,,,,,,,,
2008-07-08,35.930,25.9823037265,,,561442901.81859390,14587580000.138225914960168350,,,,,,,,,,
2008-07-09,35.090,25.3748688495,,,561442901.81081490,14246539999.932134148220457550,,,,,,,,,,
2008-07-10,35.370,25.5773471418,,,561442901.81773100,14360220000.091640017411255800,,,,,,,,,,
2008-07-11,35.690,25.8087509045,,,561442901.81195990,14490139999.964524758042729550,,,,,,,,,,
2008-07-14,35.140,25.4110256874,,,561442901.83007530,14266840000.412439918176261220,,,,,,,,,,
2008-07-15,34.830,25.1868532923,,,561442901.79735480,14140979999.573171331811208040,,,,,,,,,,
2008-07-16,35.120,25.3965629522,,,561442901.82353210,14258720000.227177153007465620,,,,,,,,,,
2008-07-17,35.140,25.4110256874,,,561442901.83007530,14266840000.412439918176261220,,,,,,,,,,
2008-07-18,35.570,25.7219744935,,,561442901.82423270,14441420000.279538129608637450,,,,,,,,,,
2008-07-21,35.330,25.5484216715,,,561442901.81756940,14343980000.105836798415252100,,,,,,,,,,
2008-07-22,35.130,25.4037943198,,,561442901.79805120,14262779999.589362281269573760,,,,,,,,,,
2008-07-23,36.000,26.0329232996,,,561442901.83115140,14616000000.475216786155159440,,,,,,,,,,
2008-07-24,35.690,25.8087509045,,,561442901.81195990,14490139999.964524758042729550,,,,,,,,,,
2008-07-25,36.210,26.1847820188,,,561442901.82528940,14701260000.297731580226240720,,,,,,,,,,
2008-07-28,35.830,25.9099900507,,,561442901.79351820,14546979999.506193747749372740,,,,,,,,,,
2008-07-29,36.130,26.1269310781,,,561442901.79422720,14668779999.466240882852344320,,,,,,,,,,
2008-07-30,36.710,26.5463503980,,,561442901.80170950,14904259999.698085902405381000,,,,,,,,,,
2008-07-31,36.060,26.0763115051,,,561442901.82506630,14640360000.317706146260288130,,,,,,,,,,
2008-08-01,35.860,25.9316841534,,,561442901.80598740,14559159999.801235701820067160,,,,,,,,,,
2008-08-04,35.340,25.5556530391,,,561442901.79224170,14348039999.468024437406750470,,,,,,,,,,
2008-08-05,36.090,26.0980056078,,,561442901.79404300,14652539999.480438894634335400,,,,,,,,,,
2008-08-06,36.640,26.4957308249,,,561442901.83207480,14875840000.493408961882502520,,,,,,,,,,
2008-08-07,36.290,26.2426329595,,,561442901.81306680,14733739999.996909113455194600,,,,,,,,,,
2008-08-08,37.000,26.7560600579,,,561442901.82652270,15022000000.352094968317664330,,,,,,,,,,
2008-08-11,37.000,26.7560600579,,,561442901.82652270,15022000000.352094968317664330,,,,,,,,,,
2008-08-12,36.970,26.7343659551,,,561442901.80216430,15009819999.672333697416622930,,,,,,,,,,
2008-08-13,36.550,26.4306485166,,,561442901.82587770,14839300000.299733862998019820,,,,,,,,,,
2008-08-14,36.180,26.1630879161,,,561442901.81295690,14689080000.002691452800116090,,,,,,,,,,
2008-08-15,36.370,26.3004839001,,,561442901.80089810,14766219999.639945774770679810,,,,,,,,,,
2008-08-18,35.780,25.8738332127,,,561442901.81834090,14526680000.102054000430809430,,,,,,,,,,
2008-08-19,35.250,25.4905707308,,,561442901.83013500,14311500000.406656984412658000,,,,,,,,,,
2008-08-20,34.800,25.1651591896,,,561442901.82950430,14128800000.410440787557715280,,,,,,,,,,
2008-08-21,34.630,25.0422259407,,,561442901.83577500,14059780000.573728356288542500,,,,,,,,,,
2008-08-22,35.380,25.5845785094,,,561442901.79243200,14364279999.453830486760860800,,,,,,,,,,
2008-08-25,34.780,25.1506964544,,,561442901.83596110,14120680000.553754088186323840,,,,,,,,,,
2008-08-26,34.710,25.1000768813,,,561442901.82297180,14092260000.216760102441847340,,,,,,,,,,
2008-08-27,34.740,25.1217709841,,,561442901.83581760,14104440000.567947205780100160,,,,,,,,,,
2008-08-28,35.510,25.6785862880,,,561442901.79910040,14417059999.633310062175315200,,,,,,,,,,
2008-08-29,34.760,25.1362337192,,,561442901.82935350,14112560000.368490811036537200,,,,,,,,,,
2008-09-02,34.490,24.9409867945,,,561442901.80963020,14002939999.899746971128393900,,,,,,,,,,
2008-09-03,33.810,24.4492537988,,,561442901.80804350,13726859999.839602930770647800,,,,,,,,,,
2008-09-04,32.180,23.2705408828,,,561442901.79744450,13065079999.635297841814004600,,,,,,,,,,
2008-09-05,32.790,23.7116543054,,,561442901.83325460,13312740000.490760988984354840,,,,,,,,,,
2008-09-08,32.970,23.8418189219,,,561442901.79949560,13385819999.689657755955793640,,,,,,,,,,
2008-09-09,32.060,23.1837644718,,,561442901.82517950,13016360000.278891866757688100,,,,,,,,,,
2008-09-10,31.890,23.0608312229,,,561442901.81771770,12947340000.113603500577975330,,,,,,,,,,
2008-09-11,31.940,23.0969880608,,,561442901.78987260,12967639999.461594392553054080,,,,,,,,,,
2008-09-12,32.050,23.1765331042,,,561442901.79007650,13012299999.455817441300471300,,,,,,,,,,
2008-09-15,30.830,22.2943062590,,,561442901.79387690,12516979999.534352099545517100,,,,,,,,,,
2008-09-16,31.220,22.5763295948,,,561442901.80205930,12675319999.744221626174571640,,,,,,,,,,
2008-09-17,29.750,21.5133185601,,,561442901.81320560,12078500000.014437977757256560,,,,,,,,,,
2008-09-18,31.370,22.6848001085,,,561442901.80242690,12736219999.724248586683318650,,,,,,,,,,
2008-09-19,32.910,23.7984307164,,,561442901.80610540,13361459999.847167788415908560,,,,,,,,,,
2008-09-22,31.120,22.5040159190,,,561442901.82345130,12634720000.244502182721244700,,,,,,,,,,
2008-09-23,30.860,22.3160003618,,,561442901.80836600,12529159999.885537530266818800,,,,,,,,,,
2008-09-24,30.740,22.2292239508,,,561442901.83733450,12480440000.529129393031142600,,,,,,,,,,
2008-09-25,30.780,22.2581494211,,,561442901.82273260,12496680000.186359755510097860,,,,,,,,,,
2008-09-26,30.930,22.3666199349,,,561442901.82300500,12557580000.222527184422374500,,,,,,,,,,
2008-09-29,29.070,21.0215855644,,,561442901.82707430,11802420000.282871489966234920,,,,,,,,,,
2008-09-30,29.660,21.4482362518,,,561442901.80551160,12041959999.820761572165420880,,,,,,,,,,
2008-10-01,29.670,21.4554676194,,,561442901.82812270,12046020000.315259654140100380,,,,,,,,,,
2008-10-02,28.140,20.3490683792,,,561442901.79341510,11424839999.610674182189805920,,,,,,,,,,
2008-10-03,28.280,20.4503075253,,,561442901.82551060,11481680000.228508530694918180,,,,,,,,,,
2008-10-06,26.990,19.5174611071,,,561442901.81472210,10957940000.026202596944836910,,,,,,,,,,
2008-10-07,25.110,18.1579640014,,,561442901.80965570,10194659999.901283115528317980,,,,,,,,,,
2008-10-08,24.980,18.0639562229,,,561442901.80026580,10141879999.777945010784046820,,,,,,,,,,
2008-10-09,22.760,16.4585926194,,,561442901.81212770,9240559999.979603848630297380,,,,,,,,,,
2008-10-10,22.480,16.2561143271,,,561442901.80126210,9126879999.820095220672232910,,,,,,,,,,
2008-10-13,25.600,18.5123010130,,,561442901.81110880,10393599999.939448972893214400,,,,,,,,,,
2008-10-14,24.610,17.7963956223,,,561442901.84451130,9991660000.557069494602881990,,,,,,,,,,
2008-10-15,22.150,16.0174791968,,,561442901.78003370,8992899999.452715479352932160,,,,,,,,,,
2008-10-16,23.220,16.7912355282,,,561442901.84231110,9427320000.470319376317223020,,,,,,,,,,
2008-10-17,22.610,16.3501221056,,,561442901.81168450,9179659999.943433031822883200,,,,,,,,,,
2008-10-20,23.850,17.2468116860,,,561442901.81531690,9683100000.050158124713293400,,,,,,,,,,
2008-10-21,22.730,16.4368985166,,,561442901.79248010,9228379999.628415636725019660,,,,,,,,,,
2008-10-22,21.240,15.3594247467,,,561442901.79657500,8623439999.713371944302552500,,,,,,,,,,
2008-10-23,20.720,14.9833936324,,,561442901.84846520,8412320000.512471667392992480,,,,,,,,,,
2008-10-24,19.750,14.2819509768,,,561442901.82429390,8018500000.126900767075281520,,,,,,,,,,
2008-10-27,18.920,13.6817474674,,,561442901.84556820,7681520000.415309506263976680,,,,,,,,,,
2008-10-28,21.150,15.2943424385,,,561442901.78571430,8586899999.575837651526320550,,,,,,,,,,
2008-10-29,21.300,15.4028129522,,,561442901.78637060,8647799999.555861595109285320,,,,,,,,,,
2008-10-30,22.530,16.2922711650,,,561442901.83132360,9147180000.300399182063994000,,,,,,,,,,
2008-10-31,22.190,16.0464046671,,,513042651.67873320,8232490000.318984070295717720,,,,,,,,,,
2008-11-03,23.000,16.6321454414,,,513042651.63016470,8532999999.554412093836198580,,,,,,,,,,
2008-11-04,24.640,17.8180897250,,,513042651.62684290,9141439999.439004010679202500,,,,,,,,,,
2008-11-05,23.260,16.8201609986,,,513042651.68599840,8629460000.507154821382002240,,,,,,,,,,
2008-11-06,21.430,15.4968207308,,,513042651.68785620,7950530000.460973570769310960,,,,,,,,,,
2008-11-07,21.840,15.7933068017,,,513042651.65365390,8102639999.923855891527731630,,,,,,,,,,
2008-11-10,21.710,15.6992990232,,,513042651.67907214,8054410000.365195087384333648,,,,,,,,,,
2008-11-11,20.940,15.1424837192,,,513042651.66640490,7768740000.113732947845104080,,,,,,,,,,
2008-11-12,19.370,14.0071590087,,,513042651.65233135,7186269999.939289009509932745,,,,,,,,,,
2008-11-13,20.970,15.1641778220,,,513042651.69277640,7779870000.539670642485000800,,,,,,,,,,
2008-11-14,20.750,15.0050877352,,,513042651.65978706,7698250000.054756737049666512,,,,,,,,,,
2008-11-17,19.120,13.8263748191,,,513042651.66901430,7093520000.160751905237813130,,,,,,,,,,
2008-11-18,19.000,13.7395984081,,,513042651.61816700,7048999999.460370202239952700,,,,,,,,,,
2008-11-19,17.640,12.7561324168,,,513042651.70075280,6544440000.561004445043367040,,,,,,,,,,
2008-11-20,16.200,11.7148154848,,,513042651.67844266,6010200000.245472783716901568,,,,,,,,,,
2008-11-21,17.290,12.5030345514,,,513042651.66951940,6414590000.165875952432597160,,,,,,,,,,
2008-11-24,18.610,13.4575750724,,,513042651.63944775,6904309999.781029032902267100,,,,,,,,,,
2008-11-25,18.550,13.4141868669,,,513042651.62450300,6882049999.580960092839650700,,,,,,,,,,
2008-11-26,18.690,13.5154260130,,,513042651.61987585,6933989999.481766650920486050,,,,,,,,,,
2008-11-28,18.830,13.6166651592,,,513042651.67642360,6985930000.265938706180637120,,,,,,,,,,
2008-12-01,17.260,12.4813404486,,,513042651.66154100,6403460000.040191680307292600,,,,,,,,,,
2008-12-02,17.640,12.7561324168,,,513042651.70075280,6544440000.561004445043367040,,,,,,,,,,
2008-12-03,18.200,13.1610890014,,,513042651.67939980,6752200000.266839946733359720,,,,,,,,,,
2008-12-04,17.510,12.6621246382,,,513042651.61948025,6496209999.518480004603295550,,,,,,,,,,
2008-12-05,17.260,12.4813404486,,,513042651.66154100,6403460000.040191680307292600,,,,,,,,,,
2008-12-08,17.240,12.4668777135,,,513042651.65620660,6396040000.007705925491609100,,,,,,,,,,
2008-12-09,17.930,12.9658420767,,,513042651.69245820,6652030000.455816997615943940,,,,,,,,,,
2008-12-10,18.190,13.1538576339,,,513042651.67688180,6748490000.276250301077973020,,,,,,,,,,
2008-12-11,18.130,13.1104694284,,,513042651.63881330,6726229999.775932928505317720,,,,,,,,,,
2008-12-12,17.390,12.5753482272,,,513042651.65362555,6451689999.950407208645124960,,,,,,,,,,
2008-12-15,16.480,11.9172937771,,,513042651.64183640,6114079999.798140027736266440,,,,,,,,,,
2008-12-16,16.320,11.8015918958,,,513042651.64162500,6054719999.813544165942675000,,,,,,,,,,
2008-12-17,16.330,11.8088232634,,,513042651.64445290,6058429999.855437671085593860,,,,,,,,,,
2008-12-18,16.280,11.7726664255,,,513042651.63027793,6039879999.697265825744639215,,,,,,,,,,
2008-12-19,16.280,11.7726664255,,,513042651.63027793,6039879999.697265825744639215,,,,,,,,,,
2008-12-22,15.810,11.4327921491,,,513042651.70497876,5865510000.566126896710253116,,,,,,,,,,
2008-12-23,15.620,11.2953961650,,,513042651.69665680,5795020000.455847962041172000,,,,,,,,,,
2008-12-24,15.580,11.2664706946,,,513042651.65829150,5780179999.988017277854275900,,,,,,,,,,
2008-12-26,15.450,11.1724629161,,,513042651.66717340,5731950000.129104651208351740,,,,,,,,,,
2008-12-29,14.990,10.8398200072,,,513042651.67342160,5561290000.156496020160635520,,,,,,,,,,
2008-12-30,14.880,10.7602749638,,,513042651.61161330,5520479999.498008313317098540,,,,,,,,,,
2008-12-31,15.630,11.3026275326,,,513042651.69957626,5798730000.497742820029336076,,,,,,,,,,
2009-01-02,16.240,11.7437409551,,,513042651.68972670,6025040000.361747664715971170,,,,,,,,,,
2009-01-05,16.790,12.1414661722,,,513042651.66422635,6229090000.076992261408877470,,,,,,,,,,
2009-01-06,18.130,13.1104694284,,,513042651.63881330,6726229999.775932928505317720,,,,,,,,,,
2009-01-07,18.230,13.1827831042,,,513042651.68693740,6763330000.392523984563077080,,,,,,,,,,
2009-01-08,18.350,13.2695595152,,,513042651.67676425,6807850000.260846288334691600,,,,,,,,,,
2009-01-09,18.520,13.3924927641,,,513042651.67912340,6870920000.287336849530989940,,,,,,,,,,
2009-01-12,18.520,13.3924927641,,,513042651.67912340,6870920000.287336849530989940,,,,,,,,,,
2009-01-13,19.060,13.7829866136,,,513042651.65456280,7071259999.960686963760534080,,,,,,,,,,
2009-01-14,18.450,13.3418731910,,,513042651.63923990,6844949999.745127025427520900,,,,,,,,,,
2009-01-15,19.120,13.8263748191,,,513042651.66901430,7093520000.160751905237813130,,,,,,,,,,
2009-01-16,19.510,14.1083981548,,,513042651.64769900,7238209999.840095751265805200,,,,,,,,,,
2009-01-19,23.000,16.6321454414,,,513042651.63016470,8532999999.554412093836198580,,,,,,,,,,
2009-01-20,18.550,13.4141868669,,,513042651.62450300,6882049999.580960092839650700,,,,,,,,,,
2009-01-21,19.260,13.9276139653,,,513042651.66420054,7145460000.112862726963801262,,,,,,,,,,
2009-01-22,18.900,13.6672847323,,,513042651.63251950,7011899999.675841432532029850,,,,,,,,,,
2009-01-23,18.640,13.4792691751,,,513042651.66915880,6915440000.155658776186905880,,,,,,,,,,
2009-01-26,18.910,13.6745160999,,,513042651.65692335,7015610000.017985760875242665,,,,,,,,,,
2009-01-27,18.700,13.5226573806,,,513042651.62235710,6937699999.523661802283812260,,,,,,,,,,
2009-01-28,18.960,13.7106729378,,,513042651.66906170,7034160000.176156251708462260,,,,,,,,,,
2009-01-29,18.570,13.4286496020,,,513042651.62949530,6889469999.613446711805870600,,,,,,,,,,
2009-01-30,18.080,13.0743125904,,,513042651.68967490,6707680000.398518378752860960,,,,,,,,,,
2009-02-02,18.030,13.0381557525,,,513042651.67700136,6689130000.240349053834323400,,,,,,,,,,
2009-02-03,18.210,13.1683203690,,,513042651.68191510,6755910000.308734720258671900,,,,,,,,,,
2009-02-04,18.480,13.3635672938,,,513042651.66920865,6856080000.171062691668051370,,,,,,,,,,
2009-02-05,19.320,13.9710021708,,,513042651.61891640,7167719999.480869158743721120,,,,,,,,,,
2009-02-06,19.300,13.9565394356,,,513042651.69523840,7160300000.529389922343447040,,,,,,,,,,
2009-02-09,19.040,13.7685238784,,,513042651.62791840,7063839999.576647122486722560,,,,,,,,,,
2009-02-10,18.260,13.2044772069,,,513042651.63143677,6774459999.634843928963557713,,,,,,,,,,
2009-02-11,18.370,13.2840222504,,,513042651.68175390,6815270000.344635787296976560,,,,,,,,,,
2009-02-12,18.630,13.4720378075,,,513042651.66669470,6911730000.113763886959870250,,,,,,,,,,
2009-02-13,18.470,13.3563359262,,,513042651.66672320,6852370000.129167385191027840,,,,,,,,,,
2009-02-17,17.650,12.7633637844,,,513042651.61462027,6548149999.470590539676149788,,,,,,,,,,
2009-02-18,16.050,11.6063449711,,,513042651.68144700,5954550000.302771347621181700,,,,,,,,,,
2009-02-19,15.560,11.2520079595,,,513042651.65237690,5772759999.955530705893935550,,,,,,,,,,
2009-02-20,15.180,10.9772159913,,,513042651.60658110,5631779999.434716687240344430,,,,,,,,,,
2009-02-23,14.280,10.3263929088,,,513042651.70288825,5297880000.456653469278841600,,,,,,,,,,
2009-02-24,14.910,10.7819690666,,,513042651.62096596,5531609999.623695328731572936,,,,,,,,,,
2009-02-25,14.660,10.6011848770,,,513042651.67051190,5438860000.145409541128536300,,,,,,,,,,
2009-02-26,14.210,10.2757733357,,,513042651.68044080,5271910000.214696369862376560,,,,,,,,,,
2009-02-27,13.870,10.0299068379,,,513042651.64429486,5145769999.861460694837823194,,,,,,,,,,
2009-03-02,12.680,9.1693740955,,,513042651.67512570,4704280000.156527275286304350,,,,,,,,,,
2009-03-03,12.680,9.1693740955,,,513042651.67512570,4704280000.156527275286304350,,,,,,,,,,
2009-03-04,13.310,9.6249502533,,,513042651.67111754,4938010000.155626434917072882,,,,,,,,,,
2009-03-05,12.540,9.0681349493,,,513042651.68258727,4652340000.204416073334275411,,,,,,,,,,
2009-03-06,12.650,9.1476799928,,,513042651.63143045,4693149999.781896607109700760,,,,,,,,,,
2009-03-09,12.440,8.9958212735,,,513042651.70491016,4615240000.419881861734288760,,,,,,,,,,
2009-03-10,13.430,9.7117266643,,,513042651.65735870,4982530000.023947074099584410,,,,,,,,,,
2009-03-11,13.530,9.7840403401,,,513042651.60633270,5019629999.508229201421751270,,,,,,,,,,
2009-03-12,13.810,9.9865186324,,,513042651.70756050,5123510000.493456609200260200,,,,,,,,,,
2009-03-13,13.990,10.1166832489,,,513042651.63131684,5190289999.729781333876481476,,,,,,,,,,
2009-03-16,13.760,9.9503617945,,,513042651.66084420,5104960000.035036099296916900,,,,,,,,,,
2009-03-17,14.420,10.4276320550,,,513042651.69613000,5349820000.408765307447150000,,,,,,,,,,
2009-03-18,14.530,10.5071770984,,,513042651.68006545,5390630000.235191980053090280,,,,,,,,,,
2009-03-19,14.740,10.6590358177,,,513042651.61735800,5468539999.597201757043636600,,,,,,,,,,
2009-03-20,14.430,10.4348634226,,,513042651.61955400,5353529999.618598685525520400,,,,,,,,,,
2009-03-23,15.890,11.4906430897,,,513042651.65549860,5895189999.966619253098024420,,,,,,,,,,
2009-03-24,15.790,11.4183294139,,,513042651.69920970,5858090000.482338932894194830,,,,,,,,,,
2009-03-25,15.960,11.5412626628,,,513042651.70170810,5921160000.508828577514328680,,,,,,,,,,
2009-03-26,17.140,12.3945640376,,,513042651.67225450,6358940000.171869127414769200,,,,,,,,,,
2009-03-27,16.210,11.7220468524,,,513042651.68126893,6013910000.287368028944415932,,,,,,,,,,
2009-03-30,15.390,11.1290747106,,,513042651.64926845,5709689999.929038887885460570,,,,,,,,,,
2009-03-31,15.370,11.1146119754,,,513042651.61625530,5702269999.545001322683719620,,,,,,,,,,
2009-04-01,16.000,11.5701881331,,,513042651.64118930,5935999999.793045678030695830,,,,,,,,,,
2009-04-02,16.320,11.8015918958,,,513042651.64162500,6054719999.813544165942675000,,,,,,,,,,
2009-04-03,16.460,11.9028310420,,,513042651.63622520,6106659999.765653402262658400,,,,,,,,,,
2009-04-06,15.980,11.5557253980,,,513042651.63540876,5928579999.760559244043686480,,,,,,,,,,
2009-04-07,15.600,11.2809334298,,,513042651.66419080,5787600000.071806599285605840,,,,,,,,,,
2009-04-08,16.200,11.7148154848,,,513042651.67844266,6010200000.245472783716901568,,,,,,,,,,
2009-04-09,17.000,12.2933248915,,,513042651.70215905,6307000000.571316693656993075,,,,,,,,,,
2009-04-13,16.680,12.0619211288,,,513042651.67800987,6188280000.250566025287941256,,,,,,,,,,
2009-04-14,16.520,11.9462192475,,,513042651.67815130,6128920000.265969235277146750,,,,,,,,,,
2009-04-15,16.360,11.8305173661,,,513042651.67829555,6069560000.230068814723350855,,,,,,,,,,
2009-04-16,16.820,12.1631602750,,,513042651.67242295,6240220000.202677138438311250,,,,,,,,,,
2009-04-17,17.010,12.3005562590,,,513042651.61278440,6310709999.429591595837559600,,,,,,,,,,
2009-04-20,16.420,11.8739055716,,,513042651.62496185,6091819999.598072304352443460,,,,,,,,,,
2009-04-21,16.600,12.0040701881,,,513042651.63091666,6158599999.666460522581623746,,,,,,,,,,
2009-04-22,16.760,12.1197720695,,,513042651.63122690,6217959999.702362396637069550,,,,,,,,,,
2009-04-23,16.400,11.8594428365,,,513042651.68946990,6084400000.397648428037371350,,,,,,,,,,
2009-04-24,16.900,12.2210112156,,,513042651.62605390,6269899999.603168289070120840,,,,,,,,,,
2009-04-27,16.920,12.2354739508,,,513042651.63153124,6277319999.686959606936422992,,,,,,,,,,
2009-04-28,17.040,12.3222503618,,,513042651.62096596,6321839999.555279157075484328,,,,,,,,,,
2009-04-29,18.030,13.0381557525,,,513042651.67700136,6689130000.240349053834323400,,,,,,,,,,
2009-04-30,18.260,13.2044772069,,,513042651.63143677,6774459999.634843928963557713,,,,,,,,,,
2009-05-01,18.810,13.6022024240,,,513042651.67155033,6978510000.182149550563999920,,,,,,,,,,
2009-05-04,19.420,14.0433158466,,,513042651.66419405,7204820000.097460164182432730,,,,,,,,,,
2009-05-05,18.730,13.5443514834,,,513042651.62978506,6948829999.649348705034158004,,,,,,,,,,
2009-05-06,19.230,13.9059198625,,,513042651.65703120,7134329999.987178701862210000,,,,,,,,,,
2009-05-07,18.770,13.5732769537,,,513042651.66177255,6963670000.065874360206280935,,,,,,,,,,
2009-05-08,19.340,13.9854649059,,,513042651.62371570,7175139999.513355574508852630,,,,,,,,,,
2009-05-11,18.840,13.6238965268,,,513042651.61778270,6989639999.475772127647126360,,,,,,,,,,
2009-05-12,18.990,13.7323670405,,,513042651.69817850,7045290000.550787787285729250,,,,,,,,,,
2009-05-13,18.050,13.0526184877,,,513042651.68207920,6696550000.324138468695625840,,,,,,,,,,
2009-05-14,18.330,13.2550967800,,,513042651.67176366,6800430000.177056106587014800,,,,,,,,,,
2009-05-15,17.650,12.7633637844,,,513042651.61462027,6548149999.470590539676149788,,,,,,,,,,
2009-05-18,17.870,12.9224538712,,,513042651.65388830,6629769999.955501944867386960,,,,,,,,,,
2009-05-19,18.370,13.2840222504,,,513042651.68175390,6815270000.344635787296976560,,,,,,,,,,
2009-05-20,18.640,13.4792691751,,,513042651.66915880,6915440000.155658776186905880,,,,,,,,,,
2009-05-21,17.680,12.7850578871,,,513042651.64598670,6559279999.845220055896701570,,,,,,,,,,
2009-05-22,17.690,12.7922892547,,,513042651.64859486,6562989999.887115267931650842,,,,,,,,,,
2009-05-26,18.050,13.0526184877,,,513042651.68207920,6696550000.324138468695625840,,,,,,,,,,
2009-05-27,17.890,12.9369166064,,,513042651.68224627,6637190000.339542666417458128,,,,,,,,,,
2009-05-28,17.980,13.0019989146,,,513042651.64116454,6670579999.781927257760008284,,,,,,,,,,
2009-05-29,18.230,13.1827831042,,,513042651.68693740,6763330000.392523984563077080,,,,,,,,,,
2009-06-01,18.880,13.6528219971,,,513042651.62761770,7004479999.592051052429308670,,,,,,,,,,
2009-06-02,19.550,14.1373236252,,,513042651.65713555,7253050000.007676341173795860,,,,,,,,,,
2009-06-03,19.330,13.9782335384,,,513042651.62131727,7171429999.522764199901128168,,,,,,,,,,
2009-06-04,20.040,14.4916606368,,,513042651.68030130,7434840000.354915727173867840,,,,,,,,,,
2009-06-05,19.900,14.3904214906,,,513042651.68503964,7382900000.402804737968887384,,,,,,,,,,
2009-06-08,19.640,14.2024059334,,,513042651.61964140,7286439999.450064139340282760,,,,,,,,,,
2009-06-09,19.720,14.2602568741,,,513042651.68057555,7316120000.334419404331888255,,,,,,,,,,
2009-06-10,19.450,14.0650099493,,,513042651.69262970,7215950000.472091215980674210,,,,,,,,,,
2009-06-11,19.720,14.2602568741,,,513042651.68057555,7316120000.334419404331888255,,,,,,,,,,
2009-06-12,19.360,13.9999276411,,,513042651.64995146,7182559999.897393966327301006,,,,,,,,,,
2009-06-15,18.890,13.6600533647,,,513042651.63006985,7008189999.633945594188524295,,,,,,,,,,
2009-06-16,18.570,13.4286496020,,,513042651.62949530,6889469999.613446711805870600,,,,,,,,,,
2009-06-17,18.380,13.2912536179,,,513042651.68424460,6818980000.335225568178538340,,,,,,,,,,
2009-06-18,18.720,13.5371201158,,,513042651.62731177,6945119999.607453766345102966,,,,,,,,,,
2009-06-19,18.890,13.6600533647,,,513042651.63006985,7008189999.633945594188524295,,,,,,,,,,
2009-06-22,18.400,13.3057163531,,,513042651.62668395,6826399999.586954949840302745,,,,,,,,,,
2009-06-23,18.550,13.4141868669,,,513042651.62450300,6882049999.580960092839650700,,,,,,,,,,
2009-06-24,19.010,13.7468297757,,,513042651.62060875,7052709999.502266224259957375,,,,,,,,,,
2009-06-25,19.960,14.4338096961,,,513042651.64114475,7405159999.770809670253610475,,,,,,,,,,
2009-06-26,20.380,14.7375271346,,,513042651.62807137,7560979999.575836682440396402,,,,,,,,,,
2009-06-29,20.430,14.7736839725,,,513042651.63940710,7579529999.734009522672704750,,,,,,,,,,
2009-06-30,20.310,14.6869075615,,,513042651.66876110,7535010000.165937992927057650,,,,,,,,,,
2009-07-01,20.620,14.9110799566,,,513042651.66645150,7650020000.144540550296004900,,,,,,,,,,
2009-07-02,19.720,14.2602568741,,,513042651.68057555,7316120000.334419404331888255,,,,,,,,,,
2009-07-03,19.720,14.2602568741,,,513042651.68057555,7316120000.334419404331888255,,,,,,,,,,
2009-07-06,19.550,14.1373236252,,,513042651.65713555,7253050000.007676341173795860,,,,,,,,,,
2009-07-07,18.990,13.7323670405,,,513042651.69817850,7045290000.550787787285729250,,,,,,,,,,
2009-07-08,18.810,13.6022024240,,,513042651.67155033,6978510000.182149550563999920,,,,,,,,,,
2009-07-09,18.880,13.6528219971,,,513042651.62761770,7004479999.592051052429308670,,,,,,,,,,
2009-07-10,18.960,13.7106729378,,,513042651.66906170,7034160000.176156251708462260,,,,,,,,,,
2009-07-13,19.390,14.0216217438,,,513042651.65708375,7193689999.971774610297643250,,,,,,,,,,
2009-07-14,19.490,14.0939354197,,,513042651.62166286,7230789999.507361826366002342,,,,,,,,,,
2009-07-15,20.560,14.8676917511,,,513042651.63285200,7627759999.644224626167137200,,,,,,,,,,
2009-07-16,20.830,15.0629386758,,,513042651.62221490,7727929999.455246427669029420,,,,,,,,,,
2009-07-17,20.960,15.1569464544,,,513042651.67078793,7776160000.197523351667815392,,,,,,,,,,
2009-07-20,21.560,15.5908285094,,,513042651.68131310,7998760000.371190122707693140,,,,,,,,,,
2009-07-21,21.480,15.5329775687,,,513042651.64493110,7969079999.787082933357016570,,,,,,,,,,
2009-07-22,21.500,15.5474403039,,,513042651.64922400,7976499999.870873022759173600,,,,,,,,,,
2009-07-23,22.120,15.9957850941,,,513042651.64546570,8206519999.828079081912822370,,,,,,,,,,
2009-07-24,22.270,16.1042556078,,,513042651.64352256,8262169999.770780073425811968,,,,,,,,,,
2009-07-27,22.660,16.3862789436,,,513042651.62560890,8406859999.501425428598758040,,,,,,,,,,
2009-07-28,23.290,16.8418551013,,,513042651.62465790,8640589999.449223385982345270,,,,,,,,,,
2009-07-29,22.630,16.3645848408,,,513042651.67031080,8395730000.207802917104520640,,,,,,,,,,
2009-07-30,23.160,16.7478473227,,,513042651.63039434,8592359999.539008637114233518,,,,,,,,,,
2009-07-31,23.220,16.7912355282,,,513042651.66023790,8614620000.039323341744158780,,,,,,,,,,
2009-08-03,23.950,17.3191253618,,,513042651.64690036,8885449999.822954563233550248,,,,,,,,,,
2009-08-04,24.170,17.4782154486,,,513042651.67563930,8967070000.307867489541289980,,,,,,,,,,
2009-08-05,23.530,17.0154079233,,,513042651.65832620,8729630000.017925507895980460,,,,,,,,,,
2009-08-06,23.270,16.8273923661,,,513042651.68796384,8633170000.497744000468841824,,,,,,,,,,
2009-08-07,23.730,17.1600352750,,,513042651.68361390,8803830000.470352663480322500,,,,,,,,,,
2009-08-10,23.830,17.2323489508,,,513042651.67195620,8840930000.254884288853554960,,,,,,,,,,
2009-08-11,23.890,17.2757371563,,,513042651.68347853,8863190000.454948787554304239,,,,,,,,,,
2009-08-12,24.380,17.6300741679,,,513042651.63776493,9044979999.669878120485551747,,,,,,,,,,
2009-08-13,24.590,17.7819328871,,,513042651.66421510,9122890000.112896032898415210,,,,,,,,,,
2009-08-14,24.040,17.3842076700,,,513042651.68144130,8918840000.397650244114771000,,,,,,,,,,
2009-08-17,23.560,17.0371020260,,,513042651.68180880,8740760000.392557013824628800,,,,,,,,,,
2009-08-18,25.410,18.3749050289,,,513042651.68414700,9427110000.471223764706848300,,,,,,,,,,
2009-08-19,25.250,18.2592031476,,,513042651.68427850,9367750000.486628428635006600,,,,,,,,,,
2009-08-20,25.320,18.3098227207,,,513042651.65148450,9393719999.896526275983879150,,,,,,,,,,
2009-08-21,25.550,18.4761441751,,,513042651.68043536,9479050000.423334003296071536,,,,,,,,,,
2009-08-24,25.500,18.4399873372,,,513042651.65517370,9460499999.964913648866471640,,,,,,,,,,
2009-08-25,25.340,18.3242854559,,,513042651.65512170,9401139999.980316630054483030,,,,,,,,,,
2009-08-26,25.480,18.4255246020,,,513042651.65155935,9453079999.881122735088128700,,,,,,,,,,
2009-08-27,25.540,18.4689128075,,,513042651.67864233,9475340000.381438702748641475,,,,,,,,,,
2009-08-28,25.830,18.6786224674,,,513042651.67313290,9582930000.276252386886117460,,,,,,,,,,
2009-08-31,25.680,18.5701519537,,,513042651.67497950,9527280000.333549139332449150,,,,,,,,,,
2009-09-01,25.850,18.6930852026,,,513042651.67668150,9590350000.360041027123171900,,,,,,,,,,
2009-09-02,25.220,18.2375090449,,,513042651.66237230,9356620000.111994842241216270,,,,,,,,,,
2009-09-03,25.290,18.2881286179,,,513042651.62960030,9382589999.470593317168425370,,,,,,,,,,
2009-09-04,25.860,18.7003165702,,,513042651.67845380,9594060000.401936438455156760,,,,,,,,,,
2009-09-08,26.410,19.0980417873,,,513042651.66247690,9798110000.117181651620963370,,,,,,,,,,
2009-09-09,27.150,19.6331629884,,,513042651.65234447,10072649999.891403552491414148,,,,,,,,,,
2009-09-10,27.860,20.1465900868,,,513042651.67907820,10336060000.423302239081987760,,,,,,,,,,
2009-09-11,28.050,20.2839860709,,,513042651.64286757,10406549999.701526791213330713,,,,,,,,,,
2009-09-14,28.100,20.3201429088,,,513042651.66585870,10425100000.159947169867786560,,,,,,,,,,
2009-09-15,28.320,20.4792329957,,,513042651.63494813,10506719999.563850295154013041,,,,,,,,,,
2009-09-16,28.630,20.7034053907,,,513042651.63365096,10621729999.491151446786230072,,,,,,,,,,
2009-09-17,28.490,20.6021662446,,,513042651.63673130,10569789999.590342530340275980,,,,,,,,,,
2009-09-18,28.370,20.5153898336,,,513042651.64309910,10525269999.722021611737309760,,,,,,,,,,
2009-09-21,28.810,20.8335700072,,,513042651.63702770,10688509999.559538271675599440,,,,,,,,,,
2009-09-22,28.530,20.6310917149,,,513042651.65776630,10584630000.006869062170427870,,,,,,,,,,
2009-09-23,28.270,20.4430761577,,,513042651.66746974,10488170000.186436790480217998,,,,,,,,,,
2009-09-24,27.830,20.1248959841,,,513042651.67414045,10324930000.348924284024366845,,,,,,,,,,
2009-09-25,27.580,19.9441117945,,,513042651.64418400,10232179999.738324931728188000,,,,,,,,,,
2009-09-28,27.890,20.1682841896,,,513042651.64274970,10347189999.716929241980143120,,,,,,,,,,
2009-09-29,27.900,20.1755155572,,,513042651.64440450,10350899999.758823152079687400,,,,,,,,,,
2009-09-30,27.830,20.1248959841,,,513042651.67414045,10324930000.348924284024366845,,,,,,,,,,
2009-10-01,26.610,19.2426691389,,,513042651.66939310,9872310000.218053171062601590,,,,,,,,,,
2009-10-02,26.310,19.0257281114,,,513042651.67295533,9761010000.281344461097463762,,,,,,,,,,
2009-10-05,26.820,19.3945278582,,,513042651.63501340,9950219999.580065164830299880,345000000,345000000,477088180,477088180,477243141,477088187.84728444,477088187.84728444,477088180,477088180,477243141
2009-10-06,27.220,19.6837825615,,,513042651.67944680,10098620000.433613609806978200,345000000,345000000,477088180,477088180,477243141,477088187.84728444,477088187.84728444,477088180,477088180,477243141
2009-10-07,27.100,19.5970061505,,,513042651.62852246,10054099999.432983489847390230,345000000,345000000,477088180,477088180,477243141,477088187.84728444,477088187.84728444,477088180,477088180,477243141
2009-10-08,27.400,19.8139471780,,,513042651.68269646,10165400000.502000475047589880,345000000,345000000,477088180,477088180,477243141,477088187.84728444,477088187.84728444,477088180,477088180,477243141
2009-10-09,27.470,19.8645667511,,,513042651.65247333,10191369999.911901183197498163,345000000,345000000,477088180,477088180,477243141,477088187.84728444,477088187.84728444,477088180,477088180,477243141
2009-10-12,27.460,19.8573353835,,,513042651.65079546,10187659999.870005373779158910,345000000,345000000,477088180,477088180,477243141,477088187.84728444,477088187.84728444,477088180,477088180,477243141
2009-10-13,27.290,19.7344021346,,,513042651.64903260,10124589999.843513151464987960,345000000,345000000,477088180,477088180,477243141,477088187.84728444,477088187.84728444,477088180,477088180,477243141
2009-10-14,27.590,19.9513431621,,,513042651.64585700,10235889999.780221367744419700,345000000,345000000,477088180,477088180,477243141,477088187.84728444,477088187.84728444,477088180,477088180,477243141
2009-10-15,27.620,19.9730372648,,,513042651.65086854,10247019999.854602588705969392,345000000,345000000,477088180,477088180,477243141,477088187.84728444,477088187.84728444,477088180,477088180,477243141
2009-10-16,27.210,19.6765511939,,,513042651.67776346,10094910000.391718446944794894,345000000,345000000,477088180,477088180,477243141,477088187.84728444,477088187.84728444,477088180,477088180,477243141
2009-10-19,27.400,19.8139471780,,,513042651.68269646,10165400000.502000475047589880,345000000,345000000,477088180,477088180,477243141,477088187.84728444,477088187.84728444,477088180,477088180,477243141
2009-10-20,26.470,19.1414299928,,,513042651.67289760,9820370000.317245215523137280,345000000,345000000,477088180,477088180,477243141,477088187.84728444,477088187.84728444,477088180,477088180,477243141
2009-10-21,26.880,19.4379160637,,,513042651.66078320,9972480000.080381246603089840,345000000,345000000,477088180,477088180,477243141,477088187.84728444,477088187.84728444,477088180,477088180,477243141
2009-10-22,26.870,19.4306846961,,,513042651.65907156,9968770000.038485035626752916,345000000,345000000,477088180,477088180,477243141,477088187.84728444,477088187.84728444,477088180,477088180,477243141
2009-10-23,26.200,18.9461830680,,,513042651.63785017,9720199999.622859358774921560,345000000,345000000,477088180,477088180,477243141,477088187.84728444,477088187.84728444,477088180,477088180,477243141
2009-10-26,25.710,18.5918460564,,,513042651.68032940,9538410000.407930988842978160,345000000,345000000,477088180,477088180,477243141,477088187.84728444,477088187.84728444,477088180,477088180,477243141
2009-10-27,25.730,18.6063087916,,,513042651.68388890,9545830000.491718584147653240,345000000,345000000,477088180,477088180,477243141,477088187.84728444,477088187.84728444,477088180,477088180,477243141
2009-10-28,25.320,18.3098227207,,,513042651.65148450,9393719999.896526275983879150,345000000,345000000,477088180,477088180,477243141,477088187.84728444,477088187.84728444,477088180,477088180,477243141
2009-10-29,25.730,18.6063087916,,,513042651.68388890,9545830000.491718584147653240,345000000,345000000,477088180,477088180,477243141,477088187.84728444,477088187.84728444,477088180,477088180,477243141
2009-10-30,24.740,17.8904034009,,,513042651.66235230,9178540000.106901626413937070,345000000,345000000,477088180,477088180,477243141,477088187.84728444,477088187.84728444,477088180,477088180,477243141
2009-11-02,25.070,18.1290385311,,,478471044.42653980,8674220000.424399937647687780,345000000,345000000,477088180,477088180,477243141,477088187.84728444,477088187.84728444,477088180,477088180,477243141
2009-11-03,25.030,18.1001130608,,,478471044.41010696,8660380000.141993818220983168,345000000,345000000,477088180,477088180,477243141,477088187.84728444,477088187.84728444,477088180,477088180,477243141
2009-11-04,25.050,18.1145757959,,,478471044.38707584,8667299999.693118562041661056,345000000,345000000,477088180,477088180,477243141,477088187.84728444,477088187.84728444,477088180,477088180,477243141
2009-11-05,26.130,18.8955634949,,,478471044.42819820,9040980000.464137952101889180,345000000,345000000,477088180,477088180,477243141,477088187.84728444,477088187.84728444,477088180,477088180,477243141
2009-11-06,26.170,18.9244889653,,,478471044.38407964,9054819999.662081682176396492,345000000,345000000,477088180,477088180,477243141,477088187.84728444,477088187.84728444,477088180,477088180,477243141
2009-11-09,26.960,19.4957670043,,,478471044.39036570,9328159999.738652222870472510,345000000,345000000,477088180,477088180,477243141,477088187.84728444,477088187.84728444,477088180,477088180,477243141
2009-11-10,27.000,19.5246924747,,,478471044.41171010,9342000000.187165678027984470,345000000,345000000,477088180,477088180,477243141,477088187.84728444,477088187.84728444,477088180,477088180,477243141
2009-11-11,27.460,19.8573353835,,,478471044.42036840,9501160000.348781677425281400,345000000,345000000,477088180,477088180,477243141,477088187.84728444,477088187.84728444,477088180,477088180,477243141
2009-11-12,27.430,19.8356412808,,,478471044.42338645,9490780000.432014900551365160,345000000,345000000,477088180,477088180,477243141,477088187.84728444,477088187.84728444,477088180,477088180,477243141
2009-11-13,28.610,20.6889426556,,,478471044.41914690,9899060000.352770624772507640,345000000,345000000,477088180,477088180,477243141,477088187.84728444,477088187.84728444,477088180,477088180,477243141
2009-11-16,29.370,21.2385265919,,,478471044.42122330,10162020000.394317201777871270,345000000,345000000,477088180,477088180,477243141,477088187.84728444,477088187.84728444,477088180,477088180,477243141
2009-11-17,29.630,21.4265421491,,,478471044.40146280,10251979999.991840265895703480,345000000,345000000,477088180,477088180,477243141,477088187.84728444,477088187.84728444,477088180,477088180,477243141
2009-11-18,29.460,21.3036089001,,,478471044.41834140,10193160000.310720276720294140,345000000,345000000,477088180,477088180,477243141,477088187.84728444,477088187.84728444,477088180,477088180,477243141
2009-11-19,29.130,21.0649737699,,,478471044.42712390,10078980000.514022525597390610,345000000,345000000,477088180,477088180,477243141,477088187.84728444,477088187.84728444,477088180,477088180,477243141
2009-11-20,28.910,20.9058836831,,,478471044.41315060,10002860000.232700543602974860,345000000,345000000,477088180,477088180,477243141,477088187.84728444,477088187.84728444,477088180,477088180,477243141
2009-11-23,29.280,21.1734442836,,,478471044.42412280,10130880000.430064553604426080,345000000,345000000,477088180,477088180,477243141,477088187.84728444,477088187.84728444,477088180,477088180,477243141
2009-11-24,29.240,21.1445188133,,,478471044.40445970,10117040000.029397821071674010,345000000,345000000,477088180,477088180,477243141,477088187.84728444,477088187.84728444,477088180,477088180,477243141
2009-11-25,29.540,21.3614598408,,,478471044.39874053,10220839999.909329613694307624,345000000,345000000,477088180,477088180,477243141,477088187.84728444,477088187.84728444,477088180,477088180,477243141
2009-11-27,28.850,20.8624954776,,,478471044.41320616,9982100000.233062258716462016,345000000,345000000,477088180,477088180,477243141,477088187.84728444,477088187.84728444,477088180,477088180,477243141
2009-11-30,28.920,20.9131150507,,,478471044.37610316,10006319999.466030586811830212,345000000,345000000,477088180,477088180,477243141,477088187.84728444,477088187.84728444,477088180,477088180,477243141
2009-12-01,29.440,21.2891461650,,,478471044.38475650,10186239999.627283626433822500,345000000,345000000,477088180,477088180,477243141,477088187.84728444,477088187.84728444,477088180,477088180,477243141
2009-12-02,29.490,21.3253030029,,,478471044.42108166,10203540000.393592016064116814,345000000,345000000,477088180,477088180,477243141,477088187.84728444,477088187.84728444,477088180,477088180,477243141
2009-12-03,29.700,21.4771617221,,,478471044.41257720,10276200000.191012119651196120,345000000,345000000,477088180,477088180,477243141,477088187.84728444,477088187.84728444,477088180,477088180,477243141
2009-12-04,29.860,21.5928636035,,,478471044.37930330,10331559999.506491475257441550,345000000,345000000,477088180,477088180,477243141,477088187.84728444,477088187.84728444,477088180,477088180,477243141
2009-12-07,29.880,21.6073263386,,,478471044.41241980,10338480000.189928705500144280,345000000,345000000,477088180,477088180,477243141,477088187.84728444,477088187.84728444,477088180,477088180,477243141
2009-12-08,29.590,21.3976166787,,,478471044.38200164,10238139999.543326226154753068,345000000,345000000,477088180,477088180,477243141,477088187.84728444,477088187.84728444,477088180,477088180,477243141
2009-12-09,29.250,21.1517501809,,,478471044.42136600,10120500000.395040226325109400,345000000,345000000,477088180,477088180,477243141,477088187.84728444,477088187.84728444,477088180,477088180,477243141
2009-12-10,29.690,21.4699303546,,,478471044.39592427,10272739999.873218704995846142,345000000,345000000,477088180,477088180,477243141,477088187.84728444,477088187.84728444,477088180,477088180,477243141
2009-12-11,29.640,21.4337735166,,,478471044.41814756,10255440000.309633427958909496,345000000,345000000,477088180,477088180,477243141,477088187.84728444,477088187.84728444,477088180,477088180,477243141
2009-12-14,29.970,21.6724086469,,,478471044.40961340,10369620000.154179355646108460,345000000,345000000,477088180,477088180,477243141,477088187.84728444,477088187.84728444,477088180,477088180,477243141
2009-12-15,29.900,21.6217890738,,,478471044.39312285,10345399999.788898389991116330,345000000,345000000,477088180,477088180,477243141,477088187.84728444,477088187.84728444,477088180,477088180,477243141
2009-12-16,29.770,21.5277812952,,,478471044.37653520,10300419999.423983624344391040,345000000,345000000,477088180,477088180,477243141,477088187.84728444,477088187.84728444,477088180,477088180,477243141
2009-12-17,29.440,21.2891461650,,,478471044.38475650,10186239999.627283626433822500,345000000,345000000,477088180,477088180,477243141,477088187.84728444,477088187.84728444,477088180,477088180,477243141
2009-12-18,29.400,21.2602206946,,,478471044.41840650,10172400000.311081692455154900,345000000,345000000,477088180,477088180,477243141,477088187.84728444,477088187.84728444,477088180,477088180,477243141
2009-12-21,29.910,21.6290204414,,,478471044.40965986,10348860000.154540307561062204,346000000,346000000,478471044,478471044,482386318,478471052.1598852,478471052.1598852,478471044,478471044,482386318
2009-12-22,30.180,21.8242673661,,,478471044.40674270,10442280000.069858642409402470,346000000,346000000,478471044,478471044,482386318,478471052.1598852,478471052.1598852,478471044,478471044,482386318
2009-12-23,30.300,21.9110437771,,,478471044.40666230,10483800000.069135750196173330,346000000,346000000,478471044,478471044,482386318,478471052.1598852,478471052.1598852,478471044,478471044,482386318
2009-12-24,30.330,21.9327378799,,,478471044.40394630,10494180000.033747931055449370,346000000,346000000,478471044,478471044,482386318,478471052.1598852,478471052.1598852,478471044,478471044,482386318
2009-12-28,30.400,21.9833574530,,,478471044.42017865,10518400000.399028389068978450,346000000,346000000,478471044,478471044,482386318,478471052.1598852,478471052.1598852,478471044,478471044,482386318
2009-12-29,30.330,21.9327378799,,,478471044.40394630,10494180000.033747931055449370,346000000,346000000,478471044,478471044,482386318,478471052.1598852,478471052.1598852,478471044,478471044,482386318
2009-12-30,31.100,22.4895531838,,,478471044.42743790,10760600000.559197272021786020,346000000,346000000,478471044,478471044,482386318,478471052.1598852,478471052.1598852,478471044,478471044,482386318
2009-12-31,31.070,22.4678590810,,,478471044.42484564,10750220000.476322534697256840,346000000,346000000,478471044,478471044,482386318,478471052.1598852,478471052.1598852,478471044,478471044,482386318
2010-01-04,31.300,22.6341805355,,,478471044.40353390,10829800000.038823206794403450,346000000,346000000,478471044,478471044,482386318,478471052.1598852,478471052.1598852,478471044,478471044,482386318
2010-01-05,30.960,22.3883140376,,,478471044.39566660,10712159999.828635349389464160,346000000,346000000,478471044,478471044,482386318,478471052.1598852,478471052.1598852,478471044,478471044,482386318
2010-01-06,30.850,22.3087689942,,,478471044.41173480,10674100000.195000484873138160,346000000,346000000,478471044,478471044,482386318,478471052.1598852,478471052.1598852,478471044,478471044,482386318
2010-01-07,30.810,22.2798435239,,,478471044.39836556,10660259999.912594293710796884,346000000,346000000,478471044,478471044,482386318,478471052.1598852,478471052.1598852,478471044,478471044,482386318
2010-01-08,30.800,22.2726121563,,,478471044.42783713,10656800000.561002639754503419,346000000,346000000,478471044,478471044,482386318,478471052.1598852,478471052.1598852,478471044,478471044,482386318
2010-01-11,30.820,22.2870748915,,,478471044.41441256,10663720000.278235486698237240,346000000,346000000,478471044,478471044,482386318,478471052.1598852,478471052.1598852,478471044,478471044,482386318
2010-01-12,30.450,22.0195142909,,,478471044.40387730,10535700000.033024678720106570,346000000,346000000,478471044,478471044,482386318,478471052.1598852,478471052.1598852,478471044,478471044,482386318
2010-01-13,30.690,22.1930671129,,,478471044.39841230,10618739999.913319780104848670,346000000,346000000,478471044,478471044,482386318,478471052.1598852,478471052.1598852,478471044,478471044,482386318
2010-01-14,31.150,22.5257100217,,,478471044.40624124,10777900000.074934025895834908,346000000,346000000,478471044,478471044,482386318,478471052.1598852,478471052.1598852,478471044,478471044,482386318
2010-01-15,30.430,22.0050515557,,,478471044.41745820,10528780000.315792364149721740,346000000,346000000,478471044,478471044,482386318,478471052.1598852,478471052.1598852,478471044,478471044,482386318
2010-01-19,30.800,22.2726121563,,,478471044.42783713,10656800000.561002639754503419,346000000,346000000,478471044,478471044,482386318,478471052.1598852,478471052.1598852,478471044,478471044,482386318
2010-01-20,30.630,22.1496789074,,,478471044.39843570,10597979999.913680145845154180,346000000,346000000,478471044,478471044,482386318,478471052.1598852,478471052.1598852,478471044,478471044,482386318
2010-01-21,30.520,22.0701338640,,,478471044.42004600,10559920000.398305465037744000,346000000,346000000,478471044,478471044,482386318,478471052.1598852,478471052.1598852,478471044,478471044,482386318
2010-01-22,29.170,21.0938992402,,,478471044.38754420,10092819999.664119074723916840,346000000,346000000,478471044,478471044,482386318,478471052.1598852,478471052.1598852,478471044,478471044,482386318
2010-01-25,29.450,21.2963775326,,,478471044.40155464,10189699999.992925247807281264,346000000,346000000,478471044,478471044,482386318,478471052.1598852,478471052.1598852,478471044,478471044,482386318
2010-01-26,29.290,21.1806756512,,,478471044.38753960,10134339999.663394422395787520,346000000,346000000,478471044,478471044,482386318,478471052.1598852,478471052.1598852,478471044,478471044,482386318
2010-01-27,29.170,21.0938992402,,,478471044.38754420,10092819999.664119074723916840,346000000,346000000,478471044,478471044,482386318,478471052.1598852,478471052.1598852,478471044,478471044,482386318
2010-01-28,28.690,20.7467935962,,,478471044.39896300,9926739999.903531446320740600,346000000,346000000,478471044,478471044,482386318,478471052.1598852,478471052.1598852,478471044,478471044,482386318
2010-01-29,28.030,20.2695233357,,,478471044.41092676,9698380000.144031021883593332,346000000,346000000,478471044,478471044,482386318,478471052.1598852,478471052.1598852,478471044,478471044,482386318
2010-02-01,29.130,21.0649737699,,,,,346000000,346000000,478471044,478471044,482386318,478471052.1598852,478471052.1598852,478471044,478471044,482386318
2010-02-02,29.500,21.3325343705,,,,,346000000,346000000,478471044,478471044,482386318,478471052.1598852,478471052.1598852,478471044,478471044,482386318
2010-02-03,29.540,21.3614598408,,,,,346000000,346000000,478471044,478471044,482386318,478471052.1598852,478471052.1598852,478471044,478471044,482386318
2010-02-04,29.070,21.0215855644,,,,,346000000,346000000,478471044,478471044,482386318,478471052.1598852,478471052.1598852,478471044,478471044,482386318
2010-02-05,29.170,21.0938992402,,,,,346000000,346000000,478471044,478471044,482386318,478471052.1598852,478471052.1598852,478471044,478471044,482386318
2010-02-08,29.200,21.1155933430,,,,,346000000,346000000,478471044,478471044,482386318,478471052.1598852,478471052.1598852,478471044,478471044,482386318
2010-02-09,29.410,21.2674520622,,,,,346000000,346000000,478471044,478471044,482386318,478471052.1598852,478471052.1598852,478471044,478471044,482386318
2010-02-10,29.250,21.1517501809,,,,,346000000,346000000,478471044,478471044,482386318,478471052.1598852,478471052.1598852,478471044,478471044,482386318
2010-02-11,29.360,21.2312952243,,,,,346000000,346000000,478471044,478471044,482386318,478471052.1598852,478471052.1598852,478471044,478471044,482386318
2010-02-12,29.980,21.6796400145,,,,,346000000,346000000,478471044,478471044,482386318,478471052.1598852,478471052.1598852,478471044,478471044,482386318
2010-02-16,30.250,21.8748869392,,,,,346000000,346000000,478471044,478471044,482386318,478471052.1598852,478471052.1598852,478471044,478471044,482386318
2010-02-17,30.630,22.1496789074,,,,,346000000,346000000,478471044,478471044,482386318,478471052.1598852,478471052.1598852,478471044,478471044,482386318
2010-02-18,30.980,22.4027767728,,,,,346000000,346000000,478471044,478471044,482386318,478471052.1598852,478471052.1598852,478471044,478471044,482386318
2010-02-19,31.200,22.5618668596,,,,,346000000,346000000,478471044,478471044,482386318,478471052.1598852,478471052.1598852,478471044,478471044,482386318
2010-02-22,31.150,22.5257100217,,,,,346000000,346000000,478471044,478471044,482386318,478471052.1598852,478471052.1598852,478471044,478471044,482386318
2010-02-23,30.850,22.3087689942,,,,,346000000,346000000,478471044,478471044,482386318,478471052.1598852,478471052.1598852,478471044,478471044,482386318
2010-02-24,31.230,22.5835609624,,,,,346000000,346000000,478471044,478471044,482386318,478471052.1598852,478471052.1598852,478471044,478471044,482386318
2010-02-25,31.090,22.4823218162,,,,,346000000,346000000,478471044,478471044,482386318,478471052.1598852,478471052.1598852,478471044,478471044,482386318
2010-02-26,31.460,22.7498824168,,,,,346000000,346000000,478471044,478471044,482386318,478471052.1598852,478471052.1598852,478471044,478471044,482386318
2010-03-01,32.090,23.2054585745,,,,,346000000,346000000,478471044,478471044,482386318,478471052.1598852,478471052.1598852,478471044,478471044,482386318
2010-03-02,32.360,23.4007054993,,,,,346000000,346000000,478471044,478471044,482386318,478471052.1598852,478471052.1598852,478471044,478471044,482386318
2010-03-03,32.440,23.4585564399,,,,,346000000,346000000,478471044,478471044,482386318,478471052.1598852,478471052.1598852,478471044,478471044,482386318
2010-03-04,32.260,23.3283918234,,,,,346000000,346000000,478471044,478471044,482386318,478471052.1598852,478471052.1598852,478471044,478471044,482386318
2010-03-05,33.160,23.9792149059,,,,,346000000,346000000,478471044,478471044,482386318,478471052.1598852,478471052.1598852,478471044,478471044,482386318
2010-03-08,33.000,23.8635130246,,,,,346000000,346000000,478471044,478471044,482386318,478471052.1598852,478471052.1598852,478471044,478471044,482386318
2010-03-09,33.270,24.0587599493,,,,,346000000,346000000,478471044,478471044,482386318,478471052.1598852,478471052.1598852,478471044,478471044,482386318
2010-03-10,33.660,24.3407832851,,,,,348,354,481,490,481438424,,,481000000,490000000,481438424
2010-03-11,33.580,24.2829323444,,,,,348,354,481,490,481438424,,,481000000,490000000,481438424
2010-03-12,33.420,24.1672304631,,,,,348,354,481,490,481438424,,,481000000,490000000,481438424
2010-03-15,33.310,24.0876854197,,,,,348,354,481,490,481438424,,,481000000,490000000,481438424
2010-03-16,33.420,24.1672304631,,,,,348,354,481,490,481438424,,,481000000,490000000,481438424
2010-03-17,33.380,24.1383049928,,,,,348,354,481,490,481438424,,,481000000,490000000,481438424
2010-03-18,33.460,24.1961559334,,,,,348,354,481,490,481438424,,,481000000,490000000,481438424
2010-03-19,33.420,24.1672304631,,,,,348,354,481,490,481438424,,,481000000,490000000,481438424
2010-03-22,33.720,24.3841714906,,,,,348,354,481,490,481438424,,,481000000,490000000,481438424
2010-03-23,34.110,24.6661948263,,,,,348,354,481,490,481438424,,,481000000,490000000,481438424
2010-03-24,33.900,24.5143361071,,,,,348,354,481,490,481438424,,,481000000,490000000,481438424
2010-03-25,34.550,24.9843750000,,,,,348,354,481,490,481438424,,,481000000,490000000,481438424
2010-03-26,34.310,24.8108221780,,,,,348,354,481,490,481438424,,,481000000,490000000,481438424
2010-03-29,34.400,24.8759044863,,,,,348,354,481,490,481438424,,,481000000,490000000,481438424
2010-03-30,34.620,25.0349945731,,,,,348,354,481,490,481438424,,,481000000,490000000,481438424
2010-03-31,34.390,24.8686731187,,,,,348,354,481,490,481438424,,,481000000,490000000,481438424
2010-04-01,34.550,24.9843750000,,,,,348,354,481,490,481438424,,,481000000,490000000,481438424
2010-04-05,34.820,25.1796219247,,,,,348,354,481,490,481438424,,,481000000,490000000,481438424
2010-04-06,34.560,24.9916063676,,,,,348,354,481,490,481438424,,,481000000,490000000,481438424
2010-04-07,34.290,24.7963594428,,,,,348,354,481,490,481438424,,,481000000,490000000,481438424
2010-04-08,33.990,24.5794184153,,,,,348,354,481,490,481438424,,,481000000,490000000,481438424
2010-04-09,34.230,24.7529712373,,,,,348,354,481,490,481438424,,,481000000,490000000,481438424
2010-04-12,34.210,24.7385085022,,,,,348,354,481,490,481438424,,,481000000,490000000,481438424
2010-04-13,33.900,24.5143361071,,,,,348,354,481,490,481438424,,,481000000,490000000,481438424
2010-04-14,34.410,24.8831358538,,,,,348,354,481,490,481438424,,,481000000,490000000,481438424
2010-04-15,35.630,25.7653626990,,,,,348,354,481,490,481438424,,,481000000,490000000,481438424
2010-04-16,35.270,25.5050334660,,,,,348,354,481,490,481438424,,,481000000,490000000,481438424
2010-04-19,35.160,25.4254884226,,,,,348,354,481,490,481438424,,,481000000,490000000,481438424
2010-04-20,36.290,26.2426329595,,,,,348,354,481,490,481438424,,,481000000,490000000,481438424
2010-04-21,36.130,26.1269310781,,,,,348,354,481,490,481438424,,,481000000,490000000,481438424
2010-04-22,36.440,26.3511034732,,,,,348,354,481,490,481438424,,,481000000,490000000,481438424
2010-04-23,36.640,26.4957308249,,,,,348,354,481,490,481438424,,,481000000,490000000,481438424
2010-04-26,36.820,26.6258954414,,,,,348,354,481,490,481438424,,,481000000,490000000,481438424
2010-04-27,36.220,26.1920133864,,,,,348,354,481,490,481438424,,,481000000,490000000,481438424
2010-04-28,36.640,26.4957308249,,,,,348,354,481,490,481438424,,,481000000,490000000,481438424
2010-04-29,37.230,26.9223815123,,,,,348,354,481,490,481438424,,,481000000,490000000,481438424
2010-04-30,36.260,26.2209388567,,,489533958.71658677,12836039999.785923700290145859,348,354,481,490,481438424,,,481000000,490000000,481438424
2010-05-03,36.770,26.5897386035,,,489533958.74409670,13016580000.542084401726958450,348,354,481,490,481438424,,,481000000,490000000,481438424
2010-05-04,35.360,25.5701157742,,,489533958.73741263,12517440000.318086606057308146,348,354,481,490,481438424,,,481000000,490000000,481438424
2010-05-05,34.760,25.1362337192,,,489533958.71904710,12305039999.847172554312974320,348,354,481,490,481438424,,,481000000,490000000,481438424
2010-05-06,33.280,24.0659913169,,,489533958.70875460,11781119999.612571339612932740,348,354,481,490,481438424,,,481000000,490000000,481438424
2010-05-07,31.870,23.0463684877,,,489533958.69977500,11281979999.437527825080267500,348,354,481,490,481438424,,,481000000,490000000,481438424
2010-05-10,34.190,24.7240457670,,,489533958.73597430,12103260000.288918062535788100,348,354,481,490,481438424,,,481000000,490000000,481438424
2010-05-11,34.070,24.6372693560,,,489533958.74696666,12060780000.558009850371670960,348,354,481,490,481438424,,,481000000,490000000,481438424
2010-05-12,34.810,25.1723905572,,,489533958.70631100,12322739999.567477744446489200,348,354,481,490,481438424,,,481000000,490000000,481438424
2010-05-13,34.780,25.1506964544,,,489533958.70663340,12312119999.551320663140616960,348,354,481,490,481438424,,,481000000,490000000,481438424
2010-05-14,33.860,24.4854106368,,,489533958.74086094,11986440000.428288795065646592,348,354,481,490,481438424,,,481000000,490000000,481438424
2010-05-17,34.190,24.7240457670,,,489533958.73597430,12103260000.288918062535788100,348,354,481,490,481438424,,,481000000,490000000,481438424
2010-05-18,32.070,23.1909958394,,,489533958.72292010,11352779999.988251376518631940,348,354,481,490,481438424,,,481000000,490000000,481438424
2010-05-19,32.590,23.5670269537,,,489533958.73772420,11536860000.323409850396769540,348,354,481,490,481438424,,,481000000,490000000,481438424
2010-05-20,31.040,22.4461649783,,,489533958.72533840,10988160000.029248502896156720,348,354,481,490,481438424,,,481000000,490000000,481438424
2010-05-21,31.340,22.6631060058,,,489533958.70076793,11094359999.474422839455033994,348,354,481,490,481438424,,,481000000,490000000,481438424
2010-05-24,31.400,22.7064942113,,,489533958.71980530,11115599999.906032203113059890,348,354,481,490,481438424,,,481000000,490000000,481438424
2010-05-25,31.240,22.5907923300,,,489533958.72909260,11058960000.131721655939758000,348,354,481,490,481438424,,,481000000,490000000,481438424
2010-05-26,31.490,22.7715765195,,,489533958.73838300,11147460000.304844166197968500,348,354,481,490,481438424,,,481000000,490000000,481438424
2010-05-27,32.750,23.6827288350,,,489533958.70985013,11593499999.649467072279498550,348,354,481,490,481438424,,,481000000,490000000,481438424
2010-05-28,32.360,23.4007054993,,,489533958.71539660,11455439999.805480381200522380,348,354,481,490,481438424,,,481000000,490000000,481438424
2010-06-01,31.480,22.7643451520,,,489533958.70535165,11143919999.593540030132700800,348,354,481,490,481438424,,,481000000,490000000,481438424
2010-06-02,32.220,23.2994663531,,,489533958.71098180,11405879999.686365096566473580,348,354,481,490,481438424,,,481000000,490000000,481438424
2010-06-03,32.400,23.4296309696,,,489533958.74714260,11469600000.532941076467464960,348,354,481,490,481438424,,,481000000,490000000,481438424
2010-06-04,30.335,21.9363535637,,,489533958.73659870,10738590000.283755642361787190,348,354,481,490,481438424,,,481000000,490000000,481438424
2010-06-07,30.100,21.7664164255,,,489533958.74733394,10655400000.518008875949631470,348000000,354000000,481236773,489533959,481323765,481236780.7850869,489533966.66069186,481236773,489533959,481323765
2010-06-08,29.840,21.5784008683,,,489533958.70283890,10563359999.535675261435016870,348000000,354000000,481236773,489533959,481323765,481236780.7850869,489533966.66069186,481236773,489533959,481323765
2010-06-09,29.520,21.3469971056,,,489533958.71126530,10450079999.702290265213715680,348000000,354000000,481236773,489533959,481323765,481236780.7850869,489533966.66069186,481236773,489533959,481323765
2010-06-10,30.450,22.0195142909,,,489533958.70722234,10779299999.634532804673738706,348000000,354000000,481236773,489533959,481323765,481236780.7850869,489533966.66069186,481236773,489533959,481323765
2010-06-11,30.730,22.2219925832,,,489533958.74733764,10878420000.507871798826191648,348000000,354000000,481236773,489533959,481323765,481236780.7850869,489533966.66069186,481236773,489533959,481323765
2010-06-14,31.460,22.7498824168,,,489533958.71906670,11136839999.889392569236400560,348000000,354000000,481236773,489533959,481323765,481236780.7850869,489533966.66069186,481236773,489533959,481323765
2010-06-15,32.200,23.2850036179,,,489533958.74363580,11398800000.430468941599960820,348000000,354000000,481236773,489533959,481323765,481236780.7850869,489533966.66069186,481236773,489533959,481323765
2010-06-16,32.630,23.5959524240,,,489533958.72123160,11551019999.918560712285398400,348000000,354000000,481236773,489533959,481323765,481236780.7850869,489533966.66069186,481236773,489533959,481323765
2010-06-17,32.470,23.4802505427,,,489533958.70104070,11494379999.460190283229787890,348000000,354000000,481236773,489533959,481323765,481236780.7850869,489533966.66069186,481236773,489533959,481323765
2010-06-18,32.610,23.5814896889,,,489533958.70546430,11543939999.579304782537056270,348000000,354000000,481236773,489533959,481323765,481236780.7850869,489533966.66069186,481236773,489533959,481323765
2010-06-21,32.430,23.4513250724,,,489533958.71758974,11480219999.865038820558997176,348000000,354000000,481236773,489533959,481323765,481236780.7850869,489533966.66069186,481236773,489533959,481323765
2010-06-22,32.020,23.1548390014,,,489533958.73677206,11335080000.267947971229820884,348000000,354000000,481236773,489533959,481323765,481236780.7850869,489533966.66069186,481236773,489533959,481323765
2010-06-23,31.970,23.1186821635,,,489533958.70168924,11317379999.464288650107870740,348000000,354000000,481236773,489533959,481323765,481236780.7850869,489533966.66069186,481236773,489533959,481323765
2010-06-24,30.760,22.2436866860,,,489533958.71618010,10889039999.839968943148148600,348000000,354000000,481236773,489533959,481323765,481236780.7850869,489533966.66069186,481236773,489533959,481323765
2010-06-25,30.690,22.1930671129,,,489533958.71386445,10864259999.780411506563446405,348000000,354000000,481236773,489533959,481323765,481236780.7850869,489533966.66069186,481236773,489533959,481323765
2010-06-28,30.580,22.1135220695,,,489533958.70883180,10825319999.677453733863410100,348000000,354000000,481236773,489533959,481323765,481236780.7850869,489533966.66069186,481236773,489533959,481323765
2010-06-29,29.210,21.1228247106,,,489533958.70187515,10340339999.545808316976081590,348000000,354000000,481236773,489533959,481323765,481236780.7850869,489533966.66069186,481236773,489533959,481323765
2010-06-30,28.430,20.5587780391,,,489533958.74755590,10064220000.492937577719635690,348000000,354000000,481236773,489533959,481323765,481236780.7850869,489533966.66069186,481236773,489533959,481323765
2010-07-01,28.280,20.4503075253,,,489533958.70591944,10011119999.613563773487561832,348000000,354000000,481236773,489533959,481323765,481236780.7850869,489533966.66069186,481236773,489533959,481323765
2010-07-02,27.790,20.0959705137,,,489533958.74418235,9837660000.377920787015973195,348000000,354000000,481236773,489533959,481323765,481236780.7850869,489533966.66069186,481236773,489533959,481323765
2010-07-06,27.750,20.0670450434,,,489533958.70715820,9823499999.650459229409665880,348000000,354000000,481236773,489533959,481323765,481236780.7850869,489533966.66069186,481236773,489533959,481323765
2010-07-07,28.570,20.6600171852,,,489533958.69757044,10113779999.430792299887525488,348000000,354000000,481236773,489533959,481323765,481236780.7850869,489533966.66069186,481236773,489533959,481323765
2010-07-08,28.810,20.8335700072,,,489533958.70472630,10198739999.576669204565029360,348000000,354000000,481236773,489533959,481323765,481236780.7850869,489533966.66069186,481236773,489533959,481323765
2010-07-09,28.650,20.7178681259,,,489533958.73640484,10142100000.250607674594489356,348000000,354000000,481236773,489533959,481323765,481236780.7850869,489533966.66069186,481236773,489533959,481323765
2010-07-12,28.200,20.3924565847,,,489533958.72201496,9982799999.975011967903907112,348000000,354000000,481236773,489533959,481323765,481236780.7850869,489533966.66069186,481236773,489533959,481323765
2010-07-13,28.750,20.7901818017,,,489533958.70550300,10177499999.593307760244755100,348000000,354000000,481236773,489533959,481323765,481236780.7850869,489533966.66069186,481236773,489533959,481323765
2010-07-14,28.690,20.7467935962,,,489533958.73925495,10156260000.294009622219151190,348000000,354000000,481236773,489533959,481323765,481236780.7850869,489533966.66069186,481236773,489533959,481323765
2010-07-15,28.400,20.5370839363,,,489533958.74799450,10053600000.476784705790750350,348000000,354000000,481236773,489533959,481323765,481236780.7850869,489533966.66069186,481236773,489533959,481323765
2010-07-16,27.030,19.5463865774,,,489533958.71952915,9568619999.896890268808031210,348000000,354000000,481236773,489533959,481323765,481236780.7850869,489533966.66069186,481236773,489533959,481323765
2010-07-19,27.540,19.9151863242,,,489533958.69934785,9749159999.520739921778672970,348000000,354000000,481236773,489533959,481323765,481236780.7850869,489533966.66069186,481236773,489533959,481323765
2010-07-20,27.520,19.9007235890,,,489533958.73754650,9742080000.264844292534388500,348000000,354000000,481236773,489533959,481323765,481236780.7850869,489533966.66069186,481236773,489533959,481323765
2010-07-21,27.580,19.9441117945,,,489533958.70236630,9763319999.564139638889325350,348000000,354000000,481236773,489533959,481323765,481236780.7850869,489533966.66069186,481236773,489533959,481323765
2010-07-22,28.720,20.7684876990,,,489533958.73883010,10166880000.310166485500939900,348000000,354000000,481236773,489533959,481323765,481236780.7850869,489533966.66069186,481236773,489533959,481323765
2010-07-23,29.300,21.1879070188,,,489533958.72189650,10372199999.944620329597154200,348000000,354000000,481236773,489533959,481323765,481236780.7850869,489533966.66069186,481236773,489533959,481323765
2010-07-26,29.640,21.4337735166,,,489533958.69873000,10492559999.433197272053918000,348000000,354000000,481236773,489533959,481323765,481236780.7850869,489533966.66069186,481236773,489533959,481323765
2010-07-27,28.870,20.8769582127,,,489533958.72542375,10219980000.008278181850131625,348000000,354000000,481236773,489533959,481323765,481236780.7850869,489533966.66069186,481236773,489533959,481323765
2010-07-28,28.780,20.8118759045,,,489533958.70511430,10188119999.609466321088384350,348000000,354000000,481236773,489533959,481323765,481236780.7850869,489533966.66069186,481236773,489533959,481323765
2010-07-29,28.150,20.3562997467,,,489533958.73776960,9965100000.254707560202960320,348000000,354000000,481236773,489533959,481323765,481236780.7850869,489533966.66069186,481236773,489533959,481323765
2010-07-30,27.930,20.1972096599,,,489533958.74913100,9887220000.497036753930546900,348000000,354000000,481236773,489533959,481323765,481236780.7850869,489533966.66069186,481236773,489533959,481323765
2010-08-02,28.820,20.8408013748,,,486768230.15821270,10144640000.290242059670819960,348000000,354000000,481236773,489533959,481323765,481236780.7850869,489533966.66069186,481236773,489533959,481323765
2010-08-03,27.840,20.1321273517,,,486768230.11636870,9799679999.464345979151771790,348000000,354000000,481236773,489533959,481323765,481236780.7850869,489533966.66069186,481236773,489533959,481323765
2010-08-04,28.290,20.4575388929,,,486768230.15315133,9958080000.186191856974362557,348000000,354000000,481236773,489533959,481323765,481236780.7850869,489533966.66069186,481236773,489533959,481323765
2010-08-05,28.460,20.5804721418,,,486768230.15471290,10017920000.212359542427089220,348000000,354000000,481236773,489533959,481323765,481236780.7850869,489533966.66069186,481236773,489533959,481323765
2010-08-06,28.730,20.7757190666,,,486768230.17097140,10112960000.578187892823295240,348000000,354000000,481236773,489533959,481323765,481236780.7850869,489533966.66069186,481236773,489533959,481323765
2010-08-09,29.820,21.5639381331,,,486768230.16981550,10496640000.540482349041443050,348000000,354000000,481236773,489533959,481323765,481236780.7850869,489533966.66069186,481236773,489533959,481323765
2010-08-10,29.460,21.3036089001,,,486768230.12283210,10369919999.530690841777973210,348000000,354000000,481236773,489533959,481323765,481236780.7850869,489533966.66069186,481236773,489533959,481323765
2010-08-11,28.220,20.4069193198,,,486768230.14692825,9933440000.050202897549404350,348000000,354000000,481236773,489533959,481323765,481236780.7850869,489533966.66069186,481236773,489533959,481323765
2010-08-12,27.530,19.9079549566,,,486768230.14839290,9690560000.098107987079248140,348000000,354000000,481236773,489533959,481323765,481236780.7850869,489533966.66069186,481236773,489533959,481323765
2010-08-13,27.350,19.7777903401,,,486768230.12801430,9627199999.693415008934663430,348000000,354000000,481236773,489533959,481323765,481236780.7850869,489533966.66069186,481236773,489533959,481323765
2010-08-16,27.160,19.6403943560,,,486768230.13594380,9560319999.842099722253192800,348000000,354000000,481236773,489533959,481323765,481236780.7850869,489533966.66069186,481236773,489533959,481323765
2010-08-17,29.280,21.1734442836,,,486768230.14765257,10306560000.057903492225348852,348000000,354000000,481236773,489533959,481323765,481236780.7850869,489533966.66069186,481236773,489533959,481323765
2010-08-18,29.440,21.2891461650,,,486768230.14121210,10362879999.954622987166596500,348000000,354000000,481236773,489533959,481323765,481236780.7850869,489533966.66069186,481236773,489533959,481323765
2010-08-19,28.540,20.6383230825,,,486768230.12393904,10046079999.594562925054890800,348000000,354000000,481236773,489533959,481323765,481236780.7850869,489533966.66069186,481236773,489533959,481323765
2010-08-20,28.560,20.6527858177,,,486768230.15981800,10053120000.351618594813178600,348000000,354000000,481236773,489533959,481323765,481236780.7850869,489533966.66069186,481236773,489533959,481323765
2010-08-23,27.960,20.2189037627,,,486768230.14846300,9841920000.111578130321730100,348000000,354000000,481236773,489533959,481323765,481236780.7850869,489533966.66069186,481236773,489533959,481323765
2010-08-24,27.360,19.7850217077,,,486768230.13661003,9630719999.871538780039548231,348000000,354000000,481236773,489533959,481323765,481236780.7850869,489533966.66069186,481236773,489533959,481323765
2010-08-25,27.690,20.0236568379,,,486768230.14154110,9746879999.946150331858887690,348000000,354000000,481236773,489533959,481323765,481236780.7850869,489533966.66069186,481236773,489533959,481323765
2010-08-26,27.510,19.8934922214,,,486768230.16808110,9683520000.473366177414355540,348000000,354000000,481236773,489533959,481323765,481236780.7850869,489533966.66069186,481236773,489533959,481323765
2010-08-27,27.960,20.2189037627,,,486768230.14846300,9841920000.111578130321730100,348000000,354000000,481236773,489533959,481323765,481236780.7850869,489533966.66069186,481236773,489533959,481323765
2010-08-30,27.680,20.0164254703,,,486768230.12303780,9743359999.567625522729677340,348000000,354000000,481236773,489533959,481323765,481236780.7850869,489533966.66069186,481236773,489533959,481323765
2010-08-31,26.970,19.5029983719,,,486768230.15426060,9493440000.191188967648317140,348000000,354000000,481236773,489533959,481323765,481236780.7850869,489533966.66069186,481236773,489533959,481323765
2010-09-01,28.290,20.4575388929,,,486768230.15315133,9958080000.186191856974362557,348000000,354000000,481236773,489533959,481323765,481236780.7850869,489533966.66069186,481236773,489533959,481323765
2010-09-02,29.210,21.1228247106,,,486768230.14162730,10281919999.970592870135559380,348000000,354000000,481236773,489533959,481323765,481236780.7850869,489533966.66069186,481236773,489533959,481323765
2010-09-03,29.850,21.5856322359,,,486768230.15952110,10507200000.343349255466227490,348000000,354000000,481236773,489533959,481323765,481236780.7850869,489533966.66069186,481236773,489533959,481323765
2010-09-07,28.990,20.9637346237,,,486768230.15971610,10204480000.316410986532331570,348000000,354000000,481236773,489533959,481323765,481236780.7850869,489533966.66069186,481236773,489533959,481323765
2010-09-08,28.840,20.8552641100,,,486768230.12981660,10151679999.714584778862226000,348000000,354000000,481236773,489533959,481323765,481236780.7850869,489533966.66069186,481236773,489533959,481323765
2010-09-09,28.930,20.9203464182,,,486768230.11723447,10183359999.426639510554075354,348000000,354000000,481236773,489533959,481323765,481236780.7850869,489533966.66069186,481236773,489533959,481323765
2010-09-10,28.910,20.9058836831,,,486768230.13594750,10176319999.850570535008237250,348000000,354000000,481236773,489533959,481323765,481236780.7850869,489533966.66069186,481236773,489533959,481323765
2010-09-13,29.130,21.0649737699,,,486768230.11798850,10253759999.456074934649846150,348000000,354000000,481236773,489533959,481323765,481236780.7850869,489533966.66069186,481236773,489533959,481323765
2010-09-14,29.170,21.0938992402,,,486768230.13457435,10267839999.789196625215408870,348000000,354000000,481236773,489533959,481323765,481236780.7850869,489533966.66069186,481236773,489533959,481323765
2010-09-15,29.410,21.2674520622,,,486768230.14220840,10352319999.951354235842162480,348000000,354000000,481236773,489533959,481323765,481236780.7850869,489533966.66069186,481236773,489533959,481323765
2010-09-16,30.040,21.7230282200,,,486768230.15215254,10574080000.194664520164678800,348000000,354000000,481236773,489533959,481323765,481236780.7850869,489533966.66069186,481236773,489533959,481323765
2010-09-17,30.550,22.0918279667,,,486768230.12342130,10753599999.541660068026470710,348000000,354000000,481236773,489533959,481323765,481236780.7850869,489533966.66069186,481236773,489533959,481323765
2010-09-20,31.030,22.4389336107,,,486768230.14699570,10922560000.066374814358373990,348000000,354000000,481236773,489533959,481323765,481236780.7850869,489533966.66069186,481236773,489533959,481323765
2010-09-21,31.150,22.5257100217,,,486768230.13431460,10964799999.781702322280626820,348000000,354000000,481236773,489533959,481323765,481236780.7850869,489533966.66069186,481236773,489533959,481323765
2010-09-22,30.760,22.2436866860,,,486768230.14075184,10827519999.949625609438002240,348000000,354000000,481236773,489533959,481323765,481236780.7850869,489533966.66069186,481236773,489533959,481323765
2010-09-23,30.560,22.0990593343,,,486768230.14018690,10757119999.920187909991580670,348000000,354000000,481236773,489533959,481323765,481236780.7850869,489533966.66069186,481236773,489533959,481323765
2010-09-24,32.090,23.2054585745,,,486768230.15629040,11295680000.274478537792034800,348000000,354000000,481236773,489533959,481323765,481236780.7850869,489533966.66069186,481236773,489533959,481323765
2010-09-27,32.000,23.1403762663,,,486768230.16773990,11264000000.562424049871535370,348000000,354000000,481236773,489533959,481323765,481236780.7850869,489533966.66069186,481236773,489533959,481323765
2010-09-28,32.340,23.3862427641,,,486768230.13905567,11383679999.883254199344577447,348000000,354000000,481236773,489533959,481323765,481236780.7850869,489533966.66069186,481236773,489533959,481323765
2010-09-29,32.580,23.5597955861,,,486768230.14591384,11468160000.045409846582901624,348000000,354000000,481236773,489533959,481323765,481236780.7850869,489533966.66069186,481236773,489533959,481323765
2010-09-30,33.370,24.1310736252,,,486768230.14912206,11746240000.136762805001491912,348000000,354000000,481236773,489533959,481323765,481236780.7850869,489533966.66069186,481236773,489533959,481323765
2010-10-01,33.730,24.3914028582,,,486768230.14395607,11872960000.014245483253239274,348000000,354000000,481236773,489533959,481323765,481236780.7850869,489533966.66069186,481236773,489533959,481323765
2010-10-04,32.590,23.5670269537,,,486768230.16162825,11471680000.423938275229362025,348000000,354000000,481236773,489533959,481323765,481236780.7850869,489533966.66069186,481236773,489533959,481323765
2010-10-05,33.040,23.8924384949,,,486768230.14511436,11630080000.013472948026776764,348000000,354000000,481236773,489533959,481323765,481236780.7850869,489533966.66069186,481236773,489533959,481323765
2010-10-06,32.670,23.6248778944,,,486768230.13472770,11499839999.806140373493354880,347000000,352000000,479853909,486768230,478983190,479853916.4724861,486768238.0354902,479853909,486768230,478983190
2010-10-07,33.200,24.0081403763,,,486768230.13941556,11686399999.910193284120475228,347000000,352000000,479853909,486768230,478983190,479853916.4724861,486768238.0354902,479853909,486768230,478983190
2010-10-08,33.800,24.4420224313,,,486768230.14917080,11897600000.150233638694966040,347000000,352000000,479853909,486768230,478983190,479853916.4724861,486768238.0354902,479853909,486768230,478983190
2010-10-11,33.750,24.4058655933,,,486768230.16609450,11880000000.522220901786366850,347000000,352000000,479853909,486768230,478983190,479853916.4724861,486768238.0354902,479853909,486768230,478983190
2010-10-12,33.680,24.3552460203,,,486768230.16090715,11855360000.434908293675315145,347000000,352000000,479853909,486768230,478983190,479853916.4724861,486768238.0354902,479853909,486768230,478983190
2010-10-13,34.310,24.8108221780,,,486768230.12363260,12077119999.497231394003802800,347000000,352000000,479853909,486768230,478983190,479853916.4724861,486768238.0354902,479853909,486768230,478983190
2010-10-14,34.230,24.7529712373,,,486768230.14921820,12048960000.115024791681678860,347000000,352000000,479853909,486768230,478983190,479853916.4724861,486768238.0354902,479853909,486768230,478983190
2010-10-15,34.480,24.9337554269,,,486768230.12506700,12136959999.523397376976102300,347000000,352000000,479853909,486768230,478983190,479853916.4724861,486768238.0354902,479853909,486768230,478983190
2010-10-18,34.660,25.0639200434,,,486768230.14926450,12200320000.128494675318079300,347000000,352000000,479853909,486768230,478983190,479853916.4724861,486768238.0354902,479853909,486768230,478983190
2010-10-19,34.020,24.6011125181,,,486768230.13370764,11975039999.755736659169608284,347000000,352000000,479853909,486768230,478983190,479853916.4724861,486768238.0354902,479853909,486768230,478983190
2010-10-20,34.660,25.0639200434,,,486768230.14926450,12200320000.128494675318079300,347000000,352000000,479853909,486768230,478983190,479853916.4724861,486768238.0354902,479853909,486768230,478983190
2010-10-21,34.750,25.1290023517,,,486768230.13873935,12231999999.889227943423329395,347000000,352000000,479853909,486768230,478983190,479853916.4724861,486768238.0354902,479853909,486768230,478983190
2010-10-22,34.750,25.1290023517,,,486768230.13873935,12231999999.889227943423329395,347000000,352000000,479853909,486768230,478983190,479853916.4724861,486768238.0354902,479853909,486768230,478983190
2010-10-25,34.900,25.2374728654,,,486768230.16353726,12284800000.491053403731864804,347000000,352000000,479853909,486768230,478983190,479853916.4724861,486768238.0354902,479853909,486768230,478983190
2010-10-26,34.800,25.1651591896,,,486768230.15937300,12249600000.400473323524120800,347000000,352000000,479853909,486768230,478983190,479853916.4724861,486768238.0354902,479853909,486768230,478983190
2010-10-27,34.590,25.0133004703,,,486768230.14417964,12175679999.992507226019684692,347000000,352000000,479853909,486768230,478983190,479853916.4724861,486768238.0354902,479853909,486768230,478983190
2010-10-28,34.920,25.2519356006,,,486768230.14008210,12291839999.915393105996809260,347000000,352000000,479853909,486768230,478983190,479853916.4724861,486768238.0354902,479853909,486768230,478983190
2010-10-29,34.800,25.1651591896,,,486768230.15937300,12249600000.400473323524120800,347000000,352000000,479853909,486768230,478983190,479853916.4724861,486768238.0354902,479853909,486768230,478983190
2010-11-01,34.750,25.1290023517,,,488151094.41392890,12266749999.512548061336594130,347000000,352000000,479853909,486768230,478983190,479853916.4724861,486768238.0354902,479853909,486768230,478983190
2010-11-02,35.060,25.3531747467,,,488151094.42759720,12376179999.815724422599629240,347000000,352000000,479853909,486768230,478983190,479853916.4724861,486768238.0354902,479853909,486768230,478983190
2010-11-03,35.110,25.3893315847,,,488151094.43151110,12393829999.955837062178640170,347000000,352000000,479853909,486768230,478983190,479853916.4724861,486768238.0354902,479853909,486768230,478983190
2010-11-04,35.990,26.0256919320,,,488151094.42844340,12704469999.863309546698648800,347000000,352000000,479853909,486768230,478983190,479853916.4724861,486768238.0354902,479853909,486768230,478983190
2010-11-05,36.380,26.3077152677,,,488151094.44470750,12842140000.267496151210697750,347000000,352000000,479853909,486768230,478983190,479853916.4724861,486768238.0354902,479853909,486768230,478983190
2010-11-08,36.180,26.1630879161,,,488151094.43908270,12771540000.150154495938561470,347000000,352000000,479853909,486768230,478983190,479853916.4724861,486768238.0354902,479853909,486768230,478983190
2010-11-09,35.480,25.6568921852,,,488151094.44853900,12524440000.353547372657422800,347000000,352000000,479853909,486768230,478983190,479853916.4724861,486768238.0354902,479853909,486768230,478983190
2010-11-10,35.260,25.4978020984,,,488151094.43832600,12446780000.105805252183278400,347000000,352000000,479853909,486768230,478983190,479853916.4724861,486768238.0354902,479853909,486768230,478983190
2010-11-11,35.730,25.8376763748,,,488151094.41900210,12612689999.602614691361587080,347000000,352000000,479853909,486768230,478983190,479853916.4724861,486768238.0354902,479853909,486768230,478983190
2010-11-12,36.360,26.2932525326,,,488151094.44509040,12835080000.309834951435947040,347000000,352000000,479853909,486768230,478983190,479853916.4724861,486768238.0354902,479853909,486768230,478983190
2010-11-15,36.200,26.1775506512,,,488151094.43870115,12778600000.107813987664688880,347000000,352000000,479853909,486768230,478983190,479853916.4724861,486768238.0354902,479853909,486768230,478983190
2010-11-16,35.040,25.3387120116,,,488151094.42798480,12369119999.858064282942223680,347000000,352000000,479853909,486768230,478983190,479853916.4724861,486768238.0354902,479853909,486768230,478983190
2010-11-17,35.210,25.4616452605,,,488151094.43930554,12429130000.138431807452393170,347000000,352000000,479853909,486768230,478983190,479853916.4724861,486768238.0354902,479853909,486768230,478983190
2010-11-18,36.230,26.1992447540,,,488151094.43812966,12789190000.117527072326803640,347000000,352000000,479853909,486768230,478983190,479853916.4724861,486768238.0354902,479853909,486768230,478983190
2010-11-19,36.460,26.3655662084,,,488151094.45258045,12870380000.492431808702465780,347000000,352000000,479853909,486768230,478983190,479853916.4724861,486768238.0354902,479853909,486768230,478983190
2010-11-22,36.280,26.2354015919,,,488151094.44190290,12806840000.208826584725226510,347000000,352000000,479853909,486768230,478983190,479853916.4724861,486768238.0354902,479853909,486768230,478983190
2010-11-23,35.430,25.6207353473,,,488151094.44952690,12506790000.386174682592192370,347000000,352000000,479853909,486768230,478983190,479853916.4724861,486768238.0354902,479853909,486768230,478983190
2010-11-24,36.340,26.2787897974,,,488151094.44547373,12828020000.303358866533722302,347000000,352000000,479853909,486768230,478983190,479853916.4724861,486768238.0354902,479853909,486768230,478983190
2010-11-26,36.350,26.2860211650,,,488151094.44528204,12831550000.306597637834376600,347000000,352000000,479853909,486768230,478983190,479853916.4724861,486768238.0354902,479853909,486768230,478983190
2010-11-29,35.650,25.7798254342,,,488151094.45481503,12584450000.558807093050436026,347000000,352000000,479853909,486768230,478983190,479853916.4724861,486768238.0354902,479853909,486768230,478983190
2010-11-30,35.020,25.3242492764,,,488151094.42837274,12362059999.851586432574485336,347000000,352000000,479853909,486768230,478983190,479853916.4724861,486768238.0354902,479853909,486768230,478983190
2010-12-01,36.120,26.1196997106,,,488151094.43548530,12750360000.055618660780554180,347000000,352000000,479853909,486768230,478983190,479853916.4724861,486768238.0354902,479853909,486768230,478983190
2010-12-02,36.720,26.5535817656,,,488151094.41895370,12962159999.620812895350652720,347000000,352000000,479853909,486768230,478983190,479853916.4724861,486768238.0354902,479853909,486768230,478983190
2010-12-03,37.480,27.1031657019,,,488151094.45108247,13230440000.471525808232335693,347000000,352000000,479853909,486768230,478983190,479853916.4724861,486768238.0354902,479853909,486768230,478983190
2010-12-06,37.130,26.8500678365,,,488151094.43924330,13106890000.155400532728120450,347000000,352000000,479853909,486768230,478983190,479853916.4724861,486768238.0354902,479853909,486768230,478983190
2010-12-07,37.580,27.1754793777,,,488151094.41666670,13265739999.521811517024312590,347000000,352000000,479853909,486768230,478983190,479853916.4724861,486768238.0354902,479853909,486768230,478983190
2010-12-08,37.660,27.2333303184,,,488151094.41979784,13293979999.622821573270832256,347000000,352000000,479853909,486768230,478983190,479853916.4724861,486768238.0354902,479853909,486768230,478983190
2010-12-09,38.050,27.5153536541,,,488151094.43543670,13431650000.027007379874245470,347000000,352000000,479853909,486768230,478983190,479853916.4724861,486768238.0354902,479853909,486768230,478983190
2010-12-10,38.540,27.8696906657,,,488151094.41720060,13604619999.530294943344439420,347000000,352000000,479853909,486768230,478983190,479853916.4724861,486768238.0354902,479853909,486768230,478983190
2010-12-13,38.700,27.9853925470,,,488151094.42329246,13661099999.683502073285295620,347000000,352000000,479853909,486768230,478983190,479853916.4724861,486768238.0354902,479853909,486768230,478983190
2010-12-14,38.900,28.1300198987,,,488151094.43303950,13731699999.973583929723098650,347000000,352000000,479853909,486768230,478983190,479853916.4724861,486768238.0354902,479853909,486768230,478983190
2010-12-15,38.480,27.8263024602,,,488151094.41378975,13583439999.435760197230542950,347000000,352000000,479853909,486768230,478983190,479853916.4724861,486768238.0354902,479853909,486768230,478983190
2010-12-16,39.740,28.7374547757,,,488151094.42660415,14028219999.792997083550939155,347000000,352000000,479853909,486768230,478983190,479853916.4724861,486768238.0354902,479853909,486768230,478983190
2010-12-17,40.540,29.3159641823,,,488151094.42109820,14310619999.599460184631001860,347000000,352000000,479853909,486768230,478983190,479853916.4724861,486768238.0354902,479853909,486768230,478983190
2010-12-20,40.630,29.3810464906,,,488151094.42382620,14342389999.703708002534333720,347000000,353000000,479853909,488151094,480689438,479853916.4724861,488151102.348091,479853909,488151094,480689438
2010-12-21,40.830,29.5256738423,,,488151094.43310990,14412989999.993790121471168770,347000000,353000000,479853909,488151094,480689438,479853916.4724861,488151102.348091,479853909,488151094,480689438
2010-12-22,41.060,29.6919952967,,,488151094.44179620,14494180000.244770282299932540,347000000,353000000,479853909,488151094,480689438,479853916.4724861,488151102.348091,479853909,488151094,480689438
2010-12-23,41.070,29.6992266643,,,488151094.44162740,14497710000.248007997965481820,347000000,353000000,479853909,488151094,480689438,479853916.4724861,488151102.348091,479853909,488151094,480689438
2010-12-27,41.920,30.3138929088,,,488151094.43927730,14797760000.145767256666810240,347000000,353000000,479853909,488151094,480689438,479853916.4724861,488151102.348091,479853909,488151094,480689438
2010-12-28,41.510,30.0174068379,,,488151094.42132944,14653029999.611182875864577776,347000000,353000000,479853909,488151094,480689438,479853916.4724861,488151102.348091,479853909,488151094,480689438
2010-12-29,41.690,30.1475714544,,,488151094.43075630,14716569999.894787447282962720,347000000,353000000,479853909,488151094,480689438,479853916.4724861,488151102.348091,479853909,488151094,480689438
2010-12-30,41.590,30.0752577786,,,488151094.42415570,14681269999.712191804162528020,347000000,353000000,479853909,488151094,480689438,479853916.4724861,488151102.348091,479853909,488151094,480689438
2010-12-31,41.430,29.9595558973,,,488151094.41849214,14624789999.558985307110697222,347000000,353000000,479853909,488151094,480689438,479853916.4724861,488151102.348091,479853909,488151094,480689438
2011-01-03,41.880,30.2849674385,,,488151094.43584510,14783640000.057707380729776350,347000000,353000000,479853909,488151094,480689438,479853916.4724861,488151102.348091,479853909,488151094,480689438
2011-01-04,41.490,30.0029441027,,,488151094.42165370,14645969999.604705745596634990,347000000,353000000,479853909,488151094,480689438,479853916.4724861,488151102.348091,479853909,488151094,480689438
2011-01-05,41.400,29.9378617945,,,488151094.41897760,14614199999.549271666791303200,347000000,353000000,479853909,488151094,480689438,479853916.4724861,488151102.348091,479853909,488151094,480689438
2011-01-06,41.480,29.9957127352,,,488151094.42181593,14642439999.650281772211231736,347000000,353000000,479853909,488151094,480689438,479853916.4724861,488151102.348091,479853909,488151094,480689438
2011-01-07,41.620,30.0969518813,,,488151094.42778620,14691859999.797013819084178060,347000000,353000000,479853909,488151094,480689438,479853916.4724861,488151102.348091,479853909,488151094,480689438
2011-01-10,42.220,30.5308339363,,,488151094.45060510,14903660000.494520791149855130,347000000,353000000,479853909,488151094,480689438,479853916.4724861,488151102.348091,479853909,488151094,480689438
2011-01-11,42.940,31.0514924023,,,488151094.44227670,15157820000.248784705964316410,347000000,353000000,479853909,488151094,480689438,479853916.4724861,488151102.348091,479853909,488151094,480689438
2011-01-12,43.130,31.1888883864,,,488151094.44716734,15224890000.411706978903380176,347000000,353000000,479853909,488151094,480689438,479853916.4724861,488151102.348091,479853909,488151094,480689438
2011-01-13,42.970,31.0731865051,,,488151094.44179240,15168410000.258499221135741240,347000000,353000000,479853909,488151094,480689438,479853916.4724861,488151102.348091,479853909,488151094,480689438
2011-01-14,43.260,31.2828961650,,,488151094.41679484,15270779999.471704211827788600,347000000,353000000,479853909,488151094,480689438,479853916.4724861,488151102.348091,479853909,488151094,480689438
2011-01-18,44.350,32.0711152315,,,488151094.42302530,15655549999.623681403139856950,347000000,353000000,479853909,488151094,480689438,479853916.4724861,488151102.348091,479853909,488151094,480689438
2011-01-19,42.430,30.6826926556,,,488151094.42234310,14977789999.655528758913336360,347000000,353000000,479853909,488151094,480689438,479853916.4724861,488151102.348091,479853909,488151094,480689438
2011-01-20,42.290,30.5814535094,,,488151094.41646920,14928369999.459982761497010480,347000000,353000000,479853909,488151094,480689438,479853916.4724861,488151102.348091,479853909,488151094,480689438
2011-01-21,42.110,30.4512888929,,,488151094.44429980,14864830000.308685397457691420,347000000,353000000,479853909,488151094,480689438,479853916.4724861,488151102.348091,479853909,488151094,480689438
2011-01-24,42.770,30.9285591534,,,488151094.43301386,15097809999.968418602852066124,347000000,353000000,479853909,488151094,480689438,479853916.4724861,488151102.348091,479853909,488151094,480689438
2011-01-25,42.690,30.8707082127,,,488151094.43028224,15069569999.867407173946952448,347000000,353000000,479853909,488151094,480689438,479853916.4724861,488151102.348091,479853909,488151094,480689438
2011-01-26,42.570,30.7839318017,,,488151094.42817837,15027209999.802259800843069229,347000000,353000000,479853909,488151094,480689438,479853916.4724861,488151102.348091,479853909,488151094,480689438
2011-01-27,42.450,30.6971553907,,,488151094.42202570,14984849999.613190917568940990,347000000,353000000,479853909,488151094,480689438,479853916.4724861,488151102.348091,479853909,488151094,480689438
2011-01-28,40.980,29.6341443560,,,488151094.43896776,14465940000.143759431469962560,347000000,353000000,479853909,488151094,480689438,479853916.4724861,488151102.348091,479853909,488151094,480689438
2011-01-31,41.830,30.2488106006,,,490916823.00050160,14849649999.590446697197260960,347000000,353000000,479853909,488151094,480689438,479853916.4724861,488151102.348091,479853909,488151094,480689438
2011-02-01,42.050,30.4079006874,,,490916823.01422095,14927749999.990353365480481030,347000000,353000000,479853909,488151094,480689438,479853916.4724861,488151102.348091,479853909,488151094,480689438
2011-02-02,41.230,29.8149285456,,,490916822.99638075,14636649999.470054948661337200,347000000,353000000,479853909,488151094,480689438,479853916.4724861,488151102.348091,479853909,488151094,480689438
2011-02-03,40.990,29.6413757236,,,490916823.03325720,14551450000.564827283514909920,347000000,353000000,479853909,488151094,480689438,479853916.4724861,488151102.348091,479853909,488151094,480689438
2011-02-04,42.990,31.0876492402,,,490916823.03105795,15261450000.502866540319669590,347000000,353000000,479853909,488151094,480689438,479853916.4724861,488151102.348091,479853909,488151094,480689438
2011-02-07,44.440,32.1361975398,,,490916823.02659166,15776200000.393586894071198068,347000000,353000000,479853909,488151094,480689438,479853916.4724861,488151102.348091,479853909,488151094,480689438
2011-02-08,44.170,31.9409506151,,,490916823.02560210,15680350000.382543239042851710,347000000,353000000,479853909,488151094,480689438,479853916.4724861,488151102.348091,479853909,488151094,480689438
2011-02-09,43.430,31.4058294139,,,490916823.02126110,15417650000.219462519451869290,347000000,353000000,479853909,488151094,480689438,479853916.4724861,488151102.348091,479853909,488151094,480689438
2011-02-10,44.000,31.8180173661,,,490916823.00062984,15619999999.544680160357864424,347000000,353000000,479853909,488151094,480689438,479853916.4724861,488151102.348091,479853909,488151094,480689438
2011-02-11,45.020,32.5556168596,,,490916823.01792950,15982100000.103774983284198200,347000000,353000000,479853909,488151094,480689438,479853916.4724861,488151102.348091,479853909,488151094,480689438
2011-02-14,44.790,32.3892954052,,,490916823.02846396,15900450000.451209288441796592,347000000,353000000,479853909,488151094,480689438,479853916.4724861,488151102.348091,479853909,488151094,480689438
2011-02-15,42.650,30.8417827424,,,490916823.02967554,15140750000.470481952643400896,347000000,353000000,479853909,488151094,480689438,479853916.4724861,488151102.348091,479853909,488151094,480689438
2011-02-16,43.570,31.5070685601,,,490916823.02204810,15467350000.262147560619940810,347000000,353000000,479853909,488151094,480689438,479853916.4724861,488151102.348091,479853909,488151094,480689438
2011-02-17,43.920,31.7601664255,,,490916823.02399373,15591600000.319771044468512115,347000000,353000000,479853909,488151094,480689438,479853916.4724861,488151102.348091,479853909,488151094,480689438
2011-02-18,43.920,31.7601664255,,,490916823.02399373,15591600000.319771044468512115,347000000,353000000,479853909,488151094,480689438,479853916.4724861,488151102.348091,479853909,488151094,480689438
2011-02-22,42.490,30.7260808611,,,490916823.00438166,15083949999.706947524765847426,347000000,353000000,479853909,488151094,480689438,479853916.4724861,488151102.348091,479853909,488151094,480689438
2011-02-23,40.450,29.2508818741,,,490916823.00477300,14359749999.721072443485079300,347000000,353000000,479853909,488151094,480689438,479853916.4724861,488151102.348091,479853909,488151094,480689438
2011-02-24,41.150,29.7570776049,,,490916823.02130896,14608250000.196049609099709904,347000000,353000000,479853909,488151094,480689438,479853916.4724861,488151102.348091,479853909,488151094,480689438
2011-02-25,42.360,30.6320730825,,,490916823.01581720,15037800000.049230523860519000,347000000,353000000,479853909,488151094,480689438,479853916.4724861,488151102.348091,479853909,488151094,480689438
2011-02-28,42.080,30.4295947902,,,490916823.01415130,14938400000.012953859354557260,347000000,353000000,479853909,488151094,480689438,479853916.4724861,488151102.348091,479853909,488151094,480689438
2011-03-01,40.680,29.4172033285,,,490916823.03174000,14441400000.505947389146590000,347000000,353000000,479853909,488151094,480689438,479853916.4724861,488151102.348091,479853909,488151094,480689438
2011-03-02,41.460,29.9812500000,,,490916823.01088830,14718299999.895194844375000000,347000000,353000000,479853909,488151094,480689438,479853916.4724861,488151102.348091,479853909,488151094,480689438
2011-03-03,42.820,30.9647159913,,,490916823.03036950,15201100000.486674582197785350,347000000,353000000,479853909,488151094,480689438,479853916.4724861,488151102.348091,479853909,488151094,480689438
2011-03-04,46.750,33.8066434515,,,490916823.01557790,16596250000.030771095523121850,347000000,353000000,479853909,488151094,480689438,479853916.4724861,488151102.348091,479853909,488151094,480689438
2011-03-07,45.870,33.1702831042,,,490916822.99969620,16283849999.514364824592944040,347000000,353000000,479853909,488151094,480689438,479853916.4724861,488151102.348091,479853909,488151094,480689438
2011-03-08,45.970,33.2425967800,,,490916823.00004770,16319349999.509215611866406000,347000000,353000000,479853909,488151094,480689438,479853916.4724861,488151102.348091,479853909,488151094,480689438
2011-03-09,46.050,33.3004477207,,,490916823.01176834,16347749999.915526327029422638,347,355,480,491,477257111,,,480000000,491000000,477257111
2011-03-10,44.880,32.4543777135,,,490916823.01715505,15932400000.110180682893978175,347,355,480,491,477257111,,,480000000,491000000,477257111
2011-03-11,45.340,32.7870206223,,,490916823.03088490,16095700000.547622806117673270,347,355,480,491,477257111,,,480000000,491000000,477257111
2011-03-14,44.840,32.4254522431,,,490916823.00560470,15918199999.702610603486902570,347,355,480,491,477257111,,,480000000,491000000,477257111
2011-03-15,43.820,31.6878527496,,,490916823.02368045,15556100000.275829133444265320,347,355,480,491,477257111,,,480000000,491000000,477257111
2011-03-16,42.330,30.6103789797,,,490916823.02763970,15027150000.386367184985214090,347,355,480,491,477257111,,,480000000,491000000,477257111
2011-03-17,42.450,30.6971553907,,,490916823.00388783,15069749999.659113067742625181,347,355,480,491,477257111,,,480000000,491000000,477257111
2011-03-18,42.940,31.0514924023,,,490916823.00688106,15243699999.759421075209770438,347,355,480,491,477257111,,,480000000,491000000,477257111
2011-03-21,43.950,31.7818605282,,,490916823.01260150,15602249999.933545024046112300,347,355,480,491,477257111,,,480000000,491000000,477257111
2011-03-22,43.190,31.2322765919,,,490916823.02014303,15332450000.181928218058939457,347,355,480,491,477257111,,,480000000,491000000,477257111
2011-03-23,43.670,31.5793822359,,,490916823.01097554,15502849999.897265318605409886,347,355,480,491,477257111,,,480000000,491000000,477257111
2011-03-24,43.910,31.7529350579,,,490916823.01213150,15588049999.934799783354913850,347,355,480,491,477257111,,,480000000,491000000,477257111
2011-03-25,44.040,31.8469428365,,,490916823.00110936,15634199999.592518164005099640,347,355,480,491,477257111,,,480000000,491000000,477257111
2011-03-28,43.960,31.7890918958,,,490916823.02445280,15605800000.318515349709618240,347,355,480,491,477257111,,,480000000,491000000,477257111
2011-03-29,44.560,32.2229739508,,,490916823.00396730,15818799999.666332512955008840,347,355,480,491,477257111,,,480000000,491000000,477257111
2011-03-30,45.090,32.6062364327,,,490916823.01831496,16006950000.125119228115443192,347,355,480,491,477257111,,,480000000,491000000,477257111
2011-03-31,44.780,32.3820640376,,,490916823.01683325,15896900000.066239924260930200,347,355,480,491,477257111,,,480000000,491000000,477257111
2011-04-01,45.140,32.6423932706,,,490916823.03030723,16024700000.508831824402526438,347,355,480,491,477257111,,,480000000,491000000,477257111
2011-04-04,44.830,32.4182208755,,,490916823.02891016,15914650000.449954488926045080,347,355,480,491,477257111,,,480000000,491000000,477257111
2011-04-05,45.340,32.7870206223,,,490916823.03088490,16095700000.547622806117673270,347,355,480,491,477257111,,,480000000,491000000,477257111
2011-04-06,45.290,32.7508637844,,,490916823.00796230,16077949999.804177163910528120,347,355,480,491,477257111,,,480000000,491000000,477257111
2011-04-07,44.870,32.4471463459,,,490916823.00554514,15928849999.725211044788503926,347,355,480,491,477257111,,,480000000,491000000,477257111
2011-04-08,44.890,32.4616090810,,,490916823.02875980,15935950000.446059047847743800,347,355,480,491,477257111,,,480000000,491000000,477257111
2011-04-11,44.990,32.5339227569,,,490916823.01799720,15971450000.130268843340480680,347,355,480,491,477257111,,,480000000,491000000,477257111
2011-04-12,44.940,32.4977659190,,,490916823.00595117,15953699999.746555066604175230,347,355,480,491,477257111,,,480000000,491000000,477257111
2011-04-13,46.590,33.6909415702,,,490916823.00313900,16539449999.626971340188857800,347,355,480,491,477257111,,,480000000,491000000,477257111
2011-04-14,46.630,33.7198670405,,,490916823.00358975,16553649999.625718224208634875,347,355,480,491,477257111,,,480000000,491000000,477257111
2011-04-15,47.500,34.3489960203,,,490916823.00817860,16862499999.806246205751625580,347,355,480,491,477257111,,,480000000,491000000,477257111
2011-04-18,46.580,33.6837102026,,,490916823.02556825,16535900000.374311863187627450,347,355,480,491,477257111,,,480000000,491000000,477257111
2011-04-19,46.740,33.7994120839,,,490916823.00443214,16592699999.645801175973536546,347,355,480,491,477257111,,,480000000,491000000,477257111
2011-04-20,48.640,35.1733719247,,,490916823.01357865,17267199999.948726134785327655,347,355,480,491,477257111,,,480000000,491000000,477257111
2011-04-21,49.340,35.6795676556,,,490916823.01716256,17515700000.113062879463294336,347,355,480,491,477257111,,,480000000,491000000,477257111
2011-04-22,49.340,35.6795676556,,,490916823.01716256,17515700000.113062879463294336,347,355,480,491,477257111,,,480000000,491000000,477257111
2011-04-25,48.180,34.8407290159,,,490916823.00062400,17103899999.511285100605921600,347,355,480,491,477257111,,,480000000,491000000,477257111
2011-04-26,49.400,35.7229558611,,,490916823.00697017,17536999999.749436360554363387,347,355,480,491,477257111,,,480000000,491000000,477257111
2011-04-27,50.030,36.1785320188,,,490916823.02017770,17760650000.203071837915740760,347,355,480,491,477257111,,,480000000,491000000,477257111
2011-04-28,50.320,36.3882416787,,,490916823.00078106,17863599999.492012170145565422,347,355,480,491,477257111,,,480000000,491000000,477257111
2011-04-29,49.910,36.0917556078,,,490916822.99902110,17718049999.438279799835524580,347,355,480,491,477257111,,,480000000,491000000,477257111
2011-05-02,50.440,36.4750180897,,,490916823.01189900,17906199999.897069263349340300,347,355,480,491,477257111,,,480000000,491000000,477257111
2011-05-03,50.600,36.5907199711,,,490916823.00224970,17962999999.577381958018983670,347,355,480,491,477257111,,,480000000,491000000,477257111
2011-05-04,49.500,35.7952695369,,,490916823.00728190,17572499999.744286841940752110,347,355,480,491,477257111,,,480000000,491000000,477257111
2011-05-05,49.500,35.7952695369,,,490916823.00728190,17572499999.744286841940752110,347,355,480,491,477257111,,,480000000,491000000,477257111
2011-05-06,49.730,35.9615909913,,,490916823.02932984,17654150000.529164349820270392,347,355,480,491,477257111,,,480000000,491000000,477257111
2011-05-09,49.880,36.0700615051,,,490916823.00904405,17707399999.824509737055199655,347,355,480,491,477257111,,,480000000,491000000,477257111
2011-05-10,50.670,36.6413395441,,,490916823.00261440,17987849999.549635512404095040,347,355,480,491,477257111,,,480000000,491000000,477257111
2011-05-11,50.030,36.1785320188,,,490916823.02017770,17760650000.203071837915740760,347,355,480,491,477257111,,,480000000,491000000,477257111
2011-05-12,50.330,36.3954730463,,,490916823.01113474,17867149999.876982034447558462,347,355,480,491,477257111,,,480000000,491000000,477257111
2011-05-13,52.580,38.0225307525,,,490916823.01159036,18665899999.877794127032545900,347,355,480,491,477257111,,,480000000,491000000,477257111
2011-05-16,52.320,37.8345151954,,,490916823.02063537,18573600000.251721434027701298,347,355,480,491,477257111,,,480000000,491000000,477257111
2011-05-17,51.170,37.0029079233,,,490916823.01532173,18165350000.034912240315663309,347,355,480,491,477257111,,,480000000,491000000,477257111
2011-05-18,51.730,37.4078645080,,,490916823.02765400,18364150000.516295169104232000,347,355,480,491,477257111,,,480000000,491000000,477257111
2011-05-19,51.160,36.9956765557,,,490916823.00513890,18161799999.649943623352086730,347,355,480,491,477257111,,,480000000,491000000,477257111
2011-05-20,50.700,36.6630336469,,,490916823.00256340,17998499999.572233819150463460,347,355,480,491,477257111,,,480000000,491000000,477257111
2011-05-23,49.100,35.5060148336,,,490916823.01615906,17430500000.075529476857032416,347,355,480,491,477257111,,,480000000,491000000,477257111
2011-05-24,48.690,35.2095287627,,,490916823.02470150,17284950000.381533076831834050,347,355,480,491,477257111,,,480000000,491000000,477257111
2011-05-25,49.020,35.4481638929,,,490916823.00517470,17402099999.669213870396589630,347,355,480,491,477257111,,,480000000,491000000,477257111
2011-05-26,49.390,35.7157244935,,,490916823.02812415,17533450000.496778543513868025,347,355,480,491,477257111,,,480000000,491000000,477257111
2011-05-27,49.600,35.8675832127,,,490916823.00759240,17607999999.739138290884103480,347,355,480,491,477257111,,,480000000,491000000,477257111
2011-05-31,49.870,36.0628301375,,,490916823.02999470,17703850000.571846933625271250,347,355,480,491,477257111,,,480000000,491000000,477257111
2011-06-01,48.000,34.7105643994,,,490916823.02166724,17040000000.242433235577255656,347,355,480,491,477257111,,,480000000,491000000,477257111
2011-06-02,48.180,34.8407290159,,,490916823.00062400,17103899999.511285100605921600,347,355,480,491,477257111,,,480000000,491000000,477257111
2011-06-03,47.430,34.2983764472,,,490916823.00779780,16837649999.784903125459976160,347,355,480,491,477257111,,,480000000,491000000,477257111
2011-06-06,47.060,34.0308158466,,,490916823.01700586,16706300000.089650641773061076,347,355,480,491,477257111,,,480000000,491000000,477257111
2011-06-07,47.700,34.4936233719,,,481299199.61921020,16601753320.861952534938873380,347000000,355000000,479853909,490916823,481299200,479853916.4724861,490916830.97329265,479853909,490916823,481299200
2011-06-08,47.740,34.5225488423,,,481299199.63527346,16615675127.168626368766915358,347000000,355000000,479853909,490916823,481299200,479853916.4724861,490916830.97329265,479853909,490916823,481299200
2011-06-09,48.710,35.2239914978,,,481299199.62967840,16953278915.653736870148307520,347000000,355000000,479853909,490916823,481299200,479853916.4724861,490916830.97329265,479853909,490916823,481299200
2011-06-10,48.190,34.8479603835,,,481299199.63608010,16772295441.528376942032718350,347000000,355000000,479853909,490916823,481299200,479853916.4724861,490916830.97329265,479853909,490916823,481299200
2011-06-13,47.530,34.3706901230,,,481299199.62443787,16542585646.739472007836158010,347000000,355000000,479853909,490916823,481299200,479853916.4724861,490916830.97329265,479853909,490916823,481299200
2011-06-14,48.970,35.4120070550,,,481299199.62524897,17043770652.695169881771483350,347000000,355000000,479853909,490916823,481299200,479853916.4724861,490916830.97329265,479853909,490916823,481299200
2011-06-15,47.370,34.2549882417,,,481299199.63110240,16486898424.103033689608650080,347000000,355000000,479853909,490916823,481299200,479853916.4724861,490916830.97329265,479853909,490916823,481299200
2011-06-16,47.060,34.0308158466,,,481299199.61536280,16379004429.226384999048146480,347000000,355000000,479853909,490916823,481299200,479853916.4724861,490916830.97329265,479853909,490916823,481299200
2011-06-17,47.430,34.2983764472,,,481299199.61968400,16507781132.291980903106684800,347000000,355000000,479853909,490916823,481299200,479853916.4724861,490916830.97329265,479853909,490916823,481299200
2011-06-20,48.380,34.9853563676,,,481299199.63880336,16838424018.804192750820275136,347000000,355000000,479853909,490916823,481299200,479853916.4724861,490916830.97329265,479853909,490916823,481299200
2011-06-21,49.820,36.0266732996,,,481299199.61027120,17339609023.718208166954851520,347000000,355000000,479853909,490916823,481299200,479853916.4724861,490916830.97329265,479853909,490916823,481299200
2011-06-22,48.950,35.3975443198,,,481299199.61741835,17036809749.541833248182788330,347000000,355000000,479853909,490916823,481299200,479853916.4724861,490916830.97329265,479853909,490916823,481299200
2011-06-23,49.380,35.7084931259,,,481299199.61314050,17186469160.886999483560888950,347000000,355000000,479853909,490916823,481299200,479853916.4724861,490916830.97329265,479853909,490916823,481299200
2011-06-24,48.490,35.0649014110,,,481299199.61508155,16876708983.696043699475067050,347000000,355000000,479853909,490916823,481299200,479853916.4724861,490916830.97329265,479853909,490916823,481299200
2011-06-27,48.850,35.3252306440,,,481299199.61535376,17002005235.184967655652621440,347000000,355000000,479853909,490916823,481299200,479853916.4724861,490916830.97329265,479853909,490916823,481299200
2011-06-28,50.480,36.5039435601,,,481299199.62157047,17569318818.507111715404830247,347000000,355000000,479853909,490916823,481299200,479853916.4724861,490916830.97329265,479853909,490916823,481299200
2011-06-29,50.590,36.5834886035,,,481299199.62734490,17607603784.440643596113847150,347000000,355000000,479853909,490916823,481299200,479853916.4724861,490916830.97329265,479853909,490916823,481299200
2011-06-30,51.110,36.9595197178,,,481299199.62133280,17788587258.566007915115883840,347000000,355000000,479853909,490916823,481299200,479853916.4724861,490916830.97329265,479853909,490916823,481299200
2011-07-01,52.000,37.6031114327,,,481299199.61938256,18098347435.756963830450993712,347000000,355000000,479853909,490916823,481299200,479853916.4724861,490916830.97329265,479853909,490916823,481299200
2011-07-05,51.660,37.3572449349,,,481299199.62415135,17980012087.330752003498497115,347000000,355000000,479853909,490916823,481299200,479853916.4724861,490916830.97329265,479853909,490916823,481299200
2011-07-06,51.820,37.4729468162,,,481299199.61805993,18035699309.967187109914294866,347000000,355000000,479853909,490916823,481299200,479853916.4724861,490916830.97329265,479853909,490916823,481299200
2011-07-07,52.380,37.8779034009,,,481299199.62692700,18230604590.399226224516034300,347000000,355000000,479853909,490916823,481299200,479853916.4724861,490916830.97329265,479853909,490916823,481299200
2011-07-08,50.230,36.3231593705,,,481299199.62716806,17482307532.951719624967306230,347000000,355000000,479853909,490916823,481299200,479853916.4724861,490916830.97329265,479853909,490916823,481299200
2011-07-11,49.090,35.4987834660,,,481299199.63509590,17085536070.205375568244389400,347000000,355000000,479853909,490916823,481299200,479853916.4724861,490916830.97329265,479853909,490916823,481299200
2011-07-12,48.070,34.7611839725,,,481299199.62344414,16730530023.927544474617046150,347000000,355000000,479853909,490916823,481299200,479853916.4724861,490916830.97329265,479853909,490916823,481299200
2011-07-13,48.140,34.8118035456,,,481299199.61618525,16754893183.693159845096422400,347000000,355000000,479853909,490916823,481299200,479853916.4724861,490916830.97329265,479853909,490916823,481299200
2011-07-14,47.330,34.2260627713,,,481299199.61491000,16472976617.796358447400083000,347000000,355000000,479853909,490916823,481299200,479853916.4724861,490916830.97329265,479853909,490916823,481299200
2011-07-15,47.080,34.0452785818,,,481299199.62350875,16385965332.379725070139890750,347000000,355000000,479853909,490916823,481299200,479853916.4724861,490916830.97329265,479853909,490916823,481299200
2011-07-18,45.460,32.8737970333,,,481299199.62111430,15822132200.634251759380206190,347000000,355000000,479853909,490916823,481299200,479853916.4724861,490916830.97329265,479853909,490916823,481299200
2011-07-19,46.940,33.9440394356,,,481299199.63839790,16337239012.848495577604225240,347000000,355000000,479853909,490916823,481299200,479853916.4724861,490916830.97329265,479853909,490916823,481299200
2011-07-20,46.920,33.9295767004,,,481299199.63023406,16330278109.695157857574495624,347000000,355000000,479853909,490916823,481299200,479853916.4724861,490916830.97329265,479853909,490916823,481299200
2011-07-21,46.920,33.9295767004,,,481299199.63023406,16330278109.695157857574495624,347000000,355000000,479853909,490916823,481299200,479853916.4724861,490916830.97329265,479853909,490916823,481299200
2011-07-22,46.890,33.9078825977,,,481299199.61797523,16319836755.013280789426654971,347000000,355000000,479853909,490916823,481299200,479853916.4724861,490916830.97329265,479853909,490916823,481299200
2011-07-25,46.400,33.5535455861,,,481299199.63688886,16149294635.569794931189260846,347000000,355000000,479853909,490916823,481299200,479853916.4724861,490916830.97329265,479853909,490916823,481299200
2011-07-26,44.840,32.4254522431,,,481299199.62285890,15606344212.013264793039798590,347000000,355000000,479853909,490916823,481299200,479853916.4724861,490916830.97329265,479853909,490916823,481299200
2011-07-27,42.460,30.7043867583,,,481299199.64154804,14777996772.254335745889318732,347000000,355000000,479853909,490916823,481299200,479853916.4724861,490916830.97329265,479853909,490916823,481299200
2011-07-28,42.180,30.5019084660,,,481299199.63768387,14680544132.107693766984643420,347000000,355000000,479853909,490916823,481299200,479853916.4724861,490916830.97329265,479853909,490916823,481299200
2011-07-29,42.160,30.4874457308,,,481299199.62859790,14673583228.954353991944845320,347000000,355000000,479853909,490916823,481299200,479853916.4724861,490916830.97329265,479853909,490916823,481299200
2011-08-01,40.790,29.4967483719,,,481299199.61919530,14196761382.764272065263132070,347000000,355000000,479853909,490916823,481299200,479853916.4724861,490916830.97329265,479853909,490916823,481299200
2011-08-02,38.940,28.1589453690,,,481299199.63327247,13552877868.616744317421691430,347000000,355000000,479853909,490916823,481299200,479853916.4724861,490916830.97329265,479853909,490916823,481299200
2011-08-03,39.200,28.3469609262,,,481299199.62771523,13643369605.658177211390646026,347000000,355000000,479853909,490916823,481299200,479853916.4724861,490916830.97329265,479853909,490916823,481299200
2011-08-04,36.910,26.6909777496,,,481299199.60461736,12846346227.547131073181893056,347000000,355000000,479853909,490916823,481299200,479853916.4724861,490916830.97329265,479853909,490916823,481299200
2011-08-05,36.590,26.4595739870,,,481299199.62512517,12734971782.364882099750952790,347000000,355000000,479853909,490916823,481299200,479853916.4724861,490916830.97329265,479853909,490916823,481299200
2011-08-08,32.560,23.5453328509,,,481299199.62874085,11332349856.130469019307789265,347000000,355000000,479853909,490916823,481299200,479853916.4724861,490916830.97329265,479853909,490916823,481299200
2011-08-09,34.210,24.7385085022,,,481299199.64481550,11906624342.515323466900344100,347000000,355000000,479853909,490916823,481299200,479853916.4724861,490916830.97329265,479853909,490916823,481299200
2011-08-10,31.850,23.0319057525,,,481299199.63029610,11085237804.638662618868315250,347000000,355000000,479853909,490916823,481299200,479853916.4724861,490916830.97329265,479853909,490916823,481299200
2011-08-11,34.510,24.9554495297,,,481299199.61523450,12011037884.682990223980214650,347000000,355000000,479853909,490916823,481299200,479853916.4724861,490916830.97329265,479853909,490916823,481299200
2011-08-12,36.210,26.1847820188,,,481299199.61427194,12602714627.722619790365392472,347000000,355000000,479853909,490916823,481299200,479853916.4724861,490916830.97329265,479853909,490916823,481299200
2011-08-15,37.500,27.1176284370,,,481299199.62921060,13051692862.570421222421832200,347000000,355000000,479853909,490916823,481299200,479853916.4724861,490916830.97329265,479853909,490916823,481299200
2011-08-16,36.630,26.4884994573,,,481299199.64263270,12748893588.532800627893233710,347000000,355000000,479853909,490916823,481299200,479853916.4724861,490916830.97329265,479853909,490916823,481299200
2011-08-17,35.800,25.8882959479,,,481299199.63084790,12460016119.530792865411224410,347000000,355000000,479853909,490916823,481299200,479853916.4724861,490916830.97329265,479853909,490916823,481299200
2011-08-18,32.230,23.3066977207,,,481299199.64242850,11217494959.280922575962719950,347000000,355000000,479853909,490916823,481299200,479853916.4724861,490916830.97329265,479853909,490916823,481299200
2011-08-19,31.080,22.4750904486,,,481299199.60300064,10817243043.916224595963687104,347000000,355000000,479853909,490916823,481299200,479853916.4724861,490916830.97329265,479853909,490916823,481299200
2011-08-22,30.500,22.0556711288,,,481299199.63036170,10615376861.601916178591286960,347000000,355000000,479853909,490916823,481299200,479853916.4724861,490916830.97329265,479853909,490916823,481299200
2011-08-23,31.860,23.0391371201,,,481299199.63631000,11088718256.215330140790831000,347000000,355000000,479853909,490916823,481299200,479853916.4724861,490916830.97329265,479853909,490916823,481299200
2011-08-24,33.080,23.9213639653,,,481299199.61942990,11513333330.303961883589382470,347000000,355000000,479853909,490916823,481299200,479853916.4724861,490916830.97329265,479853909,490916823,481299200
2011-08-25,33.030,23.8852071274,,,481299199.63781510,11495931073.601056725083343740,347000000,355000000,479853909,490916823,481299200,479853916.4724861,490916830.97329265,479853909,490916823,481299200
2011-08-26,34.870,25.2157787627,,,481299199.61561430,12136334136.171915069254426610,347000000,355000000,479853909,490916823,481299200,479853916.4724861,490916830.97329265,479853909,490916823,481299200
2011-08-29,36.720,26.5535817656,,,481299199.64350900,12780217651.451754602799490400,347000000,355000000,479853909,490916823,481299200,479853916.4724861,490916830.97329265,479853909,490916823,481299200
2011-08-30,36.620,26.4812680897,,,481299199.63740385,12745413136.956132383556925345,347000000,355000000,479853909,490916823,481299200,479853916.4724861,490916830.97329265,479853909,490916823,481299200
2011-08-31,36.870,26.6620522793,,,481299199.62967050,12832424422.511522070432970650,347000000,355000000,479853909,490916823,481299200,479853916.4724861,490916830.97329265,479853909,490916823,481299200
2011-09-01,35.840,25.9172214182,,,481299199.60854214,12473937924.657025406485262948,347000000,355000000,479853909,490916823,481299200,479853916.4724861,490916830.97329265,479853909,490916823,481299200
2011-09-02,34.400,24.8759044863,,,481299199.60672210,11972752918.749457483027357230,347000000,355000000,479853909,490916823,481299200,479853916.4724861,490916830.97329265,479853909,490916823,481299200
2011-09-06,33.920,24.5287988423,,,481299199.63439290,11805691250.792013148783339670,347000000,355000000,479853909,490916823,481299200,479853916.4724861,490916830.97329265,479853909,490916823,481299200
2011-09-07,35.690,25.8087509045,,,480150306.27824336,12392079651.454565346071119120,348000000,357000000,481236773,493682552,480150306,481236780.7850869,493682559.59849435,481236773,493682552,480150306
2011-09-08,34.140,24.6878889291,,,480150306.28672070,11853897430.879906099873802370,348000000,357000000,481236773,493682552,480150306,481236780.7850869,493682559.59849435,481236773,493682552,480150306
2011-09-09,33.360,24.1238422576,,,480150306.31307200,11583070249.434870368871347200,348000000,357000000,481236773,493682552,480150306,481236780.7850869,493682559.59849435,481236773,493682552,480150306
2011-09-12,33.410,24.1599990955,,,480150306.27691930,11600430965.354418260526493150,348000000,357000000,481236773,493682552,480150306,481236780.7850869,493682559.59849435,481236773,493682552,480150306
2011-09-13,34.780,25.1506964544,,,480150306.27864470,12076114605.701383314727351680,348000000,357000000,481236773,493682552,480150306,481236780.7850869,493682559.59849435,481236773,493682552,480150306
2011-09-14,36.580,26.4523426194,,,480150306.27445275,12701100410.381669712236533350,348000000,357000000,481236773,493682552,480150306,481236780.7850869,493682559.59849435,481236773,493682552,480150306
2011-09-15,37.040,26.7849855282,,,480150306.27515304,12860819004.940771823640235728,348000000,357000000,481236773,493682552,480150306,481236780.7850869,493682559.59849435,481236773,493682552,480150306
2011-09-16,36.360,26.2932525326,,,480150306.27581185,12624713256.515155599133591310,348000000,357000000,481236773,493682552,480150306,481236780.7850869,493682559.59849435,481236773,493682552,480150306
2011-09-19,34.960,25.2808610709,,,480150306.31348870,12138613187.061386967397048830,348000000,357000000,481236773,493682552,480150306,481236780.7850869,493682559.59849435,481236773,493682552,480150306
2011-09-20,35.050,25.3459433792,,,480150306.28610230,12169862476.633086731658892160,348000000,357000000,481236773,493682552,480150306,481236780.7850869,493682559.59849435,481236773,493682552,480150306
2011-09-21,32.250,23.3211604559,,,480150306.27157570,11197662335.508944981023361630,348000000,357000000,481236773,493682552,480150306,481236780.7850869,493682559.59849435,481236773,493682552,480150306
2011-09-22,31.290,22.6269491679,,,480150306.31036377,10864336573.836215624747806983,348000000,357000000,481236773,493682552,480150306,481236780.7850869,493682559.59849435,481236773,493682552,480150306
2011-09-23,31.680,22.9089725036,,,480150306.29544145,10999750164.517386156073714220,348000000,357000000,481236773,493682552,480150306,481236780.7850869,493682559.59849435,481236773,493682552,480150306
2011-09-26,32.390,23.4223996020,,,480150306.30151550,11246272343.216794739196831000,348000000,357000000,481236773,493682552,480150306,481236780.7850869,493682559.59849435,481236773,493682552,480150306
2011-09-27,33.560,24.2684696093,,,480150306.30765140,11652513116.523324096958598020,348000000,357000000,481236773,493682552,480150306,481236780.7850869,493682559.59849435,481236773,493682552,480150306
2011-09-28,31.640,22.8800470333,,,480150306.28758080,10985861590.913249419674040640,348000000,357000000,481236773,493682552,480150306,481236780.7850869,493682559.59849435,481236773,493682552,480150306
2011-09-29,32.520,23.5164073806,,,480150306.28114694,11291410206.427314438449105364,348000000,357000000,481236773,493682552,480150306,481236780.7850869,493682559.59849435,481236773,493682552,480150306
2011-09-30,31.250,22.5980236975,,,480150306.30242420,10850448000.184065673297479500,348000000,357000000,481236773,493682552,480150306,481236780.7850869,493682559.59849435,481236773,493682552,480150306
2011-10-03,29.400,21.2602206946,,,480150306.29527056,10208101478.417239817818130976,348000000,357000000,481236773,493682552,480150306,481236780.7850869,493682559.59849435,481236773,493682552,480150306
2011-10-04,31.010,22.4244708755,,,480150306.29866385,10767116559.456791708889700675,348000000,357000000,481236773,493682552,480150306,481236780.7850869,493682559.59849435,481236773,493682552,480150306
2011-10-05,32.120,23.2271526773,,,480150306.29207670,11152524472.298424358181948910,348000000,357000000,481236773,493682552,480150306,481236780.7850869,493682559.59849435,481236773,493682552,480150306
2011-10-06,33.540,24.2540068741,,,480150306.30395100,11645568829.697248117989569100,348000000,357000000,481236773,493682552,480150306,481236780.7850869,493682559.59849435,481236773,493682552,480150306
2011-10-07,31.370,22.6848001085,,,480150306.27779640,10892113719.946864005860909400,348000000,357000000,481236773,493682552,480150306,481236780.7850869,493682559.59849435,481236773,493682552,480150306
2011-10-10,33.310,24.0876854197,,,480150306.30376536,11565709532.417697861281921592,348000000,357000000,481236773,493682552,480150306,481236780.7850869,493682559.59849435,481236773,493682552,480150306
2011-10-11,33.930,24.5360302098,,,480150306.29009180,11780982420.378415367215259640,348000000,357000000,481236773,493682552,480150306,481236780.7850869,493682559.59849435,481236773,493682552,480150306
2011-10-12,33.780,24.4275596961,,,480150306.30597220,11728900270.389836187447048420,348000000,357000000,481236773,493682552,480150306,481236780.7850869,493682559.59849435,481236773,493682552,480150306
2011-10-13,32.470,23.4802505427,,,480150306.27007324,11274049489.375458406278747348,348000000,357000000,481236773,493682552,480150306,481236780.7850869,493682559.59849435,481236773,493682552,480150306
2011-10-14,33.340,24.1093795224,,,480150306.30935270,11576125962.608795504979150480,348000000,357000000,481236773,493682552,480150306,481236780.7850869,493682559.59849435,481236773,493682552,480150306
2011-10-17,33.070,23.9141325977,,,480150306.30024904,11482378091.690425251092131208,348000000,357000000,481236773,493682552,480150306,481236780.7850869,493682559.59849435,481236773,493682552,480150306
2011-10-18,33.480,24.2106186686,,,480150306.29139080,11624735969.232354133938288880,348000000,357000000,481236773,493682552,480150306,481236780.7850869,493682559.59849435,481236773,493682552,480150306
2011-10-19,32.990,23.8562816570,,,480150306.28372896,11454600944.399455026007686720,348000000,357000000,481236773,493682552,480150306,481236780.7850869,493682559.59849435,481236773,493682552,480150306
2011-10-20,33.730,24.3914028582,,,480150306.29534894,11711539553.337979588482340308,348000000,357000000,481236773,493682552,480150306,481236780.7850869,493682559.59849435,481236773,493682552,480150306
2011-10-21,35.270,25.5050334660,,,480150306.28462850,12246249630.499600013877381000,348000000,357000000,481236773,493682552,480150306,481236780.7850869,493682559.59849435,481236773,493682552,480150306
2011-10-24,37.540,27.1465539074,,,480150306.28375983,13034426173.186707186249659742,348000000,357000000,481236773,493682552,480150306,481236780.7850869,493682559.59849435,481236773,493682552,480150306
2011-10-25,35.930,25.9823037265,,,480150306.28031534,12475411092.147153612077114510,348000000,357000000,481236773,493682552,480150306,481236780.7850869,493682559.59849435,481236773,493682552,480150306
2011-10-26,35.790,25.8810645803,,,480150306.29700440,12426801085.523596628833253320,348000000,357000000,481236773,493682552,480150306,481236780.7850869,493682559.59849435,481236773,493682552,480150306
2011-10-27,37.845,27.3671106187,,,480150306.29765860,13140326546.050710155007375820,348000000,357000000,481236773,493682552,480150306,481236780.7850869,493682559.59849435,481236773,493682552,480150306
2011-10-28,40.890,29.5690620478,,,480150306.31196410,14197594199.608642456386083980,348000000,357000000,481236773,493682552,480150306,481236780.7850869,493682559.59849435,481236773,493682552,480150306
2011-10-31,37.070,26.8066796310,,,480150306.28149515,12871235435.214567389730289650,348000000,357000000,481236773,493682552,480150306,481236780.7850869,493682559.59849435,481236773,493682552,480150306
2011-11-01,35.290,25.5194962012,,,480150306.28951746,12253193917.360357287851072952,348000000,357000000,481236773,493682552,480150306,481236780.7850869,493682559.59849435,481236773,493682552,480150306
2011-11-02,36.160,26.1486251809,,,480150306.28063670,12555270389.426704235704679030,348000000,357000000,481236773,493682552,480150306,481236780.7850869,493682559.59849435,481236773,493682552,480150306
2011-11-03,37.130,26.8500678365,,,480150306.29285700,12892068295.679463285393880500,348000000,357000000,481236773,493682552,480150306,481236780.7850869,493682559.59849435,481236773,493682552,480150306
2011-11-04,36.910,26.6909777496,,,480150306.29430556,12815681141.764934531143567776,348000000,357000000,481236773,493682552,480150306,481236780.7850869,493682559.59849435,481236773,493682552,480150306
2011-11-07,37.740,27.2911812590,,,480150306.27909490,13103869040.227144758362479100,348000000,357000000,481236773,493682552,480150306,481236780.7850869,493682559.59849435,481236773,493682552,480150306
2011-11-08,38.750,28.0215493849,,,480150306.29727810,13454555520.084039739599240690,348000000,357000000,481236773,493682552,480150306,481236780.7850869,493682559.59849435,481236773,493682552,480150306
2011-11-09,36.070,26.0835428726,,,480150306.30716676,12524021099.855006369097634776,348000000,357000000,481236773,493682552,480150306,481236780.7850869,493682559.59849435,481236773,493682552,480150306
2011-11-10,36.860,26.6548209117,,,480150306.28456855,12798320424.713077717552147035,348000000,357000000,481236773,493682552,480150306,481236780.7850869,493682559.59849435,481236773,493682552,480150306
2011-11-11,37.460,27.0887029667,,,480150306.31097585,13006649027.028045240667054195,348000000,357000000,481236773,493682552,480150306,481236780.7850869,493682559.59849435,481236773,493682552,480150306
2011-11-14,37.550,27.1537852750,,,480150306.28541887,13037898316.599746859413139250,348000000,357000000,481236773,493682552,480150306,481236780.7850869,493682559.59849435,481236773,493682552,480150306
2011-11-15,38.250,27.6599810058,,,480150306.28912020,13280948351.886117015193097160,348000000,357000000,481236773,493682552,480150306,481236780.7850869,493682559.59849435,481236773,493682552,480150306
2011-11-16,38.580,27.8986161360,,,480150306.30674505,13395529083.234700017568126800,348000000,357000000,481236773,493682552,480150306,481236780.7850869,493682559.59849435,481236773,493682552,480150306
2011-11-17,37.210,26.9079187771,,,480150306.30751944,12919845442.922418906499276824,348000000,357000000,481236773,493682552,480150306,481236780.7850869,493682559.59849435,481236773,493682552,480150306
2011-11-18,36.810,26.6186640738,,,480150306.27480510,12780959707.661221225467016380,348000000,357000000,481236773,493682552,480150306,481236780.7850869,493682559.59849435,481236773,493682552,480150306
2011-11-21,35.790,25.8810645803,,,480150306.29700440,12426801085.523596628833253320,348000000,357000000,481236773,493682552,480150306,481236780.7850869,493682559.59849435,481236773,493682552,480150306
2011-11-22,35.580,25.7292058611,,,480150306.30162790,12353886075.104804829151284690,348000000,357000000,481236773,493682552,480150306,481236780.7850869,493682559.59849435,481236773,493682552,480150306
2011-11-23,33.600,24.2973950796,,,480150306.31646640,11666401690.162143507818725440,348000000,357000000,481236773,493682552,480150306,481236780.7850869,493682559.59849435,481236773,493682552,480150306
2011-11-25,33.830,24.4637165340,,,480150306.31656414,11746260987.441694789789490760,348000000,357000000,481236773,493682552,480150306,481236780.7850869,493682559.59849435,481236773,493682552,480150306
2011-11-28,35.160,25.4254884226,,,480150306.30831236,12208056054.149839655324483336,348000000,357000000,481236773,493682552,480150306,481236780.7850869,493682559.59849435,481236773,493682552,480150306
2011-11-29,35.020,25.3242492764,,,480150306.28076774,12159446046.393970814931463336,348000000,357000000,481236773,493682552,480150306,481236780.7850869,493682559.59849435,481236773,493682552,480150306
2011-11-30,37.500,27.1176284370,,,480150306.27711505,13020537599.534554682200676850,348000000,357000000,481236773,493682552,480150306,481236780.7850869,493682559.59849435,481236773,493682552,480150306
2011-12-01,37.820,27.3490321997,,,480150306.29354990,13131646187.518113775518715030,348000000,357000000,481236773,493682552,480150306,481236780.7850869,493682559.59849435,481236773,493682552,480150306
2011-12-02,36.760,26.5825072359,,,480150306.30891585,12763598991.776357003309199015,348000000,357000000,481236773,493682552,480150306,481236780.7850869,493682559.59849435,481236773,493682552,480150306
2011-12-05,37.060,26.7994482634,,,480150306.27981360,12867763291.801528696995702240,348000000,357000000,481236773,493682552,480150306,481236780.7850869,493682559.59849435,481236773,493682552,480150306
2011-12-06,36.980,26.7415973227,,,480150306.30737436,12839986145.642867108642625972,348000000,357000000,481236773,493682552,480150306,481236780.7850869,493682559.59849435,481236773,493682552,480150306
2011-12-07,36.660,26.5101935601,,,480150306.28937530,12728877557.672639605112005530,348000000,357000000,481236773,493682552,480150306,481236780.7850869,493682559.59849435,481236773,493682552,480150306
2011-12-08,34.420,24.8903672214,,,480150306.29745380,11951117445.211314061800871320,348000000,357000000,481236773,493682552,480150306,481236780.7850869,493682559.59849435,481236773,493682552,480150306
2011-12-09,35.330,25.5484216715,,,480150306.29656386,12267082490.964495026807691990,348000000,357000000,481236773,493682552,480150306,481236780.7850869,493682559.59849435,481236773,493682552,480150306
2011-12-12,33.730,24.3914028582,,,480150306.29534894,11711539553.337979588482340308,348000000,357000000,481236773,493682552,480150306,481236780.7850869,493682559.59849435,481236773,493682552,480150306
2011-12-13,33.150,23.9719835384,,,480150306.31668943,11510155238.981396553145279112,348000000,357000000,481236773,493682552,480150306,481236780.7850869,493682559.59849435,481236773,493682552,480150306
2011-12-14,32.930,23.8128934515,,,480150306.27092206,11433768083.934559307440890090,348000000,357000000,481236773,493682552,480150306,481236780.7850869,493682559.59849435,481236773,493682552,480150306
2011-12-15,33.450,24.1889245658,,,480150306.28581060,11614319538.993238178306037480,348000000,357000000,481236773,493682552,480150306,481236780.7850869,493682559.59849435,481236773,493682552,480150306
2011-12-16,33.460,24.1961559334,,,481409873.03919730,11648268355.934714441168259820,347000000,355000000,479853909,490916823,481409873,479853916.4724861,490916830.97329265,479853909,490916823,481409873
2011-12-19,33.230,24.0298344790,,,481409873.00854300,11568199564.951698042954097000,347000000,355000000,479853909,490916823,481409873,479853916.4724861,490916830.97329265,479853909,490916823,481409873
2011-12-20,34.580,25.0060691027,,,481409873.03082310,12038168551.730795525659432370,347000000,355000000,479853909,490916823,481409873,479853916.4724861,490916830.97329265,479853909,490916823,481409873
2011-12-21,34.360,24.8469790159,,,481409873.03815234,11961581013.426054372087482206,347000000,355000000,479853909,490916823,481409873,479853916.4724861,490916830.97329265,479853909,490916823,481409873
2011-12-22,34.840,25.1940846599,,,481409873.03484910,12128681097.351698368421321090,347000000,355000000,479853909,490916823,481409873,479853916.4724861,490916830.97329265,479853909,490916823,481409873
2011-12-23,35.360,25.5701157742,,,481409873.04159915,12309706188.516613758208311930,347000000,355000000,479853909,490916823,481409873,479853916.4724861,490916830.97329265,479853909,490916823,481409873
2011-12-27,35.250,25.4905707308,,,481409873.00106610,12271412418.239120685856105880,347000000,355000000,479853909,490916823,481409873,479853916.4724861,490916830.97329265,479853909,490916823,481409873
2011-12-28,34.110,24.6661948263,,,481409873.02549130,11874549719.351113432075661190,347000000,355000000,479853909,490916823,481409873,479853916.4724861,490916830.97329265,479853909,490916823,481409873
2011-12-29,35.060,25.3531747467,,,481409873.02764094,12205268635.656439751083049898,347000000,355000000,479853909,490916823,481409873,479853916.4724861,490916830.97329265,479853909,490916823,481409873
2011-12-30,34.930,25.2591669682,,,481409873.00292280,12160012362.320784531814654960,347000000,355000000,479853909,490916823,481409873,479853916.4724861,490916830.97329265,479853909,490916823,481409873
2012-01-03,36.480,26.3800289436,,,481409873.03358730,12699606384.360834108937376280,347000000,355000000,479853909,490916823,481409873,479853916.4724861,490916830.97329265,479853909,490916823,481409873
2012-01-04,36.190,26.1703192836,,,481409873.01134026,12598650082.984105207759037736,347000000,355000000,479853909,490916823,481409873,479853916.4724861,490916830.97329265,479853909,490916823,481409873
2012-01-05,37.000,26.7560600579,,,481409873.04059315,12880631475.540124406039343385,347000000,355000000,479853909,490916823,481409873,479853916.4724861,490916830.97329265,479853909,490916823,481409873
2012-01-06,37.400,27.0453147612,,,481409873.01706920,13019881544.895959214321875040,347000000,355000000,479853909,490916823,481409873,479853916.4724861,490916830.97329265,479853909,490916823,481409873
2012-01-09,38.380,27.7539887844,,,481409873.03607786,13361044216.942732903005153384,347000000,355000000,479853909,490916823,481409873,479853916.4724861,490916830.97329265,479853909,490916823,481409873
2012-01-10,39.100,28.2746472504,,,481409873.01167760,13611694342.265043219931271040,347000000,355000000,479853909,490916823,481409873,479853916.4724861,490916830.97329265,479853909,490916823,481409873
2012-01-11,38.920,28.1444826339,,,481409873.02762336,13549031811.213949670509967904,347000000,355000000,479853909,490916823,481409873,479853916.4724861,490916830.97329265,479853909,490916823,481409873
2012-01-12,39.520,28.5783646889,,,481409873.01398630,13757906915.830739091748362070,347000000,355000000,479853909,490916823,481409873,479853916.4724861,490916830.97329265,479853909,490916823,481409873
2012-01-13,39.060,28.2457217800,,,481409873.00161960,13597769334.948880710994888000,347000000,355000000,479853909,490916823,481409873,479853916.4724861,490916830.97329265,479853909,490916823,481409873
2012-01-17,39.990,28.9182389653,,,481409873.01823480,13921525748.196042710784452440,347000000,355000000,479853909,490916823,481409873,479853916.4724861,490916830.97329265,479853909,490916823,481409873
2012-01-18,41.270,29.8438540159,,,481409873.01093465,14367125971.951291079014960935,347000000,355000000,479853909,490916823,481409873,479853916.4724861,490916830.97329265,479853909,490916823,481409873
2012-01-19,41.850,30.2632733357,,,481409873.01230970,14569038573.476155181880466290,347000000,355000000,479853909,490916823,481409873,479853916.4724861,490916830.97329265,479853909,490916823,481409873
2012-01-20,41.000,29.6486070912,,,481409873.01502430,14273132174.846940985120316160,347000000,355000000,479853909,490916823,481409873,479853916.4724861,490916830.97329265,479853909,490916823,481409873
2012-01-23,41.000,29.6486070912,,,481409873.01502430,14273132174.846940985120316160,347000000,355000000,479853909,490916823,481409873,479853916.4724861,490916830.97329265,479853909,490916823,481409873
2012-01-24,42.600,30.8056259045,,,481409873.00595456,14830132454.554289076285899520,347000000,355000000,479853909,490916823,481409873,479853916.4724861,490916830.97329265,479853909,490916823,481409873
2012-01-25,44.050,31.8541742041,,,481409873.02715766,15334913958.980741911915718406,347000000,355000000,479853909,490916823,481409873,479853916.4724861,490916830.97329265,479853909,490916823,481409873
2012-01-26,42.660,30.8490141100,,,481409873.03766290,14851019966.032171363523519000,347000000,355000000,479853909,490916823,481409873,479853916.4724861,490916830.97329265,479853909,490916823,481409873
2012-01-27,42.680,30.8634768452,,,481409873.02390933,14857982469.124097712439245716,347000000,355000000,479853909,490916823,481409873,479853916.4724861,490916830.97329265,479853909,490916823,481409873
2012-01-30,43.160,31.2105824891,,,481409873.02094066,15025082552.987225080606196806,347000000,355000000,479853909,490916823,481409873,479853916.4724861,490916830.97329265,479853909,490916823,481409873
2012-01-31,42.470,30.7116181259,,,481409873.02289570,14784876182.317181005825168630,347000000,355000000,479853909,490916823,481409873,479853916.4724861,490916830.97329265,479853909,490916823,481409873
2012-02-01,44.190,31.9554133502,,,481409873.00417420,15383651482.715674811006404840,347000000,355000000,479853909,490916823,481409873,479853916.4724861,490916830.97329265,479853909,490916823,481409873
2012-02-02,43.720,31.6155390738,,,481409873.03599760,15220032651.482679156763022880,347000000,355000000,479853909,490916823,481409873,479853916.4724861,490916830.97329265,479853909,490916823,481409873
2012-02-03,45.280,32.7436324168,,,481409873.01806860,15763107923.922002663086192480,347000000,355000000,479853909,490916823,481409873,479853916.4724861,490916830.97329265,479853909,490916823,481409873
2012-02-06,44.660,32.2952876266,,,481409873.00852686,15547270315.095354818051750476,347000000,355000000,479853909,490916823,481409873,479853916.4724861,490916830.97329265,479853909,490916823,481409873
2012-02-07,44.600,32.2518994211,,,481409873.01330954,15526382804.749782465721107294,347000000,355000000,479853909,490916823,481409873,479853916.4724861,490916830.97329265,479853909,490916823,481409873
2012-02-08,44.970,32.5194600217,,,481409873.01355170,15655189119.515868210476071890,347000000,355000000,479853909,490916823,481409873,479853916.4724861,490916830.97329265,479853909,490916823,481409873
2012-02-09,45.090,32.6062364327,,,481409873.00407696,15696964140.207014368786660592,347000000,355000000,479853909,490916823,481409873,479853916.4724861,490916830.97329265,479853909,490916823,481409873
2012-02-10,44.140,31.9192565123,,,481409873.03783330,15366245225.048376745306799590,347000000,355000000,479853909,490916823,481409873,479853916.4724861,490916830.97329265,479853909,490916823,481409873
2012-02-13,43.840,31.7023154848,,,481409873.02619123,15261807672.173824066794958304,347000000,355000000,479853909,490916823,481409873,479853916.4724861,490916830.97329265,479853909,490916823,481409873
2012-02-14,43.780,31.6589272793,,,481409873.03108776,15240920161.828253662016331368,347000000,355000000,479853909,490916823,481409873,479853916.4724861,490916830.97329265,479853909,490916823,481409873
2012-02-15,43.640,31.5576881331,,,481409873.01849290,15192182636.912871267176604990,347000000,355000000,479853909,490916823,481409873,479853916.4724861,490916830.97329265,479853909,490916823,481409873
2012-02-16,43.830,31.6950841172,,,481409873.03288500,15258326420.627861956794122000,347000000,355000000,479853909,490916823,481409873,479853916.4724861,490916830.97329265,479853909,490916823,481409873
2012-02-17,43.140,31.1961197540,,,481409873.03500070,15018120049.957817270673827800,347000000,355000000,479853909,490916823,481409873,479853916.4724861,490916830.97329265,479853909,490916823,481409873
2012-02-21,42.610,30.8128572721,,,481409873.03582190,14833613707.232562535215438990,347000000,355000000,479853909,490916823,481409873,479853916.4724861,490916830.97329265,479853909,490916823,481409873
2012-02-22,42.720,30.8924023155,,,481409873.03262890,14871907476.377746037412217950,347000000,355000000,479853909,490916823,481409873,479853916.4724861,490916830.97329265,479853909,490916823,481409873
2012-02-23,43.410,31.3913666787,,,481409873.03098840,15112113847.062167032286227080,347000000,355000000,479853909,490916823,481409873,479853916.4724861,490916830.97329265,479853909,490916823,481409873
2012-02-24,43.020,31.1093433430,,,481409873.00813127,14976345028.119983909244635610,347000000,355000000,479853909,490916823,481409873,479853916.4724861,490916830.97329265,479853909,490916823,481409873
2012-02-27,43.350,31.3479784732,,,481409873.03594005,15091226336.716593817325731660,347000000,355000000,479853909,490916823,481409873,479853916.4724861,490916830.97329265,479853909,490916823,481409873
2012-02-28,43.630,31.5504567656,,,481409873.02521550,15188701385.415047311372986800,347000000,355000000,479853909,490916823,481409873,479853916.4724861,490916830.97329265,479853909,490916823,481409873
2012-02-29,43.620,31.5432253980,,,481409873.03194130,15185220133.869086079405137400,347000000,355000000,479853909,490916823,481409873,479853916.4724861,490916830.97329265,479853909,490916823,481409873
2012-03-01,44.160,31.9337192475,,,481409873.02454054,15373207728.140301282042043650,347000000,355000000,479853909,490916823,481409873,479853916.4724861,490916830.97329265,479853909,490916823,481409873
2012-03-02,43.720,31.6155390738,,,481409873.03599760,15220032651.482679156763022880,347000000,355000000,479853909,490916823,481409873,479853916.4724861,490916830.97329265,479853909,490916823,481409873
2012-03-05,42.780,30.9357905210,,,480718529.36762697,14871407724.080094542789951370,348000000,352000000,481236773,486768230,480718529,481236780.7850869,486768238.0354902,481236773,486768230,480718529
2012-03-06,42.280,30.5742221418,,,480718529.38344395,14697595105.048825918429252110,348000000,352000000,481236773,486768230,480718529,481236780.7850869,486768238.0354902,481236773,486768230,480718529
2012-03-07,43.460,31.4275235166,,,480718529.39269040,15107792887.354145862143060640,348000000,352000000,481236773,486768230,480718529,481236780.7850869,486768238.0354902,481236773,486768230,480718529
2012-03-08,44.280,32.0204956585,,,480718529.36288184,15392845582.424662728768491640,348000000,352000000,481236773,486768230,480718529,481236780.7850869,486768238.0354902,481236773,486768230,480718529
2012-03-09,44.550,32.2157425832,,,480718529.38178575,15486704397.538075556733949400,348000000,352000000,481236773,486768230,480718529,481236780.7850869,486768238.0354902,481236773,486768230,480718529
2012-03-12,43.620,31.5432253980,,,480718529.36742127,15163412924.831651477629415460,348000000,352000000,481236773,486768230,480718529,481236780.7850869,486768238.0354902,481236773,486768230,480718529
2012-03-13,45.110,32.6206991679,,,480718529.38317883,15681374531.443973360037895557,348000000,352000000,481236773,486768230,480718529,481236780.7850869,486768238.0354902,481236773,486768230,480718529
2012-03-14,44.970,32.5194600217,,,480718529.36670430,15632706997.430957902935483310,348000000,352000000,481236773,486768230,480718529,481236780.7850869,486768238.0354902,481236773,486768230,480718529
2012-03-15,45.860,33.1630517366,,,480718529.39268434,15942093460.991858544972624844,348000000,352000000,481236773,486768230,480718529,481236780.7850869,486768238.0354902,481236773,486768230,480718529
2012-03-16,45.620,32.9894989146,,,480718529.38248897,15858663403.291728084061471962,348000000,352000000,481236773,486768230,480718529,481236780.7850869,486768238.0354902,481236773,486768230,480718529
2012-03-19,45.360,32.8014833575,,,480718529.37318340,15768280840.876350201895265500,348000000,352000000,481236773,486768230,480718529,481236780.7850869,486768238.0354902,481236773,486768230,480718529
2012-03-20,44.830,32.4182208755,,,480718529.37991834,15584039464.383728800273306670,348000000,352000000,481236773,486768230,480718529,481236780.7850869,486768238.0354902,481236773,486768230,480718529
2012-03-21,44.720,32.3386758321,,,480718529.37160146,15545800687.832062134575074866,348000000,352000000,481236773,486768230,480718529,481236780.7850869,486768238.0354902,481236773,486768230,480718529
2012-03-22,43.710,31.6083077062,,,480718529.38753140,15194699196.953039916814474680,348000000,352000000,481236773,486768230,480718529,481236780.7850869,486768238.0354902,481236773,486768230,480718529
2012-03-23,44.300,32.0349583936,,,480718529.39201254,15399798088.105700423069455744,348000000,352000000,481236773,486768230,480718529,481236780.7850869,486768238.0354902,481236773,486768230,480718529
2012-03-26,45.050,32.5773109624,,,480718529.36678410,15660517016.569341991364017840,348000000,352000000,481236773,486768230,480718529,481236780.7850869,486768238.0354902,481236773,486768230,480718529
2012-03-27,45.670,33.0256557525,,,480718529.37949574,15876044665.135283741280244350,348000000,352000000,481236773,486768230,480718529,481236780.7850869,486768238.0354902,481236773,486768230,480718529
2012-03-28,44.590,32.2446680535,,,480718529.36941874,15500609406.683597945542222590,348000000,352000000,481236773,486768230,480718529,481236780.7850869,486768238.0354902,481236773,486768230,480718529
2012-03-29,44.460,32.1506602750,,,480718529.36722326,15455418125.583205752337996500,348000000,352000000,481236773,486768230,480718529,481236780.7850869,486768238.0354902,481236773,486768230,480718529
2012-03-30,44.510,32.1868171129,,,480718529.37356750,15472799387.729263725923270750,348000000,352000000,481236773,486768230,480718529,481236780.7850869,486768238.0354902,481236773,486768230,480718529
2012-04-02,44.870,32.4471463459,,,480718529.36772940,15597944473.580542838589999460,348000000,352000000,481236773,486768230,480718529,481236780.7850869,486768238.0354902,481236773,486768230,480718529
2012-04-03,44.830,32.4182208755,,,480718529.37999004,15584039464.386053186710080020,348000000,352000000,481236773,486768230,480718529,481236780.7850869,486768238.0354902,481236773,486768230,480718529
2012-04-04,43.740,31.6300018090,,,480718529.37814766,15205127953.850630130869116940,348000000,352000000,481236773,486768230,480718529,481236780.7850869,486768238.0354902,481236773,486768230,480718529
2012-04-05,44.770,32.3748326700,,,480718529.36352560,15563181949.512622901261352000,348000000,352000000,481236773,486768230,480718529,481236780.7850869,486768238.0354902,481236773,486768230,480718529
2012-04-09,43.550,31.4926058249,,,480718529.38433170,15139079158.626366306213719330,348000000,352000000,481236773,486768230,480718529,481236780.7850869,486768238.0354902,481236773,486768230,480718529
2012-04-10,42.300,30.5886848770,,,480718529.36070890,14704547609.149596807429305300,348000000,352000000,481236773,486768230,480718529,481236780.7850869,486768238.0354902,481236773,486768230,480718529
2012-04-11,42.470,30.7116181259,,,480718529.36091316,14763643899.776611947631846844,348000000,352000000,481236773,486768230,480718529,481236780.7850869,486768238.0354902,481236773,486768230,480718529
2012-04-12,43.530,31.4781430897,,,480718529.39065270,15132126654.029120640277647190,348000000,352000000,481236773,486768230,480718529,481236780.7850869,486768238.0354902,481236773,486768230,480718529
2012-04-13,42.240,30.5452966715,,,480718529.38021743,14683690095.405930422525284245,348000000,352000000,481236773,486768230,480718529,481236780.7850869,486768238.0354902,481236773,486768230,480718529
2012-04-16,41.990,30.3645124819,,,480718529.36908650,14596783785.308238761250784350,348000000,352000000,481236773,486768230,480718529,481236780.7850869,486768238.0354902,481236773,486768230,480718529
2012-04-17,42.650,30.8417827424,,,480718529.37621110,14826216443.267134941079320640,348000000,352000000,481236773,486768230,480718529,481236780.7850869,486768238.0354902,481236773,486768230,480718529
2012-04-18,42.320,30.6031476122,,,480718529.39113486,14711500114.876604310657181292,348000000,352000000,481236773,486768230,480718529,481236780.7850869,486768238.0354902,481236773,486768230,480718529
2012-04-19,41.920,30.3138929088,,,480718529.37339973,14572450018.701066582594834624,348000000,352000000,481236773,486768230,480718529,481236780.7850869,486768238.0354902,481236773,486768230,480718529
2012-04-20,42.100,30.4440575253,,,480718529.38884420,14635022562.191591476879258260,348000000,352000000,481236773,486768230,480718529,481236780.7850869,486768238.0354902,481236773,486768230,480718529
2012-04-23,41.270,29.8438540159,,,480718529.37613565,14346493613.439528039875656835,348000000,352000000,481236773,486768230,480718529,481236780.7850869,486768238.0354902,481236773,486768230,480718529
2012-04-24,39.800,28.7808429812,,,480718529.38751954,13835484512.455577687686852648,348000000,352000000,481236773,486768230,480718529,481236780.7850869,486768238.0354902,481236773,486768230,480718529
2012-04-25,41.180,29.7787717077,,,480718529.38721620,14315207342.283184794623104740,348000000,352000000,481236773,486768230,480718529,481236780.7850869,486768238.0354902,481236773,486768230,480718529
2012-04-26,41.990,30.3645124819,,,480718529.36908650,14596783785.308238761250784350,348000000,352000000,481236773,486768230,480718529,481236780.7850869,486768238.0354902,481236773,486768230,480718529
2012-04-27,42.560,30.7767004342,,,480718529.38693250,14794930172.110790932556091500,348000000,352000000,481236773,486768230,480718529,481236780.7850869,486768238.0354902,481236773,486768230,480718529
2012-04-30,42.180,30.5019084660,,,480718529.36274236,14662832580.532500775460819760,348000000,352000000,481236773,486768230,480718529,481236780.7850869,486768238.0354902,481236773,486768230,480718529
2012-05-01,42.970,31.0731865051,,,480718529.38289200,14937456519.971997525210749200,348000000,352000000,481236773,486768230,480718529,481236780.7850869,486768238.0354902,481236773,486768230,480718529
2012-05-02,43.040,31.1238060781,,,480718529.37866850,14961790286.531096076785009850,348000000,352000000,481236773,486768230,480718529,481236780.7850869,486768238.0354902,481236773,486768230,480718529
2012-05-03,42.210,30.5236025687,,,480718529.37148607,14673261337.945178602788268009,348000000,352000000,481236773,486768230,480718529,481236780.7850869,486768238.0354902,481236773,486768230,480718529
2012-05-04,41.010,29.6558384588,,,480718529.38711447,14256111051.656167292583978836,348000000,352000000,481236773,486768230,480718529,481236780.7850869,486768238.0354902,481236773,486768230,480718529
2012-05-07,40.860,29.5473679450,,,480718529.38027650,14203967265.578322571336792500,348000000,352000000,481236773,486768230,480718529,481236780.7850869,486768238.0354902,481236773,486768230,480718529
2012-05-08,40.270,29.1207172576,,,480718529.36269930,13998868374.060449835229439680,348000000,352000000,481236773,486768230,480718529,481236780.7850869,486768238.0354902,481236773,486768230,480718529
2012-05-09,39.930,28.8748507598,,,480718529.36228156,13880675792.806414312227529288,348000000,352000000,481236773,486768230,480718529,481236780.7850869,486768238.0354902,481236773,486768230,480718529
2012-05-10,39.740,28.7374547757,,,480718529.36898270,13814626997.582152599565680390,348000000,352000000,481236773,486768230,480718529,481236780.7850869,486768238.0354902,481236773,486768230,480718529
2012-05-11,39.450,28.5277451158,,,480718529.37099767,13713815678.338037626515680186,348000000,352000000,481236773,486768230,480718529,481236780.7850869,486768238.0354902,481236773,486768230,480718529
2012-05-14,38.900,28.1300198987,,,480718529.37868990,13522621797.096347434736713130,348000000,352000000,481236773,486768230,480718529,481236780.7850869,486768238.0354902,481236773,486768230,480718529
2012-05-15,40.510,29.2942700796,,,480718529.36412436,14082298431.460782252801499056,348000000,352000000,481236773,486768230,480718529,481236780.7850869,486768238.0354902,481236773,486768230,480718529
2012-05-16,39.760,28.7519175109,,,480718529.36206996,13821579502.179395089194862564,348000000,352000000,481236773,486768230,480718529,481236780.7850869,486768238.0354902,481236773,486768230,480718529
2012-05-17,39.630,28.6579097323,,,480718529.38741560,13776388221.828561080384843880,348000000,352000000,481236773,486768230,480718529,481236780.7850869,486768238.0354902,481236773,486768230,480718529
2012-05-18,38.730,28.0070866498,,,480718529.37854475,13463525506.469329758276878550,348000000,352000000,481236773,486768230,480718529,481236780.7850869,486768238.0354902,481236773,486768230,480718529
2012-05-21,39.990,28.9182389653,,,480718529.38074050,13901533307.679842806467804650,348000000,352000000,481236773,486768230,480718529,481236780.7850869,486768238.0354902,481236773,486768230,480718529
2012-05-22,40.490,29.2798073444,,,480718529.37091000,14075345926.863537729711404000,348000000,352000000,481236773,486768230,480718529,481236780.7850869,486768238.0354902,481236773,486768230,480718529
2012-05-23,40.770,29.4822856368,,,480718529.39147764,14172680994.421979870100361152,348000000,352000000,481236773,486768230,480718529,481236780.7850869,486768238.0354902,481236773,486768230,480718529
2012-05-24,41.020,29.6630698263,,,480718529.36471665,14259587303.341836968464217895,348000000,352000000,481236773,486768230,480718529,481236780.7850869,486768238.0354902,481236773,486768230,480718529
2012-05-25,41.010,29.6558384588,,,480718529.38711447,14256111051.656167292583978836,348000000,352000000,481236773,486768230,480718529,481236780.7850869,486768238.0354902,481236773,486768230,480718529
2012-05-29,42.180,30.5019084660,,,480718529.36274236,14662832580.532500775460819760,348000000,352000000,481236773,486768230,480718529,481236780.7850869,486768238.0354902,481236773,486768230,480718529
2012-05-30,41.350,29.9017049566,,,480718529.38731720,14374303632.910205480416433520,348000000,352000000,481236773,486768230,480718529,481236780.7850869,486768238.0354902,481236773,486768230,480718529
2012-05-31,40.660,29.4027405933,,,480718529.37108076,14134442217.490554581144614908,348000000,352000000,481236773,486768230,480718529,481236780.7850869,486768238.0354902,481236773,486768230,480718529
2012-06-01,38.220,27.6382869030,,,480718529.37810150,13286236634.540203422454654500,348000000,352000000,481236773,486768230,480718529,481236780.7850869,486768238.0354902,481236773,486768230,480718529
2012-06-04,37.840,27.3634949349,,,480546537.02442145,13149432731.851491664677913605,348000000,354000000,481236773,489533959,480546537,481236780.7850869,489533966.66069186,481236773,489533959,480546537
2012-06-05,38.290,27.6889064761,,,480546537.01149800,13305808120.725095312362197800,348000000,354000000,481236773,489533959,480546537,481236780.7850869,489533966.66069186,481236773,489533959,480546537
2012-06-06,39.770,28.7591488784,,,480546537.03070800,13820109401.465690044557907200,348000000,354000000,481236773,489533959,480546537,481236780.7850869,489533966.66069186,481236773,489533959,480546537
2012-06-07,39.960,28.8965448625,,,480546537.03450300,13886134565.936533649890837500,348000000,354000000,481236773,489533959,480546537,481236780.7850869,489533966.66069186,481236773,489533959,480546537
2012-06-08,39.600,28.6362156295,,,480546537.00028800,13761034253.549747271601296000,348000000,354000000,481236773,489533959,480546537,481236780.7850869,489533966.66069186,481236773,489533959,480546537
2012-06-11,38.980,28.1878708394,,,480546537.02174735,13545583717.889964650699225590,348000000,354000000,481236773,489533959,480546537,481236780.7850869,489533966.66069186,481236773,489533959,480546537
2012-06-12,39.470,28.5422078509,,,480546537.03505796,13715859142.084838914448538164,348000000,354000000,481236773,489533959,480546537,481236780.7850869,489533966.66069186,481236773,489533959,480546537
2012-06-13,39.000,28.2023335745,,,480546537.03481150,13552533735.526572041728706750,348000000,354000000,481236773,489533959,480546537,481236780.7850869,489533966.66069186,481236773,489533959,480546537
2012-06-14,39.350,28.4554314399,,,480546536.99711360,13674159037.202734868991872640,348000000,354000000,481236773,489533959,480546537,481236780.7850869,489533966.66069186,481236773,489533959,480546537
2012-06-15,40.010,28.9327017004,,,480546537.02727500,13903509608.970370953678410000,348000000,354000000,481236773,489533959,480546537,481236780.7850869,489533966.66069186,481236773,489533959,480546537
2012-06-18,40.150,29.0339408466,,,480546536.99935013,13952159729.277609937062020058,348000000,354000000,481236773,489533959,480546537,481236780.7850869,489533966.66069186,481236773,489533959,480546537
2012-06-19,41.150,29.7570776049,,,480546537.02466285,14299660595.008843572708007965,348000000,354000000,481236773,489533959,480546537,481236780.7850869,489533966.66069186,481236773,489533959,480546537
2012-06-20,40.640,29.3882778582,,,480546537.01254770,14122435153.520542347481336140,348000000,354000000,481236773,489533959,480546537,481236780.7850869,489533966.66069186,481236773,489533959,480546537
2012-06-21,39.120,28.2891099855,,,480546537.03304340,13594233839.278913590394870700,348000000,354000000,481236773,489533959,480546537,481236780.7850869,489533966.66069186,481236773,489533959,480546537
2012-06-22,39.030,28.2240276773,,,480546537.01435420,13562958760.923801848185499660,348000000,354000000,481236773,489533959,480546537,481236780.7850869,489533966.66069186,481236773,489533959,480546537
2012-06-25,37.660,27.2333303184,,,480546537.02712685,13086882576.222981847347689040,348000000,354000000,481236773,489533959,480546537,481236780.7850869,489533966.66069186,481236773,489533959,480546537
2012-06-26,37.990,27.4719654486,,,480546537.01586570,13201557861.344243460417853020,348000000,354000000,481236773,489533959,480546537,481236780.7850869,489533966.66069186,481236773,489533959,480546537
2012-06-27,38.350,27.7322946816,,,480546537.01063263,13326658172.601264847600420608,348000000,354000000,481236773,489533959,480546537,481236780.7850869,489533966.66069186,481236773,489533959,480546537
2012-06-28,37.720,27.2767185239,,,480546537.02622217,13107732628.099151484475854863,348000000,354000000,481236773,489533959,480546537,481236780.7850869,489533966.66069186,481236773,489533959,480546537
2012-06-29,39.240,28.3758863965,,,480546537.00453480,13635933942.272162890130848200,348000000,354000000,481236773,489533959,480546537,481236780.7850869,489533966.66069186,481236773,489533959,480546537
2012-07-02,38.910,28.1372512663,,,480546537.02606165,13521258657.452632997564367395,348000000,354000000,481236773,489533959,480546537,481236780.7850869,489533966.66069186,481236773,489533959,480546537
2012-07-03,39.540,28.5928274240,,,480546537.00346780,13740184201.740984894940947200,348000000,354000000,481236773,489533959,480546537,481236780.7850869,489533966.66069186,481236773,489533959,480546537
2012-07-05,39.370,28.4698941751,,,480546536.99716620,13681109054.520098642586601620,348000000,354000000,481236773,489533959,480546537,481236780.7850869,489533966.66069186,481236773,489533959,480546537
2012-07-06,37.970,27.4575027135,,,480546537.03156540,13194607844.507235205652712900,348000000,354000000,481236773,489533959,480546537,481236780.7850869,489533966.66069186,481236773,489533959,480546537
2012-07-09,37.620,27.2044048480,,,480546537.02622217,13072982541.565769904673080160,348000000,354000000,481236773,489533959,480546537,481236780.7850869,489533966.66069186,481236773,489533959,480546537
2012-07-10,37.490,27.1103970695,,,480546537.03403527,13027807429.365883005567641265,348000000,354000000,481236773,489533959,480546537,481236780.7850869,489533966.66069186,481236773,489533959,480546537
2012-07-11,37.190,26.8934560420,,,480546537.00801920,12923557169.160490556692006400,348000000,354000000,481236773,489533959,480546537,481236780.7850869,489533966.66069186,481236773,489533959,480546537
2012-07-12,36.520,26.4089544139,,,480546537.00432634,12690731589.504763780139032126,348000000,354000000,481236773,489533959,480546537,481236780.7850869,489533966.66069186,481236773,489533959,480546537
2012-07-13,37.040,26.7849855282,,,480546537.02963630,12871432039.965433710009393660,348000000,354000000,481236773,489533959,480546537,481236780.7850869,489533966.66069186,481236773,489533959,480546537
2012-07-16,36.830,26.6331268090,,,480546536.99543506,12798456857.425231807104523540,348000000,354000000,481236773,489533959,480546537,481236780.7850869,489533966.66069186,481236773,489533959,480546537
2012-07-17,37.340,27.0019265557,,,480546537.01385415,12975682299.044061351691651155,348000000,354000000,481236773,489533959,480546537,481236780.7850869,489533966.66069186,481236773,489533959,480546537
2012-07-18,38.360,27.7395260492,,,480546537.02266973,13330133181.593199186263330716,348000000,354000000,481236773,489533959,480546537,481236780.7850869,489533966.66069186,481236773,489533959,480546537
2012-07-19,38.460,27.8118397250,,,480546537.02173173,13364883268.052181716706974250,348000000,354000000,481236773,489533959,480546537,481236780.7850869,489533966.66069186,481236773,489533959,480546537
2012-07-20,37.560,27.1610166425,,,480546537.01276076,13052132489.299337237230948300,348000000,354000000,481236773,489533959,480546537,481236780.7850869,489533966.66069186,481236773,489533959,480546537
2012-07-23,36.690,26.5318876628,,,480546536.99637740,12749806736.335449307352740720,348000000,354000000,481236773,489533959,480546537,481236780.7850869,489533966.66069186,481236773,489533959,480546537
2012-07-24,35.610,25.7508999638,,,480546537.03104080,12374505803.036843896196323040,348000000,354000000,481236773,489533959,480546537,481236780.7850869,489533966.66069186,481236773,489533959,480546537
2012-07-25,36.140,26.1341624457,,,480546537.02050970,12558681261.212589372412573290,348000000,354000000,481236773,489533959,480546537,481236780.7850869,489533966.66069186,481236773,489533959,480546537
2012-07-26,36.610,26.4740367221,,,480546536.99644613,12722006667.121901082814430473,348000000,354000000,481236773,489533959,480546537,481236780.7850869,489533966.66069186,481236773,489533959,480546537
2012-07-27,37.940,27.4358086107,,,480546536.99726070,13184182817.591511235372709490,348000000,354000000,481236773,489533959,480546537,481236780.7850869,489533966.66069186,481236773,489533959,480546537
2012-07-30,38.180,27.6093614327,,,480546537.00960284,13267583025.530471840240388868,348000000,354000000,481236773,489533959,480546537,481236780.7850869,489533966.66069186,481236773,489533959,480546537
2012-07-31,38.290,27.6889064761,,,480546537.02942580,13305808121.221496489884423380,348000000,354000000,481236773,489533959,480546537,481236780.7850869,489533966.66069186,481236773,489533959,480546537
2012-08-01,38.180,27.6093614327,,,480546537.00960284,13267583025.530471840240388868,348000000,354000000,481236773,489533959,480546537,481236780.7850869,489533966.66069186,481236773,489533959,480546537
2012-08-02,37.750,27.2984126266,,,480546537.03275657,13118157654.203906448292106762,348000000,354000000,481236773,489533959,480546537,481236780.7850869,489533966.66069186,481236773,489533959,480546537
2012-08-03,39.110,28.2818786179,,,480546537.01195216,13590758830.024220750641719664,348000000,354000000,481236773,489533959,480546537,481236780.7850869,489533966.66069186,481236773,489533959,480546537
2012-08-06,39.230,28.3686550289,,,480546536.99805380,13632458933.430318842882754820,348000000,354000000,481236773,489533959,480546537,481236780.7850869,489533966.66069186,481236773,489533959,480546537
2012-08-07,40.250,29.1062545224,,,480546537.03216213,13986909816.716028070562516712,348000000,354000000,481236773,489533959,480546537,481236780.7850869,489533966.66069186,481236773,489533959,480546537
2012-08-08,40.660,29.4027405933,,,480546536.99793446,14129385170.358907865294915118,348000000,354000000,481236773,489533959,480546537,481236780.7850869,489533966.66069186,481236773,489533959,480546537
2012-08-09,40.800,29.5039797395,,,480546537.01030380,14178035291.838890217939860100,348000000,354000000,481236773,489533959,480546537,481236780.7850869,489533966.66069186,481236773,489533959,480546537
2012-08-10,40.530,29.3087328148,,,480546537.00507090,14084210058.159024000830569320,348000000,354000000,481236773,489533959,480546537,481236780.7850869,489533966.66069186,481236773,489533959,480546537
2012-08-13,40.380,29.2002623010,,,480546537.02488905,14032084928.963968425422704050,348000000,354000000,481236773,489533959,480546537,481236780.7850869,489533966.66069186,481236773,489533959,480546537
2012-08-14,40.490,29.2798073444,,,480546537.00511050,14070310023.528220798233556200,348000000,354000000,481236773,489533959,480546537,481236780.7850869,489533966.66069186,481236773,489533959,480546537
2012-08-15,40.480,29.2725759768,,,480546536.99882984,14066835014.686378744094987712,348000000,354000000,481236773,489533959,480546537,481236780.7850869,489533966.66069186,481236773,489533959,480546537
2012-08-16,37.150,26.8645305716,,,480546537.00806560,12909657134.529689106978296960,348000000,354000000,481236773,489533959,480546537,481236780.7850869,489533966.66069186,481236773,489533959,480546537
2012-08-17,37.220,26.9151501447,,,480546537.02850920,12933982195.637963302405281240,348000000,354000000,481236773,489533959,480546537,481236780.7850869,489533966.66069186,481236773,489533959,480546537
2012-08-20,36.680,26.5246562952,,,480546537.03192365,12746331728.620373566338261480,348000000,354000000,481236773,489533959,480546537,481236780.7850869,489533966.66069186,481236773,489533959,480546537
2012-08-21,37.130,26.8500678365,,,480546537.03633760,12902707118.020824225515602400,348000000,354000000,481236773,489533959,480546537,481236780.7850869,489533966.66069186,481236773,489533959,480546537
2012-08-22,37.460,27.0887029667,,,480546537.01369740,13017382402.840356117916076580,348000000,354000000,481236773,489533959,480546537,481236780.7850869,489533966.66069186,481236773,489533959,480546537
2012-08-23,37.470,27.0959343343,,,480546537.02048033,13020857411.682198995924794319,348000000,354000000,481236773,489533959,480546537,481236780.7850869,489533966.66069186,481236773,489533959,480546537
2012-08-24,37.850,27.3707263025,,,480546537.03177680,13152907740.710943538069282000,348000000,354000000,481236773,489533959,480546537,481236780.7850869,489533966.66069186,481236773,489533959,480546537
2012-08-27,37.440,27.0742402315,,,480546537.02732630,13010432385.893242126338038450,348000000,354000000,481236773,489533959,480546537,481236780.7850869,489533966.66069186,481236773,489533959,480546537
2012-08-28,36.950,26.7199032200,,,480546537.02290237,12840156961.958098249908631400,348000000,354000000,481236773,489533959,480546537,481236780.7850869,489533966.66069186,481236773,489533959,480546537
2012-08-29,37.160,26.8717619392,,,480546537.01490660,12913132143.371531156922878720,348000000,354000000,481236773,489533959,480546537,481236780.7850869,489533966.66069186,481236773,489533959,480546537
2012-08-30,37.040,26.7849855282,,,480546537.02963630,12871432039.965433710009393660,348000000,354000000,481236773,489533959,480546537,481236780.7850869,489533966.66069186,481236773,489533959,480546537
2012-08-31,37.160,26.8717619392,,,480546537.01490660,12913132143.371531156922878720,348000000,354000000,481236773,489533959,480546537,481236780.7850869,489533966.66069186,481236773,489533959,480546537
2012-09-04,37.050,26.7922168958,,,480546537.03649190,12874907048.807278744339844020,348000000,354000000,481236773,489533959,480546537,481236780.7850869,489533966.66069186,481236773,489533959,480546537
2012-09-05,36.740,26.5680445007,,,481849575.46969760,12801800963.722328941171988320,348000000,353000000,481236773,488151094,481849575,481236780.7850869,488151102.348091,481236773,488151094,481849575
2012-09-06,37.480,27.1031657019,,,481849575.45346080,13059648886.905314894216135520,348000000,353000000,481236773,488151094,481849575,481236780.7850869,488151102.348091,481236773,488151094,481849575
2012-09-07,38.420,27.7829142547,,,481849575.45868960,13387185438.632370578822641120,348000000,353000000,481236773,488151094,481849575,481236780.7850869,488151102.348091,481236773,488151094,481849575
2012-09-10,38.260,27.6672123734,,,481849575.47496384,13331434536.698456735965577856,348000000,353000000,481236773,488151094,481849575,481236780.7850869,488151102.348091,481236773,488151094,481849575
2012-09-11,37.830,27.3562635673,,,481849575.46800670,13181603986.294403533962300910,348000000,353000000,481236773,488151094,481849575,481236780.7850869,488151102.348091,481236773,488151094,481849575
2012-09-12,37.490,27.1103970695,,,481849575.48326490,13063133319.121323791252210550,348000000,353000000,481236773,488151094,481849575,481236780.7850869,488151102.348091,481236773,488151094,481849575
2012-09-13,38.380,27.7539887844,,,481849575.46231455,13373247713.148979465564933020,348000000,353000000,481236773,488151094,481849575,481236780.7850869,488151102.348091,481236773,488151094,481849575
2012-09-14,39.730,28.7302234081,,,481849575.45523350,13843645951.926996715351291350,348000000,353000000,481236773,488151094,481849575,481236780.7850869,488151102.348091,481236773,488151094,481849575
2012-09-17,39.630,28.6579097323,,,481849575.44517700,13808801637.654961053396117100,348000000,353000000,481236773,488151094,481849575,481236780.7850869,488151102.348091,481236773,488151094,481849575
2012-09-18,39.550,28.6000587916,,,481849575.45385780,13780926186.687833333026234480,348000000,353000000,481236773,488151094,481849575,481236780.7850869,488151102.348091,481236773,488151094,481849575
2012-09-19,39.880,28.8386939219,,,481849575.45068800,13895912422.819851478773267200,348000000,353000000,481236773,488151094,481849575,481236780.7850869,488151102.348091,481236773,488151094,481849575
2012-09-20,39.230,28.3686550289,,,481849575.44584346,13669424381.645057031131175994,348000000,353000000,481236773,488151094,481849575,481236780.7850869,488151102.348091,481236773,488151094,481849575
2012-09-21,39.000,28.2023335745,,,481849575.45925990,13589282459.833256734691512550,348000000,353000000,481236773,488151094,481849575,481236780.7850869,488151102.348091,481236773,488151094,481849575
2012-09-24,38.690,27.9781611795,,,481849575.48005670,13481265087.054677440398877650,348000000,353000000,481236773,488151094,481849575,481236780.7850869,488151102.348091,481236773,488151094,481849575
2012-09-25,38.320,27.7106005789,,,481849575.44829830,13352341124.360334098999885870,348000000,353000000,481236773,488151094,481849575,481236780.7850869,488151102.348091,481236773,488151094,481849575
2012-09-26,38.270,27.6744437410,,,481849575.46343990,13334918967.787701514884665900,348000000,353000000,481236773,488151094,481849575,481236780.7850869,488151102.348091,481236773,488151094,481849575
2012-09-27,38.580,27.8986161360,,,481849575.48122364,13442936341.645215807928655040,348000000,353000000,481236773,488151094,481849575,481236780.7850869,488151102.348091,481236773,488151094,481849575
2012-09-28,38.450,27.8046083575,,,481849575.47341400,13397638733.265913923457505000,348000000,353000000,481236773,488151094,481849575,481236780.7850869,488151102.348091,481236773,488151094,481849575
2012-10-01,38.860,28.1010944284,,,481849575.47471640,13540500420.699458313110105760,348000000,353000000,481236773,488151094,481849575,481236780.7850869,488151102.348091,481236773,488151094,481849575
2012-10-02,38.870,28.1083257959,,,481849575.46339980,13543984851.741344294654900820,348000000,353000000,481236773,488151094,481849575,481236780.7850869,488151102.348091,481236773,488151094,481849575
2012-10-03,38.980,28.1878708394,,,481849575.46568000,13582313597.246310947491792000,348000000,353000000,481236773,488151094,481849575,481236780.7850869,488151102.348091,481236773,488151094,481849575
2012-10-04,39.200,28.3469609262,,,481849575.46851900,13658971088.112166151182297800,348000000,353000000,481236773,488151094,481849575,481236780.7850869,488151102.348091,481236773,488151094,481849575
2012-10-05,38.860,28.1010944284,,,481849575.47471640,13540500420.699458313110105760,348000000,353000000,481236773,488151094,481849575,481236780.7850869,488151102.348091,481236773,488151094,481849575
2012-10-08,38.660,27.9564670767,,,481849575.44913310,13470811791.965562125706208770,348000000,353000000,481236773,488151094,481849575,481236780.7850869,488151102.348091,481236773,488151094,481849575
2012-10-09,38.150,27.5876673300,,,481849575.47611773,13293105791.336862295154760900,348000000,353000000,481236773,488151094,481849575,481236780.7850869,488151102.348091,481236773,488151094,481849575
2012-10-10,37.410,27.0525461288,,,481849575.47130620,13035257867.580207976289438560,348000000,353000000,481236773,488151094,481849575,481236780.7850869,488151102.348091,481236773,488151094,481849575
2012-10-11,37.630,27.2116362156,,,481849575.47423065,13111915358.446060300087528140,348000000,353000000,481236773,488151094,481849575,481236780.7850869,488151102.348091,481236773,488151094,481849575
2012-10-12,37.220,26.9151501447,,,481849575.47465247,12969053671.060225999102712409,348000000,353000000,481236773,488151094,481849575,481236780.7850869,488151102.348091,481236773,488151094,481849575
2012-10-15,37.180,26.8862246744,,,481849575.47840190,12955115945.576574348059841360,348000000,353000000,481236773,488151094,481849575,481236780.7850869,488151102.348091,481236773,488151094,481849575
2012-10-16,37.910,27.4141145080,,,481849575.45371440,13209479437.119312615528515200,348000000,353000000,481236773,488151094,481849575,481236780.7850869,488151102.348091,481236773,488151094,481849575
2012-10-17,38.060,27.5225850217,,,481849575.45243700,13261745908.059746576962882900,348000000,353000000,481236773,488151094,481849575,481236780.7850869,488151102.348091,481236773,488151094,481849575
2012-10-18,36.640,26.4957308249,,,481849575.45629220,12766956649.382259726201435780,348000000,353000000,481236773,488151094,481849575,481236780.7850869,488151102.348091,481236773,488151094,481849575
2012-10-19,35.750,25.8521391100,,,481849575.45037210,12456842254.637460430462831000,348000000,353000000,481236773,488151094,481849575,481236780.7850869,488151102.348091,481236773,488151094,481849575
2012-10-22,36.000,26.0329232996,,,481849575.46375640,12543953039.992792460898617440,348000000,353000000,481236773,488151094,481849575,481236780.7850869,488151102.348091,481236773,488151094,481849575
2012-10-23,35.510,25.6785862880,,,481849575.47004660,12373215901.543759777481020800,348000000,353000000,481236773,488151094,481849575,481236780.7850869,488151102.348091,481236773,488151094,481849575
2012-10-24,35.850,25.9244527858,,,481849575.46515460,12491686569.004174500797684680,348000000,353000000,481236773,488151094,481849575,481236780.7850869,488151102.348091,481236773,488151094,481849575
2012-10-25,36.110,26.1124683430,,,481849575.46621680,12582281785.449575655974762400,348000000,353000000,481236773,488151094,481849575,481236780.7850869,488151102.348091,481236773,488151094,481849575
2012-10-26,35.940,25.9895350941,,,481849575.44701740,12523046451.157444412473337340,348000000,353000000,481236773,488151094,481849575,481236780.7850869,488151102.348091,481236773,488151094,481849575
2012-10-30,35.940,25.9895350941,,,481849575.44701740,12523046451.157444412473337340,348000000,353000000,481236773,488151094,481849575,481236780.7850869,488151102.348091,481236773,488151094,481849575
2012-10-31,35.990,26.0256919320,,,481849575.47597563,12540468608.902724013519617160,348000000,353000000,481236773,488151094,481849575,481236780.7850869,488151102.348091,481236773,488151094,481849575
2012-11-01,37.100,26.8283737337,,,481849575.48414665,12927240494.513375445618847105,348000000,353000000,481236773,488151094,481849575,481236780.7850869,488151102.348091,481236773,488151094,481849575
2012-11-02,37.000,26.7560600579,,,481849575.46991490,12892396180.146661679002072710,348000000,353000000,481236773,488151094,481849575,481236780.7850869,488151102.348091,481236773,488151094,481849575
2012-11-05,37.610,27.1971734805,,,481849575.45454550,13104946495.142548605780612750,348000000,353000000,481236773,488151094,481849575,481236780.7850869,488151102.348091,481236773,488151094,481849575
2012-11-06,38.280,27.6816751085,,,481849575.45714380,13338403398.973310036965102300,348000000,353000000,481236773,488151094,481849575,481236780.7850869,488151102.348091,481236773,488151094,481849575
2012-11-07,37.580,27.1754793777,,,481849575.44653380,13094493200.700779550846016260,348000000,353000000,481236773,488151094,481849575,481236780.7850869,488151102.348091,481236773,488151094,481849575
2012-11-08,36.880,26.6692836469,,,481849575.47945035,12850583003.599812446255481415,348000000,353000000,481236773,488151094,481849575,481236780.7850869,488151102.348091,481236773,488151094,481849575
2012-11-09,36.910,26.6909777496,,,481849575.44548120,12861036296.869545217065107520,348000000,353000000,481236773,488151094,481849575,481236780.7850869,488151102.348091,481236773,488151094,481849575
2012-11-12,36.820,26.6258954414,,,481849575.46313685,12829676414.764460748159355590,348000000,353000000,481236773,488151094,481849575,481236780.7850869,488151102.348091,481236773,488151094,481849575
2012-11-13,36.330,26.2715584298,,,481849575.46927670,12658939276.315427578793725660,348000000,353000000,481236773,488151094,481849575,481236780.7850869,488151102.348091,481236773,488151094,481849575
2012-11-14,36.140,26.1341624457,,,481849575.47453790,12592735079.843156142741342030,348000000,353000000,481236773,488151094,481849575,481236780.7850869,488151102.348091,481236773,488151094,481849575
2012-11-15,35.750,25.8521391100,,,481849575.45037210,12456842254.637460430462831000,348000000,353000000,481236773,488151094,481849575,481236780.7850869,488151102.348091,481236773,488151094,481849575
2012-11-16,35.810,25.8955273155,,,481849575.46719444,12477748843.472812295169725820,348000000,353000000,481236773,488151094,481849575,481236780.7850869,488151102.348091,481236773,488151094,481849575
2012-11-19,37.510,27.1248598046,,,481849575.48361970,13070102181.899209606242710620,348000000,353000000,481236773,488151094,481849575,481236780.7850869,488151102.348091,481236773,488151094,481849575
2012-11-20,36.280,26.2354015919,,,481849575.48523620,12641517119.741705016427506780,348000000,353000000,481236773,488151094,481849575,481236780.7850869,488151102.348091,481236773,488151094,481849575
2012-11-21,35.840,25.9172214182,,,481849575.47558445,12488202137.866394758702866990,348000000,353000000,481236773,488151094,481849575,481236780.7850869,488151102.348091,481236773,488151094,481849575
2012-11-23,36.880,26.6692836469,,,481849575.47945035,12850583003.599812446255481415,348000000,353000000,481236773,488151094,481849575,481236780.7850869,488151102.348091,481236773,488151094,481849575
2012-11-26,37.470,27.0959343343,,,481849575.44587310,13056164455.291711161530777330,348000000,353000000,481236773,488151094,481849575,481236780.7850869,488151102.348091,481236773,488151094,481849575
2012-11-27,37.340,27.0019265557,,,481849575.46521940,13010866847.607078898586820580,348000000,353000000,481236773,488151094,481849575,481236780.7850869,488151102.348091,481236773,488151094,481849575
2012-11-28,37.970,27.4575027135,,,481849575.46957440,13230386025.954662124690134400,348000000,353000000,481236773,488151094,481849575,481236780.7850869,488151102.348091,481236773,488151094,481849575
2012-11-29,38.340,27.7250633140,,,481849575.47284540,13359309987.808660202733655600,348000000,353000000,481236773,488151094,481849575,481236780.7850869,488151102.348091,481236773,488151094,481849575
2012-11-30,38.290,27.6889064761,,,481849575.44566030,13341887830.063379024310668830,348000000,353000000,481236773,488151094,481849575,481236780.7850869,488151102.348091,481236773,488151094,481849575
2012-12-03,37.920,27.4213458755,,,481849575.48310417,13212963869.285044451966350835,348000000,353000000,481236773,488151094,481849575,481236780.7850869,488151102.348091,481236773,488151094,481849575
2012-12-04,38.130,27.5732045948,,,481849575.45670193,13286136927.985162964730027964,348000000,353000000,481236773,488151094,481849575,481236780.7850869,488151102.348091,481236773,488151094,481849575
2012-12-05,38.660,27.9564670767,,,481849575.44913310,13470811791.965562125706208770,348000000,353000000,481236773,488151094,481849575,481236780.7850869,488151102.348091,481236773,488151094,481849575
2012-12-06,38.320,27.7106005789,,,481849575.45352420,13352341124.505146926565159380,348000000,353000000,481236773,488151094,481849575,481236780.7850869,488151102.348091,481236773,488151094,481849575
2012-12-07,37.810,27.3418008321,,,481849575.48081070,13174635123.828261754842583470,348000000,353000000,481236773,488151094,481849575,481236780.7850869,488151102.348091,481236773,488151094,481849575
2012-12-10,38.560,27.8841534009,,,481849575.47569054,13435967478.722697606216957486,348000000,353000000,481236773,488151094,481849575,481236780.7850869,488151102.348091,481236773,488151094,481849575
2012-12-11,39.700,28.7085293054,,,481849575.45175534,13833192657.651266622260940836,348000000,353000000,481236773,488151094,481849575,481236780.7850869,488151102.348091,481236773,488151094,481849575
2012-12-12,40.510,29.2942700796,,,481849575.46228810,14115431601.332868625985132760,348000000,353000000,481236773,488151094,481849575,481236780.7850869,488151102.348091,481236773,488151094,481849575
2012-12-13,39.800,28.7808429812,,,481849575.46506720,13868036972.017979048906336640,348000000,353000000,481236773,488151094,481849575,481236780.7850869,488151102.348091,481236773,488151094,481849575
2012-12-14,39.850,28.8169998191,,,481849575.45219840,13885459128.639413093497309440,348000000,353000000,481236773,488151094,481849575,481236780.7850869,488151102.348091,481236773,488151094,481849575
2012-12-17,40.740,29.4605915340,,,481849575.45586330,14195573523.336500526641302200,348000000,353000000,481236773,488151094,481849575,481236780.7850869,488151102.348091,481236773,488151094,481849575
2012-12-18,41.390,29.9306304269,,,481849575.47789710,14422061564.987595049687271990,348000000,353000000,481236773,488151094,481849575,481236780.7850869,488151102.348091,481236773,488151094,481849575
2012-12-19,40.590,29.3521210203,,,481849575.45706904,14143307052.396067149212341512,348000000,353000000,481236773,488151094,481849575,481236780.7850869,488151102.348091,481236773,488151094,481849575
2012-12-20,41.360,29.9089363242,,,481146256.22815920,14390572740.155231179780412640,348000000,353000000,481236773,488151094,481146256,481236780.7850869,488151102.348091,481236773,488151094,481146256
2012-12-21,41.050,29.6847639291,,,481146256.23260830,14282713031.635236923049271530,348000000,353000000,481236773,488151094,481146256,481236780.7850869,488151102.348091,481236773,488151094,481146256
2012-12-24,41.070,29.6992266643,,,481146256.20591530,14289671721.738839029147333790,348000000,353000000,481236773,488151094,481146256,481236780.7850869,488151102.348091,481236773,488151094,481146256
2012-12-26,40.890,29.5690620478,,,481146256.22372730,14227043504.346069452286764940,348000000,353000000,481236773,488151094,481146256,481236780.7850869,488151102.348091,481236773,488151094,481146256
2012-12-27,40.640,29.3882778582,,,481146256.20856190,14140059867.889903967034122580,348000000,353000000,481236773,488151094,481146256,481236780.7850869,488151102.348091,481236773,488151094,481146256
2012-12-28,39.830,28.8025370839,,,481146256.20346190,13858232887.079861798310753410,348000000,353000000,481236773,488151094,481146256,481236780.7850869,488151102.348091,481236773,488151094,481146256
2012-12-31,40.940,29.6052188857,,,481146256.22460455,14244440231.564513804674149935,348000000,353000000,481236773,488151094,481146256,481236780.7850869,488151102.348091,481236773,488151094,481146256
2013-01-02,41.880,30.2849674385,,,481146256.21908960,14571498702.751306658113989600,348000000,353000000,481236773,488151094,481146256,481236780.7850869,488151102.348091,481236773,488151094,481146256
2013-01-03,42.030,30.3934379522,,,481146256.23377010,14623688884.774413992629589220,348000000,353000000,481236773,488151094,481146256,481236780.7850869,488151102.348091,481236773,488151094,481146256
2013-01-04,42.860,30.9936414616,,,481146256.21251690,14912474555.641880372730701040,348000000,353000000,481236773,488151094,481146256,481236780.7850869,488151102.348091,481236773,488151094,481146256
2013-01-07,42.550,30.7694690666,,,481146256.22135264,14804614847.313307858890245824,348000000,353000000,481236773,488151094,481146256,481236780.7850869,488151102.348091,481236773,488151094,481146256
2013-01-08,42.210,30.5236025687,,,481146256.22096115,14686317102.306518112922906005,348000000,353000000,481236773,488151094,481146256,481236780.7850869,488151102.348091,481236773,488151094,481146256
2013-01-09,43.350,31.3479784732,,,481146256.21383460,15082962482.252058776825332720,348000000,353000000,481236773,488151094,481146256,481236780.7850869,488151102.348091,481236773,488151094,481146256
2013-01-10,43.670,31.5793822359,,,481146256.20380430,15194301536.032207681420034370,348000000,353000000,481236773,488151094,481146256,481236780.7850869,488151102.348091,481236773,488151094,481146256
2013-01-11,43.430,31.4058294139,,,481146256.22023743,15110797245.989398515535742277,348000000,353000000,481236773,488151094,481146256,481236780.7850869,488151102.348091,481236773,488151094,481146256
2013-01-14,43.540,31.4853744573,,,481146256.21341390,15149070045.607343424692776470,348000000,353000000,481236773,488151094,481146256,481236780.7850869,488151102.348091,481236773,488151094,481146256
2013-01-15,43.240,31.2684334298,,,481146256.23411220,15044689683.053830569604023560,348000000,353000000,481236773,488151094,481146256,481236780.7850869,488151102.348091,481236773,488151094,481146256
2013-01-16,43.050,31.1310374457,,,481146256.23462725,14978582119.698548004731615325,348000000,353000000,481236773,488151094,481146256,481236780.7850869,488151102.348091,481236773,488151094,481146256
2013-01-17,43.870,31.7240095876,,,481146256.20202710,15263888444.790953682955023960,348000000,353000000,481236773,488151094,481146256,481236780.7850869,488151102.348091,481236773,488151094,481146256
2013-01-18,44.150,31.9264878799,,,481146256.20658904,15361310117.238925136080176296,348000000,353000000,481236773,488151094,481146256,481236780.7850869,488151102.348091,481236773,488151094,481146256
2013-01-21,44.150,31.9264878799,,,481146256.20658904,15361310117.238925136080176296,348000000,353000000,481236773,488151094,481146256,481236780.7850869,488151102.348091,481236773,488151094,481146256
2013-01-22,44.640,32.2808248915,,,481146256.22093564,15531798044.268815931131483060,348000000,353000000,481236773,488151094,481146256,481236780.7850869,488151102.348091,481236773,488151094,481146256
2013-01-23,44.300,32.0349583936,,,481146256.22055954,15413500299.262030048811554944,348000000,353000000,481236773,488151094,481146256,481236780.7850869,488151102.348091,481236773,488151094,481146256
2013-01-24,44.660,32.2952876266,,,481146256.23116770,15538756735.447343371079580820,348000000,353000000,481236773,488151094,481146256,481236780.7850869,488151102.348091,481236773,488151094,481146256
2013-01-25,45.290,32.7508637844,,,481146256.21294480,15757955497.604177344796301120,348000000,353000000,481236773,488151094,481146256,481236780.7850869,488151102.348091,481236773,488151094,481146256
2013-01-28,45.180,32.6713187410,,,481146256.21950300,15719682697.986236173605723000,348000000,353000000,481236773,488151094,481146256,481236780.7850869,488151102.348091,481236773,488151094,481146256
2013-01-29,44.640,32.2808248915,,,481146256.22093564,15531798044.268815931131483060,348000000,353000000,481236773,488151094,481146256,481236780.7850869,488151102.348091,481236773,488151094,481146256
2013-01-30,44.400,32.1072720695,,,481146256.20218515,15448293753.104910411462667925,348000000,353000000,481236773,488151094,481146256,481236780.7850869,488151102.348091,481236773,488151094,481146256
2013-01-31,44.780,32.3820640376,,,481146256.22312546,15580508880.468746159738957296,348000000,353000000,481236773,488151094,481146256,481236780.7850869,488151102.348091,481236773,488151094,481146256
2013-02-01,45.290,32.7508637844,,,481146256.21294480,15757955497.604177344796301120,348000000,353000000,481236773,488151094,481146256,481236780.7850869,488151102.348091,481236773,488151094,481146256
2013-02-04,44.260,32.0060329233,,,481146256.23493810,15399582917.977966728337547730,348000000,353000000,481236773,488151094,481146256,481236780.7850869,488151102.348091,481236773,488151094,481146256
2013-02-05,45.000,32.5411541245,,,481146256.23146063,15657054480.454128906583868435,348000000,353000000,481236773,488151094,481146256,481236780.7850869,488151102.348091,481236773,488151094,481146256
2013-02-06,45.090,32.6062364327,,,481146256.21471450,15688368588.845432723728964150,348000000,353000000,481236773,488151094,481146256,481236780.7850869,488151102.348091,481236773,488151094,481146256
2013-02-07,45.010,32.5483854920,,,481146256.20853800,15660533825.108093165730696000,348000000,353000000,481236773,488151094,481146256,481236780.7850869,488151102.348091,481236773,488151094,481146256
2013-02-08,45.080,32.5990050651,,,481146256.20320725,15684889243.022255437615041975,348000000,353000000,481236773,488151094,481146256,481236780.7850869,488151102.348091,481236773,488151094,481146256
2013-02-11,44.600,32.2518994211,,,481146256.23520494,15517880662.936638469825860234,348000000,353000000,481236773,488151094,481146256,481236780.7850869,488151102.348091,481236773,488151094,481146256
2013-02-12,44.620,32.2663621563,,,481146256.21069455,15524839353.042178467458658165,348000000,353000000,481236773,488151094,481146256,481236780.7850869,488151102.348091,481236773,488151094,481146256
2013-02-13,44.750,32.3603699349,,,481146256.20132480,15570070843.467043739469755520,348000000,353000000,481236773,488151094,481146256,481236780.7850869,488151102.348091,481236773,488151094,481146256
2013-02-14,44.580,32.2374366860,,,481146256.22496110,15510921971.758116834062914600,348000000,353000000,481236773,488151094,481146256,481236780.7850869,488151102.348091,481236773,488151094,481146256
2013-02-15,42.250,30.5525280391,,,481146256.20589817,14700234483.638696221724378447,348000000,353000000,481236773,488151094,481146256,481236780.7850869,488151102.348091,481236773,488151094,481146256
2013-02-18,42.250,30.5525280391,,,481146256.20589817,14700234483.638696221724378447,348000000,353000000,481236773,488151094,481146256,481236780.7850869,488151102.348091,481236773,488151094,481146256
2013-02-19,43.010,31.1021119754,,,481146256.21339100,14964664737.293384878942581400,348000000,353000000,481236773,488151094,481146256,481236780.7850869,488151102.348091,481236773,488151094,481146256
2013-02-20,42.240,30.5452966715,,,481146256.23031807,14696755138.936620680957304005,348000000,353000000,481236773,488151094,481146256,481236780.7850869,488151102.348091,481236773,488151094,481146256
2013-02-21,41.630,30.1041832489,,,481146256.20056310,14484515066.183939433767455590,348000000,353000000,481236773,488151094,481146256,481236780.7850869,488151102.348091,481236773,488151094,481146256
2013-02-22,41.800,30.2271164978,,,481146256.21244717,14543663939.013967594017921226,348000000,353000000,481236773,488151094,481146256,481236780.7850869,488151102.348091,481236773,488151094,481146256
2013-02-25,41.290,29.8583167511,,,481146256.19999176,14366217321.225266199289970936,348000000,353000000,481236773,488151094,481146256,481236780.7850869,488151102.348091,481236773,488151094,481146256
2013-02-26,40.970,29.6269129884,,,481146256.21057490,14254878267.445115670241031160,348000000,353000000,481236773,488151094,481146256,481236780.7850869,488151102.348091,481236773,488151094,481146256
2013-02-27,41.730,30.1764969247,,,481146256.21821237,14519308521.099803835436498539,348000000,353000000,481236773,488151094,481146256,481236780.7850869,488151102.348091,481236773,488151094,481146256
2013-02-28,41.480,29.9957127352,,,481146256.22299630,14432324885.281932367012479760,348000000,353000000,481236773,488151094,481146256,481236780.7850869,488151102.348091,481236773,488151094,481146256
2013-03-01,41.930,30.3211242764,,,481146256.21628416,14588895429.858548052776781824,348000000,353000000,481236773,488151094,481146256,481236780.7850869,488151102.348091,481236773,488151094,481146256
2013-03-04,42.030,30.3934379522,,,481146256.23377010,14623688884.774413992629589220,348000000,353000000,481236773,488151094,481146256,481236780.7850869,488151102.348091,481236773,488151094,481146256
2013-03-05,42.660,30.8490141100,,,481146256.20077990,14842887646.511534128104389000,348000000,353000000,481236773,488151094,481146256,481236780.7850869,488151102.348091,481236773,488151094,481146256
2013-03-06,43.240,31.2684334298,,,480074172.68714887,15011167310.034423823557294326,347000000,352000000,479853909,486768230,480074173,479853916.4724861,486768238.0354902,479853909,486768230,480074173
2013-03-07,43.250,31.2756647974,,,480074172.69771624,15014638903.182891998742289776,347000000,352000000,479853909,486768230,480074173,479853916.4724861,486768238.0354902,479853909,486768230,480074173
2013-03-08,43.030,31.1165747106,,,480074172.70152830,14938263861.496592381750209980,347000000,352000000,479853909,486768230,480074173,479853916.4724861,486768238.0354902,479853909,486768230,480074173
2013-03-11,42.810,30.9574846237,,,480074172.70537966,14861888819.762289054720733942,347000000,352000000,479853909,486768230,480074173,479853916.4724861,486768238.0354902,479853909,486768230,480074173
2013-03-12,42.620,30.8200886397,,,480074172.68987190,14795928555.932496936438254430,347000000,352000000,479853909,486768230,480074173,479853916.4724861,486768238.0354902,479853909,486768230,480074173
2013-03-13,43.000,31.0948806078,,,480074172.68469614,14927849082.518986467521513892,347000000,352000000,479853909,486768230,480074173,479853916.4724861,486768238.0354902,479853909,486768230,480074173
2013-03-14,43.320,31.3262843705,,,480074172.71181893,15038940053.302970947485033565,347000000,352000000,479853909,486768230,480074173,479853916.4724861,486768238.0354902,479853909,486768230,480074173
2013-03-15,43.010,31.1021119754,,,480074172.69532305,14931320675.667454728976652970,347000000,352000000,479853909,486768230,480074173,479853916.4724861,486768238.0354902,479853909,486768230,480074173
2013-03-18,42.550,30.7694690666,,,480074172.69673324,14771627406.465719731051993784,347000000,352000000,479853909,486768230,480074173,479853916.4724861,486768238.0354902,479853909,486768230,480074173
2013-03-19,42.000,30.3717438495,,,480074172.71418550,14580689802.435864181027082250,347000000,352000000,479853909,486768230,480074173,479853916.4724861,486768238.0354902,479853909,486768230,480074173
2013-03-20,42.700,30.8779395803,,,480074172.71489510,14823701299.153037715652526530,347000000,352000000,479853909,486768230,480074173,479853916.4724861,486768238.0354902,479853909,486768230,480074173
2013-03-21,41.650,30.1186459841,,,480074172.70605576,14459184053.843376145674673416,347000000,352000000,479853909,486768230,480074173,479853916.4724861,486768238.0354902,479853909,486768230,480074173
2013-03-22,41.250,29.8293912808,,,480074172.68944990,14320320340.959950333208431920,347000000,352000000,479853909,486768230,480074173,479853916.4724861,486768238.0354902,479853909,486768230,480074173
2013-03-25,41.130,29.7426148698,,,480074172.68817440,14278661227.202228948055693120,347000000,352000000,479853909,486768230,480074173,479853916.4724861,486768238.0354902,479853909,486768230,480074173
2013-03-26,41.820,30.2415792330,,,480074172.69387466,14518201131.238735584160935780,347000000,352000000,479853909,486768230,480074173,479853916.4724861,486768238.0354902,479853909,486768230,480074173
2013-03-27,42.090,30.4368261577,,,480074172.69817410,14611934137.215972633908655570,347000000,352000000,479853909,486768230,480074173,479853916.4724861,486768238.0354902,479853909,486768230,480074173
2013-03-28,41.970,30.3500497467,,,480074172.69817410,14570275023.495430899257500470,347000000,352000000,479853909,486768230,480074173,479853916.4724861,486768238.0354902,479853909,486768230,480074173
2013-03-29,41.970,30.3500497467,,,480074172.69817410,14570275023.495430899257500470,347000000,352000000,479853909,486768230,480074173,479853916.4724861,486768238.0354902,479853909,486768230,480074173
2013-04-01,40.930,29.5979875181,,,480074172.71295464,14209229371.720215048891478984,347000000,352000000,479853909,486768230,480074173,479853916.4724861,486768238.0354902,479853909,486768230,480074173
2013-04-02,40.660,29.4027405933,,,480074172.69606150,14115496365.325401969083287950,347000000,352000000,479853909,486768230,480074173,479853916.4724861,486768238.0354902,479853909,486768230,480074173
2013-04-03,40.520,29.3015014472,,,480074172.69782650,14066894066.068705918044510800,347000000,352000000,479853909,486768230,480074173,479853916.4724861,486768238.0354902,479853909,486768230,480074173
2013-04-04,41.410,29.9450931621,,,480074172.68953365,14375865825.906168668852854665,347000000,352000000,479853909,486768230,480074173,479853916.4724861,486768238.0354902,479853909,486768230,480074173
2013-04-05,41.540,30.0391009407,,,480074172.69239220,14420996532.529812786753342540,347000000,352000000,479853909,486768230,480074173,479853916.4724861,486768238.0354902,479853909,486768230,480074173
2013-04-08,41.660,30.1258773517,,,480074172.68429530,14462655646.005926572544757010,347000000,352000000,479853909,486768230,480074173,479853916.4724861,486768238.0354902,479853909,486768230,480074173
2013-04-09,41.650,30.1186459841,,,480074172.68884015,14459184053.324865282684341615,347000000,352000000,479853909,486768230,480074173,479853916.4724861,486768238.0354902,479853909,486768230,480074173
2013-04-10,42.260,30.5597594067,,,480074172.70555700,14670951215.252365920113031900,347000000,352000000,479853909,486768230,480074173,479853916.4724861,486768238.0354902,479853909,486768230,480074173
2013-04-11,43.860,31.7167782200,,,480074172.71435970,15226406065.131322014205734000,347000000,352000000,479853909,486768230,480074173,479853916.4724861,486768238.0354902,479853909,486768230,480074173
2013-04-12,44.750,32.3603699349,,,480074172.70635706,15535377824.968787170528355394,347000000,352000000,479853909,486768230,480074173,479853916.4724861,486768238.0354902,479853909,486768230,480074173
2013-04-15,43.040,31.1238060781,,,480074172.70088930,14941735454.246767488615254330,347000000,352000000,479853909,486768230,480074173,479853916.4724861,486768238.0354902,479853909,486768230,480074173
2013-04-16,43.390,31.3769039436,,,480074172.71159630,15063241202.974993450921168680,347000000,352000000,479853909,486768230,480074173,479853916.4724861,486768238.0354902,479853909,486768230,480074173
2013-04-17,42.190,30.5091398336,,,480074172.70642036,14646650065.600015323742052096,347000000,352000000,479853909,486768230,480074173,479853916.4724861,486768238.0354902,479853909,486768230,480074173
2013-04-18,41.830,30.2488106006,,,480074172.69989100,14521672724.238738003264534600,347000000,352000000,479853909,486768230,480074173,479853916.4724861,486768238.0354902,479853909,486768230,480074173
2013-04-19,42.000,30.3717438495,,,480074172.70000184,14580689802.005081692658683080,347000000,352000000,479853909,486768230,480074173,479853916.4724861,486768238.0354902,479853909,486768230,480074173
2013-04-22,41.850,30.2632733357,,,480074172.69083720,14528615909.552850554469648040,347000000,352000000,479853909,486768230,480074173,479853916.4724861,486768238.0354902,479853909,486768230,480074173
2013-04-23,42.610,30.8128572721,,,480074172.71642160,14792456963.932582708649517360,347000000,352000000,479853909,486768230,480074173,479853916.4724861,486768238.0354902,479853909,486768230,480074173
2013-04-24,42.850,30.9864100941,,,480074172.69457364,14875775190.699843234791779524,347000000,352000000,479853909,486768230,480074173,479853916.4724861,486768238.0354902,479853909,486768230,480074173
2013-04-25,42.730,30.8996336831,,,480074172.68737770,14834116076.757262025131806870,347000000,352000000,479853909,486768230,480074173,479853916.4724861,486768238.0354902,479853909,486768230,480074173
2013-04-26,41.300,29.8655481187,,,480074172.71492046,14337678305.762551615573138602,347000000,352000000,479853909,486768230,480074173,479853916.4724861,486768238.0354902,479853909,486768230,480074173
2013-04-29,41.460,29.9812500000,,,480074172.68225753,14393223789.729933571312500000,347000000,352000000,479853909,486768230,480074173,479853916.4724861,486768238.0354902,479853909,486768230,480074173
2013-04-30,41.440,29.9667872648,,,480074172.69139230,14386280604.367810716220781040,347000000,352000000,479853909,486768230,480074173,479853916.4724861,486768238.0354902,479853909,486768230,480074173
2013-05-01,41.310,29.8727794863,,,480074172.68852370,14341149897.792174504791375310,347000000,352000000,479853909,486768230,480074173,479853916.4724861,486768238.0354902,479853909,486768230,480074173
2013-05-02,41.480,29.9957127352,,,480074172.68868256,14400166975.558519489902138112,347000000,352000000,479853909,486768230,480074173,479853916.4724861,486768238.0354902,479853909,486768230,480074173
2013-05-03,41.550,30.0463323082,,,480074172.68783440,14424468125.162864765811362080,347000000,352000000,479853909,486768230,480074173,479853916.4724861,486768238.0354902,479853909,486768230,480074173
2013-05-06,42.000,30.3717438495,,,480074172.70000184,14580689802.005081692658683080,347000000,352000000,479853909,486768230,480074173,479853916.4724861,486768238.0354902,479853909,486768230,480074173
2013-05-07,42.400,30.6609985528,,,480074172.68259245,14719553513.857624403202206360,347000000,352000000,479853909,486768230,480074173,479853916.4724861,486768238.0354902,479853909,486768230,480074173
2013-05-08,42.940,31.0514924023,,,480074172.69994420,14907019526.132775403933951660,347000000,352000000,479853909,486768230,480074173,479853916.4724861,486768238.0354902,479853909,486768230,480074173
2013-05-09,43.160,31.2105824891,,,480074172.69305020,14983394567.722881961387252820,347000000,352000000,479853909,486768230,480074173,479853916.4724861,486768238.0354902,479853909,486768230,480074173
2013-05-10,43.630,31.5504567656,,,480074172.71081287,15146559430.393688806567053272,347000000,352000000,479853909,486768230,480074173,479853916.4724861,486768238.0354902,479853909,486768230,480074173
2013-05-13,43.040,31.1238060781,,,480074172.70088930,14941735454.246767488615254330,347000000,352000000,479853909,486768230,480074173,479853916.4724861,486768238.0354902,479853909,486768230,480074173
2013-05-14,43.970,31.7963232634,,,480074172.69045246,15264593585.274942520969757964,347000000,352000000,479853909,486768230,480074173,479853916.4724861,486768238.0354902,479853909,486768230,480074173
2013-05-15,45.680,33.0328871201,,,480074172.69619954,15858235955.948952875085544754,347000000,352000000,479853909,486768230,480074173,479853916.4724861,486768238.0354902,479853909,486768230,480074173
2013-05-16,44.990,32.5339227569,,,480074172.68560200,15618696051.736047296776153800,347000000,352000000,479853909,486768230,480074173,479853916.4724861,486768238.0354902,479853909,486768230,480074173
2013-05-17,45.560,32.9461107091,,,480074172.70361334,15816576842.472838361239619394,347000000,352000000,479853909,486768230,480074173,479853916.4724861,486768238.0354902,479853909,486768230,480074173
2013-05-20,46.340,33.5101573806,,,480074172.68539060,16087361081.048780736383862360,347000000,352000000,479853909,486768230,480074173,479853916.4724861,486768238.0354902,479853909,486768230,480074173
2013-05-21,46.750,33.8066434515,,,480074172.69874440,16229696386.700287452532296600,347000000,352000000,479853909,486768230,480074173,479853916.4724861,486768238.0354902,479853909,486768230,480074173
2013-05-22,46.240,33.4378437048,,,480074172.68447936,16052645152.934786284441532928,347000000,352000000,479853909,486768230,480074173,479853916.4724861,486768238.0354902,479853909,486768230,480074173
2013-05-23,45.740,33.0762753256,,,480074172.69955856,15879065512.920241940140267136,347000000,352000000,479853909,486768230,480074173,479853916.4724861,486768238.0354902,479853909,486768230,480074173
2013-05-24,45.590,32.9678048119,,,480074172.70529354,15826991620.982488008613985126,347000000,352000000,479853909,486768230,480074173,479853916.4724861,486768238.0354902,479853909,486768230,480074173
2013-05-28,46.430,33.5752396889,,,480074172.69037527,16118605416.529720256339053503,347000000,352000000,479853909,486768230,480074173,479853916.4724861,486768238.0354902,479853909,486768230,480074173
2013-05-29,46.050,33.3004477207,,,480074172.71210510,15986684890.457758414593845570,347000000,352000000,479853909,486768230,480074173,479853916.4724861,486768238.0354902,479853909,486768230,480074173
2013-05-30,46.050,33.3004477207,,,480074172.71210510,15986684890.457758414593845570,347000000,352000000,479853909,486768230,480074173,479853916.4724861,486768238.0354902,479853909,486768230,480074173
2013-05-31,45.450,32.8665656657,,,480074172.69270280,15778389321.211318363414253960,347000000,352000000,479853909,486768230,480074173,479853916.4724861,486768238.0354902,479853909,486768230,480074173
2013-06-03,45.510,32.9099538712,,,476363599.34101020,15677104080.231444400408686240,345000000,349000000,477088180,482619637,476363599,477088187.84728444,482619645.0976877,477088180,482619637,476363599
2013-06-04,45.420,32.8448715630,,,476363599.32336766,15646101237.064404497327852580,345000000,349000000,477088180,482619637,476363599,477088187.84728444,482619645.0976877,477088180,482619637,476363599
2013-06-05,44.530,32.2012798480,,,476363599.32789683,15339517571.358150536102081840,345000000,349000000,477088180,482619637,476363599,477088187.84728444,482619645.0976877,477088180,482619637,476363599
2013-06-06,45.010,32.5483854920,,,476363599.34193355,15504866065.737890706048056600,345000000,349000000,477088180,482619637,476363599,477088187.84728444,482619645.0976877,477088180,482619637,476363599
2013-06-07,45.150,32.6496246382,,,476363599.31658113,15553092708.988279943837197166,345000000,349000000,477088180,482619637,476363599,477088187.84728444,482619645.0976877,477088180,482619637,476363599
2013-06-10,44.730,32.3459071997,,,476363599.31431097,15408412776.735777187767690709,345000000,349000000,477088180,482619637,476363599,477088187.84728444,482619645.0976877,477088180,482619637,476363599
2013-06-11,44.400,32.1072720695,,,476363599.31757253,15294735687.295585753009450835,345000000,349000000,477088180,482619637,476363599,477088187.84728444,482619645.0976877,477088180,482619637,476363599
2013-06-12,43.920,31.7601664255,,,476363599.33827280,15129387194.033745799719876400,345000000,349000000,477088180,482619637,476363599,477088187.84728444,482619645.0976877,477088180,482619637,476363599
2013-06-13,44.490,32.1723543777,,,476363599.33563130,15325738530.462626466148142010,345000000,349000000,477088180,482619637,476363599,477088187.84728444,482619645.0976877,477088180,482619637,476363599
2013-06-14,44.000,31.8180173661,,,476363599.33525870,15156945276.227163732636110070,345000000,349000000,477088180,482619637,476363599,477088187.84728444,482619645.0976877,477088180,482619637,476363599
2013-06-17,44.380,32.0928093343,,,476363599.31029683,15287846166.466239147927700269,345000000,349000000,477088180,482619637,476363599,477088187.84728444,482619645.0976877,477088180,482619637,476363599
2013-06-18,44.800,32.3965267728,,,476363599.31262225,15432526098.718738399097974800,345000000,349000000,477088180,482619637,476363599,477088187.84728444,482619645.0976877,477088180,482619637,476363599
2013-06-19,43.520,31.4709117221,,,476363599.32082254,14991596781.847421672699896134,345000000,349000000,477088180,482619637,476363599,477088187.84728444,482619645.0976877,477088180,482619637,476363599
2013-06-20,42.320,30.6031476122,,,476363599.31325460,14578225546.862425071800666120,345000000,349000000,477088180,482619637,476363599,477088187.84728444,482619645.0976877,477088180,482619637,476363599
2013-06-21,42.980,31.0804178726,,,476363599.32955430,14805579726.458344843112182180,345000000,349000000,477088180,482619637,476363599,477088187.84728444,482619645.0976877,477088180,482619637,476363599
2013-06-24,42.310,30.5959162446,,,476363599.32770650,14574780787.006700942211009900,345000000,349000000,477088180,482619637,476363599,477088187.84728444,482619645.0976877,477088180,482619637,476363599
2013-06-25,42.480,30.7188494935,,,476363599.33039780,14633341712.012427397683514300,345000000,349000000,477088180,482619637,476363599,477088187.84728444,482619645.0976877,477088180,482619637,476363599
2013-06-26,42.340,30.6176103473,,,476363599.33402460,14585115068.046502981912743580,345000000,349000000,477088180,482619637,476363599,477088187.84728444,482619645.0976877,477088180,482619637,476363599
2013-06-27,43.080,31.1527315485,,,476363599.33398163,14840027329.528743113020454055,345000000,349000000,477088180,482619637,476363599,477088187.84728444,482619645.0976877,477088180,482619637,476363599
2013-06-28,42.760,30.9213277858,,,476363599.32798314,14729795000.044063274355931412,345000000,349000000,477088180,482619637,476363599,477088187.84728444,482619645.0976877,477088180,482619637,476363599
2013-07-01,43.590,31.5215312952,,,476363599.33229120,15015710104.246930884719562240,345000000,349000000,477088180,482619637,476363599,477088187.84728444,482619645.0976877,477088180,482619637,476363599
2013-07-02,43.090,31.1599629161,,,476363599.31881770,14843472089.354278752896294970,345000000,349000000,477088180,482619637,476363599,477088187.84728444,482619645.0976877,477088180,482619637,476363599
2013-07-03,43.170,31.2178138567,,,476363599.32579374,14871030171.860250594298117058,345000000,349000000,477088180,482619637,476363599,477088187.84728444,482619645.0976877,477088180,482619637,476363599
2013-07-04,43.170,31.2178138567,,,476363599.32579374,14871030171.860250594298117058,345000000,349000000,477088180,482619637,476363599,477088187.84728444,482619645.0976877,477088180,482619637,476363599
2013-07-05,44.230,31.9843388205,,,476363599.32940410,15236174762.704567322761864050,345000000,349000000,477088180,482619637,476363599,477088187.84728444,482619645.0976877,477088180,482619637,476363599
2013-07-08,44.360,32.0783465991,,,476363599.33693130,15280956646.724885182385341830,345000000,349000000,477088180,482619637,476363599,477088187.84728444,482619645.0976877,477088180,482619637,476363599
2013-07-09,44.600,32.2518994211,,,476363599.33496710,15363630893.624537757477545810,345000000,349000000,477088180,482619637,476363599,477088187.84728444,482619645.0976877,477088180,482619637,476363599
2013-07-10,45.310,32.7653265195,,,476363599.33994520,15608208874.377579157236731400,345000000,349000000,477088180,482619637,476363599,477088187.84728444,482619645.0976877,477088180,482619637,476363599
2013-07-11,45.720,33.0618125904,,,476363599.32563436,15749444045.792519032914846144,345000000,349000000,477088180,482619637,476363599,477088187.84728444,482619645.0976877,477088180,482619637,476363599
2013-07-12,45.750,33.0835066932,,,476363599.33146656,15759778326.879416983131979392,345000000,349000000,477088180,482619637,476363599,477088187.84728444,482619645.0976877,477088180,482619637,476363599
2013-07-15,46.110,33.3438359262,,,476363599.31662565,15883789696.827644117426427030,345000000,349000000,477088180,482619637,476363599,477088187.84728444,482619645.0976877,477088180,482619637,476363599
2013-07-16,45.910,33.1992085745,,,476363599.31096315,15814894490.824210101333529675,345000000,349000000,477088180,482619637,476363599,477088187.84728444,482619645.0976877,477088180,482619637,476363599
2013-07-17,45.610,32.9822675470,,,476363599.32535887,15711551682.600894952129591890,345000000,349000000,477088180,482619637,476363599,477088187.84728444,482619645.0976877,477088180,482619637,476363599
2013-07-18,45.900,33.1919772069,,,476363599.32424720,15811449730.967257304901145680,345000000,349000000,477088180,482619637,476363599,477088187.84728444,482619645.0976877,477088180,482619637,476363599
2013-07-19,46.200,33.4089182344,,,476363599.34331703,15914792540.305360189347051832,345000000,349000000,477088180,482619637,476363599,477088187.84728444,482619645.0976877,477088180,482619637,476363599
2013-07-22,46.800,33.8428002894,,,476363599.31484290,16121478156.751990937835535260,345000000,349000000,477088180,482619637,476363599,477088187.84728444,482619645.0976877,477088180,482619637,476363599
2013-07-23,46.470,33.6041651592,,,476363599.32324845,16007801067.489414262055403240,345000000,349000000,477088180,482619637,476363599,477088187.84728444,482619645.0976877,477088180,482619637,476363599
2013-07-24,46.760,33.8138748191,,,476363599.32217026,16107699115.855774782976899966,345000000,349000000,477088180,482619637,476363599,477088187.84728444,482619645.0976877,477088180,482619637,476363599
2013-07-25,46.660,33.7415611433,,,476363599.34186184,16073251513.635894913621041672,345000000,349000000,477088180,482619637,476363599,477088187.84728444,482619645.0976877,477088180,482619637,476363599
2013-07-26,45.600,32.9750361795,,,476363599.33873343,15708106922.791577129956130685,345000000,349000000,477088180,482619637,476363599,477088187.84728444,482619645.0976877,477088180,482619637,476363599
2013-07-29,45.340,32.7870206223,,,476363599.33358264,15618543155.063228554621276872,345000000,349000000,477088180,482619637,476363599,477088187.84728444,482619645.0976877,477088180,482619637,476363599
2013-07-30,44.850,32.4326836107,,,476363599.34142460,15449749901.094682938009803220,345000000,349000000,477088180,482619637,476363599,477088187.84728444,482619645.0976877,477088180,482619637,476363599
2013-07-31,44.730,32.3459071997,,,476363599.34241590,15408412777.644856645401755230,345000000,349000000,477088180,482619637,476363599,477088187.84728444,482619645.0976877,477088180,482619637,476363599
2013-08-01,46.040,33.2932163531,,,476363599.33031980,15859676375.245779374012721380,345000000,349000000,477088180,482619637,476363599,477088187.84728444,482619645.0976877,477088180,482619637,476363599
2013-08-02,46.380,33.5390828509,,,476363599.32991200,15976798225.078850290606120800,345000000,349000000,477088180,482619637,476363599,477088187.84728444,482619645.0976877,477088180,482619637,476363599
2013-08-05,45.940,33.2209026773,,,476363599.33825946,15825228772.624648203036052258,345000000,349000000,477088180,482619637,476363599,477088187.84728444,482619645.0976877,477088180,482619637,476363599
2013-08-06,46.080,33.3221418234,,,476363599.34428424,15873455416.855534689441483216,345000000,349000000,477088180,482619637,476363599,477088187.84728444,482619645.0976877,477088180,482619637,476363599
2013-08-07,46.280,33.4667691751,,,476363599.31647164,15942350621.744180511245344164,345000000,349000000,477088180,482619637,476363599,477088187.84728444,482619645.0976877,477088180,482619637,476363599
2013-08-08,45.850,33.1558203690,,,476363599.31140680,15794225929.099295953485109200,345000000,349000000,477088180,482619637,476363599,477088187.84728444,482619645.0976877,477088180,482619637,476363599
2013-08-09,46.220,33.4233809696,,,476363599.31691890,15921682060.019266721566565440,345000000,349000000,477088180,482619637,476363599,477088187.84728444,482619645.0976877,477088180,482619637,476363599
2013-08-12,46.450,33.5897024240,,,476363599.31631875,16000911546.660716659631650000,345000000,349000000,477088180,482619637,476363599,477088187.84728444,482619645.0976877,477088180,482619637,476363599
2013-08-13,46.920,33.9295767004,,,476363599.33499587,16162815280.915356805082227348,345000000,349000000,477088180,482619637,476363599,477088187.84728444,482619645.0976877,477088180,482619637,476363599
2013-08-14,46.510,33.6330906295,,,476363599.31587446,16021580108.385629911224372570,345000000,349000000,477088180,482619637,476363599,477088187.84728444,482619645.0976877,477088180,482619637,476363599
2013-08-15,46.960,33.9585021708,,,476363599.32768255,16176594321.859209294708279540,345000000,349000000,477088180,482619637,476363599,477088187.84728444,482619645.0976877,477088180,482619637,476363599
2013-08-16,46.790,33.8355689219,,,476363599.32787500,16118033396.942671078367962500,345000000,349000000,477088180,482619637,476363599,477088187.84728444,482619645.0976877,477088180,482619637,476363599
2013-08-19,46.440,33.5824710564,,,476363599.32944940,15997466786.803760923648346160,345000000,349000000,477088180,482619637,476363599,477088187.84728444,482619645.0976877,477088180,482619637,476363599
2013-08-20,47.030,34.0091217438,,,476363599.31426024,16200707643.393438697595806512,345000000,349000000,477088180,482619637,476363599,477088187.84728444,482619645.0976877,477088180,482619637,476363599
2013-08-21,46.890,33.9078825977,,,476363599.34114490,16152481000.277342340304106730,345000000,349000000,477088180,482619637,476363599,477088187.84728444,482619645.0976877,477088180,482619637,476363599
2013-08-22,47.970,34.6888702967,,,476363599.31870040,16524515110.835566662406408680,345000000,349000000,477088180,482619637,476363599,477088187.84728444,482619645.0976877,477088180,482619637,476363599
2013-08-23,47.680,34.4791606368,,,476363599.31973010,16424617062.469205321520127680,345000000,349000000,477088180,482619637,476363599,477088187.84728444,482619645.0976877,477088180,482619637,476363599
2013-08-26,47.600,34.4213096961,,,476363599.31340480,16397058979.915595944944281280,345000000,349000000,477088180,482619637,476363599,477088187.84728444,482619645.0976877,477088180,482619637,476363599
2013-08-27,46.970,33.9657335384,,,476363599.31469756,16180039081.716162169744646304,345000000,349000000,477088180,482619637,476363599,477088187.84728444,482619645.0976877,477088180,482619637,476363599
2013-08-28,46.740,33.7994120839,,,476363599.31528310,16100809595.027077376089452090,345000000,349000000,477088180,482619637,476363599,477088187.84728444,482619645.0976877,477088180,482619637,476363599
2013-08-29,46.800,33.8428002894,,,476363599.31484290,16121478156.751990937835535260,345000000,349000000,477088180,482619637,476363599,477088187.84728444,482619645.0976877,477088180,482619637,476363599
2013-08-30,46.640,33.7270984081,,,476363599.33496830,16066361992.807195569593963230,345000000,349000000,477088180,482619637,476363599,477088187.84728444,482619645.0976877,477088180,482619637,476363599
2013-09-03,46.930,33.9368080680,,,476363599.32199830,16166260040.772311237322284400,345000000,349000000,477088180,482619637,476363599,477088187.84728444,482619645.0976877,477088180,482619637,476363599
2013-09-04,47.870,34.6165566208,,,476363599.33788700,16490067508.568050726132249600,345000000,349000000,477088180,482619637,476363599,477088187.84728444,482619645.0976877,477088180,482619637,476363599
2013-09-05,47.680,34.4791606368,,,476363599.31973010,16424617062.469205321520127680,345000000,349000000,477088180,482619637,476363599,477088187.84728444,482619645.0976877,477088180,482619637,476363599
2013-09-06,47.430,34.2983764472,,,457440418.01688190,15689463659.307544690943985680,339000000,343000000,468790994,474322452,457440418,468791001.9716795,474322459.2220828,468790994,474322452,457440418
2013-09-09,47.950,34.6744075615,,,457440418.01697534,15861475489.423530564655033410,339000000,343000000,468790994,474322452,457440418,468791001.9716795,474322459.2220828,468790994,474322452,457440418
2013-09-10,48.550,35.1082896165,,,457440417.99499570,16059950677.261127283272149050,339000000,343000000,468790994,474322452,457440418,468791001.9716795,474322459.2220828,468790994,474322452,457440418
2013-09-11,48.960,35.4047756874,,,457440417.98911810,16195575389.255222104647281940,339000000,343000000,468790994,474322452,457440418,468791001.9716795,474322459.2220828,468790994,474322452,457440418
2013-09-12,48.620,35.1589091896,,,457440417.99572587,16083106115.964391504265454952,339000000,343000000,468790994,474322452,457440418,468791001.9716795,474322459.2220828,468790994,474322452,457440418
2013-09-13,48.460,35.0432073082,,,457440418.00806750,16030179399.406373902558903500,339000000,343000000,468790994,474322452,457440418,468791001.9716795,474322459.2220828,468790994,474322452,457440418
2013-09-16,48.740,35.2456856006,,,457440418.00958365,16122801154.172827365606190190,339000000,343000000,468790994,474322452,457440418,468791001.9716795,474322459.2220828,468790994,474322452,457440418
2013-09-17,48.870,35.3396933792,,,457440418.00206935,16165804111.446210700094247520,339000000,343000000,468790994,474322452,457440418,468791001.9716795,474322459.2220828,468790994,474322452,457440418
2013-09-18,49.320,35.6651049204,,,457440418.00160664,16314660502.858933711369311456,339000000,343000000,468790994,474322452,457440418,468791001.9716795,474322459.2220828,468790994,474322452,457440418
2013-09-19,50.980,36.8655119392,,,457440417.99845785,16863775191.194786436362962720,339000000,343000000,468790994,474322452,457440418,468791001.9716795,474322459.2220828,468790994,474322452,457440418
2013-09-20,52.150,37.7115819465,,,457440417.99198306,17250801808.745882147229826290,339000000,343000000,468790994,474322452,457440418,468791001.9716795,474322459.2220828,468790994,474322452,457440418
2013-09-23,51.670,37.3644763025,,,457440417.99559030,17092021658.001928313848865750,339000000,343000000,468790994,474322452,457440418,468791001.9716795,474322459.2220828,468790994,474322452,457440418
2013-09-24,51.600,37.3138567294,,,457440417.99490320,17068866219.298667624221594080,339000000,343000000,468790994,474322452,457440418,468791001.9716795,474322459.2220828,468790994,474322452,457440418
2013-09-25,51.830,37.4801781838,,,457440418.01379500,17144948375.628991886445521000,339000000,343000000,468790994,474322452,457440418,468791001.9716795,474322459.2220828,468790994,474322452,457440418
2013-09-26,52.090,37.6681937410,,,457440417.99967450,17230954290.175762740937304500,339000000,343000000,468790994,474322452,457440418,468791001.9716795,474322459.2220828,468790994,474322452,457440418
2013-09-27,51.630,37.3355508321,,,457440418.01093286,17078789979.304256168070232806,339000000,343000000,468790994,474322452,457440418,468791001.9716795,474322459.2220828,468790994,474322452,457440418
2013-09-30,51.250,37.0607588640,,,457440417.98964036,16953089025.761429032042151040,339000000,343000000,468790994,474322452,457440418,468791001.9716795,474322459.2220828,468790994,474322452,457440418
2013-10-01,51.900,37.5307977569,,,457440418.00023710,17168103813.798696936348160990,339000000,343000000,468790994,474322452,457440418,468791001.9716795,474322459.2220828,468790994,474322452,457440418
2013-10-02,51.570,37.2921626266,,,457440417.99137470,17058942459.714225828496787020,339000000,343000000,468790994,474322452,457440418,468791001.9716795,474322459.2220828,468790994,474322452,457440418
2013-10-03,51.060,36.9233628799,,,457440418.00836800,16890238550.056114498779003200,339000000,343000000,468790994,474322452,457440418,468791001.9716795,474322459.2220828,468790994,474322452,457440418
2013-10-04,51.780,37.4440213459,,,457440417.98847510,17128408775.637879984590637090,339000000,343000000,468790994,474322452,457440418,468791001.9716795,474322459.2220828,468790994,474322452,457440418
2013-10-07,51.130,36.9739824530,,,457440418.00778496,16913393988.712826328437306880,339000000,343000000,468790994,474322452,457440418,468791001.9716795,474322459.2220828,468790994,474322452,457440418
2013-10-08,50.130,36.2508456946,,,457440418.00130090,16582602007.438483067964105140,339000000,343000000,468790994,474322452,457440418,468791001.9716795,474322459.2220828,468790994,474322452,457440418
2013-10-09,49.950,36.1206810781,,,457440417.99841120,16523059450.753366107703114720,339000000,343000000,468790994,474322452,457440418,468791001.9716795,474322459.2220828,468790994,474322452,457440418
2013-10-10,50.990,36.8727433068,,,457440418.01021350,16867083111.445894006164001800,339000000,343000000,468790994,474322452,457440418,468791001.9716795,474322459.2220828,468790994,474322452,457440418
2013-10-11,51.460,37.2126175832,,,457440418.01786720,17022555342.798043058482551040,339000000,343000000,468790994,474322452,457440418,468791001.9716795,474322459.2220828,468790994,474322452,457440418
2013-10-14,51.360,37.1403039074,,,457440417.99304646,16989476143.789832704367737804,339000000,343000000,468790994,474322452,457440418,468791001.9716795,474322459.2220828,468790994,474322452,457440418
2013-10-15,50.880,36.7931982634,,,457440418.00681960,16830695993.417484996077082640,339000000,343000000,468790994,474322452,457440418,468791001.9716795,474322459.2220828,468790994,474322452,457440418
2013-10-16,51.560,37.2849312590,,,457440418.01276140,17055634540.694034183768602600,339000000,343000000,468790994,474322452,457440418,468791001.9716795,474322459.2220828,468790994,474322452,457440418
2013-10-17,52.650,38.0731503256,,,457440418.00558550,17416197799.731957681943638800,339000000,343000000,468790994,474322452,457440418,468791001.9716795,474322459.2220828,468790994,474322452,457440418
2013-10-18,52.990,38.3190168234,,,457440417.99336480,17528667072.790873840773376320,339000000,343000000,468790994,474322452,457440418,468791001.9716795,474322459.2220828,468790994,474322452,457440418
2013-10-21,51.990,37.5958800651,,,457440418.01641890,17197875092.674494207000870390,339000000,343000000,468790994,474322452,457440418,468791001.9716795,474322459.2220828,468790994,474322452,457440418
2013-10-22,51.020,36.8944374096,,,457440418.00439525,16877006870.684421488824544400,339000000,343000000,468790994,474322452,457440418,468791001.9716795,474322459.2220828,468790994,474322452,457440418
2013-10-23,50.650,36.6268768090,,,457440417.99139420,16754613837.228262585557107800,339000000,343000000,468790994,474322452,457440418,468791001.9716795,474322459.2220828,468790994,474322452,457440418
2013-10-24,51.120,36.9667510854,,,457440417.99927190,16910086068.580414205734720260,339000000,343000000,468790994,474322452,457440418,468791001.9716795,474322459.2220828,468790994,474322452,457440418
2013-10-25,51.870,37.5091036541,,,457440418.00471467,17158180054.513674459524875647,339000000,343000000,468790994,474322452,457440418,468791001.9716795,474322459.2220828,468790994,474322452,457440418
2013-10-28,51.490,37.2343116860,,,457440418.01334625,17032479102.083063180339277500,339000000,343000000,468790994,474322452,457440418,468791001.9716795,474322459.2220828,468790994,474322452,457440418
2013-10-29,51.700,37.3861704052,,,457440418.01035285,17101945417.960970787879474820,339000000,343000000,468790994,474322452,457440418,468791001.9716795,474322459.2220828,468790994,474322452,457440418
2013-10-30,51.150,36.9884451881,,,457440417.99473184,16920009827.819691578397859104,339000000,343000000,468790994,474322452,457440418,468791001.9716795,474322459.2220828,468790994,474322452,457440418
2013-10-31,50.760,36.7064218524,,,457440417.99483680,16791000955.256667705891688320,339000000,343000000,468790994,474322452,457440418,468791001.9716795,474322459.2220828,468790994,474322452,457440418
2013-11-01,51.100,36.9522883502,,,457440418.01233447,16903470229.427805275686891394,339000000,343000000,468790994,474322452,457440418,468791001.9716795,474322459.2220828,468790994,474322452,457440418
2013-11-04,51.210,37.0318333936,,,457440418.01570183,16939857347.456210077334630288,339000000,343000000,468790994,474322452,457440418,468791001.9716795,474322459.2220828,468790994,474322452,457440418
2013-11-05,51.210,37.0318333936,,,457440418.01570183,16939857347.456210077334630288,339000000,343000000,468790994,474322452,457440418,468791001.9716795,474322459.2220828,468790994,474322452,457440418
2013-11-06,51.040,36.9089001447,,,457440417.99131536,16883622709.791287974047332592,339000000,343000000,468790994,474322452,457440418,468791001.9716795,474322459.2220828,468790994,474322452,457440418
2013-11-07,50.050,36.1929947540,,,457440417.99319010,16556138648.695096497024735400,339000000,343000000,468790994,474322452,457440418,468791001.9716795,474322459.2220828,468790994,474322452,457440418
2013-11-08,50.780,36.7208845876,,,457440418.01198214,16797616795.521496396852465464,339000000,343000000,468790994,474322452,457440418,468791001.9716795,474322459.2220828,468790994,474322452,457440418
2013-11-11,51.300,37.0969157019,,,457440418.00209266,16969628625.265530625812738054,339000000,343000000,468790994,474322452,457440418,468791001.9716795,474322459.2220828,468790994,474322452,457440418
2013-11-12,51.200,37.0246020260,,,457440418.00720364,16936549427.323798772138574640,339000000,343000000,468790994,474322452,457440418,468791001.9716795,474322459.2220828,468790994,474322452,457440418
2013-11-13,51.200,37.0246020260,,,457440418.00720364,16936549427.323798772138574640,339000000,343000000,468790994,474322452,457440418,468791001.9716795,474322459.2220828,468790994,474322452,457440418
2013-11-14,50.540,36.5473317656,,,457440418.01836896,16718226720.312078496109035776,339000000,343000000,468790994,474322452,457440418,468791001.9716795,474322459.2220828,468790994,474322452,457440418
2013-11-15,54.930,39.7219021346,,,457440418.01534414,18170403516.816014690219601244,339000000,343000000,468790994,474322452,457440418,468791001.9716795,474322459.2220828,468790994,474322452,457440418
2013-11-18,54.050,39.0855417873,,,457440417.99105910,17879306572.589519170833929430,339000000,343000000,468790994,474322452,457440418,468791001.9716795,474322459.2220828,468790994,474322452,457440418
2013-11-19,53.820,38.9192203329,,,457440418.00624710,17803224417.559007413541659590,339000000,343000000,468790994,474322452,457440418,468791001.9716795,474322459.2220828,468790994,474322452,457440418
2013-11-20,53.530,38.7095106729,,,457440418.00033325,17707294742.799737216631743925,339000000,343000000,468790994,474322452,457440418,468791001.9716795,474322459.2220828,468790994,474322452,457440418
2013-11-21,54.100,39.1216986252,,,457440418.00286573,17895846172.093625559001194396,339000000,343000000,468790994,474322452,457440418,468791001.9716795,474322459.2220828,468790994,474322452,457440418
2013-11-22,53.850,38.9409144356,,,457440418.00193080,17813148176.798285198392256480,339000000,343000000,468790994,474322452,457440418,468791001.9716795,474322459.2220828,468790994,474322452,457440418
2013-11-25,53.110,38.4057932344,,,457440418.00484780,17568362110.951691583641724320,339000000,343000000,468790994,474322452,457440418,468791001.9716795,474322459.2220828,468790994,474322452,457440418
2013-11-26,53.650,38.7962870839,,,457440418.01168520,17746989780.960559444032788280,339000000,343000000,468790994,474322452,457440418,468791001.9716795,474322459.2220828,468790994,474322452,457440418
2013-11-27,53.810,38.9119889653,,,457440417.99815930,17799916497.426594197311572290,339000000,343000000,468790994,474322452,457440418,468791001.9716795,474322459.2220828,468790994,474322452,457440418
2013-11-29,53.570,38.7384361433,,,457440418.00412290,17720526422.217174597775211570,339000000,343000000,468790994,474322452,457440418,468791001.9716795,474322459.2220828,468790994,474322452,457440418
2013-12-02,53.210,38.4781069103,,,457440417.99992484,17601441308.893428490884621852,339000000,343000000,468790994,474322452,457440418,468791001.9716795,474322459.2220828,468790994,474322452,457440418
2013-12-03,52.930,38.2756286179,,,457440418.00213290,17508819554.266576370479118910,339000000,343000000,468790994,474322452,457440418,468791001.9716795,474322459.2220828,468790994,474322452,457440418
2013-12-04,53.580,38.7456675109,,,457440418.01224583,17723834342.349588413775004547,339000000,343000000,468790994,474322452,457440418,468791001.9716795,474322459.2220828,468790994,474322452,457440418
2013-12-05,53.500,38.6878165702,,,457440418.00467450,17697370983.560460542157399900,339000000,343000000,468790994,474322452,457440418,468791001.9716795,474322459.2220828,468790994,474322452,457440418
2013-12-06,54.830,39.6495884588,,,457440417.99208950,18137324317.807799708896662600,339000000,343000000,468790994,474322452,457440418,468791001.9716795,474322459.2220828,468790994,474322452,457440418
2013-12-09,55.060,39.8159099132,,,457440418.00517340,18213406473.950535345944948880,339000000,343000000,468790994,474322452,457440418,468791001.9716795,474322459.2220828,468790994,474322452,457440418
2013-12-10,55.340,40.0183882055,,,457440418.00303495,18306028228.531643706284282225,339000000,343000000,468790994,474322452,457440418,468791001.9716795,474322459.2220828,468790994,474322452,457440418
2013-12-11,54.840,39.6568198263,,,457440418.00002800,18140632237.894469784355136400,339000000,343000000,468790994,474322452,457440418,468791001.9716795,474322459.2220828,468790994,474322452,457440418
2013-12-12,55.260,39.9605372648,,,457440417.99569140,18279564869.742514715540882720,339000000,343000000,468790994,474322452,457440418,468791001.9716795,474322459.2220828,468790994,474322452,457440418
2013-12-13,55.160,39.8882235890,,,457440418.00042385,18246485671.846526825568197650,339000000,343000000,468790994,474322452,457440418,468791001.9716795,474322459.2220828,468790994,474322452,457440418
2013-12-16,55.240,39.9460745297,,,457440418.00777380,18272949030.635654208778981860,339000000,343000000,468790994,474322452,457440418,468791001.9716795,474322459.2220828,468790994,474322452,457440418
2013-12-17,56.370,40.7632190666,,,457440418.00476390,18646743969.045265738111375740,339000000,343000000,468790994,474322452,457440418,468791001.9716795,474322459.2220828,468790994,474322452,457440418
2013-12-18,57.890,41.8623869392,,,457440418.00284284,19149547780.064396653686235328,339000000,343000000,468790994,474322452,457440418,468791001.9716795,474322459.2220828,468790994,474322452,457440418
2013-12-19,57.380,41.4935871925,,,458846125.82089150,19039171729.689987093332113750,341000000,345000000,471556723,477088180,458846126,471556730.59688115,477088187.84728444,471556723,477088180,458846126
2013-12-20,56.960,41.1898697540,,,458846125.81985690,18899812159.647402177918202600,341000000,345000000,471556723,477088180,458846126,471556730.59688115,477088187.84728444,471556723,477088180,458846126
2013-12-23,57.540,41.6092890738,,,458846125.81860950,19092261089.579728349058881100,341000000,345000000,471556723,477088180,458846126,471556730.59688115,477088187.84728444,471556723,477088180,458846126
2013-12-24,57.230,41.3851166787,,,458846125.81766970,18989400454.533720976637625390,341000000,345000000,471556723,477088180,458846126,471556730.59688115,477088187.84728444,471556723,477088180,458846126
2013-12-26,57.460,41.5514381331,,,458846125.83313257,19065716410.168025676525605067,341000000,345000000,471556723,477088180,458846126,471556730.59688115,477088187.84728444,471556723,477088180,458846126
2013-12-27,57.170,41.3417284732,,,458846125.83208070,18969491945.129640717190187240,341000000,345000000,471556723,477088180,458846126,471556730.59688115,477088187.84728444,471556723,477088180,458846126
2013-12-30,57.320,41.4501989870,,,458846125.82923293,19019263220.035745330073041910,341000000,345000000,471556723,477088180,458846126,471556730.59688115,477088187.84728444,471556723,477088180,458846126
2013-12-31,57.190,41.3561912084,,,458846125.84185250,18976128115.549220409269561000,341000000,345000000,471556723,477088180,458846126,471556730.59688115,477088187.84728444,471556723,477088180,458846126
2014-01-02,56.210,40.6475171852,,,458846125.84083164,18650955785.477645886759899728,341000000,345000000,471556723,477088180,458846126,471556730.59688115,477088187.84728444,471556723,477088180,458846126
2014-01-03,56.920,41.1609442836,,,458846125.82933220,18886539820.006857526795411920,341000000,345000000,471556723,477088180,458846126,471556730.59688115,477088187.84728444,471556723,477088180,458846126
2014-01-06,56.640,40.9584659913,,,458846125.82835280,18793633439.980348700098130640,341000000,345000000,471556723,477088180,458846126,471556730.59688115,477088187.84728444,471556723,477088180,458846126
2014-01-07,57.450,41.5442067656,,,458846125.83303285,19062398325.202032262937049960,341000000,345000000,471556723,477088180,458846126,471556730.59688115,477088187.84728444,471556723,477088180,458846126
2014-01-08,58.390,42.2239553184,,,458846125.83112140,19374298315.114214057766053760,341000000,345000000,471556723,477088180,458846126,471556730.59688115,477088187.84728444,471556723,477088180,458846126
2014-01-09,58.410,42.2384180535,,,458846125.82459580,19380934484.808139813060275300,341000000,345000000,471556723,477088180,458846126,471556730.59688115,477088187.84728444,471556723,477088180,458846126
2014-01-10,58.930,42.6144491679,,,458846125.83945480,19553474905.473293290849660920,341000000,345000000,471556723,477088180,458846126,471556730.59688115,477088187.84728444,471556723,477088180,458846126
2014-01-13,58.930,42.6144491679,,,458846125.83945480,19553474905.473293290849660920,341000000,345000000,471556723,477088180,458846126,471556730.59688115,477088187.84728444,471556723,477088180,458846126
2014-01-14,59.880,43.3014290883,,,458846125.82645690,19868692979.915502687386244270,341000000,345000000,471556723,477088180,458846126,471556730.59688115,477088187.84728444,471556723,477088180,458846126
2014-01-15,60.340,43.6340719971,,,458846125.83859330,20021324890.431586665985679430,341000000,345000000,471556723,477088180,458846126,471556730.59688115,477088187.84728444,471556723,477088180,458846126
2014-01-16,60.500,43.7497738784,,,458846125.84049654,20074414250.501594770577580736,341000000,345000000,471556723,477088180,458846126,471556730.59688115,477088187.84728444,471556723,477088180,458846126
2014-01-17,60.710,43.9016325977,,,458846125.84011790,20144094035.510876297051268830,341000000,345000000,471556723,477088180,458846126,471556730.59688115,477088187.84728444,471556723,477088180,458846126
2014-01-21,60.850,44.0028717438,,,458846125.83282470,20190547225.161301234168711860,341000000,345000000,471556723,477088180,458846126,471556730.59688115,477088187.84728444,471556723,477088180,458846126
2014-01-22,60.930,44.0607226845,,,458846125.82889870,20217091905.004298316742560150,341000000,345000000,471556723,477088180,458846126,471556730.59688115,477088187.84728444,471556723,477088180,458846126
2014-01-23,59.470,43.0049430174,,,458846125.82183367,19732651494.722707723130715858,341000000,345000000,471556723,477088180,458846126,471556730.59688115,477088187.84728444,471556723,477088180,458846126
2014-01-24,57.870,41.8479242041,,,458846125.81604886,19201757894.494944952622212326,341000000,345000000,471556723,477088180,458846126,471556730.59688115,477088187.84728444,471556723,477088180,458846126
2014-01-27,58.300,42.1588730101,,,458846125.83042920,19344435550.061430049178934920,341000000,345000000,471556723,477088180,458846126,471556730.59688115,477088187.84728444,471556723,477088180,458846126
2014-01-28,58.100,42.0142456585,,,458846125.83559820,19278073850.307826359100414700,341000000,345000000,471556723,477088180,458846126,471556730.59688115,477088187.84728444,471556723,477088180,458846126
2014-01-29,57.650,41.6888341172,,,458846125.82781450,19128760024.955637220312859400,341000000,345000000,471556723,477088180,458846126,471556730.59688115,477088187.84728444,471556723,477088180,458846126
2014-01-30,59.510,43.0338684877,,,458846125.82482610,19745923834.836213075122488970,341000000,345000000,471556723,477088180,458846126,471556730.59688115,477088187.84728444,471556723,477088180,458846126
2014-01-31,58.150,42.0504024964,,,458846125.83323220,19294664275.201215832960864080,341000000,345000000,471556723,477088180,458846126,471556730.59688115,477088187.84728444,471556723,477088180,458846126
2014-02-03,56.150,40.6041289797,,,458846125.82772410,18631047274.944564778506100770,341000000,345000000,471556723,477088180,458846126,471556730.59688115,477088187.84728444,471556723,477088180,458846126
2014-02-04,57.810,41.8045359986,,,458846125.82983620,19181849385.071532720841429320,341000000,345000000,471556723,477088180,458846126,471556730.59688115,477088187.84728444,471556723,477088180,458846126
2014-02-05,57.430,41.5297440304,,,458846125.83967036,19055762155.462217320713818944,341000000,345000000,471556723,477088180,458846126,471556730.59688115,477088187.84728444,471556723,477088180,458846126
2014-02-06,58.290,42.1516416425,,,458846125.82563530,19341117464.851643605497980250,341000000,345000000,471556723,477088180,458846126,471556730.59688115,477088187.84728444,471556723,477088180,458846126
2014-02-07,59.420,42.9687861795,,,458846125.82413757,19716061069.829320465322713815,341000000,345000000,471556723,477088180,458846126,471556730.59688115,477088187.84728444,471556723,477088180,458846126
2014-02-10,59.010,42.6723001085,,,458846125.81946220,19580019584.590641488471648700,341000000,345000000,471556723,477088180,458846126,471556730.59688115,477088187.84728444,471556723,477088180,458846126
2014-02-11,59.730,43.1929585745,,,458846125.83912873,19818921705.439301286062795385,341000000,345000000,471556723,477088180,458846126,471556730.59688115,477088187.84728444,471556723,477088180,458846126
2014-02-12,59.890,43.3086604559,,,458846125.83112340,19872011065.125289515053158060,341000000,345000000,471556723,477088180,458846126,471556730.59688115,477088187.84728444,471556723,477088180,458846126
2014-02-13,60.080,43.4460564399,,,458846125.83136666,19935054680.099013220111153734,341000000,345000000,471556723,477088180,458846126,471556730.59688115,477088187.84728444,471556723,477088180,458846126
2014-02-14,55.250,39.9533058973,,,458846125.82211256,18332419624.761867554192400088,341000000,345000000,471556723,477088180,458846126,471556730.59688115,477088187.84728444,471556723,477088180,458846126
2014-02-18,55.150,39.8809922214,,,458846125.83334260,18299238775.179061823361251640,341000000,345000000,471556723,477088180,458846126,471556730.59688115,477088187.84728444,471556723,477088180,458846126
2014-02-19,55.940,40.4522702605,,,458846125.82808703,18561367489.981165899274771315,341000000,345000000,471556723,477088180,458846126,471556730.59688115,477088187.84728444,471556723,477088180,458846126
2014-02-20,57.290,41.4285048842,,,458846125.83100750,19009308965.086141997556831500,341000000,345000000,471556723,477088180,458846126,471556730.59688115,477088187.84728444,471556723,477088180,458846126
2014-02-21,56.340,40.7415249638,,,458846125.81744295,18694090889.534267628907315210,341000000,345000000,471556723,477088180,458846126,471556730.59688115,477088187.84728444,471556723,477088180,458846126
2014-02-24,56.750,41.0380110347,,,458846125.82235280,18830132374.727058818316442160,341000000,345000000,471556723,477088180,458846126,471556730.59688115,477088187.84728444,471556723,477088180,458846126
2014-02-25,56.890,41.1392501809,,,458846125.83111924,18876585565.103136357019470516,341000000,345000000,471556723,477088180,458846126,471556730.59688115,477088187.84728444,471556723,477088180,458846126
2014-02-26,57.100,41.2911089001,,,458846125.84116270,18946265350.496437760902146270,341000000,345000000,471556723,477088180,458846126,471556730.59688115,477088187.84728444,471556723,477088180,458846126
2014-02-27,56.360,40.7559876990,,,458846125.83791200,18700727060.383747539844488000,341000000,345000000,471556723,477088180,458846126,471556730.59688115,477088187.84728444,471556723,477088180,458846126
2014-02-28,56.930,41.1681756512,,,458846125.83424080,18889857905.216643389797608960,341000000,345000000,471556723,477088180,458846126,471556730.59688115,477088187.84728444,471556723,477088180,458846126
2014-03-03,56.710,41.0090855644,,,458846125.81921300,18816860034.613553962468817200,341000000,345000000,471556723,477088180,458846126,471556730.59688115,477088187.84728444,471556723,477088180,458846126
2014-03-04,57.780,41.7828418958,,,458846125.83159600,19171895130.121927964179696800,341000000,345000000,471556723,477088180,458846126,471556730.59688115,477088187.84728444,471556723,477088180,458846126
2014-03-05,57.800,41.7973046310,,,461075336.26608187,19271706287.754185993176139970,333000000,338000000,460493809,467408130,461075336,460493816.0960745,467408137.65907866,460493809,467408130,461075336
2014-03-06,58.770,42.4987472865,,,461075336.26467740,19595124195.950533699047875100,333000000,338000000,460493809,467408130,461075336,460493816.0960745,467408137.65907866,460493809,467408130,461075336
2014-03-07,58.420,42.2456494211,,,461075336.24371564,19478427011.667813475479016004,333000000,338000000,460493809,467408130,461075336,460493816.0960745,467408137.65907866,460493809,467408130,461075336
2014-03-10,58.150,42.0504024964,,,461075336.24843650,19388403470.409723610196878600,333000000,338000000,460493809,467408130,461075336,460493816.0960745,467408137.65907866,460493809,467408130,461075336
2014-03-11,56.860,41.1175560781,,,461075336.26599014,18958290995.145664239271669934,333000000,338000000,460493809,467408130,461075336,460493816.0960745,467408137.65907866,460493809,467408130,461075336
2014-03-12,57.060,41.2621834298,,,461075336.25750655,19024975099.613949913274965190,333000000,338000000,460493809,467408130,461075336,460493816.0960745,467408137.65907866,460493809,467408130,461075336
2014-03-13,55.850,40.3871879522,,,461075336.24758900,18621536265.155190417097245800,333000000,338000000,460493809,467408130,461075336,460493816.0960745,467408137.65907866,460493809,467408130,461075336
2014-03-14,55.440,40.0907018813,,,461075336.24330866,18484833850.150644569998582058,333000000,338000000,460493809,467408130,461075336,460493816.0960745,467408137.65907866,460493809,467408130,461075336
2014-03-17,55.800,40.3510311143,,,461075336.24653494,18604865238.920265939502083642,333000000,338000000,460493809,467408130,461075336,460493816.0960745,467408137.65907866,460493809,467408130,461075336
2014-03-18,56.790,41.0669365051,,,461075336.24798690,18934951557.763710489996583190,333000000,338000000,460493809,467408130,461075336,460493816.0960745,467408137.65907866,460493809,467408130,461075336
2014-03-19,56.630,40.9512346237,,,461075336.26345040,18881604274.525930205307614480,333000000,338000000,460493809,467408130,461075336,460493816.0960745,467408137.65907866,460493809,467408130,461075336
2014-03-20,56.700,41.0018541968,,,461075336.25442153,18904943710.844324602386777104,333000000,338000000,460493809,467408130,461075336,460493816.0960745,467408137.65907866,460493809,467408130,461075336
2014-03-21,56.090,40.5607407742,,,461075336.25882983,18701557191.371494770460254386,333000000,338000000,460493809,467408130,461075336,460493816.0960745,467408137.65907866,460493809,467408130,461075336
2014-03-24,55.260,39.9605372648,,,461075336.24167970,18424818155.765831630795684560,333000000,338000000,460493809,467408130,461075336,460493816.0960745,467408137.65907866,460493809,467408130,461075336
2014-03-25,55.160,39.8882235890,,,461075336.23953640,18391476103.295982384904139600,333000000,338000000,460493809,467408130,461075336,460493816.0960745,467408137.65907866,460493809,467408130,461075336
2014-03-26,55.170,39.8954549566,,,461075336.26125440,18394810309.410073565013559040,333000000,338000000,460493809,467408130,461075336,460493816.0960745,467408137.65907866,460493809,467408130,461075336
2014-03-27,54.690,39.5483493126,,,461075336.26637566,18234768458.087131683654371316,333000000,338000000,460493809,467408130,461075336,460493816.0960745,467408137.65907866,460493809,467408130,461075336
2014-03-28,54.690,39.5483493126,,,461075336.26637566,18234768458.087131683654371316,333000000,338000000,460493809,467408130,461075336,460493816.0960745,467408137.65907866,460493809,467408130,461075336
2014-03-31,55.920,40.4378075253,,,461075336.26589537,18644875702.583251794728427861,333000000,338000000,460493809,467408130,461075336,460493816.0960745,467408137.65907866,460493809,467408130,461075336
2014-04-01,56.360,40.7559876990,,,461075336.25388664,18791580732.675692640780441360,333000000,338000000,460493809,467408130,461075336,460493816.0960745,467408137.65907866,460493809,467408130,461075336
2014-04-02,56.670,40.9801600941,,,461075336.25596400,18894941095.210394815926212400,333000000,338000000,460493809,467408130,461075336,460493816.0960745,467408137.65907866,460493809,467408130,461075336
2014-04-03,56.600,40.9295405210,,,461075336.26499950,18871601658.891997829294739500,333000000,338000000,460493809,467408130,461075336,460493816.0960745,467408137.65907866,460493809,467408130,461075336
2014-04-04,55.570,40.1847096599,,,461075336.24386626,18528178518.300533080345684974,333000000,338000000,460493809,467408130,461075336,460493816.0960745,467408137.65907866,460493809,467408130,461075336
2014-04-07,54.350,39.3024828148,,,461075336.25272810,18121405479.400977579867055880,333000000,338000000,460493809,467408130,461075336,460493816.0960745,467408137.65907866,460493809,467408130,461075336
2014-04-08,54.660,39.5266552098,,,461075336.25488836,18224765841.889569815511377928,333000000,338000000,460493809,467408130,461075336,460493816.0960745,467408137.65907866,460493809,467408130,461075336
2014-04-09,55.570,40.1847096599,,,461075336.24418056,18528178518.313163134591791544,333000000,338000000,460493809,467408130,461075336,460493816.0960745,467408137.65907866,460493809,467408130,461075336
2014-04-10,54.050,39.0855417873,,,461075336.25428724,18021379322.260342577797184052,333000000,338000000,460493809,467408130,461075336,460493816.0960745,467408137.65907866,460493809,467408130,461075336
2014-04-11,52.770,38.1599267366,,,461075336.25938810,17594601051.711459389945874460,333000000,338000000,460493809,467408130,461075336,460493816.0960745,467408137.65907866,460493809,467408130,461075336
2014-04-14,52.650,38.0731503256,,,461075336.24085945,17554590588.124807448791336920,333000000,338000000,460493809,467408130,461075336,460493816.0960745,467408137.65907866,460493809,467408130,461075336
2014-04-15,53.110,38.4057932344,,,461075336.25410730,17707964029.656699181551651120,333000000,338000000,460493809,467408130,461075336,460493816.0960745,467408137.65907866,460493809,467408130,461075336
2014-04-16,53.680,38.8179811867,,,461075336.24780416,17898013728.118638452065996672,333000000,338000000,460493809,467408130,461075336,460493816.0960745,467408137.65907866,460493809,467408130,461075336
2014-04-17,54.650,39.5194238423,,,461075336.24649860,18221431636.356366162733570780,333000000,338000000,460493809,467408130,461075336,460493816.0960745,467408137.65907866,460493809,467408130,461075336
2014-04-21,54.690,39.5483493126,,,461075336.26676290,18234768458.102446386442182540,333000000,338000000,460493809,467408130,461075336,460493816.0960745,467408137.65907866,460493809,467408130,461075336
2014-04-22,54.970,39.7508276049,,,461075336.26667410,18328126204.807858922191863090,333000000,338000000,460493809,467408130,461075336,460493816.0960745,467408137.65907866,460493809,467408130,461075336
2014-04-23,55.010,39.7797530753,,,461075336.24412830,18341463024.902344293492760990,333000000,338000000,460493809,467408130,461075336,460493816.0960745,467408137.65907866,460493809,467408130,461075336
2014-04-24,55.280,39.9750000000,,,461075336.26313980,18431486567.119013505000000000,333000000,338000000,460493809,467408130,461075336,460493816.0960745,467408137.65907866,460493809,467408130,461075336
2014-04-25,54.390,39.3314082851,,,461075336.24916270,18134742300.205586176717885770,333000000,338000000,460493809,467408130,461075336,460493816.0960745,467408137.65907866,460493809,467408130,461075336
2014-04-28,53.730,38.8541380246,,,461075336.24889600,17914684754.353460803370841600,333000000,338000000,460493809,467408130,461075336,460493816.0960745,467408137.65907866,460493809,467408130,461075336
2014-04-29,53.300,38.5431892185,,,461075336.24752640,17771313928.971921787774118400,333000000,338000000,460493809,467408130,461075336,460493816.0960745,467408137.65907866,460493809,467408130,461075336
2014-04-30,54.040,39.0783104197,,,461075336.26049890,18018045117.255335397390388330,333000000,338000000,460493809,467408130,461075336,460493816.0960745,467408137.65907866,460493809,467408130,461075336
2014-05-01,54.470,39.3892592258,,,461075336.26174736,18161415942.636869483508793888,333000000,338000000,460493809,467408130,461075336,460493816.0960745,467408137.65907866,460493809,467408130,461075336
2014-05-02,54.540,39.4398787988,,,461075336.25049824,18184755378.835606621712714112,333000000,338000000,460493809,467408130,461075336,460493816.0960745,467408137.65907866,460493809,467408130,461075336
2014-05-05,55.330,40.0111568379,,,461075336.26418626,18448157593.353837917678227254,333000000,338000000,460493809,467408130,461075336,460493816.0960745,467408137.65907866,460493809,467408130,461075336
2014-05-06,55.010,39.7797530753,,,461075336.24412830,18341463024.902344293492760990,333000000,338000000,460493809,467408130,461075336,460493816.0960745,467408137.65907866,460493809,467408130,461075336
2014-05-07,55.030,39.7942158104,,,461075336.26162090,18348131436.047690849511077360,333000000,338000000,460493809,467408130,461075336,460493816.0960745,467408137.65907866,460493809,467408130,461075336
2014-05-08,55.300,39.9894627352,,,461075336.25285816,18438154977.203480993811239232,333000000,338000000,460493809,467408130,461075336,460493816.0960745,467408137.65907866,460493809,467408130,461075336
2014-05-09,55.390,40.0545450434,,,461075336.25916857,18468162824.593668743298565938,333000000,338000000,460493809,467408130,461075336,460493816.0960745,467408137.65907866,460493809,467408130,461075336
2014-05-12,56.410,40.7921445369,,,461075336.24425710,18808251758.475502825764036990,333000000,338000000,460493809,467408130,461075336,460493816.0960745,467408137.65907866,460493809,467408130,461075336
2014-05-13,56.830,41.0958619754,,,461075336.26404410,18948288379.368298623418715140,333000000,338000000,460493809,467408130,461075336,460493816.0960745,467408137.65907866,460493809,467408130,461075336
2014-05-14,55.850,40.3871879522,,,461075336.24420637,18621536265.018575503514495514,333000000,338000000,460493809,467408130,461075336,460493816.0960745,467408137.65907866,460493809,467408130,461075336
2014-05-15,54.490,39.4037219609,,,461075336.26441544,18168084353.191498842329036296,333000000,338000000,460493809,467408130,461075336,460493816.0960745,467408137.65907866,460493809,467408130,461075336
2014-05-16,55.030,39.7942158104,,,461075336.26162090,18348131436.047690849511077360,333000000,338000000,460493809,467408130,461075336,460493816.0960745,467408137.65907866,460493809,467408130,461075336
2014-05-19,54.970,39.7508276049,,,461075336.26667410,18328126204.807858922191863090,333000000,338000000,460493809,467408130,461075336,460493816.0960745,467408137.65907866,460493809,467408130,461075336
2014-05-20,54.310,39.2735573444,,,461075336.25158197,18108068658.365016644012120468,333000000,338000000,460493809,467408130,461075336,460493816.0960745,467408137.65907866,460493809,467408130,461075336
2014-05-21,54.990,39.7652903401,,,461075336.24147810,18334794614.301608530875701810,333000000,338000000,460493809,467408130,461075336,460493816.0960745,467408137.65907866,460493809,467408130,461075336
2014-05-22,55.540,40.1630155572,,,461075336.26045305,18518175903.269797118270189460,333000000,338000000,460493809,467408130,461075336,460493816.0960745,467408137.65907866,460493809,467408130,461075336
2014-05-23,56.180,40.6258230825,,,461075336.25798714,18731565038.521183127200159050,333000000,338000000,460493809,467408130,461075336,460493816.0960745,467408137.65907866,460493809,467408130,461075336
2014-05-27,56.280,40.6981367583,,,461075336.24553920,18764907090.400111229923575360,333000000,338000000,460493809,467408130,461075336,460493816.0960745,467408137.65907866,460493809,467408130,461075336
2014-05-28,57.110,41.2983402677,,,461075336.26397187,19041646126.073707555561069599,333000000,338000000,460493809,467408130,461075336,460493816.0960745,467408137.65907866,460493809,467408130,461075336
2014-05-29,56.960,41.1898697540,,,461075336.26273210,18991633047.443688323194903400,333000000,338000000,460493809,467408130,461075336,460493816.0960745,467408137.65907866,460493809,467408130,461075336
2014-05-30,56.940,41.1754070188,,,461075336.26017916,18984964636.842951127609488208,333000000,338000000,460493809,467408130,461075336,460493816.0960745,467408137.65907866,460493809,467408130,461075336
2014-06-02,56.890,41.1392501809,,,461075336.25915890,18968293610.608131106106845010,333000000,338000000,460493809,467408130,461075336,460493816.0960745,467408137.65907866,460493809,467408130,461075336
2014-06-03,57.220,41.3778853111,,,461075336.24584990,19078322382.957645995545403890,333000000,338000000,460493809,467408130,461075336,460493816.0960745,467408137.65907866,460493809,467408130,461075336
2014-06-04,57.450,41.5442067656,,,460854608.98342884,19145839164.487306953014159904,333000000,337000000,460493809,466025266,460854609,460493816.0960745,466025273.3464778,460493809,466025266,460854609
2014-06-05,58.600,42.3758140376,,,460854608.97641873,19529089208.355583786109564248,333000000,337000000,460493809,466025266,460854609,460493816.0960745,466025273.3464778,460493809,466025266,460854609
2014-06-06,59.010,42.6723001085,,,460854608.98303940,19665726180.909677263279774900,333000000,337000000,460493809,466025266,460854609,460493816.0960745,466025273.3464778,460493809,466025266,460854609
2014-06-09,59.280,42.8675470333,,,460854608.99430597,19755706626.576492380865978801,333000000,337000000,460493809,466025266,460854609,460493816.0960745,466025273.3464778,460493809,466025266,460854609
2014-06-10,58.890,42.5855236975,,,460854608.99198854,19625734872.330424557818426650,333000000,337000000,460493809,466025266,460854609,460493816.0960745,466025273.3464778,460493809,466025266,460854609
2014-06-11,58.910,42.5999864327,,,460854608.99414810,19632400090.597972453694482870,333000000,337000000,460493809,466025266,460854609,460493816.0960745,466025273.3464778,460493809,466025266,460854609
2014-06-12,58.400,42.2311866860,,,460854608.97464460,19462437026.711747143101795600,333000000,337000000,460493809,466025266,460854609,460493816.0960745,466025273.3464778,460493809,466025266,460854609
2014-06-13,58.500,42.3035003618,,,460854608.97553310,19495763117.533662023197875580,333000000,337000000,460493809,466025266,460854609,460493816.0960745,466025273.3464778,460493809,466025266,460854609
2014-06-16,58.320,42.1733357453,,,460854608.97594060,19435776154.111289933669529180,333000000,337000000,460493809,466025266,460854609,460493816.0960745,466025273.3464778,460493809,466025266,460854609
2014-06-17,58.870,42.5710609624,,,460854608.97580916,19619069653.512185977228335584,333000000,337000000,460493809,466025266,460854609,460493816.0960745,466025273.3464778,460493809,466025266,460854609
2014-06-18,59.270,42.8603156657,,,460854608.99323310,19752374017.442716741221774670,333000000,337000000,460493809,466025266,460854609,460493816.0960745,466025273.3464778,460493809,466025266,460854609
2014-06-19,58.620,42.3902767728,,,460854608.99267240,19535754427.219906843119630720,333000000,337000000,460493809,466025266,460854609,460493816.0960745,466025273.3464778,460493809,466025266,460854609
2014-06-20,58.770,42.4987472865,,,460854608.97492670,19585743562.644184638161399550,333000000,337000000,460493809,466025266,460854609,460493816.0960745,466025273.3464778,460493809,466025266,460854609
2014-06-23,58.110,42.0214770260,,,460854608.98520030,19365791363.797807580458307800,333000000,337000000,460493809,466025266,460854609,460493816.0960745,466025273.3464778,460493809,466025266,460854609
2014-06-24,57.650,41.6888341172,,,460854608.99951680,19212491346.727922130154568960,333000000,337000000,460493809,466025266,460854609,460493816.0960745,466025273.3464778,460493809,466025266,460854609
2014-06-25,57.970,41.9202378799,,,460854608.99209905,19319134836.997093755622804095,333000000,337000000,460493809,466025266,460854609,460493816.0960745,466025273.3464778,460493809,466025266,460854609
2014-06-26,57.820,41.8117673661,,,460854608.98365930,19269145700.419741807900769730,333000000,337000000,460493809,466025266,460854609,460493816.0960745,466025273.3464778,460493809,466025266,460854609
2014-06-27,57.500,41.5803636035,,,460854608.99337810,19162502210.293482521753983350,333000000,337000000,460493809,466025266,460854609,460493816.0960745,466025273.3464778,460493809,466025266,460854609
2014-06-30,57.440,41.5369753980,,,460854608.99692620,19142506555.960233027021627600,333000000,337000000,460493809,466025266,460854609,460493816.0960745,466025273.3464778,460493809,466025266,460854609
2014-07-01,58.250,42.1227161722,,,460854608.98088030,19412447890.751833973402387660,333000000,337000000,460493809,466025266,460854609,460493816.0960745,466025273.3464778,460493809,466025266,460854609
2014-07-02,58.050,41.9780888205,,,460854608.97499985,19345795708.889340167274176925,333000000,337000000,460493809,466025266,460854609,460493816.0960745,466025273.3464778,460493809,466025266,460854609
2014-07-03,58.460,42.2745748915,,,460854608.98780710,19482432681.748000259305429650,333000000,337000000,460493809,466025266,460854609,460493816.0960745,466025273.3464778,460493809,466025266,460854609
2014-07-07,58.120,42.0287083936,,,460854608.98677397,19369123972.951673144324994592,333000000,337000000,460493809,466025266,460854609,460493816.0960745,466025273.3464778,460493809,466025266,460854609
2014-07-08,57.150,41.3272657381,,,460854608.99125040,19045860892.409574858597920240,333000000,337000000,460493809,466025266,460854609,460493816.0960745,466025273.3464778,460493809,466025266,460854609
2014-07-09,56.900,41.1464815485,,,460854608.97761100,18962545664.838453461110633500,333000000,337000000,460493809,466025266,460854609,460493816.0960745,466025273.3464778,460493809,466025266,460854609
2014-07-10,56.490,40.8499954776,,,460854608.99141300,18825908693.130337347233848800,333000000,337000000,460493809,466025266,460854609,460493816.0960745,466025273.3464778,460493809,466025266,460854609
2014-07-11,56.600,40.9295405210,,,460854608.99553140,18862567393.172213544227859400,333000000,337000000,460493809,466025266,460854609,460493816.0960745,466025273.3464778,460493809,466025266,460854609
2014-07-14,56.820,41.0886306078,,,460854608.99133120,18935884792.746912229187103360,333000000,337000000,460493809,466025266,460854609,460493816.0960745,466025273.3464778,460493809,466025266,460854609
2014-07-15,56.660,40.9729287265,,,460854608.99193210,18882563047.505459946827470650,333000000,337000000,460493809,466025266,460854609,460493816.0960745,466025273.3464778,460493809,466025266,460854609
2014-07-16,56.960,41.1898697540,,,460854608.97404960,18982541319.171702589935798400,333000000,337000000,460493809,466025266,460854609,460493816.0960745,466025273.3464778,460493809,466025266,460854609
2014-07-17,55.150,39.8809922214,,,460854608.97668460,18379339075.795497146561170440,333000000,337000000,460493809,466025266,460854609,460493816.0960745,466025273.3464778,460493809,466025266,460854609
2014-07-18,56.150,40.6041289797,,,460854608.99036550,18712599984.334011956645080350,333000000,337000000,460493809,466025266,460854609,460493816.0960745,466025273.3464778,460493809,466025266,460854609
2014-07-21,56.710,41.0090855644,,,460854608.98722076,18899226092.705041372991996944,333000000,337000000,460493809,466025266,460854609,460493816.0960745,466025273.3464778,460493809,466025266,460854609
2014-07-22,57.720,41.7394536903,,,460854608.98925160,19235819609.868181248655179480,333000000,337000000,460493809,466025266,460854609,460493816.0960745,466025273.3464778,460493809,466025266,460854609
2014-07-23,57.470,41.5586695007,,,460854608.97573880,19152504382.297060533809617160,333000000,337000000,460493809,466025266,460854609,460493816.0960745,466025273.3464778,460493809,466025266,460854609
2014-07-24,56.840,41.1030933430,,,460854608.98117990,18942550010.505203559975405700,333000000,337000000,460493809,466025266,460854609,460493816.0960745,466025273.3464778,460493809,466025266,460854609
2014-07-25,56.530,40.8789209479,,,460854608.99801690,18839239129.705296882968219510,333000000,337000000,460493809,466025266,460854609,460493816.0960745,466025273.3464778,460493809,466025266,460854609
2014-07-28,56.290,40.7053681259,,,460854609.00001360,18759256511.863260866106512240,333000000,337000000,460493809,466025266,460854609,460493816.0960745,466025273.3464778,460493809,466025266,460854609
2014-07-29,56.030,40.5173525687,,,460854608.99763390,18672608675.667516030387198930,333000000,337000000,460493809,466025266,460854609,460493816.0960745,466025273.3464778,460493809,466025266,460854609
2014-07-30,56.780,41.0597051375,,,460854608.98475647,18922554356.171958890445364625,333000000,337000000,460493809,466025266,460854609,460493816.0960745,466025273.3464778,460493809,466025266,460854609
2014-07-31,56.090,40.5607407742,,,460854608.99399585,18692604330.000765516080587070,333000000,337000000,460493809,466025266,460854609,460493816.0960745,466025273.3464778,460493809,466025266,460854609
2014-08-01,56.070,40.5462780391,,,460854608.97704804,18685939111.184100660197698364,333000000,337000000,460493809,466025266,460854609,460493816.0960745,466025273.3464778,460493809,466025266,460854609
2014-08-04,56.260,40.6836740232,,,460854608.99451077,18749258684.421970884841629864,333000000,337000000,460493809,466025266,460854609,460493816.0960745,466025273.3464778,460493809,466025266,460854609
2014-08-05,55.240,39.9460745297,,,460854608.99137360,18409332558.125161569976995920,333000000,337000000,460493809,466025266,460854609,460493816.0960745,466025273.3464778,460493809,466025266,460854609
2014-08-06,55.590,40.1991723951,,,460854608.98091066,18525973875.500028346331321766,333000000,337000000,460493809,466025266,460854609,460493816.0960745,466025273.3464778,460493809,466025266,460854609
2014-08-07,55.050,39.8086785456,,,460854608.97357650,18346012984.887292052850338400,333000000,337000000,460493809,466025266,460854609,460493816.0960745,466025273.3464778,460493809,466025266,460854609
2014-08-08,55.240,39.9460745297,,,460854608.99137360,18409332558.125161569976995920,333000000,337000000,460493809,466025266,460854609,460493816.0960745,466025273.3464778,460493809,466025266,460854609
2014-08-11,55.200,39.9171490593,,,460854608.98461056,18396002121.504116743280846208,333000000,337000000,460493809,466025266,460854609,460493816.0960745,466025273.3464778,460493809,466025266,460854609
2014-08-12,54.340,39.2952514472,,,460854608.99358326,18109397741.003892733028693872,333000000,337000000,460493809,466025266,460854609,460493816.0960745,466025273.3464778,460493809,466025266,460854609
2014-08-13,54.780,39.6134316208,,,460854608.99773610,18256032540.662339419353670880,333000000,337000000,460493809,466025266,460854609,460493816.0960745,466025273.3464778,460493809,466025266,460854609
2014-08-14,55.620,40.2208664978,,,460854608.99914324,18535971703.450358730619344872,333000000,337000000,460493809,466025266,460854609,460493816.0960745,466025273.3464778,460493809,466025266,460854609
2014-08-15,57.580,41.6382145441,,,460854608.97981703,19189163082.338935921902866023,333000000,337000000,460493809,466025266,460854609,460493816.0960745,466025273.3464778,460493809,466025266,460854609
2014-08-18,58.560,42.3468885673,,,460854608.97664940,19515758772.060786429520404620,333000000,337000000,460493809,466025266,460854609,460493816.0960745,466025273.3464778,460493809,466025266,460854609
2014-08-19,58.560,42.3468885673,,,460854608.97664940,19515758772.060786429520404620,333000000,337000000,460493809,466025266,460854609,460493816.0960745,466025273.3464778,460493809,466025266,460854609
2014-08-20,57.990,41.9347006151,,,460854608.97849536,19325800054.602179355664495936,333000000,337000000,460493809,466025266,460854609,460493816.0960745,466025273.3464778,460493809,466025266,460854609
2014-08-21,57.990,41.9347006151,,,460854608.97849536,19325800054.602179355664495936,333000000,337000000,460493809,466025266,460854609,460493816.0960745,466025273.3464778,460493809,466025266,460854609
2014-08-22,57.640,41.6816027496,,,460854608.97629530,19209158736.672183017701556880,333000000,337000000,460493809,466025266,460854609,460493816.0960745,466025273.3464778,460493809,466025266,460854609
2014-08-25,57.740,41.7539164255,,,460854608.97925925,19242484827.626472587397810875,333000000,337000000,460493809,466025266,460854609,460493816.0960745,466025273.3464778,460493809,466025266,460854609
2014-08-26,57.850,41.8334614689,,,460854608.98331170,19279143527.668345805068556130,333000000,337000000,460493809,466025266,460854609,460493816.0960745,466025273.3464778,460493809,466025266,460854609
2014-08-27,57.380,41.4935871925,,,460854608.97386420,19122510900.522527136354258500,333000000,337000000,460493809,466025266,460854609,460493816.0960745,466025273.3464778,460493809,466025266,460854609
2014-08-28,57.150,41.3272657381,,,460854608.99125040,19045860892.409574858597920240,333000000,337000000,460493809,466025266,460854609,460493816.0960745,466025273.3464778,460493809,466025266,460854609
2014-08-29,57.160,41.3344971056,,,460854608.99236070,19049193501.497153086661189920,333000000,337000000,460493809,466025266,460854609,460493816.0960745,466025273.3464778,460493809,466025266,460854609
2014-09-01,58.070,41.9925515557,,,460854608.99137056,19352460927.752093017203180192,333000000,337000000,460493809,466025266,460854609,460493816.0960745,466025273.3464778,460493809,466025266,460854609
2014-09-02,58.070,41.9925515557,,,461202855.69252706,19367084695.304509794267347242,334000000,338000000,461876673,467408130,461202856,461876680.4086754,338000000,461876673,467408130,461202856
2014-09-03,58.060,41.9853201881,,,461202855.70731090,19363749568.537531634533180290,334000000,338000000,461876673,467408130,461202856,461876680.4086754,338000000,461876673,467408130,461202856
2014-09-04,57.690,41.7177595876,,,461202855.70566630,19240349855.443559650471217880,334000000,338000000,461876673,467408130,461202856,461876680.4086754,338000000,461876673,467408130,461202856
2014-09-05,57.920,41.8840810420,,,461202855.70383966,19317057785.101452270013725720,334000000,338000000,461876673,467408130,461202856,461876680.4086754,338000000,461876673,467408130,461202856
2014-09-08,57.650,41.6888341172,,,461202855.70088410,19227009345.693085586283016520,334000000,338000000,461876673,467408130,461202856,461876680.4086754,338000000,461876673,467408130,461202856
2014-09-09,57.450,41.5442067656,,,461202855.69586600,19160306797.914236773151009600,334000000,338000000,461876673,467408130,461202856,461876680.4086754,338000000,461876673,467408130,461202856
2014-09-10,57.690,41.7177595876,,,461202855.70566630,19240349855.443559650471217880,334000000,338000000,461876673,467408130,461202856,461876680.4086754,338000000,461876673,467408130,461202856
2014-09-11,57.590,41.6454459117,,,461202855.70695850,19206998581.665719877066564450,334000000,338000000,461876673,467408130,461202856,461876680.4086754,338000000,461876673,467408130,461202856
2014-09-12,58.600,42.3758140376,,,461202855.69447380,19543846446.519089950785414880,334000000,338000000,461876673,467408130,461202856,461876680.4086754,338000000,461876673,467408130,461202856
2014-09-15,57.920,41.8840810420,,,461202855.70383966,19317057785.101452270013725720,334000000,338000000,461876673,467408130,461202856,461876680.4086754,338000000,461876673,467408130,461202856
2014-09-16,57.910,41.8768496744,,,461202855.69228977,19313722657.230015041414950888,334000000,338000000,461876673,467408130,461202856,461876680.4086754,338000000,461876673,467408130,461202856
2014-09-17,58.400,42.2311866860,,,461202855.68951535,19477143898.740239998712630100,334000000,338000000,461876673,467408130,461202856,461876680.4086754,338000000,461876673,467408130,461202856
2014-09-18,58.400,42.2311866860,,,461202855.68951535,19477143898.740239998712630100,334000000,338000000,461876673,467408130,461202856,461876680.4086754,338000000,461876673,467408130,461202856
2014-09-19,58.250,42.1227161722,,,461202855.70075613,19427116988.491063200919285586,334000000,338000000,461876673,467408130,461202856,461876680.4086754,338000000,461876673,467408130,461202856
2014-09-22,57.550,41.6165204414,,,461202855.69459003,19193658071.645960378887639242,334000000,338000000,461876673,467408130,461202856,461876680.4086754,338000000,461876673,467408130,461202856
2014-09-23,56.980,41.2043324891,,,461202855.69541530,19003555810.996299619707223230,334000000,338000000,461876673,467408130,461202856,461876680.4086754,338000000,461876673,467408130,461202856
2014-09-24,57.960,41.9130065123,,,461202855.70859760,19330398294.805808439900150480,334000000,338000000,461876673,467408130,461202856,461876680.4086754,338000000,461876673,467408130,461202856
2014-09-25,56.890,41.1392501809,,,461202855.70079710,18973539664.820613692449195390,334000000,338000000,461876673,467408130,461202856,461876680.4086754,338000000,461876673,467408130,461202856
2014-09-26,56.500,40.8572268452,,,461202855.71347660,18843469697.539558340942022320,334000000,338000000,461876673,467408130,461202856,461876680.4086754,338000000,461876673,467408130,461202856
2014-09-29,57.150,41.3272657381,,,461202855.70688110,19060252976.968865340440439910,334000000,338000000,461876673,467408130,461202856,461876680.4086754,338000000,461876673,467408130,461202856
2014-09-30,56.980,41.2043324891,,,461202855.69877523,19003555811.134743292567324993,334000000,338000000,461876673,467408130,461202856,461876680.4086754,338000000,461876673,467408130,461202856
2014-10-01,56.200,40.6402858177,,,461202855.69422560,18743415875.352776339464273120,334000000,338000000,461876673,467408130,461202856,461876680.4086754,338000000,461876673,467408130,461202856
2014-10-02,55.830,40.3727252171,,,461202855.70412100,18620016162.684298473089669100,334000000,338000000,461876673,467408130,461202856,461876680.4086754,338000000,461876673,467408130,461202856
2014-10-03,56.910,41.1537129161,,,461202855.70082545,18980209919.597264839096594745,334000000,338000000,461876673,467408130,461202856,461876680.4086754,338000000,461876673,467408130,461202856
2014-10-06,56.570,40.9078464182,,,461202855.71139590,18866815589.077038180737165380,334000000,338000000,461876673,467408130,461202856,461876680.4086754,338000000,461876673,467408130,461202856
2014-10-07,55.000,39.7725217077,,,461202855.69032484,18343200589.596675167764529268,334000000,338000000,461876673,467408130,461202856,461876680.4086754,338000000,461876673,467408130,461202856
2014-10-08,56.460,40.8283013748,,,461202855.70861040,18830129187.789544022517577920,334000000,338000000,461876673,467408130,461202856,461876680.4086754,338000000,461876673,467408130,461202856
2014-10-09,55.030,39.7942158104,,,461202855.71089566,18353205972.532154004716742864,334000000,338000000,461876673,467408130,461202856,461876680.4086754,338000000,461876673,467408130,461202856
2014-10-10,53.640,38.7890557164,,,461202855.71031270,17889623266.710109218366518280,334000000,338000000,461876673,467408130,461202856,461876680.4086754,338000000,461876673,467408130,461202856
2014-10-13,52.790,38.1743894718,,,461202855.70786536,17606137439.298429935235916848,334000000,338000000,461876673,467408130,461202856,461876680.4086754,338000000,461876673,467408130,461202856
2014-10-14,51.790,37.4512527135,,,461202855.71378136,17272624701.524703138045720360,334000000,338000000,461876673,467408130,461202856,461876680.4086754,338000000,461876673,467408130,461202856
2014-10-15,51.790,37.4512527135,,,461202855.71378136,17272624701.524703138045720360,334000000,338000000,461876673,467408130,461202856,461876680.4086754,338000000,461876673,467408130,461202856
2014-10-16,51.710,37.3934017728,,,461202855.71157050,17245943682.385462940172182400,334000000,338000000,461876673,467408130,461202856,461876680.4086754,338000000,461876673,467408130,461202856
2014-10-17,52.270,37.7983583575,,,461202855.69775240,17432710815.166005922505683000,334000000,338000000,461876673,467408130,461202856,461876680.4086754,338000000,461876673,467408130,461202856
2014-10-20,52.350,37.8562092981,,,461202855.69996070,17459391834.259124835144584670,334000000,338000000,461876673,467408130,461202856,461876680.4086754,338000000,461876673,467408130,461202856
2014-10-21,54.000,39.0493849493,,,461202855.69567394,18009687851.776829733756231242,334000000,338000000,461876673,467408130,461202856,461876680.4086754,338000000,461876673,467408130,461202856
2014-10-22,53.050,38.3624050289,,,461202855.70258707,17692850750.947967256908116323,334000000,338000000,461876673,467408130,461202856,461876680.4086754,338000000,461876673,467408130,461202856
2014-10-23,54.050,39.0855417873,,,461202855.69701610,18026363488.767814644470875530,334000000,338000000,461876673,467408130,461202856,461876680.4086754,338000000,461876673,467408130,461202856
2014-10-24,54.050,39.0855417873,,,461202855.69701610,18026363488.767814644470875530,334000000,338000000,461876673,467408130,461202856,461876680.4086754,338000000,461876673,467408130,461202856
2014-10-27,54.660,39.5266552098,,,461202855.69323840,18229806258.761779193993416320,334000000,338000000,461876673,467408130,461202856,461876680.4086754,338000000,461876673,467408130,461202856
2014-10-28,54.500,39.4109533285,,,461202855.68898270,18176444220.529417901343916950,334000000,338000000,461876673,467408130,461202856,461876680.4086754,338000000,461876673,467408130,461202856
2014-10-29,54.500,39.4109533285,,,461202855.68898270,18176444220.529417901343916950,334000000,338000000,461876673,467408130,461202856,461876680.4086754,338000000,461876673,467408130,461202856
2014-10-30,54.320,39.2807887120,,,461202855.70419910,18116411928.287668818280559200,334000000,338000000,461876673,467408130,461202856,461876680.4086754,338000000,461876673,467408130,461202856
2014-10-31,55.280,39.9750000000,,,461202855.69374615,18436584156.357502346250000000,334000000,338000000,461876673,467408130,461202856,461876680.4086754,338000000,461876673,467408130,461202856
2014-11-03,40.840,40.8400000000,5579,7715,461202855.70131177,18835524626.841572686800000000,334000000,338000000,461876673,467408130,461202856,461876680.4086754,338000000,461876673,467408130,461202856
2014-11-04,40.180,40.1800000000,,,461202855.68938476,18531130741.599479656800000000,334000000,338000000,461876673,467408130,461202856,461876680.4086754,338000000,461876673,467408130,461202856
2014-11-05,40.130,40.1300000000,,,461202855.70718586,18508070599.529368561800000000,334000000,338000000,461876673,467408130,461202856,461876680.4086754,338000000,461876673,467408130,461202856
2014-11-06,41.370,41.3700000000,,,461202855.71217006,19079962140.812475382200000000,334000000,338000000,461876673,467408130,461202856,461876680.4086754,338000000,461876673,467408130,461202856
2014-11-07,40.930,40.9300000000,,,461202855.70063263,18877032883.826893545900000000,334000000,338000000,461876673,467408130,461202856,461876680.4086754,338000000,461876673,467408130,461202856
2014-11-10,41.530,41.5300000000,,,461202855.69493973,19153754597.010846986900000000,334000000,338000000,461876673,467408130,461202856,461876680.4086754,338000000,461876673,467408130,461202856
2014-11-11,41.660,41.6600000000,,,461202855.70323354,19213710968.596709276400000000,334000000,338000000,461876673,467408130,461202856,461876680.4086754,338000000,461876673,467408130,461202856
2014-11-12,41.450,41.4500000000,,,461202855.70353830,19116858368.911662535000000000,334000000,338000000,461876673,467408130,461202856,461876680.4086754,338000000,461876673,467408130,461202856
2014-11-13,41.450,41.4500000000,,,461202855.70353830,19116858368.911662535000000000,334000000,338000000,461876673,467408130,461202856,461876680.4086754,338000000,461876673,467408130,461202856
2014-11-14,41.570,41.5700000000,,,461202855.70390630,19172202711.611384891000000000,334000000,338000000,461876673,467408130,461202856,461876680.4086754,338000000,461876673,467408130,461202856
2014-11-17,41.240,41.2400000000,,,461202855.71147640,19020005769.541286736000000000,334000000,338000000,461876673,467408130,461202856,461876680.4086754,338000000,461876673,467408130,461202856
2014-11-18,40.800,40.8000000000,,,461202855.69218224,18817076512.241035392000000000,334000000,338000000,461876673,467408130,461202856,461876680.4086754,338000000,461876673,467408130,461202856
2014-11-19,40.800,40.8000000000,,,461202855.69218224,18817076512.241035392000000000,334000000,338000000,461876673,467408130,461202856,461876680.4086754,338000000,461876673,467408130,461202856
2014-11-20,41.260,41.2600000000,,,461202855.69309247,19029229825.896995312200000000,334000000,338000000,461876673,467408130,461202856,461876680.4086754,338000000,461876673,467408130,461202856
2014-11-21,42.250,42.2500000000,,,461202855.69725890,19485820653.209188525000000000,334000000,338000000,461876673,467408130,461202856,461876680.4086754,338000000,461876673,467408130,461202856
2014-11-24,42.250,42.2500000000,,,461202855.69725890,19485820653.209188525000000000,334000000,338000000,461876673,467408130,461202856,461876680.4086754,338000000,461876673,467408130,461202856
2014-11-25,42.710,42.7100000000,,,461202855.69808364,19697973966.865152264400000000,334000000,338000000,461876673,467408130,461202856,461876680.4086754,338000000,461876673,467408130,461202856
2014-11-26,42.740,42.7400000000,,,461202855.69910050,19711810052.579555370000000000,334000000,338000000,461876673,467408130,461202856,461876680.4086754,338000000,461876673,467408130,461202856
2014-11-28,42.740,42.7400000000,,,461202855.69910050,19711810052.579555370000000000,334000000,338000000,461876673,467408130,461202856,461876680.4086754,338000000,461876673,467408130,461202856
2014-12-01,41.590,41.5900000000,,,461202855.71216620,19181426769.068992258000000000,334000000,338000000,461876673,467408130,461202856,461876680.4086754,338000000,461876673,467408130,461202856
2014-12-02,41.980,41.9800000000,,,461202855.69545823,19361295882.095336495400000000,334000000,338000000,461876673,467408130,461202856,461876680.4086754,338000000,461876673,467408130,461202856
2014-12-03,42.230,42.2300000000,,,461202855.69657240,19476596596.066252452000000000,334000000,338000000,461876673,467408130,461202856,461876680.4086754,338000000,461876673,467408130,461202856
2014-12-04,42.270,42.2700000000,,,461202855.70538900,19495044710.666793030000000000,334000000,338000000,461876673,467408130,461202856,461876680.4086754,338000000,461876673,467408130,461202856
2014-12-05,42.300,42.3000000000,,,461202855.70641136,19508880796.381200528000000000,334000000,338000000,461876673,467408130,461202856,461876680.4086754,338000000,461876673,467408130,461202856
2014-12-08,41.510,41.5100000000,,,461202855.69424020,19144530539.867910702000000000,334000000,338000000,461876673,467408130,461202856,461876680.4086754,338000000,461876673,467408130,461202856
2014-12-09,41.400,41.4000000000,,,461202855.69419460,19093798225.739656440000000000,334000000,338000000,461876673,467408130,461202856,461876680.4086754,338000000,461876673,467408130,461202856
2014-12-10,40.340,40.3400000000,,,461202855.69905160,18604923198.899741544000000000,334000000,338000000,461876673,467408130,461202856,461876680.4086754,338000000,461876673,467408130,461202856
2014-12-11,40.620,40.6200000000,,,461202855.70900370,18734059998.899730294000000000,334000000,338000000,461876673,467408130,461202856,461876680.4086754,338000000,461876673,467408130,461202856
2014-12-12,39.720,39.7200000000,,,461202855.69632894,18318977428.258185496800000000,334000000,338000000,461876673,467408130,461202856,461876680.4086754,338000000,461876673,467408130,461202856
2014-12-15,38.680,38.6800000000,,,461202855.70220300,17839326458.561212040000000000,334000000,338000000,461876673,467408130,461202856,461876680.4086754,338000000,461876673,467408130,461202856
2014-12-16,38.470,38.4700000000,,,461202855.71070534,17742473859.190834429800000000,334000000,338000000,461876673,467408130,461202856,461876680.4086754,338000000,461876673,467408130,461202856
2014-12-17,39.760,39.7600000000,,,461202855.70570240,18337425542.858727424000000000,334000000,338000000,461876673,467408130,461202856,461876680.4086754,338000000,461876673,467408130,461202856
2014-12-18,40.700,40.7000000000,,,461202855.70021900,18770956226.998913300000000000,334000000,338000000,461876673,467408130,461202856,461876680.4086754,338000000,461876673,467408130,461202856
2014-12-19,41.380,41.3800000000,,,461202855.69349240,19084574168.596715512000000000,334000000,338000000,461876673,467408130,461202856,461876680.4086754,338000000,461876673,467408130,461202856
2014-12-22,41.880,41.8800000000,,,335321802.00067360,14043277067.788210368000000000,333000000,338000000,460493809,467408130,463704546,333000000,338000000,332999994.86856776,467408130,335321796.7769281
2014-12-23,41.370,41.3700000000,,,335321801.99976560,13872262948.730302872000000000,333000000,338000000,460493809,467408130,463704546,333000000,338000000,332999994.86856776,467408130,335321796.7769281
2014-12-24,41.130,41.1300000000,,,335321802.01250580,13791785716.774363554000000000,333000000,338000000,460493809,467408130,463704546,333000000,338000000,332999994.86856776,467408130,335321796.7769281
2014-12-26,41.380,41.3800000000,,,335321801.99396056,13875616166.510087972800000000,333000000,338000000,460493809,467408130,463704546,333000000,338000000,332999994.86856776,467408130,335321796.7769281
2014-12-29,41.330,41.3300000000,,,335321802.01076570,13858850077.104946381000000000,333000000,338000000,460493809,467408130,463704546,333000000,338000000,332999994.86856776,467408130,335321796.7769281
2014-12-30,41.370,41.3700000000,,,335321801.99976560,13872262948.730302872000000000,333000000,338000000,460493809,467408130,463704546,333000000,338000000,332999994.86856776,467408130,335321796.7769281
2014-12-31,40.940,40.9400000000,,,335321802.00839210,13728074574.223572574000000000,333000000,338000000,460493809,467408130,463704546,333000000,338000000,332999994.86856776,467408130,335321796.7769281
2015-01-02,40.560,40.5600000000,,,335321802.00762070,13600652289.429095592000000000,333000000,338000000,460493809,467408130,463704546,333000000,338000000,332999994.86856776,467408130,335321796.7769281
2015-01-05,39.800,39.8000000000,,,335321802.00508180,13345807719.802255640000000000,333000000,338000000,460493809,467408130,463704546,333000000,338000000,332999994.86856776,467408130,335321796.7769281
2015-01-06,39.180,39.1800000000,,,335321801.99136454,13137908202.021662677200000000,333000000,338000000,460493809,467408130,463704546,333000000,338000000,332999994.86856776,467408130,335321796.7769281
2015-01-07,39.700,39.7000000000,,,335321802.00459620,13312275539.582469140000000000,333000000,338000000,460493809,467408130,463704546,333000000,338000000,332999994.86856776,467408130,335321796.7769281
2015-01-08,40.890,40.8900000000,,,335321802.00862380,13711308484.132627182000000000,333000000,338000000,460493809,467408130,463704546,333000000,338000000,332999994.86856776,467408130,335321796.7769281
2015-01-09,40.590,40.5900000000,,,335321802.00234520,13610711943.275191668000000000,333000000,338000000,460493809,467408130,463704546,333000000,338000000,332999994.86856776,467408130,335321796.7769281
2015-01-12,40.110,40.1100000000,,,335321802.00054806,13449757478.241982686600000000,333000000,338000000,460493809,467408130,463704546,333000000,338000000,332999994.86856776,467408130,335321796.7769281
2015-01-13,39.550,39.5500000000,,,335321802.00386320,13261977269.252789560000000000,333000000,338000000,460493809,467408130,463704546,333000000,338000000,332999994.86856776,467408130,335321796.7769281
2015-01-14,39.060,39.0600000000,,,335321802.00817230,13097669586.439210038000000000,333000000,338000000,460493809,467408130,463704546,333000000,338000000,332999994.86856776,467408130,335321796.7769281
2015-01-15,38.010,38.0100000000,,,335321801.99250996,12745581693.735303579600000000,333000000,338000000,460493809,467408130,463704546,333000000,338000000,332999994.86856776,467408130,335321796.7769281
2015-01-16,38.250,38.2500000000,,,335321802.00529340,12826058926.702472550000000000,333000000,338000000,460493809,467408130,463704546,333000000,338000000,332999994.86856776,467408130,335321796.7769281
2015-01-20,37.930,37.9300000000,,,335321801.99265075,12718755949.581242947500000000,333000000,338000000,460493809,467408130,463704546,333000000,338000000,332999994.86856776,467408130,335321796.7769281
2015-01-21,38.160,38.1600000000,,,335321801.99331720,12795879964.064984352000000000,333000000,338000000,460493809,467408130,463704546,333000000,338000000,332999994.86856776,467408130,335321796.7769281
2015-01-22,39.650,39.6500000000,,,335321802.00435245,13295509449.472574642500000000,333000000,338000000,460493809,467408130,463704546,333000000,338000000,332999994.86856776,467408130,335321796.7769281
2015-01-23,38.810,38.8100000000,,,335321802.00695044,13013839135.889746576400000000,333000000,338000000,460493809,467408130,463704546,333000000,338000000,332999994.86856776,467408130,335321796.7769281
2015-01-26,39.150,39.1500000000,,,335321801.99682170,13127848548.175569555000000000,333000000,338000000,460493809,467408130,463704546,333000000,338000000,332999994.86856776,467408130,335321796.7769281
2015-01-27,38.750,38.7500000000,,,335321801.98963490,12993719827.098352375000000000,333000000,338000000,460493809,467408130,463704546,333000000,338000000,332999994.86856776,467408130,335321796.7769281
2015-01-28,38.000,38.0000000000,,,335321802.00402660,12742228476.153010800000000000,333000000,338000000,460493809,467408130,463704546,333000000,338000000,332999994.86856776,467408130,335321796.7769281
2015-01-29,38.460,38.4600000000,,,335321802.00006290,12896476504.922419134000000000,333000000,338000000,460493809,467408130,463704546,333000000,338000000,332999994.86856776,467408130,335321796.7769281
2015-01-30,37.770,37.7700000000,,,335321802.00342250,12665104461.669267825000000000,333000000,338000000,460493809,467408130,463704546,333000000,338000000,332999994.86856776,467408130,335321796.7769281
2015-02-02,38.690,38.6900000000,,,335321801.99555660,12973600519.208084854000000000,333000000,338000000,460493809,467408130,463704546,333000000,338000000,332999994.86856776,467408130,335321796.7769281
2015-02-03,39.620,39.6200000000,,,335321802.00975470,13285449795.626481214000000000,333000000,338000000,460493809,467408130,463704546,333000000,338000000,332999994.86856776,467408130,335321796.7769281
2015-02-04,39.110,39.1100000000,,,335321802.00841475,13114435676.549100872500000000,333000000,338000000,460493809,467408130,463704546,333000000,338000000,332999994.86856776,467408130,335321796.7769281
2015-02-05,39.530,39.5300000000,,,335321801.99319285,13255270832.790913360500000000,333000000,338000000,460493809,467408130,463704546,333000000,338000000,332999994.86856776,467408130,335321796.7769281
2015-02-06,39.340,39.3400000000,,,335321802.00896910,13191559691.032844394000000000,333000000,338000000,460493809,467408130,463704546,333000000,338000000,332999994.86856776,467408130,335321796.7769281
2015-02-09,39.040,39.0400000000,,,335321802.00244397,13090963150.175412588800000000,333000000,338000000,460493809,467408130,463704546,333000000,338000000,332999994.86856776,467408130,335321796.7769281
2015-02-10,39.670,39.6700000000,,,335321802.00999177,13302215885.736373515900000000,333000000,338000000,460493809,467408130,463704546,333000000,338000000,332999994.86856776,467408130,335321796.7769281
2015-02-11,39.330,39.3300000000,,,335321801.99215215,13188206472.351344059500000000,333000000,338000000,460493809,467408130,463704546,333000000,338000000,332999994.86856776,467408130,335321796.7769281
2015-02-12,40.020,40.0200000000,,,335321801.98911780,13419578515.604494356000000000,333000000,338000000,460493809,467408130,463704546,333000000,338000000,332999994.86856776,467408130,335321796.7769281
2015-02-13,40.150,40.1500000000,,,335321802.01169560,13463170350.769578340000000000,333000000,338000000,460493809,467408130,463704546,333000000,338000000,332999994.86856776,467408130,335321796.7769281
2015-02-17,40.520,40.5200000000,,,335321801.99658200,13587239416.901502640000000000,333000000,338000000,460493809,467408130,463704546,333000000,338000000,332999994.86856776,467408130,335321796.7769281
2015-02-18,41.540,41.5400000000,,,335321801.99466010,13929267654.858180554000000000,333000000,338000000,460493809,467408130,463704546,333000000,338000000,332999994.86856776,467408130,335321796.7769281
2015-02-19,41.150,41.1500000000,,,335321802.00394803,13798492152.462461434500000000,333000000,338000000,460493809,467408130,463704546,333000000,338000000,332999994.86856776,467408130,335321796.7769281
2015-02-20,41.950,41.9500000000,,,335321801.99088670,14066749593.517697065000000000,333000000,338000000,460493809,467408130,463704546,333000000,338000000,332999994.86856776,467408130,335321796.7769281
2015-02-23,41.730,41.7300000000,,,335321802.00612164,13992978797.715456037200000000,333000000,338000000,460493809,467408130,463704546,333000000,338000000,332999994.86856776,467408130,335321796.7769281
2015-02-24,42.060,42.0600000000,,,335321802.00710850,14103634992.418983510000000000,333000000,338000000,460493809,467408130,463704546,333000000,338000000,332999994.86856776,467408130,335321796.7769281
2015-02-25,42.200,42.2000000000,,,335321801.99211280,14150580044.067160160000000000,333000000,338000000,460493809,467408130,463704546,333000000,338000000,332999994.86856776,467408130,335321796.7769281
2015-02-26,42.360,42.3600000000,,,335321801.98718625,14204231532.177209550000000000,333000000,338000000,460493809,467408130,463704546,333000000,338000000,332999994.86856776,467408130,335321796.7769281
2015-02-27,42.210,42.2100000000,,,335321802.00778633,14153933262.748660989300000000,333000000,338000000,460493809,467408130,463704546,333000000,338000000,332999994.86856776,467408130,335321796.7769281
2015-03-02,42.700,42.7000000000,,,335321801.99916080,14318240945.364166160000000000,333000000,338000000,460493809,467408130,463704546,333000000,338000000,332999994.86856776,467408130,335321796.7769281
2015-03-03,42.260,42.2600000000,,,335321802.00801130,14170699352.858557538000000000,333000000,338000000,460493809,467408130,463704546,333000000,338000000,332999994.86856776,467408130,335321796.7769281
2015-03-04,42.000,42.0000000000,,,335321801.99113303,14083515683.627587260000000000,333000000,338000000,460493809,467408130,463704546,333000000,338000000,332999994.86856776,467408130,335321796.7769281
2015-03-05,42.220,42.2200000000,,,335321801.99741733,14157286480.330959672600000000,333000000,338000000,460493809,467408130,463704546,333000000,338000000,332999994.86856776,467408130,335321796.7769281
2015-03-06,41.530,41.5300000000,,,335321802.00519830,13925914437.275885399000000000,333000000,338000000,460493809,467408130,463704546,333000000,338000000,332999994.86856776,467408130,335321796.7769281
2015-03-09,41.740,41.7400000000,,,335810297.00128245,14016721796.833529463000000000,336000000,338000000,336000000,338000000,335810297,336000000,338000000,336000000,338000000,335810297
2015-03-10,40.630,40.6300000000,,,335810296.99889890,13643972367.065262307000000000,336000000,338000000,336000000,338000000,335810297,336000000,338000000,336000000,338000000,335810297
2015-03-11,40.850,40.8500000000,,,335810296.98734230,13717850631.932932955000000000,336000000,338000000,336000000,338000000,335810297,336000000,338000000,336000000,338000000,335810297
2015-03-12,41.100,41.1000000000,,,335810296.99898636,13801803206.658339396000000000,336000000,338000000,336000000,338000000,335810297,336000000,338000000,336000000,338000000,335810297
2015-03-13,40.870,40.8700000000,,,335810297.00334040,13724566838.526522148000000000,336000000,338000000,336000000,338000000,335810297,336000000,338000000,336000000,338000000,335810297
2015-03-16,41.810,41.8100000000,,,335810297.00341250,14040228517.712676625000000000,336000000,338000000,336000000,338000000,335810297,336000000,338000000,336000000,338000000,335810297
2015-03-17,41.580,41.5800000000,,,335810297.00771666,13962992149.580858722800000000,336000000,338000000,336000000,338000000,335810297,336000000,338000000,336000000,338000000,335810297
2015-03-18,42.120,42.1200000000,,,335810297.00980720,14144329710.053079264000000000,336000000,338000000,336000000,338000000,335810297,336000000,338000000,336000000,338000000,335810297
2015-03-19,42.210,42.2100000000,,,335810297.00134110,14174552636.426607831000000000,336000000,338000000,336000000,338000000,335810297,336000000,338000000,336000000,338000000,335810297
2015-03-20,42.210,42.2100000000,,,335810297.00134110,14174552636.426607831000000000,336000000,338000000,336000000,338000000,335810297,336000000,338000000,336000000,338000000,335810297
2015-03-23,42.200,42.2000000000,,,335810296.99359757,14171194533.129817454000000000,336000000,338000000,336000000,338000000,335810297,336000000,338000000,336000000,338000000,335810297
2015-03-24,41.090,41.0900000000,,,335810296.99103300,13798445103.361545970000000000,336000000,338000000,336000000,338000000,335810297,336000000,338000000,336000000,338000000,335810297
2015-03-25,40.810,40.8100000000,,,335810297.00916857,13704418220.944169341700000000,336000000,338000000,336000000,338000000,335810297,336000000,338000000,336000000,338000000,335810297
2015-03-26,40.700,40.7000000000,,,335810297.00109106,13667479087.944406142000000000,336000000,338000000,336000000,338000000,335810297,336000000,338000000,336000000,338000000,335810297
2015-03-27,41.110,41.1100000000,,,335810296.99748480,13805161309.566600128000000000,336000000,338000000,336000000,338000000,335810297,336000000,338000000,336000000,338000000,335810297
2015-03-30,41.720,41.7200000000,,,335810296.99171050,14010005590.494162060000000000,336000000,338000000,336000000,338000000,335810297,336000000,338000000,336000000,338000000,335810297
2015-03-31,41.550,41.5500000000,,,335810296.99338406,13952917840.075107693000000000,336000000,338000000,336000000,338000000,335810297,336000000,338000000,336000000,338000000,335810297
2015-04-01,41.390,41.3900000000,,,335810297.00216174,13899188192.919474418600000000,336000000,338000000,336000000,338000000,335810297,336000000,338000000,336000000,338000000,335810297
2015-04-02,42.050,42.0500000000,,,335810297.00827396,14120822989.197920018000000000,336000000,338000000,336000000,338000000,335810297,336000000,338000000,336000000,338000000,335810297
2015-04-06,41.930,41.9300000000,,,335810296.99500780,14080525753.000677054000000000,336000000,338000000,336000000,338000000,335810297,336000000,338000000,336000000,338000000,335810297
2015-04-07,42.440,42.4400000000,,,335810296.99158764,14251789004.322979441600000000,336000000,338000000,336000000,338000000,335810297,336000000,338000000,336000000,338000000,335810297
2015-04-08,42.260,42.2600000000,,,335810297.01069260,14191343151.671869276000000000,336000000,338000000,336000000,338000000,335810297,336000000,338000000,336000000,338000000,335810297
2015-04-09,42.490,42.4900000000,,,335810297.00338580,14268579519.673862642000000000,336000000,338000000,336000000,338000000,335810297,336000000,338000000,336000000,338000000,335810297
2015-04-10,43.550,43.5500000000,,,335810297.00053626,14624538434.373354123000000000,336000000,338000000,336000000,338000000,335810297,336000000,338000000,336000000,338000000,335810297
2015-04-13,43.040,43.0400000000,,,335810297.00397430,14453275183.051053872000000000,336000000,338000000,336000000,338000000,335810297,336000000,338000000,336000000,338000000,335810297
2015-04-14,43.070,43.0700000000,,,335810297.00046330,14463349491.809954331000000000,336000000,338000000,336000000,338000000,335810297,336000000,338000000,336000000,338000000,335810297
2015-04-15,43.380,43.3800000000,,,335810297.00142306,14567450683.921732342800000000,336000000,338000000,336000000,338000000,335810297,336000000,338000000,336000000,338000000,335810297
2015-04-16,43.130,43.1300000000,,,335810296.99421114,14483498109.360326468200000000,336000000,338000000,336000000,338000000,335810297,336000000,338000000,336000000,338000000,335810297
2015-04-17,42.980,42.9800000000,,,335810297.01025325,14433126565.500684685000000000,336000000,338000000,336000000,338000000,335810297,336000000,338000000,336000000,338000000,335810297
2015-04-20,43.190,43.1900000000,,,335810296.98797625,14503646726.910694237500000000,336000000,338000000,336000000,338000000,335810297,336000000,338000000,336000000,338000000,335810297
2015-04-21,42.890,42.8900000000,,,335810296.99451876,14402903638.094909616400000000,336000000,338000000,336000000,338000000,335810297,336000000,338000000,336000000,338000000,335810297
2015-04-22,42.710,42.7100000000,,,335810296.98776160,14342457784.347297936000000000,336000000,338000000,336000000,338000000,335810297,336000000,338000000,336000000,338000000,335810297
2015-04-23,42.620,42.6200000000,,,335810296.99760735,14312234858.038025257000000000,336000000,338000000,336000000,338000000,335810297,336000000,338000000,336000000,338000000,335810297
2015-04-24,42.490,42.4900000000,,,335810297.00338580,14268579519.673862642000000000,336000000,338000000,336000000,338000000,335810297,336000000,338000000,336000000,338000000,335810297
2015-04-27,41.980,41.9800000000,,,335810297.00694525,14097316268.351561595000000000,336000000,338000000,336000000,338000000,335810297,336000000,338000000,336000000,338000000,335810297
2015-04-28,42.180,42.1800000000,,,335810297.00242020,14164478327.562084036000000000,336000000,338000000,336000000,338000000,335810297,336000000,338000000,336000000,338000000,335810297
2015-04-29,41.960,41.9600000000,,,335810296.99141040,14090600061.759580384000000000,336000000,338000000,336000000,338000000,335810297,336000000,338000000,336000000,338000000,335810297
2015-04-30,41.370,41.3700000000,,,335810297.01290786,13892471987.423998168200000000,336000000,338000000,336000000,338000000,335810297,336000000,338000000,336000000,338000000,335810297
2015-05-01,41.830,41.8300000000,,,335810296.99726070,14046944723.395415081000000000,336000000,338000000,336000000,338000000,335810297,336000000,338000000,336000000,338000000,335810297
2015-05-04,41.940,41.9400000000,,,335810297.00278175,14083883856.296666595000000000,336000000,338000000,336000000,338000000,335810297,336000000,338000000,336000000,338000000,335810297
2015-05-05,41.590,41.5900000000,,,335810296.99759555,13966350252.129998924500000000,336000000,338000000,336000000,338000000,335810297,336000000,338000000,336000000,338000000,335810297
2015-05-06,41.590,41.5900000000,,,335810296.99759555,13966350252.129998924500000000,336000000,338000000,336000000,338000000,335810297,336000000,338000000,336000000,338000000,335810297
2015-05-07,41.800,41.8000000000,,,335810297.00087357,14036870414.636515226000000000,336000000,338000000,336000000,338000000,335810297,336000000,338000000,336000000,338000000,335810297
2015-05-08,42.500,42.5000000000,,,335810297.01105535,14271937622.969852375000000000,336000000,338000000,336000000,338000000,335810297,336000000,338000000,336000000,338000000,335810297
2015-05-11,42.620,42.6200000000,,,335810296.99760735,14312234858.038025257000000000,336000000,338000000,336000000,338000000,335810297,336000000,338000000,336000000,338000000,335810297
2015-05-12,41.910,41.9100000000,,,335810297.00561200,14073809547.505198920000000000,336000000,338000000,336000000,338000000,335810297,336000000,338000000,336000000,338000000,335810297
2015-05-13,41.810,41.8100000000,,,335810297.00789136,14040228517.899937761600000000,336000000,338000000,336000000,338000000,335810297,336000000,338000000,336000000,338000000,335810297
2015-05-14,42.050,42.0500000000,,,335810297.00827396,14120822989.197920018000000000,336000000,338000000,336000000,338000000,335810297,336000000,338000000,336000000,338000000,335810297
2015-05-15,42.040,42.0400000000,,,335810297.00052160,14117464885.901928064000000000,336000000,338000000,336000000,338000000,335810297,336000000,338000000,336000000,338000000,335810297
2015-05-18,42.630,42.6300000000,,,335810297.00525486,14315592961.334014681800000000,336000000,338000000,336000000,338000000,335810297,336000000,338000000,336000000,338000000,335810297
2015-05-19,42.370,42.3700000000,,,335810296.99024355,14228282283.476619213500000000,336000000,338000000,336000000,338000000,335810297,336000000,338000000,336000000,338000000,335810297
2015-05-20,42.610,42.6100000000,,,335810296.98995620,14308876754.742033682000000000,336000000,338000000,336000000,338000000,335810297,336000000,338000000,336000000,338000000,335810297
2015-05-21,42.320,42.3200000000,,,335810297.00430626,14211491769.222240923200000000,336000000,338000000,336000000,338000000,335810297,336000000,338000000,336000000,338000000,335810297
2015-05-22,42.500,42.5000000000,,,335810297.01105535,14271937622.969852375000000000,336000000,338000000,336000000,338000000,335810297,336000000,338000000,336000000,338000000,335810297
2015-05-26,42.060,42.0600000000,,,335810296.98917836,14124181091.364841821600000000,336000000,338000000,336000000,338000000,335810297,336000000,338000000,336000000,338000000,335810297
2015-05-27,42.610,42.6100000000,,,335810296.98995620,14308876754.742033682000000000,336000000,338000000,336000000,338000000,335810297,336000000,338000000,336000000,338000000,335810297
2015-05-28,41.750,41.7500000000,,,335810296.98887736,14020079899.285629780000000000,336000000,338000000,336000000,338000000,335810297,336000000,338000000,336000000,338000000,335810297
2015-05-29,41.190,41.1900000000,,,335810297.00677234,13832026133.708952684600000000,336000000,338000000,336000000,338000000,335810297,336000000,338000000,336000000,338000000,335810297
2015-06-01,40.920,40.9200000000,,,335810297.01007000,13741357353.652064400000000000,336000000,338000000,336000000,338000000,335810297,336000000,338000000,336000000,338000000,335810297
2015-06-02,41.110,41.1100000000,,,335810296.99748480,13805161309.566600128000000000,336000000,338000000,336000000,338000000,335810297,336000000,338000000,336000000,338000000,335810297
2015-06-03,41.100,41.1000000000,,,335810296.98955256,13801803206.270610216000000000,336000000,338000000,336000000,338000000,335810297,336000000,338000000,336000000,338000000,335810297
2015-06-04,40.540,40.5400000000,,,335810297.00854700,13613749440.726495380000000000,336000000,338000000,336000000,338000000,335810297,336000000,338000000,336000000,338000000,335810297
2015-06-05,40.310,40.3100000000,,,333191751.00578576,13430959483.043223985600000000,334000000,337000000,334000000,337000000,333191751,334000000,337000000,334000000,337000000,333191751
2015-06-08,39.950,39.9500000000,,,333191751.00181150,13311010452.522369425000000000,334000000,337000000,334000000,337000000,333191751,334000000,337000000,334000000,337000000,333191751
2015-06-09,40.120,40.1200000000,,,333191750.99073493,13367653049.748285391600000000,334000000,337000000,334000000,337000000,333191751,334000000,337000000,334000000,337000000,333191751
2015-06-10,40.520,40.5200000000,,,333191750.99719110,13500929750.406183372000000000,334000000,337000000,334000000,337000000,333191751,334000000,337000000,334000000,337000000,333191751
2015-06-11,40.530,40.5300000000,,,333191750.99897470,13504261667.988444591000000000,334000000,337000000,334000000,337000000,333191751,334000000,337000000,334000000,337000000,333191751
2015-06-12,39.840,39.8400000000,,,333191750.99632300,13274359359.693508320000000000,334000000,337000000,334000000,337000000,333191751,334000000,337000000,334000000,337000000,333191751
2015-06-15,39.520,39.5200000000,,,333191750.99467840,13167737999.309690368000000000,334000000,337000000,334000000,337000000,333191751,334000000,337000000,334000000,337000000,333191751
2015-06-16,39.790,39.7900000000,,,333191750.99206350,13257699771.974206665000000000,334000000,337000000,334000000,337000000,333191751,334000000,337000000,334000000,337000000,333191751
2015-06-17,39.600,39.6000000000,,,333191750.99959016,13194393339.583770336000000000,334000000,337000000,334000000,337000000,333191751,334000000,337000000,334000000,337000000,333191751
2015-06-18,39.900,39.9000000000,,,333191750.99757070,13294350864.803070930000000000,334000000,337000000,334000000,337000000,333191751,334000000,337000000,334000000,337000000,333191751
2015-06-19,39.490,39.4900000000,,,333191750.99404680,13157742246.754908132000000000,334000000,337000000,334000000,337000000,333191751,334000000,337000000,334000000,337000000,333191751
2015-06-22,39.810,39.8100000000,,,333191750.99087490,13264363606.946729769000000000,334000000,337000000,334000000,337000000,333191751,334000000,337000000,334000000,337000000,333191751
2015-06-23,39.600,39.6000000000,,,333191750.99959016,13194393339.583770336000000000,334000000,337000000,334000000,337000000,333191751,334000000,337000000,334000000,337000000,333191751
2015-06-24,40.190,40.1900000000,,,333191750.99855950,13390976472.632106305000000000,334000000,337000000,334000000,337000000,333191751,334000000,337000000,334000000,337000000,333191751
2015-06-25,40.050,40.0500000000,,,333191751.01026140,13344329627.960969070000000000,334000000,337000000,334000000,337000000,333191751,334000000,337000000,334000000,337000000,333191751
2015-06-26,40.020,40.0200000000,,,333191751.00849430,13334333875.359941886000000000,334000000,337000000,334000000,337000000,333191751,334000000,337000000,334000000,337000000,333191751
2015-06-29,38.740,38.7400000000,,,333191750.98605543,12907848433.199787358200000000,334000000,337000000,334000000,337000000,333191751,334000000,337000000,334000000,337000000,333191751
2015-06-30,38.580,38.5800000000,,,333191750.99085414,12854537753.227152721200000000,334000000,337000000,334000000,337000000,333191751,334000000,337000000,334000000,337000000,333191751
2015-07-01,39.260,39.2600000000,,,333191751.00224820,13081108144.348264332000000000,334000000,337000000,334000000,337000000,333191751,334000000,337000000,334000000,337000000,333191751
2015-07-02,39.580,39.5800000000,,,333191750.99276257,13187729504.293542520600000000,334000000,337000000,334000000,337000000,333191751,334000000,337000000,334000000,337000000,333191751
2015-07-06,39.360,39.3600000000,,,333191751.00109210,13114427319.402985056000000000,334000000,337000000,334000000,337000000,333191751,334000000,337000000,334000000,337000000,333191751
2015-07-07,39.790,39.7900000000,,,333191750.98752296,13257699771.793538578400000000,334000000,337000000,334000000,337000000,333191751,334000000,337000000,334000000,337000000,333191751
2015-07-08,38.750,38.7500000000,,,333191750.98791920,12911180350.781869000000000000,334000000,337000000,334000000,337000000,333191751,334000000,337000000,334000000,337000000,333191751
2015-07-09,38.920,38.9200000000,,,333191751.00819200,12967822949.238832640000000000,334000000,337000000,334000000,337000000,333191751,334000000,337000000,334000000,337000000,333191751
2015-07-10,39.400,39.4000000000,,,333191750.99868690,13127754989.348263860000000000,334000000,337000000,334000000,337000000,333191751,334000000,337000000,334000000,337000000,333191751
2015-07-13,39.960,39.9600000000,,,333191751.01206260,13314342370.442021496000000000,334000000,337000000,334000000,337000000,333191751,334000000,337000000,334000000,337000000,333191751
2015-07-14,40.490,40.4900000000,,,333191750.99746346,13490933997.887295495400000000,334000000,337000000,334000000,337000000,333191751,334000000,337000000,334000000,337000000,333191751
2015-07-15,40.130,40.1300000000,,,333191751.00913876,13370984967.996738438800000000,334000000,337000000,334000000,337000000,333191751,334000000,337000000,334000000,337000000,333191751
2015-07-16,40.340,40.3400000000,,,333191751.00388540,13440955235.496737036000000000,334000000,337000000,334000000,337000000,333191751,334000000,337000000,334000000,337000000,333191751
2015-07-17,39.950,39.9500000000,,,333191751.01026140,13311010452.859942930000000000,334000000,337000000,334000000,337000000,333191751,334000000,337000000,334000000,337000000,333191751
2015-07-20,40.060,40.0600000000,,,333191751.01090217,13347661545.496740930200000000,334000000,337000000,334000000,337000000,333191751,334000000,337000000,334000000,337000000,333191751
2015-07-21,39.570,39.5700000000,,,333191750.99577916,13184397586.902981361200000000,334000000,337000000,334000000,337000000,333191751,334000000,337000000,334000000,337000000,333191751
2015-07-22,40.330,40.3300000000,,,333191751.00209916,13437623317.914659122800000000,334000000,337000000,334000000,337000000,333191751,334000000,337000000,334000000,337000000,333191751
2015-07-23,40.250,40.2500000000,,,333191751.00680990,13410967978.024098475000000000,334000000,337000000,334000000,337000000,333191751,334000000,337000000,334000000,337000000,333191751
2015-07-24,39.310,39.3100000000,,,333191751.00166947,13097767731.875626865700000000,334000000,337000000,334000000,337000000,333191751,334000000,337000000,334000000,337000000,333191751
2015-07-27,39.610,39.6100000000,,,333191750.99339210,13197725256.848261081000000000,334000000,337000000,334000000,337000000,333191751,334000000,337000000,334000000,337000000,333191751
2015-07-28,40.450,40.4500000000,,,333191750.99980260,13477606327.942015170000000000,334000000,337000000,334000000,337000000,333191751,334000000,337000000,334000000,337000000,333191751
2015-07-29,40.400,40.4000000000,,,333191751.00036280,13460946740.414657120000000000,334000000,337000000,334000000,337000000,333191751,334000000,337000000,334000000,337000000,333191751
2015-07-30,40.970,40.9700000000,,,333191750.98844826,13650866037.996725212200000000,334000000,337000000,334000000,337000000,333191751,334000000,337000000,334000000,337000000,333191751
2015-07-31,40.950,40.9500000000,,,333191750.98959920,13644202203.024087240000000000,334000000,337000000,334000000,337000000,333191751,334000000,337000000,334000000,337000000,333191751
2015-08-03,41.000,41.0000000000,,,333191750.98905960,13660861790.551443600000000000,334000000,337000000,334000000,337000000,333191751,334000000,337000000,334000000,337000000,333191751
2015-08-04,40.620,40.6200000000,,,333191750.99696535,13534248925.496732517000000000,334000000,337000000,334000000,337000000,333191751,334000000,337000000,334000000,337000000,333191751
2015-08-05,40.720,40.7200000000,,,333191750.99115750,13567568100.359933400000000000,334000000,337000000,334000000,337000000,333191751,334000000,337000000,334000000,337000000,333191751
2015-08-06,40.120,40.1200000000,,,333191751.00734450,13367653050.414661340000000000,334000000,337000000,334000000,337000000,333191751,334000000,337000000,334000000,337000000,333191751
2015-08-07,39.990,39.9900000000,,,333191751.01267170,13324338122.996741283000000000,334000000,337000000,334000000,337000000,333191751,334000000,337000000,334000000,337000000,333191751
2015-08-10,40.470,40.4700000000,,,333191750.99863250,13484270162.914657275000000000,334000000,337000000,334000000,337000000,333191751,334000000,337000000,334000000,337000000,333191751
2015-08-11,39.420,39.4200000000,,,333191750.99748620,13134418824.320906004000000000,334000000,337000000,334000000,337000000,333191751,334000000,337000000,334000000,337000000,333191751
2015-08-12,38.890,38.8900000000,,,333191751.01248735,12957827196.875633041500000000,334000000,337000000,334000000,337000000,333191751,334000000,337000000,334000000,337000000,333191751
2015-08-13,38.560,38.5600000000,,,333191750.99207750,12847873918.254508400000000000,334000000,337000000,334000000,337000000,333191751,334000000,337000000,334000000,337000000,333191751
2015-08-14,38.650,38.6500000000,,,333191750.98905950,12877861175.727149675000000000,334000000,337000000,334000000,337000000,333191751,334000000,337000000,334000000,337000000,333191751
2015-08-17,38.820,38.8200000000,,,333191750.98613775,12934503773.281867455000000000,334000000,337000000,334000000,337000000,333191751,334000000,337000000,334000000,337000000,333191751
2015-08-18,39.020,39.0200000000,,,333191751.00701050,13001142124.293549710000000000,334000000,337000000,334000000,337000000,333191751,334000000,337000000,334000000,337000000,333191751
2015-08-19,38.400,38.4000000000,,,333191750.99692380,12794563238.281873920000000000,334000000,337000000,334000000,337000000,333191751,334000000,337000000,334000000,337000000,333191751
2015-08-20,37.510,37.5100000000,,,333191750.99068940,12498022579.660759394000000000,334000000,337000000,334000000,337000000,333191751,334000000,337000000,334000000,337000000,333191751
2015-08-21,36.230,36.2300000000,,,333191750.99097030,12071537138.402853969000000000,334000000,337000000,334000000,337000000,333191751,334000000,337000000,334000000,337000000,333191751
2015-08-24,34.680,34.6800000000,,,333191751.00135620,11555089924.727033016000000000,334000000,337000000,334000000,337000000,333191751,334000000,337000000,334000000,337000000,333191751
2015-08-25,34.360,34.3600000000,,,333191751.01227460,11448468564.781755256000000000,334000000,337000000,334000000,337000000,333191751,334000000,337000000,334000000,337000000,333191751
2015-08-26,35.620,35.6200000000,,,333191751.00717300,11868290170.875502260000000000,334000000,337000000,334000000,337000000,333191751,334000000,337000000,334000000,337000000,333191751
2015-08-27,36.640,36.6400000000,,,333191751.01271980,12208145757.106053472000000000,334000000,337000000,334000000,337000000,333191751,334000000,337000000,334000000,337000000,333191751
2015-08-28,36.510,36.5100000000,,,333191751.01332830,12164830829.496616233000000000,334000000,337000000,334000000,337000000,333191751,334000000,337000000,334000000,337000000,333191751
2015-08-31,36.310,36.3100000000,,,333191750.99104744,12098192478.484932546400000000,334000000,337000000,334000000,337000000,333191751,334000000,337000000,334000000,337000000,333191751
2015-09-01,34.750,34.7500000000,,,333191751.00485030,11578413347.418547925000000000,334000000,337000000,334000000,337000000,333191751,334000000,337000000,334000000,337000000,333191751
2015-09-02,35.530,35.5300000000,,,331403230.99608730,11774756797.290981769000000000,332000000,334000000,332000000,334000000,331403231,332000000,334000000,332000000,334000000,331403231
2015-09-03,35.750,35.7500000000,,,331403231.00363463,11847665508.379938022500000000,332000000,334000000,332000000,334000000,331403231,332000000,334000000,332000000,334000000,331403231
2015-09-04,35.060,35.0600000000,,,331403231.00728760,11618997279.115503256000000000,332000000,334000000,332000000,334000000,331403231,332000000,334000000,332000000,334000000,331403231
2015-09-08,36.210,36.2100000000,,,331403231.00483900,12000110994.685220190000000000,332000000,334000000,332000000,334000000,331403231,332000000,334000000,332000000,334000000,331403231
2015-09-09,35.540,35.5400000000,,,331403231.01448920,11778070830.254946168000000000,332000000,334000000,332000000,334000000,331403231,332000000,334000000,332000000,334000000,331403231
2015-09-10,35.860,35.8600000000,,,331403231.00244620,11884119863.747720732000000000,332000000,334000000,332000000,334000000,331403231,332000000,334000000,332000000,334000000,331403231
2015-09-11,35.960,35.9600000000,,,331403230.99290690,11917260186.504932124000000000,332000000,334000000,332000000,334000000,331403231,332000000,334000000,332000000,334000000,331403231
2015-09-14,35.550,35.5500000000,,,331403230.99217290,11781384861.771746595000000000,332000000,334000000,332000000,334000000,331403231,332000000,334000000,332000000,334000000,331403231
2015-09-15,36.150,36.1500000000,,,331403230.98614560,11980226800.149163440000000000,332000000,334000000,332000000,334000000,331403231,332000000,334000000,332000000,334000000,331403231
2015-09-16,36.520,36.5200000000,,,331403231.01481915,12102845996.661195358000000000,332000000,334000000,332000000,334000000,331403231,332000000,334000000,332000000,334000000,331403231
2015-09-17,36.400,36.4000000000,,,331403230.99806190,12063077608.329453160000000000,332000000,334000000,332000000,334000000,331403231,332000000,334000000,332000000,334000000,331403231
2015-09-18,35.740,35.7400000000,,,331403230.98533790,11844351475.415976546000000000,332000000,334000000,332000000,334000000,331403231,332000000,334000000,332000000,334000000,331403231
2015-09-21,35.690,35.6900000000,,,331403231.00544274,11827781314.584251390600000000,332000000,334000000,332000000,334000000,331403231,332000000,334000000,332000000,334000000,331403231
2015-09-22,35.050,35.0500000000,,,331403230.99871430,11615683246.504936215000000000,332000000,334000000,332000000,334000000,331403231,332000000,334000000,332000000,334000000,331403231
2015-09-23,34.950,34.9500000000,,,331403231.00851850,11582542923.747721575000000000,332000000,334000000,332000000,334000000,331403231,332000000,334000000,332000000,334000000,331403231
2015-09-24,34.550,34.5500000000,,,331403230.99521655,11449981630.884731802500000000,332000000,334000000,332000000,334000000,331403231,332000000,334000000,332000000,334000000,331403231
2015-09-25,34.450,34.4500000000,,,331403230.99521655,11416841307.785210147500000000,332000000,334000000,332000000,334000000,331403231,332000000,334000000,332000000,334000000,331403231
2015-09-28,33.370,33.3700000000,,,331403230.98392695,11058925817.933642321500000000,332000000,334000000,332000000,334000000,331403231,332000000,334000000,332000000,334000000,331403231
2015-09-29,33.740,33.7400000000,,,331403231.00743120,11181545014.190728688000000000,332000000,334000000,332000000,334000000,331403231,332000000,334000000,332000000,334000000,331403231
2015-09-30,34.330,34.3300000000,,,331403231.00822470,11377072920.512353951000000000,332000000,334000000,332000000,334000000,331403231,332000000,334000000,332000000,334000000,331403231
2015-10-01,33.740,33.7400000000,,,331403231.00743120,11181545014.190728688000000000,332000000,334000000,332000000,334000000,331403231,332000000,334000000,332000000,334000000,331403231
2015-10-02,34.670,34.6700000000,,,331403231.00491350,11489750018.940351045000000000,332000000,334000000,332000000,334000000,331403231,332000000,334000000,332000000,334000000,331403231
2015-10-05,35.340,35.3400000000,,,331403231.00091960,11711790183.572498664000000000,332000000,334000000,332000000,334000000,331403231,332000000,334000000,332000000,334000000,331403231
2015-10-06,34.900,34.9000000000,,,331403230.99182200,11565972761.614587800000000000,332000000,334000000,332000000,334000000,331403231,332000000,334000000,332000000,334000000,331403231
2015-10-07,35.540,35.5400000000,,,331403230.99347913,11778070829.508248280200000000,332000000,334000000,332000000,334000000,331403231,332000000,334000000,332000000,334000000,331403231
2015-10-08,36.010,36.0100000000,,,331403231.00685980,11933830348.557021398000000000,332000000,334000000,332000000,334000000,331403231,332000000,334000000,332000000,334000000,331403231
2015-10-09,36.230,36.2300000000,,,331403230.98596640,12006739058.621562672000000000,332000000,334000000,332000000,334000000,331403231,332000000,334000000,332000000,334000000,331403231
2015-10-12,35.990,35.9900000000,,,331403231.01072115,11927202284.075854188500000000,332000000,334000000,332000000,334000000,331403231,332000000,334000000,332000000,334000000,331403231
2015-10-13,35.630,35.6300000000,,,331403230.99715030,11807897120.428465189000000000,332000000,334000000,332000000,334000000,331403231,332000000,334000000,332000000,334000000,331403231
2015-10-14,35.050,35.0500000000,,,331403231.00475130,11615683246.716533065000000000,332000000,334000000,332000000,334000000,331403231,332000000,334000000,332000000,334000000,331403231
2015-10-15,35.580,35.5800000000,,,331403231.00643080,11791326959.208807864000000000,332000000,334000000,332000000,334000000,331403231,332000000,334000000,332000000,334000000,331403231
2015-10-16,35.780,35.7800000000,,,331403230.98916100,11857607604.792180580000000000,332000000,334000000,332000000,334000000,331403231,332000000,334000000,332000000,334000000,331403231
2015-10-19,36.230,36.2300000000,,,331403230.98596640,12006739058.621562672000000000,332000000,334000000,332000000,334000000,331403231,332000000,334000000,332000000,334000000,331403231
2015-10-20,36.320,36.3200000000,,,331403230.99928830,12036565349.894151056000000000,332000000,334000000,332000000,334000000,331403231,332000000,334000000,332000000,334000000,331403231
2015-10-21,35.900,35.9000000000,,,331403231.00712080,11897375993.155636720000000000,332000000,334000000,332000000,334000000,331403231,332000000,334000000,332000000,334000000,331403231
2015-10-22,36.090,36.0900000000,,,331403231.00214850,11960342606.867539365000000000,332000000,334000000,332000000,334000000,331403231,332000000,334000000,332000000,334000000,331403231
2015-10-23,37.110,37.1100000000,,,331403231.01292795,12298373902.889756224500000000,332000000,334000000,332000000,334000000,331403231,332000000,334000000,332000000,334000000,331403231
2015-10-26,36.830,36.8300000000,,,331403230.99519104,12205580997.552886003200000000,332000000,334000000,332000000,334000000,331403231,332000000,334000000,332000000,334000000,331403231
2015-10-27,37.050,37.0500000000,,,331403231.00426530,12278489708.708029365000000000,332000000,334000000,332000000,334000000,331403231,332000000,334000000,332000000,334000000,331403231
2015-10-28,37.520,37.5200000000,,,331403230.98790514,12434249226.666200852800000000,332000000,334000000,332000000,334000000,331403231,332000000,334000000,332000000,334000000,331403231
2015-10-29,37.700,37.7000000000,,,331403231.01356450,12493901809.211381650000000000,332000000,334000000,332000000,334000000,331403231,332000000,334000000,332000000,334000000,331403231
2015-10-30,37.760,37.7600000000,,,331403230.99318090,12513786002.302510784000000000,332000000,334000000,332000000,334000000,331403231,332000000,334000000,332000000,334000000,331403231
2015-11-02,38.590,38.5900000000,,,331403230.99010295,12788850683.908072840500000000,332000000,334000000,332000000,334000000,331403231,332000000,334000000,332000000,334000000,331403231
2015-11-03,38.270,38.2700000000,,,331403230.98931915,12682801649.961243870500000000,332000000,334000000,332000000,334000000,331403231,332000000,334000000,332000000,334000000,331403231
2015-11-04,38.340,38.3400000000,,,331403230.98629210,12705999876.014439114000000000,332000000,334000000,332000000,334000000,331403231,332000000,334000000,332000000,334000000,331403231
2015-11-05,38.300,38.3000000000,,,331403230.99352760,12692743747.052107080000000000,332000000,334000000,332000000,334000000,331403231,332000000,334000000,332000000,334000000,331403231
2015-11-06,38.140,38.1400000000,,,331403230.99314870,12639719230.078691418000000000,332000000,334000000,332000000,334000000,331403231,332000000,334000000,332000000,334000000,331403231
2015-11-09,37.920,37.9200000000,,,331403230.99356340,12566810519.275924128000000000,332000000,334000000,332000000,334000000,331403231,332000000,334000000,332000000,334000000,331403231
2015-11-10,37.980,37.9800000000,,,331403231.00204450,12586694713.457650110000000000,332000000,334000000,332000000,334000000,331403231,332000000,334000000,332000000,334000000,331403231
2015-11-11,37.660,37.6600000000,,,331403231.00134950,12480645679.510822170000000000,332000000,334000000,332000000,334000000,331403231,332000000,334000000,332000000,334000000,331403231
2015-11-12,37.490,37.4900000000,,,331403230.99300370,12424307129.927708713000000000,332000000,334000000,332000000,334000000,331403231,332000000,334000000,332000000,334000000,331403231
2015-11-13,36.770,36.7700000000,,,331403230.98643345,12185696803.371157956500000000,332000000,334000000,332000000,334000000,331403231,332000000,334000000,332000000,334000000,331403231
2015-11-16,37.330,37.3300000000,,,331403230.99261440,12371282612.954295552000000000,332000000,334000000,332000000,334000000,331403231,332000000,334000000,332000000,334000000,331403231
2015-11-17,38.380,38.3800000000,,,331403230.99830640,12719256005.714999632000000000,332000000,334000000,332000000,334000000,331403231,332000000,334000000,332000000,334000000,331403231
2015-11-18,39.340,39.3400000000,,,331403230.99143654,13037403107.203113483600000000,332000000,334000000,332000000,334000000,331403231,332000000,334000000,332000000,334000000,331403231
2015-11-19,38.500,38.5000000000,,,331403230.98669750,12759024392.987853750000000000,332000000,334000000,332000000,334000000,331403231,332000000,334000000,332000000,334000000,331403231
2015-11-20,39.280,39.2800000000,,,331403230.99220360,13017518913.373757408000000000,332000000,334000000,332000000,334000000,331403231,332000000,334000000,332000000,334000000,331403231
2015-11-23,40.030,40.0300000000,,,331403230.99347490,13266071336.668800247000000000,332000000,334000000,332000000,334000000,331403231,332000000,334000000,332000000,334000000,331403231
2015-11-24,40.670,40.6700000000,,,331403231.01304850,13478169405.300682495000000000,332000000,334000000,332000000,334000000,331403231,332000000,334000000,332000000,334000000,331403231
2015-11-25,41.340,41.3400000000,,,331403230.99164504,13700209569.194605953600000000,332000000,334000000,332000000,334000000,331403231,332000000,334000000,332000000,334000000,331403231
2015-11-27,41.970,41.9700000000,,,331403231.00349760,13908993605.216794272000000000,332000000,334000000,332000000,334000000,331403231,332000000,334000000,332000000,334000000,331403231
2015-11-30,41.820,41.8200000000,,,331403230.99270326,13859283120.114850333200000000,332000000,334000000,332000000,334000000,331403231,332000000,334000000,332000000,334000000,331403231
2015-12-01,41.060,41.0600000000,,,331403231.00215140,13607416664.948336484000000000,332000000,334000000,332000000,334000000,331403231,332000000,334000000,332000000,334000000,331403231
2015-12-02,40.420,40.4200000000,,,331403231.00957580,13395318597.407053836000000000,332000000,334000000,332000000,334000000,331403231,332000000,334000000,332000000,334000000,331403231
2015-12-03,40.150,40.1500000000,,,331403231.00074430,13305839724.679883645000000000,332000000,334000000,332000000,334000000,331403231,332000000,334000000,332000000,334000000,331403231
2015-12-04,41.100,41.1000000000,,,331403230.98682000,13620672793.558302000000000000,332000000,334000000,332000000,334000000,331403231,332000000,334000000,332000000,334000000,331403231
2015-12-07,40.700,40.7000000000,,,331403230.99019533,13488111501.300949931000000000,332000000,334000000,332000000,334000000,331403231,332000000,334000000,332000000,334000000,331403231
2015-12-08,41.170,41.1700000000,,,331403231.01049540,13643871020.702095618000000000,332000000,334000000,332000000,334000000,331403231,332000000,334000000,332000000,334000000,331403231
2015-12-09,40.980,40.9800000000,,,331403231.00629133,13580904406.637818703400000000,332000000,334000000,332000000,334000000,331403231,332000000,334000000,332000000,334000000,331403231
2015-12-10,41.250,41.2500000000,,,331403231.00636650,13670383279.012618125000000000,332000000,334000000,332000000,334000000,331403231,332000000,334000000,332000000,334000000,331403231
2015-12-11,40.190,40.1900000000,,,331403230.99383470,13319095853.642216593000000000,332000000,334000000,332000000,334000000,331403231,332000000,334000000,332000000,334000000,331403231
2015-12-14,40.250,40.2500000000,,,331403230.99308246,13338980047.471569015000000000,332000000,334000000,332000000,334000000,331403231,332000000,334000000,332000000,334000000,331403231
2015-12-15,40.810,40.8100000000,,,331403230.99864510,13524565857.054706531000000000,332000000,334000000,332000000,334000000,331403231,332000000,334000000,332000000,334000000,331403231
2015-12-16,41.430,41.4300000000,,,331403231.00331160,13730035860.467199588000000000,332000000,334000000,332000000,334000000,331403231,332000000,334000000,332000000,334000000,331403231
2015-12-17,40.780,40.7800000000,,,331403230.99469940,13514623759.963841532000000000,332000000,334000000,332000000,334000000,331403231,332000000,334000000,332000000,334000000,331403231
2015-12-18,40.100,40.1000000000,,,331403231.00898314,13289269563.460223914000000000,332000000,334000000,332000000,334000000,331403231,332000000,334000000,332000000,334000000,331403231
2015-12-21,40.830,40.8300000000,,,332170890.00243070,13562537438.799245481000000000,333000000,335000000,333000000,335000000,334200000,333000000,335000000,333000000,335000000,334200000
2015-12-22,41.220,41.2200000000,,,332170889.99542280,13692084085.611327816000000000,333000000,335000000,333000000,335000000,334200000,333000000,335000000,333000000,335000000,334200000
2015-12-23,41.770,41.7700000000,,,332170890.00000000,13874778075.300000000000000000,333000000,335000000,333000000,335000000,334200000,333000000,335000000,333000000,335000000,334200000
2015-12-24,42.140,42.1400000000,,,332170890.00059530,13997681304.625085942000000000,333000000,335000000,333000000,335000000,334200000,333000000,335000000,333000000,335000000,334200000
2015-12-28,41.780,41.7800000000,,,332170889.99509260,13878099783.994968828000000000,333000000,335000000,333000000,335000000,334200000,333000000,335000000,333000000,335000000,334200000
2015-12-29,42.360,42.3600000000,,,332170889.98738444,14070758899.865604878400000000,333000000,335000000,333000000,335000000,334200000,333000000,335000000,333000000,335000000,334200000
2015-12-30,42.170,42.1700000000,,,332170889.98831040,14007646430.807049568000000000,333000000,335000000,333000000,335000000,334200000,333000000,335000000,333000000,335000000,334200000
2015-12-31,41.810,41.8100000000,,,332170890.00169090,13888064910.970696529000000000,333000000,335000000,333000000,335000000,334200000,333000000,335000000,333000000,335000000,334200000
2016-01-04,40.690,40.6900000000,,,332170889.98896060,13516033513.650806814000000000,333000000,335000000,333000000,335000000,334200000,333000000,335000000,333000000,335000000,334200000
2016-01-05,40.550,40.5500000000,,,332170890.00348680,13469529589.641389740000000000,333000000,335000000,333000000,335000000,334200000,333000000,335000000,333000000,335000000,334200000
2016-01-06,40.730,40.7300000000,,,332170889.99559390,13529320349.520539547000000000,333000000,335000000,333000000,335000000,334200000,333000000,335000000,333000000,335000000,334200000
2016-01-07,39.000,39.0000000000,,,332170890.01307940,12954664710.510096600000000000,333000000,335000000,333000000,335000000,334200000,333000000,335000000,333000000,335000000,334200000
2016-01-08,38.590,38.5900000000,,,332170889.99997180,12818474645.098911762000000000,333000000,335000000,333000000,335000000,334200000,333000000,335000000,333000000,335000000,334200000
2016-01-11,37.940,37.9400000000,,,332170889.99607265,12602563566.450996341000000000,333000000,335000000,333000000,335000000,334200000,333000000,335000000,333000000,335000000,334200000
2016-01-12,38.190,38.1900000000,,,332170890.00717680,12685606289.374081992000000000,333000000,335000000,333000000,335000000,334200000,333000000,335000000,333000000,335000000,334200000
2016-01-13,36.860,36.8600000000,,,332170889.98917090,12243819005.000839374000000000,333000000,335000000,333000000,335000000,334200000,333000000,335000000,333000000,335000000,334200000
2016-01-14,37.610,37.6100000000,,,332170889.99679005,12492947172.779273780500000000,333000000,335000000,333000000,335000000,334200000,333000000,335000000,333000000,335000000,334200000
2016-01-15,37.110,37.1100000000,,,332170890.00064480,12326861727.923928528000000000,333000000,335000000,333000000,335000000,334200000,333000000,335000000,333000000,335000000,334200000
2016-01-19,37.200,37.2000000000,,,332170890.01225040,12356757108.455714880000000000,333000000,335000000,333000000,335000000,334200000,333000000,335000000,333000000,335000000,334200000
2016-01-20,37.260,37.2600000000,,,332170890.00849440,12376687361.716501344000000000,333000000,335000000,333000000,335000000,334200000,333000000,335000000,333000000,335000000,334200000
2016-01-21,37.230,37.2300000000,,,332170889.99576400,12366722234.542293720000000000,333000000,335000000,333000000,335000000,334200000,333000000,335000000,333000000,335000000,334200000
2016-01-22,37.980,37.9800000000,,,332170890.00317870,12615850402.320727026000000000,333000000,335000000,333000000,335000000,334200000,333000000,335000000,333000000,335000000,334200000
2016-01-25,37.610,37.6100000000,,,332170889.99679005,12492947172.779273780500000000,333000000,335000000,333000000,335000000,334200000,333000000,335000000,333000000,335000000,334200000
2016-01-26,37.510,37.5100000000,,,332170889.99330200,12459730083.648758020000000000,333000000,335000000,333000000,335000000,334200000,333000000,335000000,333000000,335000000,334200000
2016-01-27,37.050,37.0500000000,,,332170890.00440335,12306931474.663144117500000000,333000000,335000000,333000000,335000000,334200000,333000000,335000000,333000000,335000000,334200000
2016-01-28,36.110,36.1100000000,,,332170890.01135520,11994690838.310036272000000000,333000000,335000000,333000000,335000000,334200000,333000000,335000000,333000000,335000000,334200000
2016-01-29,37.650,37.6500000000,,,332170890.00395760,12506234008.649003640000000000,333000000,335000000,333000000,335000000,334200000,333000000,335000000,333000000,335000000,334200000
2016-02-01,37.690,37.6900000000,,,332170890.01367830,12519520844.615535127000000000,333000000,335000000,333000000,335000000,334200000,333000000,335000000,333000000,335000000,334200000
2016-02-02,37.070,37.0700000000,,,332170889.99336920,12313574892.054196244000000000,333000000,335000000,333000000,335000000,334200000,333000000,335000000,333000000,335000000,334200000
2016-02-03,37.190,37.1900000000,,,332170889.98850670,12353435398.672564173000000000,333000000,335000000,333000000,335000000,334200000,333000000,335000000,333000000,335000000,334200000
2016-02-04,37.420,37.4200000000,,,332170890.01081234,12429834704.204597762800000000,333000000,335000000,333000000,335000000,334200000,333000000,335000000,333000000,335000000,334200000
2016-02-05,36.040,36.0400000000,,,332170889.98804940,11971438875.169300376000000000,333000000,335000000,333000000,335000000,334200000,333000000,335000000,333000000,335000000,334200000
2016-02-08,34.800,34.8000000000,,,332170890.00915730,11559546972.318674040000000000,333000000,335000000,333000000,335000000,334200000,333000000,335000000,333000000,335000000,334200000
2016-02-09,35.370,35.3700000000,,,332170889.99520300,11748884379.130330110000000000,333000000,335000000,333000000,335000000,334200000,333000000,335000000,333000000,335000000,334200000
2016-02-10,35.850,35.8500000000,,,332170890.00263940,11908326406.594622490000000000,333000000,335000000,333000000,335000000,334200000,333000000,335000000,333000000,335000000,334200000
2016-02-11,35.330,35.3300000000,,,332170889.98756295,11735597543.260599023500000000,333000000,335000000,333000000,335000000,334200000,333000000,335000000,333000000,335000000,334200000
2016-02-12,36.220,36.2200000000,,,332170890.00927870,12031229636.136074514000000000,333000000,335000000,333000000,335000000,334200000,333000000,335000000,333000000,335000000,334200000
2016-02-16,37.080,37.0800000000,,,332170889.98785660,12316896600.749722728000000000,333000000,335000000,333000000,335000000,334200000,333000000,335000000,333000000,335000000,334200000
2016-02-17,37.870,37.8700000000,,,332170890.00514090,12579311604.494685883000000000,333000000,335000000,333000000,335000000,334200000,333000000,335000000,333000000,335000000,334200000
2016-02-18,37.190,37.1900000000,,,332170889.98850670,12353435398.672564173000000000,333000000,335000000,333000000,335000000,334200000,333000000,335000000,333000000,335000000,334200000
2016-02-19,37.440,37.4400000000,,,332170889.99988380,12436478121.595649472000000000,333000000,335000000,333000000,335000000,334200000,333000000,335000000,333000000,335000000,334200000
2016-02-22,38.030,38.0300000000,,,332170890.00743580,12632458946.982783474000000000,333000000,335000000,333000000,335000000,334200000,333000000,335000000,333000000,335000000,334200000
2016-02-23,37.170,37.1700000000,,,332170889.99950254,12346791981.281509411800000000,333000000,335000000,333000000,335000000,334200000,333000000,335000000,333000000,335000000,334200000
2016-02-24,37.480,37.4800000000,,,332170890.00708060,12449764957.465380888000000000,333000000,335000000,333000000,335000000,334200000,333000000,335000000,333000000,335000000,334200000
2016-02-25,37.630,37.6300000000,,,332170889.98592410,12499590590.170323883000000000,333000000,335000000,333000000,335000000,334200000,333000000,335000000,333000000,335000000,334200000
2016-02-26,37.590,37.5900000000,,,332170890.00766750,12486303755.388221325000000000,333000000,335000000,333000000,335000000,334200000,333000000,335000000,333000000,335000000,334200000
2016-02-29,37.350,37.3500000000,,,332170889.99091460,12406582741.160660310000000000,333000000,335000000,333000000,335000000,334200000,333000000,335000000,333000000,335000000,334200000
2016-03-01,38.590,38.5900000000,,,332170889.99997180,12818474645.098911762000000000,333000000,335000000,333000000,335000000,334200000,333000000,335000000,333000000,335000000,334200000
2016-03-02,39.040,39.0400000000,,,332170889.99211580,12967951545.292200832000000000,333000000,335000000,333000000,335000000,334200000,333000000,335000000,333000000,335000000,334200000
2016-03-03,39.200,39.2000000000,,,332170889.99439540,13021098887.780299680000000000,333000000,335000000,333000000,335000000,334200000,333000000,335000000,333000000,335000000,334200000
2016-03-04,39.340,39.3400000000,,,332170890.00705000,13067602812.877347000000000000,333000000,335000000,333000000,335000000,334200000,333000000,335000000,333000000,335000000,334200000
2016-03-07,39.430,39.4300000000,,,332170889.98794590,13097498192.224706837000000000,333000000,335000000,333000000,335000000,334200000,333000000,335000000,333000000,335000000,334200000
2016-03-08,38.090,38.0900000000,,,327770081.00807510,12484762385.597580559000000000,329000000,332000000,329000000,332000000,327770081,329000000,332000000,329000000,332000000,327770081
2016-03-09,38.130,38.1300000000,,,327770081.00861430,12497873188.858463259000000000,329000000,332000000,329000000,332000000,327770081,329000000,332000000,329000000,332000000,327770081
2016-03-10,37.980,37.9800000000,,,327770081.01351374,12448707676.893251845200000000,329000000,332000000,329000000,332000000,327770081,329000000,332000000,329000000,332000000,327770081
2016-03-11,39.230,39.2300000000,,,327770081.01049644,12858420278.041775341200000000,329000000,332000000,329000000,332000000,327770081,329000000,332000000,329000000,332000000,327770081
2016-03-14,39.020,39.0200000000,,,327770081.00054910,12789588560.641425882000000000,329000000,332000000,329000000,332000000,327770081,329000000,332000000,329000000,332000000,327770081
2016-03-15,38.290,38.2900000000,,,327770081.01098984,12550316401.910800973600000000,329000000,332000000,329000000,332000000,327770081,329000000,332000000,329000000,332000000,327770081
2016-03-16,38.980,38.9800000000,,,327770081.00001395,12776477757.380543771000000000,329000000,332000000,329000000,332000000,327770081,329000000,332000000,329000000,332000000,327770081
2016-03-17,39.290,39.2900000000,,,327770080.99766090,12878086482.398096761000000000,329000000,332000000,329000000,332000000,327770081,329000000,332000000,329000000,332000000,327770081
2016-03-18,40.190,40.1900000000,,,327770080.99696904,13173079555.268185717600000000,329000000,332000000,329000000,332000000,327770081,329000000,332000000,329000000,332000000,327770081
2016-03-21,39.650,39.6500000000,,,327770081.00286650,12996083711.763656725000000000,329000000,332000000,329000000,332000000,327770081,329000000,332000000,329000000,332000000,327770081
2016-03-22,39.880,39.8800000000,,,327770080.99926364,13071470830.250633963200000000,329000000,332000000,329000000,332000000,327770081,329000000,332000000,329000000,332000000,327770081
2016-03-23,39.470,39.4700000000,,,327770080.98649764,12937085096.537061850800000000,329000000,332000000,329000000,332000000,327770081,329000000,332000000,329000000,332000000,327770081
2016-03-24,39.430,39.4300000000,,,327770081.01331460,12923974294.354994678000000000,329000000,332000000,329000000,332000000,327770081,329000000,332000000,329000000,332000000,327770081
2016-03-28,39.520,39.5200000000,,,327770080.99405550,12953473600.885073360000000000,329000000,332000000,329000000,332000000,327770081,329000000,332000000,329000000,332000000,327770081
2016-03-29,40.160,40.1600000000,,,327770081.00334740,13163246453.094431584000000000,329000000,332000000,329000000,332000000,327770081,329000000,332000000,329000000,332000000,327770081
2016-03-30,40.120,40.1200000000,,,327770081.00261060,13150135649.824737272000000000,329000000,332000000,329000000,332000000,327770081,329000000,332000000,329000000,332000000,327770081
2016-03-31,39.850,39.8500000000,,,327770081.00569330,13061637728.076878005000000000,329000000,332000000,329000000,332000000,327770081,329000000,332000000,329000000,332000000,327770081
2016-04-01,40.310,40.3100000000,,,327770081.00705950,13212411965.394568445000000000,329000000,332000000,329000000,332000000,327770081,329000000,332000000,329000000,332000000,327770081
2016-04-04,40.010,40.0100000000,,,327770080.99097390,13114080940.448865739000000000,329000000,332000000,329000000,332000000,327770081,329000000,332000000,329000000,332000000,327770081
2016-04-05,39.260,39.2600000000,,,327770080.99134290,12868253379.720122254000000000,329000000,332000000,329000000,332000000,327770081,329000000,332000000,329000000,332000000,327770081
2016-04-06,40.240,40.2400000000,,,327770081.01312220,13189468059.968037328000000000,329000000,332000000,329000000,332000000,327770081,329000000,332000000,329000000,332000000,327770081
2016-04-07,39.470,39.4700000000,,,327770080.99991480,12937085097.066637156000000000,329000000,332000000,329000000,332000000,327770081,329000000,332000000,329000000,332000000,327770081
2016-04-08,39.540,39.5400000000,,,327770080.99375750,12960029002.493171550000000000,329000000,332000000,329000000,332000000,327770081,329000000,332000000,329000000,332000000,327770081
2016-04-11,39.410,39.4100000000,,,327770081.01332700,12917418892.735217070000000000,329000000,332000000,329000000,332000000,327770081,329000000,332000000,329000000,332000000,327770081
2016-04-12,39.750,39.7500000000,,,327770081.00247730,13028860719.848472675000000000,329000000,332000000,329000000,332000000,327770081,329000000,332000000,329000000,332000000,327770081
2016-04-13,40.690,40.6900000000,,,327770080.99680170,13336964595.759861173000000000,329000000,332000000,329000000,332000000,327770081,329000000,332000000,329000000,332000000,327770081
2016-04-14,40.780,40.7800000000,,,327770081.00417520,13366463903.350264656000000000,329000000,332000000,329000000,332000000,327770081,329000000,332000000,329000000,332000000,327770081
2016-04-15,40.910,40.9100000000,,,327770081.01179916,13409074014.192703635600000000,329000000,332000000,329000000,332000000,327770081,329000000,332000000,329000000,332000000,327770081
2016-04-18,41.310,41.3100000000,,,327770080.98877180,13540182045.646163058000000000,329000000,332000000,329000000,332000000,327770081,329000000,332000000,329000000,332000000,327770081
2016-04-19,41.400,41.4000000000,,,327770080.99605230,13569681353.236565220000000000,329000000,332000000,329000000,332000000,327770081,329000000,332000000,329000000,332000000,327770081
2016-04-20,41.520,41.5200000000,,,327770080.99693350,13609013762.992678920000000000,329000000,332000000,329000000,332000000,327770081,329000000,332000000,329000000,332000000,327770081
2016-04-21,41.930,41.9300000000,,,327770081.00684370,13743399496.616956341000000000,329000000,332000000,329000000,332000000,327770081,329000000,332000000,329000000,332000000,327770081
2016-04-22,41.800,41.8000000000,,,327770080.99939030,13700789385.774514540000000000,329000000,332000000,329000000,332000000,327770081,329000000,332000000,329000000,332000000,327770081
2016-04-25,41.630,41.6300000000,,,327770080.99138240,13645068471.671249312000000000,329000000,332000000,329000000,332000000,327770081,329000000,332000000,329000000,332000000,327770081
2016-04-26,41.320,41.3200000000,,,327770080.99546200,13543459746.732489840000000000,329000000,332000000,329000000,332000000,327770081,329000000,332000000,329000000,332000000,327770081
2016-04-27,41.580,41.5800000000,,,327770081.01051885,13628679968.417373783000000000,329000000,332000000,329000000,332000000,327770081,329000000,332000000,329000000,332000000,327770081
2016-04-28,41.180,41.1800000000,,,327770081.00748450,13497571935.888211710000000000,329000000,332000000,329000000,332000000,327770081,329000000,332000000,329000000,332000000,327770081
2016-04-29,40.920,40.9200000000,,,327770080.99204654,13412351714.194544416800000000,329000000,332000000,329000000,332000000,327770081,329000000,332000000,329000000,332000000,327770081
2016-05-02,41.710,41.7100000000,,,327770080.99218680,13671290078.184111428000000000,329000000,332000000,329000000,332000000,327770081,329000000,332000000,329000000,332000000,327770081
2016-05-03,41.240,41.2400000000,,,327770080.99465644,13517238140.219631585600000000,329000000,332000000,329000000,332000000,327770081,329000000,332000000,329000000,332000000,327770081
2016-05-04,40.520,40.5200000000,,,327770080.98856360,13281243681.656597072000000000,329000000,332000000,329000000,332000000,327770081,329000000,332000000,329000000,332000000,327770081
2016-05-05,40.960,40.9600000000,,,327770080.99234825,13425462517.446584320000000000,329000000,332000000,329000000,332000000,327770081,329000000,332000000,329000000,332000000,327770081
2016-05-06,41.430,41.4300000000,,,327770080.98967606,13579514455.402279165800000000,329000000,332000000,329000000,332000000,327770081,329000000,332000000,329000000,332000000,327770081
2016-05-09,41.330,41.3300000000,,,327770081.00193650,13546737447.810035545000000000,329000000,332000000,329000000,332000000,327770081,329000000,332000000,329000000,332000000,327770081
2016-05-10,42.000,42.0000000000,,,327770081.00082624,13766343402.034702080000000000,329000000,332000000,329000000,332000000,327770081,329000000,332000000,329000000,332000000,327770081
2016-05-11,42.460,42.4600000000,,,327770080.99182420,13917117638.912855532000000000,329000000,332000000,329000000,332000000,327770081,329000000,332000000,329000000,332000000,327770081
2016-05-12,42.730,42.7300000000,,,327770080.98758660,14005615560.599575418000000000,329000000,332000000,329000000,332000000,327770081,329000000,332000000,329000000,332000000,327770081
2016-05-13,42.620,42.6200000000,,,327770080.99298465,13969560851.921005783000000000,329000000,332000000,329000000,332000000,327770081,329000000,332000000,329000000,332000000,327770081
2016-05-16,42.940,42.9400000000,,,327770080.99568880,14074447277.954877072000000000,329000000,332000000,329000000,332000000,327770081,329000000,332000000,329000000,332000000,327770081
2016-05-17,44.410,44.4100000000,,,327770081.00082535,14556269297.246653793500000000,329000000,332000000,329000000,332000000,327770081,329000000,332000000,329000000,332000000,327770081
2016-05-18,44.320,44.3200000000,,,327770080.99404910,14526769989.656256112000000000,329000000,332000000,329000000,332000000,327770081,329000000,332000000,329000000,332000000,327770081
2016-05-19,44.560,44.5600000000,,,327770080.99589910,14605434809.177263896000000000,329000000,332000000,329000000,332000000,327770081,329000000,332000000,329000000,332000000,327770081
2016-05-20,44.890,44.8900000000,,,327770081.00442590,14713598936.288678651000000000,329000000,332000000,329000000,332000000,327770081,329000000,332000000,329000000,332000000,327770081
2016-05-23,44.570,44.5700000000,,,327770081.00209990,14608712510.263592543000000000,329000000,332000000,329000000,332000000,327770081,329000000,332000000,329000000,332000000,327770081
2016-05-24,45.030,45.0300000000,,,327770080.99340343,14759486747.132956452900000000,329000000,332000000,329000000,332000000,327770081,329000000,332000000,329000000,332000000,327770081
2016-05-25,45.420,45.4200000000,,,327770080.99041340,14887317078.584576628000000000,329000000,332000000,329000000,332000000,327770081,329000000,332000000,329000000,332000000,327770081
2016-05-26,45.510,45.5100000000,,,327770080.99703320,14916816386.174980932000000000,329000000,332000000,329000000,332000000,327770081,329000000,332000000,329000000,332000000,327770081
2016-05-27,45.820,45.8200000000,,,327770080.99331605,15018425111.113741411000000000,329000000,332000000,329000000,332000000,327770081,329000000,332000000,329000000,332000000,327770081
2016-05-31,45.890,45.8900000000,,,327770081.01165307,15041369017.624759382300000000,329000000,332000000,329000000,332000000,327770081,329000000,332000000,329000000,332000000,327770081
2016-06-01,45.950,45.9500000000,,,327770081.00032574,15061035221.964967753000000000,329000000,332000000,329000000,332000000,327770081,329000000,332000000,329000000,332000000,327770081
2016-06-02,45.900,45.9000000000,,,327770080.99404360,15044646717.626601240000000000,329000000,332000000,329000000,332000000,327770081,329000000,332000000,329000000,332000000,327770081
2016-06-03,45.720,45.7200000000,,,327770081.00459940,14985648103.530284568000000000,329000000,332000000,329000000,332000000,327770081,329000000,332000000,329000000,332000000,327770081
2016-06-06,45.860,45.8600000000,,,325521699.99432450,14928425161.739721570000000000,326000000,328000000,326000000,328000000,325521700,326000000,328000000,326000000,328000000,325521700
2016-06-07,45.750,45.7500000000,,,325521700.00331867,14892617775.151829152500000000,326000000,328000000,326000000,328000000,325521700,326000000,328000000,326000000,328000000,325521700
2016-06-08,46.150,46.1500000000,,,325521700.00422984,15022826455.195207116000000000,326000000,328000000,326000000,328000000,325521700,326000000,328000000,326000000,328000000,325521700
2016-06-09,46.090,46.0900000000,,,325521700.00447070,15003295153.206054563000000000,326000000,328000000,326000000,328000000,325521700,326000000,328000000,326000000,328000000,325521700
2016-06-10,45.360,45.3600000000,,,325521700.01099790,14765664312.498864744000000000,326000000,328000000,326000000,328000000,325521700,326000000,328000000,326000000,328000000,325521700
2016-06-13,44.920,44.9200000000,,,325521700.00362140,14622434764.162673288000000000,326000000,328000000,326000000,328000000,325521700,326000000,328000000,326000000,328000000,325521700
2016-06-14,44.910,44.9100000000,,,325521699.99903405,14619179546.956619185500000000,326000000,328000000,326000000,328000000,325521700,326000000,328000000,326000000,328000000,325521700
2016-06-15,44.940,44.9400000000,,,325521699.99686290,14628945197.859018726000000000,326000000,328000000,326000000,328000000,325521700,326000000,328000000,326000000,328000000,325521700
2016-06-16,45.370,45.3700000000,,,325521699.99569744,14768919528.804792852800000000,326000000,328000000,326000000,328000000,325521700,326000000,328000000,326000000,328000000,325521700
2016-06-17,45.360,45.3600000000,,,325521700.01099790,14765664312.498864744000000000,326000000,328000000,326000000,328000000,325521700,326000000,328000000,326000000,328000000,325521700
2016-06-20,46.140,46.1400000000,,,325521699.99576920,15019571237.804790888000000000,326000000,328000000,326000000,328000000,325521700,326000000,328000000,326000000,328000000,325521700
2016-06-21,46.160,46.1600000000,,,325521700.00869286,15026081672.401262417600000000,326000000,328000000,326000000,328000000,325521700,326000000,328000000,326000000,328000000,325521700
2016-06-22,46.030,46.0300000000,,,325521700.00471205,14983763851.216895661500000000,326000000,328000000,326000000,328000000,325521700,326000000,328000000,326000000,328000000,325521700
2016-06-23,46.680,46.6800000000,,,325521700.00511116,15195352956.238588948800000000,326000000,328000000,326000000,328000000,325521700,326000000,328000000,326000000,328000000,325521700
2016-06-24,44.120,44.1200000000,,,325521700.00589930,14362017404.260277116000000000,326000000,328000000,326000000,328000000,325521700,326000000,328000000,326000000,328000000,325521700
2016-06-27,42.260,42.2600000000,,,325521699.99769040,13756547041.902396304000000000,326000000,328000000,326000000,328000000,325521700,326000000,328000000,326000000,328000000,325521700
2016-06-28,43.110,43.1100000000,,,325521700.01132035,14033240487.488020288500000000,326000000,328000000,326000000,328000000,325521700,326000000,328000000,326000000,328000000,325521700
2016-06-29,43.760,43.7600000000,,,325521699.99107826,14244829591.609584657600000000,326000000,328000000,326000000,328000000,325521700,326000000,328000000,326000000,328000000,325521700
2016-06-30,44.360,44.3600000000,,,325521699.99439190,14440142611.751224684000000000,326000000,328000000,326000000,328000000,325521700,326000000,328000000,326000000,328000000,325521700
2016-07-01,44.600,44.6000000000,,,325521699.98884410,14518267819.502446860000000000,326000000,328000000,326000000,328000000,325521700,326000000,328000000,326000000,328000000,325521700
2016-07-05,43.750,43.7500000000,,,325521699.98936903,14241574374.534895062500000000,326000000,328000000,326000000,328000000,325521700,326000000,328000000,326000000,328000000,325521700
2016-07-06,44.470,44.4700000000,,,325521699.99708130,14475949998.870205411000000000,326000000,328000000,326000000,328000000,325521700,326000000,328000000,326000000,328000000,325521700
2016-07-07,44.420,44.4200000000,,,325521699.99001634,14459673913.556525822800000000,326000000,328000000,326000000,328000000,325521700,326000000,328000000,326000000,328000000,325521700
2016-07-08,45.480,45.4800000000,,,325521699.99024910,14804726915.556529068000000000,326000000,328000000,326000000,328000000,325521700,326000000,328000000,326000000,328000000,325521700
2016-07-11,45.400,45.4000000000,,,325521700.00524145,14778685180.237961830000000000,326000000,328000000,326000000,328000000,325521700,326000000,328000000,326000000,328000000,325521700
2016-07-12,46.530,46.5300000000,,,325521700.00534660,15146524701.248777298000000000,326000000,328000000,326000000,328000000,325521700,326000000,328000000,326000000,328000000,325521700
2016-07-13,46.410,46.4100000000,,,325521699.99836856,15107462096.924284869600000000,326000000,328000000,326000000,328000000,325521700,326000000,328000000,326000000,328000000,325521700
2016-07-14,46.800,46.8000000000,,,325521699.99791990,15234415559.902651320000000000,326000000,328000000,326000000,328000000,325521700,326000000,328000000,326000000,328000000,325521700
2016-07-15,46.670,46.6700000000,,,325521700.00579405,15192097739.270408313500000000,326000000,328000000,326000000,328000000,325521700,326000000,328000000,326000000,328000000,325521700
2016-07-18,46.800,46.8000000000,,,325521699.99791990,15234415559.902651320000000000,326000000,328000000,326000000,328000000,325521700,326000000,328000000,326000000,328000000,325521700
2016-07-19,46.980,46.9800000000,,,325521700.00069070,15293009466.032449086000000000,326000000,328000000,326000000,328000000,325521700,326000000,328000000,326000000,328000000,325521700
2016-07-20,47.010,47.0100000000,,,325521699.99470800,15302775116.751223080000000000,326000000,328000000,326000000,328000000,325521700,326000000,328000000,326000000,328000000,325521700
2016-07-21,46.670,46.6700000000,,,325521700.00579405,15192097739.270408313500000000,326000000,328000000,326000000,328000000,325521700,326000000,328000000,326000000,328000000,325521700
2016-07-22,46.580,46.5800000000,,,325521699.99280140,15162800785.664689212000000000,326000000,328000000,326000000,328000000,325521700,326000000,328000000,326000000,328000000,325521700
2016-07-25,46.140,46.1400000000,,,325521700.00586060,15019571238.270408084000000000,326000000,328000000,326000000,328000000,325521700,326000000,328000000,326000000,328000000,325521700
2016-07-26,46.950,46.9500000000,,,325521700.00276460,15283243815.129797970000000000,326000000,328000000,326000000,328000000,325521700,326000000,328000000,326000000,328000000,325521700
2016-07-27,47.260,47.2600000000,,,325521699.99771130,15384155541.891836038000000000,326000000,328000000,326000000,328000000,325521700,326000000,328000000,326000000,328000000,325521700
2016-07-28,47.510,47.5100000000,,,325521700.00068295,15465535967.032446954500000000,326000000,328000000,326000000,328000000,325521700,326000000,328000000,326000000,328000000,325521700
2016-07-29,48.110,48.1100000000,,,325521700.00089930,15660848987.043265323000000000,326000000,328000000,326000000,328000000,325521700,326000000,328000000,326000000,328000000,325521700
2016-08-01,47.870,47.8700000000,,,325521700.00225955,15582723779.108164658500000000,326000000,328000000,326000000,328000000,325521700,326000000,328000000,326000000,328000000,325521700
2016-08-02,47.180,47.1800000000,,,325521699.99312230,15358113805.675510114000000000,326000000,328000000,326000000,328000000,325521700,326000000,328000000,326000000,328000000,325521700
2016-08-03,47.090,47.0900000000,,,325521700.00321573,15328816853.151428725700000000,326000000,328000000,326000000,328000000,325521700,326000000,328000000,326000000,328000000,325521700
2016-08-04,46.830,46.8300000000,,,325521699.99584250,15244181210.805304275000000000,326000000,328000000,326000000,328000000,325521700,326000000,328000000,326000000,328000000,325521700
2016-08-05,47.490,47.4900000000,,,325521700.01093256,15459025533.519187274400000000,326000000,328000000,326000000,328000000,325521700,326000000,328000000,326000000,328000000,325521700
2016-08-08,47.230,47.2300000000,,,325521699.99977100,15374389890.989184330000000000,326000000,328000000,326000000,328000000,325521700,326000000,328000000,326000000,328000000,325521700
2016-08-09,47.450,47.4500000000,,,325521700.00478700,15446004665.227143150000000000,326000000,328000000,326000000,328000000,325521700,326000000,328000000,326000000,328000000,325521700
2016-08-10,47.510,47.5100000000,,,325521700.00068295,15465535967.032446954500000000,326000000,328000000,326000000,328000000,325521700,326000000,328000000,326000000,328000000,325521700
2016-08-11,48.130,48.1300000000,,,325521699.99078596,15667359420.556528254800000000,326000000,328000000,326000000,328000000,325521700,326000000,328000000,326000000,328000000,325521700
2016-08-12,48.140,48.1400000000,,,325521699.99505690,15670614637.762039166000000000,326000000,328000000,326000000,328000000,325521700,326000000,328000000,326000000,328000000,325521700
2016-08-15,48.440,48.4400000000,,,325521700.00826186,15768271148.400204498400000000,326000000,328000000,326000000,328000000,325521700,326000000,328000000,326000000,328000000,325521700
2016-08-16,48.280,48.2800000000,,,325521699.99551930,15716187675.783671804000000000,326000000,328000000,326000000,328000000,325521700,326000000,328000000,326000000,328000000,325521700
2016-08-17,48.430,48.4300000000,,,325521700.00022334,15765015931.010816356200000000,326000000,328000000,326000000,328000000,325521700,326000000,328000000,326000000,328000000,325521700
2016-08-18,46.720,46.7200000000,,,325521699.98935030,15208373823.502446016000000000,326000000,328000000,326000000,328000000,325521700,326000000,328000000,326000000,328000000,325521700
2016-08-19,47.620,47.6200000000,,,325521700.00317997,15501343354.151430171400000000,326000000,328000000,326000000,328000000,325521700,326000000,328000000,326000000,328000000,325521700
2016-08-22,47.580,47.5800000000,,,325521700.00090930,15488322486.043264494000000000,326000000,328000000,326000000,328000000,325521700,326000000,328000000,326000000,328000000,325521700
2016-08-23,47.820,47.8200000000,,,325521699.99570240,15566447693.794488768000000000,326000000,328000000,326000000,328000000,325521700,326000000,328000000,326000000,328000000,325521700
2016-08-24,46.700,46.7000000000,,,325521699.99976840,15201863389.989184280000000000,326000000,328000000,326000000,328000000,325521700,326000000,328000000,326000000,328000000,325521700
2016-08-25,47.260,47.2600000000,,,325521699.99771130,15384155541.891836038000000000,326000000,328000000,326000000,328000000,325521700,326000000,328000000,326000000,328000000,325521700
2016-08-26,47.320,47.3200000000,,,325521699.98971390,15403686843.513261748000000000,326000000,328000000,326000000,328000000,325521700,326000000,328000000,326000000,328000000,325521700
2016-08-29,47.620,47.6200000000,,,325521700.00317997,15501343354.151430171400000000,326000000,328000000,326000000,328000000,325521700,326000000,328000000,326000000,328000000,325521700
2016-08-30,47.140,47.1400000000,,,325521700.00986650,15345092938.465106810000000000,326000000,328000000,326000000,328000000,325521700,326000000,328000000,326000000,328000000,325521700
2016-08-31,46.980,46.9800000000,,,325521700.00069070,15293009466.032449086000000000,326000000,328000000,326000000,328000000,325521700,326000000,328000000,326000000,328000000,325521700
2016-09-01,46.990,46.9900000000,,,325521700.00506410,15296264683.237962059000000000,326000000,328000000,326000000,328000000,325521700,326000000,328000000,326000000,328000000,325521700
2016-09-02,47.000,47.0000000000,,,325521699.99033433,15299519899.545713510000000000,326000000,328000000,326000000,328000000,325521700,326000000,328000000,326000000,328000000,325521700
2016-09-06,46.950,46.9500000000,,,325521700.00276460,15283243815.129797970000000000,326000000,328000000,326000000,328000000,325521700,326000000,328000000,326000000,328000000,325521700
2016-09-07,47.110,47.1100000000,,,324384755.00696830,15281765808.378276613000000000,325000000,328000000,325000000,328000000,324384755,325000000,328000000,325000000,328000000,324384755
2016-09-08,47.020,47.0200000000,,,324384754.99814820,15252571180.012928364000000000,325000000,328000000,325000000,328000000,324384755,325000000,328000000,325000000,328000000,324384755
2016-09-09,44.880,44.8800000000,,,324384754.99245644,14558387804.061445027200000000,325000000,328000000,325000000,328000000,324384755,325000000,328000000,325000000,328000000,324384755
2016-09-12,45.750,45.7500000000,,,324384754.99444410,14840602540.995817575000000000,325000000,328000000,325000000,328000000,324384755,325000000,328000000,325000000,328000000,324384755
2016-09-13,44.900,44.9000000000,,,324384754.99324280,14564875499.196601720000000000,325000000,328000000,325000000,328000000,324384755,325000000,328000000,325000000,328000000,324384755
2016-09-14,44.860,44.8600000000,,,324384754.99166950,14551900108.926293770000000000,325000000,328000000,325000000,328000000,324384755,325000000,328000000,325000000,328000000,324384755
2016-09-15,45.440,45.4400000000,,,324384754.98924077,14740043266.711100588800000000,325000000,328000000,325000000,328000000,324384755,325000000,328000000,325000000,328000000,324384755
2016-09-16,44.790,44.7900000000,,,324384755.00731720,14529193176.777737388000000000,325000000,328000000,325000000,328000000,324384755,325000000,328000000,325000000,328000000,324384755
2016-09-19,44.950,44.9500000000,,,324384755.00092643,14581094737.291643028500000000,325000000,328000000,325000000,328000000,324384755,325000000,328000000,325000000,328000000,324384755
2016-09-20,45.710,45.7100000000,,,324384754.99290110,14827627150.725509281000000000,325000000,328000000,325000000,328000000,324384755,325000000,328000000,325000000,328000000,324384755
2016-09-21,46.040,46.0400000000,,,324384754.99881357,14934674120.145376762800000000,325000000,328000000,325000000,328000000,324384755,325000000,328000000,325000000,328000000,324384755
2016-09-22,46.670,46.6700000000,,,324384754.99159860,15139036515.457906662000000000,325000000,328000000,325000000,328000000,324384755,325000000,328000000,325000000,328000000,324384755
2016-09-23,46.610,46.6100000000,,,324384755.00149680,15119573430.619765848000000000,325000000,328000000,325000000,328000000,324384755,325000000,328000000,325000000,328000000,324384755
2016-09-26,46.570,46.5700000000,,,324384754.99998840,15106598040.349459788000000000,325000000,328000000,325000000,328000000,324384755,325000000,328000000,325000000,328000000,324384755
2016-09-27,46.700,46.7000000000,,,324384755.01038790,15148768058.985114930000000000,325000000,328000000,325000000,328000000,324384755,325000000,328000000,325000000,328000000,324384755
2016-09-28,47.180,47.1800000000,,,324384754.99209060,15304472740.526834508000000000,325000000,328000000,325000000,328000000,324384755,325000000,328000000,325000000,328000000,324384755
2016-09-29,46.410,46.4100000000,,,324384754.99392873,15054696479.268232359300000000,325000000,328000000,325000000,328000000,324384755,325000000,328000000,325000000,328000000,324384755
2016-09-30,47.090,47.0900000000,,,324384754.99495924,15275278112.712630611600000000,325000000,328000000,325000000,328000000,324384755,325000000,328000000,325000000,328000000,324384755
2016-10-03,47.140,47.1400000000,,,324384754.99138254,15291497350.293772935600000000,325000000,328000000,325000000,328000000,324384755,325000000,328000000,325000000,328000000,324384755
2016-10-04,46.830,46.8300000000,,,324384754.99389446,15190938076.364077561800000000,325000000,328000000,325000000,328000000,324384755,325000000,328000000,325000000,328000000,324384755
2016-10-05,47.150,47.1500000000,,,324384755.00919920,15294741198.683742280000000000,325000000,328000000,325000000,328000000,324384755,325000000,328000000,325000000,328000000,324384755
2016-10-06,47.300,47.3000000000,,,324384755.01042460,15343398911.993083580000000000,325000000,328000000,325000000,328000000,324384755,325000000,328000000,325000000,328000000,324384755
2016-10-07,47.380,47.3800000000,,,324384754.99171084,15369349691.507259599200000000,325000000,328000000,325000000,328000000,324384755,325000000,328000000,325000000,328000000,324384755
2016-10-10,47.690,47.6900000000,,,324384754.98924214,15469908965.436957656600000000,325000000,328000000,325000000,328000000,324384755,325000000,328000000,325000000,328000000,324384755
2016-10-11,45.690,45.6900000000,,,324384754.99688286,14821139455.807577873400000000,325000000,328000000,325000000,328000000,324384755,325000000,328000000,325000000,328000000,324384755
2016-10-12,45.470,45.4700000000,,,324384755.00978820,14749774810.295069454000000000,325000000,328000000,325000000,328000000,324384755,325000000,328000000,325000000,328000000,324384755
2016-10-13,45.160,45.1600000000,,,324384754.98862743,14649215535.286414738800000000,325000000,328000000,325000000,328000000,324384755,325000000,328000000,325000000,328000000,324384755
2016-10-14,45.080,45.0800000000,,,324384754.99687654,14623264755.259194423200000000,325000000,328000000,325000000,328000000,324384755,325000000,328000000,325000000,328000000,324384755
2016-10-17,45.150,45.1500000000,,,324384754.99391820,14645971687.975406730000000000,325000000,328000000,325000000,328000000,324384755,325000000,328000000,325000000,328000000,324384755
2016-10-18,45.440,45.4400000000,,,324384754.99053776,14740043266.770035814400000000,325000000,328000000,325000000,328000000,324384755,325000000,328000000,325000000,328000000,324384755
2016-10-19,46.020,46.0200000000,,,324384755.00735015,14928186425.438253903000000000,325000000,328000000,325000000,328000000,324384755,325000000,328000000,325000000,328000000,324384755
2016-10-20,46.050,46.0500000000,,,324384755.00291705,14937917967.884330152500000000,325000000,328000000,325000000,328000000,324384755,325000000,328000000,325000000,328000000,324384755
2016-10-21,45.570,45.5700000000,,,324384754.99109750,14782213284.944313075000000000,325000000,328000000,325000000,328000000,324384755,325000000,328000000,325000000,328000000,324384755
2016-10-24,45.850,45.8500000000,,,324384754.99297560,14873041016.427931260000000000,325000000,328000000,325000000,328000000,324384755,325000000,328000000,325000000,328000000,324384755
2016-10-25,43.510,43.5100000000,,,324384754.99677630,14113980689.909736813000000000,325000000,328000000,325000000,328000000,324384755,325000000,328000000,325000000,328000000,324384755
2016-10-26,43.370,43.3700000000,,,324384755.00171660,14068566824.424448942000000000,325000000,328000000,325000000,328000000,324384755,325000000,328000000,325000000,328000000,324384755
2016-10-27,43.380,43.3800000000,,,324384754.99620700,14071810671.735459660000000000,325000000,328000000,325000000,328000000,324384755,325000000,328000000,325000000,328000000,324384755
2016-10-28,43.220,43.2200000000,,,324384755.00034946,14019909111.115103661200000000,325000000,328000000,325000000,328000000,324384755,325000000,328000000,325000000,328000000,324384755
2016-10-31,43.570,43.5700000000,,,324384755.01218380,14133443775.880848166000000000,325000000,328000000,325000000,328000000,324384755,325000000,328000000,325000000,328000000,324384755
2016-11-01,43.490,43.4900000000,,,324384755.00776530,14107492995.287712897000000000,325000000,328000000,325000000,328000000,324384755,325000000,328000000,325000000,328000000,324384755
2016-11-02,43.260,43.2600000000,,,324384754.99011080,14032884500.872193208000000000,325000000,328000000,325000000,328000000,324384755,325000000,328000000,325000000,328000000,324384755
2016-11-03,43.660,43.6600000000,,,324384754.99814653,14162638403.219077499800000000,325000000,328000000,325000000,328000000,324384755,325000000,328000000,325000000,328000000,324384755
2016-11-04,44.320,44.3200000000,,,324384755.00709647,14376732341.914515550400000000,325000000,328000000,325000000,328000000,324384755,325000000,328000000,325000000,328000000,324384755
2016-11-07,45.710,45.7100000000,,,324384755.01003190,14827627151.508558149000000000,325000000,328000000,325000000,328000000,324384755,325000000,328000000,325000000,328000000,324384755
2016-11-08,45.620,45.6200000000,,,324384755.01105684,14798432523.604413040800000000,325000000,328000000,325000000,328000000,324384755,325000000,328000000,325000000,328000000,324384755
2016-11-09,45.940,45.9400000000,,,324384755.00315890,14902235644.845119866000000000,325000000,328000000,325000000,328000000,324384755,325000000,328000000,325000000,328000000,324384755
2016-11-10,47.030,47.0300000000,,,324384755.00362480,15255815027.820474344000000000,325000000,328000000,325000000,328000000,324384755,325000000,328000000,325000000,328000000,324384755
2016-11-11,46.370,46.3700000000,,,324384754.99514854,15041721089.125037799800000000,325000000,328000000,325000000,328000000,324384755,325000000,328000000,325000000,328000000,324384755
2016-11-14,45.330,45.3300000000,,,324384755.00323710,14704360944.296737743000000000,325000000,328000000,325000000,328000000,324384755,325000000,328000000,325000000,328000000,324384755
2016-11-15,45.400,45.4000000000,,,324384755.00028520,14727067877.012948080000000000,325000000,328000000,325000000,328000000,324384755,325000000,328000000,325000000,328000000,324384755
2016-11-16,46.180,46.1800000000,,,324384755.00343454,14980087986.058607057200000000,325000000,328000000,325000000,328000000,324384755,325000000,328000000,325000000,328000000,324384755
2016-11-17,45.940,45.9400000000,,,324384755.00315890,14902235644.845119866000000000,325000000,328000000,325000000,328000000,324384755,325000000,328000000,325000000,328000000,324384755
2016-11-18,45.040,45.0400000000,,,324384755.00670755,14610289365.502108052000000000,325000000,328000000,325000000,328000000,324384755,325000000,328000000,325000000,328000000,324384755
2016-11-21,44.970,44.9700000000,,,324384754.99710890,14587582432.219987233000000000,325000000,328000000,325000000,328000000,324384755,325000000,328000000,325000000,328000000,324384755
2016-11-22,44.460,44.4600000000,,,324384754.98951620,14422146206.833890252000000000,325000000,328000000,325000000,328000000,324384755,325000000,328000000,325000000,328000000,324384755
2016-11-23,44.650,44.6500000000,,,324384755.00513500,14483779310.979277750000000000,325000000,328000000,325000000,328000000,324384755,325000000,328000000,325000000,328000000,324384755
2016-11-25,44.890,44.8900000000,,,324384755.00540805,14561631652.192767364500000000,325000000,328000000,325000000,328000000,324384755,325000000,328000000,325000000,328000000,324384755
2016-11-28,43.600,43.6000000000,,,324384755.00749826,14143175318.326924136000000000,325000000,328000000,325000000,328000000,324384755,325000000,328000000,325000000,328000000,324384755
2016-11-29,44.480,44.4800000000,,,324384755.00303215,14428633902.534870032000000000,325000000,328000000,325000000,328000000,324384755,325000000,328000000,325000000,328000000,324384755
2016-11-30,43.980,43.9800000000,,,324384754.98999060,14266441524.459786588000000000,325000000,328000000,325000000,328000000,324384755,325000000,328000000,325000000,328000000,324384755
2016-12-01,43.210,43.2100000000,,,324384755.00588050,14016665263.804096405000000000,325000000,328000000,325000000,328000000,324384755,325000000,328000000,325000000,328000000,324384755
2016-12-02,44.030,44.0300000000,,,324384755.01067200,14282660763.119888160000000000,325000000,328000000,325000000,328000000,324384755,325000000,328000000,325000000,328000000,324384755
2016-12-05,44.530,44.5300000000,,,324384754.99923676,14444853140.116012922800000000,325000000,328000000,325000000,328000000,324384755,325000000,328000000,325000000,328000000,324384755
2016-12-06,44.840,44.8400000000,,,324384754.99655910,14545412414.045710044000000000,325000000,328000000,325000000,328000000,324384755,325000000,328000000,325000000,328000000,324384755
2016-12-07,44.990,44.9900000000,,,324384754.99788960,14594070127.355053104000000000,325000000,328000000,325000000,328000000,324384755,325000000,328000000,325000000,328000000,324384755
2016-12-08,45.800,45.8000000000,,,324384754.99665475,14856821778.846787550000000000,325000000,328000000,325000000,328000000,324384755,325000000,328000000,325000000,328000000,324384755
2016-12-09,46.300,46.3000000000,,,324384755.00911170,15019014156.921871710000000000,325000000,328000000,325000000,328000000,324384755,325000000,328000000,325000000,328000000,324384755
2016-12-12,46.140,46.1400000000,,,324384754.98965240,14967112595.222561736000000000,325000000,328000000,325000000,328000000,324384755,325000000,328000000,325000000,328000000,324384755
2016-12-13,46.390,46.3900000000,,,324384754.99590653,15048208784.260103926700000000,325000000,328000000,325000000,328000000,324384755,325000000,328000000,325000000,328000000,324384755
2016-12-14,46.140,46.1400000000,,,324384754.98965240,14967112595.222561736000000000,325000000,328000000,325000000,328000000,324384755,325000000,328000000,325000000,328000000,324384755
2016-12-15,46.560,46.5600000000,,,324384755.01010364,15103354193.270425478400000000,325000000,328000000,325000000,328000000,324384755,325000000,328000000,325000000,328000000,324384755
2016-12-16,45.910,45.9100000000,,,324384755.00760275,14892504102.399042252500000000,325000000,328000000,325000000,328000000,324384755,325000000,328000000,325000000,328000000,324384755
2016-12-19,45.430,45.4300000000,,,324384755.00825310,14736799420.024938333000000000,325000000,328000000,325000000,328000000,324384755,325000000,328000000,325000000,328000000,324384755
2016-12-20,46.210,46.2100000000,,,321747881.00886330,14867969581.419573093000000000,326000000,329000000,326000000,329000000,325400000,326000000,329000000,326000000,329000000,325400000
2016-12-21,46.040,46.0400000000,,,321747881.00996464,14813272441.698772025600000000,326000000,329000000,326000000,329000000,325400000,326000000,329000000,326000000,329000000,325400000
2016-12-22,45.970,45.9700000000,,,321747880.99770220,14790750089.464370134000000000,326000000,329000000,326000000,329000000,325400000,326000000,329000000,326000000,329000000,325400000
2016-12-23,46.200,46.2000000000,,,321747880.99236090,14864752101.847073580000000000,326000000,329000000,326000000,329000000,325400000,326000000,329000000,326000000,329000000,325400000
2016-12-27,46.510,46.5100000000,,,321747881.01070840,14964493945.808047684000000000,326000000,329000000,326000000,329000000,325400000,326000000,329000000,326000000,329000000,325400000
2016-12-28,45.720,45.7200000000,,,321747880.99834330,14710313119.244255676000000000,326000000,329000000,326000000,329000000,325400000,326000000,329000000,326000000,329000000,325400000
2016-12-29,45.640,45.6400000000,,,321747881.01153630,14684573289.366516732000000000,326000000,329000000,326000000,329000000,325400000,326000000,329000000,326000000,329000000,325400000
2016-12-30,45.560,45.5600000000,,,321747880.99612266,14658833458.183348389600000000,326000000,329000000,326000000,329000000,325400000,326000000,329000000,326000000,329000000,325400000
2017-01-03,46.490,46.4900000000,,,321747881.01155680,14958058988.227275632000000000,326000000,329000000,326000000,329000000,325400000,326000000,329000000,326000000,329000000,325400000
2017-01-04,47.100,47.1000000000,,,321747880.99936956,15154325195.070306276000000000,326000000,329000000,326000000,329000000,325400000,326000000,329000000,326000000,329000000,325400000
2017-01-05,46.540,46.5400000000,,,321747881.00076056,14974146381.775396462400000000,326000000,329000000,326000000,329000000,325400000,326000000,329000000,326000000,329000000,325400000
2017-01-06,47.990,47.9900000000,,,321747881.00047300,15440680809.212699270000000000,326000000,329000000,326000000,329000000,325400000,326000000,329000000,326000000,329000000,325400000
2017-01-09,48.140,48.1400000000,,,321747881.00915610,15488942991.780774654000000000,326000000,329000000,326000000,329000000,325400000,326000000,329000000,326000000,329000000,325400000
2017-01-10,48.100,48.1000000000,,,321747880.99067080,15476073075.651265480000000000,326000000,329000000,326000000,329000000,325400000,326000000,329000000,326000000,329000000,325400000
2017-01-11,49.250,49.2500000000,,,321747880.99549780,15846083139.028266650000000000,326000000,329000000,326000000,329000000,325400000,326000000,329000000,326000000,329000000,325400000
2017-01-12,48.520,48.5200000000,,,321747880.99646336,15611207185.948402227200000000,326000000,329000000,326000000,329000000,325400000,326000000,329000000,326000000,329000000,325400000
2017-01-13,48.690,48.6900000000,,,321747880.99210080,15665904325.505387952000000000,326000000,329000000,326000000,329000000,325400000,326000000,329000000,326000000,329000000,325400000
2017-01-17,48.320,48.3200000000,,,321747880.99818320,15546857609.832212224000000000,326000000,329000000,326000000,329000000,325400000,326000000,329000000,326000000,329000000,325400000
2017-01-18,48.250,48.2500000000,,,321747881.00408936,15524335258.447311620000000000,326000000,329000000,326000000,329000000,325400000,326000000,329000000,326000000,329000000,325400000
2017-01-19,47.640,47.6400000000,,,321747880.99346006,15328069050.528437258400000000,326000000,329000000,326000000,329000000,325400000,326000000,329000000,326000000,329000000,325400000
2017-01-20,47.620,47.6200000000,,,321747881.00670993,15321634093.539526866600000000,326000000,329000000,326000000,329000000,325400000,326000000,329000000,326000000,329000000,325400000
2017-01-23,47.390,47.3900000000,,,321747881.00578445,15247632080.864125085500000000,326000000,329000000,326000000,329000000,325400000,326000000,329000000,326000000,329000000,325400000
2017-01-24,47.350,47.3500000000,,,321747881.00972460,15234762165.810459810000000000,326000000,329000000,326000000,329000000,325400000,326000000,329000000,326000000,329000000,325400000
2017-01-25,48.410,48.4100000000,,,321747881.00619370,15575814919.509837017000000000,326000000,329000000,326000000,329000000,325400000,326000000,329000000,326000000,329000000,325400000
2017-01-26,48.170,48.1700000000,,,321747880.98949844,15498595427.264139854800000000,326000000,329000000,326000000,329000000,325400000,326000000,329000000,326000000,329000000,325400000
2017-01-27,48.650,48.6500000000,,,321747881.00061035,15653034410.679693527500000000,326000000,329000000,326000000,329000000,325400000,326000000,329000000,326000000,329000000,325400000
2017-01-30,47.670,47.6700000000,,,321747880.99617463,15337721487.087644612100000000,326000000,329000000,326000000,329000000,325400000,326000000,329000000,326000000,329000000,325400000
2017-01-31,48.970,48.9700000000,,,321747881.00479370,15755993732.804747489000000000,326000000,329000000,326000000,329000000,325400000,326000000,329000000,326000000,329000000,325400000
2017-02-01,49.260,49.2600000000,,,321747880.98909307,15849300617.522724628200000000,326000000,329000000,326000000,329000000,325400000,326000000,329000000,326000000,329000000,325400000
2017-02-02,48.900,48.9000000000,,,321747881.00596887,15733471381.191877743000000000,326000000,329000000,326000000,329000000,325400000,326000000,329000000,326000000,329000000,325400000
2017-02-03,49.380,49.3800000000,,,321747880.99496937,15887910363.531587490600000000,326000000,329000000,326000000,329000000,325400000,326000000,329000000,326000000,329000000,325400000
2017-02-06,49.270,49.2700000000,,,321747881.00452650,15852518097.093020655000000000,326000000,329000000,326000000,329000000,325400000,326000000,329000000,326000000,329000000,325400000
2017-02-07,49.640,49.6400000000,,,321747880.99851320,15971564812.766195248000000000,326000000,329000000,326000000,329000000,325400000,326000000,329000000,326000000,329000000,325400000
2017-02-08,49.930,49.9300000000,,,321747881.00004095,16064871698.332044633500000000,326000000,329000000,326000000,329000000,325400000,326000000,329000000,326000000,329000000,325400000
2017-02-09,50.470,50.4700000000,,,321747880.99445560,16238615553.790174132000000000,326000000,329000000,326000000,329000000,325400000,326000000,329000000,326000000,329000000,325400000
2017-02-10,50.360,50.3600000000,,,321747880.99927790,16203223287.123635044000000000,326000000,329000000,326000000,329000000,325400000,326000000,329000000,326000000,329000000,325400000
2017-02-13,50.520,50.5200000000,,,321747881.00130963,16254702948.186162507600000000,326000000,329000000,326000000,329000000,325400000,326000000,329000000,326000000,329000000,325400000
2017-02-14,50.390,50.3900000000,,,321747881.00184256,16212875723.682846598400000000,326000000,329000000,326000000,329000000,325400000,326000000,329000000,326000000,329000000,325400000
2017-02-15,51.620,51.6200000000,,,321747880.99456036,16608625616.939205783200000000,326000000,329000000,326000000,329000000,325400000,326000000,329000000,326000000,329000000,325400000
2017-02-16,50.840,50.8400000000,,,321747881.00981885,16357662270.539190334000000000,326000000,329000000,326000000,329000000,325400000,326000000,329000000,326000000,329000000,325400000
2017-02-17,51.630,51.6300000000,,,321747881.00928730,16611843096.509503299000000000,326000000,329000000,326000000,329000000,325400000,326000000,329000000,326000000,329000000,325400000
2017-02-21,51.350,51.3500000000,,,321747880.99727637,16521753689.210141599500000000,326000000,329000000,326000000,329000000,325400000,326000000,329000000,326000000,329000000,325400000
2017-02-22,51.340,51.3400000000,,,321747881.00342196,16518536210.715683426400000000,326000000,329000000,326000000,329000000,325400000,326000000,329000000,326000000,329000000,325400000
2017-02-23,51.470,51.4700000000,,,321747881.00732416,16560363435.446974515200000000,326000000,329000000,326000000,329000000,325400000,326000000,329000000,326000000,329000000,325400000
2017-02-24,51.740,51.7400000000,,,321747881.00015590,16647235362.948066266000000000,326000000,329000000,326000000,329000000,325400000,326000000,329000000,326000000,329000000,325400000
2017-02-27,51.660,51.6600000000,,,321747880.99095760,16621495531.992869616000000000,326000000,329000000,326000000,329000000,325400000,326000000,329000000,326000000,329000000,325400000
2017-02-28,51.300,51.3000000000,,,321747880.99052924,16505666294.814150012000000000,326000000,329000000,326000000,329000000,325400000,326000000,329000000,326000000,329000000,325400000
2017-03-01,52.040,52.0400000000,,,321747880.99992970,16743759727.236341588000000000,326000000,329000000,326000000,329000000,325400000,326000000,329000000,326000000,329000000,325400000
2017-03-02,51.380,51.3800000000,,,321747880.99979270,16531406125.769348926000000000,326000000,329000000,326000000,329000000,325400000,326000000,329000000,326000000,329000000,325400000
2017-03-03,51.980,51.9800000000,,,321747880.99495810,16724454854.117922038000000000,326000000,329000000,326000000,329000000,325400000,326000000,329000000,326000000,329000000,325400000
2017-03-06,51.250,51.2500000000,,,321747881.00031280,16489578901.266031000000000000,326000000,329000000,326000000,329000000,325400000,326000000,329000000,326000000,329000000,325400000
2017-03-07,51.210,51.2100000000,,,321747881.00395170,16476708986.212366557000000000,326000000,329000000,326000000,329000000,325400000,326000000,329000000,326000000,329000000,325400000
2017-03-08,51.410,51.4100000000,,,322300904.99688190,16569489525.889698479000000000,322000000,326000000,322000000,326000000,322300905,322000000,326000000,322000000,326000000,322300905
2017-03-09,51.430,51.4300000000,,,322300905.00037650,16575935544.169363395000000000,322000000,326000000,322000000,326000000,322300905,322000000,326000000,322000000,326000000,322300905
2017-03-10,52.150,52.1500000000,,,322300905.00808690,16807992196.171731835000000000,322000000,326000000,322000000,326000000,322300905,322000000,326000000,322000000,326000000,322300905
2017-03-13,52.450,52.4500000000,,,322300904.99974364,16904682467.236553918000000000,322000000,326000000,322000000,326000000,322300905,322000000,326000000,322000000,326000000,322300905
2017-03-14,52.210,52.2100000000,,,322300904.99779510,16827330249.934882171000000000,322000000,326000000,322000000,326000000,322300905,322000000,326000000,322000000,326000000,322300905
2017-03-15,54.100,54.1000000000,,,322300904.99978125,17436478960.488165625000000000,322000000,326000000,322000000,326000000,322300905,322000000,326000000,322000000,326000000,322300905
2017-03-16,53.050,53.0500000000,,,322300905.00545526,17098063010.539401543000000000,322000000,326000000,322000000,326000000,322300905,322000000,326000000,322000000,326000000,322300905
2017-03-17,53.310,53.3100000000,,,322300904.99052507,17181861245.044891481700000000,322000000,326000000,322000000,326000000,322300905,322000000,326000000,322000000,326000000,322300905
2017-03-20,53.150,53.1500000000,,,322300905.00393700,17130293100.959251550000000000,322000000,326000000,322000000,326000000,322300905,322000000,326000000,322000000,326000000,322300905
2017-03-21,52.660,52.6600000000,,,322300905.00677260,16972365657.656645116000000000,322000000,326000000,322000000,326000000,322300905,322000000,326000000,322000000,326000000,322300905
2017-03-22,53.130,53.1300000000,,,322300905.00055680,17123847082.679582784000000000,322000000,326000000,322000000,326000000,322300905,322000000,326000000,322000000,326000000,322300905
2017-03-23,53.180,53.1800000000,,,322300904.99888736,17139962127.840829804800000000,322000000,326000000,322000000,326000000,322300905,322000000,326000000,322000000,326000000,322300905
2017-03-24,53.080,53.0800000000,,,322300905.00039524,17107732037.420979339200000000,322000000,326000000,322000000,326000000,322300905,322000000,326000000,322000000,326000000,322300905
2017-03-27,53.240,53.2400000000,,,322300905.00901246,17159300182.679823370400000000,322000000,326000000,322000000,326000000,322300905,322000000,326000000,322000000,326000000,322300905
2017-03-28,53.440,53.4400000000,,,322300905.00415725,17223760363.422163440000000000,322000000,326000000,322000000,326000000,322300905,322000000,326000000,322000000,326000000,322300905
2017-03-29,53.120,53.1200000000,,,322300905.00715940,17120624073.980307328000000000,322000000,326000000,322000000,326000000,322300905,322000000,326000000,322000000,326000000,322300905
2017-03-30,53.320,53.3200000000,,,322300905.00230020,17185084254.722646664000000000,322000000,326000000,322000000,326000000,322300905,322000000,326000000,322000000,326000000,322300905
2017-03-31,52.870,52.8700000000,,,322300905.00722620,17040048847.732049194000000000,322000000,326000000,322000000,326000000,322300905,322000000,326000000,322000000,326000000,322300905
2017-04-03,53.200,53.2000000000,,,322300905.00138180,17146408146.073511760000000000,322000000,326000000,322000000,326000000,322300905,322000000,326000000,322000000,326000000,322300905
2017-04-04,52.620,52.6200000000,,,322300905.00266150,16959473621.240048130000000000,322000000,326000000,322000000,326000000,322300905,322000000,326000000,322000000,326000000,322300905
2017-04-05,52.710,52.7100000000,,,322300905.00593500,16988480702.862833850000000000,322000000,326000000,322000000,326000000,322300905,322000000,326000000,322000000,326000000,322300905
2017-04-06,53.150,53.1500000000,,,322300905.00487626,17130293101.009173219000000000,322000000,326000000,322000000,326000000,322300905,322000000,326000000,322000000,326000000,322300905
2017-04-07,52.840,52.8400000000,,,322300904.99198770,17030379819.776630068000000000,322000000,326000000,322000000,326000000,322300905,322000000,326000000,322000000,326000000,322300905
2017-04-10,52.720,52.7200000000,,,322300904.99561320,16991703711.368727904000000000,322000000,326000000,322000000,326000000,322300905,322000000,326000000,322000000,326000000,322300905
2017-04-11,52.830,52.8300000000,,,322300905.00044690,17027156811.173609727000000000,322000000,326000000,322000000,326000000,322300905,322000000,326000000,322000000,326000000,322300905
2017-04-12,52.550,52.5500000000,,,322300905.00278760,16936912557.896488380000000000,322000000,326000000,322000000,326000000,322300905,322000000,326000000,322000000,326000000,322300905
2017-04-13,52.330,52.3300000000,,,322300904.99305810,16866006358.286730373000000000,322000000,326000000,322000000,326000000,322300905,322000000,326000000,322000000,326000000,322300905
2017-04-17,53.460,53.4600000000,,,322300904.99572414,17230206381.071412524400000000,322000000,326000000,322000000,326000000,322300905,322000000,326000000,322000000,326000000,322300905
2017-04-18,53.030,53.0300000000,,,322300905.00850976,17091616992.601272572800000000,322000000,326000000,322000000,326000000,322300905,322000000,326000000,322000000,326000000,322300905
2017-04-19,53.070,53.0700000000,,,322300904.99320540,17104509027.989410578000000000,322000000,326000000,322000000,326000000,322300905,322000000,326000000,322000000,326000000,322300905
2017-04-20,53.130,53.1300000000,,,322300905.00150484,17123847082.729952149200000000,322000000,326000000,322000000,326000000,322300905,322000000,326000000,322000000,326000000,322300905
2017-04-21,53.270,53.2700000000,,,322300904.99943590,17168969209.319950393000000000,322000000,326000000,322000000,326000000,322300905,322000000,326000000,322000000,326000000,322300905
2017-04-24,54.440,54.4400000000,,,322300905.00672215,17546061268.565953846000000000,322000000,326000000,322000000,326000000,322300905,322000000,326000000,322000000,326000000,322300905
2017-04-25,54.810,54.8100000000,,,322300905.00581527,17665312603.368734948700000000,322000000,326000000,322000000,326000000,322300905,322000000,326000000,322000000,326000000,322300905
2017-04-26,54.830,54.8300000000,,,322300905.00908180,17671758621.647955094000000000,322000000,326000000,322000000,326000000,322300905,322000000,326000000,322000000,326000000,322300905
2017-04-27,55.430,55.4300000000,,,322300905.00926423,17865139164.663516268900000000,322000000,326000000,322000000,326000000,322300905,322000000,326000000,322000000,326000000,322300905
2017-04-28,55.050,55.0500000000,,,322300904.99881080,17742664820.184534540000000000,322000000,326000000,322000000,326000000,322300905,322000000,326000000,322000000,326000000,322300905
2017-05-01,55.800,55.8000000000,,,322300904.99086450,17984390498.490239100000000000,322000000,326000000,322000000,326000000,322300905,322000000,326000000,322000000,326000000,322300905
2017-05-02,55.930,55.9300000000,,,322300904.99691075,18026289616.477218247500000000,322000000,326000000,322000000,326000000,322300905,322000000,326000000,322000000,326000000,322300905
2017-05-03,56.160,56.1600000000,,,322300904.99804130,18100418824.689999408000000000,322000000,326000000,322000000,326000000,322300905,322000000,326000000,322000000,326000000,322300905
2017-05-04,56.700,56.7000000000,,,322300904.99056470,18274461312.965018490000000000,322000000,326000000,322000000,326000000,322300905,322000000,326000000,322000000,326000000,322300905
2017-05-05,56.640,56.6400000000,,,322300905.00172424,18255123259.297660953600000000,322000000,326000000,322000000,326000000,322300905,322000000,326000000,322000000,326000000,322300905
2017-05-08,56.320,56.3200000000,,,322300904.99927590,18151986969.559218688000000000,322000000,326000000,322000000,326000000,322300905,322000000,326000000,322000000,326000000,322300905
2017-05-09,56.870,56.8700000000,,,322300905.00282115,18329252467.510438800500000000,322000000,326000000,322000000,326000000,322300905,322000000,326000000,322000000,326000000,322300905
2017-05-10,56.270,56.2700000000,,,322300905.00257474,18135871924.494880619800000000,322000000,326000000,322000000,326000000,322300905,322000000,326000000,322000000,326000000,322300905
2017-05-11,56.230,56.2300000000,,,322300904.99792920,18122979888.033558916000000000,322000000,326000000,322000000,326000000,322300905,322000000,326000000,322000000,326000000,322300905
2017-05-12,56.160,56.1600000000,,,322300904.99804130,18100418824.689999408000000000,322000000,326000000,322000000,326000000,322300905,322000000,326000000,322000000,326000000,322300905
2017-05-15,56.700,56.7000000000,,,322300904.99056470,18274461312.965018490000000000,322000000,326000000,322000000,326000000,322300905,322000000,326000000,322000000,326000000,322300905
2017-05-16,56.830,56.8300000000,,,322300904.99822490,18316360431.049121067000000000,322000000,326000000,322000000,326000000,322300905,322000000,326000000,322000000,326000000,322300905
2017-05-17,55.770,55.7700000000,,,322300904.99566070,17974721471.607997239000000000,322000000,326000000,322000000,326000000,322300905,322000000,326000000,322000000,326000000,322300905
2017-05-18,55.850,55.8500000000,,,322300905.00676380,18000505544.627758230000000000,322000000,326000000,322000000,326000000,322300905,322000000,326000000,322000000,326000000,322300905
2017-05-19,56.130,56.1300000000,,,322300905.00454086,18090749797.904878471800000000,322000000,326000000,322000000,326000000,322300905,322000000,326000000,322000000,326000000,322300905
2017-05-22,56.080,56.0800000000,,,322300905.00785560,18074634752.840542048000000000,322000000,326000000,322000000,326000000,322300905,322000000,326000000,322000000,326000000,322300905
2017-05-23,58.660,58.6600000000,,,322300904.99451154,18906171086.978046936400000000,322000000,326000000,322000000,326000000,322300905,322000000,326000000,322000000,326000000,322300905
2017-05-24,59.230,59.2300000000,,,322300904.99934770,19089882603.111364271000000000,322000000,326000000,322000000,326000000,322300905,322000000,326000000,322000000,326000000,322300905
2017-05-25,59.300,59.3000000000,,,322300904.99923990,19112443666.454926070000000000,322000000,326000000,322000000,326000000,322300905,322000000,326000000,322000000,326000000,322300905
2017-05-26,59.510,59.5100000000,,,322300904.99728596,19180126856.388487479600000000,322000000,326000000,322000000,326000000,322300905,322000000,326000000,322000000,326000000,322300905
2017-05-30,60.370,60.3700000000,,,322300904.99418700,19457305634.499069190000000000,322000000,326000000,322000000,326000000,322300905,322000000,326000000,322000000,326000000,322300905
2017-05-31,60.340,60.3400000000,,,322300904.99862164,19447636607.616829757600000000,322000000,326000000,322000000,326000000,322300905,322000000,326000000,322000000,326000000,322300905
2017-06-01,60.730,60.7300000000,,,322300905.00080400,19573333960.698826920000000000,322000000,326000000,322000000,326000000,322300905,322000000,326000000,322000000,326000000,322300905
2017-06-02,60.810,60.8100000000,,,322300904.99334663,19599118032.645408570300000000,322000000,326000000,322000000,326000000,322300905,322000000,326000000,322000000,326000000,322300905
2017-06-05,60.400,60.4000000000,,,322300905.00591670,19466974662.357368680000000000,322000000,326000000,322000000,326000000,322300905,322000000,326000000,322000000,326000000,322300905
2017-06-06,60.100,60.1000000000,,,321337442.99290377,19312380323.873516577000000000,321000000,325000000,321000000,325000000,321337443,321000000,325000000,321000000,325000000,321337443
2017-06-07,60.630,60.6300000000,,,321337442.99123650,19482689168.558668995000000000,321000000,325000000,321000000,325000000,321337443,321000000,325000000,321000000,325000000,321337443
2017-06-08,60.150,60.1500000000,,,321337442.99569654,19328447196.191146881000000000,321000000,325000000,321000000,325000000,321337443,321000000,325000000,321000000,325000000,321337443
2017-06-09,59.210,59.2100000000,,,321337443.00149530,19026390000.118536713000000000,321000000,325000000,321000000,325000000,321337443,321000000,325000000,321000000,325000000,321337443
2017-06-12,58.990,58.9900000000,,,321337442.99813527,18955695762.459999577300000000,321000000,325000000,321000000,325000000,321337443,321000000,325000000,321000000,325000000,321337443
2017-06-13,59.280,59.2800000000,,,321337442.99635940,19048883620.824185232000000000,321000000,325000000,321000000,325000000,321337443,321000000,325000000,321000000,325000000,321337443
2017-06-14,59.380,59.3800000000,,,321337443.00201154,19081017365.459445245200000000,321000000,325000000,321000000,325000000,321337443,321000000,325000000,321000000,325000000,321337443
2017-06-15,59.210,59.2100000000,,,321337443.00149530,19026390000.118536713000000000,321000000,325000000,321000000,325000000,321337443,321000000,325000000,321000000,325000000,321337443
2017-06-16,59.510,59.5100000000,,,321337443.00035524,19122791232.951140332400000000,321000000,325000000,321000000,325000000,321337443,321000000,325000000,321000000,325000000,321337443
2017-06-19,60.550,60.5500000000,,,321337442.99561685,19456982173.384600267500000000,321000000,325000000,321000000,325000000,321337443,321000000,325000000,321000000,325000000,321337443
2017-06-20,60.330,60.3300000000,,,321337442.99231005,19386287935.726065316500000000,321000000,325000000,321000000,325000000,321337443,321000000,325000000,321000000,325000000,321337443
2017-06-21,59.790,59.7900000000,,,321337443.00253080,19212765717.121316532000000000,321000000,325000000,321000000,325000000,321337443,321000000,325000000,321000000,325000000,321337443
2017-06-22,60.610,60.6100000000,,,321337442.99902080,19476262420.170650688000000000,321000000,325000000,321000000,325000000,321337443,321000000,325000000,321000000,325000000,321337443
2017-06-23,59.770,59.7700000000,,,321337443.00583720,19206338968.458889444000000000,321000000,325000000,321000000,325000000,321337443,321000000,325000000,321000000,325000000,321337443
2017-06-26,59.240,59.2400000000,,,321337442.99417580,19036030122.974974392000000000,321000000,325000000,321000000,325000000,321337443,321000000,325000000,321000000,325000000,321337443
2017-06-27,58.880,58.8800000000,,,321337442.99644583,18920348643.630730470400000000,321000000,325000000,321000000,325000000,321337443,321000000,325000000,321000000,325000000,321337443
2017-06-28,59.400,59.4000000000,,,321337442.99868470,19087444114.121871180000000000,321000000,325000000,321000000,325000000,321337443,321000000,325000000,321000000,325000000,321337443
2017-06-29,58.800,58.8000000000,,,321337443.00478035,18894641648.681084580000000000,321000000,325000000,321000000,325000000,321337443,321000000,325000000,321000000,325000000,321337443
2017-06-30,59.310,59.3100000000,,,321337443.00291750,19058523744.503036925000000000,321000000,325000000,321000000,325000000,321337443,321000000,325000000,321000000,325000000,321337443
2017-07-03,59.130,59.1300000000,,,321337443.00597423,19000683004.943256219900000000,321000000,325000000,321000000,325000000,321337443,321000000,325000000,321000000,325000000,321337443
2017-07-05,59.770,59.7700000000,,,321337442.99370820,19206338967.733939114000000000,321000000,325000000,321000000,325000000,321337443,321000000,325000000,321000000,325000000,321337443
2017-07-06,59.220,59.2200000000,,,321337443.00213180,19029603374.586245196000000000,321000000,325000000,321000000,325000000,321337443,321000000,325000000,321000000,325000000,321337443
2017-07-07,59.630,59.6300000000,,,321337443.00346935,19161351726.296877340500000000,321000000,325000000,321000000,325000000,321337443,321000000,325000000,321000000,325000000,321337443
2017-07-10,59.860,59.8600000000,,,321337443.00781363,19235259338.447723891800000000,321000000,325000000,321000000,325000000,321337443,321000000,325000000,321000000,325000000,321337443
2017-07-11,59.800,59.8000000000,,,321337443.00438344,19215979091.662129712000000000,321000000,325000000,321000000,325000000,321337443,321000000,325000000,321000000,325000000,321337443
2017-07-12,60.730,60.7300000000,,,321337442.99998766,19514822913.389250591800000000,321000000,325000000,321000000,325000000,321337443,321000000,325000000,321000000,325000000,321337443
2017-07-13,61.190,61.1900000000,,,321337443.00851350,19662638137.690941065000000000,321000000,325000000,321000000,325000000,321337443,321000000,325000000,321000000,325000000,321337443
2017-07-14,61.520,61.5200000000,,,321337442.99223536,19768679492.882319347200000000,321000000,325000000,321000000,325000000,321337443,321000000,325000000,321000000,325000000,321337443
2017-07-17,61.550,61.5500000000,,,321337443.00260780,19778319616.810510090000000000,321000000,325000000,321000000,325000000,321337443,321000000,325000000,321000000,325000000,321337443
2017-07-18,61.210,61.2100000000,,,321337443.00529010,19669064886.353807021000000000,321000000,325000000,321000000,325000000,321337443,321000000,325000000,321000000,325000000,321337443
2017-07-19,61.380,61.3800000000,,,321337443.00171490,19723692251.445260562000000000,321000000,325000000,321000000,325000000,321337443,321000000,325000000,321000000,325000000,321337443
2017-07-20,60.980,60.9800000000,,,321337443.00103253,19595157274.202963679400000000,321000000,325000000,321000000,325000000,321337443,321000000,325000000,321000000,325000000,321337443
2017-07-21,61.370,61.3700000000,,,321337443.00555200,19720478877.250726240000000000,321000000,325000000,321000000,325000000,321337443,321000000,325000000,321000000,325000000,321337443
2017-07-24,61.500,61.5000000000,,,321337442.99543830,19762252744.219455450000000000,321000000,325000000,321000000,325000000,321337443,321000000,325000000,321000000,325000000,321337443
2017-07-25,60.540,60.5400000000,,,321337443.00685390,19453768799.634935106000000000,321000000,325000000,321000000,325000000,321337443,321000000,325000000,321000000,325000000,321337443
2017-07-26,59.720,59.7200000000,,,321337443.00424767,19190272096.213670852400000000,321000000,325000000,321000000,325000000,321337443,321000000,325000000,321000000,325000000,321337443
2017-07-27,59.910,59.9100000000,,,321337442.99729574,19251326209.967987783400000000,321000000,325000000,321000000,325000000,321337443,321000000,325000000,321000000,325000000,321337443
2017-07-28,60.080,60.0800000000,,,321337442.99822307,19305953575.333242045600000000,321000000,325000000,321000000,325000000,321337443,321000000,325000000,321000000,325000000,321337443
2017-07-31,59.790,59.7900000000,,,321337443.00832240,19212765717.467596296000000000,321000000,325000000,321000000,325000000,321337443,321000000,325000000,321000000,325000000,321337443
2017-08-01,59.940,59.9400000000,,,321337443.00794435,19260966333.896184339000000000,321000000,325000000,321000000,325000000,321337443,321000000,325000000,321000000,325000000,321337443
2017-08-02,60.200,60.2000000000,,,321337443.00505690,19344514068.904425380000000000,321000000,325000000,321000000,325000000,321337443,321000000,325000000,321000000,325000000,321337443
2017-08-03,60.370,60.3700000000,,,321337443.00595790,19399141434.269678423000000000,321000000,325000000,321000000,325000000,321337443,321000000,325000000,321000000,325000000,321337443
2017-08-04,60.130,60.1300000000,,,321337443.00555960,19322020447.924298748000000000,321000000,325000000,321000000,325000000,321337443,321000000,325000000,321000000,325000000,321337443
2017-08-07,60.870,60.8700000000,,,321337443.00350420,19559810155.623300654000000000,321000000,325000000,321000000,325000000,321337443,321000000,325000000,321000000,325000000,321337443
2017-08-08,60.140,60.1400000000,,,321337443.00164340,19325233822.118834076000000000,321000000,325000000,321000000,325000000,321337443,321000000,325000000,321000000,325000000,321337443
2017-08-09,59.680,59.6800000000,,,321337442.99291460,19177418597.817143328000000000,321000000,325000000,321000000,325000000,321337443,321000000,325000000,321000000,325000000,321337443
2017-08-10,58.570,58.5700000000,,,321337443.00034550,18820734036.530235935000000000,321000000,325000000,321000000,325000000,321337443,321000000,325000000,321000000,325000000,321337443
2017-08-11,59.330,59.3300000000,,,321337442.99959390,19064950493.165906087000000000,321000000,325000000,321000000,325000000,321337443,321000000,325000000,321000000,325000000,321337443
2017-08-14,59.620,59.6200000000,,,321337443.00741940,19158138352.102344628000000000,321000000,325000000,321000000,325000000,321337443,321000000,325000000,321000000,325000000,321337443
2017-08-15,59.380,59.3800000000,,,321337443.00702200,19081017365.756966360000000000,321000000,325000000,321000000,325000000,321337443,321000000,325000000,321000000,325000000,321337443
2017-08-16,62.140,62.1400000000,,,321337443.00098050,19967908708.080928270000000000,321000000,325000000,321000000,325000000,321337443,321000000,325000000,321000000,325000000,321337443
2017-08-17,60.860,60.8600000000,,,321337443.00737380,19556596781.428769468000000000,321000000,325000000,321000000,325000000,321337443,321000000,325000000,321000000,325000000,321337443
2017-08-18,61.250,61.2500000000,,,321337442.99437940,19681918383.405738250000000000,321000000,325000000,321000000,325000000,321337443,321000000,325000000,321000000,325000000,321337443
2017-08-21,61.740,61.7400000000,,,321337442.99586700,19839373730.564828580000000000,321000000,325000000,321000000,325000000,321337443,321000000,325000000,321000000,325000000,321337443
2017-08-22,62.960,62.9600000000,,,321337443.00352910,20231405411.502192136000000000,321000000,325000000,321000000,325000000,321337443,321000000,325000000,321000000,325000000,321337443
2017-08-23,62.770,62.7700000000,,,321337443.00580007,20170351297.474070393900000000,321000000,325000000,321000000,325000000,321337443,321000000,325000000,321000000,325000000,321337443
2017-08-24,62.680,62.6800000000,,,321337442.99234660,20141430926.760284888000000000,321000000,325000000,321000000,325000000,321337443,321000000,325000000,321000000,325000000,321337443
2017-08-25,62.900,62.9000000000,,,321337442.99591090,20212125164.442795610000000000,321000000,325000000,321000000,325000000,321337443,321000000,325000000,321000000,325000000,321337443
2017-08-28,63.460,63.4600000000,,,321337443.00119466,20392074132.855813123600000000,321000000,325000000,321000000,325000000,321337443,321000000,325000000,321000000,325000000,321337443
2017-08-29,63.490,63.4900000000,,,321337442.99438040,20401714255.713211596000000000,321000000,325000000,321000000,325000000,321337443,321000000,325000000,321000000,325000000,321337443
2017-08-30,63.900,63.9000000000,,,321337442.99567830,20533462607.423843370000000000,321000000,325000000,321000000,325000000,321337443,321000000,325000000,321000000,325000000,321337443
2017-08-31,64.720,64.7200000000,,,321337442.99822474,20796959310.845105172800000000,321000000,325000000,321000000,325000000,321337443,321000000,325000000,321000000,325000000,321337443
2017-09-01,64.380,64.3800000000,,,321337443.00075180,20687704580.388400884000000000,321000000,325000000,321000000,325000000,321337443,321000000,325000000,321000000,325000000,321337443
2017-09-05,64.290,64.2900000000,,,321337443.00002500,20658784210.471607250000000000,321000000,325000000,321000000,325000000,321337443,321000000,325000000,321000000,325000000,321337443
2017-09-06,64.710,64.7100000000,,,321828003.00504040,20825490074.456164284000000000,321000000,326000000,321000000,326000000,321828003,321000000,326000000,321000000,326000000,321828003
2017-09-07,65.140,65.1400000000,,,321828003.00164545,20963876115.527184613000000000,321000000,326000000,321000000,326000000,321828003,321000000,326000000,321000000,326000000,321828003
2017-09-08,65.020,65.0200000000,,,321828003.00718200,20925256755.526973640000000000,321000000,326000000,321000000,326000000,321828003,321000000,326000000,321000000,326000000,321828003
2017-09-11,66.110,66.1100000000,,,321828003.00295436,21276049278.525312739600000000,321000000,326000000,321000000,326000000,321828003,321000000,326000000,321000000,326000000,321828003
2017-09-12,66.140,66.1400000000,,,321828003.00159305,21285704118.525364327000000000,321000000,326000000,321000000,326000000,321828003,321000000,326000000,321000000,326000000,321828003
2017-09-13,65.440,65.4400000000,,,321828002.99442840,21060424515.955394496000000000,321000000,326000000,321000000,326000000,321828003,321000000,326000000,321000000,326000000,321828003
2017-09-14,65.680,65.6800000000,,,321828003.00305194,21137663237.240451419200000000,321000000,326000000,321000000,326000000,321828003,321000000,326000000,321000000,326000000,321828003
2017-09-15,65.960,65.9600000000,,,321828003.00653744,21227775078.311209542400000000,321000000,326000000,321000000,326000000,321828003,321000000,326000000,321000000,326000000,321828003
2017-09-18,66.080,66.0800000000,,,321828003.00431687,21266394438.525258769600000000,321000000,326000000,321000000,326000000,321828003,321000000,326000000,321000000,326000000,321828003
2017-09-19,66.170,66.1700000000,,,321828003.00023300,21295358958.525417610000000000,321000000,326000000,321000000,326000000,321828003,321000000,326000000,321000000,326000000,321828003
2017-09-20,66.090,66.0900000000,,,321828002.99738336,21269612718.097066262400000000,321000000,326000000,321000000,326000000,321828003,321000000,326000000,321000000,326000000,321828003
2017-09-21,65.920,65.9200000000,,,321828002.99861276,21214901957.668553139200000000,321000000,326000000,321000000,326000000,321828003,321000000,326000000,321000000,326000000,321828003
2017-09-22,65.780,65.7800000000,,,321828002.99523044,21169846037.026258343200000000,321000000,326000000,321000000,326000000,321828003,321000000,326000000,321000000,326000000,321828003
2017-09-25,64.730,64.7300000000,,,321828003.00742424,20831926634.670571055200000000,321000000,326000000,321000000,326000000,321828003,321000000,326000000,321000000,326000000,321828003
2017-09-26,64.110,64.1100000000,,,321828003.00310330,20632393272.528952563000000000,321000000,326000000,321000000,326000000,321828003,321000000,326000000,321000000,326000000,321828003
2017-09-27,64.390,64.3900000000,,,321828003.00667360,20722505113.599713104000000000,321000000,326000000,321000000,326000000,321828003,321000000,326000000,321000000,326000000,321828003
2017-09-28,63.980,63.9800000000,,,321828002.99581590,20590555631.672301282000000000,321000000,326000000,321000000,326000000,321828003,321000000,326000000,321000000,326000000,321828003
2017-09-29,64.200,64.2000000000,,,321828003.00222665,20661357792.742950930000000000,321000000,326000000,321000000,326000000,321828003,321000000,326000000,321000000,326000000,321828003
2017-10-02,64.870,64.8700000000,,,321828002.99805620,20876982554.483905694000000000,321000000,326000000,321000000,326000000,321828003,321000000,326000000,321000000,326000000,321828003
2017-10-03,65.150,65.1500000000,,,321828003.00157460,20967094395.552585190000000000,321000000,326000000,321000000,326000000,321828003,321000000,326000000,321000000,326000000,321828003
2017-10-04,65.830,65.8300000000,,,321828002.99978570,21185937437.475892631000000000,321000000,326000000,321000000,326000000,321828003,321000000,326000000,321000000,326000000,321828003
2017-10-05,65.700,65.7000000000,,,321828002.99921770,21144099797.048602890000000000,321000000,326000000,321000000,326000000,321828003,321000000,326000000,321000000,326000000,321828003
2017-10-06,66.360,66.3600000000,,,321828003.00803214,21356506279.613012810400000000,321000000,326000000,321000000,326000000,321828003,321000000,326000000,321000000,326000000,321828003
2017-10-09,66.560,66.5600000000,,,321828003.00220750,21420871879.826931200000000000,321000000,326000000,321000000,326000000,321828003,321000000,326000000,321000000,326000000,321828003
2017-10-10,66.600,66.6000000000,,,321828003.00040110,21433744999.826713260000000000,321000000,326000000,321000000,326000000,321828003,321000000,326000000,321000000,326000000,321828003
2017-10-11,66.620,66.6200000000,,,321828003.00591720,21440181560.254203864000000000,321000000,326000000,321000000,326000000,321828003,321000000,326000000,321000000,326000000,321828003
2017-10-12,67.540,67.5400000000,,,321828002.99345300,21736263322.177815620000000000,321000000,326000000,321000000,326000000,321828003,321000000,326000000,321000000,326000000,321828003
2017-10-13,66.990,66.9900000000,,,321828002.99569786,21559257920.681799641400000000,321000000,326000000,321000000,326000000,321828003,321000000,326000000,321000000,326000000,321828003
2017-10-16,66.910,66.9100000000,,,321828003.00566477,21533511681.109029760700000000,321000000,326000000,321000000,326000000,321828003,321000000,326000000,321000000,326000000,321828003
2017-10-17,66.120,66.1200000000,,,321828002.99955720,21279267558.330722064000000000,321000000,326000000,321000000,326000000,321828003,321000000,326000000,321000000,326000000,321828003
2017-10-18,66.440,66.4400000000,,,321828002.99797994,21382252519.185787213600000000,321000000,326000000,321000000,326000000,321828003,321000000,326000000,321000000,326000000,321828003
2017-10-19,66.880,66.8800000000,,,321828003.00381870,21523856840.895394656000000000,321000000,326000000,321000000,326000000,321828003,321000000,326000000,321000000,326000000,321828003
2017-10-20,67.250,67.2500000000,,,321828002.99365044,21642933201.322992090000000000,321000000,326000000,321000000,326000000,321828003,321000000,326000000,321000000,326000000,321828003
2017-10-23,67.020,67.0200000000,,,321828002.99754450,21568912760.895432390000000000,321000000,326000000,321000000,326000000,321828003,321000000,326000000,321000000,326000000,321828003
2017-10-24,67.320,67.3200000000,,,321828003.00641125,21665461162.391605350000000000,321000000,326000000,321000000,326000000,321828003,321000000,326000000,321000000,326000000,321828003
2017-10-25,67.390,67.3900000000,,,321828003.00328870,21687989122.391625493000000000,321000000,326000000,321000000,326000000,321828003,321000000,326000000,321000000,326000000,321828003
2017-10-26,67.710,67.7100000000,,,321828003.00487500,21790974083.460086250000000000,321000000,326000000,321000000,326000000,321828003,321000000,326000000,321000000,326000000,321828003
2017-10-27,67.970,67.9700000000,,,321828003.00281420,21874649364.101281174000000000,321000000,326000000,321000000,326000000,321828003,321000000,326000000,321000000,326000000,321828003
2017-10-30,67.490,67.4900000000,,,321828003.00200450,21720171922.605283705000000000,321000000,326000000,321000000,326000000,321828003,321000000,326000000,321000000,326000000,321828003
2017-10-31,68.030,68.0300000000,,,321828003.00644640,21893959044.528548592000000000,321000000,326000000,321000000,326000000,321828003,321000000,326000000,321000000,326000000,321828003
2017-11-01,68.020,68.0200000000,,,321828002.99432240,21890740763.673809648000000000,321000000,326000000,321000000,326000000,321828003,321000000,326000000,321000000,326000000,321828003
2017-11-02,68.130,68.1300000000,,,321828003.00203740,21926141844.528808062000000000,321000000,326000000,321000000,326000000,321828003,321000000,326000000,321000000,326000000,321828003
2017-11-03,68.370,68.3700000000,,,321828002.99462503,22003380564.742513301100000000,321000000,326000000,321000000,326000000,321828003,321000000,326000000,321000000,326000000,321828003
2017-11-06,68.220,68.2200000000,,,321828003.00747170,21955106365.169719374000000000,321000000,326000000,321000000,326000000,321828003,321000000,326000000,321000000,326000000,321828003
2017-11-07,68.250,68.2500000000,,,321828003.00615320,21964761205.169955900000000000,321000000,326000000,321000000,326000000,321828003,321000000,326000000,321000000,326000000,321828003
2017-11-08,68.110,68.1100000000,,,321828002.99664253,21919705284.101322718300000000,321000000,326000000,321000000,326000000,321828003,321000000,326000000,321000000,326000000,321828003
2017-11-09,67.470,67.4700000000,,,321828002.99655837,21713735362.177793223900000000,321000000,326000000,321000000,326000000,321828003,321000000,326000000,321000000,326000000,321828003
2017-11-10,66.810,66.8100000000,,,321828003.00696560,21501328880.895371736000000000,321000000,326000000,321000000,326000000,321828003,321000000,326000000,321000000,326000000,321828003
2017-11-13,67.130,67.1300000000,,,321828003.00536925,21604313841.750437752500000000,321000000,326000000,321000000,326000000,321828003,321000000,326000000,321000000,326000000,321828003
2017-11-14,67.460,67.4600000000,,,321828003.00333595,21710517082.605043187000000000,321000000,326000000,321000000,326000000,321828003,321000000,326000000,321000000,326000000,321828003
2017-11-15,67.310,67.3100000000,,,321828002.99732970,21662242881.750262107000000000,321000000,326000000,321000000,326000000,321828003,321000000,326000000,321000000,326000000,321828003
2017-11-16,68.740,68.7400000000,,,321828003.00337640,22122456926.452093736000000000,321000000,326000000,321000000,326000000,321828003,321000000,326000000,321000000,326000000,321828003
2017-11-17,68.790,68.7900000000,,,321828002.99497940,22138548326.024632926000000000,321000000,326000000,321000000,326000000,321828003,321000000,326000000,321000000,326000000,321828003
2017-11-20,69.960,69.9600000000,,,321828003.00293416,22515087090.085273833600000000,321000000,326000000,321000000,326000000,321828003,321000000,326000000,321000000,326000000,321828003
2017-11-21,69.910,69.9100000000,,,321828002.99591120,22498995689.444151992000000000,321000000,326000000,321000000,326000000,321828003,321000000,326000000,321000000,326000000,321828003
2017-11-22,68.690,68.6900000000,,,321828002.99622905,22106365525.810973444500000000,321000000,326000000,321000000,326000000,321828003,321000000,326000000,321000000,326000000,321828003
2017-11-24,69.360,69.3600000000,,,321828002.99809885,22321990287.948136236000000000,321000000,326000000,321000000,326000000,321828003,321000000,326000000,321000000,326000000,321828003
2017-11-27,69.310,69.3100000000,,,321828003.00642914,22305898888.375603693400000000,321000000,326000000,321000000,326000000,321828003,321000000,326000000,321000000,326000000,321828003
2017-11-28,70.590,70.5900000000,,,321828003.00641245,22717838732.222654845500000000,321000000,326000000,321000000,326000000,321828003,321000000,326000000,321000000,326000000,321828003
2017-11-29,68.690,68.6900000000,,,321828002.99622905,22106365525.810973444500000000,321000000,326000000,321000000,326000000,321828003,321000000,326000000,321000000,326000000,321828003
2017-11-30,69.240,69.2400000000,,,321828002.99403507,22283370927.306988246800000000,321000000,326000000,321000000,326000000,321828003,321000000,326000000,321000000,326000000,321828003
2017-12-01,68.690,68.6900000000,,,321828002.99622905,22106365525.810973444500000000,321000000,326000000,321000000,326000000,321828003,321000000,326000000,321000000,326000000,321828003
2017-12-04,66.240,66.2400000000,,,321828003.00380230,21317886918.971864352000000000,321000000,326000000,321000000,326000000,321828003,321000000,326000000,321000000,326000000,321828003
2017-12-05,65.830,65.8300000000,,,321828002.99978570,21185937437.475892631000000000,321000000,326000000,321000000,326000000,321828003,321000000,326000000,321000000,326000000,321828003
2017-12-06,65.890,65.8900000000,,,321828003.00030005,21205247117.689770294500000000,321000000,326000000,321000000,326000000,321828003,321000000,326000000,321000000,326000000,321828003
2017-12-07,66.710,66.7100000000,,,321828002.99225190,21469146079.613124249000000000,321000000,326000000,321000000,326000000,321828003,321000000,326000000,321000000,326000000,321828003
2017-12-08,67.380,67.3800000000,,,321828002.99421614,21684770841.750283513200000000,321000000,326000000,321000000,326000000,321828003,321000000,326000000,321000000,326000000,321828003
2017-12-11,67.000,67.0000000000,,,321828002.99205893,21562476200.467948310000000000,321000000,326000000,321000000,326000000,321828003,321000000,326000000,321000000,326000000,321828003
2017-12-12,67.060,67.0600000000,,,321828002.99257120,21581785880.681824672000000000,321000000,326000000,321000000,326000000,321828003,321000000,326000000,321000000,326000000,321828003
2017-12-13,66.680,66.6800000000,,,321828003.00641990,21459491240.468078932000000000,321000000,326000000,321000000,326000000,321828003,321000000,326000000,321000000,326000000,321828003
2017-12-14,66.510,66.5100000000,,,321828002.99482495,21404780479.185807424500000000,321000000,326000000,321000000,326000000,321828003,321000000,326000000,321000000,326000000,321828003
2017-12-15,67.610,67.6100000000,,,321828003.00615930,21758791283.246430273000000000,321000000,326000000,321000000,326000000,321828003,321000000,326000000,321000000,326000000,321828003
2017-12-18,67.660,67.6600000000,,,321828002.99761990,21774882682.818962434000000000,321000000,326000000,321000000,326000000,321828003,321000000,326000000,321000000,326000000,321828003
2017-12-19,67.750,67.7500000000,,,321828002.99994797,21803847203.246474967500000000,321000000,326000000,321000000,326000000,321828003,321000000,326000000,321000000,326000000,321828003
2017-12-20,67.400,67.4000000000,,,321828002.99967020,21691207402.177771480000000000,321000000,326000000,321000000,326000000,321828003,321000000,326000000,321000000,326000000,321828003
2017-12-21,67.520,67.5200000000,,,323018026.99652930,21810177182.805658336000000000,322000000,326000000,322000000,326000000,322600000,322000000,326000000,322000000,326000000,322600000
2017-12-22,67.350,67.3500000000,,,323018026.99803895,21755264118.317923282500000000,322000000,326000000,322000000,326000000,322600000,322000000,326000000,322000000,326000000,322600000
2017-12-26,67.250,67.2500000000,,,323018027.00323516,21722962315.967564510000000000,322000000,326000000,322000000,326000000,322600000,322000000,326000000,322000000,326000000,322600000
2017-12-27,67.300,67.3000000000,,,323018026.99269610,21739113216.608447530000000000,322000000,326000000,322000000,326000000,322600000,322000000,326000000,322000000,326000000,322600000
2017-12-28,67.450,67.4500000000,,,323018026.99285810,21787565920.668278845000000000,322000000,326000000,322000000,326000000,322600000,322000000,326000000,322000000,326000000,322600000
2017-12-29,66.970,66.9700000000,,,323018027.00206970,21632517268.328607809000000000,322000000,326000000,322000000,326000000,322600000,322000000,326000000,322000000,326000000,322600000
2018-01-02,67.600,67.6000000000,,,323018026.99650480,21836018624.963724480000000000,322000000,326000000,322000000,326000000,322600000,322000000,326000000,322000000,326000000,322600000
2018-01-03,69.320,69.3200000000,,,323018026.99418586,22391609631.236963815200000000,322000000,326000000,322000000,326000000,322600000,322000000,326000000,322000000,326000000,322600000
2018-01-04,68.800,68.8000000000,,,323018027.00604250,22223640258.015724000000000000,322000000,326000000,322000000,326000000,322600000,322000000,326000000,322000000,326000000,322600000
2018-01-05,69.900,69.9000000000,,,323018026.99899320,22578960087.229624680000000000,322000000,326000000,322000000,326000000,322600000,322000000,326000000,322000000,326000000,322600000
2018-01-08,70.050,70.0500000000,,,323018027.00514170,22627412791.710176085000000000,322000000,326000000,322000000,326000000,322600000,322000000,326000000,322000000,326000000,322600000
2018-01-09,71.770,71.7700000000,,,323018027.00269490,23183003797.983412973000000000,322000000,326000000,322000000,326000000,322600000,322000000,326000000,322000000,326000000,322600000
2018-01-10,70.790,70.7900000000,,,323018026.99694390,22866446131.113658681000000000,322000000,326000000,322000000,326000000,322600000,322000000,326000000,322000000,326000000,322600000
2018-01-11,70.800,70.8000000000,,,323018027.00219870,22869676311.755667960000000000,322000000,326000000,322000000,326000000,322600000,322000000,326000000,322000000,326000000,322600000
2018-01-12,71.730,71.7300000000,,,323018027.00288224,23170083076.916743075200000000,322000000,326000000,322000000,326000000,322600000,322000000,326000000,322000000,326000000,322600000
2018-01-16,71.230,71.2300000000,,,323018026.99785790,23008574063.057418217000000000,322000000,326000000,322000000,326000000,322600000,322000000,326000000,322000000,326000000,322600000
2018-01-17,72.060,72.0600000000,,,323018026.99759410,23276679025.446630846000000000,322000000,326000000,322000000,326000000,322600000,322000000,326000000,322000000,326000000,322600000
2018-01-18,72.190,72.1900000000,,,323018027.00511190,23318671369.499028061000000000,322000000,326000000,322000000,326000000,322600000,322000000,326000000,322000000,326000000,322600000
2018-01-19,73.070,73.0700000000,,,323018026.99508250,23602927232.530678275000000000,322000000,326000000,322000000,326000000,322600000,322000000,326000000,322000000,326000000,322600000
2018-01-22,73.480,73.4800000000,,,323018027.00694764,23735364624.470512587200000000,322000000,326000000,322000000,326000000,322600000,322000000,326000000,322000000,326000000,322600000
2018-01-23,73.440,73.4400000000,,,323018027.00713290,23722443903.403840176000000000,322000000,326000000,322000000,326000000,322600000,322000000,326000000,322000000,326000000,322600000
2018-01-24,73.580,73.5800000000,,,323018026.99342406,23767666426.176142334800000000,322000000,326000000,322000000,326000000,322600000,322000000,326000000,322000000,326000000,322600000
2018-01-25,73.860,73.8600000000,,,323018026.99503404,23858111473.853214194400000000,322000000,326000000,322000000,326000000,322600000,322000000,326000000,322000000,326000000,322600000
2018-01-26,74.820,74.8200000000,,,323018026.99925750,24168208780.084446150000000000,322000000,326000000,322000000,326000000,322600000,322000000,326000000,322000000,326000000,322600000
2018-01-29,74.530,74.5300000000,,,323018027.00417596,24074533552.621234298800000000,322000000,326000000,322000000,326000000,322600000,322000000,326000000,322000000,326000000,322600000
2018-01-30,72.990,72.9900000000,,,323018026.99544233,23577085790.397335666700000000,322000000,326000000,322000000,326000000,322600000,322000000,326000000,322000000,326000000,322600000
2018-01-31,73.430,73.4300000000,,,323018026.99920280,23719213722.551461604000000000,322000000,326000000,322000000,326000000,322600000,322000000,326000000,322000000,326000000,322600000
2018-02-01,72.830,72.8300000000,,,323018026.99327590,23525402905.920283797000000000,322000000,326000000,322000000,326000000,322600000,322000000,326000000,322000000,326000000,322600000
2018-02-02,71.250,71.2500000000,,,323018026.99924130,23015034423.695942625000000000,322000000,326000000,322000000,326000000,322600000,322000000,326000000,322000000,326000000,322600000
2018-02-05,68.220,68.2200000000,,,323018027.00121750,22036289802.023057850000000000,322000000,326000000,322000000,326000000,322600000,322000000,326000000,322000000,326000000,322600000
2018-02-06,68.450,68.4500000000,,,323018026.99461040,22110583947.781081880000000000,322000000,326000000,322000000,326000000,322600000,322000000,326000000,322000000,326000000,322600000
2018-02-07,68.060,68.0600000000,,,323018027.00200370,21984606917.756371822000000000,322000000,326000000,322000000,326000000,322600000,322000000,326000000,322000000,326000000,322600000
2018-02-08,65.050,65.0500000000,,,323018027.00248486,21012322656.511640143000000000,322000000,326000000,322000000,326000000,322600000,322000000,326000000,322000000,326000000,322600000
2018-02-09,66.980,66.9800000000,,,323018027.00762343,21635747448.970617341400000000,322000000,326000000,322000000,326000000,322600000,322000000,326000000,322000000,326000000,322600000
2018-02-12,68.430,68.4300000000,,,323018026.99624336,22104123587.352933124800000000,322000000,326000000,322000000,326000000,322600000,322000000,326000000,322000000,326000000,322600000
2018-02-13,68.340,68.3400000000,,,323018027.00370860,22075051965.433445724000000000,322000000,326000000,322000000,326000000,322600000,322000000,326000000,322000000,326000000,322600000
2018-02-14,69.700,69.7000000000,,,323018026.99692830,22514356481.685902510000000000,322000000,326000000,322000000,326000000,322600000,322000000,326000000,322000000,326000000,322600000
2018-02-15,72.020,72.0200000000,,,323018026.99777780,23263758304.379957156000000000,322000000,326000000,322000000,326000000,322600000,322000000,326000000,322000000,326000000,322600000
2018-02-16,71.970,71.9700000000,,,323018027.00468450,23247607403.527143465000000000,322000000,326000000,322000000,326000000,322600000,322000000,326000000,322000000,326000000,322600000
2018-02-20,71.080,71.0800000000,,,323018027.00679670,22960121359.643109436000000000,322000000,326000000,322000000,326000000,322600000,322000000,326000000,322000000,326000000,322600000
2018-02-21,71.250,71.2500000000,,,323018026.99924130,23015034423.695942625000000000,322000000,326000000,322000000,326000000,322600000,322000000,326000000,322000000,326000000,322600000
2018-02-22,70.680,70.6800000000,,,323018027.00276816,22830914148.555653548800000000,322000000,326000000,322000000,326000000,322600000,322000000,326000000,322000000,326000000,322600000
2018-02-23,70.700,70.7000000000,,,323018027.00416090,22837374509.194175630000000000,322000000,326000000,322000000,326000000,322600000,322000000,326000000,322000000,326000000,322600000
2018-02-26,70.580,70.5800000000,,,323018027.00175387,22798612345.783788144600000000,322000000,326000000,322000000,326000000,322600000,322000000,326000000,322000000,326000000,322600000
2018-02-27,69.000,69.0000000000,,,323018026.99265540,22288243862.493222600000000000,322000000,326000000,322000000,326000000,322600000,322000000,326000000,322000000,326000000,322600000
2018-02-28,68.590,68.5900000000,,,323018026.99547480,22155806471.619616532000000000,322000000,326000000,322000000,326000000,322600000,322000000,326000000,322000000,326000000,322600000
2018-03-01,67.380,67.3800000000,,,323018026.99602026,21764954658.991845118800000000,322000000,326000000,322000000,326000000,322600000,322000000,326000000,322000000,326000000,322600000
2018-03-02,67.510,67.5100000000,,,323018027.00406210,21806947003.044232371000000000,322000000,326000000,322000000,326000000,322600000,322000000,326000000,322000000,326000000,322600000
2018-03-05,67.550,67.5500000000,,,323018027.00386244,21819867724.110907822000000000,322000000,326000000,322000000,326000000,322600000,322000000,326000000,322000000,326000000,322600000
2018-03-06,68.110,68.1100000000,,,322476579.00627905,21963879796.117666095500000000,323000000,323000000,323000000,323000000,322476579,323000000,323000000,323000000,323000000,322476579
2018-03-07,69.700,69.7000000000,,,322476579.00211716,22476617556.447566052000000000,323000000,323000000,323000000,323000000,322476579,323000000,323000000,323000000,323000000,322476579
2018-03-08,69.850,69.8500000000,,,322476579.00722170,22524989043.654435745000000000,323000000,323000000,323000000,323000000,322476579,323000000,323000000,323000000,323000000,322476579
2018-03-09,71.130,71.1300000000,,,322476579.00062210,22937759064.314249973000000000,323000000,323000000,323000000,323000000,322476579,323000000,323000000,323000000,323000000,322476579
2018-03-12,70.710,70.7100000000,,,322476578.99260527,22802318900.567118641700000000,323000000,323000000,323000000,323000000,322476579,323000000,323000000,323000000,323000000,322476579
2018-03-13,70.680,70.6800000000,,,322476579.00572485,22792644604.124632398000000000,323000000,323000000,323000000,323000000,322476579,323000000,323000000,323000000,323000000,322476579
2018-03-14,69.920,69.9200000000,,,322476578.99833320,22547562403.563457344000000000,323000000,323000000,323000000,323000000,322476579,323000000,323000000,323000000,323000000,322476579
2018-03-15,70.180,70.1800000000,,,322476579.00414157,22631406314.510655382600000000,323000000,323000000,323000000,323000000,322476579,323000000,323000000,323000000,323000000,322476579
2018-03-16,69.900,69.9000000000,,,322476578.99874914,22541112872.012564886000000000,323000000,323000000,323000000,323000000,322476579,323000000,323000000,323000000,323000000,322476579
2018-03-19,69.340,69.3400000000,,,322476578.99795026,22360525987.717871028400000000,323000000,323000000,323000000,323000000,322476579,323000000,323000000,323000000,323000000,322476579
2018-03-20,69.850,69.8500000000,,,322476579.00722170,22524989043.654435745000000000,323000000,323000000,323000000,323000000,322476579,323000000,323000000,323000000,323000000,322476579
2018-03-21,69.400,69.4000000000,,,322476579.00720555,22379874583.100065170000000000,323000000,323000000,323000000,323000000,322476579,323000000,323000000,323000000,323000000,322476579
2018-03-22,67.470,67.4700000000,,,322476579.00184740,21757494785.254644078000000000,323000000,323000000,323000000,323000000,322476579,323000000,323000000,323000000,323000000,322476579
2018-03-23,66.060,66.0600000000,,,322476579.00301020,21302802808.938853812000000000,323000000,323000000,323000000,323000000,322476579,323000000,323000000,323000000,323000000,322476579
2018-03-26,68.200,68.2000000000,,,322476579.00743550,21992902688.307101100000000000,323000000,323000000,323000000,323000000,322476579,323000000,323000000,323000000,323000000,322476579
2018-03-27,67.000,67.0000000000,,,322476579.00222960,21605930793.149383200000000000,323000000,323000000,323000000,323000000,322476579,323000000,323000000,323000000,323000000,322476579
2018-03-28,66.400,66.4000000000,,,322476579.00230270,21412444845.752899280000000000,323000000,323000000,323000000,323000000,322476579,323000000,323000000,323000000,323000000,322476579
2018-03-29,66.900,66.9000000000,,,322476579.00398920,21573683135.366877480000000000,323000000,323000000,323000000,323000000,322476579,323000000,323000000,323000000,323000000,322476579
2018-04-02,64.430,64.4300000000,,,322476578.99429680,20777165984.602542824000000000,323000000,323000000,323000000,323000000,322476579,323000000,323000000,323000000,323000000,322476579
2018-04-03,65.420,65.4200000000,,,322476579.00385730,21096417798.432344566000000000,323000000,323000000,323000000,323000000,322476579,323000000,323000000,323000000,323000000,322476579
2018-04-04,65.450,65.4500000000,,,322476578.99527645,21106092095.240843652500000000,323000000,323000000,323000000,323000000,322476579,323000000,323000000,323000000,323000000,322476579
2018-04-05,65.680,65.6800000000,,,322476579.00533870,21180261709.070645816000000000,323000000,323000000,323000000,323000000,322476579,323000000,323000000,323000000,323000000,322476579
2018-04-06,63.650,63.6500000000,,,322476579.00630796,20525634253.751501654000000000,323000000,323000000,323000000,323000000,322476579,323000000,323000000,323000000,323000000,322476579
2018-04-09,65.190,65.1900000000,,,322476578.99374970,21022248184.602542943000000000,323000000,323000000,323000000,323000000,322476579,323000000,323000000,323000000,323000000,322476579
2018-04-10,66.640,66.6400000000,,,322476579.00702430,21489839225.028099352000000000,323000000,323000000,323000000,323000000,322476579,323000000,323000000,323000000,323000000,322476579
2018-04-11,66.080,66.0800000000,,,322476578.99397236,21309252339.921693548800000000,323000000,323000000,323000000,323000000,322476579,323000000,323000000,323000000,323000000,322476579
2018-04-12,67.200,67.2000000000,,,322476579.00402740,21670426109.070641280000000000,323000000,323000000,323000000,323000000,322476579,323000000,323000000,323000000,323000000,322476579
2018-04-13,67.210,67.2100000000,,,322476579.00651830,21673650875.028094943000000000,323000000,323000000,323000000,323000000,322476579,323000000,323000000,323000000,323000000,322476579
2018-04-16,68.170,68.1700000000,,,322476579.00281060,21983228390.621598602000000000,323000000,323000000,323000000,323000000,322476579,323000000,323000000,323000000,323000000,322476579
2018-04-17,68.440,68.4400000000,,,322476579.00668250,22070297067.217350300000000000,323000000,323000000,323000000,323000000,322476579,323000000,323000000,323000000,323000000,322476579
2018-04-18,69.550,69.5500000000,,,322476578.99849030,22428246069.345000365000000000,323000000,323000000,323000000,323000000,322476579,323000000,323000000,323000000,323000000,322476579
2018-04-19,67.970,67.9700000000,,,322476579.00050247,21918733074.664152885900000000,323000000,323000000,323000000,323000000,322476579,323000000,323000000,323000000,323000000,322476579
2018-04-20,67.550,67.5500000000,,,322476579.00663510,21783292911.898201005000000000,323000000,323000000,323000000,323000000,322476579,323000000,323000000,323000000,323000000,322476579
2018-04-23,68.070,68.0700000000,,,322476578.99384380,21950980732.110947466000000000,323000000,323000000,323000000,323000000,322476579,323000000,323000000,323000000,323000000,322476579
2018-04-24,66.640,66.6400000000,,,322476579.00702430,21489839225.028099352000000000,323000000,323000000,323000000,323000000,322476579,323000000,323000000,323000000,323000000,322476579
2018-04-25,65.800,65.8000000000,,,322476579.00353110,21218958898.432346380000000000,323000000,323000000,323000000,323000000,322476579,323000000,323000000,323000000,323000000,322476579
2018-04-26,66.370,66.3700000000,,,322476579.00304870,21402770548.432342219000000000,323000000,323000000,323000000,323000000,322476579,323000000,323000000,323000000,323000000,322476579
2018-04-27,66.280,66.2800000000,,,322476578.99636610,21373747655.879145108000000000,323000000,323000000,323000000,323000000,322476579,323000000,323000000,323000000,323000000,322476579
2018-04-30,65.740,65.7400000000,,,322476579.00443410,21199610303.751497734000000000,323000000,323000000,323000000,323000000,322476579,323000000,323000000,323000000,323000000,322476579
2018-05-01,66.240,66.2400000000,,,322476579.00231270,21360848593.113193248000000000,323000000,323000000,323000000,323000000,322476579,323000000,323000000,323000000,323000000,322476579
2018-05-02,65.910,65.9100000000,,,322476578.99918973,21254431321.836595104300000000,323000000,323000000,323000000,323000000,322476579,323000000,323000000,323000000,323000000,322476579
2018-05-03,66.340,66.3400000000,,,322476578.99547774,21393096250.559993271600000000,323000000,323000000,323000000,323000000,322476579,323000000,323000000,323000000,323000000,322476579
2018-05-04,67.000,67.0000000000,,,322476579.00168950,21605930793.113196500000000000,323000000,323000000,323000000,323000000,322476579,323000000,323000000,323000000,323000000,322476579
2018-05-07,67.390,67.3900000000,,,322476579.00386770,21731696659.070644303000000000,323000000,323000000,323000000,323000000,322476579,323000000,323000000,323000000,323000000,322476579
2018-05-08,67.370,67.3700000000,,,322476578.99889780,21725247127.155744786000000000,323000000,323000000,323000000,323000000,322476579,323000000,323000000,323000000,323000000,322476579
2018-05-09,68.130,68.1300000000,,,322476578.99298100,21970329326.791795530000000000,323000000,323000000,323000000,323000000,322476579,323000000,323000000,323000000,323000000,322476579
2018-05-10,68.860,68.8600000000,,,322476579.00062880,22205737229.983299168000000000,323000000,323000000,323000000,323000000,322476579,323000000,323000000,323000000,323000000,322476579
2018-05-11,69.450,69.4500000000,,,322476579.00501370,22395998411.898201465000000000,323000000,323000000,323000000,323000000,322476579,323000000,323000000,323000000,323000000,322476579
2018-05-14,69.210,69.2100000000,,,322476578.99307823,22318604032.110944298300000000,323000000,323000000,323000000,323000000,322476579,323000000,323000000,323000000,323000000,322476579
2018-05-15,62.500,62.5000000000,,,322476578.99350620,20154786187.094137500000000000,323000000,323000000,323000000,323000000,322476579,323000000,323000000,323000000,323000000,322476579
2018-05-16,61.940,61.9400000000,,,322476578.99663530,19974199303.051590482000000000,323000000,323000000,323000000,323000000,322476579,323000000,323000000,323000000,323000000,322476579
2018-05-17,63.590,63.5900000000,,,322476579.00724405,20506285659.070649139500000000,323000000,323000000,323000000,323000000,322476579,323000000,323000000,323000000,323000000,322476579
2018-05-18,64.320,64.3200000000,,,322476578.99872970,20741693561.198294304000000000,323000000,323000000,323000000,323000000,322476579,323000000,323000000,323000000,323000000,322476579
2018-05-21,65.550,65.5500000000,,,322476579.00459950,21138339753.751497225000000000,323000000,323000000,323000000,323000000,322476579,323000000,323000000,323000000,323000000,322476579
2018-05-22,64.840,64.8400000000,,,322476579.00177200,20909381382.474896480000000000,323000000,323000000,323000000,323000000,322476579,323000000,323000000,323000000,323000000,322476579
2018-05-23,64.530,64.5300000000,,,322476579.00376874,20809413643.113196792200000000,323000000,323000000,323000000,323000000,322476579,323000000,323000000,323000000,323000000,322476579
2018-05-24,64.120,64.1200000000,,,322476578.99627020,20677198245.240845224000000000,323000000,323000000,323000000,323000000,322476579,323000000,323000000,323000000,323000000,322476579
2018-05-25,63.150,63.1500000000,,,322476578.99746460,20364395963.689889490000000000,323000000,323000000,323000000,323000000,322476579,323000000,323000000,323000000,323000000,322476579
2018-05-29,61.850,61.8500000000,,,322476579.00666520,19945176411.562242620000000000,323000000,323000000,323000000,323000000,322476579,323000000,323000000,323000000,323000000,322476579
2018-05-30,62.690,62.6900000000,,,322476578.99336636,20216056737.094137108400000000,323000000,323000000,323000000,323000000,322476579,323000000,323000000,323000000,323000000,322476579
2018-05-31,61.920,61.9200000000,,,319952125.99629230,19811435641.690419216000000000,322000000,326000000,322000000,326000000,319952126,322000000,326000000,322000000,326000000,319952126
2018-06-01,62.780,62.7800000000,,,319952126.00213180,20086594470.413834404000000000,322000000,326000000,322000000,326000000,319952126,322000000,326000000,322000000,326000000,319952126
2018-06-04,63.380,63.3800000000,,,319952126.00460590,20278565746.171921942000000000,322000000,326000000,322000000,326000000,319952126,322000000,326000000,322000000,326000000,319952126
2018-06-05,63.520,63.5200000000,,,319952126.00825363,20323359044.044270577600000000,322000000,326000000,322000000,326000000,319952126,322000000,326000000,322000000,326000000,319952126
2018-06-06,65.190,65.1900000000,,,319952126.00159930,20857679094.044258367000000000,322000000,326000000,322000000,326000000,319952126,322000000,326000000,322000000,326000000,319952126
2018-06-07,65.230,65.2300000000,,,319952126.00261605,20870477179.150644941500000000,322000000,326000000,322000000,326000000,319952126,322000000,326000000,322000000,326000000,319952126
2018-06-08,65.730,65.7300000000,,,319952125.99903536,21030453241.916594212800000000,322000000,326000000,322000000,326000000,319952126,322000000,326000000,322000000,326000000,319952126
2018-06-11,66.130,66.1300000000,,,319952125.99299234,21158434091.916583444200000000,322000000,326000000,322000000,326000000,319952126,322000000,326000000,322000000,326000000,319952126
2018-06-12,66.320,66.3200000000,,,319952125.99776710,21219224996.171914072000000000,322000000,326000000,322000000,326000000,319952126,322000000,326000000,322000000,326000000,319952126
2018-06-13,66.260,66.2600000000,,,319952125.99626220,21200027868.512333372000000000,322000000,326000000,322000000,326000000,319952126,322000000,326000000,322000000,326000000,319952126
2018-06-14,66.310,66.3100000000,,,319952125.99751645,21216025474.895315799500000000,322000000,326000000,322000000,326000000,319952126,322000000,326000000,322000000,326000000,319952126
2018-06-15,66.130,66.1300000000,,,319952125.99299234,21158434091.916583444200000000,322000000,326000000,322000000,326000000,319952126,322000000,326000000,322000000,326000000,319952126
2018-06-18,64.970,64.9700000000,,,319952125.99598500,20787289625.959145450000000000,322000000,326000000,322000000,326000000,319952126,322000000,326000000,322000000,326000000,319952126
2018-06-19,63.520,63.5200000000,,,319952126.00825363,20323359044.044270577600000000,322000000,326000000,322000000,326000000,319952126,322000000,326000000,322000000,326000000,319952126
2018-06-20,62.790,62.7900000000,,,319952126.00239575,20089793991.690429142500000000,322000000,326000000,322000000,326000000,319952126,322000000,326000000,322000000,326000000,319952126
2018-06-21,63.040,63.0400000000,,,319952125.99209195,20169782022.541476528000000000,322000000,326000000,322000000,326000000,319952126,322000000,326000000,322000000,326000000,319952126
2018-06-22,62.790,62.7900000000,,,319952126.00239575,20089793991.690429142500000000,322000000,326000000,322000000,326000000,319952126,322000000,326000000,322000000,326000000,319952126
2018-06-25,61.200,61.2000000000,,,319952125.99410707,19581070110.839352684000000000,322000000,326000000,322000000,326000000,319952126,322000000,326000000,322000000,326000000,319952126
2018-06-26,61.980,61.9800000000,,,319952125.99790250,19830632769.349996950000000000,322000000,326000000,322000000,326000000,319952126,322000000,326000000,322000000,326000000,319952126
2018-06-27,61.140,61.1400000000,,,319952125.99247260,19561872983.179774764000000000,322000000,326000000,322000000,326000000,319952126,322000000,326000000,322000000,326000000,319952126
2018-06-28,61.290,61.2900000000,,,319952125.99655277,19609865802.328719273300000000,322000000,326000000,322000000,326000000,319952126,322000000,326000000,322000000,326000000,319952126
2018-06-29,61.840,61.8400000000,,,319952125.99414050,19785839471.477648520000000000,322000000,326000000,322000000,326000000,319952126,322000000,326000000,322000000,326000000,319952126
2018-07-02,61.470,61.4700000000,,,319952126.00505180,19667457185.530534146000000000,322000000,326000000,322000000,326000000,319952126,322000000,326000000,322000000,326000000,319952126
2018-07-03,61.250,61.2500000000,,,319952126.00021490,19597067717.513162625000000000,322000000,326000000,322000000,326000000,319952126,322000000,326000000,322000000,326000000,319952126
2018-07-05,61.800,61.8000000000,,,319952126.00548160,19773041387.138762880000000000,322000000,326000000,322000000,326000000,319952126,322000000,326000000,322000000,326000000,319952126
2018-07-06,62.290,62.2900000000,,,319952125.99565530,19929817928.269368637000000000,322000000,326000000,322000000,326000000,319952126,322000000,326000000,322000000,326000000,319952126
2018-07-09,63.120,63.1200000000,,,319952126.00000674,20195378193.120425428800000000,322000000,326000000,322000000,326000000,319952126,322000000,326000000,322000000,326000000,319952126
2018-07-10,63.670,63.6700000000,,,319952126.00512060,20371351862.746028602000000000,322000000,326000000,322000000,326000000,319952126,322000000,326000000,322000000,326000000,319952126
2018-07-11,62.860,62.8600000000,,,319952125.99781190,20112190640.222456034000000000,322000000,326000000,322000000,326000000,319952126,322000000,326000000,322000000,326000000,319952126
2018-07-12,63.450,63.4500000000,,,319952126.00045160,20300962394.728654020000000000,322000000,326000000,322000000,326000000,319952126,322000000,326000000,322000000,326000000,319952126
2018-07-13,63.380,63.3800000000,,,319952126.00574356,20278565746.244026832800000000,322000000,326000000,322000000,326000000,319952126,322000000,326000000,322000000,326000000,319952126
2018-07-16,62.720,62.7200000000,,,319952126.00490373,20067397343.027561945600000000,322000000,326000000,322000000,326000000,319952126,322000000,326000000,322000000,326000000,319952126
2018-07-17,63.040,63.0400000000,,,319952126.00506400,20169782023.359234560000000000,322000000,326000000,322000000,326000000,319952126,322000000,326000000,322000000,326000000,319952126
2018-07-18,62.990,62.9900000000,,,319952126.00733590,20153784417.202088341000000000,322000000,326000000,322000000,326000000,319952126,322000000,326000000,322000000,326000000,319952126
2018-07-19,64.150,64.1500000000,,,319952125.99532473,20524928882.600081429500000000,322000000,326000000,322000000,326000000,319952126,322000000,326000000,322000000,326000000,319952126
2018-07-20,63.850,63.8500000000,,,319952125.99563850,20428943244.821518225000000000,322000000,326000000,322000000,326000000,319952126,322000000,326000000,322000000,326000000,319952126
2018-07-23,63.720,63.7200000000,,,319952126.00287473,20387349468.903177795600000000,322000000,326000000,322000000,326000000,319952126,322000000,326000000,322000000,326000000,319952126
2018-07-24,64.790,64.7900000000,,,319952125.99573123,20729698243.263426391700000000,322000000,326000000,322000000,326000000,319952126,322000000,326000000,322000000,326000000,319952126
2018-07-25,65.960,65.9600000000,,,319952126.00059533,21104042230.999267966800000000,322000000,326000000,322000000,326000000,319952126,322000000,326000000,322000000,326000000,319952126
2018-07-26,66.750,66.7500000000,,,319952126.00703716,21356804410.969730430000000000,322000000,326000000,322000000,326000000,319952126,322000000,326000000,322000000,326000000,319952126
2018-07-27,65.750,65.7500000000,,,319952125.99289460,21036852284.032819950000000000,322000000,326000000,322000000,326000000,319952126,322000000,326000000,322000000,326000000,319952126
2018-07-30,64.630,64.6300000000,,,319952126.00558645,20678505903.741052263500000000,322000000,326000000,322000000,326000000,319952126,322000000,326000000,322000000,326000000,319952126
2018-07-31,66.040,66.0400000000,,,319952125.99576700,21129638400.760452680000000000,322000000,326000000,322000000,326000000,319952126,322000000,326000000,322000000,326000000,319952126
2018-08-01,64.980,64.9800000000,,,319952126.00302810,20790489147.676765938000000000,322000000,326000000,322000000,326000000,319952126,322000000,326000000,322000000,326000000,319952126
2018-08-02,65.290,65.2900000000,,,319952126.00293890,20889674306.731880781000000000,322000000,326000000,322000000,326000000,319952126,322000000,326000000,322000000,326000000,319952126
2018-08-03,65.730,65.7300000000,,,319952125.99582136,21030453241.705337992800000000,322000000,326000000,322000000,326000000,319952126,322000000,326000000,322000000,326000000,319952126
2018-08-06,66.510,66.5100000000,,,319952126.00209355,21280015900.399242010500000000,322000000,326000000,322000000,326000000,319952126,322000000,326000000,322000000,326000000,319952126
2018-08-07,67.660,67.6600000000,,,319952126.00623660,21647960845.581968356000000000,322000000,326000000,322000000,326000000,319952126,322000000,326000000,322000000,326000000,319952126
2018-08-08,67.380,67.3800000000,,,319952126.00707215,21558374250.356521467000000000,322000000,326000000,322000000,326000000,319952126,322000000,326000000,322000000,326000000,319952126
2018-08-09,66.690,66.6900000000,,,319952125.99302340,21337607282.474730546000000000,322000000,326000000,322000000,326000000,319952126,322000000,326000000,322000000,326000000,319952126
2018-08-10,66.260,66.2600000000,,,319952126.00026910,21200027868.777830566000000000,322000000,326000000,322000000,326000000,319952126,322000000,326000000,322000000,326000000,319952126
2018-08-13,65.940,65.9400000000,,,319952126.00009334,21097643188.446154839600000000,322000000,326000000,322000000,326000000,319952126,322000000,326000000,322000000,326000000,319952126
2018-08-14,66.750,66.7500000000,,,319952126.00703716,21356804410.969730430000000000,322000000,326000000,322000000,326000000,319952126,322000000,326000000,322000000,326000000,319952126
2018-08-15,64.730,64.7300000000,,,319952125.99767840,20710501115.829722832000000000,322000000,326000000,322000000,326000000,319952126,322000000,326000000,322000000,326000000,319952126
2018-08-16,65.500,65.5000000000,,,319952126.00721680,20956864253.472700400000000000,322000000,326000000,322000000,326000000,319952126,322000000,326000000,322000000,326000000,319952126
2018-08-17,64.660,64.6600000000,,,319952126.00286250,20688104467.345089250000000000,322000000,326000000,322000000,326000000,319952126,322000000,326000000,322000000,326000000,319952126
2018-08-20,64.470,64.4700000000,,,319952125.99552894,20627313562.931750761800000000,322000000,326000000,322000000,326000000,319952126,322000000,326000000,322000000,326000000,319952126
2018-08-21,64.930,64.9300000000,,,319952126.00523050,20774491541.519616365000000000,322000000,326000000,322000000,326000000,319952126,322000000,326000000,322000000,326000000,319952126
2018-08-22,65.650,65.6500000000,,,319952126.00067246,21004857071.944146999000000000,322000000,326000000,322000000,326000000,319952126,322000000,326000000,322000000,326000000,319952126
2018-08-23,65.690,65.6900000000,,,319952125.99824550,21017655156.824746895000000000,322000000,326000000,322000000,326000000,319952126,322000000,326000000,322000000,326000000,319952126
2018-08-24,65.980,65.9800000000,,,319952125.99767730,21110441273.326748254000000000,322000000,326000000,322000000,326000000,319952126,322000000,326000000,322000000,326000000,319952126
2018-08-27,66.080,66.0800000000,,,319952125.99335730,21142436485.641050384000000000,322000000,326000000,322000000,326000000,319952126,322000000,326000000,322000000,326000000,319952126
2018-08-28,66.690,66.6900000000,,,319952125.99302340,21337607282.474730546000000000,322000000,326000000,322000000,326000000,319952126,322000000,326000000,322000000,326000000,319952126
2018-08-29,67.010,67.0100000000,,,319952125.99323094,21439991962.806405289400000000,322000000,326000000,322000000,326000000,319952126,322000000,326000000,322000000,326000000,319952126
2018-08-30,67.260,67.2600000000,,,318769547.00160160,21440439731.327723616000000000,320000000,324000000,320000000,324000000,318769547,320000000,324000000,320000000,324000000,318769547
2018-08-31,67.540,67.5400000000,,,318769546.99376017,21529695203.958561881800000000,320000000,324000000,320000000,324000000,318769547,320000000,324000000,320000000,324000000,318769547
2018-09-04,67.270,67.2700000000,,,318769547.00567484,21443627427.071746486800000000,320000000,324000000,320000000,324000000,318769547,320000000,324000000,320000000,324000000,318769547
2018-09-05,66.960,66.9600000000,,,318769547.00060860,21344808867.160751856000000000,320000000,324000000,320000000,324000000,318769547,320000000,324000000,320000000,324000000,318769547
2018-09-06,67.360,67.3600000000,,,318769546.99644080,21472316685.680252288000000000,320000000,324000000,320000000,324000000,318769547,320000000,324000000,320000000,324000000,318769547
2018-09-07,67.400,67.4000000000,,,318769546.99767274,21485067467.643142676000000000,320000000,324000000,320000000,324000000,318769547,320000000,324000000,320000000,324000000,318769547
2018-09-10,67.930,67.9300000000,,,318769547.00125610,21654015327.795326873000000000,320000000,324000000,320000000,324000000,318769547,320000000,324000000,320000000,324000000,318769547
2018-09-11,67.620,67.6200000000,,,318769546.99621910,21555196767.884335542000000000,320000000,324000000,320000000,324000000,318769547,320000000,324000000,320000000,324000000,318769547
2018-09-12,67.910,67.9100000000,,,318769546.99247825,21647639936.259197957500000000,320000000,324000000,320000000,324000000,318769547,320000000,324000000,320000000,324000000,318769547
2018-09-13,69.330,69.3300000000,,,318769546.99437740,22100292693.120185142000000000,320000000,324000000,320000000,324000000,318769547,320000000,324000000,320000000,324000000,318769547
2018-09-14,68.850,68.8500000000,,,318769546.99600460,21947283310.674916710000000000,320000000,324000000,320000000,324000000,318769547,320000000,324000000,320000000,324000000,318769547
2018-09-17,69.080,69.0800000000,,,318769546.99855435,22020600306.660134498000000000,320000000,324000000,320000000,324000000,318769547,320000000,324000000,320000000,324000000,318769547
2018-09-18,68.930,68.9300000000,,,318769546.99841416,21972784874.600688048800000000,320000000,324000000,320000000,324000000,318769547,320000000,324000000,320000000,324000000,318769547
2018-09-19,69.560,69.5600000000,,,318769546.99691504,22173609689.105410182400000000,320000000,324000000,320000000,324000000,318769547,320000000,324000000,320000000,324000000,318769547
2018-09-20,71.130,71.1300000000,,,318769546.99881680,22674077878.025838984000000000,320000000,324000000,320000000,324000000,318769547,320000000,324000000,320000000,324000000,318769547
2018-09-21,70.720,70.7200000000,,,318769546.99890150,22543382363.762314080000000000,320000000,324000000,320000000,324000000,318769547,320000000,324000000,320000000,324000000,318769547
2018-09-24,69.950,69.9500000000,,,318769547.00417690,22297929812.942174155000000000,320000000,324000000,320000000,324000000,318769547,320000000,324000000,320000000,324000000,318769547
2018-09-25,70.380,70.3800000000,,,318769546.99745010,22435000717.680538038000000000,320000000,324000000,320000000,324000000,318769547,320000000,324000000,320000000,324000000,318769547
2018-09-26,70.330,70.3300000000,,,318769547.00678000,22419062240.986837400000000000,320000000,324000000,320000000,324000000,318769547,320000000,324000000,320000000,324000000,318769547
2018-09-27,70.800,70.8000000000,,,318769547.00124420,22568883927.688089360000000000,320000000,324000000,320000000,324000000,318769547,320000000,324000000,320000000,324000000,318769547
2018-09-28,70.540,70.5400000000,,,318769547.00147444,22486003845.484006997600000000,320000000,324000000,320000000,324000000,318769547,320000000,324000000,320000000,324000000,318769547
2018-10-01,71.260,71.2600000000,,,318769546.99747050,22715517919.039747830000000000,320000000,324000000,320000000,324000000,318769547,320000000,324000000,320000000,324000000,318769547
2018-10-02,71.680,71.6800000000,,,318769547.00656444,22849401129.430539059200000000,320000000,324000000,320000000,324000000,318769547,320000000,324000000,320000000,324000000,318769547
2018-10-03,72.120,72.1200000000,,,318769546.99509240,22989659729.286063888000000000,320000000,324000000,320000000,324000000,318769547,320000000,324000000,320000000,324000000,318769547
2018-10-04,70.660,70.6600000000,,,318769547.00239810,22524256191.189449746000000000,320000000,324000000,320000000,324000000,318769547,320000000,324000000,320000000,324000000,318769547
2018-10-05,70.300,70.3000000000,,,318769547.00279150,22409499154.296242450000000000,320000000,324000000,320000000,324000000,318769547,320000000,324000000,320000000,324000000,318769547
2018-10-08,69.500,69.5000000000,,,318769546.99983390,22154483516.488456050000000000,320000000,324000000,320000000,324000000,318769547,320000000,324000000,320000000,324000000,318769547
2018-10-09,69.410,69.4100000000,,,318769547.00738640,22125794257.782690024000000000,320000000,324000000,320000000,324000000,318769547,320000000,324000000,320000000,324000000,318769547
2018-10-10,66.670,66.6700000000,,,318769547.00766450,21252365699.000992215000000000,320000000,324000000,320000000,324000000,318769547,320000000,324000000,320000000,324000000,318769547
2018-10-11,64.890,64.8900000000,,,318769547.00204664,20684955904.962806469600000000,320000000,324000000,320000000,324000000,318769547,320000000,324000000,320000000,324000000,318769547
2018-10-12,66.240,66.2400000000,,,318769546.99303716,21115294792.818781478400000000,320000000,324000000,320000000,324000000,318769547,320000000,324000000,320000000,324000000,318769547
2018-10-15,65.630,65.6300000000,,,318769546.99413430,20920845369.225034109000000000,320000000,324000000,320000000,324000000,318769547,320000000,324000000,320000000,324000000,318769547
2018-10-16,67.460,67.4600000000,,,318769547.00660140,21504193641.065330444000000000,320000000,324000000,320000000,324000000,318769547,320000000,324000000,320000000,324000000,318769547
2018-10-17,67.200,67.2000000000,,,318769547.00329375,21421313558.621340000000000000,320000000,324000000,320000000,324000000,318769547,320000000,324000000,320000000,324000000,318769547
2018-10-18,65.750,65.7500000000,,,318769546.99937826,20959097715.209120595000000000,320000000,324000000,320000000,324000000,318769547,320000000,324000000,320000000,324000000,318769547
2018-10-19,64.470,64.4700000000,,,318769547.00764840,20551072695.583092348000000000,320000000,324000000,320000000,324000000,318769547,320000000,324000000,320000000,324000000,318769547
2018-10-22,64.280,64.2800000000,,,318769547.00325227,20490506481.369055915600000000,320000000,324000000,320000000,324000000,318769547,320000000,324000000,320000000,324000000,318769547
2018-10-23,62.730,62.7300000000,,,318769547.00315034,19996413683.507620828200000000,320000000,324000000,320000000,324000000,318769547,320000000,324000000,320000000,324000000,318769547
2018-10-24,61.130,61.1300000000,,,318769546.99643457,19486382407.892045264100000000,320000000,324000000,320000000,324000000,318769547,320000000,324000000,320000000,324000000,318769547
2018-10-25,62.610,62.6100000000,,,318769546.99766064,19958161337.523532670400000000,320000000,324000000,320000000,324000000,318769547,320000000,324000000,320000000,324000000,318769547
2018-10-26,62.730,62.7300000000,,,318769547.00315034,19996413683.507620828200000000,320000000,324000000,320000000,324000000,318769547,320000000,324000000,320000000,324000000,318769547
2018-10-29,62.080,62.0800000000,,,318769547.00230646,19789213477.903185036800000000,320000000,324000000,320000000,324000000,318769547,320000000,324000000,320000000,324000000,318769547
2018-10-30,63.640,63.6400000000,,,318769547.00748026,20286493971.556043746400000000,320000000,324000000,320000000,324000000,318769547,320000000,324000000,320000000,324000000,318769547
2018-10-31,64.790,64.7900000000,,,318769547.00518000,20653078950.465612200000000000,320000000,324000000,320000000,324000000,318769547,320000000,324000000,320000000,324000000,318769547
2018-11-01,65.220,65.2200000000,,,318769547.00454990,20790149855.636744478000000000,320000000,324000000,320000000,324000000,318769547,320000000,324000000,320000000,324000000,318769547
2018-11-02,65.930,65.9300000000,,,318769546.99954060,21016476233.679711758000000000,320000000,324000000,320000000,324000000,318769547,320000000,324000000,320000000,324000000,318769547
2018-11-05,65.910,65.9100000000,,,318769547.00658310,21010100843.203892121000000000,320000000,324000000,320000000,324000000,318769547,320000000,324000000,320000000,324000000,318769547
2018-11-06,65.980,65.9800000000,,,318769547.00566600,21032414711.433842680000000000,320000000,324000000,320000000,324000000,318769547,320000000,324000000,320000000,324000000,318769547
2018-11-07,68.260,68.2600000000,,,318769546.99335027,21759209277.766089430200000000,320000000,324000000,320000000,324000000,318769547,320000000,324000000,320000000,324000000,318769547
2018-11-08,67.790,67.7900000000,,,318769546.99336510,21609387590.680220129000000000,320000000,324000000,320000000,324000000,318769547,320000000,324000000,320000000,324000000,318769547
2018-11-09,67.270,67.2700000000,,,318769547.00168455,21443627426.803319678500000000,320000000,324000000,320000000,324000000,318769547,320000000,324000000,320000000,324000000,318769547
2018-11-12,64.500,64.5000000000,,,318769547.00468770,20560635781.802356650000000000,320000000,324000000,320000000,324000000,318769547,320000000,324000000,320000000,324000000,318769547
2018-11-13,64.340,64.3400000000,,,318769546.99732023,20509632653.807583598200000000,320000000,324000000,320000000,324000000,318769547,320000000,324000000,320000000,324000000,318769547
2018-11-14,63.470,63.4700000000,,,318769546.99495584,20232303147.769847164800000000,320000000,324000000,320000000,324000000,318769547,320000000,324000000,320000000,324000000,318769547
2018-11-15,64.720,64.7200000000,,,318769547.00611347,20630765082.235663778400000000,320000000,324000000,320000000,324000000,318769547,320000000,324000000,320000000,324000000,318769547
2018-11-16,64.990,64.9900000000,,,318769546.99818470,20716832859.412023653000000000,320000000,324000000,320000000,324000000,318769547,320000000,324000000,320000000,324000000,318769547
2018-11-19,62.610,62.6100000000,,,318769546.99766064,19958161337.523532670400000000,320000000,324000000,320000000,324000000,318769547,320000000,324000000,320000000,324000000,318769547
2018-11-20,67.520,67.5200000000,,,318769547.00094580,21523319813.503860416000000000,320000000,324000000,320000000,324000000,318769547,320000000,324000000,320000000,324000000,318769547
2018-11-21,67.720,67.7200000000,,,318769546.99424493,21587073722.450266659600000000,320000000,324000000,320000000,324000000,318769547,320000000,324000000,320000000,324000000,318769547
2018-11-23,68.210,68.2100000000,,,318769547.00294690,21743270801.071008049000000000,320000000,324000000,320000000,324000000,318769547,320000000,324000000,320000000,324000000,318769547
2018-11-26,69.250,69.2500000000,,,318769547.00054750,22074791129.787914375000000000,320000000,324000000,320000000,324000000,318769547,320000000,324000000,320000000,324000000,318769547
2018-11-27,69.360,69.3600000000,,,318769547.00156504,22109855780.028551174400000000,320000000,324000000,320000000,324000000,318769547,320000000,324000000,320000000,324000000,318769547
2018-11-28,71.480,71.4800000000,,,318769546.99878365,22785647219.473055302000000000,320000000,324000000,320000000,324000000,318769547,320000000,324000000,320000000,324000000,318769547
2018-11-29,71.570,71.5700000000,,,318769547.00625783,22814336479.237872893100000000,320000000,324000000,320000000,324000000,318769547,320000000,324000000,320000000,324000000,318769547
2018-11-30,72.350,72.3500000000,,,318769547.00084025,23062976725.510792087500000000,320000000,324000000,320000000,324000000,318769547,320000000,324000000,320000000,324000000,318769547
2018-12-03,74.670,74.6700000000,,,318769547.00566190,23802522074.912774073000000000,320000000,324000000,320000000,324000000,318769547,320000000,324000000,320000000,324000000,318769547
2018-12-04,72.910,72.9100000000,,,318769546.99424500,23241487671.350402950000000000,320000000,324000000,320000000,324000000,318769547,320000000,324000000,320000000,324000000,318769547
2018-12-06,71.910,71.9100000000,,,318769546.99758320,22922718124.596207912000000000,320000000,324000000,320000000,324000000,318769547,320000000,324000000,320000000,324000000,318769547
2018-12-07,70.250,70.2500000000,,,318769546.99704070,22393560676.542109175000000000,320000000,324000000,320000000,324000000,318769547,320000000,324000000,320000000,324000000,318769547
2018-12-10,70.590,70.5900000000,,,318769547.00325114,22501942322.959497972600000000,320000000,324000000,320000000,324000000,318769547,320000000,324000000,320000000,324000000,318769547
2018-12-11,71.050,71.0500000000,,,318769546.99999850,22648576314.349893425000000000,320000000,324000000,320000000,324000000,318769547,320000000,324000000,320000000,324000000,318769547
2018-12-12,71.750,71.7500000000,,,318769547.00572110,22871714997.660488925000000000,320000000,324000000,320000000,324000000,318769547,320000000,324000000,320000000,324000000,318769547
2018-12-13,71.140,71.1400000000,,,318769546.99262950,22677265573.055662630000000000,320000000,324000000,320000000,324000000,318769547,320000000,324000000,320000000,324000000,318769547
2018-12-14,69.360,69.3600000000,,,318769547.00156504,22109855780.028551174400000000,320000000,324000000,320000000,324000000,318769547,320000000,324000000,320000000,324000000,318769547
2018-12-17,67.850,67.8500000000,,,318769547.00335747,21628513764.177804339500000000,320000000,324000000,320000000,324000000,318769547,320000000,324000000,320000000,324000000,318769547
2018-12-18,67.990,67.9900000000,,,318769547.00158420,21673141500.637709758000000000,320000000,324000000,320000000,324000000,318769547,320000000,324000000,320000000,324000000,318769547
2018-12-19,66.830,66.8300000000,,,318769546.99890340,21303368825.936714222000000000,320000000,324000000,320000000,324000000,318769547,320000000,324000000,320000000,324000000,318769547
2018-12-20,65.190,65.1900000000,,,318533054.00048740,20765169790.291773606000000000,321000000,325000000,321000000,325000000,322400000,321000000,325000000,321000000,325000000,322400000
2018-12-21,63.290,63.2900000000,,,318533053.99842703,20159956987.560446728700000000,321000000,325000000,321000000,325000000,322400000,321000000,325000000,321000000,325000000,322400000
2018-12-24,62.670,62.6700000000,,,318533054.00038870,19962466494.204359829000000000,321000000,325000000,321000000,325000000,322400000,321000000,325000000,321000000,325000000,322400000
2018-12-26,65.540,65.5400000000,,,318533053.99487764,20876656358.824280525600000000,321000000,325000000,321000000,325000000,322400000,321000000,325000000,321000000,325000000,322400000
2018-12-27,66.480,66.4800000000,,,318533053.99924490,21176077429.869800952000000000,321000000,325000000,321000000,325000000,322400000,321000000,325000000,321000000,325000000,322400000
2018-12-28,65.960,65.9600000000,,,318533054.00241200,21010440241.999095520000000000,321000000,325000000,321000000,325000000,322400000,321000000,325000000,321000000,325000000,322400000
2018-12-31,67.460,67.4600000000,,,318533053.99649210,21488239822.603357066000000000,321000000,325000000,321000000,325000000,322400000,321000000,325000000,321000000,325000000,322400000
2019-01-02,65.690,65.6900000000,,,318533053.99602770,20924436316.999059613000000000,321000000,325000000,321000000,325000000,322400000,321000000,325000000,321000000,325000000,322400000
2019-01-03,63.270,63.2700000000,,,318533053.99249953,20153586326.105445263100000000,321000000,325000000,321000000,325000000,322400000,321000000,325000000,321000000,325000000,322400000
2019-01-04,65.460,65.4600000000,,,318533053.99368656,20851173714.426722217600000000,321000000,325000000,321000000,325000000,322400000,321000000,325000000,321000000,325000000,322400000
2019-01-07,66.850,66.8500000000,,,318533054.00245900,21293934660.064384150000000000,321000000,325000000,321000000,325000000,322400000,321000000,325000000,321000000,325000000,322400000
2019-01-08,67.830,67.8300000000,,,318533054.00413050,21606097053.100171815000000000,321000000,325000000,321000000,325000000,322400000,321000000,325000000,321000000,325000000,322400000
2019-01-09,69.250,69.2500000000,,,318533054.00585510,22058413989.905465675000000000,321000000,325000000,321000000,325000000,322400000,321000000,325000000,321000000,325000000,322400000
2019-01-10,69.900,69.9000000000,,,318533054.00389326,22265460474.872138874000000000,321000000,325000000,321000000,325000000,322400000,321000000,325000000,321000000,325000000,322400000
2019-01-11,70.380,70.3800000000,,,318533053.99279493,22418356340.012907173400000000,321000000,325000000,321000000,325000000,322400000,321000000,325000000,321000000,325000000,322400000
2019-01-14,69.750,69.7500000000,,,318533053.99887310,22217680516.421398725000000000,321000000,325000000,321000000,325000000,322400000,321000000,325000000,321000000,325000000,322400000
2019-01-15,70.600,70.6000000000,,,318533053.99516970,22488433612.058980820000000000,321000000,325000000,321000000,325000000,322400000,321000000,325000000,321000000,325000000,322400000
2019-01-16,70.030,70.0300000000,,,318533054.00467950,22306869771.947705385000000000,321000000,325000000,321000000,325000000,322400000,321000000,325000000,321000000,325000000,322400000
2019-01-17,70.820,70.8200000000,,,318533053.99297400,22558510883.782418680000000000,321000000,325000000,321000000,325000000,322400000,321000000,325000000,321000000,325000000,322400000
2019-01-18,71.930,71.9300000000,,,318533053.99546470,22912082573.893775871000000000,321000000,325000000,321000000,325000000,322400000,321000000,325000000,321000000,325000000,322400000
2019-01-22,71.320,71.3200000000,,,318533054.00104874,22717777411.354796136800000000,321000000,325000000,321000000,325000000,322400000,321000000,325000000,321000000,325000000,322400000
2019-01-23,71.650,71.6500000000,,,318533054.00452060,22822893319.423900990000000000,321000000,325000000,321000000,325000000,322400000,321000000,325000000,321000000,325000000,322400000
2019-01-24,72.180,72.1800000000,,,318533054.00168020,22991715837.841276836000000000,321000000,325000000,321000000,325000000,322400000,321000000,325000000,321000000,325000000,322400000
2019-01-25,73.650,73.6500000000,,,318533054.00679624,23459959427.600543076000000000,321000000,325000000,321000000,325000000,322400000,321000000,325000000,321000000,325000000,322400000
2019-01-28,73.270,73.2700000000,,,318533053.99996540,23338916866.577464858000000000,321000000,325000000,321000000,325000000,322400000,321000000,325000000,321000000,325000000,322400000
2019-01-29,73.560,73.5600000000,,,318533053.99532676,23431291451.896236465600000000,321000000,325000000,321000000,325000000,322400000,321000000,325000000,321000000,325000000,322400000
2019-01-30,75.440,75.4400000000,,,318533053.99686600,24030133593.523571040000000000,321000000,325000000,321000000,325000000,322400000,321000000,325000000,321000000,325000000,322400000
2019-01-31,76.050,76.0500000000,,,318533054.00550930,24224438757.118982265000000000,321000000,325000000,321000000,325000000,322400000,321000000,325000000,321000000,325000000,322400000
2019-02-01,76.040,76.0400000000,,,318533054.00569070,24221253426.592720828000000000,321000000,325000000,321000000,325000000,322400000,321000000,325000000,321000000,325000000,322400000
2019-02-04,76.030,76.0300000000,,,318533054.00587200,24218068096.066448160000000000,321000000,325000000,321000000,325000000,322400000,321000000,325000000,321000000,325000000,322400000
2019-02-05,76.310,76.3100000000,,,318533053.99733090,24307257350.536320979000000000,321000000,325000000,321000000,325000000,322400000,321000000,325000000,321000000,325000000,322400000
2019-02-06,76.300,76.3000000000,,,318533053.99751055,24304072020.010054965000000000,321000000,325000000,321000000,325000000,322400000,321000000,325000000,321000000,325000000,322400000
2019-02-07,75.330,75.3300000000,,,318533054.00004210,23995094957.823171393000000000,321000000,325000000,321000000,325000000,322400000,321000000,325000000,321000000,325000000,322400000
2019-02-08,75.800,75.8000000000,,,318533054.00388014,24144805493.494114612000000000,321000000,325000000,321000000,325000000,322400000,321000000,325000000,321000000,325000000,322400000
2019-02-11,76.080,76.0800000000,,,318533053.99532044,24233994747.963979075200000000,321000000,325000000,321000000,325000000,322400000,321000000,325000000,321000000,325000000,322400000
2019-02-12,77.070,77.0700000000,,,318533053.99670470,24549342471.526031229000000000,321000000,325000000,321000000,325000000,322400000,321000000,325000000,321000000,325000000,322400000
2019-02-13,77.250,77.2500000000,,,318533054.00489587,24606678421.878205957500000000,321000000,325000000,321000000,325000000,322400000,321000000,325000000,321000000,325000000,322400000
2019-02-14,77.020,77.0200000000,,,318533053.99340516,24533415818.572065423200000000,321000000,325000000,321000000,325000000,322400000,321000000,325000000,321000000,325000000,322400000
2019-02-15,78.300,78.3000000000,,,318533053.99983000,24941138128.186689000000000000,321000000,325000000,321000000,325000000,322400000,321000000,325000000,321000000,325000000,322400000
2019-02-19,77.520,77.5200000000,,,318533054.00083130,24692682346.144442376000000000,321000000,325000000,321000000,325000000,322400000,321000000,325000000,321000000,325000000,322400000
2019-02-20,78.560,78.5600000000,,,318533054.00535214,25023956722.660464118400000000,321000000,325000000,321000000,325000000,322400000,321000000,325000000,321000000,325000000,322400000
2019-02-21,77.890,77.8900000000,,,318533054.00332030,24810539576.318618167000000000,321000000,325000000,321000000,325000000,322400000,321000000,325000000,321000000,325000000,322400000
2019-02-22,78.420,78.4200000000,,,318533054.00482820,24979362095.058627444000000000,321000000,325000000,321000000,325000000,322400000,321000000,325000000,321000000,325000000,322400000
2019-02-25,79.340,79.3400000000,,,318533053.99507070,25272412503.968909338000000000,321000000,325000000,321000000,325000000,322400000,321000000,325000000,321000000,325000000,322400000
2019-02-26,78.550,78.5500000000,,,318533054.00552770,25020771392.134200835000000000,321000000,325000000,321000000,325000000,322400000,321000000,325000000,321000000,325000000,322400000
2019-02-27,79.420,79.4200000000,,,318533054.00587940,25297895149.146941948000000000,321000000,325000000,321000000,325000000,322400000,321000000,325000000,321000000,325000000,322400000
2019-02-28,79.440,79.4400000000,,,318533054.00553220,25304265810.199477968000000000,321000000,325000000,321000000,325000000,322400000,321000000,325000000,321000000,325000000,322400000
2019-03-01,81.240,81.2400000000,,,318533054.00014040,25877625306.971406096000000000,321000000,325000000,321000000,325000000,322400000,321000000,325000000,321000000,325000000,322400000
2019-03-04,80.130,80.1300000000,,,318533053.99800390,25524053616.860052507000000000,321000000,325000000,321000000,325000000,322400000,321000000,325000000,321000000,325000000,322400000
2019-03-05,79.740,79.7400000000,,,317515869.00618577,25318715394.553253299800000000,318000000,322000000,318000000,322000000,317515869,318000000,322000000,318000000,322000000,317515869
2019-03-06,78.750,78.7500000000,,,317515869.00411576,25004374684.074116100000000000,318000000,322000000,318000000,322000000,317515869,318000000,322000000,318000000,322000000,317515869
2019-03-07,78.730,78.7300000000,,,317515869.00309837,24998024366.613934670100000000,318000000,322000000,318000000,322000000,317515869,318000000,322000000,318000000,322000000,317515869
2019-03-08,77.980,77.9800000000,,,317515868.99504160,24759887464.233343968000000000,318000000,322000000,318000000,322000000,317515869,318000000,322000000,318000000,322000000,317515869
2019-03-11,79.300,79.3000000000,,,317515868.99873970,25179008411.600058210000000000,318000000,322000000,318000000,322000000,317515869,318000000,322000000,318000000,322000000,317515869
2019-03-12,79.930,79.9300000000,,,317515868.99515990,25379043408.783130807000000000,318000000,322000000,318000000,322000000,317515869,318000000,322000000,318000000,322000000,317515869
2019-03-13,80.130,80.1300000000,,,317515868.99514955,25442546582.581333441500000000,318000000,322000000,318000000,322000000,317515869,318000000,322000000,318000000,322000000,317515869
2019-03-14,80.610,80.6100000000,,,317515869.00452670,25594954200.454897287000000000,318000000,322000000,318000000,322000000,317515869,318000000,322000000,318000000,322000000,317515869
2019-03-15,81.100,81.1000000000,,,317515868.99630440,25750536975.600286840000000000,318000000,322000000,318000000,322000000,317515869,318000000,322000000,318000000,322000000,317515869
2019-03-18,80.970,80.9700000000,,,317515869.00248160,25709259913.130935152000000000,318000000,322000000,318000000,322000000,317515869,318000000,322000000,318000000,322000000,317515869
2019-03-19,81.200,81.2000000000,,,317515868.99361060,25782288562.281180720000000000,318000000,322000000,318000000,322000000,317515869,318000000,322000000,318000000,322000000,317515869
2019-03-20,80.920,80.9200000000,,,317515868.99730927,25693384119.262266128400000000,318000000,322000000,318000000,322000000,317515869,318000000,322000000,318000000,322000000,317515869
2019-03-21,82.000,82.0000000000,,,317515868.99890745,26036301257.910410900000000000,318000000,322000000,318000000,322000000,317515869,318000000,322000000,318000000,322000000,317515869
2019-03-22,78.990,78.9900000000,,,317515868.99826133,25080578492.172662456700000000,318000000,322000000,318000000,322000000,317515869,318000000,322000000,318000000,322000000,317515869
2019-03-25,79.520,79.5200000000,,,317515869.00521713,25248861903.294866177600000000,318000000,322000000,318000000,322000000,317515869,318000000,322000000,318000000,322000000,317515869
2019-03-26,80.650,80.6500000000,,,317515868.99882500,25607654834.755236250000000000,318000000,322000000,318000000,322000000,317515869,318000000,322000000,318000000,322000000,317515869
2019-03-27,79.000,79.0000000000,,,317515869.00153120,25083753651.120964800000000000,318000000,322000000,318000000,322000000,317515869,318000000,322000000,318000000,322000000,317515869
2019-03-28,79.700,79.7000000000,,,317515869.00417674,25306014759.632886178000000000,318000000,322000000,318000000,322000000,317515869,318000000,322000000,318000000,322000000,317515869
2019-03-29,80.380,80.3800000000,,,317515869.00035090,25521925550.248205342000000000,318000000,322000000,318000000,322000000,317515869,318000000,322000000,318000000,322000000,317515869
2019-04-01,81.560,81.5600000000,,,317515869.00291490,25896594275.877739244000000000,318000000,322000000,318000000,322000000,317515869,318000000,322000000,318000000,322000000,317515869
2019-04-02,81.140,81.1400000000,,,317515868.99802760,25763237610.499959464000000000,318000000,322000000,318000000,322000000,317515869,318000000,322000000,318000000,322000000,317515869
2019-04-03,81.940,81.9400000000,,,317515869.00580280,26017250306.335481432000000000,318000000,322000000,318000000,322000000,317515869,318000000,322000000,318000000,322000000,317515869
2019-04-04,80.830,80.8300000000,,,317515868.99897090,25664807691.186817847000000000,318000000,322000000,318000000,322000000,317515869,318000000,322000000,318000000,322000000,317515869
2019-04-05,81.470,81.4700000000,,,317515868.99807440,25868017847.273121368000000000,318000000,322000000,318000000,322000000,317515869,318000000,322000000,318000000,322000000,317515869
2019-04-08,81.690,81.6900000000,,,317515868.99455110,25937871338.164879359000000000,318000000,322000000,318000000,322000000,317515869,318000000,322000000,318000000,322000000,317515869
2019-04-09,81.420,81.4200000000,,,317515868.99519217,25852142053.588546481400000000,318000000,322000000,318000000,322000000,317515869,318000000,322000000,318000000,322000000,317515869
2019-04-10,81.680,81.6800000000,,,317515868.99672663,25934696179.652631138400000000,318000000,322000000,318000000,322000000,317515869,318000000,322000000,318000000,322000000,317515869
2019-04-11,81.080,81.0800000000,,,317515869.00495680,25744186658.921897344000000000,318000000,322000000,318000000,322000000,317515869,318000000,322000000,318000000,322000000,317515869
2019-04-12,80.980,80.9800000000,,,317515868.99690664,25712435071.369499707200000000,318000000,322000000,318000000,322000000,317515869,318000000,322000000,318000000,322000000,317515869
2019-04-15,80.400,80.4000000000,,,317515869.00392470,25528275867.915545880000000000,318000000,322000000,318000000,322000000,317515869,318000000,322000000,318000000,322000000,317515869
2019-04-16,77.550,77.5500000000,,,317515868.99955136,24623355640.915207968000000000,318000000,322000000,318000000,322000000,317515869,318000000,322000000,318000000,322000000,317515869
2019-04-17,75.430,75.4300000000,,,317515869.00492270,23950221999.041319261000000000,318000000,322000000,318000000,322000000,317515869,318000000,322000000,318000000,322000000,317515869
2019-04-18,76.170,76.1700000000,,,317515868.99863110,24185183741.625730887000000000,318000000,322000000,318000000,322000000,317515869,318000000,322000000,318000000,322000000,317515869
2019-04-22,75.570,75.5700000000,,,317515868.99928850,23994674220.276231945000000000,318000000,322000000,318000000,322000000,317515869,318000000,322000000,318000000,322000000,317515869
2019-04-23,75.560,75.5600000000,,,317515868.99587690,23991499061.328458564000000000,318000000,322000000,318000000,322000000,317515869,318000000,322000000,318000000,322000000,317515869
2019-04-24,75.790,75.7900000000,,,317515868.99548740,24064527711.167990046000000000,318000000,322000000,318000000,322000000,317515869,318000000,322000000,318000000,322000000,317515869
2019-04-25,76.720,76.7200000000,,,317515868.99492510,24359817469.290653672000000000,318000000,322000000,318000000,322000000,317515869,318000000,322000000,318000000,322000000,317515869
2019-04-26,77.420,77.4200000000,,,317515868.99475306,24582078577.573781905200000000,318000000,322000000,318000000,322000000,317515869,318000000,322000000,318000000,322000000,317515869
2019-04-29,77.330,77.3300000000,,,317515868.99764550,24553502149.587926515000000000,318000000,322000000,318000000,322000000,317515869,318000000,322000000,318000000,322000000,317515869
2019-04-30,78.500,78.5000000000,,,317515869.00552124,24924995716.933417340000000000,318000000,322000000,318000000,322000000,317515869,318000000,322000000,318000000,322000000,317515869
2019-05-01,77.470,77.4700000000,,,317515869.00577160,24597954371.877125852000000000,318000000,322000000,318000000,322000000,317515869,318000000,322000000,318000000,322000000,317515869
2019-05-02,78.200,78.2000000000,,,317515868.99633960,24829740955.513756720000000000,318000000,322000000,318000000,322000000,317515869,318000000,322000000,318000000,322000000,317515869
2019-05-03,79.290,79.2900000000,,,317515868.99693376,25175833252.766877830400000000,318000000,322000000,318000000,322000000,317515869,318000000,322000000,318000000,322000000,317515869
2019-05-06,79.350,79.3500000000,,,317515868.99765223,25194884204.963704450500000000,318000000,322000000,318000000,322000000,317515869,318000000,322000000,318000000,322000000,317515869
2019-05-07,76.670,76.6700000000,,,317515868.99754270,24343941676.041598809000000000,318000000,322000000,318000000,322000000,317515869,318000000,322000000,318000000,322000000,317515869
2019-05-08,76.610,76.6100000000,,,317515868.99679900,24324890723.844771390000000000,318000000,322000000,318000000,322000000,317515869,318000000,322000000,318000000,322000000,317515869
2019-05-09,77.000,77.0000000000,,,317515868.99759430,24448721912.814761100000000000,318000000,322000000,318000000,322000000,317515869,318000000,322000000,318000000,322000000,317515869
2019-05-10,77.100,77.1000000000,,,317515868.99803364,24480473499.748393644000000000,318000000,322000000,318000000,322000000,317515869,318000000,322000000,318000000,322000000,317515869
2019-05-13,73.840,73.8400000000,,,317515868.99968590,23445371766.936806856000000000,318000000,322000000,318000000,322000000,317515869,318000000,322000000,318000000,322000000,317515869
2019-05-14,76.010,76.0100000000,,,317515868.99743813,24134381202.495272261300000000,318000000,322000000,318000000,322000000,317515869,318000000,322000000,318000000,322000000,317515869
2019-05-15,67.640,67.6400000000,,,317515868.99698085,21476773378.955784694000000000,318000000,322000000,318000000,322000000,317515869,318000000,322000000,318000000,322000000,317515869
2019-05-16,69.300,69.3000000000,,,317515869.00100100,22003849721.769369300000000000,318000000,322000000,318000000,322000000,317515869,318000000,322000000,318000000,322000000,317515869
2019-05-17,69.110,69.1100000000,,,317515868.99480720,21943521706.231125592000000000,318000000,322000000,318000000,322000000,317515869,318000000,322000000,318000000,322000000,317515869
2019-05-20,68.930,68.9300000000,,,317515869.00129706,21886368850.259406345800000000,318000000,322000000,318000000,322000000,317515869,318000000,322000000,318000000,322000000,317515869
2019-05-21,68.320,68.3200000000,,,317515869.00464950,21692684170.397653840000000000,318000000,322000000,318000000,322000000,317515869,318000000,322000000,318000000,322000000,317515869
2019-05-22,67.970,67.9700000000,,,317515868.99704206,21581553615.728948818200000000,318000000,322000000,318000000,322000000,317515869,318000000,322000000,318000000,322000000,317515869
2019-05-23,67.700,67.7000000000,,,317515868.99782290,21495824331.152610330000000000,318000000,322000000,318000000,322000000,317515869,318000000,322000000,318000000,322000000,317515869
2019-05-24,68.360,68.3600000000,,,317515868.99793650,21705384804.698939140000000000,318000000,322000000,318000000,322000000,317515869,318000000,322000000,318000000,322000000,317515869
2019-05-28,67.080,67.0800000000,,,317515869.00658690,21298964492.961849252000000000,318000000,322000000,318000000,322000000,317515869,318000000,322000000,318000000,322000000,317515869
2019-05-29,67.300,67.3000000000,,,317515868.99308840,21368817983.234849320000000000,318000000,322000000,318000000,322000000,317515869,318000000,322000000,318000000,322000000,317515869
2019-05-30,66.890,66.8900000000,,,315993352.00540930,21136795315.641828077000000000,317000000,321000000,317000000,321000000,315993352,317000000,321000000,317000000,321000000,315993352
2019-05-31,67.050,67.0500000000,,,315993351.99755967,21187354251.436375873500000000,317000000,321000000,317000000,321000000,315993352,317000000,321000000,317000000,321000000,315993352
2019-06-03,66.990,66.9900000000,,,315993351.99328935,21168394650.030453556500000000,317000000,321000000,317000000,321000000,315993352,317000000,321000000,317000000,321000000,315993352
2019-06-04,67.950,67.9500000000,,,315993352.00376093,21471748268.655555193500000000,317000000,321000000,317000000,321000000,315993352,317000000,321000000,317000000,321000000,315993352
2019-06-05,68.350,68.3500000000,,,315993352.00761370,21598145609.720396395000000000,317000000,321000000,317000000,321000000,315993352,317000000,321000000,317000000,321000000,315993352
2019-06-06,69.160,69.1600000000,,,315993352.00231710,21854100224.480250636000000000,317000000,321000000,317000000,321000000,315993352,317000000,321000000,317000000,321000000,315993352
2019-06-07,69.520,69.5200000000,,,315993352.00673336,21967857831.508103187200000000,317000000,321000000,317000000,321000000,315993352,317000000,321000000,317000000,321000000,315993352
2019-06-10,70.290,70.2900000000,,,315993352.00717556,22211172712.584370112400000000,317000000,321000000,317000000,321000000,315993352,317000000,321000000,317000000,321000000,315993352
2019-06-11,70.090,70.0900000000,,,315993352.00530680,22147974042.051953612000000000,317000000,321000000,317000000,321000000,315993352,317000000,321000000,317000000,321000000,315993352
2019-06-12,70.290,70.2900000000,,,315993352.00717556,22211172712.584370112400000000,317000000,321000000,317000000,321000000,315993352,317000000,321000000,317000000,321000000,315993352
2019-06-13,70.300,70.3000000000,,,315993351.99451710,22214332645.214552130000000000,317000000,321000000,317000000,321000000,315993352,317000000,321000000,317000000,321000000,315993352
2019-06-14,69.970,69.9700000000,,,315993351.99714315,22110054839.240106205500000000,317000000,321000000,317000000,321000000,315993352,317000000,321000000,317000000,321000000,315993352
2019-06-17,70.290,70.2900000000,,,315993352.00717556,22211172712.584370112400000000,317000000,321000000,317000000,321000000,315993352,317000000,321000000,317000000,321000000,315993352
2019-06-18,71.910,71.9100000000,,,315993351.99699736,22723081942.104080157600000000,317000000,321000000,317000000,321000000,315993352,317000000,321000000,317000000,321000000,315993352
2019-06-19,72.650,72.6500000000,,,315993352.00038310,22956917022.827832215000000000,317000000,321000000,317000000,321000000,315993352,317000000,321000000,317000000,321000000,315993352
2019-06-20,73.320,73.3200000000,,,315993351.99756134,23168632568.461197448800000000,317000000,321000000,317000000,321000000,315993352,317000000,321000000,317000000,321000000,315993352
2019-06-21,73.340,73.3400000000,,,315993352.00204706,23174952435.830131380400000000,317000000,321000000,317000000,321000000,315993352,317000000,321000000,317000000,321000000,315993352
2019-06-24,73.140,73.1400000000,,,315993352.00024220,23111753765.297714508000000000,317000000,321000000,317000000,321000000,315993352,317000000,321000000,317000000,321000000,315993352
2019-06-25,72.510,72.5100000000,,,315993352.00250083,22912677953.701335183300000000,317000000,321000000,317000000,321000000,315993352,317000000,321000000,317000000,321000000,315993352
2019-06-26,72.140,72.1400000000,,,315993352.00568205,22795760413.689903087000000000,317000000,321000000,317000000,321000000,315993352,317000000,321000000,317000000,321000000,315993352
2019-06-27,73.190,73.1900000000,,,315993352.00190145,23127553433.019167125500000000,317000000,321000000,317000000,321000000,315993352,317000000,321000000,317000000,321000000,315993352
2019-06-28,74.670,74.6700000000,,,315993351.99427325,23595223593.412383577500000000,317000000,321000000,317000000,321000000,315993352,317000000,321000000,317000000,321000000,315993352
2019-07-01,75.780,75.7800000000,,,315993351.99982230,23945976214.546533894000000000,317000000,321000000,317000000,321000000,315993352,317000000,321000000,317000000,321000000,315993352
2019-07-02,75.610,75.6100000000,,,315993351.99541426,23892257344.373272198600000000,317000000,321000000,317000000,321000000,315993352,317000000,321000000,317000000,321000000,315993352
2019-07-03,76.800,76.8000000000,,,315993351.99846590,24268289433.482181120000000000,317000000,321000000,317000000,321000000,315993352,317000000,321000000,317000000,321000000,315993352
2019-07-05,75.750,75.7500000000,,,315993351.99797800,23936496413.846833500000000000,317000000,321000000,317000000,321000000,315993352,317000000,321000000,317000000,321000000,315993352
2019-07-08,73.840,73.8400000000,,,315993351.99637570,23332949111.412381688000000000,317000000,321000000,317000000,321000000,315993352,317000000,321000000,317000000,321000000,315993352
2019-07-09,73.450,73.4500000000,,,315993352.00475496,23209711704.749251812000000000,317000000,321000000,317000000,321000000,315993352,317000000,321000000,317000000,321000000,315993352
2019-07-10,73.370,73.3700000000,,,315993352.00601040,23184432236.680983048000000000,317000000,321000000,317000000,321000000,315993352,317000000,321000000,317000000,321000000,315993352
2019-07-11,71.740,71.7400000000,,,315993352.00503260,22669363072.841038724000000000,317000000,321000000,317000000,321000000,315993352,317000000,321000000,317000000,321000000,315993352
2019-07-12,71.650,71.6500000000,,,315993351.99910736,22640923670.736042344000000000,317000000,321000000,317000000,321000000,315993352,317000000,321000000,317000000,321000000,315993352
2019-07-15,70.550,70.5500000000,,,315993352.00187284,22293330983.732128862000000000,317000000,321000000,317000000,321000000,315993352,317000000,321000000,317000000,321000000,315993352
2019-07-16,69.950,69.9500000000,,,315993351.99655914,22103734972.159311843000000000,317000000,321000000,317000000,321000000,315993352,317000000,321000000,317000000,321000000,315993352
2019-07-17,69.590,69.5900000000,,,315993351.99736370,21989977365.496539883000000000,317000000,321000000,317000000,321000000,315993352,317000000,321000000,317000000,321000000,315993352
2019-07-18,70.130,70.1300000000,,,315993352.00366010,22160613776.016682813000000000,317000000,321000000,317000000,321000000,315993352,317000000,321000000,317000000,321000000,315993352
2019-07-19,68.700,68.7000000000,,,315993351.99927723,21708743282.350345701000000000,317000000,321000000,317000000,321000000,315993352,317000000,321000000,317000000,321000000,315993352
2019-07-22,69.090,69.0900000000,,,315993352.00047505,21831980689.712821204500000000,317000000,321000000,317000000,321000000,315993352,317000000,321000000,317000000,321000000,315993352
2019-07-23,69.890,69.8900000000,,,315993352.00256485,22084775371.459257366500000000,317000000,321000000,317000000,321000000,315993352,317000000,321000000,317000000,321000000,315993352
2019-07-24,69.580,69.5800000000,,,315993352.00007254,21986817432.165047333200000000,317000000,321000000,317000000,321000000,315993352,317000000,321000000,317000000,321000000,315993352
2019-07-25,69.850,69.8500000000,,,315993351.99316860,22072135636.722826710000000000,317000000,321000000,317000000,321000000,315993352,317000000,321000000,317000000,321000000,315993352
2019-07-26,69.500,69.5000000000,,,315993351.99631890,21961537963.744163550000000000,317000000,321000000,317000000,321000000,315993352,317000000,321000000,317000000,321000000,315993352
2019-07-29,70.370,70.3700000000,,,315993351.99480960,22236452179.874751552000000000,317000000,321000000,317000000,321000000,315993352,317000000,321000000,317000000,321000000,315993352
2019-07-30,70.150,70.1500000000,,,315993351.99334180,22166933642.332927270000000000,317000000,321000000,317000000,321000000,315993352,317000000,321000000,317000000,321000000,315993352
2019-07-31,69.410,69.4100000000,,,315993351.99527140,21933098561.991787874000000000,317000000,321000000,317000000,321000000,315993352,317000000,321000000,317000000,321000000,315993352
2019-08-01,69.210,69.2100000000,,,315993351.99852870,21869899891.818171327000000000,317000000,321000000,317000000,321000000,315993352,317000000,321000000,317000000,321000000,315993352
2019-08-02,68.080,68.0800000000,,,315993351.99415296,21512827403.761933516800000000,317000000,321000000,317000000,321000000,315993352,317000000,321000000,317000000,321000000,315993352
2019-08-05,65.860,65.8600000000,,,315993352.00554574,20811322163.085242436400000000,317000000,321000000,317000000,321000000,315993352,317000000,321000000,317000000,321000000,315993352
2019-08-06,67.660,67.6600000000,,,315993351.99595755,21380110196.046487833000000000,317000000,321000000,317000000,321000000,315993352,317000000,321000000,317000000,321000000,315993352
2019-08-07,67.970,67.9700000000,,,315993351.99853900,21478068135.340695830000000000,317000000,321000000,317000000,321000000,315993352,317000000,321000000,317000000,321000000,315993352
2019-08-08,69.490,69.4900000000,,,315993351.99395674,21958378030.060053862600000000,317000000,321000000,317000000,321000000,315993352,317000000,321000000,317000000,321000000,315993352
2019-08-09,68.640,68.6400000000,,,315993352.00025750,21689783681.297674800000000000,317000000,321000000,317000000,321000000,315993352,317000000,321000000,317000000,321000000,315993352
2019-08-12,66.630,66.6300000000,,,315993351.99499830,21054637043.426736729000000000,317000000,321000000,317000000,321000000,315993352,317000000,321000000,317000000,321000000,315993352
2019-08-13,67.640,67.6400000000,,,315993352.00665640,21373790329.730238896000000000,317000000,321000000,317000000,321000000,315993352,317000000,321000000,317000000,321000000,315993352
2019-08-14,65.590,65.5900000000,,,315993352.00754450,20726003958.174843755000000000,317000000,321000000,317000000,321000000,315993352,317000000,321000000,317000000,321000000,315993352
2019-08-15,69.590,69.5900000000,,,315993351.99736370,21989977365.496539883000000000,317000000,321000000,317000000,321000000,315993352,317000000,321000000,317000000,321000000,315993352
2019-08-16,71.080,71.0800000000,,,315993352.00574230,22460807460.568162684000000000,317000000,321000000,317000000,321000000,315993352,317000000,321000000,317000000,321000000,315993352
2019-08-19,71.750,71.7500000000,,,315993352.00731910,22672523006.525145425000000000,317000000,321000000,317000000,321000000,315993352,317000000,321000000,317000000,321000000,315993352
2019-08-20,71.120,71.1200000000,,,315993351.99521940,22473447193.900003728000000000,317000000,321000000,317000000,321000000,315993352,317000000,321000000,317000000,321000000,315993352
2019-08-21,72.200,72.2000000000,,,315993351.99291307,22814720013.888323654000000000,317000000,321000000,317000000,321000000,315993352,317000000,321000000,317000000,321000000,315993352
2019-08-22,71.740,71.7400000000,,,315993352.00503260,22669363072.841038724000000000,317000000,321000000,317000000,321000000,315993352,317000000,321000000,317000000,321000000,315993352
2019-08-23,69.550,69.5500000000,,,315993351.99299395,21977337631.112729222500000000,317000000,321000000,317000000,321000000,315993352,317000000,321000000,317000000,321000000,315993352
2019-08-26,69.640,69.6400000000,,,315993351.99404220,22005777032.865098808000000000,317000000,321000000,317000000,321000000,315993352,317000000,321000000,317000000,321000000,315993352
2019-08-27,69.480,69.4800000000,,,315993352.00673455,21955218097.427916534000000000,317000000,321000000,317000000,321000000,315993352,317000000,321000000,317000000,321000000,315993352
2019-08-28,69.940,69.9400000000,,,315993351.99421220,22100575038.475201268000000000,317000000,321000000,317000000,321000000,315993352,317000000,321000000,317000000,321000000,315993352
2019-08-29,70.700,70.7000000000,,,315993352.00194025,22340729986.537175675000000000,317000000,321000000,317000000,321000000,315993352,317000000,321000000,317000000,321000000,315993352
2019-08-30,71.110,71.1100000000,,,309467678.00689673,22006246583.070426470300000000,312000000,316000000,312000000,316000000,309467678,312000000,316000000,312000000,316000000,309467678
2019-09-03,70.410,70.4100000000,,,309467678.00261760,21789619208.164305216000000000,312000000,316000000,312000000,316000000,309467678,312000000,316000000,312000000,316000000,309467678
2019-09-04,70.860,70.8600000000,,,309467677.99297500,21928879662.582208500000000000,312000000,316000000,312000000,316000000,309467678,312000000,316000000,312000000,316000000,309467678
2019-09-05,73.520,73.5200000000,,,309467677.99908423,22752063686.492672589600000000,312000000,316000000,312000000,316000000,309467678,312000000,316000000,312000000,316000000,309467678
2019-09-06,74.280,74.2800000000,,,309467677.99406606,22987259121.399226936800000000,312000000,316000000,312000000,316000000,309467678,312000000,316000000,312000000,316000000,309467678
2019-09-09,74.180,74.1800000000,,,309467677.99657947,22956312353.786265084600000000,312000000,316000000,312000000,316000000,309467678,312000000,316000000,312000000,316000000,309467678
2019-09-10,74.770,74.7700000000,,,309467678.00237210,23138898284.237361917000000000,312000000,316000000,312000000,316000000,309467678,312000000,316000000,312000000,316000000,309467678
2019-09-11,76.990,76.9900000000,,,309467678.00389690,23825916529.520022331000000000,312000000,316000000,312000000,316000000,309467678,312000000,316000000,312000000,316000000,309467678
2019-09-12,77.570,77.5700000000,,,309467678.00547620,24005407782.884788834000000000,312000000,316000000,312000000,316000000,309467678,312000000,316000000,312000000,316000000,309467678
2019-09-13,77.900,77.9000000000,,,309467677.99750450,24107532116.005600550000000000,312000000,316000000,312000000,316000000,309467678,312000000,316000000,312000000,316000000,309467678
2019-09-16,77.150,77.1500000000,,,309467678.00629133,23875431358.185376109500000000,312000000,316000000,312000000,316000000,309467678,312000000,316000000,312000000,316000000,309467678
2019-09-17,76.400,76.4000000000,,,309467677.99828440,23643330599.068928160000000000,312000000,316000000,312000000,316000000,309467678,312000000,316000000,312000000,316000000,309467678
2019-09-18,77.570,77.5700000000,,,309467678.00547620,24005407782.884788834000000000,312000000,316000000,312000000,316000000,309467678,312000000,316000000,312000000,316000000,309467678
2019-09-19,78.070,78.0700000000,,,309467678.00067914,24160141621.513020459800000000,312000000,316000000,312000000,316000000,309467678,312000000,316000000,312000000,316000000,309467678
2019-09-20,77.970,77.9700000000,,,309467678.00621170,24129194854.144326249000000000,312000000,316000000,312000000,316000000,309467678,312000000,316000000,312000000,316000000,309467678
2019-09-23,78.060,78.0600000000,,,309467677.99988410,24157046944.670952846000000000,312000000,316000000,312000000,316000000,309467678,312000000,316000000,312000000,316000000,309467678
2019-09-24,75.970,75.9700000000,,,309467677.99825525,23510259497.527451342500000000,312000000,316000000,312000000,316000000,309467678,312000000,316000000,312000000,316000000,309467678
2019-09-25,76.330,76.3300000000,,,309467678.00637270,23621667862.226428191000000000,312000000,316000000,312000000,316000000,309467678,312000000,316000000,312000000,316000000,309467678
2019-09-26,76.520,76.5200000000,,,309467677.99746495,23680466720.366017974000000000,312000000,316000000,312000000,316000000,309467678,312000000,316000000,312000000,316000000,309467678
2019-09-27,76.390,76.3900000000,,,309467677.99747163,23640235922.226857815700000000,312000000,316000000,312000000,316000000,309467678,312000000,316000000,312000000,316000000,309467678
2019-09-30,76.630,76.6300000000,,,309467677.99389327,23714508164.672041280100000000,312000000,316000000,312000000,316000000,309467678,312000000,316000000,312000000,316000000,309467678
2019-10-01,74.840,74.8400000000,,,309467678.00111926,23160561021.603765418400000000,312000000,316000000,312000000,316000000,309467678,312000000,316000000,312000000,316000000,309467678
2019-10-02,73.350,73.3500000000,,,309467678.00001144,22699454181.300839124000000000,312000000,316000000,312000000,316000000,309467678,312000000,316000000,312000000,316000000,309467678
2019-10-03,73.870,73.8700000000,,,309467678.00454164,22860377374.195490946800000000,312000000,316000000,312000000,316000000,309467678,312000000,316000000,312000000,316000000,309467678
2019-10-04,75.880,75.8800000000,,,309467678.00671214,23482407407.149317183200000000,312000000,316000000,312000000,316000000,309467678,312000000,316000000,312000000,316000000,309467678
2019-10-07,75.100,75.1000000000,,,309467678.00009790,23241022617.807352290000000000,312000000,316000000,312000000,316000000,309467678,312000000,316000000,312000000,316000000,309467678
2019-10-08,72.490,72.4900000000,,,309467677.99400780,22433311977.785625422000000000,312000000,316000000,312000000,316000000,309467678,312000000,316000000,312000000,316000000,309467678
2019-10-09,73.470,73.4700000000,,,309467678.00579220,22736590303.085552934000000000,312000000,316000000,312000000,316000000,309467678,312000000,316000000,312000000,316000000,309467678
2019-10-10,74.000,74.0000000000,,,309467677.99692464,22900608171.772423360000000000,312000000,316000000,312000000,316000000,309467678,312000000,316000000,312000000,316000000,309467678
2019-10-11,75.300,75.3000000000,,,309467677.99414784,23302916152.959332352000000000,312000000,316000000,312000000,316000000,309467678,312000000,316000000,312000000,316000000,309467678
2019-10-14,75.180,75.1800000000,,,309467678.00245184,23265780032.224329331200000000,312000000,316000000,312000000,316000000,309467678,312000000,316000000,312000000,316000000,309467678
2019-10-15,75.750,75.7500000000,,,309467678.00029933,23442176608.522674247500000000,312000000,316000000,312000000,316000000,309467678,312000000,316000000,312000000,316000000,309467678
2019-10-16,75.270,75.2700000000,,,309467678.00238470,23293632123.239496369000000000,312000000,316000000,312000000,316000000,309467678,312000000,316000000,312000000,316000000,309467678
2019-10-17,74.920,74.9200000000,,,309467678.00022700,23185318435.777006840000000000,312000000,316000000,312000000,316000000,309467678,312000000,316000000,312000000,316000000,309467678
2019-10-18,74.570,74.5700000000,,,309467677.99478030,23077004748.070766971000000000,312000000,316000000,312000000,316000000,309467678,312000000,316000000,312000000,316000000,309467678
2019-10-21,75.480,75.4800000000,,,309467677.99403380,23358620334.989671224000000000,312000000,316000000,312000000,316000000,309467678,312000000,316000000,312000000,316000000,309467678
2019-10-22,74.690,74.6900000000,,,309467678.00373840,23114140870.099221096000000000,312000000,316000000,312000000,316000000,309467678,312000000,316000000,312000000,316000000,309467678
2019-10-23,74.980,74.9800000000,,,309467677.99443370,23203886496.022638826000000000,312000000,316000000,312000000,316000000,309467678,312000000,316000000,312000000,316000000,309467678
2019-10-24,75.000,75.0000000000,,,309467677.99933654,23210075849.950240500000000000,312000000,316000000,312000000,316000000,309467678,312000000,316000000,312000000,316000000,309467678
2019-10-25,75.390,75.3900000000,,,309467677.99409074,23330768243.974500888600000000,312000000,316000000,312000000,316000000,309467678,312000000,316000000,312000000,316000000,309467678
2019-10-28,76.150,76.1500000000,,,309467677.99591416,23565963679.388863284000000000,312000000,316000000,312000000,316000000,309467678,312000000,316000000,312000000,316000000,309467678
2019-10-29,76.170,76.1700000000,,,309467678.00074140,23572153033.316472438000000000,312000000,316000000,312000000,316000000,309467678,312000000,316000000,312000000,316000000,309467678
2019-10-30,76.120,76.1200000000,,,309467678.00405985,23556679649.669035782000000000,312000000,316000000,312000000,316000000,309467678,312000000,316000000,312000000,316000000,309467678
2019-10-31,75.750,75.7500000000,,,309467678.00029933,23442176608.522674247500000000,312000000,316000000,312000000,316000000,309467678,312000000,316000000,312000000,316000000,309467678
2019-11-01,76.970,76.9700000000,,,309467677.99522674,23819727175.292602177800000000,312000000,316000000,312000000,316000000,309467678,312000000,316000000,312000000,316000000,309467678
2019-11-04,76.740,76.7400000000,,,309467677.99862940,23748549609.614820156000000000,312000000,316000000,312000000,316000000,309467678,312000000,316000000,312000000,316000000,309467678
2019-11-05,75.550,75.5500000000,,,309467678.00623020,23380283073.370691610000000000,312000000,316000000,312000000,316000000,309467678,312000000,316000000,312000000,316000000,309467678
2019-11-06,75.790,75.7900000000,,,309467678.00678384,23454555316.134147233600000000,312000000,316000000,312000000,316000000,309467678,312000000,316000000,312000000,316000000,309467678
2019-11-07,75.910,75.9100000000,,,309467677.99853970,23491691436.869148627000000000,312000000,316000000,312000000,316000000,309467678,312000000,316000000,312000000,316000000,309467678
2019-11-08,76.640,76.6400000000,,,309467677.99470216,23717602841.513973542400000000,312000000,316000000,312000000,316000000,309467678,312000000,316000000,312000000,316000000,309467678
2019-11-11,76.850,76.8500000000,,,309467678.00335200,23782591054.557601200000000000,312000000,316000000,312000000,316000000,309467678,312000000,316000000,312000000,316000000,309467678
2019-11-12,77.050,77.0500000000,,,309467677.99436520,23844484589.465838660000000000,312000000,316000000,312000000,316000000,309467678,312000000,316000000,312000000,316000000,309467678
2019-11-13,77.160,77.1600000000,,,309467677.99907490,23878526034.408619284000000000,312000000,316000000,312000000,316000000,309467678,312000000,316000000,312000000,316000000,309467678
2019-11-14,76.760,76.7600000000,,,309467678.00024340,23754738963.298683384000000000,312000000,316000000,312000000,316000000,309467678,312000000,316000000,312000000,316000000,309467678
2019-11-15,78.260,78.2600000000,,,309467678.00208974,24218940480.443543052400000000,312000000,316000000,312000000,316000000,309467678,312000000,316000000,312000000,316000000,309467678
2019-11-18,77.940,77.9400000000,,,309467678.00552464,24119910823.750590441600000000,312000000,316000000,312000000,316000000,309467678,312000000,316000000,312000000,316000000,309467678
2019-11-19,79.290,79.2900000000,,,309467677.99340970,24537692188.097455113000000000,312000000,316000000,312000000,316000000,309467678,312000000,316000000,312000000,316000000,309467678
2019-11-20,78.520,78.5200000000,,,309467678.00421387,24299402076.890873072400000000,312000000,316000000,312000000,316000000,309467678,312000000,316000000,312000000,316000000,309467678
2019-11-21,78.300,78.3000000000,,,309467677.99495924,24231319187.005308492000000000,312000000,316000000,312000000,316000000,309467678,312000000,316000000,312000000,316000000,309467678
2019-11-22,79.120,79.1200000000,,,309467677.99430037,24485082682.909045274400000000,312000000,316000000,312000000,316000000,309467678,312000000,316000000,312000000,316000000,309467678
2019-11-25,80.260,80.2600000000,,,309467678.00343190,24837875836.555444294000000000,312000000,316000000,312000000,316000000,309467678,312000000,316000000,312000000,316000000,309467678
2019-11-26,80.950,80.9500000000,,,309467677.99368490,25051408533.588792655000000000,312000000,316000000,312000000,316000000,309467678,312000000,316000000,312000000,316000000,309467678
2019-11-27,81.080,81.0800000000,,,309467678.00270325,25091639332.459179510000000000,312000000,316000000,312000000,316000000,309467678,312000000,316000000,312000000,316000000,309467678
2019-11-29,80.770,80.7700000000,,,309467678.00376900,24995704352.364422130000000000,312000000,316000000,312000000,316000000,309467678,312000000,316000000,312000000,316000000,309467678
2019-12-02,80.350,80.3500000000,,,309467678.00336796,24865727927.570615586000000000,312000000,316000000,312000000,316000000,309467678,312000000,316000000,312000000,316000000,309467678
2019-12-03,80.100,80.1000000000,,,309467678.00510573,24788361008.208968973000000000,312000000,316000000,312000000,316000000,309467678,312000000,316000000,312000000,316000000,309467678
2019-12-04,80.930,80.9300000000,,,309467678.00512340,25045219180.954636762000000000,312000000,316000000,312000000,316000000,309467678,312000000,316000000,312000000,316000000,309467678
2019-12-05,81.530,81.5300000000,,,309467678.00538180,25230899787.778778154000000000,312000000,316000000,312000000,316000000,309467678,312000000,316000000,312000000,316000000,309467678
2019-12-06,82.210,82.2100000000,,,309467677.99501514,25441337807.970194659400000000,312000000,316000000,312000000,316000000,309467678,312000000,316000000,312000000,316000000,309467678
2019-12-09,81.620,81.6200000000,,,309467677.99544210,25258751877.987984202000000000,312000000,316000000,312000000,316000000,309467678,312000000,316000000,312000000,316000000,309467678
2019-12-10,82.930,82.9300000000,,,309467678.00341000,25664154536.822791300000000000,312000000,316000000,312000000,316000000,309467678,312000000,316000000,312000000,316000000,309467678
2019-12-11,83.420,83.4200000000,,,309467678.00225246,25815793698.947900213200000000,312000000,316000000,312000000,316000000,309467678,312000000,316000000,312000000,316000000,309467678
2019-12-12,84.810,84.8100000000,,,309467677.99964600,26245953771.149977260000000000,312000000,316000000,312000000,316000000,309467678,312000000,316000000,312000000,316000000,309467678
2019-12-13,83.710,83.7100000000,,,309467677.99683493,25905539325.115051990300000000,312000000,316000000,312000000,316000000,309467678,312000000,316000000,312000000,316000000,309467678
2019-12-16,84.450,84.4500000000,,,309467677.99698700,26134545406.845552150000000000,312000000,316000000,312000000,316000000,309467678,312000000,316000000,312000000,316000000,309467678
2019-12-17,83.950,83.9500000000,,,309467677.99445820,25979811567.634765890000000000,312000000,316000000,312000000,316000000,309467678,312000000,316000000,312000000,316000000,309467678
2019-12-18,83.430,83.4300000000,,,309467678.00591600,25818888376.033571880000000000,312000000,316000000,312000000,316000000,309467678,312000000,316000000,312000000,316000000,309467678
2019-12-19,84.510,84.5100000000,,,310183414.99405646,26213600401.147711434600000000,314000000,318000000,314000000,318000000,310183415,314000000,318000000,314000000,318000000,310183415
2019-12-20,85.190,85.1900000000,,,310183415.00350565,26424525124.148646323500000000,314000000,318000000,314000000,318000000,310183415,314000000,318000000,314000000,318000000,310183415
2019-12-23,85.260,85.2600000000,,,310183414.99389330,26446237962.379342758000000000,314000000,318000000,314000000,318000000,310183415,314000000,318000000,314000000,318000000,310183415
2019-12-24,85.300,85.3000000000,,,310183415.00483020,26458645299.912016060000000000,314000000,318000000,314000000,318000000,310183415,314000000,318000000,314000000,318000000,310183415
2019-12-26,85.450,85.4500000000,,,310183415.00477860,26505172812.158331370000000000,314000000,318000000,314000000,318000000,310183415,314000000,318000000,314000000,318000000,310183415
2019-12-27,85.420,85.4200000000,,,310183415.00071275,26495867309.360883105000000000,314000000,318000000,314000000,318000000,310183415,314000000,318000000,314000000,318000000,310183415
2019-12-30,84.900,84.9000000000,,,310183414.99465764,26334571933.046433636000000000,314000000,318000000,314000000,318000000,310183415,314000000,318000000,314000000,318000000,310183415
2019-12-31,85.310,85.3100000000,,,310183414.99502100,26461747133.225241510000000000,314000000,318000000,314000000,318000000,310183415,314000000,318000000,314000000,318000000,310183415
2020-01-02,85.950,85.9500000000,,,310183415.00452150,26660264519.638622925000000000,314000000,318000000,314000000,318000000,310183415,314000000,318000000,314000000,318000000,310183415
2020-01-03,84.570,84.5700000000,,,310183415.00361675,26232211406.855868547500000000,314000000,318000000,314000000,318000000,310183415,314000000,318000000,314000000,318000000,310183415
2020-01-06,84.820,84.8200000000,,,310183415.00162400,26309757260.437747680000000000,314000000,318000000,314000000,318000000,310183415,314000000,318000000,314000000,318000000,310183415
2020-01-07,85.080,85.0800000000,,,310183414.99419490,26390404947.706102092000000000,314000000,318000000,314000000,318000000,310183415,314000000,318000000,314000000,318000000,310183415
2020-01-08,85.920,85.9200000000,,,310183415.00048770,26650959016.841903184000000000,314000000,318000000,314000000,318000000,310183415,314000000,318000000,314000000,318000000,310183415
2020-01-09,87.270,87.2700000000,,,310183414.99745540,27069706626.827932758000000000,314000000,318000000,314000000,318000000,310183415,314000000,318000000,314000000,318000000,310183415
2020-01-10,87.590,87.5900000000,,,310183414.99408620,27168965319.332010258000000000,314000000,318000000,314000000,318000000,310183415,314000000,318000000,314000000,318000000,310183415
2020-01-13,87.460,87.4600000000,,,310183415.00367690,27128641476.221581674000000000,314000000,318000000,314000000,318000000,310183415,314000000,318000000,314000000,318000000,310183415
2020-01-14,87.990,87.9900000000,,,310183414.99593455,27293038685.492281054500000000,314000000,318000000,314000000,318000000,310183415,314000000,318000000,314000000,318000000,310183415
2020-01-15,88.620,88.6200000000,,,310183414.99451550,27488454236.813963610000000000,314000000,318000000,314000000,318000000,310183415,314000000,318000000,314000000,318000000,310183415
2020-01-16,89.460,89.4600000000,,,310183415.00055623,27749008305.949760335800000000,314000000,318000000,314000000,318000000,310183415,314000000,318000000,314000000,318000000,310183415
2020-01-17,90.120,90.1200000000,,,310183414.99532160,27953729359.378382592000000000,314000000,318000000,314000000,318000000,310183415,314000000,318000000,314000000,318000000,310183415
2020-01-21,89.610,89.6100000000,,,310183415.00022790,27795535818.170422119000000000,314000000,318000000,314000000,318000000,310183415,314000000,318000000,314000000,318000000,310183415
2020-01-22,90.130,90.1300000000,,,310183414.99783250,27956831193.754643225000000000,314000000,318000000,314000000,318000000,310183415,314000000,318000000,314000000,318000000,310183415
2020-01-23,89.070,89.0700000000,,,310183415.00531570,27628036774.523469399000000000,314000000,318000000,314000000,318000000,310183415,314000000,318000000,314000000,318000000,310183415
2020-01-24,88.260,88.2600000000,,,310183415.00322220,27376788208.184391372000000000,314000000,318000000,314000000,318000000,310183415,314000000,318000000,314000000,318000000,310183415
2020-01-27,86.560,86.5600000000,,,310183415.00574815,26849476402.897559864000000000,314000000,318000000,314000000,318000000,310183415,314000000,318000000,314000000,318000000,310183415
2020-01-28,87.180,87.1800000000,,,310183415.00164010,27041790119.842983918000000000,314000000,318000000,314000000,318000000,310183415,314000000,318000000,314000000,318000000,310183415
2020-01-29,87.240,87.2400000000,,,310183414.99758060,27060401124.388931544000000000,314000000,318000000,314000000,318000000,310183415,314000000,318000000,314000000,318000000,310183415
2020-01-30,84.380,84.3800000000,,,310183414.99718200,26173276557.462217160000000000,314000000,318000000,314000000,318000000,310183415,314000000,318000000,314000000,318000000,310183415
2020-01-31,82.560,82.5600000000,,,310183414.99992390,25608742742.393717184000000000,314000000,318000000,314000000,318000000,310183415,314000000,318000000,314000000,318000000,310183415
2020-02-03,82.150,82.1500000000,,,310183414.99957290,25481567542.214913735000000000,314000000,318000000,314000000,318000000,310183415,314000000,318000000,314000000,318000000,310183415
2020-02-04,83.520,83.5200000000,,,310183415.00612044,25906518821.311179148800000000,314000000,318000000,314000000,318000000,310183415,314000000,318000000,314000000,318000000,310183415
2020-02-05,84.930,84.9300000000,,,310183414.99453000,26343877435.485432900000000000,314000000,318000000,314000000,318000000,310183415,314000000,318000000,314000000,318000000,310183415
2020-02-06,84.820,84.8200000000,,,310183415.00162400,26309757260.437747680000000000,314000000,318000000,314000000,318000000,310183415,314000000,318000000,314000000,318000000,310183415
2020-02-07,83.170,83.1700000000,,,310183415.00553536,25797954626.010375891200000000,314000000,318000000,314000000,318000000,310183415,314000000,318000000,314000000,318000000,310183415
2020-02-10,84.430,84.4300000000,,,310183414.99424326,26188785727.963958441800000000,314000000,318000000,314000000,318000000,310183415,314000000,318000000,314000000,318000000,310183415
2020-02-11,85.090,85.0900000000,,,310183415.00105870,26393506782.440084783000000000,314000000,318000000,314000000,318000000,310183415,314000000,318000000,314000000,318000000,310183415
2020-02-12,85.430,85.4300000000,,,310183414.99481340,26498969143.006908762000000000,314000000,318000000,314000000,318000000,310183415,314000000,318000000,314000000,318000000,310183415
2020-02-13,85.470,85.4700000000,,,310183415.00151974,26511376480.179892177800000000,314000000,318000000,314000000,318000000,310183415,314000000,318000000,314000000,318000000,310183415
2020-02-14,85.820,85.8200000000,,,310183415.00210550,26619940675.480694010000000000,314000000,318000000,314000000,318000000,310183415,314000000,318000000,314000000,318000000,310183415
2020-02-18,84.790,84.7900000000,,,310183415.00175430,26300451757.998747097000000000,314000000,318000000,314000000,318000000,310183415,314000000,318000000,314000000,318000000,310183415
2020-02-19,85.350,85.3500000000,,,310183415.00592786,26474154470.755942851000000000,314000000,318000000,314000000,318000000,310183415,314000000,318000000,314000000,318000000,310183415
2020-02-20,84.340,84.3400000000,,,310183415.00280690,26160869221.336733946000000000,314000000,318000000,314000000,318000000,310183415,314000000,318000000,314000000,318000000,310183415
2020-02-21,85.070,85.0700000000,,,310183415.00384790,26387303114.377340853000000000,314000000,318000000,314000000,318000000,310183415,314000000,318000000,314000000,318000000,310183415
2020-02-24,80.500,80.5000000000,,,310183414.99912816,24969764907.429816880000000000,314000000,318000000,314000000,318000000,310183415,314000000,318000000,314000000,318000000,310183415
2020-02-25,77.950,77.9500000000,,,310183415.00549614,24178797199.678424113000000000,314000000,318000000,314000000,318000000,310183415,314000000,318000000,314000000,318000000,310183415
2020-02-26,78.110,78.1100000000,,,310183414.99917525,24228426545.585578777500000000,314000000,318000000,314000000,318000000,310183415,314000000,318000000,314000000,318000000,310183415
2020-02-27,77.430,77.4300000000,,,310183414.99479160,24017501823.046713588000000000,314000000,318000000,314000000,318000000,310183415,314000000,318000000,314000000,318000000,310183415
2020-02-28,77.070,77.0700000000,,,310183415.00476384,23905835794.417149148800000000,314000000,318000000,314000000,318000000,310183415,314000000,318000000,314000000,318000000,310183415
2020-03-02,81.970,81.9700000000,,,310183414.99569980,25425734527.197512606000000000,314000000,318000000,314000000,318000000,310183415,314000000,318000000,314000000,318000000,310183415
2020-03-03,80.320,80.3200000000,,,309651358.99652964,24871197154.601260684800000000,310000000,313000000,310000000,313000000,309651359,310000000,313000000,310000000,313000000,309651359
2020-03-04,84.350,84.3500000000,,,309651359.00314440,26119092131.915230140000000000,310000000,313000000,310000000,313000000,309651359,310000000,313000000,310000000,313000000,309651359
2020-03-05,80.460,80.4600000000,,,309651359.00046350,24914548345.177293210000000000,310000000,313000000,310000000,313000000,309651359,310000000,313000000,310000000,313000000,309651359
2020-03-06,78.560,78.5600000000,,,309651359.00167610,24326210763.171674416000000000,310000000,313000000,310000000,313000000,309651359,310000000,313000000,310000000,313000000,309651359
2020-03-09,70.750,70.7500000000,,,309651358.99345446,21907833648.786903045000000000,310000000,313000000,310000000,313000000,309651359,310000000,313000000,310000000,313000000,309651359
2020-03-10,72.910,72.9100000000,,,309651359.00430870,22576680585.004147317000000000,310000000,313000000,310000000,313000000,309651359,310000000,313000000,310000000,313000000,309651359
2020-03-11,68.840,68.8400000000,,,309651358.99328190,21316399553.097525996000000000,310000000,313000000,310000000,313000000,309651359,310000000,313000000,310000000,313000000,309651359
2020-03-12,63.420,63.4200000000,,,309651359.00713860,19638089188.232730012000000000,310000000,313000000,310000000,313000000,309651359,310000000,313000000,310000000,313000000,309651359
2020-03-13,69.200,69.2000000000,,,309651359.00711750,21427874043.292531000000000000,310000000,313000000,310000000,313000000,309651359,310000000,313000000,310000000,313000000,309651359
2020-03-16,64.130,64.1300000000,,,309651359.00271310,19857941652.843991103000000000,310000000,313000000,310000000,313000000,309651359,310000000,313000000,310000000,313000000,309651359
2020-03-17,70.440,70.4400000000,,,309651358.99735147,21811841727.773437546800000000,310000000,313000000,310000000,313000000,309651359,310000000,313000000,310000000,313000000,309651359
2020-03-18,68.870,68.8700000000,,,309651358.99530166,21325689094.006425324200000000,310000000,313000000,310000000,313000000,309651359,310000000,313000000,310000000,313000000,309651359
2020-03-19,65.760,65.7600000000,,,309651358.99302465,20362673367.381300984000000000,310000000,313000000,310000000,313000000,309651359,310000000,313000000,310000000,313000000,309651359
2020-03-20,66.460,66.4600000000,,,309651359.00539670,20579429319.498664682000000000,310000000,313000000,310000000,313000000,309651359,310000000,313000000,310000000,313000000,309651359
2020-03-23,63.370,63.3700000000,,,309651359.00423990,19622606620.098682463000000000,310000000,313000000,310000000,313000000,309651359,310000000,313000000,310000000,313000000,309651359
2020-03-24,67.000,67.0000000000,,,309651358.99652760,20746641052.767349200000000000,310000000,313000000,310000000,313000000,309651359,310000000,313000000,310000000,313000000,309651359
2020-03-25,69.000,69.0000000000,,,309651359.00059510,21365943771.041061900000000000,310000000,313000000,310000000,313000000,309651359,310000000,313000000,310000000,313000000,309651359
2020-03-26,73.720,73.7200000000,,,309651359.00547340,22827498185.883499048000000000,310000000,313000000,310000000,313000000,309651359,310000000,313000000,310000000,313000000,309651359
2020-03-27,70.910,70.9100000000,,,309651359.00057024,21957377866.730435718400000000,310000000,313000000,310000000,313000000,309651359,310000000,313000000,310000000,313000000,309651359
2020-03-30,72.670,72.6700000000,,,309651358.99493040,22502364258.161592168000000000,310000000,313000000,310000000,313000000,309651359,310000000,313000000,310000000,313000000,309651359
2020-03-31,71.620,71.6200000000,,,309651359.00645400,22177230332.042235480000000000,310000000,313000000,310000000,313000000,309651359,310000000,313000000,310000000,313000000,309651359
2020-04-01,68.920,68.9200000000,,,309651359.00355200,21341171662.524803840000000000,310000000,313000000,310000000,313000000,309651359,310000000,313000000,310000000,313000000,309651359
2020-04-02,72.290,72.2900000000,,,309651358.99878156,22384696742.021918972400000000,310000000,313000000,310000000,313000000,309651359,310000000,313000000,310000000,313000000,309651359
2020-04-03,70.420,70.4200000000,,,309651359.00376713,21805648701.045281294600000000,310000000,313000000,310000000,313000000,309651359,310000000,313000000,310000000,313000000,309651359
2020-04-06,74.360,74.3600000000,,,309651358.99439080,23025675054.822899888000000000,310000000,313000000,310000000,313000000,309651359,310000000,313000000,310000000,313000000,309651359
2020-04-07,74.030,74.0300000000,,,309651358.99679620,22923490106.532822686000000000,310000000,313000000,310000000,313000000,309651359,310000000,313000000,310000000,313000000,309651359
2020-04-08,76.690,76.6900000000,,,309651359.00041970,23747162721.742186793000000000,310000000,313000000,310000000,313000000,309651359,310000000,313000000,310000000,313000000,309651359
2020-04-09,78.330,78.3300000000,,,309651358.99744560,24254990950.269913848000000000,310000000,313000000,310000000,313000000,309651359,310000000,313000000,310000000,313000000,309651359
2020-04-13,76.210,76.2100000000,,,309651359.00487250,23598530069.761333225000000000,310000000,313000000,310000000,313000000,309651359,310000000,313000000,310000000,313000000,309651359
2020-04-14,78.830,78.8300000000,,,309651358.99373066,24409816629.475787927800000000,310000000,313000000,310000000,313000000,309651359,310000000,313000000,310000000,313000000,309651359
2020-04-15,77.050,77.0500000000,,,309651358.99619496,23858637210.656821668000000000,310000000,313000000,310000000,313000000,309651359,310000000,313000000,310000000,313000000,309651359
2020-04-16,78.750,78.7500000000,,,309651358.99504316,24385044520.859648850000000000,310000000,313000000,310000000,313000000,309651359,310000000,313000000,310000000,313000000,309651359
2020-04-17,79.550,79.5500000000,,,309651359.00052667,24632765608.491896598500000000,310000000,313000000,310000000,313000000,309651359,310000000,313000000,310000000,313000000,309651359
2020-04-20,77.370,77.3700000000,,,309651359.00618100,23957725646.308223970000000000,310000000,313000000,310000000,313000000,309651359,310000000,313000000,310000000,313000000,309651359
2020-04-21,73.750,73.7500000000,,,309651358.99978750,22836787726.234328125000000000,310000000,313000000,310000000,313000000,309651359,310000000,313000000,310000000,313000000,309651359
2020-04-22,75.170,75.1700000000,,,309651358.99955660,23276492655.996669622000000000,310000000,313000000,310000000,313000000,309651359,310000000,313000000,310000000,313000000,309651359
2020-04-23,75.090,75.0900000000,,,309651359.00093920,23251720547.380524528000000000,310000000,313000000,310000000,313000000,309651359,310000000,313000000,310000000,313000000,309651359
2020-04-24,75.750,75.7500000000,,,309651358.99430615,23456090443.818690862500000000,310000000,313000000,310000000,313000000,309651359,310000000,313000000,310000000,313000000,309651359
2020-04-27,76.250,76.2500000000,,,309651359.00418895,23610916124.069407437500000000,310000000,313000000,310000000,313000000,309651359,310000000,313000000,310000000,313000000,309651359
2020-04-28,75.450,75.4500000000,,,309651358.99662244,23363195036.295163098000000000,310000000,313000000,310000000,313000000,309651359,310000000,313000000,310000000,313000000,309651359
2020-04-29,78.720,78.7200000000,,,309651358.99508506,24375754980.093095923200000000,310000000,313000000,310000000,313000000,309651359,310000000,313000000,310000000,313000000,309651359
2020-04-30,76.660,76.6600000000,,,309651359.00046480,23737873180.975631568000000000,310000000,313000000,310000000,313000000,309651359,310000000,313000000,310000000,313000000,309651359
2020-05-01,74.210,74.2100000000,,,309651358.99461180,22979227350.990141678000000000,310000000,313000000,310000000,313000000,309651359,310000000,313000000,310000000,313000000,309651359
2020-05-04,74.560,74.5600000000,,,309651359.00493693,23087605327.408097500800000000,310000000,313000000,310000000,313000000,309651359,310000000,313000000,310000000,313000000,309651359
2020-05-05,76.370,76.3700000000,,,309651359.00214250,23648074286.993622725000000000,310000000,313000000,310000000,313000000,309651359,310000000,313000000,310000000,313000000,309651359
2020-05-06,77.870,77.8700000000,,,309651359.00236420,24112551325.514100254000000000,310000000,313000000,310000000,313000000,309651359,310000000,313000000,310000000,313000000,309651359
2020-05-07,78.500,78.5000000000,,,309651358.99599630,24307631681.185709550000000000,310000000,313000000,310000000,313000000,309651359,310000000,313000000,310000000,313000000,309651359
2020-05-08,79.710,79.7100000000,,,309651358.99970114,24682309825.866177869400000000,310000000,313000000,310000000,313000000,309651359,310000000,313000000,310000000,313000000,309651359
2020-05-11,81.270,81.2700000000,,,309651358.99812680,25165365945.777765036000000000,310000000,313000000,310000000,313000000,309651359,310000000,313000000,310000000,313000000,309651359
2020-05-12,79.850,79.8500000000,,,309651358.99831470,24725661016.015428795000000000,310000000,313000000,310000000,313000000,309651359,310000000,313000000,310000000,313000000,309651359
2020-05-13,80.160,80.1600000000,,,309651358.99551487,24821652937.080471979200000000,310000000,313000000,310000000,313000000,309651359,310000000,313000000,310000000,313000000,309651359
2020-05-14,81.640,81.6400000000,,,309651358.99529540,25279936948.375916456000000000,310000000,313000000,310000000,313000000,309651359,310000000,313000000,310000000,313000000,309651359
2020-05-15,81.590,81.5900000000,,,309651358.99478287,25264454380.384334363300000000,310000000,313000000,310000000,313000000,309651359,310000000,313000000,310000000,313000000,309651359
2020-05-18,83.660,83.6600000000,,,309651359.00346820,25905432694.230149612000000000,310000000,313000000,310000000,313000000,309651359,310000000,313000000,310000000,313000000,309651359
2020-05-19,81.970,81.9700000000,,,309651359.00413376,25382121897.568844307200000000,310000000,313000000,310000000,313000000,309651359,310000000,313000000,310000000,313000000,309651359
2020-05-20,81.710,81.7100000000,,,309651358.99462170,25301612543.450539107000000000,310000000,313000000,310000000,313000000,309651359,310000000,313000000,310000000,313000000,309651359
2020-05-21,80.750,80.7500000000,,,309651359.00295790,25004347239.488850425000000000,310000000,313000000,310000000,313000000,309651359,310000000,313000000,310000000,313000000,309651359
2020-05-22,84.980,84.9800000000,,,309651359.00389880,26314172488.151320024000000000,310000000,313000000,310000000,313000000,309651359,310000000,313000000,310000000,313000000,309651359
2020-05-26,86.130,86.1300000000,,,309651358.99516820,26670271550.253837066000000000,310000000,313000000,310000000,313000000,309651359,310000000,313000000,310000000,313000000,309651359
2020-05-27,86.180,86.1800000000,,,309651358.99400590,26685754118.103428462000000000,310000000,313000000,310000000,313000000,309651359,310000000,313000000,310000000,313000000,309651359
2020-05-28,86.690,86.6900000000,,,309651359.00214170,26843676311.895663973000000000,310000000,313000000,310000000,313000000,309651359,310000000,313000000,310000000,313000000,309651359
2020-05-29,88.140,88.1400000000,,,309651359.00186706,27292670782.424562668400000000,310000000,313000000,310000000,313000000,309651359,310000000,313000000,310000000,313000000,309651359
2020-06-01,89.910,89.9100000000,,,308777396.00123180,27762175674.470751138000000000,309000000,312000000,309000000,312000000,308777396,309000000,312000000,309000000,312000000,308777396
2020-06-02,90.290,90.2900000000,,,308777396.00209224,27879511085.028908349600000000,309000000,312000000,309000000,312000000,308777396,309000000,312000000,309000000,312000000,308777396
2020-06-03,90.490,90.4900000000,,,308777395.99522436,27941266563.607852336400000000,309000000,312000000,309000000,312000000,308777396,309000000,312000000,309000000,312000000,308777396
2020-06-04,91.140,91.1400000000,,,308777395.99466690,28141971870.953941266000000000,309000000,312000000,309000000,312000000,308777396,309000000,312000000,309000000,312000000,308777396
2020-06-05,90.380,90.3800000000,,,308777396.00445310,27907301050.882471178000000000,309000000,312000000,309000000,312000000,308777396,309000000,312000000,309000000,312000000,308777396
2020-06-08,90.290,90.2900000000,,,308777396.00209224,27879511085.028908349600000000,309000000,312000000,309000000,312000000,308777396,309000000,312000000,309000000,312000000,308777396
2020-06-09,89.770,89.7700000000,,,308777396.00197864,27718946839.097622512800000000,309000000,312000000,309000000,312000000,308777396,309000000,312000000,309000000,312000000,308777396
2020-06-10,89.810,89.8100000000,,,308777395.99887383,27731297934.658858672300000000,309000000,312000000,309000000,312000000,308777396,309000000,312000000,309000000,312000000,308777396
2020-06-11,85.030,85.0300000000,,,308777395.99832390,26255341981.737481217000000000,309000000,312000000,309000000,312000000,308777396,309000000,312000000,309000000,312000000,308777396
2020-06-12,86.110,86.1100000000,,,308777395.99536980,26588821569.161293478000000000,309000000,312000000,309000000,312000000,308777396,309000000,312000000,309000000,312000000,308777396
2020-06-15,86.960,86.9600000000,,,308777395.99966840,26851282356.131164064000000000,309000000,312000000,309000000,312000000,308777396,309000000,312000000,309000000,312000000,308777396
2020-06-16,87.440,87.4400000000,,,308777396.00298730,26999495506.501209512000000000,309000000,312000000,309000000,312000000,308777396,309000000,312000000,309000000,312000000,308777396
2020-06-17,87.920,87.9200000000,,,308777395.99438600,27147708655.826417120000000000,309000000,312000000,309000000,312000000,308777396,309000000,312000000,309000000,312000000,308777396
2020-06-18,88.210,88.2100000000,,,308777396.00471430,27237254101.575848403000000000,309000000,312000000,309000000,312000000,308777396,309000000,312000000,309000000,312000000,308777396
2020-06-19,88.730,88.7300000000,,,308777396.00174750,27397818347.235055675000000000,309000000,312000000,309000000,312000000,308777396,309000000,312000000,309000000,312000000,308777396
2020-06-22,88.530,88.5300000000,,,308777395.99696450,27336062867.611267185000000000,309000000,312000000,309000000,312000000,308777396,309000000,312000000,309000000,312000000,308777396
2020-06-23,89.280,89.2800000000,,,308777395.99875950,27567645914.769248160000000000,309000000,312000000,309000000,312000000,308777396,309000000,312000000,309000000,312000000,308777396
2020-06-24,86.560,86.5600000000,,,308777396.00194580,26727771397.928428448000000000,309000000,312000000,309000000,312000000,308777396,309000000,312000000,309000000,312000000,308777396
2020-06-25,87.260,87.2600000000,,,308777395.99498060,26943915574.522007156000000000,309000000,312000000,309000000,312000000,308777396,309000000,312000000,309000000,312000000,308777396
2020-06-26,85.900,85.9000000000,,,308777396.00260780,26523978316.624010020000000000,309000000,312000000,309000000,312000000,308777396,309000000,312000000,309000000,312000000,308777396
2020-06-29,87.290,87.2900000000,,,308777396.00379366,26953178897.171148581400000000,309000000,312000000,309000000,312000000,308777396,309000000,312000000,309000000,312000000,308777396
2020-06-30,88.370,88.3700000000,,,308777395.99458206,27286658484.041216642200000000,309000000,312000000,309000000,312000000,308777396,309000000,312000000,309000000,312000000,308777396
2020-07-01,88.110,88.1100000000,,,308777396.00122124,27206376361.667603456400000000,309000000,312000000,309000000,312000000,308777396,309000000,312000000,309000000,312000000,308777396
2020-07-02,88.680,88.6800000000,,,308777395.99659040,27382379476.977636672000000000,309000000,312000000,309000000,312000000,308777396,309000000,312000000,309000000,312000000,308777396
2020-07-06,89.310,89.3100000000,,,308777396.00054634,27576909236.808793625400000000,309000000,312000000,309000000,312000000,308777396,309000000,312000000,309000000,312000000,308777396
2020-07-07,89.210,89.2100000000,,,308777396.00377744,27546031497.496985422400000000,309000000,312000000,309000000,312000000,308777396,309000000,312000000,309000000,312000000,308777396
2020-07-08,89.540,89.5400000000,,,308777396.00569650,27647928038.350064610000000000,309000000,312000000,309000000,312000000,308777396,309000000,312000000,309000000,312000000,308777396
2020-07-09,89.920,89.9200000000,,,308777395.99590915,27765263447.952150768000000000,309000000,312000000,309000000,312000000,308777396,309000000,312000000,309000000,312000000,308777396
2020-07-10,89.420,89.4200000000,,,308777395.99730414,27610874750.078936198800000000,309000000,312000000,309000000,312000000,308777396,309000000,312000000,309000000,312000000,308777396
2020-07-13,89.260,89.2600000000,,,308777396.00368184,27561470367.288641038400000000,309000000,312000000,309000000,312000000,308777396,309000000,312000000,309000000,312000000,308777396
2020-07-14,90.690,90.6900000000,,,308777395.99656475,28003022042.928457177500000000,309000000,312000000,309000000,312000000,308777396,309000000,312000000,309000000,312000000,308777396
2020-07-15,92.880,92.8800000000,,,308777396.00160307,28679244540.628893141600000000,309000000,312000000,309000000,312000000,308777396,309000000,312000000,309000000,312000000,308777396
2020-07-16,92.860,92.8600000000,,,308777396.00163930,28673068992.712225398000000000,309000000,312000000,309000000,312000000,308777396,309000000,312000000,309000000,312000000,308777396
2020-07-17,94.370,94.3700000000,,,308777395.99468786,29139322860.018693348200000000,309000000,312000000,309000000,312000000,308777396,309000000,312000000,309000000,312000000,308777396
2020-07-20,95.210,95.2100000000,,,308777396.00330290,29398695873.474469109000000000,309000000,312000000,309000000,312000000,308777396,309000000,312000000,309000000,312000000,308777396
2020-07-21,96.020,96.0200000000,,,308777396.00379187,29648805564.284095357400000000,309000000,312000000,309000000,312000000,308777396,309000000,312000000,309000000,312000000,308777396
2020-07-22,96.350,96.3500000000,,,308777395.99475380,29750702104.094528630000000000,309000000,312000000,309000000,312000000,308777396,309000000,312000000,309000000,312000000,308777396
2020-07-23,96.660,96.6600000000,,,308777395.99659570,29846423097.030940362000000000,309000000,312000000,309000000,312000000,308777396,309000000,312000000,309000000,312000000,308777396
2020-07-24,94.810,94.8100000000,,,308777396.00447810,29275184915.184568661000000000,309000000,312000000,309000000,312000000,308777396,309000000,312000000,309000000,312000000,308777396
2020-07-27,97.270,97.2700000000,,,308777396.00026155,30034777308.945440968500000000,309000000,312000000,309000000,312000000,308777396,309000000,312000000,309000000,312000000,308777396
2020-07-28,95.300,95.3000000000,,,308777396.00029320,29426485838.827941960000000000,309000000,312000000,309000000,312000000,308777396,309000000,312000000,309000000,312000000,308777396
2020-07-29,97.100,97.1000000000,,,308777395.99540850,29982285151.154165350000000000,309000000,312000000,309000000,312000000,308777396,309000000,312000000,309000000,312000000,308777396
2020-07-30,95.930,95.9300000000,,,308777395.99591330,29621015597.887962869000000000,309000000,312000000,309000000,312000000,308777396,309000000,312000000,309000000,312000000,308777396
2020-07-31,96.330,96.3300000000,,,308777395.99478730,29744526556.177860609000000000,309000000,312000000,309000000,312000000,308777396,309000000,312000000,309000000,312000000,308777396
2020-08-03,99.090,99.0900000000,,,308777395.99544180,30596752169.188327962000000000,309000000,312000000,309000000,312000000,308777396,309000000,312000000,309000000,312000000,308777396
2020-08-04,97.530,97.5300000000,,,308777396.00493910,30115059432.361710423000000000,309000000,312000000,309000000,312000000,308777396,309000000,312000000,309000000,312000000,308777396
2020-08-05,97.890,97.8900000000,,,308777395.99598660,30226219294.047128274000000000,309000000,312000000,309000000,312000000,308777396,309000000,312000000,309000000,312000000,308777396
2020-08-06,97.450,97.4500000000,,,308777395.99716680,30090357239.923904660000000000,309000000,312000000,309000000,312000000,308777396,309000000,312000000,309000000,312000000,308777396
2020-08-07,97.780,97.7800000000,,,308777395.99894650,30192253780.776988770000000000,309000000,312000000,309000000,312000000,308777396,309000000,312000000,309000000,312000000,308777396
2020-08-10,97.140,97.1400000000,,,308777395.99534166,29994636246.987488852400000000,309000000,312000000,309000000,312000000,308777396,309000000,312000000,309000000,312000000,308777396
2020-08-11,96.300,96.3000000000,,,308777395.99483764,29735263234.302864732000000000,309000000,312000000,309000000,312000000,308777396,309000000,312000000,309000000,312000000,308777396
2020-08-12,97.630,97.6300000000,,,308777396.00198215,30145937171.673517304500000000,309000000,312000000,309000000,312000000,308777396,309000000,312000000,309000000,312000000,308777396
2020-08-13,98.770,98.7700000000,,,308777396.00421410,30497943403.336226657000000000,309000000,312000000,309000000,312000000,308777396,309000000,312000000,309000000,312000000,308777396
2020-08-14,97.370,97.3700000000,,,308777395.99730160,30065655048.257256792000000000,309000000,312000000,309000000,312000000,308777396,309000000,312000000,309000000,312000000,308777396
2020-08-17,97.510,97.5100000000,,,308777396.00497430,30108883884.445043993000000000,309000000,312000000,309000000,312000000,308777396,309000000,312000000,309000000,312000000,308777396
2020-08-18,97.860,97.8600000000,,,308777395.99603650,30216955972.172131890000000000,309000000,312000000,309000000,312000000,308777396,309000000,312000000,309000000,312000000,308777396
2020-08-19,97.960,97.9600000000,,,308777396.00374230,30247833712.526595708000000000,309000000,312000000,309000000,312000000,308777396,309000000,312000000,309000000,312000000,308777396
2020-08-20,97.780,97.7800000000,,,308777395.99894650,30192253780.776988770000000000,309000000,312000000,309000000,312000000,308777396,309000000,312000000,309000000,312000000,308777396
2020-08-21,98.300,98.3000000000,,,308777395.99486630,30352818026.295357290000000000,309000000,312000000,309000000,312000000,308777396,309000000,312000000,309000000,312000000,308777396
2020-08-24,97.600,97.6000000000,,,308777396.00203400,30136673849.798518400000000000,309000000,312000000,309000000,312000000,308777396,309000000,312000000,309000000,312000000,308777396
2020-08-25,98.340,98.3400000000,,,308777395.99480050,30365169122.128681170000000000,309000000,312000000,309000000,312000000,308777396,309000000,312000000,309000000,312000000,308777396
2020-08-26,99.330,99.3300000000,,,308777396.00007975,30670858744.687921567500000000,309000000,312000000,309000000,312000000,308777396,309000000,312000000,309000000,312000000,308777396
2020-08-27,99.020,99.0200000000,,,308777395.99829840,30575137751.751507568000000000,309000000,312000000,309000000,312000000,308777396,309000000,312000000,309000000,312000000,308777396
2020-08-28,99.900,99.9000000000,,,308777395.99597555,30846861859.997957445000000000,309000000,312000000,309000000,312000000,308777396,309000000,312000000,309000000,312000000,308777396
2020-08-31,100.420,100.4200000000,,,308777396.00237980,31007426106.558979516000000000,309000000,312000000,309000000,312000000,308777396,309000000,312000000,309000000,312000000,308777396
2020-09-01,101.120,101.1200000000,,,308309635.00052070,31176270291.252653184000000000,309000000,312000000,309000000,312000000,308309635,309000000,312000000,309000000,312000000,308309635
2020-09-02,103.420,103.4200000000,,,308309635.00205666,31885382451.912699777200000000,309000000,312000000,309000000,312000000,308309635,309000000,312000000,309000000,312000000,308309635
2020-09-03,99.640,99.6400000000,,,308309634.99929893,30719972031.330145385200000000,309000000,312000000,309000000,312000000,308309635,309000000,312000000,309000000,312000000,308309635
2020-09-04,96.840,96.8400000000,,,308309634.99704456,29856705053.113795190400000000,309000000,312000000,309000000,312000000,308309635,309000000,312000000,309000000,312000000,308309635
2020-09-08,95.140,95.1400000000,,,308309634.99593970,29332578673.513703058000000000,309000000,312000000,309000000,312000000,308309635,309000000,312000000,309000000,312000000,308309635
2020-09-09,97.930,97.9300000000,,,308309635.00315684,30192762555.859149341200000000,309000000,312000000,309000000,312000000,308309635,309000000,312000000,309000000,312000000,308309635
2020-09-10,98.570,98.5700000000,,,308309635.00391376,30390080722.335779323200000000,309000000,312000000,309000000,312000000,308309635,309000000,312000000,309000000,312000000,308309635
2020-09-11,98.600,98.6000000000,,,308309634.99836624,30399330010.838911264000000000,309000000,312000000,309000000,312000000,308309635,309000000,312000000,309000000,312000000,308309635
2020-09-14,99.420,99.4200000000,,,308309634.99914000,30652143911.614498800000000000,309000000,312000000,309000000,312000000,308309635,309000000,312000000,309000000,312000000,308309635
2020-09-15,100.370,100.3700000000,,,308309635.00487715,30945038065.439519545500000000,309000000,312000000,309000000,312000000,308309635,309000000,312000000,309000000,312000000,308309635
2020-09-16,99.920,99.9200000000,,,308309634.99932694,30806298729.132747844800000000,309000000,312000000,309000000,312000000,308309635,309000000,312000000,309000000,312000000,308309635
2020-09-17,99.600,99.6000000000,,,308309634.99913110,30707639645.913457560000000000,309000000,312000000,309000000,312000000,308309635,309000000,312000000,309000000,312000000,308309635
2020-09-18,99.380,99.3800000000,,,308309634.99897180,30639811526.197817484000000000,309000000,312000000,309000000,312000000,308309635,309000000,312000000,309000000,312000000,308309635
2020-09-21,98.130,98.1300000000,,,308309635.00361260,30254424482.904504438000000000,309000000,312000000,309000000,312000000,308309635,309000000,312000000,309000000,312000000,308309635
2020-09-22,98.620,98.6200000000,,,308309634.99845120,30405496203.547257344000000000,309000000,312000000,309000000,312000000,308309635,309000000,312000000,309000000,312000000,308309635
2020-09-23,96.910,96.9100000000,,,308309635.00272740,29878286728.114312334000000000,309000000,312000000,309000000,312000000,308309635,309000000,312000000,309000000,312000000,308309635
2020-09-24,96.340,96.3400000000,,,308309634.99683980,29702550235.595546332000000000,309000000,312000000,309000000,312000000,308309635,309000000,312000000,309000000,312000000,308309635
2020-09-25,97.690,97.6900000000,,,308309635.00330865,30118768243.473222018500000000,309000000,312000000,309000000,312000000,308309635,309000000,312000000,309000000,312000000,308309635
2020-09-28,99.510,99.5100000000,,,308309635.00437450,30679891779.285306495000000000,309000000,312000000,309000000,312000000,308309635,309000000,312000000,309000000,312000000,308309635
2020-09-29,100.220,100.2200000000,,,308309634.99981790,30898791619.681749938000000000,309000000,312000000,309000000,312000000,308309635,309000000,312000000,309000000,312000000,308309635
2020-09-30,100.940,100.9400000000,,,308309635.00015490,31120774556.915635606000000000,309000000,312000000,309000000,312000000,308309635,309000000,312000000,309000000,312000000,308309635
2020-10-01,101.220,101.2200000000,,,308309635.00055623,31207101254.756301600600000000,309000000,312000000,309000000,312000000,308309635,309000000,312000000,309000000,312000000,308309635
2020-10-02,100.010,100.0100000000,,,308309635.00491560,30834046596.841609156000000000,309000000,312000000,309000000,312000000,308309635,309000000,312000000,309000000,312000000,308309635
2020-10-05,103.120,103.1200000000,,,308309635.00275534,31792889561.484130660800000000,309000000,312000000,309000000,312000000,308309635,309000000,312000000,309000000,312000000,308309635
2020-10-06,101.630,101.6300000000,,,308309634.99695337,31333508204.740370993100000000,309000000,312000000,309000000,312000000,308309635,309000000,312000000,309000000,312000000,308309635
2020-10-07,103.880,103.8800000000,,,308309634.99795610,32027204883.587679668000000000,309000000,312000000,309000000,312000000,308309635,309000000,312000000,309000000,312000000,308309635
2020-10-08,104.160,104.1600000000,,,308309634.99981016,32113531581.580226265600000000,309000000,312000000,309000000,312000000,308309635,309000000,312000000,309000000,312000000,308309635
2020-10-09,105.760,105.7600000000,,,308309635.00093985,32606826997.699398536000000000,309000000,312000000,309000000,312000000,308309635,309000000,312000000,309000000,312000000,308309635
2020-10-12,105.430,105.4300000000,,,308309635.00385490,32505084818.456422107000000000,309000000,312000000,309000000,312000000,308309635,309000000,312000000,309000000,312000000,308309635
2020-10-13,105.420,105.4200000000,,,308309634.99887950,32502001721.581876890000000000,309000000,312000000,309000000,312000000,308309635,309000000,312000000,309000000,312000000,308309635
2020-10-14,105.060,105.0600000000,,,308309634.99636436,32391010252.718039661600000000,309000000,312000000,309000000,312000000,308309635,309000000,312000000,309000000,312000000,308309635
2020-10-15,105.320,105.3200000000,,,308309634.99812240,32471170758.002251168000000000,309000000,312000000,309000000,312000000,308309635,309000000,312000000,309000000,312000000,308309635
2020-10-16,106.700,106.7000000000,,,308309634.99769310,32896638054.253853770000000000,309000000,312000000,309000000,312000000,308309635,309000000,312000000,309000000,312000000,308309635
2020-10-19,105.490,105.4900000000,,,308309635.00408953,32523583396.581404519700000000,309000000,312000000,309000000,312000000,308309635,309000000,312000000,309000000,312000000,308309635
2020-10-20,105.610,105.6100000000,,,308309635.00491756,32560580552.869343511600000000,309000000,312000000,309000000,312000000,308309635,309000000,312000000,309000000,312000000,308309635
2020-10-21,104.830,104.8300000000,,,308309634.99968230,32320099037.016695509000000000,309000000,312000000,309000000,312000000,308309635,309000000,312000000,309000000,312000000,308309635
2020-10-22,106.770,106.7700000000,,,308309635.00319730,32918219729.291375721000000000,309000000,312000000,309000000,312000000,308309635,309000000,312000000,309000000,312000000,308309635
2020-10-23,106.170,106.1700000000,,,308309634.99907360,32733233947.851644112000000000,309000000,312000000,309000000,312000000,308309635,309000000,312000000,309000000,312000000,308309635
2020-10-26,104.630,104.6300000000,,,308309634.99815977,32258437109.857456735100000000,309000000,312000000,309000000,312000000,308309635,309000000,312000000,309000000,312000000,308309635
2020-10-27,106.040,106.0400000000,,,308309635.00311130,32693153695.729922252000000000,309000000,312000000,309000000,312000000,308309635,309000000,312000000,309000000,312000000,308309635
2020-10-28,101.660,101.6600000000,,,308309635.00256970,31342757494.361235702000000000,309000000,312000000,309000000,312000000,308309635,309000000,312000000,309000000,312000000,308309635
2020-10-29,102.020,102.0200000000,,,308309634.99494505,31453748962.184294001000000000,309000000,312000000,309000000,312000000,308309635,309000000,312000000,309000000,312000000,308309635
2020-10-30,102.090,102.0900000000,,,308309635.00033130,31475330637.183822417000000000,309000000,312000000,309000000,312000000,308309635,309000000,312000000,309000000,312000000,308309635
2020-11-02,105.240,105.2400000000,,,308309634.99744356,32446505987.130960254400000000,309000000,312000000,309000000,312000000,308309635,309000000,312000000,309000000,312000000,308309635
2020-11-03,107.030,107.0300000000,,,308309634.99518657,32998380233.534818587100000000,309000000,312000000,309000000,312000000,308309635,309000000,312000000,309000000,312000000,308309635
2020-11-04,108.490,108.4900000000,,,308309634.99546236,33448512300.657711436400000000,309000000,312000000,309000000,312000000,308309635,309000000,312000000,309000000,312000000,308309635
2020-11-05,110.340,110.3400000000,,,308309635.00296646,34018885126.227319196400000000,309000000,312000000,309000000,312000000,308309635,309000000,312000000,309000000,312000000,308309635
2020-11-06,112.540,112.5400000000,,,308309634.99862665,34697166322.745443191000000000,309000000,312000000,309000000,312000000,308309635,309000000,312000000,309000000,312000000,308309635
2020-11-09,112.500,112.5000000000,,,308309634.99847820,34684833937.328797500000000000,309000000,312000000,309000000,312000000,308309635,309000000,312000000,309000000,312000000,308309635
2020-11-10,110.200,110.2000000000,,,308309635.00209665,33975721777.231050830000000000,309000000,312000000,309000000,312000000,308309635,309000000,312000000,309000000,312000000,308309635
2020-11-11,109.410,109.4100000000,,,308309635.00177884,33732157165.544622884400000000,309000000,312000000,309000000,312000000,308309635,309000000,312000000,309000000,312000000,308309635
2020-11-12,109.440,109.4400000000,,,308309634.99713750,33741406454.086728000000000000,309000000,312000000,309000000,312000000,308309635,309000000,312000000,309000000,312000000,308309635
2020-11-13,110.170,110.1700000000,,,308309634.99726040,33966472487.648178268000000000,309000000,312000000,309000000,312000000,308309635,309000000,312000000,309000000,312000000,308309635
2020-11-16,110.270,110.2700000000,,,308309634.99798490,33997303451.227794923000000000,309000000,312000000,309000000,312000000,308309635,309000000,312000000,309000000,312000000,308309635
2020-11-17,109.860,109.8600000000,,,308309634.99977740,33870896501.075545164000000000,309000000,312000000,309000000,312000000,308309635,309000000,312000000,309000000,312000000,308309635
2020-11-18,105.950,105.9500000000,,,308309634.99749017,32665405827.984083511500000000,309000000,312000000,309000000,312000000,308309635,309000000,312000000,309000000,312000000,308309635
2020-11-19,108.680,108.6800000000,,,308309635.00133590,33507091131.945185612000000000,309000000,312000000,309000000,312000000,308309635,309000000,312000000,309000000,312000000,308309635
2020-11-20,110.890,110.8900000000,,,308309635.00203670,34188455425.375849663000000000,309000000,312000000,309000000,312000000,308309635,309000000,312000000,309000000,312000000,308309635
2020-11-23,112.210,112.2100000000,,,308309635.00135880,34595424143.502470948000000000,309000000,312000000,309000000,312000000,308309635,309000000,312000000,309000000,312000000,308309635
2020-11-24,114.680,114.6800000000,,,308309635.00330800,35356948942.179361440000000000,309000000,312000000,309000000,312000000,308309635,309000000,312000000,309000000,312000000,308309635
2020-11-25,114.350,114.3500000000,,,308309634.99656870,35255206761.857630845000000000,309000000,312000000,309000000,312000000,308309635,309000000,312000000,309000000,312000000,308309635
2020-11-27,114.090,114.0900000000,,,308309635.00406855,35175046257.614180869500000000,309000000,312000000,309000000,312000000,308309635,309000000,312000000,309000000,312000000,308309635
2020-11-30,116.900,116.9000000000,,,308309634.99919426,36041396331.405808994000000000,309000000,312000000,309000000,312000000,308309635,309000000,312000000,309000000,312000000,308309635
2020-12-01,115.360,115.3600000000,,,308309634.99869630,35566599493.449605168000000000,309000000,312000000,309000000,312000000,308309635,309000000,312000000,309000000,312000000,308309635
2020-12-02,114.570,114.5700000000,,,308309634.99803780,35323034881.725190746000000000,309000000,312000000,309000000,312000000,308309635,309000000,312000000,309000000,312000000,308309635
2020-12-03,113.580,113.5800000000,,,308309634.99629800,35017808342.879526840000000000,309000000,312000000,309000000,312000000,308309635,309000000,312000000,309000000,312000000,308309635
2020-12-04,115.150,115.1500000000,,,308309635.00179410,35501854470.456590615000000000,309000000,312000000,309000000,312000000,308309635,309000000,312000000,309000000,312000000,308309635
2020-12-07,114.400,114.4000000000,,,308309635.00163305,35270622244.186820920000000000,309000000,312000000,309000000,312000000,308309635,309000000,312000000,309000000,312000000,308309635
2020-12-08,117.010,117.0100000000,,,308309635.00435840,36075310391.859976384000000000,309000000,312000000,309000000,312000000,308309635,309000000,312000000,309000000,312000000,308309635
2020-12-09,116.400,116.4000000000,,,308309634.99609710,35887241513.545702440000000000,309000000,312000000,309000000,312000000,308309635,309000000,312000000,309000000,312000000,308309635
2020-12-10,118.810,118.8100000000,,,308309634.99787570,36630267734.097611917000000000,309000000,312000000,309000000,312000000,308309635,309000000,312000000,309000000,312000000,308309635
2020-12-11,118.480,118.4800000000,,,308309635.00014055,36528525554.816652364000000000,309000000,312000000,309000000,312000000,308309635,309000000,312000000,309000000,312000000,308309635
2020-12-14,116.740,116.7400000000,,,308309634.99829715,35992066789.701209291000000000,309000000,312000000,309000000,312000000,308309635,309000000,312000000,309000000,312000000,308309635
2020-12-15,117.390,117.3900000000,,,308309634.99779683,36192468052.391369873700000000,309000000,312000000,309000000,312000000,308309635,309000000,312000000,309000000,312000000,308309635
2020-12-16,117.240,117.2400000000,,,308309635.00137600,36146221607.561322240000000000,309000000,312000000,309000000,312000000,308309635,309000000,312000000,309000000,312000000,308309635
2020-12-17,118.970,118.9700000000,,,308309634.99875770,36679597275.802203569000000000,309000000,312000000,309000000,312000000,308309635,309000000,312000000,309000000,312000000,308309635
2020-12-18,119.300,119.3000000000,,,306849525.99883270,36607148451.660741110000000000,309000000,312000000,309000000,312000000,306849526,309000000,312000000,309000000,312000000,306849526
2020-12-21,117.780,117.7800000000,,,306849525.99636990,36140737171.852446822000000000,309000000,312000000,309000000,312000000,306849526,309000000,312000000,309000000,312000000,306849526
2020-12-22,117.370,117.3700000000,,,306849525.99894124,36014928866.495733338800000000,309000000,312000000,309000000,312000000,306849526,309000000,312000000,309000000,312000000,306849526
2020-12-23,117.300,117.3000000000,,,306849526.00024664,35993449399.828930872000000000,309000000,312000000,309000000,312000000,306849526,309000000,312000000,309000000,312000000,306849526
2020-12-24,117.310,117.3100000000,,,306849525.99625780,35996517894.621002518000000000,309000000,312000000,309000000,312000000,306849526,309000000,312000000,309000000,312000000,306849526
2020-12-28,117.830,117.8300000000,,,306849526.00343245,36156079648.984445583500000000,309000000,312000000,309000000,312000000,306849526,309000000,312000000,309000000,312000000,306849526
2020-12-29,117.230,117.2300000000,,,306849526.00113285,35971969933.112804005500000000,309000000,312000000,309000000,312000000,306849526,309000000,312000000,309000000,312000000,306849526
2020-12-30,117.390,117.3900000000,,,306849525.99983510,36021065857.120642389000000000,309000000,312000000,309000000,312000000,306849526,309000000,312000000,309000000,312000000,306849526
2020-12-31,118.490,118.4900000000,,,306849525.99957840,36358600335.690044616000000000,309000000,312000000,309000000,312000000,306849526,309000000,312000000,309000000,312000000,306849526
2021-01-04,118.640,118.6400000000,,,306849525.99906635,36404627764.529231764000000000,309000000,312000000,309000000,312000000,306849526,309000000,312000000,309000000,312000000,306849526
2021-01-05,119.610,119.6100000000,,,306849526.00323510,36702271805.246950311000000000,309000000,312000000,309000000,312000000,306849526,309000000,312000000,309000000,312000000,306849526
2021-01-06,122.890,122.8900000000,,,306849525.99702543,37708738249.774455092700000000,309000000,312000000,309000000,312000000,306849526,309000000,312000000,309000000,312000000,306849526
2021-01-07,126.160,126.1600000000,,,306849526.00268660,38712136200.498941456000000000,309000000,312000000,309000000,312000000,306849526,309000000,312000000,309000000,312000000,306849526
2021-01-08,127.060,127.0600000000,,,306849525.99922310,38988300773.461287086000000000,309000000,312000000,309000000,312000000,306849526,309000000,312000000,309000000,312000000,306849526
2021-01-11,128.150,128.1500000000,,,306849526.00106215,39322766757.036114522500000000,309000000,312000000,309000000,312000000,306849526,309000000,312000000,309000000,312000000,306849526
2021-01-12,126.970,126.9700000000,,,306849525.99882650,38960684316.071000705000000000,309000000,312000000,309000000,312000000,306849526,309000000,312000000,309000000,312000000,306849526
2021-01-13,126.980,126.9800000000,,,306849526.00333047,38963752811.902903080600000000,309000000,312000000,309000000,312000000,306849526,309000000,312000000,309000000,312000000,306849526
2021-01-14,126.030,126.0300000000,,,306849526.00023746,38672245761.809927083800000000,309000000,312000000,309000000,312000000,306849526,309000000,312000000,309000000,312000000,306849526
2021-01-15,126.210,126.2100000000,,,306849526.00142425,38727478676.639754592500000000,309000000,312000000,309000000,312000000,306849526,309000000,312000000,309000000,312000000,306849526
2021-01-19,127.350,127.3500000000,,,306849526.00161880,39077287136.306154180000000000,309000000,312000000,309000000,312000000,306849526,309000000,312000000,309000000,312000000,306849526
2021-01-20,128.110,128.1100000000,,,306849525.99904290,39310492775.737385919000000000,309000000,312000000,309000000,312000000,306849526,309000000,312000000,309000000,312000000,306849526
2021-01-21,127.000,127.0000000000,,,306849525.99636080,38969889801.537821600000000000,309000000,312000000,309000000,312000000,306849526,309000000,312000000,309000000,312000000,306849526
2021-01-22,126.330,126.3300000000,,,306849525.99934200,38764300619.496874860000000000,309000000,312000000,309000000,312000000,306849526,309000000,312000000,309000000,312000000,306849526
2021-01-25,125.480,125.4800000000,,,306849526.00116426,38503478522.626091344800000000,309000000,312000000,309000000,312000000,306849526,309000000,312000000,309000000,312000000,306849526
2021-01-26,123.920,123.9200000000,,,306849525.99601210,38024793261.425819432000000000,309000000,312000000,309000000,312000000,306849526,309000000,312000000,309000000,312000000,306849526
2021-01-27,118.800,118.8000000000,,,306849525.99903270,36453723688.685084760000000000,309000000,312000000,309000000,312000000,306849526,309000000,312000000,309000000,312000000,306849526
2021-01-28,121.560,121.5600000000,,,306849525.99938625,37300628380.485392550000000000,309000000,312000000,309000000,312000000,306849526,309000000,312000000,309000000,312000000,306849526
2021-01-29,120.170,120.1700000000,,,306849525.99877560,36874107539.272863852000000000,309000000,312000000,309000000,312000000,306849526,309000000,312000000,309000000,312000000,306849526
2021-02-01,120.830,120.8300000000,,,306849525.99951154,37076628226.520979378200000000,309000000,312000000,309000000,312000000,306849526,309000000,312000000,309000000,312000000,306849526
2021-02-02,123.190,123.1900000000,,,306849526.00414985,37800793108.451220021500000000,309000000,312000000,309000000,312000000,306849526,309000000,312000000,309000000,312000000,306849526
2021-02-03,122.150,122.1500000000,,,306849526.00055630,37481669600.967952045000000000,309000000,312000000,309000000,312000000,306849526,309000000,312000000,309000000,312000000,306849526
2021-02-04,124.070,124.0700000000,,,306849525.99935180,38070820690.739577826000000000,309000000,312000000,309000000,312000000,306849526,309000000,312000000,309000000,312000000,306849526
2021-02-05,123.180,123.1800000000,,,306849525.99950737,37797724612.619317836600000000,309000000,312000000,309000000,312000000,306849526,309000000,312000000,309000000,312000000,306849526
2021-02-08,123.410,123.4100000000,,,306849525.99863434,37868300003.491463899400000000,309000000,312000000,309000000,312000000,306849526,309000000,312000000,309000000,312000000,306849526
2021-02-09,123.240,123.2400000000,,,306849526.00245690,37816135584.542788356000000000,309000000,312000000,309000000,312000000,306849526,309000000,312000000,309000000,312000000,306849526
2021-02-10,125.080,125.0800000000,,,306849525.99749124,38380738711.766204299200000000,309000000,312000000,309000000,312000000,306849526,309000000,312000000,309000000,312000000,306849526
2021-02-11,126.960,126.9600000000,,,306849526.00250600,38957615821.278161760000000000,309000000,312000000,309000000,312000000,306849526,309000000,312000000,309000000,312000000,306849526
2021-02-12,127.980,127.9800000000,,,306849525.99662733,39270602337.048365693400000000,309000000,312000000,309000000,312000000,306849526,309000000,312000000,309000000,312000000,306849526
2021-02-16,127.950,127.9500000000,,,306849525.99907420,39261396851.581543890000000000,309000000,312000000,309000000,312000000,306849526,309000000,312000000,309000000,312000000,306849526
2021-02-17,130.120,130.1200000000,,,306849525.99830390,39927260322.899303468000000000,309000000,312000000,309000000,312000000,306849526,309000000,312000000,309000000,312000000,306849526
2021-02-18,127.680,127.6800000000,,,306849525.99789060,39178547479.410671808000000000,309000000,312000000,309000000,312000000,306849526,309000000,312000000,309000000,312000000,306849526
2021-02-19,126.870,126.8700000000,,,306849526.00172320,38929999363.838622384000000000,309000000,312000000,309000000,312000000,306849526,309000000,312000000,309000000,312000000,306849526
2021-02-22,123.500,123.5000000000,,,306849525.99944140,37895916460.931012900000000000,309000000,312000000,309000000,312000000,306849526,309000000,312000000,309000000,312000000,306849526
2021-02-23,122.420,122.4200000000,,,306849526.00218990,37564518973.188087558000000000,309000000,312000000,309000000,312000000,306849526,309000000,312000000,309000000,312000000,306849526
2021-02-24,125.020,125.0200000000,,,306849526.00250006,38362327740.832557501200000000,309000000,312000000,309000000,312000000,306849526,309000000,312000000,309000000,312000000,306849526
2021-02-25,122.100,122.1000000000,,,306849526.00226367,37466327124.876394107000000000,309000000,312000000,309000000,312000000,306849526,309000000,312000000,309000000,312000000,306849526
2021-02-26,122.070,122.0700000000,,,306849525.99631770,37457121638.370501639000000000,309000000,312000000,309000000,312000000,306849526,309000000,312000000,309000000,312000000,306849526
2021-03-01,124.480,124.4800000000,,,306849525.99969120,38196628996.441560576000000000,309000000,312000000,309000000,312000000,306849526,309000000,312000000,309000000,312000000,306849526
2021-03-02,123.640,123.6400000000,,,304697514.99902093,37672800754.478947785200000000,306000000,309000000,306000000,309000000,304697515,306000000,309000000,306000000,309000000,304697515
2021-03-03,119.300,119.3000000000,,,304697514.99595433,36350413539.017351569000000000,306000000,309000000,306000000,309000000,304697515,306000000,309000000,306000000,309000000,304697515
2021-03-04,114.990,114.9900000000,,,304697514.99779063,35037167249.595944543700000000,306000000,309000000,306000000,309000000,304697515,306000000,309000000,306000000,309000000,304697515
2021-03-05,116.140,116.1400000000,,,304697515.00137330,35387569392.259495062000000000,306000000,309000000,306000000,309000000,304697515,306000000,309000000,306000000,309000000,304697515
2021-03-08,116.080,116.0800000000,,,304697514.99793226,35369287540.959976740800000000,306000000,309000000,306000000,309000000,304697515,306000000,309000000,306000000,309000000,304697515
2021-03-09,119.840,119.8400000000,,,304697514.99991330,36514950197.589609872000000000,306000000,309000000,306000000,309000000,304697515,306000000,309000000,306000000,309000000,304697515
2021-03-10,119.990,119.9900000000,,,304697514.99632400,36560654824.408916760000000000,306000000,309000000,306000000,309000000,304697515,306000000,309000000,306000000,309000000,304697515
2021-03-11,121.830,121.8300000000,,,304697515.00223460,37121298252.722241318000000000,306000000,309000000,306000000,309000000,304697515,306000000,309000000,306000000,309000000,304697515
2021-03-12,121.440,121.4400000000,,,304697515.00336260,37002466222.008354144000000000,306000000,309000000,306000000,309000000,304697515,306000000,309000000,306000000,309000000,304697515
2021-03-15,124.040,124.0400000000,,,304697514.99672050,37794679760.193210820000000000,306000000,309000000,306000000,309000000,304697515,306000000,309000000,306000000,309000000,304697515
2021-03-16,123.000,123.0000000000,,,304697515.00314254,37477794345.386532420000000000,306000000,309000000,306000000,309000000,304697515,306000000,309000000,306000000,309000000,304697515
2021-03-17,122.520,122.5200000000,,,304697515.00256120,37331539538.113798224000000000,306000000,309000000,306000000,309000000,304697515,306000000,309000000,306000000,309000000,304697515
2021-03-18,122.590,122.5900000000,,,304697514.99822855,37352868363.632837944500000000,306000000,309000000,306000000,309000000,304697515,306000000,309000000,306000000,309000000,304697515
2021-03-19,122.690,122.6900000000,,,304697514.99871266,37383338115.192056255400000000,306000000,309000000,306000000,309000000,304697515,306000000,309000000,306000000,309000000,304697515
2021-03-22,123.610,123.6100000000,,,304697515.00056320,37663659829.219617152000000000,306000000,309000000,306000000,309000000,304697515,306000000,309000000,306000000,309000000,304697515
2021-03-23,121.980,121.9800000000,,,304697514.99870090,37167002879.541535782000000000,306000000,309000000,306000000,309000000,304697515,306000000,309000000,306000000,309000000,304697515
2021-03-24,120.840,120.8400000000,,,304697514.99616500,36819647712.136578600000000000,306000000,309000000,306000000,309000000,304697515,306000000,309000000,306000000,309000000,304697515
2021-03-25,121.900,121.9000000000,,,304697514.99575930,37142627077.983058670000000000,306000000,309000000,306000000,309000000,304697515,306000000,309000000,306000000,309000000,304697515
2021-03-26,125.640,125.6400000000,,,304697515.00009510,38282195784.611948364000000000,306000000,309000000,306000000,309000000,304697515,306000000,309000000,306000000,309000000,304697515
2021-03-29,125.420,125.4200000000,,,304697514.99947804,38215162331.234535776800000000,306000000,309000000,306000000,309000000,304697515,306000000,309000000,306000000,309000000,304697515
2021-03-30,124.840,124.8400000000,,,304697514.99841857,38038437772.402574278800000000,306000000,309000000,306000000,309000000,304697515,306000000,309000000,306000000,309000000,304697515
2021-03-31,127.140,127.1400000000,,,304697515.00292170,38739242057.471464938000000000,306000000,309000000,306000000,309000000,304697515,306000000,309000000,306000000,309000000,304697515
2021-04-01,127.690,127.6900000000,,,304697514.99729836,38906825690.005027588400000000,306000000,309000000,306000000,309000000,304697515,306000000,309000000,306000000,309000000,304697515
2021-04-05,130.000,130.0000000000,,,304697515.00171983,39610676950.223577900000000000,306000000,309000000,306000000,309000000,304697515,306000000,309000000,306000000,309000000,304697515
2021-04-06,131.040,131.0400000000,,,304697515.00142115,39927562365.786227496000000000,306000000,309000000,306000000,309000000,304697515,306000000,309000000,306000000,309000000,304697515
2021-04-07,129.340,129.3400000000,,,304697514.99604540,39409576589.588512036000000000,306000000,309000000,306000000,309000000,304697515,306000000,309000000,306000000,309000000,304697515
2021-04-08,130.690,130.6900000000,,,304697514.99991270,39820918235.338590763000000000,306000000,309000000,306000000,309000000,304697515,306000000,309000000,306000000,309000000,304697515
2021-04-09,131.910,131.9100000000,,,304697515.00079050,40192649203.754274855000000000,306000000,309000000,306000000,309000000,304697515,306000000,309000000,306000000,309000000,304697515
2021-04-12,131.270,131.2700000000,,,304697515.00082195,39997642794.157897376500000000,306000000,309000000,306000000,309000000,304697515,306000000,309000000,306000000,309000000,304697515
2021-04-13,132.970,132.9700000000,,,304697515.00019510,40515628569.575942447000000000,306000000,309000000,306000000,309000000,304697515,306000000,309000000,306000000,309000000,304697515
2021-04-14,131.970,131.9700000000,,,304697514.99790490,40210931054.273509653000000000,306000000,309000000,306000000,309000000,304697515,306000000,309000000,306000000,309000000,304697515
2021-04-15,133.280,133.2800000000,,,304697514.99644260,40610084798.725869728000000000,306000000,309000000,306000000,309000000,304697515,306000000,309000000,306000000,309000000,304697515
2021-04-16,134.580,134.5800000000,,,304697515.00191180,41006191568.957290044000000000,306000000,309000000,306000000,309000000,304697515,306000000,309000000,306000000,309000000,304697515
2021-04-19,133.500,133.5000000000,,,304697514.99698070,40677118252.096923450000000000,306000000,309000000,306000000,309000000,304697515,306000000,309000000,306000000,309000000,304697515
2021-04-20,132.460,132.4600000000,,,304697515.00312513,40360232837.313954719800000000,306000000,309000000,306000000,309000000,304697515,306000000,309000000,306000000,309000000,304697515
2021-04-21,133.830,133.8300000000,,,304697514.99877125,40777668432.285556387500000000,306000000,309000000,306000000,309000000,304697515,306000000,309000000,306000000,309000000,304697515
2021-04-22,134.530,134.5300000000,,,304697515.00363237,40990956693.438662736100000000,306000000,309000000,306000000,309000000,304697515,306000000,309000000,306000000,309000000,304697515
2021-04-23,136.680,136.6800000000,,,304697515.00103610,41646056350.341614148000000000,306000000,309000000,306000000,309000000,304697515,306000000,309000000,306000000,309000000,304697515
2021-04-26,137.340,137.3400000000,,,304697515.00070630,41847156710.197003242000000000,306000000,309000000,306000000,309000000,304697515,306000000,309000000,306000000,309000000,304697515
2021-04-27,136.480,136.4800000000,,,304697515.00210565,41585116847.487379112000000000,306000000,309000000,306000000,309000000,304697515,306000000,309000000,306000000,309000000,304697515
2021-04-28,134.800,134.8000000000,,,304697515.00243590,41073225022.328359320000000000,306000000,309000000,306000000,309000000,304697515,306000000,309000000,306000000,309000000,304697515
2021-04-29,134.150,134.1500000000,,,304697515.00358850,40875171637.731397275000000000,306000000,309000000,306000000,309000000,304697515,306000000,309000000,306000000,309000000,304697515
2021-04-30,133.640,133.6400000000,,,304697514.99874234,40719775904.431926317600000000,306000000,309000000,306000000,309000000,304697515,306000000,309000000,306000000,309000000,304697515
2021-05-03,133.190,133.1900000000,,,304697515.00072830,40582662022.947002277000000000,306000000,309000000,306000000,309000000,304697515,306000000,309000000,306000000,309000000,304697515
2021-05-04,130.900,130.9000000000,,,304697514.99962750,39884904713.451239750000000000,306000000,309000000,306000000,309000000,304697515,306000000,309000000,306000000,309000000,304697515
2021-05-05,133.370,133.3700000000,,,304697515.00187474,40637507575.800034073800000000,306000000,309000000,306000000,309000000,304697515,306000000,309000000,306000000,309000000,304697515
2021-05-06,132.400,132.4000000000,,,304697514.99816640,40341950985.757231360000000000,306000000,309000000,306000000,309000000,304697515,306000000,309000000,306000000,309000000,304697515
2021-05-07,133.900,133.9000000000,,,304697514.99673800,40798997258.063218200000000000,306000000,309000000,306000000,309000000,304697515,306000000,309000000,306000000,309000000,304697515
2021-05-10,131.870,131.8700000000,,,304697515.00336730,40180461303.494045851000000000,306000000,309000000,306000000,309000000,304697515,306000000,309000000,306000000,309000000,304697515
2021-05-11,131.420,131.4200000000,,,304697515.00343406,40043347421.751304165200000000,306000000,309000000,306000000,309000000,304697515,306000000,309000000,306000000,309000000,304697515
2021-05-12,128.640,128.6400000000,,,304697514.99901205,39196288329.472910112000000000,306000000,309000000,306000000,309000000,304697515,306000000,309000000,306000000,309000000,304697515
2021-05-13,130.020,130.0200000000,,,304697515.00140440,39616770900.482600088000000000,306000000,309000000,306000000,309000000,304697515,306000000,309000000,306000000,309000000,304697515
2021-05-14,131.150,131.1500000000,,,304697514.99871850,39961079092.081931275000000000,306000000,309000000,306000000,309000000,304697515,306000000,309000000,306000000,309000000,304697515
2021-05-17,130.110,130.1100000000,,,304697514.99899530,39644193676.519278483000000000,306000000,309000000,306000000,309000000,304697515,306000000,309000000,306000000,309000000,304697515
2021-05-18,128.750,128.7500000000,,,304697515.00231670,39229805056.548275125000000000,306000000,309000000,306000000,309000000,304697515,306000000,309000000,306000000,309000000,304697515
2021-05-19,130.210,130.2100000000,,,304697515.00143020,39674663428.336226342000000000,306000000,309000000,306000000,309000000,304697515,306000000,309000000,306000000,309000000,304697515
2021-05-20,132.150,132.1500000000,,,304697514.99906576,40265776607.126540184000000000,306000000,309000000,306000000,309000000,304697515,306000000,309000000,306000000,309000000,304697515
2021-05-21,132.300,132.3000000000,,,304697515.00166250,40311481234.719948750000000000,306000000,309000000,306000000,309000000,304697515,306000000,309000000,306000000,309000000,304697515
2021-05-24,133.340,133.3400000000,,,304697515.00136940,40628366650.282595796000000000,306000000,309000000,306000000,309000000,304697515,306000000,309000000,306000000,309000000,304697515
2021-05-25,133.230,133.2300000000,,,304697514.99817777,40594849923.207224297100000000,306000000,309000000,306000000,309000000,304697515,306000000,309000000,306000000,309000000,304697515
2021-05-26,133.290,133.2900000000,,,304697515.00310570,40613131774.763958753000000000,306000000,309000000,306000000,309000000,304697515,306000000,309000000,306000000,309000000,304697515
2021-05-27,137.540,137.5400000000,,,304697515.00152000,41908096213.309060800000000000,306000000,309000000,306000000,309000000,304697515,306000000,309000000,306000000,309000000,304697515
2021-05-28,138.130,138.1300000000,,,303443225.00253500,41914612669.600159550000000000,304000000,307000000,304000000,307000000,303443225,304000000,307000000,304000000,307000000,303443225
2021-06-01,137.200,137.2000000000,,,303443224.99928164,41632410469.901441008000000000,304000000,307000000,304000000,307000000,303443225,304000000,307000000,304000000,307000000,303443225
2021-06-02,136.570,136.5700000000,,,303443225.00339960,41441241238.714283372000000000,304000000,307000000,304000000,307000000,303443225,304000000,307000000,304000000,307000000,303443225
2021-06-03,136.370,136.3700000000,,,303443225.00173080,41380552593.486029196000000000,304000000,307000000,304000000,307000000,303443225,304000000,307000000,304000000,307000000,303443225
2021-06-04,137.900,137.9000000000,,,303443224.99998120,41844820727.497407480000000000,304000000,307000000,304000000,307000000,303443225,304000000,307000000,304000000,307000000,303443225
2021-06-07,137.650,137.6500000000,,,303443225.00167700,41768959921.480839050000000000,304000000,307000000,304000000,307000000,303443225,304000000,307000000,304000000,307000000,303443225
2021-06-08,138.750,138.7500000000,,,303443225.00057954,42102747468.830411175000000000,304000000,307000000,304000000,307000000,303443225,304000000,307000000,304000000,307000000,303443225
2021-06-09,140.130,140.1300000000,,,303443225.00135120,42521499119.439343656000000000,304000000,307000000,304000000,307000000,303443225,304000000,307000000,304000000,307000000,303443225
2021-06-10,143.060,143.0600000000,,,303443225.00333600,43410587768.977248160000000000,304000000,307000000,304000000,307000000,303443225,304000000,307000000,304000000,307000000,303443225
2021-06-11,143.530,143.5300000000,,,303443224.99663880,43553206083.767566964000000000,304000000,307000000,304000000,307000000,303443225,304000000,307000000,304000000,307000000,303443225
2021-06-14,144.390,144.3900000000,,,303443225.00238913,43814167258.094966480700000000,304000000,307000000,304000000,307000000,303443225,304000000,307000000,304000000,307000000,303443225
2021-06-15,144.620,144.6200000000,,,303443225.00251085,43883959199.863119127000000000,304000000,307000000,304000000,307000000,303443225,304000000,307000000,304000000,307000000,303443225
2021-06-16,143.590,143.5900000000,,,303443225.00093930,43571412677.884874087000000000,304000000,307000000,304000000,307000000,303443225,304000000,307000000,304000000,307000000,303443225
2021-06-17,146.920,146.9200000000,,,303443224.99892310,44581878616.841781852000000000,304000000,307000000,304000000,307000000,303443225,304000000,307000000,304000000,307000000,303443225
2021-06-18,145.010,145.0100000000,,,303443225.00051870,44002302057.325216687000000000,304000000,307000000,304000000,307000000,303443225,304000000,307000000,304000000,307000000,303443225
2021-06-21,146.410,146.4100000000,,,303443225.00182470,44427122572.517154327000000000,304000000,307000000,304000000,307000000,303443225,304000000,307000000,304000000,307000000,303443225
2021-06-22,146.630,146.6300000000,,,303443225.00166273,44493880081.993806099900000000,304000000,307000000,304000000,307000000,303443225,304000000,307000000,304000000,307000000,303443225
2021-06-23,147.240,147.2400000000,,,303443225.00181440,44678980449.267152256000000000,304000000,307000000,304000000,307000000,303443225,304000000,307000000,304000000,307000000,303443225
2021-06-24,146.670,146.6700000000,,,303443225.00051284,44506017810.825218242800000000,304000000,307000000,304000000,307000000,303443225,304000000,307000000,304000000,307000000,303443225
2021-06-25,147.280,147.2800000000,,,303443224.99839740,44691118177.763969072000000000,304000000,307000000,304000000,307000000,303443225,304000000,307000000,304000000,307000000,303443225
2021-06-28,147.930,147.9300000000,,,303443225.00217420,44888356274.571629406000000000,304000000,307000000,304000000,307000000,303443225,304000000,307000000,304000000,307000000,303443225
2021-06-29,148.810,148.8100000000,,,303443224.99905880,45155386312.109940028000000000,304000000,307000000,304000000,307000000,303443225,304000000,307000000,304000000,307000000,303443225
2021-06-30,147.810,147.8100000000,,,303443225.00310594,44851943087.709088991400000000,304000000,307000000,304000000,307000000,303443225,304000000,307000000,304000000,307000000,303443225
2021-07-01,147.790,147.7900000000,,,303443225.00254476,44845874223.126090080400000000,304000000,307000000,304000000,307000000,303443225,304000000,307000000,304000000,307000000,303443225
2021-07-02,148.820,148.8200000000,,,303443224.99770250,45158420744.158086050000000000,304000000,307000000,304000000,307000000,303443225,304000000,307000000,304000000,307000000,303443225
2021-07-06,148.980,148.9800000000,,,303443224.99812220,45206971660.220245356000000000,304000000,307000000,304000000,307000000,303443225,304000000,307000000,304000000,307000000,303443225
2021-07-07,149.490,149.4900000000,,,303443225.00266850,45361727705.648914065000000000,304000000,307000000,304000000,307000000,303443225,304000000,307000000,304000000,307000000,303443225
2021-07-08,148.830,148.8300000000,,,303443224.99798110,45161455176.449527113000000000,304000000,307000000,304000000,307000000,303443225,304000000,307000000,304000000,307000000,303443225
2021-07-09,150.030,150.0300000000,,,303443224.99665050,45525587046.247474515000000000,304000000,307000000,304000000,307000000,303443225,304000000,307000000,304000000,307000000,303443225
2021-07-12,149.510,149.5100000000,,,303443225.00098760,45367796569.897656076000000000,304000000,307000000,304000000,307000000,303443225,304000000,307000000,304000000,307000000,303443225
2021-07-13,149.270,149.2700000000,,,303443225.00036440,45294970195.804393988000000000,304000000,307000000,304000000,307000000,303443225,304000000,307000000,304000000,307000000,303443225
2021-07-14,148.630,148.6300000000,,,303443225.00094116,45100766531.889884610800000000,304000000,307000000,304000000,307000000,303443225,304000000,307000000,304000000,307000000,303443225
2021-07-15,148.960,148.9600000000,,,303443224.99980870,45200902795.971503952000000000,304000000,307000000,304000000,307000000,303443225,304000000,307000000,304000000,307000000,303443225
2021-07-16,148.930,148.9300000000,,,303443225.00121750,45191799499.431322275000000000,304000000,307000000,304000000,307000000,303443225,304000000,307000000,304000000,307000000,303443225
2021-07-19,147.580,147.5800000000,,,303443225.00245726,44782151145.862642430800000000,304000000,307000000,304000000,307000000,303443225,304000000,307000000,304000000,307000000,303443225
2021-07-20,149.300,149.3000000000,,,303443224.99672090,45304073492.010430370000000000,304000000,307000000,304000000,307000000,303443225,304000000,307000000,304000000,307000000,303443225
2021-07-21,148.950,148.9500000000,,,303443224.99953043,45197868363.680057548500000000,304000000,307000000,304000000,307000000,303443225,304000000,307000000,304000000,307000000,303443225
2021-07-22,150.300,150.3000000000,,,303443225.00055146,45607516717.582884438000000000,304000000,307000000,304000000,307000000,303443225,304000000,307000000,304000000,307000000,303443225
2021-07-23,152.310,152.3100000000,,,303443224.99933670,46217437599.648972777000000000,304000000,307000000,304000000,307000000,303443225,304000000,307000000,304000000,307000000,303443225
2021-07-26,150.250,150.2500000000,,,303443224.99894840,45592344556.091997100000000000,304000000,307000000,304000000,307000000,303443225,304000000,307000000,304000000,307000000,303443225
2021-07-27,149.950,149.9500000000,,,303443225.00335130,45501311589.252527435000000000,304000000,307000000,304000000,307000000,303443225,304000000,307000000,304000000,307000000,303443225
2021-07-28,151.460,151.4600000000,,,303443224.99789643,45959510858.181393287800000000,304000000,307000000,304000000,307000000,303443225,304000000,307000000,304000000,307000000,303443225
2021-07-29,152.670,152.6700000000,,,303443224.99686116,46326677160.270793297200000000,304000000,307000000,304000000,307000000,303443225,304000000,307000000,304000000,307000000,303443225
2021-07-30,153.230,153.2300000000,,,303443225.00287384,46496605367.190358503200000000,304000000,307000000,304000000,307000000,303443225,304000000,307000000,304000000,307000000,303443225
2021-08-02,153.070,153.0700000000,,,303443225.00247070,46448054451.128190049000000000,304000000,307000000,304000000,307000000,303443225,304000000,307000000,304000000,307000000,303443225
2021-08-03,153.860,153.8600000000,,,303443225.00203710,46687774598.813428206000000000,304000000,307000000,304000000,307000000,303443225,304000000,307000000,304000000,307000000,303443225
2021-08-04,154.270,154.2700000000,,,303443225.00114170,46812186320.926130059000000000,304000000,307000000,304000000,307000000,303443225,304000000,307000000,304000000,307000000,303443225
2021-08-05,155.040,155.0400000000,,,303443224.99781130,47045837603.660663952000000000,304000000,307000000,304000000,307000000,303443225,304000000,307000000,304000000,307000000,303443225
2021-08-06,155.700,155.7000000000,,,303443225.00231250,47246110132.860056250000000000,304000000,307000000,304000000,307000000,303443225,304000000,307000000,304000000,307000000,303443225
2021-08-09,156.540,156.5400000000,,,303443224.99894094,47501002441.334214747600000000,304000000,307000000,304000000,307000000,303443225,304000000,307000000,304000000,307000000,303443225
2021-08-10,156.520,156.5200000000,,,303443225.00054616,47494933577.085484963200000000,304000000,307000000,304000000,307000000,303443225,304000000,307000000,304000000,307000000,303443225
2021-08-11,156.520,156.5200000000,,,303443225.00054616,47494933577.085484963200000000,304000000,307000000,304000000,307000000,303443225,304000000,307000000,304000000,307000000,303443225
2021-08-12,158.150,158.1500000000,,,303443224.99680610,47989546033.244884715000000000,304000000,307000000,304000000,307000000,303443225,304000000,307000000,304000000,307000000,303443225
2021-08-13,159.230,159.2300000000,,,303443225.00061820,48317264716.848435986000000000,304000000,307000000,304000000,307000000,303443225,304000000,307000000,304000000,307000000,303443225
2021-08-16,162.070,162.0700000000,,,303443225.00236540,49179043476.133360378000000000,304000000,307000000,304000000,307000000,303443225,304000000,307000000,304000000,307000000,303443225
2021-08-17,160.910,160.9100000000,,,303443225.00051510,48827049334.832884741000000000,304000000,307000000,304000000,307000000,303443225,304000000,307000000,304000000,307000000,303443225
2021-08-18,163.020,163.0200000000,,,303443225.00233580,49467314539.880782116000000000,304000000,307000000,304000000,307000000,303443225,304000000,307000000,304000000,307000000,303443225
2021-08-19,167.670,167.6700000000,,,303443225.00131315,50878325535.970175860500000000,304000000,307000000,304000000,307000000,303443225,304000000,307000000,304000000,307000000,303443225
2021-08-20,168.130,168.1300000000,,,303443225.00192580,51017909419.573784754000000000,304000000,307000000,304000000,307000000,303443225,304000000,307000000,304000000,307000000,303443225
2021-08-23,170.000,170.0000000000,,,303443224.99897910,51585348249.826447000000000000,304000000,307000000,304000000,307000000,303443225,304000000,307000000,304000000,307000000,303443225
2021-08-24,170.570,170.5700000000,,,303443224.99854213,51758310888.001331114100000000,304000000,307000000,304000000,307000000,303443225,304000000,307000000,304000000,307000000,303443225
2021-08-25,173.300,173.3000000000,,,303443224.99718994,52586710892.013016602000000000,304000000,307000000,304000000,307000000,303443225,304000000,307000000,304000000,307000000,303443225
2021-08-26,173.590,173.5900000000,,,303443224.99911960,52674709427.597171364000000000,304000000,307000000,304000000,307000000,303443225,304000000,307000000,304000000,307000000,303443225
2021-08-27,173.810,173.8100000000,,,303443225.00110280,52741466937.441677668000000000,304000000,307000000,304000000,307000000,303443225,304000000,307000000,304000000,307000000,303443225
2021-08-30,176.730,176.7300000000,,,303443225.00287277,53627521154.757704642100000000,304000000,307000000,304000000,307000000,303443225,304000000,307000000,304000000,307000000,303443225
2021-08-31,175.470,175.4700000000,,,302722668.00116920,53118746554.165159524000000000,303000000,306000000,303000000,306000000,302722668,303000000,306000000,303000000,306000000,302722668
2021-09-01,175.450,175.4500000000,,,302722667.99817160,53112692100.279207220000000000,303000000,306000000,303000000,306000000,302722668,303000000,306000000,303000000,306000000,302722668
2021-09-02,178.020,178.0200000000,,,302722667.99990220,53890689357.342589644000000000,303000000,306000000,303000000,306000000,302722668,303000000,306000000,303000000,306000000,302722668
2021-09-03,179.280,179.2800000000,,,302722668.00247590,54272119919.483879352000000000,303000000,306000000,303000000,306000000,302722668,303000000,306000000,303000000,306000000,302722668
2021-09-07,177.720,177.7200000000,,,302722668.00215250,53799872557.342542300000000000,303000000,306000000,303000000,306000000,302722668,303000000,306000000,303000000,306000000,302722668
2021-09-08,178.730,178.7300000000,,,302722667.99769740,54105622451.228456302000000000,303000000,306000000,303000000,306000000,302722668,303000000,306000000,303000000,306000000,302722668
2021-09-09,177.230,177.2300000000,,,302722668.00038820,53651538449.708800686000000000,303000000,306000000,303000000,306000000,302722668,303000000,306000000,303000000,306000000,302722668
2021-09-10,177.230,177.2300000000,,,302722668.00038820,53651538449.708800686000000000,303000000,306000000,303000000,306000000,302722668,303000000,306000000,303000000,306000000,302722668
2021-09-13,172.080,172.0800000000,,,302722668.00217000,52092516709.813413600000000000,303000000,306000000,303000000,306000000,302722668,303000000,306000000,303000000,306000000,302722668
2021-09-14,172.420,172.4200000000,,,302722667.99833417,52195442416.272777591400000000,303000000,306000000,303000000,306000000,302722668,303000000,306000000,303000000,306000000,302722668
2021-09-15,173.790,173.7900000000,,,302722668.00055570,52610172471.816575103000000000,303000000,306000000,303000000,306000000,302722668,303000000,306000000,303000000,306000000,302722668
2021-09-16,173.280,173.2800000000,,,302722668.00169100,52455783911.333016480000000000,303000000,306000000,303000000,306000000,302722668,303000000,306000000,303000000,306000000,302722668
2021-09-17,173.940,173.9400000000,,,302722667.99861085,52655580871.678371249000000000,303000000,306000000,303000000,306000000,302722668,303000000,306000000,303000000,306000000,302722668
2021-09-20,171.340,171.3400000000,,,302722667.99906874,51868501934.960437911600000000,303000000,306000000,303000000,306000000,302722668,303000000,306000000,303000000,306000000,302722668
2021-09-21,171.440,171.4400000000,,,302722668.00070834,51898774202.041437809600000000,303000000,306000000,303000000,306000000,302722668,303000000,306000000,303000000,306000000,302722668
2021-09-22,172.440,172.4400000000,,,302722668.00138440,52201496870.158725936000000000,303000000,306000000,303000000,306000000,302722668,303000000,306000000,303000000,306000000,302722668
2021-09-23,172.770,172.7700000000,,,302722668.00283307,52301395350.849469503900000000,303000000,306000000,303000000,306000000,302722668,303000000,306000000,303000000,306000000,302722668
2021-09-24,172.400,172.4000000000,,,302722668.00129336,52189387963.422975264000000000,303000000,306000000,303000000,306000000,302722668,303000000,306000000,303000000,306000000,302722668
2021-09-27,166.380,166.3800000000,,,302722667.99727240,50366997501.386181912000000000,303000000,306000000,303000000,306000000,302722668,303000000,306000000,303000000,306000000,302722668
2021-09-28,159.900,159.9000000000,,,302722667.99676526,48405354612.682765074000000000,303000000,306000000,303000000,306000000,302722668,303000000,306000000,303000000,306000000,302722668
2021-09-29,160.000,160.0000000000,,,302722667.99852353,48435626879.763764800000000000,303000000,306000000,303000000,306000000,302722668,303000000,306000000,303000000,306000000,302722668
2021-09-30,157.530,157.5300000000,,,302722668.00011310,47687901890.057816643000000000,303000000,306000000,303000000,306000000,302722668,303000000,306000000,303000000,306000000,302722668
2021-10-01,155.990,155.9900000000,,,302722668.00309265,47221708981.802422473500000000,303000000,306000000,303000000,306000000,302722668,303000000,306000000,303000000,306000000,302722668
2021-10-04,152.360,152.3600000000,,,302722668.00017660,46122825696.506906776000000000,303000000,306000000,303000000,306000000,302722668,303000000,306000000,303000000,306000000,302722668
2021-10-05,153.030,153.0300000000,,,302722667.99839600,46325649883.794539880000000000,303000000,306000000,303000000,306000000,302722668,303000000,306000000,303000000,306000000,302722668
2021-10-06,153.650,153.6500000000,,,302722668.00245154,46513337938.576679121000000000,303000000,306000000,303000000,306000000,302722668,303000000,306000000,303000000,306000000,302722668
2021-10-07,155.320,155.3200000000,,,302722667.99830500,47018884793.496732600000000000,303000000,306000000,303000000,306000000,302722668,303000000,306000000,303000000,306000000,302722668
2021-10-08,152.470,152.4700000000,,,302722668.00283430,46156125190.392145721000000000,303000000,306000000,303000000,306000000,302722668,303000000,306000000,303000000,306000000,302722668
2021-10-11,150.020,150.0200000000,,,302722668.00120300,45414454653.540474060000000000,303000000,306000000,303000000,306000000,302722668,303000000,306000000,303000000,306000000,302722668
2021-10-12,147.950,147.9500000000,,,302722667.99982375,44787818730.573923812500000000,303000000,306000000,303000000,306000000,302722668,303000000,306000000,303000000,306000000,302722668
2021-10-13,150.220,150.2200000000,,,302722668.00310000,45474999187.425682000000000000,303000000,306000000,303000000,306000000,302722668,303000000,306000000,303000000,306000000,302722668
2021-10-14,152.590,152.5900000000,,,302722668.00133200,46192451910.323249880000000000,303000000,306000000,303000000,306000000,302722668,303000000,306000000,303000000,306000000,302722668
2021-10-15,153.270,153.2700000000,,,302722668.00036186,46398303324.415462282200000000,303000000,306000000,303000000,306000000,302722668,303000000,306000000,303000000,306000000,302722668
2021-10-18,154.780,154.7800000000,,,302722667.99938494,46855414552.944801013200000000,303000000,306000000,303000000,306000000,302722668,303000000,306000000,303000000,306000000,302722668
2021-10-19,155.620,155.6200000000,,,302722668.00194440,47109701594.462587528000000000,303000000,306000000,303000000,306000000,302722668,303000000,306000000,303000000,306000000,302722668
2021-10-20,157.590,157.5900000000,,,302722668.00144990,47706065250.348489741000000000,303000000,306000000,303000000,306000000,302722668,303000000,306000000,303000000,306000000,302722668
2021-10-21,156.940,156.9400000000,,,302722667.99994460,47509295515.911305524000000000,303000000,306000000,303000000,306000000,302722668,303000000,306000000,303000000,306000000,302722668
2021-10-22,157.970,157.9700000000,,,302722667.99692893,47821099863.474863072100000000,303000000,306000000,303000000,306000000,302722668,303000000,306000000,303000000,306000000,302722668
2021-10-25,158.340,158.3400000000,,,302722667.99817790,47933107250.831488686000000000,303000000,306000000,303000000,306000000,302722668,303000000,306000000,303000000,306000000,302722668
2021-10-26,158.190,158.1900000000,,,302722668.00205670,47887698851.245349373000000000,303000000,306000000,303000000,306000000,302722668,303000000,306000000,303000000,306000000,302722668
2021-10-27,155.260,155.2600000000,,,302722668.00326330,47000721434.186659958000000000,303000000,306000000,303000000,306000000,302722668,303000000,306000000,303000000,306000000,302722668
2021-10-28,155.760,155.7600000000,,,302722668.00207290,47152082768.002874904000000000,303000000,306000000,303000000,306000000,302722668,303000000,306000000,303000000,306000000,302722668
2021-10-29,157.490,157.4900000000,,,302722668.00142190,47675792983.543935031000000000,303000000,306000000,303000000,306000000,302722668,303000000,306000000,303000000,306000000,302722668
2021-11-01,157.060,157.0600000000,,,302722667.99848723,47545622235.842404343800000000,303000000,306000000,303000000,306000000,302722668,303000000,306000000,303000000,306000000,302722668
2021-11-02,157.850,157.8500000000,,,302722668.00012590,47784773143.819873315000000000,303000000,306000000,303000000,306000000,302722668,303000000,306000000,303000000,306000000,302722668
2021-11-03,158.200,158.2000000000,,,302722667.99804807,47890726077.291204674000000000,303000000,306000000,303000000,306000000,302722668,303000000,306000000,303000000,306000000,302722668
2021-11-04,157.650,157.6500000000,,,302722668.00312980,47724228610.693412970000000000,303000000,306000000,303000000,306000000,302722668,303000000,306000000,303000000,306000000,302722668
2021-11-05,156.410,156.4100000000,,,302722667.99696445,47348852501.405209624500000000,303000000,306000000,303000000,306000000,302722668,303000000,306000000,303000000,306000000,302722668
2021-11-08,160.940,160.9400000000,,,302722668.00238680,48720186188.304131592000000000,303000000,306000000,303000000,306000000,302722668,303000000,306000000,303000000,306000000,302722668
2021-11-09,159.810,159.8100000000,,,302722667.99888104,48378109572.901179002400000000,303000000,306000000,303000000,306000000,302722668,303000000,306000000,303000000,306000000,302722668
2021-11-10,159.280,159.2800000000,,,302722668.00071466,48217666559.153831044800000000,303000000,306000000,303000000,306000000,302722668,303000000,306000000,303000000,306000000,302722668
2021-11-11,158.790,158.7900000000,,,302722668.00265896,48069332452.142216258400000000,303000000,306000000,303000000,306000000,302722668,303000000,306000000,303000000,306000000,302722668
2021-11-12,160.880,160.8800000000,,,302722668.00074100,48702022827.959212080000000000,303000000,306000000,303000000,306000000,302722668,303000000,306000000,303000000,306000000,302722668
2021-11-15,157.780,157.7800000000,,,302722668.00246614,47763582557.429107569200000000,303000000,306000000,303000000,306000000,302722668,303000000,306000000,303000000,306000000,302722668
2021-11-16,161.390,161.3900000000,,,302722668.00208265,48856411388.856118883500000000,303000000,306000000,303000000,306000000,302722668,303000000,306000000,303000000,306000000,302722668
2021-11-17,161.540,161.5400000000,,,302722668.00297755,48901819789.200993427000000000,303000000,306000000,303000000,306000000,302722668,303000000,306000000,303000000,306000000,302722668
2021-11-18,162.160,162.1600000000,,,302722668.00042117,49089507842.948296927200000000,303000000,306000000,303000000,306000000,302722668,303000000,306000000,303000000,306000000,302722668
2021-11-19,164.300,164.3000000000,,,302722667.99774516,49737334352.029529788000000000,303000000,306000000,303000000,306000000,302722668,303000000,306000000,303000000,306000000,302722668
2021-11-22,162.780,162.7800000000,,,302722667.99788430,49277195896.695606354000000000,303000000,306000000,303000000,306000000,302722668,303000000,306000000,303000000,306000000,302722668
2021-11-23,154.780,154.7800000000,,,302722667.99938494,46855414552.944801013200000000,303000000,306000000,303000000,306000000,302722668,303000000,306000000,303000000,306000000,302722668
2021-11-24,152.970,152.9700000000,,,302722667.99666350,46307486523.449615595000000000,303000000,306000000,303000000,306000000,302722668,303000000,306000000,303000000,306000000,302722668
2021-11-26,152.070,152.0700000000,,,302722667.99909085,46035036122.621745559500000000,303000000,306000000,303000000,306000000,302722668,303000000,306000000,303000000,306000000,302722668
2021-11-29,153.420,153.4200000000,,,302722668.00130590,46443711724.760351178000000000,303000000,306000000,303000000,306000000,302722668,303000000,306000000,303000000,306000000,302722668
2021-11-30,150.900,150.9000000000,,,302722668.00210667,45680850601.517896503000000000,303000000,306000000,303000000,306000000,302722668,303000000,306000000,303000000,306000000,302722668
2021-12-01,148.210,148.2100000000,,,302722667.99655354,44866526623.769200163400000000,303000000,306000000,303000000,306000000,302722668,303000000,306000000,303000000,306000000,302722668
2021-12-02,150.990,150.9900000000,,,302722668.00131040,45708095641.517857296000000000,303000000,306000000,303000000,306000000,302722668,303000000,306000000,303000000,306000000,302722668
2021-12-03,149.330,149.3300000000,,,302722667.99951490,45205576012.367560017000000000,303000000,306000000,303000000,306000000,302722668,303000000,306000000,303000000,306000000,302722668
2021-12-06,151.470,151.4700000000,,,302722667.99844780,45853402521.724888266000000000,303000000,306000000,303000000,306000000,302722668,303000000,306000000,303000000,306000000,302722668
2021-12-07,153.800,153.8000000000,,,302722667.99666260,46558746337.886707880000000000,303000000,306000000,303000000,306000000,302722668,303000000,306000000,303000000,306000000,302722668
2021-12-08,156.310,156.3100000000,,,302722668.00178750,47318580235.359404125000000000,303000000,306000000,303000000,306000000,302722668,303000000,306000000,303000000,306000000,302722668
2021-12-09,154.610,154.6100000000,,,302722668.00174296,46803951699.749479045600000000,303000000,306000000,303000000,306000000,302722668,303000000,306000000,303000000,306000000,302722668
2021-12-10,156.260,156.2600000000,,,302722668.00089010,47303444101.819087026000000000,303000000,306000000,303000000,306000000,302722668,303000000,306000000,303000000,306000000,302722668
2021-12-13,156.290,156.2900000000,,,302722668.00019336,47312525781.750220234400000000,303000000,306000000,303000000,306000000,302722668,303000000,306000000,303000000,306000000,302722668
2021-12-14,151.880,151.8800000000,,,302722667.99803220,45977518815.541130536000000000,303000000,306000000,303000000,306000000,302722668,303000000,306000000,303000000,306000000,302722668
2021-12-15,154.310,154.3100000000,,,302722667.99807930,46713134898.783616783000000000,303000000,306000000,303000000,306000000,302722668,303000000,306000000,303000000,306000000,302722668
2021-12-16,150.800,150.8000000000,,,302722668.00024700,45650578334.437247600000000000,303000000,306000000,303000000,306000000,302722668,303000000,306000000,303000000,306000000,302722668
2021-12-17,151.420,151.4200000000,,,302000797.00195664,45728960682.036274428800000000,304000000,307000000,304000000,307000000,302000797,304000000,307000000,304000000,307000000,302000797
2021-12-20,150.420,150.4200000000,,,302000797.00294040,45426959885.182294968000000000,304000000,307000000,304000000,307000000,302000797,304000000,307000000,304000000,307000000,302000797
2021-12-21,153.960,153.9600000000,,,302000797.00033474,46496042706.171536570400000000,304000000,307000000,304000000,307000000,302000797,304000000,307000000,304000000,307000000,302000797
2021-12-22,156.780,156.7800000000,,,302000797.00095770,47347684953.810148206000000000,304000000,307000000,304000000,307000000,302000797,304000000,307000000,304000000,307000000,302000797
2021-12-23,157.800,157.8000000000,,,302000796.99752045,47655725766.208727010000000000,304000000,307000000,304000000,307000000,302000797,304000000,307000000,304000000,307000000,302000797
2021-12-27,158.740,158.7400000000,,,302000796.99756900,47939606515.394103060000000000,304000000,307000000,304000000,307000000,302000797,304000000,307000000,304000000,307000000,302000797
2021-12-28,159.180,159.1800000000,,,302000796.99832730,48072486866.193739614000000000,304000000,307000000,304000000,307000000,302000797,304000000,307000000,304000000,307000000,302000797
2021-12-29,160.650,160.6500000000,,,302000796.99745040,48516428037.640406760000000000,304000000,307000000,304000000,307000000,302000797,304000000,307000000,304000000,307000000,302000797
2021-12-30,160.880,160.8800000000,,,302000796.99685323,48585888220.853747642400000000,304000000,307000000,304000000,307000000,302000797,304000000,307000000,304000000,307000000,302000797
2021-12-31,159.650,159.6500000000,,,302000796.99886566,48214427240.868902619000000000,304000000,307000000,304000000,307000000,302000797,304000000,307000000,304000000,307000000,302000797
2022-01-03,156.480,156.4800000000,,,302000796.99678160,47257084714.056384768000000000,304000000,307000000,304000000,307000000,302000797,304000000,307000000,304000000,307000000,302000797
2022-01-04,151.190,151.1900000000,,,302000797.00025220,45659500498.468130118000000000,304000000,307000000,304000000,307000000,302000797,304000000,307000000,304000000,307000000,302000797
2022-01-05,148.600,148.6000000000,,,302000797.00277215,44877318434.611941490000000000,304000000,307000000,304000000,307000000,302000797,304000000,307000000,304000000,307000000,302000797
2022-01-06,149.120,149.1200000000,,,302000797.00296557,45034358849.082225798400000000,304000000,307000000,304000000,307000000,302000797,304000000,307000000,304000000,307000000,302000797
2022-01-07,145.150,145.1500000000,,,302000797.00016874,43835415684.574492611000000000,304000000,307000000,304000000,307000000,302000797,304000000,307000000,304000000,307000000,302000797
2022-01-10,145.160,145.1600000000,,,302000797.00208460,43838435692.822600536000000000,304000000,307000000,304000000,307000000,302000797,304000000,307000000,304000000,307000000,302000797
2022-01-11,146.640,146.6400000000,,,302000796.99935937,44285396871.986058016800000000,304000000,307000000,304000000,307000000,302000797,304000000,307000000,304000000,307000000,302000797
2022-01-12,149.510,149.5100000000,,,302000796.99751220,45152139159.098049022000000000,304000000,307000000,304000000,307000000,302000797,304000000,307000000,304000000,307000000,302000797
2022-01-13,145.170,145.1700000000,,,302000796.99688110,43841455700.037229287000000000,304000000,307000000,304000000,307000000,302000797,304000000,307000000,304000000,307000000,302000797
2022-01-14,144.680,144.6800000000,,,302000797.00299730,43693475310.393649364000000000,304000000,307000000,304000000,307000000,302000797,304000000,307000000,304000000,307000000,302000797
2022-01-18,140.470,140.4700000000,,,302000797.00057980,42422051954.671444506000000000,304000000,307000000,304000000,307000000,302000797,304000000,307000000,304000000,307000000,302000797
2022-01-19,140.430,140.4300000000,,,302000797.00001770,42409971922.712485611000000000,304000000,307000000,304000000,307000000,302000797,304000000,307000000,304000000,307000000,302000797
2022-01-20,139.480,139.4800000000,,,302000796.99707174,42123071165.151566295200000000,304000000,307000000,304000000,307000000,302000797,304000000,307000000,304000000,307000000,302000797
2022-01-21,137.510,137.5100000000,,,302000796.99884410,41528129595.311052191000000000,304000000,307000000,304000000,307000000,302000797,304000000,307000000,304000000,307000000,302000797
2022-01-24,138.120,138.1200000000,,,302000797.00282160,41712350082.029719392000000000,304000000,307000000,304000000,307000000,302000797,304000000,307000000,304000000,307000000,302000797
2022-01-25,134.570,134.5700000000,,,302000797.00055370,40640247252.364511409000000000,304000000,307000000,304000000,307000000,302000797,304000000,307000000,304000000,307000000,302000797
2022-01-26,133.510,133.5100000000,,,302000796.99655530,40320126407.010098103000000000,304000000,307000000,304000000,307000000,302000797,304000000,307000000,304000000,307000000,302000797
2022-01-27,132.090,132.0900000000,,,302000796.99712855,39891285275.350710169500000000,304000000,307000000,304000000,307000000,302000797,304000000,307000000,304000000,307000000,302000797
2022-01-28,137.060,137.0600000000,,,302000796.99894434,41392229236.675311240400000000,304000000,307000000,304000000,307000000,302000797,304000000,307000000,304000000,307000000,302000797
2022-01-31,139.320,139.3200000000,,,302000796.99985456,42074751038.019737299200000000,304000000,307000000,304000000,307000000,302000797,304000000,307000000,304000000,307000000,302000797
2022-02-01,141.030,141.0300000000,,,302000797.00193610,42591172401.183048183000000000,304000000,307000000,304000000,307000000,302000797,304000000,307000000,304000000,307000000,302000797
2022-02-02,144.240,144.2400000000,,,302000796.99843950,43560594959.054913480000000000,304000000,307000000,304000000,307000000,302000797,304000000,307000000,304000000,307000000,302000797
2022-02-03,141.790,141.7900000000,,,302000797.00109625,42820693006.785437287500000000,304000000,307000000,304000000,307000000,302000797,304000000,307000000,304000000,307000000,302000797
2022-02-04,141.120,141.1200000000,,,302000796.99886860,42618352472.480336832000000000,304000000,307000000,304000000,307000000,302000797,304000000,307000000,304000000,307000000,302000797
2022-02-07,140.370,140.3700000000,,,302000797.00168160,42391851875.126046192000000000,304000000,307000000,304000000,307000000,302000797,304000000,307000000,304000000,307000000,302000797
2022-02-08,140.810,140.8100000000,,,302000796.99960000,42524732225.513676000000000000,304000000,307000000,304000000,307000000,302000797,304000000,307000000,304000000,307000000,302000797
2022-02-09,144.440,144.4400000000,,,302000796.99687110,43620995118.228061684000000000,304000000,307000000,304000000,307000000,302000797,304000000,307000000,304000000,307000000,302000797
2022-02-10,141.660,141.6600000000,,,302000797.00301300,42781432903.446821580000000000,304000000,307000000,304000000,307000000,302000797,304000000,307000000,304000000,307000000,302000797
2022-02-11,137.200,137.2000000000,,,302000796.99899435,41434509348.262024820000000000,304000000,307000000,304000000,307000000,302000797,304000000,307000000,304000000,307000000,302000797
2022-02-14,135.210,135.2100000000,,,302000796.99671096,40833527761.925288901600000000,304000000,307000000,304000000,307000000,302000797,304000000,307000000,304000000,307000000,302000797
2022-02-15,135.910,135.9100000000,,,302000796.99758110,41044928319.941247301000000000,304000000,307000000,304000000,307000000,302000797,304000000,307000000,304000000,307000000,302000797
2022-02-16,135.150,135.1500000000,,,302000796.99843776,40815407714.338863264000000000,304000000,307000000,304000000,307000000,302000797,304000000,307000000,304000000,307000000,302000797
2022-02-17,130.250,130.2500000000,,,302000796.99691975,39335603808.848797437500000000,304000000,307000000,304000000,307000000,302000797,304000000,307000000,304000000,307000000,302000797
2022-02-18,132.050,132.0500000000,,,302000797.00373244,39879205244.342868702000000000,304000000,307000000,304000000,307000000,302000797,304000000,307000000,304000000,307000000,302000797
2022-02-22,130.490,130.4900000000,,,302000796.99642336,39408084000.063284246400000000,304000000,307000000,304000000,307000000,302000797,304000000,307000000,304000000,307000000,302000797
2022-02-23,126.000,126.0000000000,,,302000797.00094240,38052100422.118742400000000000,304000000,307000000,304000000,307000000,302000797,304000000,307000000,304000000,307000000,302000797
2022-02-24,128.150,128.1500000000,,,302000797.00029110,38701402135.587304465000000000,304000000,307000000,304000000,307000000,302000797,304000000,307000000,304000000,307000000,302000797
2022-02-25,133.730,133.7300000000,,,302000796.99902400,40386566582.679479520000000000,304000000,307000000,304000000,307000000,302000797,304000000,307000000,304000000,307000000,302000797
2022-02-28,130.360,130.3600000000,,,302000796.99786980,39368823896.642307128000000000,304000000,307000000,304000000,307000000,302000797,304000000,307000000,304000000,307000000,302000797
2022-03-01,131.930,131.9300000000,,,302000797.00006735,39842965148.218885485500000000,304000000,307000000,304000000,307000000,302000797,304000000,307000000,304000000,307000000,302000797
2022-03-02,133.160,133.1600000000,,,302000797.00325350,40214426128.953236060000000000,304000000,307000000,304000000,307000000,302000797,304000000,307000000,304000000,307000000,302000797
2022-03-03,137.170,137.1700000000,,,300113376.99705790,41166551922.686432143000000000,301000000,303000000,301000000,303000000,300113377,301000000,303000000,301000000,303000000,300113377
2022-03-04,133.890,133.8900000000,,,300113376.99638840,40182180046.046442876000000000,301000000,303000000,301000000,303000000,300113377,301000000,303000000,301000000,303000000,300113377
2022-03-07,130.340,130.3400000000,,,300113376.99625033,39116777557.691268012200000000,301000000,303000000,301000000,303000000,300113377,301000000,303000000,301000000,303000000,300113377
2022-03-08,129.320,129.3200000000,,,300113376.99701190,38810661913.253578908000000000,301000000,303000000,301000000,303000000,300113377,301000000,303000000,301000000,303000000,300113377
2022-03-09,133.260,133.2600000000,,,300113377.00117344,39993108619.176372614400000000,301000000,303000000,301000000,303000000,300113377,301000000,303000000,301000000,303000000,300113377
2022-03-10,134.330,134.3300000000,,,300113376.99696490,40314229932.002295017000000000,301000000,303000000,301000000,303000000,300113377,301000000,303000000,301000000,303000000,300113377
2022-03-11,130.310,130.3100000000,,,300113377.00364900,39107774157.345501190000000000,301000000,303000000,301000000,303000000,300113377,301000000,303000000,301000000,303000000,300113377
2022-03-14,127.580,127.5800000000,,,300113377.00116080,38288464637.808094864000000000,301000000,303000000,301000000,303000000,300113377,301000000,303000000,301000000,303000000,300113377
2022-03-15,130.280,130.2800000000,,,300113377.00311834,39098770755.966257335200000000,301000000,303000000,301000000,303000000,300113377,301000000,303000000,301000000,303000000,300113377
2022-03-16,135.000,135.0000000000,,,300113376.99719890,40515305894.621851500000000000,301000000,303000000,301000000,303000000,300113377,301000000,303000000,301000000,303000000,300113377
2022-03-17,136.820,136.8200000000,,,300113377.00301690,41061512241.552772258000000000,301000000,303000000,301000000,303000000,300113377,301000000,303000000,301000000,303000000,300113377
2022-03-18,139.120,139.1200000000,,,300113376.99915236,41751773008.122076323200000000,301000000,303000000,301000000,303000000,300113377,301000000,303000000,301000000,303000000,300113377
2022-03-21,138.140,138.1400000000,,,300113377.00220704,41457661899.084880505600000000,301000000,303000000,301000000,303000000,300113377,301000000,303000000,301000000,303000000,300113377
2022-03-22,139.290,139.2900000000,,,300113377.00274080,41802792282.711766032000000000,301000000,303000000,301000000,303000000,300113377,301000000,303000000,301000000,303000000,300113377
2022-03-23,134.180,134.1800000000,,,300113376.99958330,40269212925.804087194000000000,301000000,303000000,301000000,303000000,300113377,301000000,303000000,301000000,303000000,300113377
2022-03-24,136.410,136.4100000000,,,300113377.00041900,40938465756.627155790000000000,301000000,303000000,301000000,303000000,300113377,301000000,303000000,301000000,303000000,300113377
2022-03-25,135.710,135.7100000000,,,300113376.99722110,40728386392.292875481000000000,301000000,303000000,301000000,303000000,300113377,301000000,303000000,301000000,303000000,300113377
2022-03-28,135.420,135.4200000000,,,300113377.00168890,40641353513.568710838000000000,301000000,303000000,301000000,303000000,300113377,301000000,303000000,301000000,303000000,300113377
2022-03-29,138.420,138.4200000000,,,300113377.00095564,41541693644.472279688800000000,301000000,303000000,301000000,303000000,300113377,301000000,303000000,301000000,303000000,300113377
2022-03-30,135.460,135.4600000000,,,300113376.99642485,40653358047.935710181000000000,301000000,303000000,301000000,303000000,300113377,301000000,303000000,301000000,303000000,300113377
2022-03-31,132.330,132.3300000000,,,300113377.00088716,39714003178.527397882800000000,301000000,303000000,301000000,303000000,300113377,301000000,303000000,301000000,303000000,300113377
2022-04-01,133.970,133.9700000000,,,300113377.00117487,40206189116.847397333900000000,301000000,303000000,301000000,303000000,300113377,301000000,303000000,301000000,303000000,300113377
2022-04-04,134.810,134.8100000000,,,300113376.99783470,40458284353.078095907000000000,301000000,303000000,301000000,303000000,300113377,301000000,303000000,301000000,303000000,300113377
2022-04-05,133.260,133.2600000000,,,300113377.00239110,39993108619.338637986000000000,301000000,303000000,301000000,303000000,300113377,301000000,303000000,301000000,303000000,300113377
2022-04-06,132.710,132.7100000000,,,300113376.99679270,39828046261.244359217000000000,301000000,303000000,301000000,303000000,300113377,301000000,303000000,301000000,303000000,300113377
2022-04-07,135.930,135.9300000000,,,300113377.00243900,40794411335.941533270000000000,301000000,303000000,301000000,303000000,300113377,301000000,303000000,301000000,303000000,300113377
2022-04-08,134.870,134.8700000000,,,300113376.99627710,40476291155.487892477000000000,301000000,303000000,301000000,303000000,300113377,301000000,303000000,301000000,303000000,300113377
2022-04-11,131.260,131.2600000000,,,300113376.99959040,39392881864.966235904000000000,301000000,303000000,301000000,303000000,300113377,301000000,303000000,301000000,303000000,300113377
2022-04-12,125.390,125.3900000000,,,300113377.00020980,37631216342.056306822000000000,301000000,303000000,301000000,303000000,300113377,301000000,303000000,301000000,303000000,300113377
2022-04-13,128.290,128.2900000000,,,300113376.99973460,38501545135.295951834000000000,301000000,303000000,301000000,303000000,300113377,301000000,303000000,301000000,303000000,300113377
2022-04-14,126.440,126.4400000000,,,300113376.99665650,37946335387.457247860000000000,301000000,303000000,301000000,303000000,300113377,301000000,303000000,301000000,303000000,300113377
2022-04-18,123.840,123.8400000000,,,300113376.99681044,37166040607.285004889600000000,301000000,303000000,301000000,303000000,300113377,301000000,303000000,301000000,303000000,300113377
2022-04-19,126.530,126.5300000000,,,300113377.00094515,37973345591.929589829500000000,301000000,303000000,301000000,303000000,300113377,301000000,303000000,301000000,303000000,300113377
2022-04-20,129.370,129.3700000000,,,300113377.00208250,38825667582.759413025000000000,301000000,303000000,301000000,303000000,300113377,301000000,303000000,301000000,303000000,300113377
2022-04-21,125.290,125.2900000000,,,300113377.00211495,37601205004.594982085500000000,301000000,303000000,301000000,303000000,300113377,301000000,303000000,301000000,303000000,300113377
2022-04-22,121.320,121.3200000000,,,300113376.99937570,36409754897.564259924000000000,301000000,303000000,301000000,303000000,300113377,301000000,303000000,301000000,303000000,300113377
2022-04-25,121.450,121.4500000000,,,300113377.00360750,36448769637.088130875000000000,301000000,303000000,301000000,303000000,300113377,301000000,303000000,301000000,303000000,300113377
2022-04-26,117.940,117.9400000000,,,300113376.99674360,35395371682.995940184000000000,301000000,303000000,301000000,303000000,300113377,301000000,303000000,301000000,303000000,300113377
2022-04-27,117.680,117.6800000000,,,300113376.99677150,35317342204.980070120000000000,301000000,303000000,301000000,303000000,300113377,301000000,303000000,301000000,303000000,300113377
2022-04-28,121.060,121.0600000000,,,300113376.99940850,36331725419.548393010000000000,301000000,303000000,301000000,303000000,300113377,301000000,303000000,301000000,303000000,300113377
2022-04-29,119.270,119.2700000000,,,300113377.00010810,35794522474.802893087000000000,301000000,303000000,301000000,303000000,300113377,301000000,303000000,301000000,303000000,300113377
2022-05-02,119.570,119.5700000000,,,300113377.00274944,35884556488.218750540800000000,301000000,303000000,301000000,303000000,300113377,301000000,303000000,301000000,303000000,300113377
2022-05-03,122.400,122.4000000000,,,300113377.00186056,36733877345.027732544000000000,301000000,303000000,301000000,303000000,300113377,301000000,303000000,301000000,303000000,300113377
2022-05-04,126.300,126.3000000000,,,300113376.99876800,37904319514.944398400000000000,301000000,303000000,301000000,303000000,300113377,301000000,303000000,301000000,303000000,300113377
2022-05-05,122.150,122.1500000000,,,300113377.00395170,36658849001.032700155000000000,301000000,303000000,301000000,303000000,300113377,301000000,303000000,301000000,303000000,300113377
2022-05-06,121.080,121.0800000000,,,300113377.00355200,36337727687.590076160000000000,301000000,303000000,301000000,303000000,300113377,301000000,303000000,301000000,303000000,300113377
2022-05-09,113.110,113.1100000000,,,300113377.00024724,33945824072.497965316400000000,301000000,303000000,301000000,303000000,300113377,301000000,303000000,301000000,303000000,300113377
2022-05-10,116.640,116.6400000000,,,300113377.00274330,35005224293.599978512000000000,301000000,303000000,301000000,303000000,300113377,301000000,303000000,301000000,303000000,300113377
2022-05-11,113.990,113.9900000000,,,300113377.00109980,34209923844.355366202000000000,301000000,303000000,301000000,303000000,300113377,301000000,303000000,301000000,303000000,300113377
2022-05-12,116.130,116.1300000000,,,300113376.99610110,34852166470.557220743000000000,301000000,303000000,301000000,303000000,300113377,301000000,303000000,301000000,303000000,300113377
2022-05-13,119.380,119.3800000000,,,300113377.00021005,35827534946.285075769000000000,301000000,303000000,301000000,303000000,300113377,301000000,303000000,301000000,303000000,300113377
2022-05-16,120.300,120.3000000000,,,300113377.00078140,36103639253.194002420000000000,301000000,303000000,301000000,303000000,300113377,301000000,303000000,301000000,303000000,300113377
2022-05-17,123.080,123.0800000000,,,300113376.99813634,36937954440.930620727200000000,301000000,303000000,301000000,303000000,300113377,301000000,303000000,301000000,303000000,300113377
2022-05-18,120.790,120.7900000000,,,300113377.00302240,36250694808.195075696000000000,301000000,303000000,301000000,303000000,300113377,301000000,303000000,301000000,303000000,300113377
2022-05-19,122.400,122.4000000000,,,300113377.00186056,36733877345.027732544000000000,301000000,303000000,301000000,303000000,300113377,301000000,303000000,301000000,303000000,300113377
2022-05-20,125.130,125.1300000000,,,300113376.99745850,37553186863.691982105000000000,301000000,303000000,301000000,303000000,300113377,301000000,303000000,301000000,303000000,300113377
2022-05-23,125.980,125.9800000000,,,300113377.00046605,37808283234.518712979000000000,301000000,303000000,301000000,303000000,300113377,301000000,303000000,301000000,303000000,300113377
2022-05-24,124.410,124.4100000000,,,300113377.00134695,37337105232.737574049500000000,301000000,303000000,301000000,303000000,300113377,301000000,303000000,301000000,303000000,300113377
2022-05-25,120.380,120.3800000000,,,300113377.00320240,36127648323.645504912000000000,301000000,303000000,301000000,303000000,300113377,301000000,303000000,301000000,303000000,300113377
2022-05-26,123.850,123.8500000000,,,300113376.99883610,37169041741.305850985000000000,301000000,303000000,301000000,303000000,300113377,301000000,303000000,301000000,303000000,300113377
2022-05-27,130.550,130.5500000000,,,298708056.00256723,38996336711.135151876500000000,299000000,301000000,299000000,301000000,298708056,299000000,301000000,299000000,301000000,298708056
2022-05-31,127.560,127.5600000000,,,298708056.00158550,38103199623.562246380000000000,299000000,301000000,299000000,301000000,298708056,299000000,301000000,299000000,301000000,298708056
2022-06-01,123.090,123.0900000000,,,298708055.99985250,36767974613.021844225000000000,299000000,301000000,299000000,301000000,298708056,299000000,301000000,299000000,301000000,298708056
2022-06-02,129.100,129.1000000000,,,298708055.99693080,38563210029.203766280000000000,299000000,301000000,299000000,301000000,298708056,299000000,301000000,299000000,301000000,298708056
2022-06-03,128.490,128.4900000000,,,298708056.00259550,38380998115.773495795000000000,299000000,301000000,299000000,301000000,298708056,299000000,301000000,299000000,301000000,298708056
2022-06-06,127.630,127.6300000000,,,298708056.00156520,38124109187.479766476000000000,299000000,301000000,299000000,301000000,298708056,299000000,301000000,299000000,301000000,298708056
2022-06-07,128.900,128.9000000000,,,298708055.99894977,38503468418.264625353000000000,299000000,301000000,299000000,301000000,298708056,299000000,301000000,299000000,301000000,298708056
2022-06-08,126.840,126.8400000000,,,298708055.99891967,37888129822.902970942800000000,299000000,301000000,299000000,301000000,298708056,299000000,301000000,299000000,301000000,298708056
2022-06-09,124.140,124.1400000000,,,298708056.00001990,37081618071.842470386000000000,299000000,301000000,299000000,301000000,298708056,299000000,301000000,299000000,301000000,298708056
2022-06-10,120.570,120.5700000000,,,298708056.00295770,36015230312.276609889000000000,299000000,301000000,299000000,301000000,298708056,299000000,301000000,299000000,301000000,298708056
2022-06-13,116.280,116.2800000000,,,298708055.99974440,34733772751.650278832000000000,299000000,301000000,299000000,301000000,298708056,299000000,301000000,299000000,301000000,298708056
2022-06-14,116.010,116.0100000000,,,298708056.00374280,34653121576.994202228000000000,299000000,301000000,299000000,301000000,298708056,299000000,301000000,299000000,301000000,298708056
2022-06-15,116.470,116.4700000000,,,298708055.99877380,34790527282.177184486000000000,299000000,301000000,299000000,301000000,298708056,299000000,301000000,299000000,301000000,298708056
2022-06-16,114.960,114.9600000000,,,298708056.00185260,34339478117.972974896000000000,299000000,301000000,299000000,301000000,298708056,299000000,301000000,299000000,301000000,298708056
2022-06-17,112.710,112.7100000000,,,298708056.00109860,33667384991.883823206000000000,299000000,301000000,299000000,301000000,298708056,299000000,301000000,299000000,301000000,298708056
2022-06-21,113.880,113.8800000000,,,298708056.00382006,34016873417.715028432800000000,299000000,301000000,299000000,301000000,298708056,299000000,301000000,299000000,301000000,298708056
2022-06-22,113.800,113.8000000000,,,298708055.99783840,33992976772.554009920000000000,299000000,301000000,299000000,301000000,298708056,299000000,301000000,299000000,301000000,298708056
2022-06-23,118.600,118.6000000000,,,298708055.99878895,35426775441.456369470000000000,299000000,301000000,299000000,301000000,298708056,299000000,301000000,299000000,301000000,298708056
2022-06-24,121.290,121.2900000000,,,298708055.99723000,36230300111.904026700000000000,299000000,301000000,299000000,301000000,298708056,299000000,301000000,299000000,301000000,298708056
2022-06-27,120.570,120.5700000000,,,298708056.00295770,36015230312.276609889000000000,299000000,301000000,299000000,301000000,298708056,299000000,301000000,299000000,301000000,298708056
2022-06-28,117.060,117.0600000000,,,298708056.00388557,34966765035.814844824200000000,299000000,301000000,299000000,301000000,298708056,299000000,301000000,299000000,301000000,298708056
2022-06-29,117.900,117.9000000000,,,298708056.00044810,35217679802.452830990000000000,299000000,301000000,299000000,301000000,298708056,299000000,301000000,299000000,301000000,298708056
2022-06-30,118.770,118.7700000000,,,298708056.00032663,35477555811.158793845100000000,299000000,301000000,299000000,301000000,298708056,299000000,301000000,299000000,301000000,298708056
2022-07-01,119.210,119.2100000000,,,298708055.99910140,35608987355.652877894000000000,299000000,301000000,299000000,301000000,298708056,299000000,301000000,299000000,301000000,298708056
2022-07-05,120.560,120.5600000000,,,298708055.99745740,36012243231.053464144000000000,299000000,301000000,299000000,301000000,298708056,299000000,301000000,299000000,301000000,298708056
2022-07-06,121.180,121.1800000000,,,298708055.99826600,36197442225.869873880000000000,299000000,301000000,299000000,301000000,298708056,299000000,301000000,299000000,301000000,298708056
2022-07-07,123.150,123.1500000000,,,298708055.99908330,36785897096.287108395000000000,299000000,301000000,299000000,301000000,298708056,299000000,301000000,299000000,301000000,298708056
2022-07-08,122.510,122.5100000000,,,298708056.00069950,36594723940.645695745000000000,299000000,301000000,299000000,301000000,298708056,299000000,301000000,299000000,301000000,298708056
2022-07-11,123.120,123.1200000000,,,298708056.00267714,36776935855.049609476800000000,299000000,301000000,299000000,301000000,298708056,299000000,301000000,299000000,301000000,298708056
2022-07-12,119.240,119.2400000000,,,298708056.00402890,35617948597.920406036000000000,299000000,301000000,299000000,301000000,298708056,299000000,301000000,299000000,301000000,298708056
2022-07-13,118.650,118.6500000000,,,298708055.99950690,35441710844.341493685000000000,299000000,301000000,299000000,301000000,298708056,299000000,301000000,299000000,301000000,298708056
2022-07-14,115.880,115.8800000000,,,298708056.00123024,34614289529.422560211200000000,299000000,301000000,299000000,301000000,298708056,299000000,301000000,299000000,301000000,298708056
2022-07-15,118.830,118.8300000000,,,298708055.99787110,35495478294.227022813000000000,299000000,301000000,299000000,301000000,298708056,299000000,301000000,299000000,301000000,298708056
2022-07-18,115.110,115.1100000000,,,298708055.99824613,34384284325.958112024300000000,299000000,301000000,299000000,301000000,298708056,299000000,301000000,299000000,301000000,298708056
2022-07-19,119.060,119.0600000000,,,298708055.99869883,35564181147.205082699800000000,299000000,301000000,299000000,301000000,298708056,299000000,301000000,299000000,301000000,298708056
2022-07-20,119.860,119.8600000000,,,298708055.99621880,35803147591.706785368000000000,299000000,301000000,299000000,301000000,298708056,299000000,301000000,299000000,301000000,298708056
2022-07-21,127.190,127.1900000000,,,298708055.99714285,37992677642.276599091500000000,299000000,301000000,299000000,301000000,298708056,299000000,301000000,299000000,301000000,298708056
2022-07-22,125.040,125.0400000000,,,298708055.99947280,37350455322.174078912000000000,299000000,301000000,299000000,301000000,298708056,299000000,301000000,299000000,301000000,298708056
2022-07-25,124.260,124.2600000000,,,298708055.99788460,37117463038.297140396000000000,299000000,301000000,299000000,301000000,298708056,299000000,301000000,299000000,301000000,298708056
2022-07-26,125.170,125.1700000000,,,298708056.00221200,37389287369.796876040000000000,299000000,301000000,299000000,301000000,298708056,299000000,301000000,299000000,301000000,298708056
2022-07-27,127.710,127.7100000000,,,298708055.99982580,38148005831.737752918000000000,299000000,301000000,299000000,301000000,298708056,299000000,301000000,299000000,301000000,298708056
2022-07-28,131.110,131.1100000000,,,298708055.99943435,39163613222.085837628500000000,299000000,301000000,299000000,301000000,298708056,299000000,301000000,299000000,301000000,298708056
2022-07-29,134.100,134.1000000000,,,298708055.99977880,40056750309.570337080000000000,299000000,301000000,299000000,301000000,298708056,299000000,301000000,299000000,301000000,298708056
2022-08-01,133.430,133.4300000000,,,298708056.00308170,39856615912.491191231000000000,299000000,301000000,299000000,301000000,298708056,299000000,301000000,299000000,301000000,298708056
2022-08-02,131.280,131.2800000000,,,298708055.99755204,39214393591.358631811200000000,299000000,301000000,299000000,301000000,298708056,299000000,301000000,299000000,301000000,298708056
2022-08-03,134.560,134.5600000000,,,298708056.00123700,40194156015.526450720000000000,299000000,301000000,299000000,301000000,298708056,299000000,301000000,299000000,301000000,298708056
2022-08-04,133.770,133.7700000000,,,298708056.00087470,39958176651.237008619000000000,299000000,301000000,299000000,301000000,298708056,299000000,301000000,299000000,301000000,298708056
2022-08-05,133.610,133.6100000000,,,298708056.00162200,39910383362.376715420000000000,299000000,301000000,299000000,301000000,298708056,299000000,301000000,299000000,301000000,298708056
2022-08-08,132.520,132.5200000000,,,298708056.00054100,39584791581.191693320000000000,299000000,301000000,299000000,301000000,298708056,299000000,301000000,299000000,301000000,298708056
2022-08-09,128.880,128.8800000000,,,298708056.00134270,38497494257.453047176000000000,299000000,301000000,299000000,301000000,298708056,299000000,301000000,299000000,301000000,298708056
2022-08-10,132.580,132.5800000000,,,298708056.00163460,39602714064.696715268000000000,299000000,301000000,299000000,301000000,298708056,299000000,301000000,299000000,301000000,298708056
2022-08-11,131.950,131.9500000000,,,298708056.00202966,39414527989.467813637000000000,299000000,301000000,299000000,301000000,298708056,299000000,301000000,299000000,301000000,298708056
2022-08-12,133.550,133.5500000000,,,298708055.99903744,39892460878.671450112000000000,299000000,301000000,299000000,301000000,298708056,299000000,301000000,299000000,301000000,298708056
2022-08-15,133.900,133.9000000000,,,298708056.00343394,39997008698.859804566000000000,299000000,301000000,299000000,301000000,298708056,299000000,301000000,299000000,301000000,298708056
2022-08-16,132.770,132.7700000000,,,298708055.99905664,39659468594.994750092800000000,299000000,301000000,299000000,301000000,298708056,299000000,301000000,299000000,301000000,298708056
2022-08-17,142.290,142.2900000000,,,298708056.00075287,42503169288.347125872300000000,299000000,301000000,299000000,301000000,298708056,299000000,301000000,299000000,301000000,298708056
2022-08-18,139.970,139.9700000000,,,298708056.00322616,41810166598.771565615200000000,299000000,301000000,299000000,301000000,298708056,299000000,301000000,299000000,301000000,298708056
2022-08-19,137.620,137.6200000000,,,298708056.00296986,41108202667.128712133200000000,299000000,301000000,299000000,301000000,298708056,299000000,301000000,299000000,301000000,298708056
2022-08-22,133.940,133.9400000000,,,298708056.00052290,40008957020.710037226000000000,299000000,301000000,299000000,301000000,298708056,299000000,301000000,299000000,301000000,298708056
2022-08-23,132.640,132.6400000000,,,298708055.99647130,39620636547.371953232000000000,299000000,301000000,299000000,301000000,298708056,299000000,301000000,299000000,301000000,298708056
2022-08-24,133.670,133.6700000000,,,298708056.00270630,39928305845.881751121000000000,299000000,301000000,299000000,301000000,298708056,299000000,301000000,299000000,301000000,298708056
2022-08-25,136.010,136.0100000000,,,298708055.99795830,40627282696.282308383000000000,299000000,301000000,299000000,301000000,298708056,299000000,301000000,299000000,301000000,298708056
2022-08-26,129.870,129.8700000000,,,298708055.99794420,38793215232.453013254000000000,299000000,301000000,299000000,301000000,298708056,299000000,301000000,299000000,301000000,298708056
2022-08-29,128.110,128.1100000000,,,298708056.00022510,38267489054.188837561000000000,299000000,301000000,299000000,301000000,298708056,299000000,301000000,299000000,301000000,298708056
2022-08-30,128.280,128.2800000000,,,298708055.99829770,38318269423.461628956000000000,299000000,301000000,299000000,301000000,298708056,299000000,301000000,299000000,301000000,298708056
2022-08-31,128.250,128.2500000000,,,296040570.00057830,37967203102.574166975000000000,298000000,299000000,298000000,299000000,296040570,298000000,299000000,298000000,299000000,296040570
2022-09-01,128.930,128.9300000000,,,296040569.99806666,38168510689.850734473800000000,298000000,299000000,298000000,299000000,296040570,298000000,299000000,298000000,299000000,296040570
2022-09-02,128.010,128.0100000000,,,296040569.99905050,37896153365.578454505000000000,298000000,299000000,298000000,299000000,296040570,298000000,299000000,298000000,299000000,296040570
2022-09-06,129.300,129.3000000000,,,296040570.00011150,38278045701.014416950000000000,298000000,299000000,298000000,299000000,296040570,298000000,299000000,298000000,299000000,296040570
2022-09-07,131.430,131.4300000000,,,296040570.00243735,38908612115.420340910500000000,298000000,299000000,298000000,299000000,296040570,298000000,299000000,298000000,299000000,296040570
2022-09-08,135.190,135.1900000000,,,296040569.99725710,40021724657.929187349000000000,298000000,299000000,298000000,299000000,296040570,298000000,299000000,298000000,299000000,296040570
2022-09-09,137.630,137.6300000000,,,296040570.00274670,40744063649.478028321000000000,298000000,299000000,298000000,299000000,296040570,298000000,299000000,298000000,299000000,296040570
2022-09-12,139.870,139.8700000000,,,296040569.99843884,41407194525.681640550800000000,298000000,299000000,298000000,299000000,296040570,298000000,299000000,298000000,299000000,296040570
2022-09-13,133.540,133.5400000000,,,296040569.99786340,39533257717.514678436000000000,298000000,299000000,298000000,299000000,296040570,298000000,299000000,298000000,299000000,296040570
2022-09-14,133.250,133.2500000000,,,296040570.00137600,39447405952.683352000000000000,298000000,299000000,298000000,299000000,296040570,298000000,299000000,298000000,299000000,296040570
2022-09-15,133.160,133.1600000000,,,296040569.99996907,39420762301.195881361200000000,298000000,299000000,298000000,299000000,296040570,298000000,299000000,298000000,299000000,296040570
2022-09-16,129.890,129.8900000000,,,296040569.99617773,38452709636.803525349700000000,298000000,299000000,298000000,299000000,296040570,298000000,299000000,298000000,299000000,296040570
2022-09-19,130.720,130.7200000000,,,296040570.00167050,38698423310.618367760000000000,298000000,299000000,298000000,299000000,296040570,298000000,299000000,298000000,299000000,296040570
2022-09-20,128.140,128.1400000000,,,296040569.99958200,37934638639.746437480000000000,298000000,299000000,298000000,299000000,296040570,298000000,299000000,298000000,299000000,296040570
2022-09-21,126.480,126.4800000000,,,296040569.99641670,37443211293.146784216000000000,298000000,299000000,298000000,299000000,296040570,298000000,299000000,298000000,299000000,296040570
2022-09-22,124.390,124.3900000000,,,296040570.00121725,36824486502.451413727500000000,298000000,299000000,298000000,299000000,296040570,298000000,299000000,298000000,299000000,296040570
2022-09-23,123.480,123.4800000000,,,296040569.99737240,36555089583.275543952000000000,298000000,299000000,298000000,299000000,296040570,298000000,299000000,298000000,299000000,296040570
2022-09-26,122.310,122.3100000000,,,296040570.00124640,36208722116.852447184000000000,298000000,299000000,298000000,299000000,296040570,298000000,299000000,298000000,299000000,296040570
2022-09-27,121.610,121.6100000000,,,296040569.99593440,36001493717.205582384000000000,298000000,299000000,298000000,299000000,296040570,298000000,299000000,298000000,299000000,296040570
2022-09-28,123.720,123.7200000000,,,296040569.99895930,36626139320.271244596000000000,298000000,299000000,298000000,299000000,296040570,298000000,299000000,298000000,299000000,296040570
2022-09-29,122.740,122.7400000000,,,296040570.00145180,36336019561.978193932000000000,298000000,299000000,298000000,299000000,296040570,298000000,299000000,298000000,299000000,296040570
2022-09-30,121.550,121.5500000000,,,296040569.99740690,35983731283.184808695000000000,298000000,299000000,298000000,299000000,296040570,298000000,299000000,298000000,299000000,296040570
2022-10-03,126.380,126.3800000000,,,296040569.99869007,37413607236.434451046600000000,298000000,299000000,298000000,299000000,296040570,298000000,299000000,298000000,299000000,296040570
2022-10-04,131.410,131.4100000000,,,296040569.99663530,38902691303.257844773000000000,298000000,299000000,298000000,299000000,296040570,298000000,299000000,298000000,299000000,296040570
2022-10-05,132.640,132.6400000000,,,296040569.99795340,39266821204.528538976000000000,298000000,299000000,298000000,299000000,296040570,298000000,299000000,298000000,299000000,296040570
2022-10-06,132.180,132.1800000000,,,296040569.99764293,39130642542.288442487400000000,298000000,299000000,298000000,299000000,296040570,298000000,299000000,298000000,299000000,296040570
2022-10-07,127.440,127.4400000000,,,296040570.00228340,37727410241.090996496000000000,298000000,299000000,298000000,299000000,296040570,298000000,299000000,298000000,299000000,296040570
2022-10-10,125.950,125.9500000000,,,296040570.00173897,37286309791.719023271500000000,298000000,299000000,298000000,299000000,296040570,298000000,299000000,298000000,299000000,296040570
2022-10-11,125.640,125.6400000000,,,296040570.00055650,37194537214.869918660000000000,298000000,299000000,298000000,299000000,296040570,298000000,299000000,298000000,299000000,296040570
2022-10-12,125.690,125.6900000000,,,296040570.00299424,37209339243.676346025600000000,298000000,299000000,298000000,299000000,296040570,298000000,299000000,298000000,299000000,296040570
2022-10-13,127.900,127.9000000000,,,296040570.00213050,37863588903.272490950000000000,298000000,299000000,298000000,299000000,296040570,298000000,299000000,298000000,299000000,296040570
2022-10-14,125.700,125.7000000000,,,296040569.99866660,37212299648.832391620000000000,298000000,299000000,298000000,299000000,296040570,298000000,299000000,298000000,299000000,296040570
2022-10-17,130.560,130.5600000000,,,296040569.99788934,38651056818.924432230400000000,298000000,299000000,298000000,299000000,296040570,298000000,299000000,298000000,299000000,296040570
2022-10-18,132.300,132.3000000000,,,296040570.00138340,39166167411.183023820000000000,298000000,299000000,298000000,299000000,296040570,298000000,299000000,298000000,299000000,296040570
2022-10-19,128.960,128.9600000000,,,296040569.99722520,38177391906.842161792000000000,298000000,299000000,298000000,299000000,296040570,298000000,299000000,298000000,299000000,296040570
2022-10-20,125.940,125.9400000000,,,296040569.99835890,37283349385.593319866000000000,298000000,299000000,298000000,299000000,296040570,298000000,299000000,298000000,299000000,296040570
2022-10-21,129.880,129.8800000000,,,296040569.99741120,38449749231.263766656000000000,298000000,299000000,298000000,299000000,296040570,298000000,299000000,298000000,299000000,296040570
2022-10-24,132.300,132.3000000000,,,296040570.00138340,39166167411.183023820000000000,298000000,299000000,298000000,299000000,296040570,298000000,299000000,298000000,299000000,296040570
2022-10-25,134.500,134.5000000000,,,296040569.99742360,39817456664.653474200000000000,298000000,299000000,298000000,299000000,296040570,298000000,299000000,298000000,299000000,296040570
2022-10-26,137.690,137.6900000000,,,296040570.00220305,40761826083.603337954500000000,298000000,299000000,298000000,299000000,296040570,298000000,299000000,298000000,299000000,296040570
2022-10-27,136.490,136.4900000000,,,296040570.00365376,40406577399.798701702400000000,298000000,299000000,298000000,299000000,296040570,298000000,299000000,298000000,299000000,296040570
2022-10-28,138.770,138.7700000000,,,296040569.99721396,41081549898.513381229200000000,298000000,299000000,298000000,299000000,296040570,298000000,299000000,298000000,299000000,296040570
2022-10-31,138.350,138.3500000000,,,296040570.00348574,40957212859.982252129000000000,298000000,299000000,298000000,299000000,296040570,298000000,299000000,298000000,299000000,296040570
2022-11-01,140.890,140.8900000000,,,296040570.00332075,41709155907.767860467500000000,298000000,299000000,298000000,299000000,296040570,298000000,299000000,298000000,299000000,296040570
2022-11-02,135.270,135.2700000000,,,296040569.99840367,40045407903.684064440900000000,298000000,299000000,298000000,299000000,296040570,298000000,299000000,298000000,299000000,296040570
2022-11-03,134.460,134.4600000000,,,296040569.99874586,39805615042.031368335600000000,298000000,299000000,298000000,299000000,296040570,298000000,299000000,298000000,299000000,296040570
2022-11-04,136.080,136.0800000000,,,296040569.99849630,40285200765.395376504000000000,298000000,299000000,298000000,299000000,296040570,298000000,299000000,298000000,299000000,296040570
2022-11-07,138.030,138.0300000000,,,296040569.99890494,40862479876.948848868200000000,298000000,299000000,298000000,299000000,296040570,298000000,299000000,298000000,299000000,296040570
2022-11-08,138.750,138.7500000000,,,296040569.99806577,41075629087.231625587500000000,298000000,299000000,298000000,299000000,296040570,298000000,299000000,298000000,299000000,296040570
2022-11-09,137.000,137.0000000000,,,296040569.99866400,40557558089.816968000000000000,298000000,299000000,298000000,299000000,296040570,298000000,299000000,298000000,299000000,296040570
2022-11-10,146.300,146.3000000000,,,296040570.00321200,43310735391.469915600000000000,298000000,299000000,298000000,299000000,296040570,298000000,299000000,298000000,299000000,296040570
2022-11-11,148.310,148.3100000000,,,296040570.00153220,43905776936.927240582000000000,298000000,299000000,298000000,299000000,296040570,298000000,299000000,298000000,299000000,296040570
2022-11-14,146.380,146.3800000000,,,296040570.00077975,43334418636.714139805000000000,298000000,299000000,298000000,299000000,296040570,298000000,299000000,298000000,299000000,296040570
2022-11-15,148.000,148.0000000000,,,296040570.00052804,43814004360.078149920000000000,298000000,299000000,298000000,299000000,296040570,298000000,299000000,298000000,299000000,296040570
2022-11-16,147.120,147.1200000000,,,296040569.99917525,43553488658.278662780000000000,298000000,299000000,298000000,299000000,296040570,298000000,299000000,298000000,299000000,296040570
2022-11-17,144.440,144.4400000000,,,296040569.99665410,42760099930.316718204000000000,298000000,299000000,298000000,299000000,296040570,298000000,299000000,298000000,299000000,296040570
2022-11-18,146.190,146.1900000000,,,296040570.00314410,43278170928.759635979000000000,298000000,299000000,298000000,299000000,296040570,298000000,299000000,298000000,299000000,296040570
2022-11-21,145.140,145.1400000000,,,296040570.00335807,42967328330.287390279800000000,298000000,299000000,298000000,299000000,296040570,298000000,299000000,298000000,299000000,296040570
2022-11-22,156.860,156.8600000000,,,296040569.99784330,46436923809.861700038000000000,298000000,299000000,298000000,299000000,296040570,298000000,299000000,298000000,299000000,296040570
2022-11-23,155.350,155.3500000000,,,296040569.99812025,45989902549.207980837500000000,298000000,299000000,298000000,299000000,296040570,298000000,299000000,298000000,299000000,296040570
2022-11-25,156.960,156.9600000000,,,296040570.00137573,46466527867.415934580800000000,298000000,299000000,298000000,299000000,296040570,298000000,299000000,298000000,299000000,296040570
2022-11-28,152.300,152.3000000000,,,296040570.00303817,45086978811.462713291000000000,298000000,299000000,298000000,299000000,296040570,298000000,299000000,298000000,299000000,296040570
2022-11-29,150.940,150.9400000000,,,296040570.00226170,44684363636.141380998000000000,298000000,299000000,298000000,299000000,296040570,298000000,299000000,298000000,299000000,296040570
2022-11-30,154.980,154.9800000000,,,296040569.99868630,45880367538.396402774000000000,298000000,299000000,298000000,299000000,296040570,298000000,299000000,298000000,299000000,296040570
2022-12-01,156.120,156.1200000000,,,296040569.99934137,46217853788.297174684400000000,298000000,299000000,298000000,299000000,296040570,298000000,299000000,298000000,299000000,296040570
2022-12-02,155.670,155.6700000000,,,296040570.00219300,46084635532.241384310000000000,298000000,299000000,298000000,299000000,296040570,298000000,299000000,298000000,299000000,296040570
2022-12-05,152.700,152.7000000000,,,296040569.99811450,45205395038.712084150000000000,298000000,299000000,298000000,299000000,296040570,298000000,299000000,298000000,299000000,296040570
2022-12-06,151.350,151.3500000000,,,296040570.00049600,44805740269.575069600000000000,298000000,299000000,298000000,299000000,296040570,298000000,299000000,298000000,299000000,296040570
2022-12-07,153.730,153.7300000000,,,296040569.99833450,45510316825.843962685000000000,298000000,299000000,298000000,299000000,296040570,298000000,299000000,298000000,299000000,296040570
2022-12-08,156.280,156.2800000000,,,296040570.00099350,46265220279.755264180000000000,298000000,299000000,298000000,299000000,296040570,298000000,299000000,298000000,299000000,296040570
2022-12-09,152.950,152.9500000000,,,296040570.00064540,45279405181.598713930000000000,298000000,299000000,298000000,299000000,296040570,298000000,299000000,298000000,299000000,296040570
2022-12-12,155.330,155.3300000000,,,296040569.99850390,45983981737.867610787000000000,298000000,299000000,298000000,299000000,296040570,298000000,299000000,298000000,299000000,296040570
2022-12-13,157.660,157.6600000000,,,296040570.00137615,46673756266.416963809000000000,298000000,299000000,298000000,299000000,296040570,298000000,299000000,298000000,299000000,296040570
2022-12-14,154.810,154.8100000000,,,296040570.00053130,45830040641.782250553000000000,298000000,299000000,298000000,299000000,296040570,298000000,299000000,298000000,299000000,296040570
2022-12-15,150.860,150.8600000000,,,296040569.99780530,44660680389.868907558000000000,298000000,299000000,298000000,299000000,296040570,298000000,299000000,298000000,299000000,296040570
2022-12-16,149.300,149.3000000000,,,296040570.00292706,44198857101.437010058000000000,298000000,299000000,298000000,299000000,296040570,298000000,299000000,298000000,299000000,296040570
2022-12-19,146.950,146.9500000000,,,296040570.00111955,43503161761.664517872500000000,298000000,299000000,298000000,299000000,296040570,298000000,299000000,298000000,299000000,296040570
2022-12-20,147.930,147.9300000000,,,296072040.00136240,43797936877.401539832000000000,299000000,300000000,299000000,300000000,296072040,299000000,300000000,299000000,300000000,296072040
2022-12-21,150.090,150.0900000000,,,296072039.99980820,44437452483.571212738000000000,299000000,300000000,299000000,300000000,296072040,299000000,300000000,299000000,300000000,296072040
2022-12-22,149.010,149.0100000000,,,296072039.99712930,44117694679.972236993000000000,299000000,300000000,299000000,300000000,296072040,299000000,300000000,299000000,300000000,296072040
2022-12-23,149.230,149.2300000000,,,296072040.00016534,44182830529.224673688200000000,299000000,300000000,299000000,300000000,296072040,299000000,300000000,299000000,300000000,296072040
2022-12-27,149.550,149.5500000000,,,296072040.00121015,44277573582.180977932500000000,299000000,300000000,299000000,300000000,296072040,299000000,300000000,299000000,300000000,296072040
2022-12-28,148.090,148.0900000000,,,296072039.99841690,43845308403.365558721000000000,299000000,300000000,299000000,300000000,296072040,299000000,300000000,299000000,300000000,296072040
2022-12-29,151.090,151.0900000000,,,296072039.99910164,44733524523.464266787600000000,299000000,300000000,299000000,300000000,296072040,299000000,300000000,299000000,300000000,296072040
2022-12-30,149.650,149.6500000000,,,296072040.00002750,44307180786.004115375000000000,299000000,300000000,299000000,300000000,296072040,299000000,300000000,299000000,300000000,296072040
2023-01-03,150.040,150.0400000000,,,296072040.00145070,44422648881.817663028000000000,299000000,300000000,299000000,300000000,296072040,299000000,300000000,299000000,300000000,296072040
2023-01-04,151.670,151.6700000000,,,296072039.99666950,44905246306.294863065000000000,299000000,300000000,299000000,300000000,296072040,299000000,300000000,299000000,300000000,296072040
2023-01-05,152.110,152.1100000000,,,296072040.00110700,45035518004.568385770000000000,299000000,300000000,299000000,300000000,296072040,299000000,300000000,299000000,300000000,296072040
2023-01-06,147.670,147.6700000000,,,296072040.00100120,43720958146.947847204000000000,299000000,300000000,299000000,300000000,296072040,299000000,300000000,299000000,300000000,296072040
2023-01-09,147.470,147.4700000000,,,296072039.99676955,43661743738.323605538500000000,299000000,300000000,299000000,300000000,296072040,299000000,300000000,299000000,300000000,296072040
2023-01-10,155.230,155.2300000000,,,296072040.00007940,45959262769.212325262000000000,299000000,300000000,299000000,300000000,296072040,299000000,300000000,299000000,300000000,296072040
2023-01-11,158.170,158.1700000000,,,296072039.99789685,46829714566.467344764500000000,299000000,300000000,299000000,300000000,296072040,299000000,300000000,299000000,300000000,296072040
2023-01-12,156.490,156.4900000000,,,296072039.99687700,46332313539.111281730000000000,299000000,300000000,299000000,300000000,296072040,299000000,300000000,299000000,300000000,296072040
2023-01-13,156.920,156.9200000000,,,296072040.00112540,46459624516.976597768000000000,299000000,300000000,299000000,300000000,296072040,299000000,300000000,299000000,300000000,296072040
2023-01-17,155.400,155.4000000000,,,296072040.00258994,46009595016.402476676000000000,299000000,300000000,299000000,300000000,296072040,299000000,300000000,299000000,300000000,296072040
2023-01-18,154.070,154.0700000000,,,296072040.00005335,45615819202.808219634500000000,299000000,300000000,299000000,300000000,296072040,299000000,300000000,299000000,300000000,296072040
2023-01-19,152.870,152.8700000000,,,296072040.00104773,45260532754.960166485100000000,299000000,300000000,299000000,300000000,296072040,299000000,300000000,299000000,300000000,296072040
2023-01-20,155.920,155.9200000000,,,296072040.00086920,46163552476.935525664000000000,299000000,300000000,299000000,300000000,296072040,299000000,300000000,299000000,300000000,296072040
2023-01-23,159.060,159.0600000000,,,296072040.00129104,47093218682.605352822400000000,299000000,300000000,299000000,300000000,296072040,299000000,300000000,299000000,300000000,296072040
2023-01-24,155.690,155.6900000000,,,296072040.00060670,46095455907.694457123000000000,299000000,300000000,299000000,300000000,296072040,299000000,300000000,299000000,300000000,296072040
2023-01-25,155.760,155.7600000000,,,296072039.99976265,46116180950.363030364000000000,299000000,300000000,299000000,300000000,296072040,299000000,300000000,299000000,300000000,296072040
2023-01-26,156.230,156.2300000000,,,296072040.00168240,46255334809.462841352000000000,299000000,300000000,299000000,300000000,296072040,299000000,300000000,299000000,300000000,296072040
2023-01-27,155.690,155.6900000000,,,296072040.00060670,46095455907.694457123000000000,299000000,300000000,299000000,300000000,296072040,299000000,300000000,299000000,300000000,296072040
2023-01-30,151.740,151.7400000000,,,296072040.00257117,44925971349.990149335800000000,299000000,300000000,299000000,300000000,296072040,299000000,300000000,299000000,300000000,296072040
2023-01-31,152.080,152.0800000000,,,296072039.99956790,45026635843.134286232000000000,299000000,300000000,299000000,300000000,296072040,299000000,300000000,299000000,300000000,296072040
2023-02-01,155.450,155.4500000000,,,296072040.00029063,46024398618.045178433500000000,299000000,300000000,299000000,300000000,296072040,299000000,300000000,299000000,300000000,296072040
2023-02-02,155.500,155.5000000000,,,296072039.99799280,46039202219.687880400000000000,299000000,300000000,299000000,300000000,296072040,299000000,300000000,299000000,300000000,296072040
2023-02-03,154.550,154.5500000000,,,296072040.00069090,45757933782.106778595000000000,299000000,300000000,299000000,300000000,296072040,299000000,300000000,299000000,300000000,296072040
2023-02-06,152.240,152.2400000000,,,296072039.99932560,45074007369.497329344000000000,299000000,300000000,299000000,300000000,296072040,299000000,300000000,299000000,300000000,296072040
2023-02-07,154.510,154.5100000000,,,296072039.99776727,45746090900.055020887700000000,299000000,300000000,299000000,300000000,296072040,299000000,300000000,299000000,300000000,296072040
2023-02-08,154.420,154.4200000000,,,296072039.99715430,45719444416.360567006000000000,299000000,300000000,299000000,300000000,296072040,299000000,300000000,299000000,300000000,296072040
2023-02-09,152.380,152.3800000000,,,296072039.99897580,45115457455.043932404000000000,299000000,300000000,299000000,300000000,296072040,299000000,300000000,299000000,300000000,296072040
2023-02-10,152.550,152.5500000000,,,296072040.00016150,45165789702.024636825000000000,299000000,300000000,299000000,300000000,296072040,299000000,300000000,299000000,300000000,296072040
2023-02-13,154.600,154.6000000000,,,296072039.99973434,45772737383.958928964000000000,299000000,300000000,299000000,300000000,296072040,299000000,300000000,299000000,300000000,296072040
2023-02-14,153.040,153.0400000000,,,296072040.00222730,45310865001.940865992000000000,299000000,300000000,299000000,300000000,296072040,299000000,300000000,299000000,300000000,296072040
2023-02-15,151.750,151.7500000000,,,296072039.99723953,44928932069.581098677500000000,299000000,300000000,299000000,300000000,296072040,299000000,300000000,299000000,300000000,296072040
2023-02-16,148.280,148.2800000000,,,296072040.00124633,43901562091.384805812400000000,299000000,300000000,299000000,300000000,296072040,299000000,300000000,299000000,300000000,296072040
2023-02-17,148.260,148.2600000000,,,296072039.99831020,43895640650.149470252000000000,299000000,300000000,299000000,300000000,296072040,299000000,300000000,299000000,300000000,296072040
2023-02-21,143.420,143.4200000000,,,296072039.99656373,42462651976.307170156600000000,299000000,300000000,299000000,300000000,296072040,299000000,300000000,299000000,300000000,296072040
2023-02-22,142.080,142.0800000000,,,296072039.99945080,42065915443.121969664000000000,299000000,300000000,299000000,300000000,296072040,299000000,300000000,299000000,300000000,296072040
2023-02-23,143.200,143.2000000000,,,296072040.00349885,42397516128.501035320000000000,299000000,300000000,299000000,300000000,296072040,299000000,300000000,299000000,300000000,296072040
2023-02-24,141.200,141.2000000000,,,296072040.00296676,41805372048.418906512000000000,299000000,300000000,299000000,300000000,296072040,299000000,300000000,299000000,300000000,296072040
2023-02-27,142.180,142.1800000000,,,296072040.00164646,42095522647.434093682800000000,299000000,300000000,299000000,300000000,296072040,299000000,300000000,299000000,300000000,296072040
2023-02-28,141.970,141.9700000000,,,296072040.00295067,42033347519.218906619900000000,299000000,300000000,299000000,300000000,296072040,299000000,300000000,299000000,300000000,296072040
2023-03-01,137.510,137.5100000000,,,296072039.99973120,40712866220.363037312000000000,299000000,300000000,299000000,300000000,296072040,299000000,300000000,299000000,300000000,296072040
2023-03-02,141.670,141.6700000000,,,295701853.00175530,41892081514.758673351000000000,296000000,297000000,296000000,297000000,295701853,296000000,297000000,296000000,297000000,295701853
2023-03-03,143.930,143.9300000000,,,295701853.00298610,42560367702.719789373000000000,296000000,297000000,296000000,297000000,295701853,296000000,297000000,296000000,297000000,295701853
2023-03-06,143.230,143.2300000000,,,295701852.99852330,42353376404.978492259000000000,296000000,297000000,296000000,297000000,295701853,296000000,297000000,296000000,297000000,295701853
2023-03-07,140.330,140.3300000000,,,295701852.99701850,41495841031.071606105000000000,296000000,297000000,296000000,297000000,295701853,296000000,297000000,296000000,297000000,295701853
2023-03-08,140.900,140.9000000000,,,295701852.99994320,41664391087.691996880000000000,296000000,297000000,296000000,297000000,295701853,296000000,297000000,296000000,297000000,295701853
2023-03-09,138.930,138.9300000000,,,295701853.00253710,41081858437.642479303000000000,296000000,297000000,296000000,297000000,295701853,296000000,297000000,296000000,297000000,295701853
2023-03-10,135.720,135.7200000000,,,295701852.99669033,40132655488.710811587600000000,296000000,297000000,296000000,297000000,295701853,296000000,297000000,296000000,297000000,295701853
2023-03-13,136.690,136.6900000000,,,295701853.00025090,40419486286.604295521000000000,296000000,297000000,296000000,297000000,295701853,296000000,297000000,296000000,297000000,295701853
2023-03-14,138.400,138.4000000000,,,295701852.99897550,40925136455.058209200000000000,296000000,297000000,296000000,297000000,295701853,296000000,297000000,296000000,297000000,295701853
2023-03-15,134.030,134.0300000000,,,295701852.99835914,39632919357.370075534200000000,296000000,297000000,296000000,297000000,295701853,296000000,297000000,296000000,297000000,295701853
2023-03-16,136.820,136.8200000000,,,295701853.00332886,40457927527.915454625200000000,296000000,297000000,296000000,297000000,295701853,296000000,297000000,296000000,297000000,295701853
2023-03-17,133.180,133.1800000000,,,295701852.99768100,39381572782.231155580000000000,296000000,297000000,296000000,297000000,295701853,296000000,297000000,296000000,297000000,295701853
2023-03-20,134.540,134.5400000000,,,295701853.00164384,39783727302.841162233600000000,296000000,297000000,296000000,297000000,295701853,296000000,297000000,296000000,297000000,295701853
2023-03-21,137.010,137.0100000000,,,295701853.00339690,40514110879.995409269000000000,296000000,297000000,296000000,297000000,295701853,296000000,297000000,296000000,297000000,295701853
2023-03-22,133.730,133.7300000000,,,295701853.00036160,39544208801.738356768000000000,296000000,297000000,296000000,297000000,295701853,296000000,297000000,296000000,297000000,295701853
2023-03-23,131.130,131.1300000000,,,295701852.99674517,38775383983.463194142100000000,296000000,297000000,296000000,297000000,295701853,296000000,297000000,296000000,297000000,295701853
2023-03-24,131.960,131.9600000000,,,295701852.99703640,39020816521.488923344000000000,296000000,297000000,296000000,297000000,295701853,296000000,297000000,296000000,297000000,295701853
2023-03-27,133.070,133.0700000000,,,295701853.00262946,39349045579.059902242200000000,296000000,297000000,296000000,297000000,295701853,296000000,297000000,296000000,297000000,295701853
2023-03-28,132.630,132.6300000000,,,295701853.00271950,39218936763.750687285000000000,296000000,297000000,296000000,297000000,295701853,296000000,297000000,296000000,297000000,295701853
2023-03-29,133.850,133.8500000000,,,295701852.99705980,39579693023.656454230000000000,296000000,297000000,296000000,297000000,295701853,296000000,297000000,296000000,297000000,295701853
2023-03-30,134.490,134.4900000000,,,295701853.00348500,39768942210.438697650000000000,296000000,297000000,296000000,297000000,295701853,296000000,297000000,296000000,297000000,295701853
2023-03-31,138.340,138.3400000000,,,295701853.00057226,40907394344.099166448400000000,296000000,297000000,296000000,297000000,295701853,296000000,297000000,296000000,297000000,295701853
2023-04-03,137.860,137.8600000000,,,295701853.00076956,40765457454.686091541600000000,296000000,297000000,296000000,297000000,295701853,296000000,297000000,296000000,297000000,295701853
2023-04-04,138.210,138.2100000000,,,295701853.00362897,40868953103.631559943700000000,296000000,297000000,296000000,297000000,295701853,296000000,297000000,296000000,297000000,295701853
2023-04-05,138.090,138.0900000000,,,295701853.00215495,40833468881.067577045500000000,296000000,297000000,296000000,297000000,295701853,296000000,297000000,296000000,297000000,295701853
2023-04-06,138.030,138.0300000000,,,295701852.99907990,40815726769.462998597000000000,296000000,297000000,296000000,297000000,295701853,296000000,297000000,296000000,297000000,295701853
2023-04-10,138.020,138.0200000000,,,295701852.99888740,40812769750.906438948000000000,296000000,297000000,296000000,297000000,295701853,296000000,297000000,296000000,297000000,295701853
2023-04-11,138.520,138.5200000000,,,295701852.99968034,40960620677.515720696800000000,296000000,297000000,296000000,297000000,295701853,296000000,297000000,296000000,297000000,295701853
2023-04-12,138.360,138.3600000000,,,295701853.00155660,40913308381.295371176000000000,296000000,297000000,296000000,297000000,295701853,296000000,297000000,296000000,297000000,295701853
2023-04-13,141.280,141.2800000000,,,295701852.99821734,41776757791.588145795200000000,296000000,297000000,296000000,297000000,295701853,296000000,297000000,296000000,297000000,295701853
2023-04-14,139.200,139.2000000000,,,295701852.99898310,41161697937.458447520000000000,296000000,297000000,296000000,297000000,295701853,296000000,297000000,296000000,297000000,295701853
2023-04-17,140.190,140.1900000000,,,295701853.00035980,41454442772.120440362000000000,296000000,297000000,296000000,297000000,295701853,296000000,297000000,296000000,297000000,295701853
2023-04-18,139.000,139.0000000000,,,295701853.00281850,41102557567.391771500000000000,296000000,297000000,296000000,297000000,295701853,296000000,297000000,296000000,297000000,295701853
2023-04-19,138.930,138.9300000000,,,295701852.99957280,41081858437.230649104000000000,296000000,297000000,296000000,297000000,295701853,296000000,297000000,296000000,297000000,295701853
2023-04-20,135.530,135.5300000000,,,295701853.00119350,40076472137.251755055000000000,296000000,297000000,296000000,297000000,295701853,296000000,297000000,296000000,297000000,295701853
2023-04-21,138.500,138.5000000000,,,295701853.00066830,40954706640.592559550000000000,296000000,297000000,296000000,297000000,295701853,296000000,297000000,296000000,297000000,295701853
2023-04-24,138.480,138.4800000000,,,295701853.00302820,40948792603.859345136000000000,296000000,297000000,296000000,297000000,295701853,296000000,297000000,296000000,297000000,295701853
2023-04-25,130.370,130.3700000000,,,295701852.99834260,38550650575.393924762000000000,296000000,297000000,296000000,297000000,295701853,296000000,297000000,296000000,297000000,295701853
2023-04-26,133.120,133.1200000000,,,295701852.99661810,39363830670.909801472000000000,296000000,297000000,296000000,297000000,295701853,296000000,297000000,296000000,297000000,295701853
2023-04-27,133.250,133.2500000000,,,295701852.99692600,39402271911.840389500000000000,296000000,297000000,296000000,297000000,295701853,296000000,297000000,296000000,297000000,295701853
2023-04-28,135.430,135.4300000000,,,295701852.99867773,40046901951.610924973900000000,296000000,297000000,296000000,297000000,295701853,296000000,297000000,296000000,297000000,295701853
2023-05-01,136.080,136.0800000000,,,295701852.99877970,40239108156.073941576000000000,296000000,297000000,296000000,297000000,295701853,296000000,297000000,296000000,297000000,295701853
2023-05-02,134.520,134.5200000000,,,295701852.99938047,39777813265.476660824400000000,296000000,297000000,296000000,297000000,295701853,296000000,297000000,296000000,297000000,295701853
2023-05-03,134.770,134.7700000000,,,295701852.99978703,39851738728.781298033100000000,296000000,297000000,296000000,297000000,295701853,296000000,297000000,296000000,297000000,295701853
2023-05-04,133.880,133.8800000000,,,295701852.99805987,39588564079.380255395600000000,296000000,297000000,296000000,297000000,295701853,296000000,297000000,296000000,297000000,295701853
2023-05-05,133.300,133.3000000000,,,295701853.00133800,39417057005.078355400000000000,296000000,297000000,296000000,297000000,295701853,296000000,297000000,296000000,297000000,295701853
2023-05-08,132.450,132.4500000000,,,295701852.99896990,39165710429.713563255000000000,296000000,297000000,296000000,297000000,295701853,296000000,297000000,296000000,297000000,295701853
2023-05-09,127.350,127.3500000000,,,295701853.00078720,37657630979.650249920000000000,296000000,297000000,296000000,297000000,295701853,296000000,297000000,296000000,297000000,295701853
2023-05-10,128.060,128.0600000000,,,295701852.99767870,37867579294.882734322000000000,296000000,297000000,296000000,297000000,295701853,296000000,297000000,296000000,297000000,295701853
2023-05-11,127.660,127.6600000000,,,295701852.99799740,37749298553.724348084000000000,296000000,297000000,296000000,297000000,295701853,296000000,297000000,296000000,297000000,295701853
2023-05-12,127.490,127.4900000000,,,295701852.99982315,37699029238.947453393500000000,296000000,297000000,296000000,297000000,295701853,296000000,297000000,296000000,297000000,295701853
2023-05-15,127.990,127.9900000000,,,295701853.00216160,37846880165.746663184000000000,296000000,297000000,296000000,297000000,295701853,296000000,297000000,296000000,297000000,295701853
2023-05-16,126.290,126.2900000000,,,295701853.00231410,37344187015.662247689000000000,296000000,297000000,296000000,297000000,295701853,296000000,297000000,296000000,297000000,295701853
2023-05-17,127.770,127.7700000000,,,295701852.99938786,37781825757.731786872200000000,296000000,297000000,296000000,297000000,295701853,296000000,297000000,296000000,297000000,295701853
2023-05-18,129.140,129.1400000000,,,295701853.00308930,38186937296.818952202000000000,296000000,297000000,296000000,297000000,295701853,296000000,297000000,296000000,297000000,295701853
2023-05-19,128.870,128.8700000000,,,295701853.00373370,38107097796.591161919000000000,296000000,297000000,296000000,297000000,295701853,296000000,297000000,296000000,297000000,295701853
2023-05-22,129.090,129.0900000000,,,295701852.99706435,38172152203.391036941500000000,296000000,297000000,296000000,297000000,295701853,296000000,297000000,296000000,297000000,295701853
2023-05-23,128.640,128.6400000000,,,295701853.00225186,38039086370.209679270400000000,296000000,297000000,296000000,297000000,295701853,296000000,297000000,296000000,297000000,295701853
2023-05-24,120.990,120.9900000000,,,295701853.00187750,35776967194.697158725000000000,296000000,297000000,296000000,297000000,295701853,296000000,297000000,296000000,297000000,295701853
2023-05-25,119.490,119.4900000000,,,295701852.99756795,35333414414.679394345500000000,296000000,297000000,296000000,297000000,295701853,296000000,297000000,296000000,297000000,295701853
2023-05-26,120.420,120.4200000000,,,295375817.99980930,35569156003.537035906000000000,296000000,297000000,296000000,297000000,295375818,296000000,297000000,296000000,297000000,295375818
2023-05-30,117.730,117.7300000000,,,295375818.00134957,34774595053.298884876100000000,296000000,297000000,296000000,297000000,295375818,296000000,297000000,296000000,297000000,295375818
2023-05-31,115.670,115.6700000000,,,295375818.00006914,34166120868.067997423800000000,296000000,297000000,296000000,297000000,295375818,296000000,297000000,296000000,297000000,295375818
2023-06-01,116.260,116.2600000000,,,295375817.99778515,34340392600.422501539000000000,296000000,297000000,296000000,297000000,295375818,296000000,297000000,296000000,297000000,295375818
2023-06-02,118.220,118.2200000000,,,295375818.00130930,34919329204.114785446000000000,296000000,297000000,296000000,297000000,295375818,296000000,297000000,296000000,297000000,295375818
2023-06-05,118.350,118.3500000000,,,295375817.99867310,34957728060.142961385000000000,296000000,297000000,296000000,297000000,295375818,296000000,297000000,296000000,297000000,295375818
2023-06-06,117.440,117.4400000000,,,295375818.00058657,34688936065.988886780800000000,296000000,297000000,296000000,297000000,295375818,296000000,297000000,296000000,297000000,295375818
2023-06-07,116.590,116.5900000000,,,295375818.00310180,34437866620.981638862000000000,296000000,297000000,296000000,297000000,295375818,296000000,297000000,296000000,297000000,295375818
2023-06-08,114.690,114.6900000000,,,295375817.99640350,33876652566.007517415000000000,296000000,297000000,296000000,297000000,295375818,296000000,297000000,296000000,297000000,295375818
2023-06-09,115.790,115.7900000000,,,295375818.00267170,34201565966.529356143000000000,296000000,297000000,296000000,297000000,295375818,296000000,297000000,296000000,297000000,295375818
2023-06-12,118.540,118.5400000000,,,295375817.99802320,35013849465.485670128000000000,296000000,297000000,296000000,297000000,295375818,296000000,297000000,296000000,297000000,295375818
2023-06-13,119.500,119.5000000000,,,295375818.00183910,35297410251.219772450000000000,296000000,297000000,296000000,297000000,295375818,296000000,297000000,296000000,297000000,295375818
2023-06-14,119.400,119.4000000000,,,295375818.00402980,35267872669.681158120000000000,296000000,297000000,296000000,297000000,295375818,296000000,297000000,296000000,297000000,295375818
2023-06-15,121.230,121.2300000000,,,295375817.99656710,35808410415.723829533000000000,296000000,297000000,296000000,297000000,295375818,296000000,297000000,296000000,297000000,295375818
2023-06-16,121.130,121.1300000000,,,295375818.00364560,35778872834.781591528000000000,296000000,297000000,296000000,297000000,295375818,296000000,297000000,296000000,297000000,295375818
2023-06-20,118.160,118.1600000000,,,295375817.99569714,34901606654.371574062400000000,296000000,297000000,296000000,297000000,295375818,296000000,297000000,296000000,297000000,295375818
2023-06-21,118.330,118.3300000000,,,295375817.99895704,34951820543.816586543200000000,296000000,297000000,296000000,297000000,295375818,296000000,297000000,296000000,297000000,295375818
2023-06-22,118.680,118.6800000000,,,295375818.00028160,35055202080.273420288000000000,296000000,297000000,296000000,297000000,295375818,296000000,297000000,296000000,297000000,295375818
2023-06-23,119.420,119.4200000000,,,295375818.00015795,35273780185.578862389000000000,296000000,297000000,296000000,297000000,295375818,296000000,297000000,296000000,297000000,295375818
2023-06-26,118.370,118.3700000000,,,295375818.00342750,34963635577.065713175000000000,296000000,297000000,296000000,297000000,295375818,296000000,297000000,296000000,297000000,295375818
2023-06-27,117.040,117.0400000000,,,295375818.00219655,34570785738.977084212000000000,296000000,297000000,296000000,297000000,295375818,296000000,297000000,296000000,297000000,295375818
2023-06-28,116.370,116.3700000000,,,295375818.00420520,34372883941.149359124000000000,296000000,297000000,296000000,297000000,295375818,296000000,297000000,296000000,297000000,295375818
2023-06-29,118.050,118.0500000000,,,295375817.99804974,34869115314.669771807000000000,296000000,297000000,296000000,297000000,295375818,296000000,297000000,296000000,297000000,295375818
2023-06-30,120.250,120.2500000000,,,295375817.99958990,35518942114.450685475000000000,296000000,297000000,296000000,297000000,295375818,296000000,297000000,296000000,297000000,295375818
2023-07-03,119.320,119.3200000000,,,295375817.99583113,35244242603.262570431600000000,296000000,297000000,296000000,297000000,295375818,296000000,297000000,296000000,297000000,295375818
2023-07-05,119.500,119.5000000000,,,295375817.99611133,35297410250.535303935000000000,296000000,297000000,296000000,297000000,295375818,296000000,297000000,296000000,297000000,295375818
2023-07-06,118.430,118.4300000000,,,295375817.99647534,34981358125.322574516200000000,296000000,297000000,296000000,297000000,295375818,296000000,297000000,296000000,297000000,295375818
2023-07-07,117.000,117.0000000000,,,295375818.00359046,34558970706.420083820000000000,296000000,297000000,296000000,297000000,295375818,296000000,297000000,296000000,297000000,295375818
2023-07-10,118.360,118.3600000000,,,295375817.99605143,34960681818.012647254800000000,296000000,297000000,296000000,297000000,295375818,296000000,297000000,296000000,297000000,295375818
2023-07-11,118.480,118.4800000000,,,295375818.00079270,34996126916.733919096000000000,296000000,297000000,296000000,297000000,295375818,296000000,297000000,296000000,297000000,295375818
2023-07-12,120.000,120.0000000000,,,295375818.00246567,35445098160.295880400000000000,296000000,297000000,296000000,297000000,295375818,296000000,297000000,296000000,297000000,295375818
2023-07-13,119.350,119.3500000000,,,295375818.00398266,35253103878.775330471000000000,296000000,297000000,296000000,297000000,295375818,296000000,297000000,296000000,297000000,295375818
2023-07-14,119.750,119.7500000000,,,295375818.00178050,35371254205.713214875000000000,296000000,297000000,296000000,297000000,295375818,296000000,297000000,296000000,297000000,295375818
2023-07-17,118.250,118.2500000000,,,295375817.99981140,34928190478.477698050000000000,296000000,297000000,296000000,297000000,295375818,296000000,297000000,296000000,297000000,295375818
2023-07-18,119.560,119.5600000000,,,295375817.99667126,35315132799.682015845600000000,296000000,297000000,296000000,297000000,295375818,296000000,297000000,296000000,297000000,295375818
2023-07-19,123.080,123.0800000000,,,295375817.99818790,36354855679.216966732000000000,296000000,297000000,296000000,297000000,295375818,296000000,297000000,296000000,297000000,295375818
2023-07-20,124.550,124.5500000000,,,295375818.00393960,36789058132.390677180000000000,296000000,297000000,296000000,297000000,295375818,296000000,297000000,296000000,297000000,295375818
2023-07-21,127.620,127.6200000000,,,295375818.00326280,37695861893.576398536000000000,296000000,297000000,296000000,297000000,295375818,296000000,297000000,296000000,297000000,295375818
2023-07-24,127.720,127.7200000000,,,295375818.00325710,37725399475.375996812000000000,296000000,297000000,296000000,297000000,295375818,296000000,297000000,296000000,297000000,295375818
2023-07-25,127.310,127.3100000000,,,295375818.00209750,37604295389.847032725000000000,296000000,297000000,296000000,297000000,295375818,296000000,297000000,296000000,297000000,295375818
2023-07-26,128.470,128.4700000000,,,295375817.99850760,37946931338.268271372000000000,296000000,297000000,296000000,297000000,295375818,296000000,297000000,296000000,297000000,295375818
2023-07-27,126.660,126.6600000000,,,295375818.00352500,37412301108.326476500000000000,296000000,297000000,296000000,297000000,295375818,296000000,297000000,296000000,297000000,295375818
2023-07-28,126.050,126.0500000000,,,295375818.00103897,37232121859.030962168500000000,296000000,297000000,296000000,297000000,295375818,296000000,297000000,296000000,297000000,295375818
2023-07-31,121.770,121.7700000000,,,295375818.00125355,35967913358.012644783500000000,296000000,297000000,296000000,297000000,295375818,296000000,297000000,296000000,297000000,295375818
2023-08-01,122.480,122.4800000000,,,295375818.00381905,36177630189.107757244000000000,296000000,297000000,296000000,297000000,295375818,296000000,297000000,296000000,297000000,295375818
2023-08-02,127.710,127.7100000000,,,295375818.00338870,37722445717.212770877000000000,296000000,297000000,296000000,297000000,295375818,296000000,297000000,296000000,297000000,295375818
2023-08-03,125.050,125.0500000000,,,295375817.99706450,36936746040.532915725000000000,296000000,297000000,296000000,297000000,295375818,296000000,297000000,296000000,297000000,295375818
2023-08-04,126.300,126.3000000000,,,295375817.99830370,37305965813.185757310000000000,296000000,297000000,296000000,297000000,295375818,296000000,297000000,296000000,297000000,295375818
2023-08-07,126.510,126.5100000000,,,295375818.00287250,37367994735.543399975000000000,296000000,297000000,296000000,297000000,295375818,296000000,297000000,296000000,297000000,295375818
2023-08-08,128.350,128.3500000000,,,295375818.00210440,37911486240.570099740000000000,296000000,297000000,296000000,297000000,295375818,296000000,297000000,296000000,297000000,295375818
2023-08-09,127.630,127.6300000000,,,295375818.00313110,37698815651.739622293000000000,296000000,297000000,296000000,297000000,295375818,296000000,297000000,296000000,297000000,295375818
2023-08-10,127.650,127.6500000000,,,295375818.00286776,37704723168.066069564000000000,296000000,297000000,296000000,297000000,295375818,296000000,297000000,296000000,297000000,295375818
2023-08-11,126.860,126.8600000000,,,295375818.00014030,37471376271.497798458000000000,296000000,297000000,296000000,297000000,295375818,296000000,297000000,296000000,297000000,295375818
2023-08-14,126.650,126.6500000000,,,295375818.00365776,37409347350.163255304000000000,296000000,297000000,296000000,297000000,295375818,296000000,297000000,296000000,297000000,295375818
2023-08-15,125.650,125.6500000000,,,295375817.99972314,37113971531.665212541000000000,296000000,297000000,296000000,297000000,295375818,296000000,297000000,296000000,297000000,295375818
2023-08-16,121.360,121.3600000000,,,295375818.00355590,35846809272.911544024000000000,296000000,297000000,296000000,297000000,295375818,296000000,297000000,296000000,297000000,295375818
2023-08-17,120.850,120.8500000000,,,295375817.99741626,35696167604.987755021000000000,296000000,297000000,296000000,297000000,295375818,296000000,297000000,296000000,297000000,295375818
2023-08-18,119.250,119.2500000000,,,295375818.00398946,35223566296.975743105000000000,296000000,297000000,296000000,297000000,295375818,296000000,297000000,296000000,297000000,295375818
2023-08-21,118.860,118.8600000000,,,295375818.00246690,35108369727.773215734000000000,296000000,297000000,296000000,297000000,295375818,296000000,297000000,296000000,297000000,295375818
2023-08-22,117.640,117.6400000000,,,295375817.99712830,34748011229.182173212000000000,296000000,297000000,296000000,297000000,295375818,296000000,297000000,296000000,297000000,295375818
2023-08-23,119.130,119.1300000000,,,295375817.99928200,35188121198.254464660000000000,296000000,297000000,296000000,297000000,295375818,296000000,297000000,296000000,297000000,295375818
2023-08-24,119.490,119.4900000000,,,295375817.99625146,35294456492.372086955400000000,296000000,297000000,296000000,297000000,295375818,296000000,297000000,296000000,297000000,295375818
2023-08-25,119.680,119.6800000000,,,295375818.00136435,35350577898.403285408000000000,296000000,297000000,296000000,297000000,295375818,296000000,297000000,296000000,297000000,295375818
2023-08-28,119.920,119.9200000000,,,295375818.00219090,35421468094.822732728000000000,296000000,297000000,296000000,297000000,295375818,296000000,297000000,296000000,297000000,295375818
2023-08-29,122.020,122.0200000000,,,295375818.00192845,36041757312.595309469000000000,296000000,297000000,296000000,297000000,295375818,296000000,297000000,296000000,297000000,295375818
2023-08-30,122.680,122.6800000000,,,292587272.99868816,35894606651.479063468800000000,294000000,295000000,294000000,295000000,292587273,294000000,295000000,294000000,295000000,292587273
2023-08-31,121.070,121.0700000000,,,292587273.00306580,35423541142.481176406000000000,294000000,295000000,294000000,295000000,292587273,294000000,295000000,294000000,295000000,292587273
2023-09-01,121.910,121.9100000000,,,292587272.99582490,35669314450.921013559000000000,294000000,295000000,294000000,295000000,292587273,294000000,295000000,294000000,295000000,292587273
2023-09-05,118.730,118.7300000000,,,292587273.00380100,34738886923.741292730000000000,294000000,295000000,294000000,295000000,292587273,294000000,295000000,294000000,295000000,292587273
2023-09-06,117.940,117.9400000000,,,292587272.99697860,34507742977.263656084000000000,294000000,295000000,294000000,295000000,292587273,294000000,295000000,294000000,295000000,292587273
2023-09-07,116.260,116.2600000000,,,292587272.99687594,34016196358.616796784400000000,294000000,295000000,294000000,295000000,292587273,294000000,295000000,294000000,295000000,292587273
2023-09-08,113.990,113.9900000000,,,292587273.00224470,33352023249.525873353000000000,294000000,295000000,294000000,295000000,292587273,294000000,295000000,294000000,295000000,292587273
2023-09-11,113.100,113.1000000000,,,292587273.00029670,33091620576.333556770000000000,294000000,295000000,294000000,295000000,292587273,294000000,295000000,294000000,295000000,292587273
2023-09-12,112.780,112.7800000000,,,292587273.00024676,32997992648.967829592800000000,294000000,295000000,294000000,295000000,292587273,294000000,295000000,294000000,295000000,292587273
2023-09-13,113.430,113.4300000000,,,292587273.00442237,33188174376.891629429100000000,294000000,295000000,294000000,295000000,292587273,294000000,295000000,294000000,295000000,292587273
2023-09-14,114.880,114.8800000000,,,292587273.00416260,33612425922.718199488000000000,294000000,295000000,294000000,295000000,292587273,294000000,295000000,294000000,295000000,292587273
2023-09-15,115.910,115.9100000000,,,292587272.99769000,33913790813.162247900000000000,294000000,295000000,294000000,295000000,292587273,294000000,295000000,294000000,295000000,292587273
2023-09-18,112.690,112.6900000000,,,292587273.00046486,32971659794.422385073400000000,294000000,295000000,294000000,295000000,292587273,294000000,295000000,294000000,295000000,292587273
2023-09-19,112.310,112.3100000000,,,292587273.00221730,32860476630.879024963000000000,294000000,295000000,294000000,295000000,292587273,294000000,295000000,294000000,295000000,292587273
2023-09-20,112.470,112.4700000000,,,292587272.99769130,32907290594.050340511000000000,294000000,295000000,294000000,295000000,292587273,294000000,295000000,294000000,295000000,292587273
2023-09-21,109.730,109.7300000000,,,292587272.99596745,32105601465.847508288500000000,294000000,295000000,294000000,295000000,292587273,294000000,295000000,294000000,295000000,292587273
2023-09-22,111.410,111.4100000000,,,292587273.00276875,32597148085.238466437500000000,294000000,295000000,294000000,295000000,292587273,294000000,295000000,294000000,295000000,292587273
2023-09-25,111.940,111.9400000000,,,292587273.00146420,32752219339.783902548000000000,294000000,295000000,294000000,295000000,292587273,294000000,295000000,294000000,295000000,292587273
2023-09-26,110.730,110.7300000000,,,292587272.99942070,32398188739.225854111000000000,294000000,295000000,294000000,295000000,292587273,294000000,295000000,294000000,295000000,292587273
2023-09-27,110.500,110.5000000000,,,292587272.99914540,32330893666.405566700000000000,294000000,295000000,294000000,295000000,292587273,294000000,295000000,294000000,295000000,292587273
2023-09-28,112.000,112.0000000000,,,292587272.99965656,32769774575.961534720000000000,294000000,295000000,294000000,295000000,292587273,294000000,295000000,294000000,295000000,292587273
2023-09-29,111.820,111.8200000000,,,292587273.00259024,32717108867.149640636800000000,294000000,295000000,294000000,295000000,292587273,294000000,295000000,294000000,295000000,292587273
2023-10-02,110.900,110.9000000000,,,292587273.00013080,32447928575.714505720000000000,294000000,295000000,294000000,295000000,292587273,294000000,295000000,294000000,295000000,292587273
2023-10-03,110.260,110.2600000000,,,292587272.99750530,32260672720.704934378000000000,294000000,295000000,294000000,295000000,292587273,294000000,295000000,294000000,295000000,292587273
2023-10-04,111.670,111.6700000000,,,292587273.00406790,32673220776.364262393000000000,294000000,295000000,294000000,295000000,292587273,294000000,295000000,294000000,295000000,292587273
2023-10-05,110.350,110.3500000000,,,292587272.99980843,32287005575.528860250500000000,294000000,295000000,294000000,295000000,292587273,294000000,295000000,294000000,295000000,292587273
2023-10-06,110.640,110.6400000000,,,292587273.00412790,32371855885.176710856000000000,294000000,295000000,294000000,295000000,292587273,294000000,295000000,294000000,295000000,292587273
2023-10-09,111.280,111.2800000000,,,292587273.00003300,32559111739.443672240000000000,294000000,295000000,294000000,295000000,292587273,294000000,295000000,294000000,295000000,292587273
2023-10-10,113.290,113.2900000000,,,292587273.00092924,33147212158.275273599600000000,294000000,295000000,294000000,295000000,292587273,294000000,295000000,294000000,295000000,292587273
2023-10-11,113.380,113.3800000000,,,292587272.99661845,33173545012.356599861000000000,294000000,295000000,294000000,295000000,292587273,294000000,295000000,294000000,295000000,292587273
2023-10-12,108.940,108.9400000000,,,292587273.00248370,31874457520.890574278000000000,294000000,295000000,294000000,295000000,292587273,294000000,295000000,294000000,295000000,292587273
2023-10-13,110.510,110.5100000000,,,292587273.00277364,32333819539.536514956400000000,294000000,295000000,294000000,295000000,292587273,294000000,295000000,294000000,295000000,292587273
2023-10-16,111.500,111.5000000000,,,292587273.00365740,32623480939.907800100000000000,294000000,295000000,294000000,295000000,292587273,294000000,295000000,294000000,295000000,292587273
2023-10-17,112.400,112.4000000000,,,292587273.00227010,32886809485.455159240000000000,294000000,295000000,294000000,295000000,292587273,294000000,295000000,294000000,295000000,292587273
2023-10-18,108.610,108.6100000000,,,292587272.99904674,31777903720.426466431400000000,294000000,295000000,294000000,295000000,292587273,294000000,295000000,294000000,295000000,292587273
2023-10-19,109.510,109.5100000000,,,292587273.00444180,32041232266.716421518000000000,294000000,295000000,294000000,295000000,292587273,294000000,295000000,294000000,295000000,292587273
2023-10-20,109.230,109.2300000000,,,292587272.99750420,31959307829.517383766000000000,294000000,295000000,294000000,295000000,292587273,294000000,295000000,294000000,295000000,292587273
2023-10-23,109.340,109.3400000000,,,292587273.00402385,31991492430.259967759000000000,294000000,295000000,294000000,295000000,292587273,294000000,295000000,294000000,295000000,292587273
2023-10-24,105.640,105.6400000000,,,292587272.99614360,30908919519.312609904000000000,294000000,295000000,294000000,295000000,292587273,294000000,295000000,294000000,295000000,292587273
2023-10-25,103.400,103.4000000000,,,292587272.99837760,30253524028.032243840000000000,294000000,295000000,294000000,295000000,292587273,294000000,295000000,294000000,295000000,292587273
2023-10-26,104.310,104.3100000000,,,292587273.00402117,30519778447.049448242700000000,294000000,295000000,294000000,295000000,292587273,294000000,295000000,294000000,295000000,292587273
2023-10-27,102.770,102.7700000000,,,292587273.00274910,30069194046.492525007000000000,294000000,295000000,294000000,295000000,292587273,294000000,295000000,294000000,295000000,292587273
2023-10-30,101.170,101.1700000000,,,292587273.00068325,29601054409.479124402500000000,294000000,295000000,294000000,295000000,292587273,294000000,295000000,294000000,295000000,292587273
2023-10-31,103.370,103.3700000000,,,292587272.99935400,30244746409.943222980000000000,294000000,295000000,294000000,295000000,292587273,294000000,295000000,294000000,295000000,292587273
2023-11-01,102.860,102.8600000000,,,292587272.99799580,30095526900.573847988000000000,294000000,295000000,294000000,295000000,292587273,294000000,295000000,294000000,295000000,292587273
2023-11-02,104.470,104.4700000000,,,292587272.99737775,30566592410.036053542500000000,294000000,295000000,294000000,295000000,292587273,294000000,295000000,294000000,295000000,292587273
2023-11-03,109.020,109.0200000000,,,292587272.99802476,31897864502.244659335200000000,294000000,295000000,294000000,295000000,292587273,294000000,295000000,294000000,295000000,292587273
2023-11-06,107.530,107.5300000000,,,292587273.00263980,31461909465.973857694000000000,294000000,295000000,294000000,295000000,292587273,294000000,295000000,294000000,295000000,292587273
2023-11-07,110.540,110.5400000000,,,292587273.00437826,32342597157.903972860400000000,294000000,295000000,294000000,295000000,292587273,294000000,295000000,294000000,295000000,292587273
2023-11-08,109.390,109.3900000000,,,292587273.00050310,32006121793.525034109000000000,294000000,295000000,294000000,295000000,292587273,294000000,295000000,294000000,295000000,292587273
2023-11-09,107.740,107.7400000000,,,292587273.00210290,31523352793.246566446000000000,294000000,295000000,294000000,295000000,292587273,294000000,295000000,294000000,295000000,292587273
2023-11-10,108.470,108.4700000000,,,292587273.00025320,31736941502.337464604000000000,294000000,295000000,294000000,295000000,292587273,294000000,295000000,294000000,295000000,292587273
2023-11-13,107.460,107.4600000000,,,292587273.00454650,31441428357.068566890000000000,294000000,295000000,294000000,295000000,292587273,294000000,295000000,294000000,295000000,292587273
2023-11-14,111.610,111.6100000000,,,292587273.00338490,32655665539.907788689000000000,294000000,295000000,294000000,295000000,292587273,294000000,295000000,294000000,295000000,292587273
2023-11-15,113.600,113.6000000000,,,292587273.00018245,33237914212.820726320000000000,294000000,295000000,294000000,295000000,292587273,294000000,295000000,294000000,295000000,292587273
2023-11-16,114.190,114.1900000000,,,292587272.99958510,33410540703.822622569000000000,294000000,295000000,294000000,295000000,292587273,294000000,295000000,294000000,295000000,292587273
2023-11-17,113.150,113.1500000000,,,292587273.00208807,33106249940.186265120500000000,294000000,295000000,294000000,295000000,292587273,294000000,295000000,294000000,295000000,292587273
2023-11-20,113.980,113.9800000000,,,292587273.00008690,33349097376.549904862000000000,294000000,295000000,294000000,295000000,292587273,294000000,295000000,294000000,295000000,292587273
2023-11-21,123.920,123.9200000000,,,292587272.99917686,36257414870.057996491200000000,294000000,295000000,294000000,295000000,292587273,294000000,295000000,294000000,295000000,292587273
2023-11-22,123.990,123.9900000000,,,292587272.99752620,36277895978.963273538000000000,294000000,295000000,294000000,295000000,292587273,294000000,295000000,294000000,295000000,292587273
2023-11-24,126.620,126.6200000000,,,292587272.99924360,37047400507.164224632000000000,294000000,295000000,294000000,295000000,292587273,294000000,295000000,294000000,295000000,292587273
2023-11-27,125.010,125.0100000000,,,292587272.99977620,36576334997.702022762000000000,294000000,295000000,294000000,295000000,292587273,294000000,295000000,294000000,295000000,292587273
2023-11-28,124.710,124.7100000000,,,292587272.99819880,36488558815.605372348000000000,294000000,295000000,294000000,295000000,292587273,294000000,295000000,294000000,295000000,292587273
2023-11-29,127.590,127.5900000000,,,292587272.99644846,37331210161.616859011400000000,294000000,295000000,294000000,295000000,292587273,294000000,295000000,294000000,295000000,292587273
2023-11-30,127.800,127.8000000000,,,292587272.99600610,37392653488.889579580000000000,294000000,295000000,294000000,295000000,292587273,294000000,295000000,294000000,295000000,292587273
2023-12-01,128.790,128.7900000000,,,292587272.99682325,37682314889.260866367500000000,294000000,295000000,294000000,295000000,292587273,294000000,295000000,294000000,295000000,292587273
2023-12-04,128.880,128.8800000000,,,292587273.00095624,37708647744.363240211200000000,294000000,295000000,294000000,295000000,292587273,294000000,295000000,294000000,295000000,292587273
2023-12-05,127.880,127.8800000000,,,292587273.00237060,37416060471.543152328000000000,294000000,295000000,294000000,295000000,292587273,294000000,295000000,294000000,295000000,292587273
2023-12-06,128.910,128.9100000000,,,292587273.00017270,37717425362.452262757000000000,294000000,295000000,294000000,295000000,292587273,294000000,295000000,294000000,295000000,292587273
2023-12-07,128.680,128.6800000000,,,292587272.99921760,37650130289.539320768000000000,294000000,295000000,294000000,295000000,292587273,294000000,295000000,294000000,295000000,292587273
2023-12-08,127.200,127.2000000000,,,292587273.00092230,37217101125.717316560000000000,294000000,295000000,294000000,295000000,292587273,294000000,295000000,294000000,295000000,292587273
2023-12-11,128.970,128.9700000000,,,292587273.00292450,37734980599.187172765000000000,294000000,295000000,294000000,295000000,292587273,294000000,295000000,294000000,295000000,292587273
2023-12-12,128.790,128.7900000000,,,292587272.99682325,37682314889.260866367500000000,294000000,295000000,294000000,295000000,292587273,294000000,295000000,294000000,295000000,292587273
2023-12-13,133.740,133.7400000000,,,292587273.00072753,39130621891.117299862200000000,294000000,295000000,294000000,295000000,292587273,294000000,295000000,294000000,295000000,292587273
2023-12-14,137.960,137.9600000000,,,292587272.99841845,40365340182.861809362000000000,294000000,295000000,294000000,295000000,292587273,294000000,295000000,294000000,295000000,292587273
2023-12-15,136.780,136.7800000000,,,292587273.00347190,40020087201.414886482000000000,294000000,295000000,294000000,295000000,292587273,294000000,295000000,294000000,295000000,292587273
2023-12-18,137.530,137.5300000000,,,292587273.00331560,40239527656.145994468000000000,294000000,295000000,294000000,295000000,292587273,294000000,295000000,294000000,295000000,292587273
2023-12-19,139.790,139.7900000000,,,292587273.00283694,40900774893.066575842600000000,294000000,296000000,294000000,296000000,293004102,294000000,296000000,294000000,296000000,293004102
2023-12-20,138.180,138.1800000000,,,292587273.00336060,40429709383.604367708000000000,294000000,296000000,294000000,296000000,293004102,294000000,296000000,294000000,296000000,293004102
2023-12-21,138.940,138.9400000000,,,292587273.00118244,40652075710.784288213600000000,294000000,296000000,294000000,296000000,293004102,294000000,296000000,294000000,296000000,293004102
2023-12-22,139.570,139.5700000000,,,292587272.99994580,40836405692.602435306000000000,294000000,296000000,294000000,296000000,293004102,294000000,296000000,294000000,296000000,293004102
2023-12-26,139.810,139.8100000000,,,292587272.99881400,40906626637.964185340000000000,294000000,296000000,294000000,296000000,293004102,294000000,296000000,294000000,296000000,293004102
2023-12-27,139.820,139.8200000000,,,292587272.99680290,40909552510.412981478000000000,294000000,296000000,294000000,296000000,293004102,294000000,296000000,294000000,296000000,293004102
2023-12-28,139.770,139.7700000000,,,292587272.99955580,40894923147.147914166000000000,294000000,296000000,294000000,296000000,293004102,294000000,296000000,294000000,296000000,293004102
2023-12-29,139.030,139.0300000000,,,292587272.99787676,40678408564.894805942800000000,294000000,296000000,294000000,296000000,293004102,294000000,296000000,294000000,296000000,293004102
2024-01-02,138.750,138.7500000000,,,292587272.99708720,40596484128.345849000000000000,294000000,296000000,294000000,296000000,293004102,294000000,296000000,294000000,296000000,293004102
2024-01-03,131.160,131.1600000000,,,292587272.99857086,38375746726.492553997600000000,294000000,296000000,294000000,296000000,293004102,294000000,296000000,294000000,296000000,293004102
2024-01-04,131.000,131.0000000000,,,292587272.99960935,38328932762.948824850000000000,294000000,296000000,294000000,296000000,293004102,294000000,296000000,294000000,296000000,293004102
2024-01-05,130.560,130.5600000000,,,292587272.99768823,38200194362.578175308800000000,294000000,296000000,294000000,296000000,293004102,294000000,296000000,294000000,296000000,293004102
2024-01-08,133.380,133.3800000000,,,292587273.00169730,39025290472.966385874000000000,294000000,296000000,294000000,296000000,293004102,294000000,296000000,294000000,296000000,293004102
2024-01-09,130.680,130.6800000000,,,292587272.99744004,38235304835.305464427200000000,294000000,296000000,294000000,296000000,293004102,294000000,296000000,294000000,296000000,293004102
2024-01-10,131.090,131.0900000000,,,292587272.99800860,38355265617.308947374000000000,294000000,296000000,294000000,296000000,293004102,294000000,296000000,294000000,296000000,293004102
2024-01-11,129.680,129.6800000000,,,292587273.00381064,37942717563.134163795200000000,294000000,296000000,294000000,296000000,293004102,294000000,296000000,294000000,296000000,293004102
2024-01-12,130.540,130.5400000000,,,292587273.00198880,38194342617.679617952000000000,294000000,296000000,294000000,296000000,293004102,294000000,296000000,294000000,296000000,293004102
2024-01-16,130.530,130.5300000000,,,292587272.99633056,38191416744.211027996800000000,294000000,296000000,294000000,296000000,293004102,294000000,296000000,294000000,296000000,293004102
2024-01-17,128.120,128.1200000000,,,292587273.00066830,37486281416.845622596000000000,294000000,296000000,294000000,296000000,293004102,294000000,296000000,294000000,296000000,293004102
2024-01-18,130.460,130.4600000000,,,292587273.00144700,38170935635.768775620000000000,294000000,296000000,294000000,296000000,293004102,294000000,296000000,294000000,296000000,293004102
2024-01-19,131.220,131.2200000000,,,292587273.00338995,38393301963.504829239000000000,294000000,296000000,294000000,296000000,293004102,294000000,296000000,294000000,296000000,293004102
2024-01-22,132.550,132.5500000000,,,292587272.99712390,38782443035.768772945000000000,294000000,296000000,294000000,296000000,293004102,294000000,296000000,294000000,296000000,293004102
2024-01-23,131.640,131.6400000000,,,292587272.99969340,38516188617.679639176000000000,294000000,296000000,294000000,296000000,293004102,294000000,296000000,294000000,296000000,293004102
2024-01-24,129.780,129.7800000000,,,292587273.00002750,37971976289.943568950000000000,294000000,296000000,294000000,296000000,293004102,294000000,296000000,294000000,296000000,293004102
2024-01-25,129.880,129.8800000000,,,292587272.99625015,38001235016.752969482000000000,294000000,296000000,294000000,296000000,293004102,294000000,296000000,294000000,296000000,293004102
2024-01-26,130.990,130.9900000000,,,292587273.00175244,38326006890.499552115600000000,294000000,296000000,294000000,296000000,293004102,294000000,296000000,294000000,296000000,293004102
2024-01-29,132.830,132.8300000000,,,292587272.99795030,38864367472.317738349000000000,294000000,296000000,294000000,296000000,293004102,294000000,296000000,294000000,296000000,293004102
2024-01-30,134.280,134.2800000000,,,292587272.99916804,39288619018.328284411200000000,294000000,296000000,294000000,296000000,293004102,294000000,296000000,294000000,296000000,293004102
2024-01-31,130.100,130.1000000000,,,292587273.00006896,38065604217.308971696000000000,294000000,296000000,294000000,296000000,293004102,294000000,296000000,294000000,296000000,293004102
2024-02-01,133.050,133.0500000000,,,292587273.00168160,38928736672.873736880000000000,294000000,296000000,294000000,296000000,293004102,294000000,296000000,294000000,296000000,293004102
2024-02-02,132.970,132.9700000000,,,292587273.00114990,38905329690.962902203000000000,294000000,296000000,294000000,296000000,293004102,294000000,296000000,294000000,296000000,293004102
2024-02-05,132.820,132.8200000000,,,292587273.00006370,38861441599.868460634000000000,294000000,296000000,294000000,296000000,293004102,294000000,296000000,294000000,296000000,293004102
2024-02-06,135.860,135.8600000000,,,292587273.00009830,39750906909.793355038000000000,294000000,296000000,294000000,296000000,293004102,294000000,296000000,294000000,296000000,293004102
2024-02-07,132.790,132.7900000000,,,292587272.99872960,38852663981.501303584000000000,294000000,296000000,294000000,296000000,293004102,294000000,296000000,294000000,296000000,293004102
2024-02-08,134.070,134.0700000000,,,292587273.00097620,39227175691.240879134000000000,294000000,296000000,294000000,296000000,293004102,294000000,296000000,294000000,296000000,293004102
2024-02-09,133.340,133.3400000000,,,292587273.00038990,39013586981.871989266000000000,294000000,296000000,294000000,296000000,293004102,294000000,296000000,294000000,296000000,293004102
2024-02-12,132.310,132.3100000000,,,292587273.00321640,38712222091.055561884000000000,294000000,296000000,294000000,296000000,293004102,294000000,296000000,294000000,296000000,293004102
2024-02-13,129.760,129.7600000000,,,292587272.99649880,37966124544.025684288000000000,294000000,296000000,294000000,296000000,293004102,294000000,296000000,294000000,296000000,293004102
2024-02-14,132.240,132.2400000000,,,292587273.00266160,38691740981.871969984000000000,294000000,296000000,294000000,296000000,293004102,294000000,296000000,294000000,296000000,293004102
2024-02-15,134.750,134.7500000000,,,292587273.00234574,39426135037.066088465000000000,294000000,296000000,294000000,296000000,293004102,294000000,296000000,294000000,296000000,293004102
2024-02-16,134.840,134.8400000000,,,292587273.00078770,39452467891.426213468000000000,294000000,296000000,294000000,296000000,293004102,294000000,296000000,294000000,296000000,293004102
2024-02-20,134.140,134.1400000000,,,292587273.00359654,39247656800.702439875600000000,294000000,296000000,294000000,296000000,293004102,294000000,296000000,294000000,296000000,293004102
2024-02-21,135.330,135.3300000000,,,292587272.99979740,39595835655.062582142000000000,294000000,296000000,294000000,296000000,293004102,294000000,296000000,294000000,296000000,293004102
2024-02-22,132.020,132.0200000000,,,292587272.99680350,38627371781.037998070000000000,294000000,296000000,294000000,296000000,293004102,294000000,296000000,294000000,296000000,293004102
2024-02-23,132.030,132.0300000000,,,292587272.99678296,38630297653.765254208800000000,294000000,296000000,294000000,296000000,293004102,294000000,296000000,294000000,296000000,293004102
2024-02-26,131.490,131.4900000000,,,292587272.99859460,38472300526.585203954000000000,294000000,296000000,294000000,296000000,293004102,294000000,296000000,294000000,296000000,293004102
2024-02-27,132.550,132.5500000000,,,292587272.99712390,38782443035.768772945000000000,294000000,296000000,294000000,296000000,293004102,294000000,296000000,294000000,296000000,293004102
2024-02-28,137.010,137.0100000000,,,292587272.99713200,40087382273.337055320000000000,294000000,296000000,294000000,296000000,293004102,294000000,296000000,294000000,296000000,293004102
2024-02-29,137.360,137.3600000000,,,292587272.99846834,40189787819.069611182400000000,294000000,296000000,294000000,296000000,293004102,294000000,296000000,294000000,296000000,293004102
2024-03-01,139.060,139.0600000000,,,292587272.99915120,40687186183.261965872000000000,294000000,296000000,294000000,296000000,293004102,294000000,296000000,294000000,296000000,293004102
2024-03-04,142.860,142.8600000000,,,293055283.99758550,41865877871.895064530000000000,293000000,294000000,293000000,294000000,293055284,293000000,294000000,293000000,294000000,293055284
2024-03-05,144.350,144.3500000000,,,293055283.99654275,42302530244.900945962500000000,293000000,294000000,293000000,294000000,293055284,293000000,294000000,293000000,294000000,293055284
2024-03-06,146.220,146.2200000000,,,293055284.00008640,42850543626.492633408000000000,293000000,294000000,293000000,294000000,293055284,293000000,294000000,293000000,294000000,293055284
2024-03-07,149.310,149.3100000000,,,293055283.99703985,43756084453.598020003500000000,293000000,294000000,293000000,294000000,293055284,293000000,294000000,293000000,294000000,293055284
2024-03-08,147.870,147.8700000000,,,293055284.00188327,43334084845.358479134900000000,293000000,294000000,293000000,294000000,293055284,293000000,294000000,293000000,294000000,293055284
2024-03-11,147.290,147.2900000000,,,293055283.99909480,43164112780.226673092000000000,293000000,294000000,293000000,294000000,293055284,293000000,294000000,293000000,294000000,293055284
2024-03-12,147.840,147.8400000000,,,293055284.00104250,43325293186.714123200000000000,293000000,294000000,293000000,294000000,293055284,293000000,294000000,293000000,294000000,293055284
2024-03-13,147.820,147.8200000000,,,293055283.99805266,43319432080.592144201200000000,293000000,294000000,293000000,294000000,293055284,293000000,294000000,293000000,294000000,293055284
2024-03-14,145.210,145.2100000000,,,293055284.00280505,42554557790.047321310500000000,293000000,294000000,293000000,294000000,293055284,293000000,294000000,293000000,294000000,293055284
2024-03-15,147.480,147.4800000000,,,293055283.99952720,43219793284.250271456000000000,293000000,294000000,293000000,294000000,293055284,293000000,294000000,293000000,294000000,293055284
2024-03-18,146.090,146.0900000000,,,293055283.99806310,42812446439.277038279000000000,293000000,294000000,293000000,294000000,293055284,293000000,294000000,293000000,294000000,293055284
2024-03-19,147.390,147.3900000000,,,293055283.99660295,43193418308.259308800500000000,293000000,294000000,293000000,294000000,293055284,293000000,294000000,293000000,294000000,293055284
2024-03-20,147.280,147.2800000000,,,293055284.00125134,43161182227.704297355200000000,293000000,294000000,293000000,294000000,293055284,293000000,294000000,293000000,294000000,293055284
2024-03-21,148.740,148.7400000000,,,293055284.00259864,43589042942.546521713600000000,293000000,294000000,293000000,294000000,293055284,293000000,294000000,293000000,294000000,293055284
2024-03-22,147.450,147.4500000000,,,293055283.99868380,43211001625.605926310000000000,293000000,294000000,293000000,294000000,293055284,293000000,294000000,293000000,294000000,293055284
2024-03-25,145.560,145.5600000000,,,293055284.00281787,42657127139.450169157200000000,293000000,294000000,293000000,294000000,293055284,293000000,294000000,293000000,294000000,293055284
2024-03-26,144.410,144.4100000000,,,293055283.99866736,42320113562.247553457600000000,293000000,294000000,293000000,294000000,293055284,293000000,294000000,293000000,294000000,293055284
2024-03-27,147.370,147.3700000000,,,293055283.99725820,43187557202.675940934000000000,293000000,294000000,293000000,294000000,293055284,293000000,294000000,293000000,294000000,293055284
2024-03-28,145.510,145.5100000000,,,293055284.00223047,42642474375.164555689700000000,293000000,294000000,293000000,294000000,293055284,293000000,294000000,293000000,294000000,293055284
2024-04-01,145.560,145.5600000000,,,293055283.99660500,42657127138.545823800000000000,293000000,294000000,293000000,294000000,293055284,293000000,294000000,293000000,294000000,293055284
2024-04-02,144.170,144.1700000000,,,293055284.00283480,42249780294.688693116000000000,293000000,294000000,293000000,294000000,293055284,293000000,294000000,293000000,294000000,293055284
2024-04-03,143.730,143.7300000000,,,293055284.00143874,42120835969.526790100200000000,293000000,294000000,293000000,294000000,293055284,293000000,294000000,293000000,294000000,293055284
2024-04-04,141.340,141.3400000000,,,293055283.99767584,41420433840.231503225600000000,293000000,294000000,293000000,294000000,293055284,293000000,294000000,293000000,294000000,293055284
2024-04-05,144.120,144.1200000000,,,293055284.00264370,42235127530.461010044000000000,293000000,294000000,293000000,294000000,293055284,293000000,294000000,293000000,294000000,293055284
2024-04-08,144.460,144.4600000000,,,293055283.99992960,42334766326.629830016000000000,293000000,294000000,293000000,294000000,293055284,293000000,294000000,293000000,294000000,293055284
2024-04-09,147.400,147.4000000000,,,293055283.99664460,43196348861.105414040000000000,293000000,294000000,293000000,294000000,293055284,293000000,294000000,293000000,294000000,293055284
2024-04-10,144.160,144.1600000000,,,293055283.99797540,42246849741.148133664000000000,293000000,294000000,293000000,294000000,293055284,293000000,294000000,293000000,294000000,293055284
2024-04-11,145.000,145.0000000000,,,293055284.00210270,42493016180.304891500000000000,293000000,294000000,293000000,294000000,293055284,293000000,294000000,293000000,294000000,293055284
2024-04-12,140.730,140.7300000000,,,293055283.99932605,41241670117.225155016500000000,293000000,294000000,293000000,294000000,293055284,293000000,294000000,293000000,294000000,293055284
2024-04-15,140.220,140.2200000000,,,293055284.00179696,41092211922.731969731200000000,293000000,294000000,293000000,294000000,293055284,293000000,294000000,293000000,294000000,293055284
2024-04-16,136.800,136.8000000000,,,293055283.99745584,40089962850.851958912000000000,293000000,294000000,293000000,294000000,293055284,293000000,294000000,293000000,294000000,293055284
2024-04-17,134.550,134.5500000000,,,293055283.99683850,39430588461.774620175000000000,293000000,294000000,293000000,294000000,293055284,293000000,294000000,293000000,294000000,293055284
2024-04-18,132.440,132.4400000000,,,293055283.99922544,38812241812.857417273600000000,293000000,294000000,293000000,294000000,293055284,293000000,294000000,293000000,294000000,293055284
2024-04-19,132.730,132.7300000000,,,293055284.00373850,38897227845.816211105000000000,293000000,294000000,293000000,294000000,293055284,293000000,294000000,293000000,294000000,293055284
2024-04-22,133.910,133.9100000000,,,293055283.99764110,39243033080.124119701000000000,293000000,294000000,293000000,294000000,293055284,293000000,294000000,293000000,294000000,293055284
2024-04-23,139.200,139.2000000000,,,293055284.00293016,40793295533.207878272000000000,293000000,294000000,293000000,294000000,293055284,293000000,294000000,293000000,294000000,293055284
2024-04-24,137.490,137.4900000000,,,293055284.00078460,40292170997.267874654000000000,293000000,294000000,293000000,294000000,293055284,293000000,294000000,293000000,294000000,293055284
2024-04-25,136.370,136.3700000000,,,293055283.99758510,39963949078.750680087000000000,293000000,294000000,293000000,294000000,293055284,293000000,294000000,293000000,294000000,293055284
2024-04-26,137.740,137.7400000000,,,293055283.99872330,40365434817.984147342000000000,293000000,294000000,293000000,294000000,293055284,293000000,294000000,293000000,294000000,293055284
2024-04-29,139.590,139.5900000000,,,293055284.00031790,40907587093.604375661000000000,293000000,294000000,293000000,294000000,293055284,293000000,294000000,293000000,294000000,293055284
2024-04-30,137.040,137.0400000000,,,293055283.99770385,40160296119.045335604000000000,293000000,294000000,293000000,294000000,293055284,293000000,294000000,293000000,294000000,293055284
2024-05-01,138.690,138.6900000000,,,293055284.00156440,40643837338.176966636000000000,293000000,294000000,293000000,294000000,293055284,293000000,294000000,293000000,294000000,293055284
2024-05-02,137.520,137.5200000000,,,293055284.00168720,40300962655.912023744000000000,293000000,294000000,293000000,294000000,293055284,293000000,294000000,293000000,294000000,293055284
2024-05-03,139.450,139.4500000000,,,293055284.00089030,40866559353.924152335000000000,293000000,294000000,293000000,294000000,293055284,293000000,294000000,293000000,294000000,293055284
2024-05-06,140.610,140.6100000000,,,293055284.00303110,41206503483.666202971000000000,293000000,294000000,293000000,294000000,293055284,293000000,294000000,293000000,294000000,293055284
2024-05-07,141.270,141.2700000000,,,293055284.00155884,41399919970.900217326800000000,293000000,294000000,293000000,294000000,293055284,293000000,294000000,293000000,294000000,293055284
2024-05-08,142.800,142.8000000000,,,293055284.00178730,41848294555.455226440000000000,293000000,294000000,293000000,294000000,293055284,293000000,294000000,293000000,294000000,293055284
2024-05-09,145.140,145.1400000000,,,293055284.00155100,42534043919.985112140000000000,293000000,294000000,293000000,294000000,293055284,293000000,294000000,293000000,294000000,293055284
2024-05-10,149.760,149.7600000000,,,293055283.99944276,43887959331.756547737600000000,293000000,294000000,293000000,294000000,293055284,293000000,294000000,293000000,294000000,293055284
2024-05-13,147.760,147.7600000000,,,293055283.99699163,43301848763.395483248800000000,293000000,294000000,293000000,294000000,293055284,293000000,294000000,293000000,294000000,293055284
2024-05-14,151.280,151.2800000000,,,293055283.99822140,44333403363.250933392000000000,293000000,294000000,293000000,294000000,293055284,293000000,294000000,293000000,294000000,293055284
2024-05-15,154.080,154.0800000000,,,293055284.00223243,45153958159.063972814400000000,293000000,294000000,293000000,294000000,293055284,293000000,294000000,293000000,294000000,293055284
2024-05-16,154.310,154.3100000000,,,293055284.00101566,45221360874.196726494600000000,293000000,294000000,293000000,294000000,293055284,293000000,294000000,293000000,294000000,293055284
2024-05-17,154.230,154.2300000000,,,293055284.00314350,45197916451.804822005000000000,293000000,294000000,293000000,294000000,293055284,293000000,294000000,293000000,294000000,293055284
2024-05-20,154.640,154.6400000000,,,293055283.99705700,45318069117.304894480000000000,293000000,294000000,293000000,294000000,293055284,293000000,294000000,293000000,294000000,293055284
2024-05-21,153.670,153.6700000000,,,293055283.99823314,45033805492.008486623800000000,293000000,294000000,293000000,294000000,293055284,293000000,294000000,293000000,294000000,293055284
2024-05-22,152.870,152.8700000000,,,293055284.00009320,44799361265.094247484000000000,293000000,294000000,293000000,294000000,293055284,293000000,294000000,293000000,294000000,293055284
2024-05-23,150.550,150.5500000000,,,293055283.99965390,44119473006.147894645000000000,293000000,294000000,293000000,294000000,293055284,293000000,294000000,293000000,294000000,293055284
2024-05-24,150.660,150.6600000000,,,293055283.99830050,44151709087.183953330000000000,293000000,294000000,293000000,294000000,293055284,293000000,294000000,293000000,294000000,293055284
2024-05-28,148.210,148.2100000000,,,293055283.99985164,43433723641.618011564400000000,293000000,294000000,293000000,294000000,293055284,293000000,294000000,293000000,294000000,293055284
2024-05-29,145.480,145.4800000000,,,293055283.99885840,42633682716.153920032000000000,293000000,294000000,293000000,294000000,293055284,293000000,294000000,293000000,294000000,293055284
2024-05-30,131.420,131.4200000000,,,293055284.00040570,38513325423.333317094000000000,293000000,294000000,293000000,294000000,293055284,293000000,294000000,293000000,294000000,293055284
2024-05-31,130.410,130.4100000000,,,291760872.00264700,38048535317.865195270000000000,293000000,293000000,293000000,293000000,291760872,293000000,293000000,293000000,293000000,291760872
2024-06-03,131.400,131.4000000000,,,291760872.00044610,38337378580.858617540000000000,293000000,293000000,293000000,293000000,291760872,293000000,293000000,293000000,293000000,291760872
2024-06-04,130.850,130.8500000000,,,291760872.00222740,38176910101.491455290000000000,293000000,293000000,293000000,293000000,291760872,293000000,293000000,293000000,293000000,291760872
2024-06-05,133.560,133.5600000000,,,291760872.00181040,38967582064.561797024000000000,293000000,293000000,293000000,293000000,291760872,293000000,293000000,293000000,293000000,291760872
2024-06-06,132.820,132.8200000000,,,291760872.00205950,38751679019.313542790000000000,293000000,293000000,293000000,293000000,291760872,293000000,293000000,293000000,293000000,291760872
2024-06-07,132.980,132.9800000000,,,291760872.00145710,38798360758.753765158000000000,293000000,293000000,293000000,293000000,291760872,293000000,293000000,293000000,293000000,291760872
2024-06-10,133.030,133.0300000000,,,291760872.00287026,38812948802.541830687800000000,293000000,293000000,293000000,293000000,291760872,293000000,293000000,293000000,293000000,291760872
2024-06-11,132.110,132.1100000000,,,291760871.99740560,38544528799.577253816000000000,293000000,293000000,293000000,293000000,291760872,293000000,293000000,293000000,293000000,291760872
2024-06-12,133.160,133.1600000000,,,291760871.99949250,38850877715.452421300000000000,293000000,293000000,293000000,293000000,291760872,293000000,293000000,293000000,293000000,291760872
2024-06-13,130.570,130.5700000000,,,291760872.00203270,38095217057.305409639000000000,293000000,293000000,293000000,293000000,291760872,293000000,293000000,293000000,293000000,291760872
2024-06-14,129.850,129.8500000000,,,291760872.00157370,37885149229.404344945000000000,293000000,293000000,293000000,293000000,291760872,293000000,293000000,293000000,293000000,291760872
2024-06-17,131.830,131.8300000000,,,291760871.99720246,38462835755.391200301800000000,293000000,293000000,293000000,293000000,291760872,293000000,293000000,293000000,293000000,291760872
2024-06-18,134.900,134.9000000000,,,291760871.99990946,39358541632.787786154000000000,293000000,293000000,293000000,293000000,291760872,293000000,293000000,293000000,293000000,291760872
2024-06-20,132.730,132.7300000000,,,291760872.00337970,38725420541.008587581000000000,293000000,293000000,293000000,293000000,291760872,293000000,293000000,293000000,293000000,291760872
2024-06-21,133.250,133.2500000000,,,291760871.99884530,38877136193.846136225000000000,293000000,293000000,293000000,293000000,291760872,293000000,293000000,293000000,293000000,291760872
2024-06-24,135.080,135.0800000000,,,291760871.99863190,39411058589.575197052000000000,293000000,293000000,293000000,293000000,291760872,293000000,293000000,293000000,293000000,291760872
2024-06-25,134.690,134.6900000000,,,291760871.99976426,39297271849.648248179400000000,293000000,293000000,293000000,293000000,291760872,293000000,293000000,293000000,293000000,291760872
2024-06-26,133.090,133.0900000000,,,291760871.99944335,38830454454.405915451500000000,293000000,293000000,293000000,293000000,291760872,293000000,293000000,293000000,293000000,291760872
2024-06-27,130.800,130.8000000000,,,291760872.00146896,38162322057.792139968000000000,293000000,293000000,293000000,293000000,291760872,293000000,293000000,293000000,293000000,291760872
2024-06-28,129.630,129.6300000000,,,291760871.99785835,37820961837.082377910500000000,293000000,293000000,293000000,293000000,291760872,293000000,293000000,293000000,293000000,291760872
2024-07-01,127.400,127.4000000000,,,291760871.99633193,37170335092.332687882000000000,293000000,293000000,293000000,293000000,291760872,293000000,293000000,293000000,293000000,291760872
2024-07-02,125.780,125.7800000000,,,291760871.99709916,36697682479.795132344800000000,293000000,293000000,293000000,293000000,291760872,293000000,293000000,293000000,293000000,291760872
2024-07-03,126.130,126.1300000000,,,291760872.00120480,36799798785.511961424000000000,293000000,293000000,293000000,293000000,291760872,293000000,293000000,293000000,293000000,291760872
2024-07-05,126.370,126.3700000000,,,291760872.00077164,36869821394.737512146800000000,293000000,293000000,293000000,293000000,291760872,293000000,293000000,293000000,293000000,291760872
2024-07-08,126.070,126.0700000000,,,291760871.99746037,36782293132.719828845900000000,293000000,293000000,293000000,293000000,291760872,293000000,293000000,293000000,293000000,291760872
2024-07-09,125.420,125.4200000000,,,291760871.99738890,36592648565.912515838000000000,293000000,293000000,293000000,293000000,291760872,293000000,293000000,293000000,293000000,291760872
2024-07-10,127.070,127.0700000000,,,291760872.00160515,37074054005.243966410500000000,293000000,293000000,293000000,293000000,291760872,293000000,293000000,293000000,293000000,291760872
2024-07-11,130.820,130.8200000000,,,291760872.00029814,38168157275.079002674800000000,293000000,293000000,293000000,293000000,291760872,293000000,293000000,293000000,293000000,291760872
2024-07-12,132.230,132.2300000000,,,291760871.99704397,38579540104.169124153100000000,293000000,293000000,293000000,293000000,291760872,293000000,293000000,293000000,293000000,291760872
2024-07-15,131.010,131.0100000000,,,291760871.99912540,38223591840.605418654000000000,293000000,293000000,293000000,293000000,291760872,293000000,293000000,293000000,293000000,291760872
2024-07-16,136.060,136.0600000000,,,291760871.99805295,39696984244.055084377000000000,293000000,293000000,293000000,293000000,291760872,293000000,293000000,293000000,293000000,291760872
2024-07-17,133.500,133.5000000000,,,291760872.00269050,38950076412.359181750000000000,293000000,293000000,293000000,293000000,291760872,293000000,293000000,293000000,293000000,291760872
2024-07-18,131.970,131.9700000000,,,291760871.99815273,38503682277.596215778100000000,293000000,293000000,293000000,293000000,291760872,293000000,293000000,293000000,293000000,291760872
2024-07-19,131.780,131.7800000000,,,291760871.99931550,38448247712.069796590000000000,293000000,293000000,293000000,293000000,291760872,293000000,293000000,293000000,293000000,291760872
2024-07-22,133.420,133.4200000000,,,291760871.99984770,38926735542.219680134000000000,293000000,293000000,293000000,293000000,291760872,293000000,293000000,293000000,293000000,291760872
2024-07-23,130.650,130.6500000000,,,291760871.99940914,38118557926.722804141000000000,293000000,293000000,293000000,293000000,291760872,293000000,293000000,293000000,293000000,291760872
2024-07-24,134.160,134.1600000000,,,291760871.99794060,39142638587.243710896000000000,293000000,293000000,293000000,293000000,291760872,293000000,293000000,293000000,293000000,291760872
2024-07-25,134.980,134.9800000000,,,291760871.99886820,39381882502.407229636000000000,293000000,293000000,293000000,293000000,291760872,293000000,293000000,293000000,293000000,291760872
2024-07-26,137.320,137.3200000000,,,291760872.00017160,40064602943.063564112000000000,293000000,293000000,293000000,293000000,291760872,293000000,293000000,293000000,293000000,291760872
2024-07-29,137.380,137.3800000000,,,291760871.99685900,40082108594.928489420000000000,293000000,293000000,293000000,293000000,291760872,293000000,293000000,293000000,293000000,291760872
2024-07-30,139.490,139.4900000000,,,291760872.00123500,40697724035.452270150000000000,293000000,293000000,293000000,293000000,291760872,293000000,293000000,293000000,293000000,291760872
2024-07-31,141.400,141.4000000000,,,291760871.99675300,41254987300.340874200000000000,293000000,293000000,293000000,293000000,291760872,293000000,293000000,293000000,293000000,291760872
2024-08-01,142.860,142.8600000000,,,291760872.00158130,41680958174.145904518000000000,293000000,293000000,293000000,293000000,291760872,293000000,293000000,293000000,293000000,291760872
2024-08-02,139.040,139.0400000000,,,291760872.00340150,40566431643.352944560000000000,293000000,293000000,293000000,293000000,291760872,293000000,293000000,293000000,293000000,291760872
2024-08-05,134.700,134.7000000000,,,291760872.00130314,39300189458.575532958000000000,293000000,293000000,293000000,293000000,291760872,293000000,293000000,293000000,293000000,291760872
2024-08-06,136.260,136.2600000000,,,291760872.00031610,39755336418.763071786000000000,293000000,293000000,293000000,293000000,291760872,293000000,293000000,293000000,293000000,291760872
2024-08-07,133.960,133.9600000000,,,291760872.00322115,39084286413.551505254000000000,293000000,293000000,293000000,293000000,291760872,293000000,293000000,293000000,293000000,291760872
2024-08-08,136.760,136.7600000000,,,291760871.99819360,39901216854.472956736000000000,293000000,293000000,293000000,293000000,291760872,293000000,293000000,293000000,293000000,291760872
2024-08-09,136.900,136.9000000000,,,291760871.99699640,39942063376.388807160000000000,293000000,293000000,293000000,293000000,291760872,293000000,293000000,293000000,293000000,291760872
2024-08-12,135.600,135.6000000000,,,291760871.99685980,39562774242.774188880000000000,293000000,293000000,293000000,293000000,291760872,293000000,293000000,293000000,293000000,291760872
2024-08-13,137.420,137.4200000000,,,291760872.00161433,40093779030.461841228600000000,293000000,293000000,293000000,293000000,291760872,293000000,293000000,293000000,293000000,291760872
2024-08-14,136.030,136.0300000000,,,291760872.00345886,39688231418.630508725800000000,293000000,293000000,293000000,293000000,291760872,293000000,293000000,293000000,293000000,291760872
2024-08-15,139.890,139.8900000000,,,291760871.99837345,40814428383.852461920500000000,293000000,293000000,293000000,293000000,291760872,293000000,293000000,293000000,293000000,291760872
2024-08-16,140.040,140.0400000000,,,291760872.00049907,40858192514.949889762800000000,293000000,293000000,293000000,293000000,291760872,293000000,293000000,293000000,293000000,291760872
2024-08-19,140.510,140.5100000000,,,291760871.99706780,40995320124.307996578000000000,293000000,293000000,293000000,293000000,291760872,293000000,293000000,293000000,293000000,291760872
2024-08-20,139.750,139.7500000000,,,291760872.00018024,40773581862.025188540000000000,293000000,293000000,293000000,293000000,291760872,293000000,293000000,293000000,293000000,291760872
2024-08-21,139.990,139.9900000000,,,291760871.99979100,40843604471.250742090000000000,293000000,293000000,293000000,293000000,291760872,293000000,293000000,293000000,293000000,291760872
2024-08-22,140.220,140.2200000000,,,291760871.99674300,40910709471.383303460000000000,293000000,293000000,293000000,293000000,291760872,293000000,293000000,293000000,293000000,291760872
2024-08-23,140.870,140.8700000000,,,291760871.99680996,41100354038.190619065200000000,293000000,293000000,293000000,293000000,291760872,293000000,293000000,293000000,293000000,291760872
2024-08-26,140.490,140.4900000000,,,291760871.99835730,40989484907.049217077000000000,293000000,293000000,293000000,293000000,291760872,293000000,293000000,293000000,293000000,291760872
2024-08-27,141.100,141.1000000000,,,291760872.00035710,41167459039.250386810000000000,293000000,293000000,293000000,293000000,291760872,293000000,293000000,293000000,293000000,291760872
2024-08-28,141.060,141.0600000000,,,291760872.00292650,41155788604.732812090000000000,293000000,293000000,293000000,293000000,291760872,293000000,293000000,293000000,293000000,291760872
2024-08-29,142.530,142.5300000000,,,287327670.99808360,40952812947.356855508000000000,290000000,291000000,290000000,291000000,287327671,290000000,291000000,290000000,291000000,287327671
2024-08-30,142.920,142.9200000000,,,287327671.00047690,41064870739.388158548000000000,290000000,291000000,290000000,291000000,287327671,290000000,291000000,290000000,291000000,287327671
2024-09-03,138.960,138.9600000000,,,287327671.00336695,39927053162.627871372000000000,290000000,291000000,290000000,291000000,287327671,290000000,291000000,290000000,291000000,287327671
2024-09-04,138.160,138.1600000000,,,287327671.00103074,39697191025.502407038400000000,290000000,291000000,290000000,291000000,287327671,290000000,291000000,290000000,291000000,287327671
2024-09-05,138.360,138.3600000000,,,287327670.99794656,39754656559.275886041600000000,290000000,291000000,290000000,291000000,287327671,290000000,291000000,290000000,291000000,287327671
2024-09-06,137.200,137.2000000000,,,287327671.00001700,39421356461.202332400000000000,290000000,291000000,290000000,291000000,287327671,290000000,291000000,290000000,291000000,287327671
2024-09-09,138.090,138.0900000000,,,287327670.99758804,39677078088.056932443600000000,290000000,291000000,290000000,291000000,287327671,290000000,291000000,290000000,291000000,287327671
2024-09-10,138.030,138.0300000000,,,287327671.00020754,39659838428.158646746200000000,290000000,291000000,290000000,291000000,287327671,290000000,291000000,290000000,291000000,287327671
2024-09-11,138.700,138.7000000000,,,287327671.00173277,39852347967.940335199000000000,290000000,291000000,290000000,291000000,287327671,290000000,291000000,290000000,291000000,287327671
2024-09-12,136.390,136.3900000000,,,287327670.99894020,39188621047.545453878000000000,290000000,291000000,290000000,291000000,287327671,290000000,291000000,290000000,291000000,287327671
2024-09-13,137.310,137.3100000000,,,287327671.00172370,39452962505.246681247000000000,290000000,291000000,290000000,291000000,287327671,290000000,291000000,290000000,291000000,287327671
2024-09-16,138.310,138.3100000000,,,287327671.00098050,39740290176.145612955000000000,290000000,291000000,290000000,291000000,287327671,290000000,291000000,290000000,291000000,287327671
2024-09-17,138.350,138.3500000000,,,287327670.99923720,39751783282.744466620000000000,290000000,291000000,290000000,291000000,287327671,290000000,291000000,290000000,291000000,287327671
2024-09-18,139.010,139.0100000000,,,287327671.00034640,39941419545.758153064000000000,290000000,291000000,290000000,291000000,287327671,290000000,291000000,290000000,291000000,287327671
2024-09-19,141.950,141.9500000000,,,287327671.00075140,40786162898.556661230000000000,290000000,291000000,290000000,291000000,287327671,290000000,291000000,290000000,291000000,287327671
2024-09-20,140.090,140.0900000000,,,287327671.00174165,40251733430.633987748500000000,290000000,291000000,290000000,291000000,287327671,290000000,291000000,290000000,291000000,287327671
2024-09-23,139.790,139.7900000000,,,287327671.00353510,40165535129.584171629000000000,290000000,291000000,290000000,291000000,287327671,290000000,291000000,290000000,291000000,287327671
2024-09-24,141.870,141.8700000000,,,287327670.99699140,40763176684.343169918000000000,290000000,291000000,290000000,291000000,287327671,290000000,291000000,290000000,291000000,287327671
2024-09-25,139.440,139.4400000000,,,287327670.99936694,40064970444.151726113600000000,290000000,291000000,290000000,291000000,287327671,290000000,291000000,290000000,291000000,287327671
2024-09-26,146.740,146.7400000000,,,287327670.99657000,42162462442.036681800000000000,290000000,291000000,290000000,291000000,287327671,290000000,291000000,290000000,291000000,287327671
2024-09-27,148.060,148.0600000000,,,287327671.00027440,42541734968.300627664000000000,290000000,291000000,290000000,291000000,287327671,290000000,291000000,290000000,291000000,287327671
2024-09-30,148.480,148.4800000000,,,287327671.00055760,42662412590.162792448000000000,290000000,291000000,290000000,291000000,287327671,290000000,291000000,290000000,291000000,287327671
2024-10-01,146.560,146.5600000000,,,287327670.99845690,42110743461.533843264000000000,290000000,291000000,290000000,291000000,287327671,290000000,291000000,290000000,291000000,287327671
2024-10-02,146.540,146.5400000000,,,287327670.99927810,42104996908.234212774000000000,290000000,291000000,290000000,291000000,287327671,290000000,291000000,290000000,291000000,287327671
2024-10-03,144.550,144.5500000000,,,287327670.99952220,41533214842.980934010000000000,290000000,291000000,290000000,291000000,287327671,290000000,291000000,290000000,291000000,287327671
2024-10-04,144.970,144.9700000000,,,287327671.00259400,41653892465.246052180000000000,290000000,291000000,290000000,291000000,287327671,290000000,291000000,290000000,291000000,287327671
2024-10-07,143.890,143.8900000000,,,287327671.00154144,41343578580.411797801600000000,290000000,291000000,290000000,291000000,287327671,290000000,291000000,290000000,291000000,287327671
2024-10-08,144.610,144.6100000000,,,287327670.99865836,41550454503.115985439600000000,290000000,291000000,290000000,291000000,287327671,290000000,291000000,290000000,291000000,287327671
2024-10-09,144.800,144.8000000000,,,287327671.00021290,41605046760.830827920000000000,290000000,291000000,290000000,291000000,287327671,290000000,291000000,290000000,291000000,287327671
2024-10-10,142.740,142.7400000000,,,287327671.00259760,41013151758.910781424000000000,290000000,291000000,290000000,291000000,287327671,290000000,291000000,290000000,291000000,287327671
2024-10-11,143.820,143.8200000000,,,287327670.99659900,41323465642.730868180000000000,290000000,291000000,290000000,291000000,287327671,290000000,291000000,290000000,291000000,287327671
2024-10-14,144.250,144.2500000000,,,287327671.00009630,41447016541.763891275000000000,290000000,291000000,290000000,291000000,287327671,290000000,291000000,290000000,291000000,287327671
2024-10-15,144.580,144.5800000000,,,287327670.99909020,41541834673.048461116000000000,290000000,291000000,290000000,291000000,287327671,290000000,291000000,290000000,291000000,287327671
2024-10-16,139.110,139.1100000000,,,287327671.00128240,39970152312.988394664000000000,290000000,291000000,290000000,291000000,287327671,290000000,291000000,290000000,291000000,287327671
2024-10-17,137.420,137.4200000000,,,287327671.00096160,39484568548.952143072000000000,290000000,291000000,290000000,291000000,287327671,290000000,291000000,290000000,291000000,287327671
2024-10-18,138.830,138.8300000000,,,287327671.00101540,39889700565.070967982000000000,290000000,291000000,290000000,291000000,287327671,290000000,291000000,290000000,291000000,287327671
2024-10-21,136.760,136.7600000000,,,287327671.00309306,39294932286.383006885600000000,290000000,291000000,290000000,291000000,287327671,290000000,291000000,290000000,291000000,287327671
2024-10-22,133.460,133.4600000000,,,287327671.00063830,38346750971.745187518000000000,290000000,291000000,290000000,291000000,287327671,290000000,291000000,290000000,291000000,287327671
2024-10-23,133.030,133.0300000000,,,287327670.99685910,38223200072.712166073000000000,290000000,291000000,290000000,291000000,287327671,290000000,291000000,290000000,291000000,287327671
2024-10-24,130.690,130.6900000000,,,287327670.99911770,37550853322.874692213000000000,290000000,291000000,290000000,291000000,287327671,290000000,291000000,290000000,291000000,287327671
2024-10-25,130.190,130.1900000000,,,287327670.99757970,37407189487.174901143000000000,290000000,291000000,290000000,291000000,287327671,290000000,291000000,290000000,291000000,287327671
2024-10-28,131.540,131.5400000000,,,287327670.99862146,37795081843.158666848400000000,290000000,291000000,290000000,291000000,287327671,290000000,291000000,290000000,291000000,287327671
2024-10-29,131.230,131.2300000000,,,287327670.99880910,37706010265.173718193000000000,290000000,291000000,290000000,291000000,287327671,290000000,291000000,290000000,291000000,287327671
2024-10-30,131.490,131.4900000000,,,287327671.00001156,37780715459.791520024400000000,290000000,291000000,290000000,291000000,287327671,290000000,291000000,290000000,291000000,287327671
2024-10-31,130.310,130.3100000000,,,287327671.00163436,37441668808.222973451600000000,290000000,291000000,290000000,291000000,287327671,290000000,291000000,290000000,291000000,287327671
2024-11-01,136.870,136.8700000000,,,287327671.00084174,39326538329.885208953800000000,290000000,291000000,290000000,291000000,287327671,290000000,291000000,290000000,291000000,287327671
2024-11-04,139.650,139.6500000000,,,287327671.00098400,40125309255.287415600000000000,290000000,291000000,290000000,291000000,287327671,290000000,291000000,290000000,291000000,287327671
2024-11-05,140.410,140.4100000000,,,287327671.00352550,40343678285.605015455000000000,290000000,291000000,290000000,291000000,287327671,290000000,291000000,290000000,291000000,287327671
2024-11-06,137.780,137.7800000000,,,287327670.99945015,39588006510.304241667000000000,290000000,291000000,290000000,291000000,287327671,290000000,291000000,290000000,291000000,287327671
2024-11-07,139.630,139.6300000000,,,287327671.00184630,40119562701.987798869000000000,290000000,291000000,290000000,291000000,287327671,290000000,291000000,290000000,291000000,287327671
2024-11-08,136.680,136.6800000000,,,287327670.99746980,39271946071.934172264000000000,290000000,291000000,290000000,291000000,287327671,290000000,291000000,290000000,291000000,287327671
2024-11-11,133.860,133.8600000000,,,287327670.99728465,38461682039.696523249000000000,290000000,291000000,290000000,291000000,287327671,290000000,291000000,290000000,291000000,287327671
2024-11-12,133.670,133.6700000000,,,287327671.00318580,38407089782.995845886000000000,290000000,291000000,290000000,291000000,287327671,290000000,291000000,290000000,291000000,287327671
2024-11-13,134.280,134.2800000000,,,287327671.00060797,38582359661.961638211600000000,290000000,291000000,290000000,291000000,287327671,290000000,291000000,290000000,291000000,287327671
2024-11-14,130.220,130.2200000000,,,287327670.99710053,37415809317.242431016600000000,290000000,291000000,290000000,291000000,287327671,290000000,291000000,290000000,291000000,287327671
2024-11-15,127.070,127.0700000000,,,287327670.99617547,36510727153.484016972900000000,290000000,291000000,290000000,291000000,287327671,290000000,291000000,290000000,291000000,287327671
2024-11-18,126.920,126.9200000000,,,287327671.00049300,36467628003.382571560000000000,290000000,291000000,290000000,291000000,287327671,290000000,291000000,290000000,291000000,287327671
2024-11-19,125.690,125.6900000000,,,287327671.00363500,36114214968.446883150000000000,290000000,291000000,290000000,291000000,287327671,290000000,291000000,290000000,291000000,287327671
2024-11-20,128.570,128.5700000000,,,287327671.00271900,36941718660.819581830000000000,290000000,291000000,290000000,291000000,287327671,290000000,291000000,290000000,291000000,287327671
2024-11-21,132.060,132.0600000000,,,287327671.00101680,37944492232.394278608000000000,290000000,291000000,290000000,291000000,287327671,290000000,291000000,290000000,291000000,287327671
2024-11-22,133.840,133.8400000000,,,287327670.99818370,38455935486.396906408000000000,290000000,291000000,290000000,291000000,287327671,290000000,291000000,290000000,291000000,287327671
2024-11-25,134.490,134.4900000000,,,287327671.00314000,38642698473.212298600000000000,290000000,291000000,290000000,291000000,287327671,290000000,291000000,290000000,291000000,287327671
2024-11-26,134.370,134.3700000000,,,287327670.99921280,38608219152.164223936000000000,290000000,291000000,290000000,291000000,287327671,290000000,291000000,290000000,291000000,287327671
2024-11-27,138.140,138.1400000000,,,287327671.00357830,39691444472.434306362000000000,290000000,291000000,290000000,291000000,287327671,290000000,291000000,290000000,291000000,287327671
2024-11-29,137.970,137.9700000000,,,287327671.00108050,39642598768.019076585000000000,290000000,291000000,290000000,291000000,287327671,290000000,291000000,290000000,291000000,287327671
2024-12-02,139.580,139.5800000000,,,287327671.00315696,40105196318.620648476800000000,290000000,291000000,290000000,291000000,287327671,290000000,291000000,290000000,291000000,287327671
2024-12-03,139.280,139.2800000000,,,287327670.99647796,40018998016.389450268800000000,290000000,291000000,290000000,291000000,287327671,290000000,291000000,290000000,291000000,287327671
2024-12-04,140.200,140.2000000000,,,287327671.00278574,40283339474.590560748000000000,290000000,291000000,290000000,291000000,287327671,290000000,291000000,290000000,291000000,287327671
2024-12-05,137.870,137.8700000000,,,287327670.99637794,39613866000.270626587800000000,290000000,291000000,290000000,291000000,287327671,290000000,291000000,290000000,291000000,287327671
2024-12-06,140.580,140.5800000000,,,287327671.00044290,40392523989.242262882000000000,290000000,291000000,290000000,291000000,287327671,290000000,291000000,290000000,291000000,287327671
2024-12-09,144.000,144.0000000000,,,287327670.99940276,41375184623.913997440000000000,290000000,291000000,290000000,291000000,287327671,290000000,291000000,290000000,291000000,287327671
2024-12-10,141.930,141.9300000000,,,287327671.00138120,40780416345.226033716000000000,290000000,291000000,290000000,291000000,287327671,290000000,291000000,290000000,291000000,287327671
2024-12-11,141.190,141.1900000000,,,287327670.99800310,40567793868.208057689000000000,290000000,291000000,290000000,291000000,287327671,290000000,291000000,290000000,291000000,287327671
2024-12-12,140.910,140.9100000000,,,287327670.99773360,40487342120.290641576000000000,290000000,291000000,290000000,291000000,287327671,290000000,291000000,290000000,291000000,287327671
2024-12-13,139.000,139.0000000000,,,287327671.00349770,39938546269.486180300000000000,290000000,291000000,290000000,291000000,287327671,290000000,291000000,290000000,291000000,287327671
2024-12-16,137.670,137.6700000000,,,287327671.00168550,39556400466.802042785000000000,290000000,291000000,290000000,291000000,287327671,290000000,291000000,290000000,291000000,287327671
2024-12-17,136.460,136.4600000000,,,287327671.00370777,39208733985.165962294200000000,290000000,291000000,290000000,291000000,287327671,290000000,291000000,290000000,291000000,287327671
2024-12-18,133.010,133.0100000000,,,287327670.99776370,38217453519.412549737000000000,290000000,291000000,290000000,291000000,287327671,290000000,291000000,290000000,291000000,287327671
2024-12-19,133.190,133.1900000000,,,285595302.00304880,38038438273.786069672000000000,290000000,291000000,290000000,291000000,285595302,290000000,291000000,290000000,291000000,285595302
2024-12-20,134.510,134.5100000000,,,285595301.99884940,38415424071.865232794000000000,290000000,291000000,290000000,291000000,285595302,290000000,291000000,290000000,291000000,285595302
2024-12-23,134.600,134.6000000000,,,285595302.00022453,38441127649.230221738000000000,290000000,291000000,290000000,291000000,285595302,290000000,291000000,290000000,291000000,285595302
2024-12-24,136.100,136.1000000000,,,285595302.00277054,38869520602.577070494000000000,290000000,291000000,290000000,291000000,285595302,290000000,291000000,290000000,291000000,285595302
2024-12-26,135.830,135.8300000000,,,285595301.99823946,38792409870.420865851800000000,290000000,291000000,290000000,291000000,285595302,290000000,291000000,290000000,291000000,285595302
2024-12-27,135.540,135.5400000000,,,285595301.99705195,38709587232.680421303000000000,290000000,291000000,290000000,291000000,285595302,290000000,291000000,290000000,291000000,285595302
2024-12-30,134.420,134.4200000000,,,285595302.00101703,38389720494.976709172600000000,290000000,291000000,290000000,291000000,285595302,290000000,291000000,290000000,291000000,285595302
2024-12-31,134.340,134.3400000000,,,285595302.00002110,38366872870.682834574000000000,290000000,291000000,290000000,291000000,285595302,290000000,291000000,290000000,291000000,285595302
2025-01-02,133.430,133.4300000000,,,285595301.99621270,38106981145.354660561000000000,290000000,291000000,290000000,291000000,285595302,290000000,291000000,290000000,291000000,285595302
2025-01-03,135.690,135.6900000000,,,285595302.00190690,38752426528.638747261000000000,290000000,291000000,290000000,291000000,285595302,290000000,291000000,290000000,291000000,285595302
2025-01-06,136.430,136.4300000000,,,285595302.00366247,38963767052.359670782100000000,290000000,291000000,290000000,291000000,285595302,290000000,291000000,290000000,291000000,285595302
2025-01-07,137.410,137.4100000000,,,285595301.99725510,39243650447.442823291000000000,290000000,291000000,290000000,291000000,285595302,290000000,291000000,290000000,291000000,285595302
2025-01-08,137.000,137.0000000000,,,285595302.00345510,39126556374.473348700000000000,290000000,291000000,290000000,291000000,285595302,290000000,291000000,290000000,291000000,285595302
2025-01-10,137.470,137.4700000000,,,285595301.99815170,39260786165.685914199000000000,290000000,291000000,290000000,291000000,285595302,290000000,291000000,290000000,291000000,285595302
2025-01-13,141.950,141.9500000000,,,285595302.00155320,40540253119.120476740000000000,290000000,291000000,290000000,291000000,285595302,290000000,291000000,290000000,291000000,285595302
2025-01-14,143.430,143.4300000000,,,285595302.00115466,40962934166.025612883800000000,290000000,291000000,290000000,291000000,285595302,290000000,291000000,290000000,291000000,285595302
2025-01-15,142.230,142.2300000000,,,285595301.99775517,40620219803.140717829100000000,290000000,291000000,290000000,291000000,285595302,290000000,291000000,290000000,291000000,285595302
2025-01-16,144.720,144.7200000000,,,285595301.99877590,41331352105.262848248000000000,290000000,291000000,290000000,291000000,285595302,290000000,291000000,290000000,291000000,285595302
2025-01-17,147.360,147.3600000000,,,285595301.99820840,42085323702.455989824000000000,290000000,291000000,290000000,291000000,285595302,290000000,291000000,290000000,291000000,285595302
2025-01-21,152.570,152.5700000000,,,285595302.00269115,43573275226.550588755500000000,290000000,291000000,290000000,291000000,285595302,290000000,291000000,290000000,291000000,285595302
2025-01-22,152.600,152.6000000000,,,285595302.00309390,43581843085.672129140000000000,290000000,291000000,290000000,291000000,285595302,290000000,291000000,290000000,291000000,285595302
2025-01-23,152.450,152.4500000000,,,285595302.00147945,43539003790.125542152500000000,290000000,291000000,290000000,291000000,285595302,290000000,291000000,290000000,291000000,285595302
2025-01-24,151.440,151.4400000000,,,285595302.00018850,43250552534.908546440000000000,290000000,291000000,290000000,291000000,285595302,290000000,291000000,290000000,291000000,285595302
2025-01-27,150.960,150.9600000000,,,285595302.00158656,43113466790.159507097600000000,290000000,291000000,290000000,291000000,285595302,290000000,291000000,290000000,291000000,285595302
2025-01-28,150.340,150.3400000000,,,285595301.99805814,42936397702.388060767600000000,290000000,291000000,290000000,291000000,285595302,290000000,291000000,290000000,291000000,285595302
2025-01-29,147.090,147.0900000000,,,285595301.99850386,42008212970.959932767400000000,290000000,291000000,290000000,291000000,285595302,290000000,291000000,290000000,291000000,285595302
2025-01-30,151.380,151.3800000000,,,285595302.00292090,43233416817.202165842000000000,290000000,291000000,290000000,291000000,285595302,290000000,291000000,290000000,291000000,285595302
2025-01-31,151.520,151.5200000000,,,285595302.00113710,43273400159.212293392000000000,290000000,291000000,290000000,291000000,285595302,290000000,291000000,290000000,291000000,285595302
2025-02-03,148.630,148.6300000000,,,285595301.99897840,42448029736.108159592000000000,290000000,291000000,290000000,291000000,285595302,290000000,291000000,290000000,291000000,285595302
2025-02-04,147.040,147.0400000000,,,285595301.99794430,41993933205.777729872000000000,290000000,291000000,290000000,291000000,285595302,290000000,291000000,290000000,291000000,285595302
2025-02-05,147.990,147.9900000000,,,285595301.99845684,42265248742.751627751600000000,290000000,291000000,290000000,291000000,285595302,290000000,291000000,290000000,291000000,285595302
2025-02-06,147.640,147.6400000000,,,285595302.00141245,42165290387.488534118000000000,290000000,291000000,290000000,291000000,285595302,290000000,291000000,290000000,291000000,285595302
2025-02-07,145.210,145.2100000000,,,285595301.99760890,41471293803.072788369000000000,290000000,291000000,290000000,291000000,285595302,290000000,291000000,290000000,291000000,285595302
2025-02-10,143.690,143.6900000000,,,285595301.99725246,41037188943.985205977400000000,290000000,291000000,290000000,291000000,285595302,290000000,291000000,290000000,291000000,285595302
2025-02-11,141.750,141.7500000000,,,285595302.00259090,40483134058.867260075000000000,290000000,291000000,290000000,291000000,285595302,290000000,291000000,290000000,291000000,285595302
2025-02-12,138.080,138.0800000000,,,285595301.99826837,39434999299.920896529600000000,290000000,291000000,290000000,291000000,285595302,290000000,291000000,290000000,291000000,285595302
2025-02-13,136.450,136.4500000000,,,285595302.00032790,38969478957.944741955000000000,290000000,291000000,290000000,291000000,285595302,290000000,291000000,290000000,291000000,285595302
2025-02-14,134.670,134.6700000000,,,285595302.00060886,38461119320.421995176200000000,290000000,291000000,290000000,291000000,285595302,290000000,291000000,290000000,291000000,285595302
2025-02-18,135.200,135.2000000000,,,285595301.99965410,38612484830.353234320000000000,290000000,291000000,290000000,291000000,285595302,290000000,291000000,290000000,291000000,285595302
2025-02-19,137.150,137.1500000000,,,285595301.99786840,39169395669.007651060000000000,290000000,291000000,290000000,291000000,285595302,290000000,291000000,290000000,291000000,285595302
2025-02-20,136.790,136.7900000000,,,285595302.00075775,39066581360.683652622500000000,290000000,291000000,290000000,291000000,285595302,290000000,291000000,290000000,291000000,285595302
2025-02-21,135.370,135.3700000000,,,285595301.99811554,38661036031.484900649800000000,290000000,291000000,290000000,291000000,285595302,290000000,291000000,290000000,291000000,285595302
2025-02-24,135.280,135.2800000000,,,285595302.00071687,38635332454.656978173600000000,290000000,291000000,290000000,291000000,285595302,290000000,291000000,290000000,291000000,285595302
2025-02-25,134.180,134.1800000000,,,285595302.00187856,38321177622.612065180800000000,290000000,291000000,290000000,291000000,285595302,290000000,291000000,290000000,291000000,285595302
2025-02-26,134.470,134.4700000000,,,285595302.00170135,38404000260.168780534500000000,290000000,291000000,290000000,291000000,285595302,290000000,291000000,290000000,291000000,285595302
2025-02-27,127.080,127.0800000000,,,285595302.00331855,36293450978.581721334000000000,290000000,291000000,290000000,291000000,285595302,290000000,291000000,290000000,291000000,285595302
2025-02-28,127.920,127.9200000000,,,285595301.99855185,36533351031.654752652000000000,290000000,291000000,290000000,291000000,285595302,290000000,291000000,290000000,291000000,285595302
2025-03-03,126.330,126.3300000000,,,285102716.99848870,36017026238.419077471000000000,285000000,287000000,285000000,287000000,285102717,285000000,287000000,285000000,287000000,285102717
2025-03-04,123.060,123.0600000000,,,285102716.99618727,35084740353.550805446200000000,285000000,287000000,285000000,287000000,285102717,285000000,287000000,285000000,287000000,285102717
2025-03-05,126.510,126.5100000000,,,285102716.99782990,36068344727.395460649000000000,285000000,287000000,285000000,287000000,285102717,285000000,287000000,285000000,287000000,285102717
2025-03-06,126.550,126.5500000000,,,285102717.00108470,36079748836.487268785000000000,285000000,287000000,285000000,287000000,285102717,285000000,287000000,285000000,287000000,285102717
2025-03-07,126.700,126.7000000000,,,285102716.99798580,36122514243.644800860000000000,285000000,287000000,285000000,287000000,285102717,285000000,287000000,285000000,287000000,285102717
2025-03-10,121.900,121.9000000000,,,285102716.99955820,34754021202.246144580000000000,285000000,287000000,285000000,287000000,285102717,285000000,287000000,285000000,287000000,285102717
2025-03-11,121.030,121.0300000000,,,285102716.99946976,34505981838.445825052800000000,285000000,287000000,285000000,287000000,285102717,285000000,287000000,285000000,287000000,285102717
2025-03-12,119.850,119.8500000000,,,285102717.00121206,34169560632.595265391000000000,285000000,287000000,285000000,287000000,285102717,285000000,287000000,285000000,287000000,285102717
2025-03-13,117.330,117.3300000000,,,285102716.99864805,33451101785.451375706500000000,285000000,287000000,285000000,287000000,285102717,285000000,287000000,285000000,287000000,285102717
2025-03-14,121.180,121.1800000000,,,285102717.00231564,34548747246.340609255200000000,285000000,287000000,285000000,287000000,285102717,285000000,287000000,285000000,287000000,285102717
2025-03-17,122.490,122.4900000000,,,285102717.00171480,34922231805.540045852000000000,285000000,287000000,285000000,287000000,285102717,285000000,287000000,285000000,287000000,285102717
2025-03-18,123.100,123.1000000000,,,285102716.99953380,35096144462.642610780000000000,285000000,287000000,285000000,287000000,285102717,285000000,287000000,285000000,287000000,285102717
2025-03-19,122.210,122.2100000000,,,285102716.99776110,34842403044.296384031000000000,285000000,287000000,285000000,287000000,285102717,285000000,287000000,285000000,287000000,285102717
2025-03-20,120.280,120.2800000000,,,285102716.99967930,34292154800.721426204000000000,285000000,287000000,285000000,287000000,285102717,285000000,287000000,285000000,287000000,285102717
2025-03-21,120.750,120.7500000000,,,285102717.00384630,34426153078.214440725000000000,285000000,287000000,285000000,287000000,285102717,285000000,287000000,285000000,287000000,285102717
2025-03-24,121.970,121.9700000000,,,285102716.99942240,34773978392.419550128000000000,285000000,287000000,285000000,287000000,285102717,285000000,287000000,285000000,287000000,285102717
2025-03-25,120.510,120.5100000000,,,285102716.99713980,34357728425.325317298000000000,285000000,287000000,285000000,287000000,285102717,285000000,287000000,285000000,287000000,285102717
2025-03-26,119.900,119.9000000000,,,285102716.99935580,34183815768.222760420000000000,285000000,287000000,285000000,287000000,285102717,285000000,287000000,285000000,287000000,285102717
2025-03-27,118.970,118.9700000000,,,285102717.00026890,33918670241.521991033000000000,285000000,287000000,285000000,287000000,285102717,285000000,287000000,285000000,287000000,285102717
2025-03-28,116.690,116.6900000000,,,285102716.99592876,33268636046.254927004400000000,285000000,287000000,285000000,287000000,285102717,285000000,287000000,285000000,287000000,285102717
2025-03-31,116.980,116.9800000000,,,285102717.00095360,33351315834.771552128000000000,285000000,287000000,285000000,287000000,285102717,285000000,287000000,285000000,287000000,285102717
2025-04-01,114.050,114.0500000000,,,285102717.00014967,32515964873.867069863500000000,285000000,287000000,285000000,287000000,285102717,285000000,287000000,285000000,287000000,285102717
2025-04-02,115.990,115.9900000000,,,285102717.00016030,33069064144.848593197000000000,285000000,287000000,285000000,287000000,285102717,285000000,287000000,285000000,287000000,285102717
2025-04-03,109.670,109.6700000000,,,285102716.99934510,31267214973.318177117000000000,285000000,287000000,285000000,287000000,285102717,285000000,287000000,285000000,287000000,285102717
2025-04-04,103.000,103.0000000000,,,285102717.00274503,29365579851.282738090000000000,285000000,287000000,285000000,287000000,285102717,285000000,287000000,285000000,287000000,285102717
2025-04-07,103.590,103.5900000000,,,285102717.00273234,29533790454.313043100600000000,285000000,287000000,285000000,287000000,285102717,285000000,287000000,285000000,287000000,285102717
2025-04-08,99.290,99.2900000000,,,285102717.00005900,28307848770.935858110000000000,285000000,287000000,285000000,287000000,285102717,285000000,287000000,285000000,287000000,285102717
2025-04-09,107.050,107.0500000000,,,285102717.00011134,30520245854.861918947000000000,285000000,287000000,285000000,287000000,285102717,285000000,287000000,285000000,287000000,285102717
2025-04-10,99.950,99.9500000000,,,285102716.99714994,28496016563.865136503000000000,285000000,287000000,285000000,287000000,285102717,285000000,287000000,285000000,287000000,285102717
2025-04-11,102.710,102.7100000000,,,285102717.00325143,29282900063.403954375300000000,285000000,287000000,285000000,287000000,285102717,285000000,287000000,285000000,287000000,285102717
2025-04-14,105.190,105.1900000000,,,285102716.99830890,29989954801.052113191000000000,285000000,287000000,285000000,287000000,285102717,285000000,287000000,285000000,287000000,285102717
2025-04-15,103.120,103.1200000000,,,285102716.99510497,29399792176.535224506400000000,285000000,287000000,285000000,287000000,285102717,285000000,287000000,285000000,287000000,285102717
2025-04-16,102.700,102.7000000000,,,285102717.00225145,29280049036.131223915000000000,285000000,287000000,285000000,287000000,285102717,285000000,287000000,285000000,287000000,285102717
2025-04-17,102.480,102.4800000000,,,285102716.99991620,29217326438.151412176000000000,285000000,287000000,285000000,287000000,285102717,285000000,287000000,285000000,287000000,285102717
2025-04-21,100.260,100.2600000000,,,285102717.00143474,28584398406.563847032400000000,285000000,287000000,285000000,287000000,285102717,285000000,287000000,285000000,287000000,285102717
2025-04-22,102.810,102.8100000000,,,285102717.00341535,29311410335.121132133500000000,285000000,287000000,285000000,287000000,285102717,285000000,287000000,285000000,287000000,285102717
2025-04-23,105.000,105.0000000000,,,285102716.99895716,29935785284.890501800000000000,285000000,287000000,285000000,287000000,285102717,285000000,287000000,285000000,287000000,285102717
2025-04-24,107.020,107.0200000000,,,285102716.99723154,30511692773.043719410800000000,285000000,287000000,285000000,287000000,285102717,285000000,287000000,285000000,287000000,285102717
2025-04-25,106.280,106.2800000000,,,285102716.99913700,30300716762.668280360000000000,285000000,287000000,285000000,287000000,285102717,285000000,287000000,285000000,287000000,285102717
2025-04-28,106.870,106.8700000000,,,285102717.00171270,30468927365.973036249000000000,285000000,287000000,285000000,287000000,285102717,285000000,287000000,285000000,287000000,285102717
2025-04-29,107.460,107.4600000000,,,285102717.00170610,30637137969.003337506000000000,285000000,287000000,285000000,287000000,285102717,285000000,287000000,285000000,287000000,285102717
2025-04-30,107.600,107.6000000000,,,285102716.99629456,30677052348.801294656000000000,285000000,287000000,285000000,287000000,285102717,285000000,287000000,285000000,287000000,285102717
2025-05-01,106.460,106.4600000000,,,285102716.99753106,30352035251.557156647600000000,285000000,287000000,285000000,287000000,285102717,285000000,287000000,285000000,287000000,285102717
2025-05-02,108.630,108.6300000000,,,285102717.00074760,30970708147.791211788000000000,285000000,287000000,285000000,287000000,285102717,285000000,287000000,285000000,287000000,285102717
2025-05-05,108.370,108.3700000000,,,285102717.00406593,30896581441.730624834100000000,285000000,287000000,285000000,287000000,285102717,285000000,287000000,285000000,287000000,285102717
2025-05-06,105.240,105.2400000000,,,285102717.00319050,30004209937.415768220000000000,285000000,287000000,285000000,287000000,285102717,285000000,287000000,285000000,287000000,285102717
2025-05-07,107.520,107.5200000000,,,285102716.99804306,30654244131.629589811200000000,285000000,287000000,285000000,287000000,285102717,285000000,287000000,285000000,287000000,285102717
2025-05-08,108.700,108.7000000000,,,285102716.99806990,30990665337.690198130000000000,285000000,287000000,285000000,287000000,285102717,285000000,287000000,285000000,287000000,285102717
2025-05-09,106.930,106.9300000000,,,285102716.99802940,30486033528.599283742000000000,285000000,287000000,285000000,287000000,285102717,285000000,287000000,285000000,287000000,285102717
2025-05-12,115.550,115.5500000000,,,285102716.99601010,32943618948.888967055000000000,285000000,287000000,285000000,287000000,285102717,285000000,287000000,285000000,287000000,285102717
2025-05-13,115.420,115.4200000000,,,285102716.99956065,32906555596.089290223000000000,285000000,287000000,285000000,287000000,285102717,285000000,287000000,285000000,287000000,285102717
2025-05-14,111.520,111.5200000000,,,285102717.00013680,31794654999.855255936000000000,285000000,287000000,285000000,287000000,285102717,285000000,287000000,285000000,287000000,285102717
2025-05-15,112.400,112.4000000000,,,285102716.99968280,32045545390.764346720000000000,285000000,287000000,285000000,287000000,285102717,285000000,287000000,285000000,287000000,285102717
2025-05-16,113.770,113.7700000000,,,285102717.00150317,32436136113.261015650900000000,285000000,287000000,285000000,287000000,285102717,285000000,287000000,285000000,287000000,285102717
2025-05-19,113.440,113.4400000000,,,285102716.99833660,32342052216.291303904000000000,285000000,287000000,285000000,287000000,285102717,285000000,287000000,285000000,287000000,285102717
2025-05-20,113.480,113.4800000000,,,285102717.00195830,32353456325.382227884000000000,285000000,287000000,285000000,287000000,285102717,285000000,287000000,285000000,287000000,285102717
2025-05-21,108.910,108.9100000000,,,285102716.99933220,31050536908.397269902000000000,285000000,287000000,285000000,287000000,285102717,285000000,287000000,285000000,287000000,285102717
2025-05-22,109.680,109.6800000000,,,285102717.00028180,31270066000.590907824000000000,285000000,287000000,285000000,287000000,285102717,285000000,287000000,285000000,287000000,285102717
2025-05-23,108.530,108.5300000000,,,285102717.00059010,30942197876.074043553000000000,285000000,287000000,285000000,287000000,285102717,285000000,287000000,285000000,287000000,285102717
2025-05-27,111.260,111.2600000000,,,285102717.00336740,31720528293.794656924000000000,285000000,287000000,285000000,287000000,285102717,285000000,287000000,285000000,287000000,285102717
2025-05-28,110.880,110.8800000000,,,285102717.00213730,31612189261.196983824000000000,285000000,287000000,285000000,287000000,285102717,285000000,287000000,285000000,287000000,285102717
2025-05-29,113.280,113.2800000000,,,285102716.99923580,32296435781.673431424000000000,285000000,287000000,285000000,287000000,285102717,285000000,287000000,285000000,287000000,285102717
2025-05-30,111.920,111.9200000000,,,284064727.99937180,31792524357.689691856000000000,285000000,285000000,285000000,285000000,284064728,285000000,285000000,285000000,285000000,284064728
2025-06-02,111.050,111.0500000000,,,284064727.99712557,31545388044.080794548500000000,285000000,285000000,285000000,285000000,284064728,285000000,285000000,285000000,285000000,284064728
2025-06-03,112.760,112.7600000000,,,284064728.00112516,32031138729.406873041600000000,285000000,285000000,285000000,285000000,284064728,285000000,285000000,285000000,285000000,284064728
2025-06-04,114.940,114.9400000000,,,284064727.99673770,32650399835.945031238000000000,285000000,285000000,285000000,285000000,284064728,285000000,285000000,285000000,285000000,284064728
2025-06-05,113.940,113.9400000000,,,284064728.00309235,32366335108.672342359000000000,285000000,285000000,285000000,285000000,284064728,285000000,285000000,285000000,285000000,284064728
2025-06-06,115.800,115.8000000000,,,284064727.99722950,32894695502.079176100000000000,285000000,285000000,285000000,285000000,284064728,285000000,285000000,285000000,285000000,284064728
2025-06-09,116.740,116.7400000000,,,284064727.99831784,33161716346.523624641600000000,285000000,285000000,285000000,285000000,284064728,285000000,285000000,285000000,285000000,284064728
2025-06-10,120.520,120.5200000000,,,284064727.99689550,34235481018.185845660000000000,285000000,285000000,285000000,285000000,284064728,285000000,285000000,285000000,285000000,284064728
2025-06-11,119.720,119.7200000000,,,284064727.99774550,34008229235.890091260000000000,285000000,285000000,285000000,285000000,284064728,285000000,285000000,285000000,285000000,284064728
2025-06-12,118.910,118.9100000000,,,284064728.00098540,33778136806.597173914000000000,285000000,285000000,285000000,285000000,284064728,285000000,285000000,285000000,285000000,284064728
2025-06-13,117.080,117.0800000000,,,284064728.00311290,33258298354.604458332000000000,285000000,285000000,285000000,285000000,284064728,285000000,285000000,285000000,285000000,284064728
2025-06-16,119.020,119.0200000000,,,284064728.00200975,33809383926.799200445000000000,285000000,285000000,285000000,285000000,284064728,285000000,285000000,285000000,285000000,284064728
2025-06-17,116.090,116.0900000000,,,284064728.00238070,32977074273.796375463000000000,285000000,285000000,285000000,285000000,284064728,285000000,285000000,285000000,285000000,284064728
2025-06-18,115.520,115.5200000000,,,284064727.99834910,32815157378.369288032000000000,285000000,285000000,285000000,285000000,284064728,285000000,285000000,285000000,285000000,284064728
2025-06-20,115.560,115.5600000000,,,284064728.00048250,32826519967.735757700000000000,285000000,285000000,285000000,285000000,284064728,285000000,285000000,285000000,285000000,284064728
2025-06-23,116.130,116.1300000000,,,284064728.00038970,32988436862.685255861000000000,285000000,285000000,285000000,285000000,284064728,285000000,285000000,285000000,285000000,284064728
2025-06-24,117.640,117.6400000000,,,284064728.00135326,33417374602.079197506400000000,285000000,285000000,285000000,285000000,284064728,285000000,285000000,285000000,285000000,284064728
2025-06-25,118.620,118.6200000000,,,284064727.99595326,33695758034.879975701200000000,285000000,285000000,285000000,285000000,284064728,285000000,285000000,285000000,285000000,284064728
2025-06-26,119.420,119.4200000000,,,284064727.99956690,33923009817.708279198000000000,285000000,285000000,285000000,285000000,284064728,285000000,285000000,285000000,285000000,284064728
2025-06-27,119.170,119.1700000000,,,284064728.00109180,33851993635.890109806000000000,285000000,285000000,285000000,285000000,284064728,285000000,285000000,285000000,285000000,284064728
2025-06-30,118.010,118.0100000000,,,284064727.99797990,33522478551.041607999000000000,285000000,285000000,285000000,285000000,284064728,285000000,285000000,285000000,285000000,284064728
2025-07-01,120.450,120.4500000000,,,284064728.00066280,34215596487.679834260000000000,285000000,285000000,285000000,285000000,284064728,285000000,285000000,285000000,285000000,284064728
2025-07-02,120.660,120.6600000000,,,284064727.99802840,34275250080.242106744000000000,285000000,285000000,285000000,285000000,284064728,285000000,285000000,285000000,285000000,284064728
2025-07-03,121.380,121.3800000000,,,284064728.00021920,34479776684.666606496000000000,285000000,285000000,285000000,285000000,284064728,285000000,285000000,285000000,285000000,284064728
2025-07-07,119.250,119.2500000000,,,284064728.00245476,33874718814.292730130000000000,285000000,285000000,285000000,285000000,284064728,285000000,285000000,285000000,285000000,284064728
2025-07-08,121.010,121.0100000000,,,284064728.00168604,34374672735.484027700400000000,285000000,285000000,285000000,285000000,284064728,285000000,285000000,285000000,285000000,284064728
2025-07-09,121.300,121.3000000000,,,284064727.99964100,34457051506.356453300000000000,285000000,285000000,285000000,285000000,284064728,285000000,285000000,285000000,285000000,284064728
2025-07-10,124.170,124.1700000000,,,284064727.99892840,35272317275.626939428000000000,285000000,285000000,285000000,285000000,284064728,285000000,285000000,285000000,285000000,284064728
2025-07-11,123.280,123.2800000000,,,284064728.00179240,35019499668.060967072000000000,285000000,285000000,285000000,285000000,284064728,285000000,285000000,285000000,285000000,284064728
2025-07-14,120.080,120.0800000000,,,284064728.00214230,34110492538.497247384000000000,285000000,285000000,285000000,285000000,284064728,285000000,285000000,285000000,285000000,284064728
2025-07-15,112.940,112.9400000000,,,284064727.99665123,32082270379.941789916200000000,285000000,285000000,285000000,285000000,284064728,285000000,285000000,285000000,285000000,284064728
2025-07-16,113.430,113.4300000000,,,284064728.00305706,32221462097.386762315800000000,285000000,285000000,285000000,285000000,284064728,285000000,285000000,285000000,285000000,284064728
2025-07-17,116.360,116.3600000000,,,284064728.00404040,33053771750.550140944000000000,285000000,285000000,285000000,285000000,284064728,285000000,285000000,285000000,285000000,284064728
2025-07-18,113.990,113.9900000000,,,284064728.00413150,32380538345.190949685000000000,285000000,285000000,285000000,285000000,284064728,285000000,285000000,285000000,285000000,284064728
2025-07-21,112.040,112.0400000000,,,284064727.99804944,31826612124.901459257600000000,285000000,285000000,285000000,285000000,284064728,285000000,285000000,285000000,285000000,284064728
2025-07-22,116.190,116.1900000000,,,284064727.99659220,33005480745.924047718000000000,285000000,285000000,285000000,285000000,284064728,285000000,285000000,285000000,285000000,284064728
2025-07-23,119.470,119.4700000000,,,284064727.99696930,33937213053.797922271000000000,285000000,285000000,285000000,285000000,284064728,285000000,285000000,285000000,285000000,284064728
2025-07-24,120.350,120.3500000000,,,284064728.00081074,34187190014.897572559000000000,285000000,285000000,285000000,285000000,284064728,285000000,285000000,285000000,285000000,284064728
2025-07-25,120.180,120.1800000000,,,284064728.00199294,34138899011.279511529200000000,285000000,285000000,285000000,285000000,284064728,285000000,285000000,285000000,285000000,284064728
2025-07-28,119.540,119.5400000000,,,284064728.00037780,33957097585.165162212000000000,285000000,285000000,285000000,285000000,284064728,285000000,285000000,285000000,285000000,284064728
2025-07-29,119.840,119.8400000000,,,284064727.99993270,34042317003.511934768000000000,285000000,285000000,285000000,285000000,284064728,285000000,285000000,285000000,285000000,284064728
2025-07-30,118.050,118.0500000000,,,284064727.99978137,33533841140.374190728500000000,285000000,285000000,285000000,285000000,284064728,285000000,285000000,285000000,285000000,284064728
2025-07-31,114.810,114.8100000000,,,284064727.99747140,32613471421.389691434000000000,285000000,285000000,285000000,285000000,284064728,285000000,285000000,285000000,285000000,284064728
2025-08-01,113.500,113.5000000000,,,284064727.99776190,32241346627.745975650000000000,285000000,285000000,285000000,285000000,284064728,285000000,285000000,285000000,285000000,284064728
2025-08-04,114.840,114.8400000000,,,284064727.99839896,32621993363.336136566400000000,285000000,285000000,285000000,285000000,284064728,285000000,285000000,285000000,285000000,284064728
2025-08-05,114.890,114.8900000000,,,284064728.00270940,32636196600.231282966000000000,285000000,285000000,285000000,285000000,284064728,285000000,285000000,285000000,285000000,284064728
2025-08-06,113.230,113.2300000000,,,284064728.00337580,32164649151.822241834000000000,285000000,285000000,285000000,285000000,284064728,285000000,285000000,285000000,285000000,284064728
2025-08-07,113.980,113.9800000000,,,284064727.99776430,32377697697.185174914000000000,285000000,285000000,285000000,285000000,284064728,285000000,285000000,285000000,285000000,284064728
2025-08-08,114.620,114.6200000000,,,284064728.00410880,32559499123.830950656000000000,285000000,285000000,285000000,285000000,284064728,285000000,285000000,285000000,285000000,284064728
2025-08-11,114.130,114.1300000000,,,284064727.99777424,32420307406.385974011200000000,285000000,285000000,285000000,285000000,284064728,285000000,285000000,285000000,285000000,284064728
2025-08-12,117.320,117.3200000000,,,284064727.99586890,33326473888.475339348000000000,285000000,285000000,285000000,285000000,284064728,285000000,285000000,285000000,285000000,284064728
2025-08-13,120.290,120.2900000000,,,284064728.00345920,34170146131.536107168000000000,285000000,285000000,285000000,285000000,284064728,285000000,285000000,285000000,285000000,284064728
2025-08-14,118.870,118.8700000000,,,284064727.99784946,33766774217.104365310200000000,285000000,285000000,285000000,285000000,284064728,285000000,285000000,285000000,285000000,284064728
2025-08-15,119.200,119.2000000000,,,284064727.99830190,33860515577.397586480000000000,285000000,285000000,285000000,285000000,284064728,285000000,285000000,285000000,285000000,284064728
2025-08-18,118.150,118.1500000000,,,284064727.99963140,33562247613.156449910000000000,285000000,285000000,285000000,285000000,284064728,285000000,285000000,285000000,285000000,284064728
2025-08-19,120.110,120.1100000000,,,284064727.99860346,34119014479.912261580600000000,285000000,285000000,285000000,285000000,284064728,285000000,285000000,285000000,285000000,284064728
2025-08-20,119.110,119.1100000000,,,284064728.00008124,33834949752.089676496400000000,285000000,285000000,285000000,285000000,284064728,285000000,285000000,285000000,285000000,284064728
2025-08-21,117.150,117.1500000000,,,284064728.00114270,33278182885.333867305000000000,285000000,285000000,285000000,285000000,284064728,285000000,285000000,285000000,285000000,284064728
2025-08-22,121.630,121.6300000000,,,284064728.00399800,34550792867.126276740000000000,285000000,285000000,285000000,285000000,284064728,285000000,285000000,285000000,285000000,284064728
2025-08-25,119.150,119.1500000000,,,284064728.00260574,33846312341.510473921000000000,285000000,285000000,285000000,285000000,284064728,285000000,285000000,285000000,285000000,284064728
2025-08-26,118.300,118.3000000000,,,284064727.99963874,33604857322.357262942000000000,285000000,285000000,285000000,285000000,284064728,285000000,285000000,285000000,285000000,284064728
2025-08-27,118.690,118.6900000000,,,284064727.99740460,33715642566.011951974000000000,285000000,285000000,285000000,285000000,284064728,285000000,285000000,285000000,285000000,284064728
2025-08-28,124.960,124.9600000000,,,284064727.99624413,35496728410.410666484800000000,285000000,285000000,285000000,285000000,284064728,285000000,285000000,285000000,285000000,284064728
2025-08-29,125.660,125.6600000000,,,283500427.00247150,35624663657.130568690000000000,284000000,285000000,284000000,285000000,283500427,284000000,285000000,284000000,285000000,283500427
2025-09-02,125.210,125.2100000000,,,283500426.99970700,35497088464.633313470000000000,284000000,285000000,284000000,285000000,283500427,284000000,285000000,284000000,285000000,283500427
2025-09-03,125.220,125.2200000000,,,283500426.99753344,35499923468.631137356800000000,284000000,285000000,284000000,285000000,283500427,284000000,285000000,284000000,285000000,283500427
2025-09-04,128.480,128.4800000000,,,283500426.99823940,36424134860.733798112000000000,284000000,285000000,284000000,285000000,283500427,284000000,285000000,284000000,285000000,283500427
2025-09-05,128.750,128.7500000000,,,283500427.00299317,36500679976.635370637500000000,284000000,285000000,284000000,285000000,283500427,284000000,285000000,284000000,285000000,283500427
2025-09-08,128.130,128.1300000000,,,283500427.00023603,36324909711.540242523900000000,284000000,285000000,284000000,285000000,283500427,284000000,285000000,284000000,285000000,283500427
2025-09-09,126.250,126.2500000000,,,283500427.00307400,35791928909.138092500000000000,284000000,285000000,284000000,285000000,283500427,284000000,285000000,284000000,285000000,283500427
2025-09-10,124.120,124.1200000000,,,283500426.99739060,35188072998.916121272000000000,284000000,285000000,284000000,285000000,283500427,284000000,285000000,284000000,285000000,283500427
2025-09-11,126.730,126.7300000000,,,283500427.00071824,35928009113.801022555200000000,284000000,285000000,284000000,285000000,283500427,284000000,285000000,284000000,285000000,283500427
2025-09-12,123.240,123.2400000000,,,283500427.00367826,34938592623.933308762400000000,284000000,285000000,284000000,285000000,283500427,284000000,285000000,284000000,285000000,283500427
2025-09-15,125.630,125.6300000000,,,283500427.00026240,35616158644.042965312000000000,284000000,285000000,284000000,285000000,283500427,284000000,285000000,284000000,285000000,283500427
2025-09-16,127.190,127.1900000000,,,283500427.00164450,36058419310.339163955000000000,284000000,285000000,284000000,285000000,283500427,284000000,285000000,284000000,285000000,283500427
2025-09-17,126.720,126.7200000000,,,283500427.00252640,35925174109.760145408000000000,284000000,285000000,284000000,285000000,283500427,284000000,285000000,284000000,285000000,283500427
2025-09-18,127.620,127.6200000000,,,283500427.00038940,36180324493.789695228000000000,284000000,285000000,284000000,285000000,283500427,284000000,285000000,284000000,285000000,283500427
2025-09-19,126.320,126.3200000000,,,283500426.99801457,35811773938.389200482400000000,284000000,285000000,284000000,285000000,283500427,284000000,285000000,284000000,285000000,283500427
2025-09-22,126.330,126.3300000000,,,283500426.99620110,35814608942.430084963000000000,284000000,285000000,284000000,285000000,283500427,284000000,285000000,284000000,285000000,283500427
2025-09-23,125.940,125.9400000000,,,283500426.99784050,35704043776.108032570000000000,284000000,285000000,284000000,285000000,283500427,284000000,285000000,284000000,285000000,283500427
2025-09-24,124.380,124.3800000000,,,283500426.99605070,35261783109.768786066000000000,284000000,285000000,284000000,285000000,283500427,284000000,285000000,284000000,285000000,283500427
2025-09-25,121.890,121.8900000000,,,283500427.00238260,34555867047.320415114000000000,284000000,285000000,284000000,285000000,283500427,284000000,285000000,284000000,285000000,283500427
2025-09-26,123.390,123.3900000000,,,283500426.99928190,34981117687.441393641000000000,284000000,285000000,284000000,285000000,283500427,284000000,285000000,284000000,285000000,283500427
2025-09-29,123.750,123.7500000000,,,283500427.00315810,35083177841.640814875000000000,284000000,285000000,284000000,285000000,283500427,284000000,285000000,284000000,285000000,283500427
2025-09-30,128.350,128.3500000000,,,283500426.99745030,36387279805.122746005000000000,284000000,285000000,284000000,285000000,283500427,284000000,285000000,284000000,285000000,283500427
2025-10-01,138.580,138.5800000000,,,283500426.99645525,39287489173.168768545000000000,284000000,285000000,284000000,285000000,283500427,284000000,285000000,284000000,285000000,283500427
2025-10-02,138.700,138.7000000000,,,283500426.99688554,39321509224.468024398000000000,284000000,285000000,284000000,285000000,283500427,284000000,285000000,284000000,285000000,283500427
2025-10-03,141.640,141.6400000000,,,283500426.99791044,40155000479.984034721600000000,284000000,285000000,284000000,285000000,283500427,284000000,285000000,284000000,285000000,283500427
2025-10-06,141.610,141.6100000000,,,283500427.00305754,40146495467.902978239400000000,284000000,285000000,284000000,285000000,283500427,284000000,285000000,284000000,285000000,283500427
2025-10-07,138.560,138.5600000000,,,283500427.00006530,39281819165.129047968000000000,284000000,285000000,284000000,285000000,283500427,284000000,285000000,284000000,285000000,283500427
2025-10-08,140.810,140.8100000000,,,283500426.99986280,39919695125.850680868000000000,284000000,285000000,284000000,285000000,283500427,284000000,285000000,284000000,285000000,283500427
2025-10-09,140.110,140.1100000000,,,283500427.00093410,39721244827.100876751000000000,284000000,285000000,284000000,285000000,283500427,284000000,285000000,284000000,285000000,283500427
2025-10-10,136.620,136.6200000000,,,283500427.00320905,38731828337.178420411000000000,284000000,285000000,284000000,285000000,283500427,284000000,285000000,284000000,285000000,283500427
2025-10-13,138.230,138.2300000000,,,283500427.00047300,39188264024.275382790000000000,284000000,285000000,284000000,285000000,283500427,284000000,285000000,284000000,285000000,283500427
2025-10-14,138.040,138.0400000000,,,283500426.99799800,39134398942.803643920000000000,284000000,285000000,284000000,285000000,283500427,284000000,285000000,284000000,285000000,283500427
2025-10-15,139.650,139.6500000000,,,283500427.00255376,39590834630.906632584000000000,284000000,285000000,284000000,285000000,283500427,284000000,285000000,284000000,285000000,283500427
2025-10-16,141.100,141.1000000000,,,283500426.99942535,40001910249.618916885000000000,284000000,285000000,284000000,285000000,283500427,284000000,285000000,284000000,285000000,283500427
2025-10-17,141.920,141.9200000000,,,283500426.99909055,40234380599.710930856000000000,284000000,285000000,284000000,285000000,283500427,284000000,285000000,284000000,285000000,283500427
2025-10-20,143.000,143.0000000000,,,283500427.00312704,40540561061.447166720000000000,284000000,285000000,284000000,285000000,283500427,284000000,285000000,284000000,285000000,283500427
2025-10-21,145.680,145.6800000000,,,283500426.99942340,41300342205.276000912000000000,284000000,285000000,284000000,285000000,283500427,284000000,285000000,284000000,285000000,283500427
2025-10-22,145.870,145.8700000000,,,283500427.00176686,41354207286.747731868200000000,284000000,285000000,284000000,285000000,283500427,284000000,285000000,284000000,285000000,283500427
2025-10-23,147.460,147.4600000000,,,283500427.00261086,41804972965.804997415600000000,284000000,285000000,284000000,285000000,283500427,284000000,285000000,284000000,285000000,283500427
2025-10-24,148.030,148.0300000000,,,283500427.00302076,41966568209.257163102800000000,284000000,285000000,284000000,285000000,283500427,284000000,285000000,284000000,285000000,283500427
2025-10-27,146.590,146.5900000000,,,283500426.99761385,41558327593.580214271500000000,284000000,285000000,284000000,285000000,283500427,284000000,285000000,284000000,285000000,283500427
2025-10-28,145.850,145.8500000000,,,283500426.99829980,41348537277.702025830000000000,284000000,285000000,284000000,285000000,283500427,284000000,285000000,284000000,285000000,283500427
2025-10-29,143.200,143.2000000000,,,283500426.99688715,40597261145.954239880000000000,284000000,285000000,284000000,285000000,283500427,284000000,285000000,284000000,285000000,283500427
2025-10-30,143.360,143.3600000000,,,283500426.99764144,40642621214.381876838400000000,284000000,285000000,284000000,285000000,283500427,284000000,285000000,284000000,285000000,283500427
2025-10-31,146.360,146.3600000000,,,283500427.00211155,41493122496.029046458000000000,284000000,285000000,284000000,285000000,283500427,284000000,285000000,284000000,285000000,283500427
2025-11-03,144.690,144.6900000000,,,283500427.00088440,41019676782.757963836000000000,284000000,285000000,284000000,285000000,283500427,284000000,285000000,284000000,285000000,283500427
2025-11-04,146.080,146.0800000000,,,283500427.00097310,41413742376.302150448000000000,284000000,285000000,284000000,285000000,283500427,284000000,285000000,284000000,285000000,283500427
2025-11-05,146.770,146.7700000000,,,283500427.00179580,41609357671.053569566000000000,284000000,285000000,284000000,285000000,283500427,284000000,285000000,284000000,285000000,283500427
2025-11-06,147.490,147.4900000000,,,283500426.99766797,41813477977.886048895300000000,284000000,285000000,284000000,285000000,283500427,284000000,285000000,284000000,285000000,283500427
2025-11-07,146.740,146.7400000000,,,283500426.99990810,41600852657.966514594000000000,284000000,285000000,284000000,285000000,283500427,284000000,285000000,284000000,285000000,283500427
2025-11-10,146.360,146.3600000000,,,283500427.00211155,41493122496.029046458000000000,284000000,285000000,284000000,285000000,283500427,284000000,285000000,284000000,285000000,283500427
2025-11-11,149.420,149.4200000000,,,283500427.00308764,42360633802.801355168800000000,284000000,285000000,284000000,285000000,283500427,284000000,285000000,284000000,285000000,283500427
2025-11-12,151.520,151.5200000000,,,283500427.00092155,42955984699.179633256000000000,284000000,285000000,284000000,285000000,283500427,284000000,285000000,284000000,285000000,283500427
2025-11-13,146.890,146.8900000000,,,283500427.00219774,41643377722.352826028600000000,284000000,285000000,284000000,285000000,283500427,284000000,285000000,284000000,285000000,283500427
2025-11-14,146.820,146.8200000000,,,283500427.00027480,41623532692.180346136000000000,284000000,285000000,284000000,285000000,283500427,284000000,285000000,284000000,285000000,283500427
2025-11-17,144.520,144.5200000000,,,283500427.00202010,40971481710.331944852000000000,284000000,285000000,284000000,285000000,283500427,284000000,285000000,284000000,285000000,283500427
2025-11-18,143.840,143.8400000000,,,283500426.99929710,40778701419.578894864000000000,284000000,285000000,284000000,285000000,283500427,284000000,285000000,284000000,285000000,283500427
2025-11-19,144.400,144.4000000000,,,283500427.00161150,40937461659.032700600000000000,284000000,285000000,284000000,285000000,283500427,284000000,285000000,284000000,285000000,283500427
2025-11-20,145.060,145.0600000000,,,283500427.00053126,41124571940.697064575600000000,284000000,285000000,284000000,285000000,283500427,284000000,285000000,284000000,285000000,283500427
2025-11-21,151.250,151.2500000000,,,283500426.99802390,42879439583.451114875000000000,284000000,285000000,284000000,285000000,283500427,284000000,285000000,284000000,285000000,283500427
2025-11-24,153.600,153.6000000000,,,283500427.00179195,43545665587.475243520000000000,284000000,285000000,284000000,285000000,283500427,284000000,285000000,284000000,285000000,283500427
2025-11-25,157.200,157.2000000000,,,283500427.00162613,44566267124.655627636000000000,284000000,285000000,284000000,285000000,283500427,284000000,285000000,284000000,285000000,283500427
2025-11-26,154.370,154.3700000000,,,283500427.00291824,43763960916.440488708800000000,284000000,285000000,284000000,285000000,283500427,284000000,285000000,284000000,285000000,283500427
2025-11-28,153.500,153.5000000000,,,283500426.99814790,43517315544.215702650000000000,284000000,285000000,284000000,285000000,283500427,284000000,285000000,284000000,285000000,283500427
2025-12-01,150.100,150.1000000000,,,283500426.99898994,42553414092.548389994000000000,284000000,285000000,284000000,285000000,283500427,284000000,285000000,284000000,285000000,283500427
2025-12-02,148.810,148.8100000000,,,283500427.00264600,42187698542.263751260000000000,284000000,285000000,284000000,285000000,283500427,284000000,285000000,284000000,285000000,283500427
2025-12-03,149.260,149.2600000000,,,283500427.00265753,42315273734.416662927800000000,284000000,285000000,284000000,285000000,283500427,284000000,285000000,284000000,285000000,283500427
2025-12-04,148.320,148.3200000000,,,283500427.00259846,42048783333.025403587200000000,284000000,285000000,284000000,285000000,283500427,284000000,285000000,284000000,285000000,283500427
2025-12-05,145.490,145.4900000000,,,283500426.99707377,41246477123.804262797300000000,284000000,285000000,284000000,285000000,283500427,284000000,285000000,284000000,285000000,283500427
2025-12-08,142.440,142.4400000000,,,283500427.00109756,40381800822.036336446400000000,284000000,285000000,284000000,285000000,283500427,284000000,285000000,284000000,285000000,283500427
2025-12-09,140.640,140.6400000000,,,283500427.00102860,39871500053.424662304000000000,284000000,285000000,284000000,285000000,283500427,284000000,285000000,284000000,285000000,283500427
2025-12-10,143.470,143.4700000000,,,283500426.99965010,40673806261.639799847000000000,284000000,285000000,284000000,285000000,283500427,284000000,285000000,284000000,285000000,283500427
2025-12-11,142.870,142.8700000000,,,283500426.99727430,40503706005.100579241000000000,284000000,285000000,284000000,285000000,283500427,284000000,285000000,284000000,285000000,283500427
2025-12-12,139.680,139.6800000000,,,283500426.99733440,39599339642.987668992000000000,284000000,285000000,284000000,285000000,283500427,284000000,285000000,284000000,285000000,283500427
2025-12-15,140.600,140.6000000000,,,283500427.00099030,39860160036.339236180000000000,284000000,285000000,284000000,285000000,283500427,284000000,285000000,284000000,285000000,283500427
2025-12-16,139.190,139.1900000000,,,283500426.99726510,39460424433.749329269000000000,284000000,285000000,284000000,285000000,283500427,284000000,285000000,284000000,285000000,283500427
2025-12-17,136.660,136.6600000000,,,283500427.00356215,38743168354.306803419000000000,284000000,285000000,284000000,285000000,283500427,284000000,285000000,284000000,285000000,283500427
2025-12-18,136.900,136.9000000000,,,283500426.99707310,38811208455.899307390000000000,284000000,285000000,284000000,285000000,283500427,284000000,285000000,284000000,285000000,283500427
2025-12-19,137.240,137.2400000000,,,283498871.00143750,38907385056.237282500000000000,284000000,285000000,284000000,285000000,283498871,284000000,285000000,284000000,285000000,283498871
2025-12-22,138.520,138.5200000000,,,283498870.99726060,39270263610.540538312000000000,284000000,285000000,284000000,285000000,283498871,284000000,285000000,284000000,285000000,283498871
2025-12-23,138.360,138.3600000000,,,283498871.00081290,39224903791.672472844000000000,284000000,285000000,284000000,285000000,283498871,284000000,285000000,284000000,285000000,283498871
2025-12-24,138.320,138.3200000000,,,283498871.00129163,39213563836.898658261600000000,284000000,285000000,284000000,285000000,283498871,284000000,285000000,284000000,285000000,283498871
2025-12-26,138.390,138.3900000000,,,283498870.99822630,39233408757.444537657000000000,284000000,285000000,284000000,285000000,283498871,284000000,285000000,284000000,285000000,283498871
2025-12-29,137.930,137.9300000000,,,283498870.99691630,39102999276.604665259000000000,284000000,285000000,284000000,285000000,283498871,284000000,285000000,284000000,285000000,283498871
2025-12-30,137.620,137.6200000000,,,283498870.99721783,39015114626.637117764600000000,284000000,285000000,284000000,285000000,283498871,284000000,285000000,284000000,285000000,283498871
2025-12-31,136.070,136.0700000000,,,283498871.00125020,38575691377.140114714000000000,284000000,285000000,284000000,285000000,283498871,284000000,285000000,284000000,285000000,283498871
2026-01-02,137.950,137.9500000000,,,283498870.99949974,39108669254.380989133000000000,284000000,285000000,284000000,285000000,283498871,284000000,285000000,284000000,285000000,283498871
2026-01-05,142.930,142.9300000000,,,283498870.99873380,40520493631.849022034000000000,284000000,285000000,284000000,285000000,283498871,284000000,285000000,284000000,285000000,283498871
2026-01-06,147.600,147.6000000000,,,283498870.99923590,41844433359.487218840000000000,284000000,285000000,284000000,285000000,283498871,284000000,285000000,284000000,285000000,283498871
2026-01-07,147.810,147.8100000000,,,283498870.99973910,41903968122.471436371000000000,284000000,285000000,284000000,285000000,283498871,284000000,285000000,284000000,285000000,283498871
2026-01-08,145.760,145.7600000000,,,283498871.00152260,41322795437.181934176000000000,284000000,285000000,284000000,285000000,283498871,284000000,285000000,284000000,285000000,283498871
2026-01-09,148.520,148.5200000000,,,283498871.00111294,42105252321.085293848800000000,284000000,285000000,284000000,285000000,283498871,284000000,285000000,284000000,285000000,283498871
2026-01-12,147.990,147.9900000000,,,283498871.00188917,41954997919.569578268300000000,284000000,285000000,284000000,285000000,283498871,284000000,285000000,284000000,285000000,283498871
2026-01-13,146.320,146.3200000000,,,283498870.99829380,41481554804.470348816000000000,284000000,285000000,284000000,285000000,283498871,284000000,285000000,284000000,285000000,283498871
2026-01-14,145.920,145.9200000000,,,283498871.00048655,41368155256.390997376000000000,284000000,285000000,284000000,285000000,283498871,284000000,285000000,284000000,285000000,283498871
2026-01-15,144.830,144.8300000000,,,283498870.99760160,41059141486.582639728000000000,284000000,285000000,284000000,285000000,283498871,284000000,285000000,284000000,285000000,283498871
2026-01-16,139.640,139.6400000000,,,283498870.99743557,39587782346.081902994800000000,284000000,285000000,284000000,285000000,283498871,284000000,285000000,284000000,285000000,283498871
2026-01-20,135.830,135.8300000000,,,283498871.00160724,38507651648.148311409200000000,284000000,285000000,284000000,285000000,283498871,284000000,285000000,284000000,285000000,283498871
2026-01-21,139.770,139.7700000000,,,283498870.99891436,39624637199.518260097200000000,284000000,285000000,284000000,285000000,283498871,284000000,285000000,284000000,285000000,283498871
2026-01-22,138.630,138.6300000000,,,283498871.00150740,39301448486.938970862000000000,284000000,285000000,284000000,285000000,283498871,284000000,285000000,284000000,285000000,283498871
2026-01-23,135.050,135.0500000000,,,283498871.00240250,38286522528.874457625000000000,284000000,285000000,284000000,285000000,283498871,284000000,285000000,284000000,285000000,283498871
2026-01-26,135.650,135.6500000000,,,283498870.99926410,38456621851.050175165000000000,284000000,285000000,284000000,285000000,283498871,284000000,285000000,284000000,285000000,283498871
2026-01-27,135.950,135.9500000000,,,283498871.00098170,38541671512.583462115000000000,284000000,285000000,284000000,285000000,283498871,284000000,285000000,284000000,285000000,283498871
2026-01-28,133.870,133.8700000000,,,283498870.99726350,37951993860.403664745000000000,284000000,285000000,284000000,285000000,283498871,284000000,285000000,284000000,285000000,283498871
2026-01-29,133.270,133.2700000000,,,283498871.00043480,37781894538.227945796000000000,284000000,285000000,284000000,285000000,283498871,284000000,285000000,284000000,285000000,283498871
2026-01-30,133.850,133.8500000000,,,283498871.00126110,37946323883.518798235000000000,284000000,285000000,284000000,285000000,283498871,284000000,285000000,284000000,285000000,283498871
2026-02-02,135.390,135.3900000000,,,283498870.99705170,38382912144.290829663000000000,284000000,285000000,284000000,285000000,283498871,284000000,285000000,284000000,285000000,283498871
2026-02-03,132.140,132.1400000000,,,283498870.99777260,37461540813.645671364000000000,284000000,285000000,284000000,285000000,283498871,284000000,285000000,284000000,285000000,283498871
2026-02-04,132.980,132.9800000000,,,283498871.00087150,37699679865.695892070000000000,284000000,285000000,284000000,285000000,283498871,284000000,285000000,284000000,285000000,283498871
2026-02-05,129.640,129.6400000000,,,283498871.00047565,36752793636.501663266000000000,284000000,285000000,284000000,285000000,283498871,284000000,285000000,284000000,285000000,283498871
2026-02-06,129.580,129.5800000000,,,283498870.99649090,36735783703.725290822000000000,284000000,285000000,284000000,285000000,283498871,284000000,285000000,284000000,285000000,283498871
2026-02-09,127.500,127.5000000000,,,283498871.00038990,36146106052.549712250000000000,284000000,285000000,284000000,285000000,283498871,284000000,285000000,284000000,285000000,283498871
2026-02-10,129.000,129.0000000000,,,283498871.00340027,36571354359.438634830000000000,284000000,285000000,284000000,285000000,283498871,284000000,285000000,284000000,285000000,283498871
2026-02-11,128.900,128.9000000000,,,283498871.00078917,36543004472.001724013000000000,284000000,285000000,284000000,285000000,283498871,284000000,285000000,284000000,285000000,283498871
2026-02-12,124.880,124.8800000000,,,283498871.00392824,35403339010.970558611200000000,284000000,285000000,284000000,285000000,283498871,284000000,285000000,284000000,285000000,283498871
2026-02-13,125.810,125.8100000000,,,283498871.00044220,35666992960.565633182000000000,284000000,285000000,284000000,285000000,283498871,284000000,285000000,284000000,285000000,283498871
2026-02-17,123.870,123.8700000000,,,283498870.99951600,35117005150.710046920000000000,284000000,285000000,284000000,285000000,283498871,284000000,285000000,284000000,285000000,283498871
2026-02-18,126.940,126.9400000000,,,283498870.99619570,35987346684.257082158000000000,284000000,285000000,284000000,285000000,283498871,284000000,285000000,284000000,285000000,283498871
2026-02-19,126.340,126.3400000000,,,283498870.99953580,35817247362.081352972000000000,284000000,285000000,284000000,285000000,283498871,284000000,285000000,284000000,285000000,283498871
2026-02-20,122.900,122.9000000000,,,283498871.00358870,34842011246.341051230000000000,284000000,285000000,284000000,285000000,283498871,284000000,285000000,284000000,285000000,283498871
2026-02-23,124.200,124.2000000000,,,283498871.00034446,35210559778.242781932000000000,284000000,285000000,284000000,285000000,283498871,284000000,285000000,284000000,285000000,283498871
2026-02-24,124.400,124.4000000000,,,283498870.99859940,35267259552.225765360000000000,284000000,285000000,284000000,285000000,283498871,284000000,285000000,284000000,285000000,283498871
2026-02-25,124.720,124.7200000000,,,283498870.99709170,35357979190.757276824000000000,284000000,285000000,284000000,285000000,283498871,284000000,285000000,284000000,285000000,283498871
2026-02-26,120.970,120.9700000000,,,283498870.99679650,34294858424.482472605000000000,284000000,285000000,284000000,285000000,283498871,284000000,285000000,284000000,285000000,283498871
2026-02-27,121.380,121.3800000000,,,283498870.99656490,34411092961.563047562000000000,284000000,285000000,284000000,285000000,283498871,284000000,285000000,284000000,285000000,283498871
2026-03-02,118.170,118.1700000000,,,283498870.99679965,33501061585.691814640500000000,284000000,285000000,284000000,285000000,283498871,284000000,285000000,284000000,285000000,283498871
2026-03-03,119.040,119.0400000000,,,282602316.99580735,33640979815.180906944000000000,283000000,284000000,283000000,284000000,282602317,283000000,284000000,283000000,284000000,282602317
2026-03-04,120.540,120.5400000000,,,282602316.99666846,34064883290.778416168400000000,283000000,284000000,283000000,284000000,282602317,283000000,284000000,283000000,284000000,282602317
2026-03-05,118.110,118.1100000000,,,282602317.00235260,33378159661.147865586000000000,283000000,284000000,283000000,284000000,282602317,283000000,284000000,283000000,284000000,282602317
2026-03-06,115.070,115.0700000000,,,282602316.99590534,32519048616.718827473800000000,283000000,284000000,283000000,284000000,282602317,283000000,284000000,283000000,284000000,282602317
2026-03-09,116.640,116.6400000000,,,282602317.00114506,32962734255.013559798400000000,283000000,284000000,283000000,284000000,282602317,283000000,284000000,283000000,284000000,282602317
2026-03-10,115.430,115.4300000000,,,282602316.99901086,32620785451.195823569800000000,283000000,284000000,283000000,284000000,282602317,283000000,284000000,283000000,284000000,282602317
2026-03-11,115.420,115.4200000000,,,282602316.99847394,32617959427.963862154800000000,283000000,284000000,283000000,284000000,282602317,283000000,284000000,283000000,284000000,282602317
2026-03-12,111.630,111.6300000000,,,282602317.00372700,31546896647.126045010000000000,283000000,284000000,283000000,284000000,282602317,283000000,284000000,283000000,284000000,282602317
2026-03-13,111.510,111.5100000000,,,282602317.00266385,31512984368.967045913500000000,283000000,284000000,283000000,284000000,282602317,283000000,284000000,283000000,284000000,282602317
2026-03-16,111.830,111.8300000000,,,282602317.00089437,31603417110.210017397100000000,283000000,284000000,283000000,284000000,282602317,283000000,284000000,283000000,284000000,282602317
2026-03-17,112.750,112.7500000000,,,282602317.00235310,31863411242.015312025000000000,283000000,284000000,283000000,284000000,282602317,283000000,284000000,283000000,284000000,282602317
2026-03-18,111.500,111.5000000000,,,282602317.00419515,31510158345.967759225000000000,283000000,284000000,283000000,284000000,282602317,283000000,284000000,283000000,284000000,282602317
2026-03-19,111.750,111.7500000000,,,282602316.99788374,31580808924.513507945000000000,283000000,284000000,283000000,284000000,282602317,283000000,284000000,283000000,284000000,282602317
2026-03-20,111.300,111.3000000000,,,282602317.00011010,31453637882.112254130000000000,283000000,284000000,283000000,284000000,282602317,283000000,284000000,283000000,284000000,282602317
2026-03-23,112.020,112.0200000000,,,282602316.99751860,31657111550.062033572000000000,283000000,284000000,283000000,284000000,282602317,283000000,284000000,283000000,284000000,282602317
2026-03-24,114.200,114.2000000000,,,282602316.99778320,32273184601.146841440000000000,283000000,284000000,283000000,284000000,282602317,283000000,284000000,283000000,284000000,282602317
2026-03-25,112.980,112.9800000000,,,282602316.99707750,31928409774.329815950000000000,283000000,284000000,283000000,284000000,282602317,283000000,284000000,283000000,284000000,282602317
2026-03-26,113.480,113.4800000000,,,282602317.00032650,32069710933.197051220000000000,283000000,284000000,283000000,284000000,282602317,283000000,284000000,283000000,284000000,282602317
2026-03-27,110.240,110.2400000000,,,282602316.99640820,31154079425.684039968000000000,283000000,284000000,283000000,284000000,282602317,283000000,284000000,283000000,284000000,282602317
2026-03-30,112.010,112.0100000000,,,282602316.99696520,31654285526.830072052000000000,283000000,284000000,283000000,284000000,282602317,283000000,284000000,283000000,284000000,282602317
2026-03-31,113.980,113.9800000000,,,282602317.00263360,32211012091.960177728000000000,283000000,284000000,283000000,284000000,282602317,283000000,284000000,283000000,284000000,282602317
2026-04-01,114.540,114.5400000000,,,282602317.00287175,32369269389.508930245000000000,283000000,284000000,283000000,284000000,282602317,283000000,284000000,283000000,284000000,282602317
2026-04-02,115.480,115.4800000000,,,282602316.99582590,32634915566.677974932000000000,283000000,284000000,283000000,284000000,282602317,283000000,284000000,283000000,284000000,282602317
2026-04-06,114.840,114.8400000000,,,282602316.99667160,32454050083.897766544000000000,283000000,284000000,283000000,284000000,282602317,283000000,284000000,283000000,284000000,282602317
2026-04-07,113.880,113.8800000000,,,282602316.99591947,32182751859.495309243600000000,283000000,284000000,283000000,284000000,282602317,283000000,284000000,283000000,284000000,282602317
2026-04-08,116.920,116.9200000000,,,282602316.99594240,33041862903.165585408000000000,283000000,284000000,283000000,284000000,282602317,283000000,284000000,283000000,284000000,282602317
2026-04-09,115.390,115.3900000000,,,282602316.99640095,32609481358.214705620500000000,283000000,284000000,283000000,284000000,282602317,283000000,284000000,283000000,284000000,282602317
2026-04-10,115.060,115.0600000000,,,282602316.99830460,32516222593.824927276000000000,283000000,284000000,283000000,284000000,282602317,283000000,284000000,283000000,284000000,282602317
2026-04-13,117.500,117.5000000000,,,282602317.00183500,33205772247.715612500000000000,283000000,284000000,283000000,284000000,282602317,283000000,284000000,283000000,284000000,282602317
2026-04-14,120.390,120.3900000000,,,282602316.99857440,34022492943.458372016000000000,283000000,284000000,283000000,284000000,282602317,283000000,284000000,283000000,284000000,282602317
2026-04-15,119.770,119.7700000000,,,282602316.99655600,33847279506.677512120000000000,283000000,284000000,283000000,284000000,282602317,283000000,284000000,283000000,284000000,282602317
2026-04-16,118.250,118.2500000000,,,282602316.99753440,33417723984.958442800000000000,283000000,284000000,283000000,284000000,282602317,283000000,284000000,283000000,284000000,282602317
2026-04-17,121.870,121.8700000000,,,282602317.00318986,34440744373.178748238200000000,283000000,284000000,283000000,284000000,282602317,283000000,284000000,283000000,284000000,282602317
2026-04-20,120.960,120.9600000000,,,282602316.99741070,34183576264.006798272000000000,283000000,284000000,283000000,284000000,282602317,283000000,284000000,283000000,284000000,282602317
2026-04-21,122.090,122.0900000000,,,282602316.99651060,34502916882.103979154000000000,283000000,284000000,283000000,284000000,282602317,283000000,284000000,283000000,284000000,282602317
2026-04-22,120.470,120.4700000000,,,282602316.99943530,34045101128.921970591000000000,283000000,284000000,283000000,284000000,282602317,283000000,284000000,283000000,284000000,282602317
2026-04-23,114.420,114.4200000000,,,282602316.99916726,32335357111.044717889200000000,283000000,284000000,283000000,284000000,282602317,283000000,284000000,283000000,284000000,282602317
2026-04-24,115.550,115.5500000000,,,282602316.99619000,32654697728.909754500000000000,283000000,284000000,283000000,284000000,282602317,283000000,284000000,283000000,284000000,282602317
2026-04-27,115.620,115.6200000000,,,282602316.99856150,32674479891.373680630000000000,283000000,284000000,283000000,284000000,282602317,283000000,284000000,283000000,284000000,282602317
2026-04-28,114.870,114.8700000000,,,282602317.00094634,32462528153.898706075800000000,283000000,284000000,283000000,284000000,282602317,283000000,284000000,283000000,284000000,282602317
2026-04-29,111.300,111.3000000000,,,282602317.00038620,31453637882.142984060000000000,283000000,284000000,283000000,284000000,282602317,283000000,284000000,283000000,284000000,282602317
2026-04-30,115.550,115.5500000000,,,282602316.99619000,32654697728.909754500000000000,283000000,284000000,283000000,284000000,282602317,283000000,284000000,283000000,284000000,282602317
2026-05-01,114.520,114.5200000000,,,282602317.00381976,32363617343.277438915200000000,283000000,284000000,283000000,284000000,282602317,283000000,284000000,283000000,284000000,282602317
2026-05-04,112.180,112.1800000000,,,282602317.00019467,31702327921.081838080600000000,283000000,284000000,283000000,284000000,282602317,283000000,284000000,283000000,284000000,282602317
2026-05-05,117.530,117.5300000000,,,282602316.99748690,33214250316.714635357000000000,283000000,284000000,283000000,284000000,282602317,283000000,284000000,283000000,284000000,282602317
2026-05-06,117.690,117.6900000000,,,282602316.99727833,33259466687.409686657700000000,283000000,284000000,283000000,284000000,282602317,283000000,284000000,283000000,284000000,282602317
2026-05-07,118.650,118.6500000000,,,282602316.99799530,33530764911.812142345000000000,283000000,284000000,283000000,284000000,282602317,283000000,284000000,283000000,284000000,282602317
2026-05-08,115.620,115.6200000000,,,282602316.99856150,32674479891.373680630000000000,283000000,284000000,283000000,284000000,282602317,283000000,284000000,283000000,284000000,282602317
2026-05-11,111.460,111.4600000000,,,282602317.00016180,31498854252.838034228000000000,283000000,284000000,283000000,284000000,282602317,283000000,284000000,283000000,284000000,282602317
2026-05-12,112.900,112.9000000000,,,282602316.99817100,31905801589.093505900000000000,283000000,284000000,283000000,284000000,282602317,283000000,284000000,283000000,284000000,282602317
2026-05-13,112.740,112.7400000000,,,282602316.99838966,31860585218.398450268400000000,283000000,284000000,283000000,284000000,282602317,283000000,284000000,283000000,284000000,282602317
2026-05-14,113.260,113.2600000000,,,282602317.00261670,32007538423.716367442000000000,283000000,284000000,283000000,284000000,282602317,283000000,284000000,283000000,284000000,282602317
2026-05-15,111.700,111.7000000000,,,282602316.99878730,31566678808.764541410000000000,283000000,284000000,283000000,284000000,282602317,283000000,284000000,283000000,284000000,282602317
2026-05-18,112.110,112.1100000000,,,282602316.99775150,31682545758.617920665000000000,283000000,284000000,283000000,284000000,282602317,283000000,284000000,283000000,284000000,282602317
2026-05-19,110.570,110.5700000000,,,282602317.00189480,31247338190.899508036000000000,283000000,284000000,283000000,284000000,282602317,283000000,284000000,283000000,284000000,282602317
2026-05-20,113.780,113.7800000000,,,282602316.99799930,32154491628.032360354000000000,283000000,284000000,283000000,284000000,282602317,283000000,284000000,283000000,284000000,282602317
2026-05-21,114.790,114.7900000000,,,282602317.00206685,32439919968.667253711500000000,283000000,284000000,283000000,284000000,282602317,283000000,284000000,283000000,284000000,282602317
2026-05-22,114.960,114.9600000000,,,282602317.00036520,32487962362.361983392000000000,283000000,284000000,283000000,284000000,282602317,283000000,284000000,283000000,284000000,282602317
2026-05-26,115.080,115.0800000000,,,282602317.00405100,32521874640.826189080000000000,283000000,284000000,283000000,284000000,282602317,283000000,284000000,283000000,284000000,282602317
2026-05-27,115.840,115.8400000000,,,282602317.00017990,32736652401.300839616000000000,283000000,284000000,283000000,284000000,282602317,283000000,284000000,283000000,284000000,282602317
2026-05-28,135.380,135.3800000000,,,282602316.99798920,38258701675.187777896000000000,283000000,284000000,283000000,284000000,282602317,283000000,284000000,283000000,284000000,282602317
2026-05-29,135.530,135.5300000000,,,282602316.99906410,38301092022.883157473000000000,283000000,284000000,283000000,284000000,282602317,283000000,284000000,283000000,284000000,282602317
2026-06-01,135.980,135.9800000000,,,282431944.00194520,38405095745.384508296000000000,282000000,283000000,282000000,283000000,282431944,282000000,283000000,282000000,283000000,282431944
2026-06-02,135.050,135.0500000000,,,282431943.99910384,38142434037.078973592000000000,282000000,283000000,282000000,283000000,282431944,282000000,283000000,282000000,283000000,282431944
2026-06-03,137.400,137.4000000000,,,282431944.00165680,38806149105.827644320000000000,282000000,283000000,282000000,283000000,282431944,282000000,283000000,282000000,283000000,282431944
2026-06-04,138.370,138.3700000000,,,282431944.00033600,39080108091.326492320000000000,282000000,283000000,282000000,283000000,282431944,282000000,283000000,282000000,283000000,282431944
2026-06-05,135.440,135.4400000000,,,282431944.00059180,38252582495.440153392000000000,282000000,283000000,282000000,283000000,282431944,282000000,283000000,282000000,283000000,282431944
2026-06-08,132.690,132.6900000000,,,282431943.99831460,37475894649.136364274000000000,282000000,283000000,282000000,283000000,282431944,282000000,283000000,282000000,283000000,282431944
2026-06-09,135.480,135.4800000000,,,282431943.99640880,38263879772.633464224000000000,282000000,283000000,282000000,283000000,282431944,282000000,283000000,282000000,283000000,282431944
2026-06-10,131.620,131.6200000000,,,282431943.99976250,37173692469.248740250000000000,282000000,283000000,282000000,283000000,282431944,282000000,283000000,282000000,283000000,282431944
2026-06-11,129.550,129.5500000000,,,282431944.00210980,36589058345.473324590000000000,282000000,283000000,282000000,283000000,282431944,282000000,283000000,282000000,283000000,282431944
2026-06-12,129.840,129.8400000000,,,282431943.99752450,36670963608.638581080000000000,282000000,283000000,282000000,283000000,282431944,282000000,283000000,282000000,283000000,282431944
2026-06-15,130.590,130.5900000000,,,282431944.00307500,36882787567.361564250000000000,282000000,283000000,282000000,283000000,282431944,282000000,283000000,282000000,283000000,282431944
2026-06-16,128.340,128.3400000000,,,282431944.00032470,36247315693.001671998000000000,282000000,283000000,282000000,283000000,282431944,282000000,283000000,282000000,283000000,282431944
2026-06-17,124.330,124.3300000000,,,282431943.99607384,35114763597.031860527200000000,282000000,283000000,282000000,283000000,282431944,282000000,283000000,282000000,283000000,282431944
2026-06-18,127.060,127.0600000000,,,282431943.99606990,35885802804.140641494000000000,282000000,283000000,282000000,283000000,282431944,282000000,283000000,282000000,283000000,282431944
2026-06-22,126.490,126.4900000000,,,282431944.00351053,35724816597.004046939700000000,282000000,283000000,282000000,283000000,282431944,282000000,283000000,282000000,283000000,282431944
2026-06-23,126.670,126.6700000000,,,282431944.00237924,35775654346.781378330800000000,282000000,283000000,282000000,283000000,282431944,282000000,283000000,282000000,283000000,282431944
2026-06-24,131.630,131.6300000000,,,282431943.99641340,37176516788.247895842000000000,282000000,283000000,282000000,283000000,282431944,282000000,283000000,282000000,283000000,282431944
2026-06-25,135.510,135.5100000000,,,282431944.00143737,38272352731.634778008700000000,282000000,283000000,282000000,283000000,282431944,282000000,283000000,282000000,283000000,282431944
2026-06-26,136.010,136.0100000000,,,282431944.00101954,38413568703.578667635400000000,282000000,283000000,282000000,283000000,282431944,282000000,283000000,282000000,283000000,282431944
2026-06-29,132.830,132.8300000000,,,282431944.00150860,37515435121.720387338000000000,282000000,283000000,282000000,283000000,282431944,282000000,283000000,282000000,283000000,282431944
2026-06-30,132.830,132.8300000000,,,282431944.00361360,37515435121.999994488000000000,282000000,283000000,282000000,283000000,282431944,282000000,283000000,282000000,283000000,282431944
2026-07-01,133.390,133.3900000000,,,282431943.99880050,37673597009.999998695000000000,282000000,283000000,282000000,283000000,282431944,282000000,283000000,282000000,283000000,282431944
2026-07-02,130.690,130.6900000000,,,282431943.99724540,36911030761.000001326000000000,282000000,283000000,282000000,283000000,282431944,282000000,283000000,282000000,283000000,282431944
2026-07-06,130.600,130.6000000000,,,282431943.99693720,36885611885.999998320000000000,282000000,283000000,282000000,283000000,282431944,282000000,283000000,282000000,283000000,282431944
2026-07-07,131.140,131.1400000000,,,282431943.99877995,37038125136.000002643000000000,282000000,283000000,282000000,283000000,282431944,282000000,283000000,282000000,283000000,282431944
2026-07-08,129.070,129.0700000000,,,282431943.99938020,36453491012.000002414000000000,282000000,283000000,282000000,283000000,282431944,282000000,283000000,282000000,283000000,282431944
2026-07-09,133.590,133.5900000000,,,282431944.00029940,37730083398.999996846000000000,282000000,283000000,282000000,283000000,282431944,282000000,283000000,282000000,283000000,282431944
2026-07-10,134.290,134.2900000000,,,282431944.00178720,37927785760.000003088000000000,282000000,283000000,282000000,283000000,282431944,282000000,283000000,282000000,283000000,282431944
2026-07-13,134.040,134.0400000000,,,282431944.00179050,37857177773.999998620000000000,282000000,283000000,282000000,283000000,282431944,282000000,283000000,282000000,283000000,282431944
2026-07-14,135.200,135.2000000000,,,282431944.00147930,38184798829.000001360000000000,282000000,283000000,282000000,283000000,282431944,282000000,283000000,282000000,283000000,282431944
2026-07-15,134.710,134.7100000000,,,282431943.99821836,38046407175.999995275600000000,282000000,283000000,282000000,283000000,282431944,282000000,283000000,282000000,283000000,282431944
2026-07-16,136.100,136.1000000000,,,282431943.99706100,38438987578.000002100000000000,282000000,283000000,282000000,283000000,282431944,282000000,283000000,282000000,283000000,282431944
2026-07-17,131.460,131.4600000000,,,282431943.99817430,37128503357.999993478000000000,282000000,283000000,282000000,283000000,282431944,282000000,283000000,282000000,283000000,282431944
2026-07-20,130.260,130.2600000000,,,282431943.99662215,36789585025.000001259000000000,282000000,283000000,282000000,283000000,282431944,282000000,283000000,282000000,283000000,282431944
2026-07-21,132.860,132.8600000000,,,282431944.00120425,37523908079.999996655000000000,282000000,283000000,282000000,283000000,282431944,282000000,283000000,282000000,283000000,282431944
2026-07-22,133.460,133.4600000000,,,282431943.99820167,37693367245.999994878200000000,282000000,283000000,282000000,283000000,282431944,282000000,283000000,282000000,283000000,282431944
2026-07-23,139.740,139.7400000000,,,282431944.00314870,39467039854.999999338000000000,282000000,283000000,282000000,283000000,282431944,282000000,283000000,282000000,283000000,282431944
2026-07-24,138.570,138.5700000000,,,282431943.99942267,39136594479.999999381900000000,282000000,283000000,282000000,283000000,282431944,282000000,283000000,282000000,283000000,282431944
