"m_date","m_close","m_close_split_adjusted","s_split_date_numerator","s_split_date_denominator","m_shares_outstanding","c_market_cap","fis_weighted_average_basic_shares_outstanding","fis_weighted_average_diluted_shares_outstanding","fis_adjusted_weighted_average_basic_shares_outstanding","fis_adjusted_weighted_average_diluted_shares_outstanding","fis_adjusted_weighted_average_basic_and_diluted_shares_outstanding","c_normalized_weighted_average_basic_shares_outstanding","c_normalized_weighted_average_diluted_shares_outstanding","c_normalized_adjusted_weighted_average_basic_shares_outstanding","c_normalized_adjusted_weighted_average_diluted_shares_outstanding","c_normalized_adjusted_weighted_average_basic_and_diluted_shares_outstanding"
2014-10-07,15.95,15.95,,,,,,,,,,,,,,
2014-10-16,14.60,14.60,,,,,,,,,,,,,,
2016-11-01,23.00,23.00,,,,,,,,,,,,,,
2016-11-02,22.91,22.91,,,,,,,,,,,,,,
2016-11-03,24.15,24.15,,,,,,,,,,,,,,
2016-11-04,25.20,25.20,,,,,,,,,,,,,,
2016-11-07,25.08,25.08,,,,,,,,,,,,,,
2016-11-08,26.40,26.40,,,,,,,,,,,,,,
2016-11-09,28.72,28.72,,,,,,,,,,,,,,
2016-11-10,29.10,29.10,,,,,,,,,,,,,,
2016-11-11,29.30,29.30,,,,,,,,,,,,,,
2016-11-14,29.62,29.62,,,,,,,,,,,,,,
2016-11-15,30.21,30.21,,,,,,,,,,,,,,
2016-11-16,31.42,31.42,,,,,,,,,,,,,,
2016-11-17,31.85,31.85,,,,,,,,,,,,,,
2016-11-18,30.42,30.42,,,,,,,,,,,,,,
2016-11-21,30.69,30.69,,,,,,,,,,,,,,
2016-11-22,31.34,31.34,,,,,,,,,,,,,,
2016-11-23,31.51,31.51,,,,,,,,,,,,,,
2016-11-25,31.70,31.70,,,182869294.99392010,5796956651.3072671700,,,,,,,,,,
2016-11-28,30.86,30.86,,,182869295.00095300,5643346443.7294095800,,,,,,,,,,
2016-11-29,29.73,29.73,,,182869294.98298928,5436704139.8442712944,,,,,,,,,,
2016-11-30,28.97,28.97,,,182869295.01379517,5297723476.5496460749,,,,,,,,,,
2016-12-01,28.88,28.88,,,182869294.99861800,5281265239.5600878400,182869295,182869295,182869295,182869295,182869295,182869295,182869295,182869295,182869295,182869295
2016-12-02,29.04,29.04,,,182869295.01461184,5310524327.2243278336,182869295,182869295,182869295,182869295,182869295,182869295,182869295,182869295,182869295,182869295
2016-12-05,31.22,31.22,,,182869294.98760274,5709179389.5129575428,182869295,182869295,182869295,182869295,182869295,182869295,182869295,182869295,182869295,182869295
2016-12-06,31.15,31.15,,,182869294.98915964,5696378538.9123227860,182869295,182869295,182869295,182869295,182869295,182869295,182869295,182869295,182869295,182869295
2016-12-07,30.90,30.90,,,182869294.99381366,5650661215.3088420940,182869295,182869295,182869295,182869295,182869295,182869295,182869295,182869295,182869295,182869295
2016-12-08,31.31,31.31,,,182869295.00167730,5725637626.5025162630,182869295,182869295,182869295,182869295,182869295,182869295,182869295,182869295,182869295,182869295
2016-12-09,32.05,32.05,,,182869294.99321637,5860960904.5325846585,182869295,182869295,182869295,182869295,182869295,182869295,182869295,182869295,182869295,182869295
2016-12-12,31.24,31.24,,,182869295.00326120,5712836775.9018798880,182869295,182869295,182869295,182869295,182869295,182869295,182869295,182869295,182869295,182869295
2016-12-13,30.24,30.24,,,182869294.99536318,5529967480.6597825632,182869295,182869295,182869295,182869295,182869295,182869295,182869295,182869295,182869295,182869295
2016-12-14,30.45,30.45,,,182869294.99296337,5568370032.5357346165,182869295,182869295,182869295,182869295,182869295,182869295,182869295,182869295,182869295,182869295
2016-12-15,29.79,29.79,,,182869294.99203180,5447676297.8126273220,182869295,182869295,182869295,182869295,182869295,182869295,182869295,182869295,182869295,182869295
2016-12-16,29.40,29.40,,,182869295.00026795,5376357273.0078777300,182869295,182869295,182869295,182869295,182869295,182869295,182869295,182869295,182869295,182869295
2016-12-19,29.29,29.29,,,182869295.00695670,5356241650.7537617430,182869295,182869295,182869295,182869295,182869295,182869295,182869295,182869295,182869295,182869295
2016-12-20,30.16,30.16,,,182869295.00506702,5515337937.3528213232,182869295,182869295,182869295,182869295,182869295,182869295,182869295,182869295,182869295,182869295
2016-12-21,30.43,30.43,,,182869295.01384085,5564712647.2711770655,182869295,182869295,182869295,182869295,182869295,182869295,182869295,182869295,182869295,182869295
2016-12-22,29.75,29.75,,,182869294.99694613,5440361526.1591473675,182869295,182869295,182869295,182869295,182869295,182869295,182869295,182869295,182869295,182869295
2016-12-23,29.71,29.71,,,182869295.00436600,5433046754.5797138600,182869295,182869295,182869295,182869295,182869295,182869295,182869295,182869295,182869295,182869295
2016-12-27,29.65,29.65,,,182869294.99282664,5422074596.5373098760,182869295,182869295,182869295,182869295,182869295,182869295,182869295,182869295,182869295,182869295
2016-12-28,29.43,29.43,,,182869295.00608492,5381843352.0290791956,182869295,182869295,182869295,182869295,182869295,182869295,182869295,182869295,182869295,182869295
2016-12-29,28.89,28.89,,,182869294.98762083,5283093932.1923657787,182869295,182869295,182869295,182869295,182869295,182869295,182869295,182869295,182869295,182869295
2016-12-30,28.08,28.08,,,182869294.99863473,5134969803.5616632184,182869295,182869295,182869295,182869295,182869295,182869295,182869295,182869295,182869295,182869295
2017-01-03,28.83,28.83,,,182869295.01471832,5272121775.2743291656,182869295,182869295,182869295,182869295,182869295,182869295,182869295,182869295,182869295,182869295
2017-01-04,30.26,30.26,,,182869295.00907660,5533624866.9746579160,182869295,182869295,182869295,182869295,182869295,182869295,182869295,182869295,182869295,182869295
2017-01-05,30.65,30.65,,,182869295.00095952,5604943891.7794092880,182869295,182869295,182869295,182869295,182869295,182869295,182869295,182869295,182869295,182869295
2017-01-06,30.68,30.68,,,182869295.00653880,5610429970.8006103840,182869295,182869295,182869295,182869295,182869295,182869295,182869295,182869295,182869295,182869295
2017-01-09,29.48,29.48,,,182869294.99032697,5390986816.3148390756,182869295,182869295,182869295,182869295,182869295,182869295,182869295,182869295,182869295,182869295
2017-01-10,30.98,30.98,,,182869294.98437065,5665290758.6158027370,182869295,182869295,182869295,182869295,182869295,182869295,182869295,182869295,182869295,182869295
2017-01-11,31.97,31.97,,,182869295.00236540,5846331361.2256218380,182869295,182869295,182869295,182869295,182869295,182869295,182869295,182869295,182869295,182869295
2017-01-12,33.04,33.04,,,182869295.00812218,6042001507.0683568272,182869295,182869295,182869295,182869295,182869295,182869295,182869295,182869295,182869295,182869295
2017-01-13,33.01,33.01,,,182869295.00518635,6036515428.1212014135,182869295,182869295,182869295,182869295,182869295,182869295,182869295,182869295,182869295,182869295
2017-01-17,32.64,32.64,,,182869294.99329072,5968853788.5810091008,182869295,182869295,182869295,182869295,182869295,182869295,182869295,182869295,182869295,182869295
2017-01-18,34.81,34.81,,,182869295.00970060,6365680159.2876778860,182869295,182869295,182869295,182869295,182869295,182869295,182869295,182869295,182869295,182869295
2017-01-19,35.42,35.42,,,182869294.99363935,6477230428.6747057770,182869295,182869295,182869295,182869295,182869295,182869295,182869295,182869295,182869295,182869295
2017-01-20,35.66,35.66,,,182869294.99640664,6521119059.5718607824,182869295,182869295,182869295,182869295,182869295,182869295,182869295,182869295,182869295,182869295
2017-01-23,36.29,36.29,,,182869294.99238816,6636326715.2737663264,182869295,182869295,182869295,182869295,182869295,182869295,182869295,182869295,182869295,182869295
2017-01-24,37.50,37.50,,,182869294.99908975,6857598562.4658656250,182869295,182869295,182869295,182869295,182869295,182869295,182869295,182869295,182869295,182869295
2017-01-25,36.53,36.53,,,182869294.99509776,6680215346.1709211728,182869295,182869295,182869295,182869295,182869295,182869295,182869295,182869295,182869295,182869295
2017-01-26,36.30,36.30,,,182869295.01257202,6638155408.9563643260,182869295,182869295,182869295,182869295,182869295,182869295,182869295,182869295,182869295,182869295
2017-01-27,36.67,36.67,,,182869294.99444336,6705817047.4462380112,182869295,182869295,182869295,182869295,182869295,182869295,182869295,182869295,182869295,182869295
2017-01-30,36.55,36.55,,,182869295.00847727,6683872732.5598442185,182869295,182869295,182869295,182869295,182869295,182869295,182869295,182869295,182869295,182869295
2017-01-31,36.45,36.45,,,182869295.00515792,6665585802.9380061840,182869295,182869295,182869295,182869295,182869295,182869295,182869295,182869295,182869295,182869295
2017-02-01,36.26,36.26,,,182869294.98970250,6630840636.3266126500,182869295,182869295,182869295,182869295,182869295,182869295,182869295,182869295,182869295,182869295
2017-02-02,37.68,37.68,,,182869294.99258533,6890515035.3206152344,182869295,182869295,182869295,182869295,182869295,182869295,182869295,182869295,182869295,182869295
2017-02-03,36.86,36.86,,,182869295.00970250,6740562214.0576341500,182869295,182869295,182869295,182869295,182869295,182869295,182869295,182869295,182869295,182869295
2017-02-06,37.75,37.75,,,182869294.99325293,6903315885.9952981075,182869295,182869295,182869295,182869295,182869295,182869295,182869295,182869295,182869295,182869295
2017-02-07,37.97,37.97,,,182869295.01063597,6943547131.5538477809,182869295,182869295,182869295,182869295,182869295,182869295,182869295,182869295,182869295,182869295
2017-02-08,37.54,37.54,,,182869294.99321517,6864913334.0452974818,182869295,182869295,182869295,182869295,182869295,182869295,182869295,182869295,182869295,182869295
2017-02-09,37.42,37.42,,,182869295.00691885,6842969019.1589033670,182869295,182869295,182869295,182869295,182869295,182869295,182869295,182869295,182869295,182869295
2017-02-10,38.30,38.30,,,182869294.99713424,7003893998.3902413920,182869295,182869295,182869295,182869295,182869295,182869295,182869295,182869295,182869295,182869295
2017-02-13,38.48,38.48,,,182869294.99269855,7036810471.3190402040,182869295,182869295,182869295,182869295,182869295,182869295,182869295,182869295,182869295,182869295
2017-02-14,38.56,38.56,,,182869295.01235268,7051440015.6763193408,182869295,182869295,182869295,182869295,182869295,182869295,182869295,182869295,182869295,182869295
2017-02-15,37.87,37.87,,,182869295.00744680,6925260201.9320103160,182869295,182869295,182869295,182869295,182869295,182869295,182869295,182869295,182869295,182869295
2017-02-16,36.46,36.46,,,182869294.99644232,6667414495.5702869872,182869295,182869295,182869295,182869295,182869295,182869295,182869295,182869295,182869295,182869295
2017-02-17,36.21,36.21,,,182869295.00250906,6621697172.0408530626,182869295,182869295,182869295,182869295,182869295,182869295,182869295,182869295,182869295,182869295
2017-02-21,36.71,36.71,,,182869294.99045813,6713131819.0997179523,182869295,182869295,182869295,182869295,182869295,182869295,182869295,182869295,182869295,182869295
2017-02-22,36.60,36.60,,,182869294.99578150,6693016196.8456029000,182869295,182869295,182869295,182869295,182869295,182869295,182869295,182869295,182869295,182869295
2017-02-23,34.32,34.32,,,182869295.01343500,6276074204.8610892000,182869295,182869295,182869295,182869295,182869295,182869295,182869295,182869295,182869295,182869295
2017-02-24,34.48,34.48,,,182869294.99422750,6305333291.4009642000,182869295,182869295,182869295,182869295,182869295,182869295,182869295,182869295,182869295,182869295
2017-02-27,34.78,34.78,,,182869295.00691557,6360194080.3405235246,182869295,182869295,182869295,182869295,182869295,182869295,182869295,182869295,182869295,182869295
2017-02-28,34.59,34.59,,,182869294.99072358,6325448913.7291286322,182869295,182869295,182869295,182869295,182869295,182869295,182869295,182869295,182869295,182869295
2017-03-01,37.99,37.99,,,184204763.00801770,6997938946.6745924230,182869295,182869295,182869295,182869295,182869295,182869295,182869295,182869295,182869295,182869295
2017-03-02,35.85,35.85,,,184204762.99714348,6603740753.4475937580,182869295,182869295,182869295,182869295,182869295,182869295,182869295,182869295,182869295,182869295
2017-03-03,36.38,36.38,,,184204763.01422465,6701369278.4574927670,182869295,182869295,182869295,182869295,182869295,182869295,182869295,182869295,182869295,182869295
2017-03-06,36.93,36.93,,,184204763.00311708,6802681897.7051137644,182869295,182869295,182869295,182869295,182869295,182869295,182869295,182869295,182869295,182869295
2017-03-07,35.80,35.80,,,184204762.98888952,6594530515.0022448160,182869295,182869295,182869295,182869295,182869295,182869295,182869295,182869295,182869295,182869295
2017-03-08,35.99,35.99,,,184204762.99984240,6629529420.3643279760,182869295,182869295,182869295,182869295,182869295,182869295,182869295,182869295,182869295,182869295
2017-03-09,35.36,35.36,,,184204762.99530685,6513480419.5140502160,182869295,182869295,182869295,182869295,182869295,182869295,182869295,182869295,182869295,182869295
2017-03-10,34.53,34.53,,,184204763.00124407,6360590466.4329577371,182869295,182869295,182869295,182869295,182869295,182869295,182869295,182869295,182869295,182869295
2017-03-13,34.70,34.70,,,184204762.99731216,6391905276.0067319520,182869295,182869295,182869295,182869295,182869295,182869295,182869295,182869295,182869295,182869295
2017-03-14,34.19,34.19,,,184204762.99459326,6297960846.7851435594,182869295,182869295,182869295,182869295,182869295,182869295,182869295,182869295,182869295,182869295
2017-03-15,35.14,35.14,,,184204762.99074918,6472955371.4949261852,183000000,183000000,183000000,183000000,183000000,183000000,183000000,183000000,183000000,183000000
2017-03-16,35.38,35.38,,,184204763.01024193,6517164515.3023594834,183000000,183000000,183000000,183000000,183000000,183000000,183000000,183000000,183000000,183000000
2017-03-17,34.97,34.97,,,184204763.01032898,6441640562.4712044306,183000000,183000000,183000000,183000000,183000000,183000000,183000000,183000000,183000000,183000000
2017-03-20,34.90,34.90,,,184204763.00108340,6428746228.7378106600,183000000,183000000,183000000,183000000,183000000,183000000,183000000,183000000,183000000,183000000
2017-03-21,33.22,33.22,,,184204763.01436996,6119282227.3373700712,183000000,183000000,183000000,183000000,183000000,183000000,183000000,183000000,183000000,183000000
2017-03-22,33.69,33.69,,,184204763.00037410,6205858465.4826034290,183000000,183000000,183000000,183000000,183000000,183000000,183000000,183000000,183000000,183000000
2017-03-23,33.31,33.31,,,184204763.00836850,6135860655.8087547350,183000000,183000000,183000000,183000000,183000000,183000000,183000000,183000000,183000000,183000000
2017-03-24,32.56,32.56,,,184204762.98463553,5997707082.7797328568,183000000,183000000,183000000,183000000,183000000,183000000,183000000,183000000,183000000,183000000
2017-03-27,32.47,32.47,,,184204762.99070984,5981128654.3083485048,183000000,183000000,183000000,183000000,183000000,183000000,183000000,183000000,183000000,183000000
2017-03-28,32.92,32.92,,,184204762.99257568,6064020797.7155913856,183000000,183000000,183000000,183000000,183000000,183000000,183000000,183000000,183000000,183000000
2017-03-29,32.91,32.91,,,184204763.00050426,6062178750.3465951966,183000000,183000000,183000000,183000000,183000000,183000000,183000000,183000000,183000000,183000000
2017-03-30,33.49,33.49,,,184204762.99646235,6169017512.7515241015,183000000,183000000,183000000,183000000,183000000,183000000,183000000,183000000,183000000,183000000
2017-03-31,34.40,34.40,,,184204763.00683928,6336643847.4352712320,183000000,183000000,183000000,183000000,183000000,183000000,183000000,183000000,183000000,183000000
2017-04-03,34.22,34.22,,,184204762.98779030,6303486989.4421840660,183000000,183000000,183000000,183000000,183000000,183000000,183000000,183000000,183000000,183000000
2017-04-04,34.23,34.23,,,184204763.01085300,6305329037.8614981900,183000000,183000000,183000000,183000000,183000000,183000000,183000000,183000000,183000000,183000000
2017-04-05,33.85,33.85,,,184204762.98780885,6235331227.1373295725,183000000,183000000,183000000,183000000,183000000,183000000,183000000,183000000,183000000,183000000
2017-04-06,33.65,33.65,,,184204763.01505405,6198490275.4565687825,183000000,183000000,183000000,183000000,183000000,183000000,183000000,183000000,183000000,183000000
2017-04-07,33.73,33.73,,,184204762.98572900,6213226655.5086391700,183000000,183000000,183000000,183000000,183000000,183000000,183000000,183000000,183000000,183000000
2017-04-10,33.66,33.66,,,184204763.00729543,6200332322.8255641738,183000000,183000000,183000000,183000000,183000000,183000000,183000000,183000000,183000000,183000000
2017-04-11,34.39,34.39,,,184204763.01443080,6334801800.0662752120,183000000,183000000,183000000,183000000,183000000,183000000,183000000,183000000,183000000,183000000
2017-04-12,32.05,32.05,,,184204762.99869570,5903762654.1081971850,183000000,183000000,183000000,183000000,183000000,183000000,183000000,183000000,183000000,183000000
2017-04-13,30.99,30.99,,,184204763.00867980,5708505605.6389870020,183000000,183000000,183000000,183000000,183000000,183000000,183000000,183000000,183000000,183000000
2017-04-17,31.31,31.31,,,184204762.99899364,5767451129.4984908684,183000000,183000000,183000000,183000000,183000000,183000000,183000000,183000000,183000000,183000000
2017-04-18,31.76,31.76,,,184204762.98349120,5850343272.3556805120,183000000,183000000,183000000,183000000,183000000,183000000,183000000,183000000,183000000,183000000
2017-04-19,31.30,31.30,,,184204763.00733210,5765609082.1294947300,183000000,183000000,183000000,183000000,183000000,183000000,183000000,183000000,183000000,183000000
2017-04-20,32.04,32.04,,,184204762.98967382,5901920606.1891491928,183000000,183000000,183000000,183000000,183000000,183000000,183000000,183000000,183000000,183000000
2017-04-21,31.70,31.70,,,184204763.01550960,5839290987.5916543200,183000000,183000000,183000000,183000000,183000000,183000000,183000000,183000000,183000000,183000000
2017-04-24,33.31,33.31,,,184204763.00836850,6135860655.8087547350,183000000,183000000,183000000,183000000,183000000,183000000,183000000,183000000,183000000,183000000
2017-04-25,36.49,36.49,,,184204762.99443322,6721631801.6668681978,183000000,183000000,183000000,183000000,183000000,183000000,183000000,183000000,183000000,183000000
2017-04-26,36.45,36.45,,,184204762.99425423,6714263611.1405666835,183000000,183000000,183000000,183000000,183000000,183000000,183000000,183000000,183000000,183000000
2017-04-27,34.52,34.52,,,184204763.00880540,6358748419.0639624080,183000000,183000000,183000000,183000000,183000000,183000000,183000000,183000000,183000000,183000000
2017-04-28,33.73,33.73,,,184204762.98572900,6213226655.5086391700,183000000,183000000,183000000,183000000,183000000,183000000,183000000,183000000,183000000,183000000
2017-05-01,33.28,33.28,,,184204763.01537606,6130334513.1517152768,183000000,183000000,183000000,183000000,183000000,183000000,183000000,183000000,183000000,183000000
2017-05-02,33.33,33.33,,,184204762.99270165,6139544750.5467459945,183000000,183000000,183000000,183000000,183000000,183000000,183000000,183000000,183000000,183000000
2017-05-03,31.69,31.69,,,184204762.99060710,5837448939.1723389990,183000000,183000000,183000000,183000000,183000000,183000000,183000000,183000000,183000000,183000000
2017-05-04,31.04,31.04,,,184204762.98434332,5717715843.0340166528,183000000,183000000,183000000,183000000,183000000,183000000,183000000,183000000,183000000,183000000
2017-05-05,31.82,31.82,,,184240172.00517568,5862522273.2046901376,183000000,183000000,183000000,183000000,183000000,183000000,183000000,183000000,183000000,183000000
2017-05-08,31.02,31.02,,,184240172.00572902,5715130135.6177142004,183000000,183000000,183000000,183000000,183000000,183000000,183000000,183000000,183000000,183000000
2017-05-09,30.82,30.82,,,184240171.99720553,5678282100.9538744346,183000000,183000000,183000000,183000000,183000000,183000000,183000000,183000000,183000000,183000000
2017-05-10,31.08,31.08,,,184240172.01176032,5726184546.1255107456,184240172,184240172,184240172,184240172,184240172,184240172,184240172,184240172,184240172,184240172
2017-05-11,31.16,31.16,,,184240172.00814366,5740923759.7737564456,184240172,184240172,184240172,184240172,184240172,184240172,184240172,184240172,184240172,184240172
2017-05-12,31.79,31.79,,,184240172.00251100,5856995067.9598246900,184240172,184240172,184240172,184240172,184240172,184240172,184240172,184240172,184240172,184240172
2017-05-15,32.03,32.03,,,184240171.99258910,5901212708.9226288730,184240172,184240172,184240172,184240172,184240172,184240172,184240172,184240172,184240172,184240172
2017-05-16,32.16,32.16,,,184240172.01568946,5925163932.0245730336,184240172,184240172,184240172,184240172,184240172,184240172,184240172,184240172,184240172,184240172
2017-05-17,31.63,31.63,,,184240172.00901887,5827516640.6452668581,184240172,184240172,184240172,184240172,184240172,184240172,184240172,184240172,184240172,184240172
2017-05-18,31.92,31.92,,,184240171.99283993,5880946290.0114505656,184240172,184240172,184240172,184240172,184240172,184240172,184240172,184240172,184240172,184240172
2017-05-19,32.29,32.29,,,184240172.00607616,5949115154.0761992064,184240172,184240172,184240172,184240172,184240172,184240172,184240172,184240172,184240172,184240172
2017-05-22,32.96,32.96,,,184240172.01491347,6072556069.6115479712,184240172,184240172,184240172,184240172,184240172,184240172,184240172,184240172,184240172,184240172
2017-05-23,33.26,33.26,,,184240172.01088846,6127828121.0821501796,184240172,184240172,184240172,184240172,184240172,184240172,184240172,184240172,184240172,184240172
2017-05-24,33.51,33.51,,,184240172.01281320,6173888164.1493703320,184240172,184240172,184240172,184240172,184240172,184240172,184240172,184240172,184240172,184240172
2017-05-25,33.09,33.09,,,184240172.00608164,6096507291.6812414676,184240172,184240172,184240172,184240172,184240172,184240172,184240172,184240172,184240172,184240172
2017-05-26,33.27,33.27,,,184240171.99087010,6129670522.1362482270,184240172,184240172,184240172,184240172,184240172,184240172,184240172,184240172,184240172,184240172
2017-05-30,32.99,32.99,,,184240171.98618250,6078083273.8241606750,184240172,184240172,184240172,184240172,184240172,184240172,184240172,184240172,184240172,184240172
2017-05-31,32.94,32.94,,,184240171.99213058,6068871265.4207813052,184240172,184240172,184240172,184240172,184240172,184240172,184240172,184240172,184240172,184240172
2017-06-01,32.94,32.94,,,184240171.99213058,6068871265.4207813052,184240172,184240172,184240172,184240172,184240172,184240172,184240172,184240172,184240172,184240172
2017-06-02,32.86,32.86,,,184240171.99551234,6054132051.7725354924,184240172,184240172,184240172,184240172,184240172,184240172,184240172,184240172,184240172,184240172
2017-06-05,33.32,33.32,,,184240171.98498282,6138882530.5396275624,184240172,184240172,184240172,184240172,184240172,184240172,184240172,184240172,184240172,184240172
2017-06-06,32.94,32.94,,,184240171.99213058,6068871265.4207813052,184240172,184240172,184240172,184240172,184240172,184240172,184240172,184240172,184240172,184240172
2017-06-07,32.82,32.82,,,184240172.01266015,6046762445.4555061230,184240172,184240172,184240172,184240172,184240172,184240172,184240172,184240172,184240172,184240172
2017-06-08,33.50,33.50,,,184240172.00134190,6172045762.0449536500,184240172,184240172,184240172,184240172,184240172,184240172,184240172,184240172,184240172,184240172
2017-06-09,33.01,33.01,,,184240172.00893453,6081768078.0149288353,184240172,184240172,184240172,184240172,184240172,184240172,184240172,184240172,184240172,184240172
2017-06-12,31.78,31.78,,,184240171.99041560,5855152665.8554077680,184240172,184240172,184240172,184240172,184240172,184240172,184240172,184240172,184240172,184240172
2017-06-13,32.48,32.48,,,184240172.00232830,5984120786.6356231840,184240172,184240172,184240172,184240172,184240172,184240172,184240172,184240172,184240172,184240172
2017-06-14,31.54,31.54,,,184240172.00039962,5810935024.8926040148,184240172,184240172,184240172,184240172,184240172,184240172,184240172,184240172,184240172,184240172
2017-06-15,30.74,30.74,,,184240172.00083370,5663542887.3056279380,184240172,184240172,184240172,184240172,184240172,184240172,184240172,184240172,184240172,184240172
2017-06-16,30.00,30.00,,,184240172.00694612,5527205160.2083836000,184240172,184240172,184240172,184240172,184240172,184240172,184240172,184240172,184240172,184240172
2017-06-19,30.89,30.89,,,184240172.01573610,5691178913.5660881290,184240172,184240172,184240172,184240172,184240172,184240172,184240172,184240172,184240172,184240172
2017-06-20,30.45,30.45,,,184240171.98322250,5610113236.8891251250,184240172,184240172,184240172,184240172,184240172,184240172,184240172,184240172,184240172,184240172
2017-06-21,29.69,29.69,,,184240171.99903774,5470090706.6514305006,184240172,184240172,184240172,184240172,184240172,184240172,184240172,184240172,184240172,184240172
2017-06-22,29.80,29.80,,,184240171.99874526,5490357125.5626087480,184240172,184240172,184240172,184240172,184240172,184240172,184240172,184240172,184240172,184240172
2017-06-23,31.09,31.09,,,184240171.99033800,5728026947.1796084200,184240172,184240172,184240172,184240172,184240172,184240172,184240172,184240172,184240172,184240172
2017-06-26,31.18,31.18,,,184240171.99911070,5744608562.9322716260,184240172,184240172,184240172,184240172,184240172,184240172,184240172,184240172,184240172,184240172
2017-06-27,31.63,31.63,,,184240172.00901887,5827516640.6452668581,184240172,184240172,184240172,184240172,184240172,184240172,184240172,184240172,184240172,184240172
2017-06-28,32.95,32.95,,,184240172.00379962,6070713667.5251974790,184240172,184240172,184240172,184240172,184240172,184240172,184240172,184240172,184240172,184240172
2017-06-29,33.18,33.18,,,184240172.01428282,6113088907.4339039676,184240172,184240172,184240172,184240172,184240172,184240172,184240172,184240172,184240172,184240172
2017-06-30,32.65,32.65,,,184240172.00779778,6015441616.0545975170,184240172,184240172,184240172,184240172,184240172,184240172,184240172,184240172,184240172,184240172
2017-07-03,34.02,34.02,,,184240171.99646807,6267850651.3198437414,184240172,184240172,184240172,184240172,184240172,184240172,184240172,184240172,184240172,184240172
2017-07-05,33.77,33.77,,,184240171.99445137,6221790608.2526227649,184240172,184240172,184240172,184240172,184240172,184240172,184240172,184240172,184240172,184240172
2017-07-06,33.89,33.89,,,184240172.00555378,6243899429.2682176042,184240172,184240172,184240172,184240172,184240172,184240172,184240172,184240172,184240172,184240172
2017-07-07,34.19,34.19,,,184240172.00172034,6299171480.7388184246,184240172,184240172,184240172,184240172,184240172,184240172,184240172,184240172,184240172,184240172
2017-07-10,34.14,34.14,,,184240172.00748208,6289959472.3354382112,184240172,184240172,184240172,184240172,184240172,184240172,184240172,184240172,184240172,184240172
2017-07-11,35.00,35.00,,,184240172.01229173,6448406020.4302105500,184240172,184240172,184240172,184240172,184240172,184240172,184240172,184240172,184240172,184240172
2017-07-12,34.60,34.60,,,184240171.99718297,6374709951.1025307620,184240172,184240172,184240172,184240172,184240172,184240172,184240172,184240172,184240172,184240172
2017-07-13,36.01,36.01,,,184240172.00042003,6634488593.7351252803,184240172,184240172,184240172,184240172,184240172,184240172,184240172,184240172,184240172,184240172
2017-07-14,36.32,36.32,,,184240172.00694042,6691603047.2920760544,184240172,184240172,184240172,184240172,184240172,184240172,184240172,184240172,184240172,184240172
2017-07-17,36.40,36.40,,,184240172.00385502,6706342260.9403227280,184240172,184240172,184240172,184240172,184240172,184240172,184240172,184240172,184240172,184240172
2017-07-18,36.43,36.43,,,184240172.00667730,6711869466.2032540390,184240172,184240172,184240172,184240172,184240172,184240172,184240172,184240172,184240172,184240172
2017-07-19,36.50,36.50,,,184240171.99307080,6724766277.7470842000,184240172,184240172,184240172,184240172,184240172,184240172,184240172,184240172,184240172,184240172
2017-07-20,36.72,36.72,,,184240171.99263176,6765299115.5694382272,184240172,184240172,184240172,184240172,184240172,184240172,184240172,184240172,184240172,184240172
2017-07-21,36.62,36.62,,,184240172.00335000,6746875098.7626770000,184240172,184240172,184240172,184240172,184240172,184240172,184240172,184240172,184240172,184240172
2017-07-24,36.69,36.69,,,184240171.98982033,6759771910.3065079077,184240172,184240172,184240172,184240172,184240172,184240172,184240172,184240172,184240172,184240172
2017-07-25,37.30,37.30,,,184240171.99335456,6872158415.3521250880,184240172,184240172,184240172,184240172,184240172,184240172,184240172,184240172,184240172,184240172
2017-07-26,36.63,36.63,,,184240172.01384366,6748717500.8670932658,184240172,184240172,184240172,184240172,184240172,184240172,184240172,184240172,184240172,184240172
2017-07-27,36.36,36.36,,,184240171.99095273,6698972653.5910412628,184240172,184240172,184240172,184240172,184240172,184240172,184240172,184240172,184240172,184240172
2017-07-28,35.64,35.64,,,184339532.01346198,6569860920.9597849672,184240172,184240172,184240172,184240172,184240172,184240172,184240172,184240172,184240172,184240172
2017-07-31,36.40,36.40,,,184339532.00293165,6709958964.9067120600,184240172,184240172,184240172,184240172,184240172,184240172,184240172,184240172,184240172,184240172
2017-08-01,36.38,36.38,,,184339532.00470018,6706272174.3309925484,184240172,184240172,184240172,184240172,184240172,184240172,184240172,184240172,184240172,184240172
2017-08-02,37.28,37.28,,,184339532.00540936,6872177753.1616609408,184240172,184240172,184240172,184240172,184240172,184240172,184240172,184240172,184240172,184240172
2017-08-03,37.09,37.09,,,184339531.98671314,6837153241.3871903626,184339532,184339532,184339532,184339532,184339532,184339532,184339532,184339532,184339532,184339532
2017-08-04,37.42,37.42,,,184339531.98811024,6897985286.9950851808,184339532,184339532,184339532,184339532,184339532,184339532,184339532,184339532,184339532,184339532
2017-08-07,37.99,37.99,,,184339531.98783523,7003058820.2178603877,184339532,184339532,184339532,184339532,184339532,184339532,184339532,184339532,184339532,184339532
2017-08-08,39.58,39.58,,,184339532.00048828,7296158676.5793261224,184339532,184339532,184339532,184339532,184339532,184339532,184339532,184339532,184339532,184339532
2017-08-09,38.62,38.62,,,184339532.00724510,7119192726.1198057620,184339532,184339532,184339532,184339532,184339532,184339532,184339532,184339532,184339532,184339532
2017-08-10,37.78,37.78,,,184339531.99888796,6964347518.9179871288,184339532,184339532,184339532,184339532,184339532,184339532,184339532,184339532,184339532,184339532
2017-08-11,37.78,37.78,,,184339531.99888796,6964347518.9179871288,184339532,184339532,184339532,184339532,184339532,184339532,184339532,184339532,184339532,184339532
2017-08-14,37.19,37.19,,,184339532.00238365,6855587195.1686479435,184339532,184339532,184339532,184339532,184339532,184339532,184339532,184339532,184339532,184339532
2017-08-15,37.50,37.50,,,184339532.00666603,6912732450.2499761250,184339532,184339532,184339532,184339532,184339532,184339532,184339532,184339532,184339532,184339532
2017-08-16,39.23,39.23,,,184339532.00216330,7231639840.4448662590,184339532,184339532,184339532,184339532,184339532,184339532,184339532,184339532,184339532,184339532
2017-08-17,37.80,37.80,,,184339531.99718803,6968034309.4937075340,184339532,184339532,184339532,184339532,184339532,184339532,184339532,184339532,184339532,184339532
2017-08-18,37.76,37.76,,,184339532.00189146,6960660728.3914215296,184339532,184339532,184339532,184339532,184339532,184339532,184339532,184339532,184339532,184339532
2017-08-21,38.47,38.47,,,184339532.01190376,7091541796.4979376472,184339532,184339532,184339532,184339532,184339532,184339532,184339532,184339532,184339532,184339532
2017-08-22,39.77,39.77,,,184339531.99153830,7331183187.3034781910,184339532,184339532,184339532,184339532,184339532,184339532,184339532,184339532,184339532,184339532
2017-08-23,41.06,41.06,,,184339532.01220682,7568981184.4212120292,184339532,184339532,184339532,184339532,184339532,184339532,184339532,184339532,184339532,184339532
2017-08-24,41.34,41.34,,,184339532.00625008,7620596253.1383783072,184339532,184339532,184339532,184339532,184339532,184339532,184339532,184339532,184339532,184339532
2017-08-25,41.21,41.21,,,184339532.00783980,7596632114.0430781580,184339532,184339532,184339532,184339532,184339532,184339532,184339532,184339532,184339532,184339532
2017-08-28,42.17,42.17,,,184339532.00148442,7773598064.5025979914,184339532,184339532,184339532,184339532,184339532,184339532,184339532,184339532,184339532,184339532
2017-08-29,43.00,43.00,,,184339531.99804592,7926599875.9159745600,184339532,184339532,184339532,184339532,184339532,184339532,184339532,184339532,184339532,184339532
2017-08-30,43.09,43.09,,,184339532.00067276,7943190433.9089892284,184339532,184339532,184339532,184339532,184339532,184339532,184339532,184339532,184339532,184339532
2017-08-31,43.88,43.88,,,184339532.00024894,8088818664.1709234872,184339532,184339532,184339532,184339532,184339532,184339532,184339532,184339532,184339532,184339532
2017-09-01,45.04,45.04,,,184339531.99695912,8302652521.1430387648,184339532,184339532,184339532,184339532,184339532,184339532,184339532,184339532,184339532,184339532
2017-09-05,44.42,44.42,,,184339531.99075946,8188362011.0295352132,184339532,184339532,184339532,184339532,184339532,184339532,184339532,184339532,184339532,184339532
2017-09-06,44.43,44.43,,,184339532.00241128,8190205406.8671331704,184339532,184339532,184339532,184339532,184339532,184339532,184339532,184339532,184339532,184339532
2017-09-07,44.73,44.73,,,184339531.99443024,8245507266.1108646352,184339532,184339532,184339532,184339532,184339532,184339532,184339532,184339532,184339532,184339532
2017-09-08,42.61,42.61,,,184339532.00258327,7854707458.6300731347,184339532,184339532,184339532,184339532,184339532,184339532,184339532,184339532,184339532,184339532
2017-09-11,43.60,43.60,,,184339532.00582010,8037203595.4537563600,184339532,184339532,184339532,184339532,184339532,184339532,184339532,184339532,184339532,184339532
2017-09-12,45.00,45.00,,,184339532.00090563,8295278940.0407533500,184339532,184339532,184339532,184339532,184339532,184339532,184339532,184339532,184339532,184339532
2017-09-13,44.91,44.91,,,184339531.99948550,8278688382.0968938050,184339532,184339532,184339532,184339532,184339532,184339532,184339532,184339532,184339532,184339532
2017-09-14,44.80,44.80,,,184339531.99839640,8258411033.5281587200,184339532,184339532,184339532,184339532,184339532,184339532,184339532,184339532,184339532,184339532
2017-09-15,44.65,44.65,,,184339532.00238058,8230760103.9062928970,184339532,184339532,184339532,184339532,184339532,184339532,184339532,184339532,184339532,184339532
2017-09-18,44.91,44.91,,,184339531.99948550,8278688382.0968938050,184339532,184339532,184339532,184339532,184339532,184339532,184339532,184339532,184339532,184339532
2017-09-19,46.20,46.20,,,184339531.99489847,8516486378.1643093140,184339532,184339532,184339532,184339532,184339532,184339532,184339532,184339532,184339532,184339532
2017-09-20,47.50,47.50,,,184339532.00042453,8756127770.0201651750,184339532,184339532,184339532,184339532,184339532,184339532,184339532,184339532,184339532,184339532
2017-09-21,46.25,46.25,,,184339532.00118998,8525703355.0550365750,184339532,184339532,184339532,184339532,184339532,184339532,184339532,184339532,184339532,184339532
2017-09-22,45.38,45.38,,,184339532.00835997,8365327962.5393754386,184339532,184339532,184339532,184339532,184339532,184339532,184339532,184339532,184339532,184339532
2017-09-25,45.29,45.29,,,184339532.00696656,8348737404.5955155024,184339532,184339532,184339532,184339532,184339532,184339532,184339532,184339532,184339532,184339532
2017-09-26,44.74,44.74,,,184339532.00490180,8247350661.8993065320,184339532,184339532,184339532,184339532,184339532,184339532,184339532,184339532,184339532,184339532
2017-09-27,45.07,45.07,,,184339532.00592858,8308182707.5072011006,184339532,184339532,184339532,184339532,184339532,184339532,184339532,184339532,184339532,184339532
2017-09-28,46.08,46.08,,,184339532.00645510,8494365634.8574510080,184339532,184339532,184339532,184339532,184339532,184339532,184339532,184339532,184339532,184339532
2017-09-29,46.62,46.62,,,184339531.99734154,8593908981.7160625948,184339532,184339532,184339532,184339532,184339532,184339532,184339532,184339532,184339532,184339532
2017-10-02,47.65,47.65,,,184339531.99668485,8783778699.6420331025,184339532,184339532,184339532,184339532,184339532,184339532,184339532,184339532,184339532,184339532
2017-10-03,48.31,48.31,,,184339531.99871290,8905442790.8578201990,184339532,184339532,184339532,184339532,184339532,184339532,184339532,184339532,184339532,184339532
2017-10-04,47.91,47.91,,,184339531.99297595,8831706977.7834777645,184339532,184339532,184339532,184339532,184339532,184339532,184339532,184339532,184339532,184339532
2017-10-05,48.25,48.25,,,184339532.00372672,8894382419.1798142400,184339532,184339532,184339532,184339532,184339532,184339532,184339532,184339532,184339532,184339532
2017-10-06,47.49,47.49,,,184339531.99056062,8754284374.2317238438,184339532,184339532,184339532,184339532,184339532,184339532,184339532,184339532,184339532,184339532
2017-10-09,47.07,47.07,,,184339532.00937188,8676861771.6811343916,184339532,184339532,184339532,184339532,184339532,184339532,184339532,184339532,184339532,184339532
2017-10-10,46.89,46.89,,,184339532.00458744,8643680655.6951050616,184339532,184339532,184339532,184339532,184339532,184339532,184339532,184339532,184339532,184339532
2017-10-11,46.94,46.94,,,184339532.01077616,8652897632.5858329504,184339532,184339532,184339532,184339532,184339532,184339532,184339532,184339532,184339532,184339532
2017-10-12,47.53,47.53,,,184339532.00789344,8761657956.3351752032,184339532,184339532,184339532,184339532,184339532,184339532,184339532,184339532,184339532,184339532
2017-10-13,47.71,47.71,,,184339531.99058652,8794839071.2708828692,184339532,184339532,184339532,184339532,184339532,184339532,184339532,184339532,184339532,184339532
2017-10-16,48.24,48.24,,,184339531.99401686,8892539023.3913733264,184339532,184339532,184339532,184339532,184339532,184339532,184339532,184339532,184339532,184339532
2017-10-17,47.77,47.77,,,184339532.00649056,8805899443.9500540512,184339532,184339532,184339532,184339532,184339532,184339532,184339532,184339532,184339532,184339532
2017-10-18,47.75,47.75,,,184339532.00886884,8802212653.4234871100,184339532,184339532,184339532,184339532,184339532,184339532,184339532,184339532,184339532,184339532
2017-10-19,46.54,46.54,,,184339532.00603017,8579161819.5606441118,184339532,184339532,184339532,184339532,184339532,184339532,184339532,184339532,184339532,184339532
2017-10-20,47.93,47.93,,,185022928.99123020,8868148986.5496634860,184339532,184339532,184339532,184339532,184339532,184339532,184339532,184339532,184339532,184339532
2017-10-23,47.93,47.93,,,185022928.99123020,8868148986.5496634860,184339532,184339532,184339532,184339532,184339532,184339532,184339532,184339532,184339532,184339532
2017-10-24,50.08,50.08,,,185022928.99867454,9265948284.2536209632,184339532,184339532,184339532,184339532,184339532,184339532,184339532,184339532,184339532,184339532
2017-10-25,49.52,49.52,,,185022928.99320433,9162335443.7434784216,184339532,184339532,184339532,184339532,184339532,184339532,184339532,184339532,184339532,184339532
2017-10-26,49.15,49.15,,,185022928.99073198,9093876959.8944768170,184339532,184339532,184339532,184339532,184339532,184339532,184339532,184339532,184339532,184339532
2017-10-27,47.91,47.91,,,185022928.98999664,8864448527.9107390224,185022929,185022929,185022929,185022929,185022929,185022929,185022929,185022929,185022929,185022929
2017-10-30,47.42,47.42,,,185022928.99827677,8773787293.0982844334,185022929,185022929,185022929,185022929,185022929,185022929,185022929,185022929,185022929,185022929
2017-10-31,47.78,47.78,,,185022928.99694446,8840395547.4740062988,185022929,185022929,185022929,185022929,185022929,185022929,185022929,185022929,185022929,185022929
2017-11-01,47.70,47.70,,,185022929.00111857,8825593713.3533557890,185022929,185022929,185022929,185022929,185022929,185022929,185022929,185022929,185022929,185022929
2017-11-02,47.46,47.46,,,185022929.00724334,8781188210.6837689164,185022929,185022929,185022929,185022929,185022929,185022929,185022929,185022929,185022929,185022929
2017-11-03,47.12,47.12,,,185022929.00991026,8718280414.9469714512,185022929,185022929,185022929,185022929,185022929,185022929,185022929,185022929,185022929,185022929
2017-11-06,47.29,47.29,,,185022928.98961452,8749734311.9188706508,185022929,185022929,185022929,185022929,185022929,185022929,185022929,185022929,185022929,185022929
2017-11-07,46.97,46.97,,,185022928.99342126,8690526974.8209965822,185022929,185022929,185022929,185022929,185022929,185022929,185022929,185022929,185022929,185022929
2017-11-08,45.89,45.89,,,185022928.99076480,8490702211.3861966720,185022929,185022929,185022929,185022929,185022929,185022929,185022929,185022929,185022929,185022929
2017-11-09,43.33,43.33,,,185022929.01086435,8017043514.0407522855,185022929,185022929,185022929,185022929,185022929,185022929,185022929,185022929,185022929,185022929
2017-11-10,43.01,43.01,,,185022928.99791205,7957836176.2001972705,185022929,185022929,185022929,185022929,185022929,185022929,185022929,185022929,185022929,185022929
2017-11-13,43.13,43.13,,,185022929.01029378,7980038928.2139707314,185022929,185022929,185022929,185022929,185022929,185022929,185022929,185022929,185022929,185022929
2017-11-14,41.87,41.87,,,185022929.00128186,7746910037.2836714782,185022929,185022929,185022929,185022929,185022929,185022929,185022929,185022929,185022929,185022929
2017-11-15,42.21,42.21,,,185022928.99835270,7809817833.0204674670,185022929,185022929,185022929,185022929,185022929,185022929,185022929,185022929,185022929,185022929
2017-11-16,42.30,42.30,,,185022928.99797633,7826469896.6143987590,185022929,185022929,185022929,185022929,185022929,185022929,185022929,185022929,185022929,185022929
2017-11-17,43.40,43.40,,,185022929.00911890,8029995118.9957602600,185022929,185022929,185022929,185022929,185022929,185022929,185022929,185022929,185022929,185022929
2017-11-20,42.21,42.21,,,185022928.99835270,7809817833.0204674670,185022929,185022929,185022929,185022929,185022929,185022929,185022929,185022929,185022929,185022929
2017-11-21,41.39,41.39,,,185022928.98995358,7658099030.8941786762,185022929,185022929,185022929,185022929,185022929,185022929,185022929,185022929,185022929,185022929
2017-11-22,42.64,42.64,,,185022928.99510312,7889377692.3511970368,185022929,185022929,185022929,185022929,185022929,185022929,185022929,185022929,185022929,185022929
2017-11-24,42.21,42.21,,,185022928.99835270,7809817833.0204674670,185022929,185022929,185022929,185022929,185022929,185022929,185022929,185022929,185022929,185022929
2017-11-27,42.04,42.04,,,185022928.99615250,7778363934.9982511000,185022929,185022929,185022929,185022929,185022929,185022929,185022929,185022929,185022929,185022929
2017-11-28,43.30,43.30,,,185022929.00527826,8011492825.9285486580,185022929,185022929,185022929,185022929,185022929,185022929,185022929,185022929,185022929,185022929
2017-11-29,41.24,41.24,,,185022928.99656940,7630345591.8185220560,185022929,185022929,185022929,185022929,185022929,185022929,185022929,185022929,185022929,185022929
2017-11-30,41.51,41.51,,,185022929.00284153,7680301782.9079519103,185022929,185022929,185022929,185022929,185022929,185022929,185022929,185022929,185022929,185022929
2017-12-01,41.64,41.64,,,185022928.98744106,7704354763.0370457384,185022929,185022929,185022929,185022929,185022929,185022929,185022929,185022929,185022929,185022929
2017-12-04,41.79,41.79,,,185022929.00605460,7732108203.1630217340,185022929,185022929,185022929,185022929,185022929,185022929,185022929,185022929,185022929,185022929
2017-12-05,41.18,41.18,,,185022929.00283620,7619244216.3367947160,185022929,185022929,185022929,185022929,185022929,185022929,185022929,185022929,185022929,185022929
2017-12-06,41.31,41.31,,,185022928.99475986,7643297196.7735298166,185022929,185022929,185022929,185022929,185022929,185022929,185022929,185022929,185022929,185022929
2017-12-07,40.60,40.60,,,185022928.99477170,7511930917.1877310200,185022929,185022929,185022929,185022929,185022929,185022929,185022929,185022929,185022929,185022929
2017-12-08,41.40,41.40,,,185022928.99438307,7659949260.3674590980,185022929,185022929,185022929,185022929,185022929,185022929,185022929,185022929,185022929,185022929
2017-12-11,42.24,42.24,,,185022929.00408790,7815368521.1326728960,185022929,185022929,185022929,185022929,185022929,185022929,185022929,185022929,185022929,185022929
2017-12-12,42.40,42.40,,,185022929.00192478,7844972189.6816106720,185022929,185022929,185022929,185022929,185022929,185022929,185022929,185022929,185022929,185022929
2017-12-13,41.86,41.86,,,185022928.99690375,7745059807.8103909750,185022929,185022929,185022929,185022929,185022929,185022929,185022929,185022929,185022929,185022929
2017-12-14,42.35,42.35,,,185022929.01235333,7835721043.6731635255,185022929,185022929,185022929,185022929,185022929,185022929,185022929,185022929,185022929,185022929
2017-12-15,42.61,42.61,,,185022928.98941544,7883827004.2389918984,185022929,185022929,185022929,185022929,185022929,185022929,185022929,185022929,185022929,185022929
2017-12-18,44.57,44.57,,,185022928.99443144,8246471945.2818092808,185022929,185022929,185022929,185022929,185022929,185022929,185022929,185022929,185022929,185022929
2017-12-19,46.52,46.52,,,185022928.99508482,8607266656.8513458264,185022929,185022929,185022929,185022929,185022929,185022929,185022929,185022929,185022929,185022929
2017-12-20,49.26,49.26,,,185022928.99162260,9114229482.1273292760,185022929,185022929,185022929,185022929,185022929,185022929,185022929,185022929,185022929,185022929
2017-12-21,48.99,48.99,,,185022928.99256050,9064273291.3455388950,185022929,185022929,185022929,185022929,185022929,185022929,185022929,185022929,185022929,185022929
2017-12-22,49.99,49.99,,,185022928.99899358,9249296220.6596890642,185022929,185022929,185022929,185022929,185022929,185022929,185022929,185022929,185022929,185022929
2017-12-26,50.38,50.38,,,185022929.00863937,9321455163.4552514606,185022929,185022929,185022929,185022929,185022929,185022929,185022929,185022929,185022929,185022929
2017-12-27,51.84,51.84,,,185022928.99618086,9591588639.1620157824,185022929,185022929,185022929,185022929,185022929,185022929,185022929,185022929,185022929,185022929
2017-12-28,54.14,54.14,,,185022928.99781360,10017141375.9416283040,185022929,185022929,185022929,185022929,185022929,185022929,185022929,185022929,185022929,185022929
2017-12-29,53.87,53.87,,,185022928.99869758,9967185185.1598386346,185022929,185022929,185022929,185022929,185022929,185022929,185022929,185022929,185022929,185022929
2018-01-02,55.17,55.17,,,185022928.99447712,10207714992.6253027104,185022929,185022929,185022929,185022929,185022929,185022929,185022929,185022929,185022929,185022929
2018-01-03,54.50,54.50,,,185022929.00229335,10083749630.6249875750,185022929,185022929,185022929,185022929,185022929,185022929,185022929,185022929,185022929,185022929
2018-01-04,54.70,54.70,,,185022929.00839870,10120754216.7594088900,185022929,185022929,185022929,185022929,185022929,185022929,185022929,185022929,185022929,185022929
2018-01-05,54.09,54.09,,,185022929.00597492,10007890229.9331834228,185022929,185022929,185022929,185022929,185022929,185022929,185022929,185022929,185022929,185022929
2018-01-08,55.00,55.00,,,185022928.99278337,10176261094.6030853500,185022929,185022929,185022929,185022929,185022929,185022929,185022929,185022929,185022929,185022929
2018-01-09,54.20,54.20,,,185022928.99305084,10028242751.4233555280,185022929,185022929,185022929,185022929,185022929,185022929,185022929,185022929,185022929,185022929
2018-01-10,56.17,56.17,,,185022929.00016830,10392737921.9394534110,185022929,185022929,185022929,185022929,185022929,185022929,185022929,185022929,185022929,185022929
2018-01-11,56.91,56.91,,,185022929.00434820,10529654889.6374560620,185022929,185022929,185022929,185022929,185022929,185022929,185022929,185022929,185022929,185022929
2018-01-12,56.76,56.76,,,185022929.00919306,10501901450.5617980856,185022929,185022929,185022929,185022929,185022929,185022929,185022929,185022929,185022929,185022929
2018-01-16,56.24,56.24,,,185022928.99336457,10405689526.5868234168,185022929,185022929,185022929,185022929,185022929,185022929,185022929,185022929,185022929,185022929
2018-01-17,56.99,56.99,,,185022929.00624220,10544456724.0657429780,185022929,185022929,185022929,185022929,185022929,185022929,185022929,185022929,185022929,185022929
2018-01-18,53.00,53.00,,,185022929.00047362,9806215237.0251018600,185022929,185022929,185022929,185022929,185022929,185022929,185022929,185022929,185022929,185022929
2018-01-19,53.10,53.10,,,185022929.00362173,9824717530.0923138630,185022929,185022929,185022929,185022929,185022929,185022929,185022929,185022929,185022929,185022929
2018-01-22,52.94,52.94,,,185022929.00535280,9795113861.5433772320,185022929,185022929,185022929,185022929,185022929,185022929,185022929,185022929,185022929,185022929
2018-01-23,52.49,52.49,,,185022929.00692943,9711853543.5737257807,185022929,185022929,185022929,185022929,185022929,185022929,185022929,185022929,185022929,185022929
2018-01-24,53.30,53.30,,,185022928.99017668,9861722115.1764170440,185022929,185022929,185022929,185022929,185022929,185022929,185022929,185022929,185022929,185022929
2018-01-25,53.11,53.11,,,185022929.00707200,9826567759.5655939200,185022929,185022929,185022929,185022929,185022929,185022929,185022929,185022929,185022929,185022929
2018-01-26,54.00,54.00,,,185022929.00628248,9991238166.3392539200,185022929,185022929,185022929,185022929,185022929,185022929,185022929,185022929,185022929,185022929
2018-01-29,54.49,54.49,,,185022928.99893022,10081899401.1517076878,185022929,185022929,185022929,185022929,185022929,185022929,185022929,185022929,185022929,185022929
2018-01-30,52.52,52.52,,,185022928.99153864,9717404230.6356093728,185022929,185022929,185022929,185022929,185022929,185022929,185022929,185022929,185022929,185022929
2018-01-31,52.02,52.02,,,185022929.00149010,9624892766.6575150020,185022929,185022929,185022929,185022929,185022929,185022929,185022929,185022929,185022929,185022929
2018-02-01,52.42,52.42,,,185022929.00836927,9698901938.6187171334,185022929,185022929,185022929,185022929,185022929,185022929,185022929,185022929,185022929,185022929
2018-02-02,49.09,49.09,,,185022928.99598187,9082775584.4127499983,185022929,185022929,185022929,185022929,185022929,185022929,185022929,185022929,185022929,185022929
2018-02-05,48.46,48.46,,,185022928.99190265,8966211138.9476024190,185022929,185022929,185022929,185022929,185022929,185022929,185022929,185022929,185022929,185022929
2018-02-06,49.43,49.43,,,185022928.99351704,9145683380.1495472872,185022929,185022929,185022929,185022929,185022929,185022929,185022929,185022929,185022929,185022929
2018-02-07,47.70,47.70,,,185022929.00111857,8825593713.3533557890,185022929,185022929,185022929,185022929,185022929,185022929,185022929,185022929,185022929,185022929
2018-02-08,45.98,45.98,,,185022928.99043337,8507354274.9801263526,185022929,185022929,185022929,185022929,185022929,185022929,185022929,185022929,185022929,185022929
2018-02-09,45.92,45.92,,,185022928.99604530,8496252899.4984001760,185022929,185022929,185022929,185022929,185022929,185022929,185022929,185022929,185022929,185022929
2018-02-12,46.65,46.65,,,185022929.00387480,8631319638.0307594200,185022929,185022929,185022929,185022929,185022929,185022929,185022929,185022929,185022929,185022929
2018-02-13,47.30,47.30,,,185022929.00919306,8751584542.1348317380,185022929,185022929,185022929,185022929,185022929,185022929,185022929,185022929,185022929,185022929
2018-02-14,48.54,48.54,,,185022929.00944725,8981012974.1185695150,185022929,185022929,185022929,185022929,185022929,185022929,185022929,185022929,185022929,185022929
2018-02-15,47.57,47.57,,,185022928.99251510,8801540732.1739433070,185022929,185022929,185022929,185022929,185022929,185022929,185022929,185022929,185022929,185022929
2018-02-16,47.36,47.36,,,185022929.00372803,8762685917.6165595008,185022929,185022929,185022929,185022929,185022929,185022929,185022929,185022929,185022929,185022929
2018-02-20,48.07,48.07,,,186175615.99926585,8949461861.0847094095,185022929,185022929,185022929,185022929,185022929,185022929,185022929,185022929,185022929,185022929
2018-02-21,47.55,47.55,,,186175616.00989574,8852650541.2705424370,185022929,185022929,185022929,185022929,185022929,185022929,185022929,185022929,185022929,185022929
2018-02-22,48.01,48.01,,,186175616.00441045,8938291324.3717457045,185022929,185022929,185022929,185022929,185022929,185022929,185022929,185022929,185022929,185022929
2018-02-23,46.70,46.70,,,186175616.01072360,8694401267.7007921200,184000000,184000000,184000000,184000000,184000000,184000000,184000000,184000000,184000000,184000000
2018-02-26,46.68,46.68,,,186175616.00406808,8690677755.0698979744,184000000,184000000,184000000,184000000,184000000,184000000,184000000,184000000,184000000,184000000
2018-02-27,46.22,46.22,,,186175615.99974550,8605036971.5082370100,184000000,184000000,184000000,184000000,184000000,184000000,184000000,184000000,184000000,184000000
2018-02-28,44.97,44.97,,,186175615.99043337,8372317451.0897886489,184000000,184000000,184000000,184000000,184000000,184000000,184000000,184000000,184000000,184000000
2018-03-01,45.07,45.07,,,186175615.99876952,8390935013.0645422664,184000000,184000000,184000000,184000000,184000000,184000000,184000000,184000000,184000000,184000000
2018-03-02,45.54,45.54,,,186175615.99509206,8478437552.4164924124,184000000,184000000,184000000,184000000,184000000,184000000,184000000,184000000,184000000,184000000
2018-03-05,45.65,45.65,,,186175615.99521430,8498916870.1815327950,184000000,184000000,184000000,184000000,184000000,184000000,184000000,184000000,184000000,184000000
2018-03-06,46.99,46.99,,,186175615.99774694,8748392195.7341287106,184000000,184000000,184000000,184000000,184000000,184000000,184000000,184000000,184000000,184000000
2018-03-07,47.88,47.88,,,186175615.99782392,8914088493.9758092896,184000000,184000000,184000000,184000000,184000000,184000000,184000000,184000000,184000000,184000000
2018-03-08,47.47,47.47,,,186175616.00856718,8837756491.9266840346,184000000,184000000,184000000,184000000,184000000,184000000,184000000,184000000,184000000,184000000
2018-03-09,47.86,47.86,,,186175616.00365174,8910364981.9347722764,184000000,184000000,184000000,184000000,184000000,184000000,184000000,184000000,184000000,184000000
2018-03-12,48.36,48.36,,,186175616.00844425,9003452790.1683639300,184000000,184000000,184000000,184000000,184000000,184000000,184000000,184000000,184000000,184000000
2018-03-13,48.59,48.59,,,186175616.01047940,9046273181.9491940460,184000000,184000000,184000000,184000000,184000000,184000000,184000000,184000000,184000000,184000000
2018-03-14,46.57,46.57,,,186175615.99408194,8670198436.8443959458,184000000,184000000,184000000,184000000,184000000,184000000,184000000,184000000,184000000,184000000
2018-03-15,46.93,46.93,,,186175615.99043903,8737221658.4313036779,184000000,184000000,184000000,184000000,184000000,184000000,184000000,184000000,184000000,184000000
2018-03-16,47.23,47.23,,,186175615.99206534,8793074343.3052460082,184000000,184000000,184000000,184000000,184000000,184000000,184000000,184000000,184000000,184000000
2018-03-19,46.36,46.36,,,186175616.00851852,8631101558.1549185872,184000000,184000000,184000000,184000000,184000000,184000000,184000000,184000000,184000000,184000000
2018-03-20,46.47,46.47,,,186175616.00860688,8651580875.9199617136,184000000,184000000,184000000,184000000,184000000,184000000,184000000,184000000,184000000,184000000
2018-03-21,47.95,47.95,,,186175615.99726632,8927120787.0689200440,184000000,184000000,184000000,184000000,184000000,184000000,184000000,184000000,184000000,184000000
2018-03-22,44.92,44.92,,,186175615.99794240,8363008670.6275726080,184000000,184000000,184000000,184000000,184000000,184000000,184000000,184000000,184000000,184000000
2018-03-23,44.71,44.71,,,186175616.00263110,8323911791.4776364810,184000000,184000000,184000000,184000000,184000000,184000000,184000000,184000000,184000000,184000000
2018-03-26,45.77,45.77,,,186175615.99731970,8521257944.1973226690,184000000,184000000,184000000,184000000,184000000,184000000,184000000,184000000,184000000,184000000
2018-03-27,44.90,44.90,,,186175616.00415450,8359285158.5865370500,184000000,184000000,184000000,184000000,184000000,184000000,184000000,184000000,184000000,184000000
2018-03-28,44.42,44.42,,,186175615.99266055,8269920862.3939816310,184000000,184000000,184000000,184000000,184000000,184000000,184000000,184000000,184000000,184000000
2018-03-29,44.96,44.96,,,186175615.99865440,8370455695.2995018240,184000000,184000000,184000000,184000000,184000000,184000000,184000000,184000000,184000000,184000000
2018-04-02,44.34,44.34,,,186175616.00159180,8255026813.5105804120,184000000,184000000,184000000,184000000,184000000,184000000,184000000,184000000,184000000,184000000
2018-04-03,45.35,45.35,,,186175615.99355218,8443064185.3075913630,184000000,184000000,184000000,184000000,184000000,184000000,184000000,184000000,184000000,184000000
2018-04-04,46.92,46.92,,,186175615.99831665,8735359902.6410172180,184000000,184000000,184000000,184000000,184000000,184000000,184000000,184000000,184000000,184000000
2018-04-05,47.61,47.61,,,186175615.99502307,8863821077.5230483627,184000000,184000000,184000000,184000000,184000000,184000000,184000000,184000000,184000000,184000000
2018-04-06,48.05,48.05,,,186175616.00507128,8945738349.0436750040,184000000,184000000,184000000,184000000,184000000,184000000,184000000,184000000,184000000,184000000
2018-04-09,50.62,50.62,,,186175616.00916280,9424209682.3838209360,184000000,184000000,184000000,184000000,184000000,184000000,184000000,184000000,184000000,184000000
2018-04-10,54.08,54.08,,,186175616.00416398,10068377313.5051880384,184000000,184000000,184000000,184000000,184000000,184000000,184000000,184000000,184000000,184000000
2018-04-11,53.97,53.97,,,186175616.00407907,10047897995.7401474079,184000000,184000000,184000000,184000000,184000000,184000000,184000000,184000000,184000000,184000000
2018-04-12,54.47,54.47,,,186175616.00833005,10140985803.9737378235,184000000,184000000,184000000,184000000,184000000,184000000,184000000,184000000,184000000,184000000
2018-04-13,54.96,54.96,,,186175615.99174422,10232211854.9062623312,184000000,184000000,184000000,184000000,184000000,184000000,184000000,184000000,184000000,184000000
2018-04-16,55.03,55.03,,,186175615.99126610,10245244147.9993734830,184000000,184000000,184000000,184000000,184000000,184000000,184000000,184000000,184000000,184000000
2018-04-17,57.08,57.08,,,186175616.00429845,10626904161.5253555260,184000000,184000000,184000000,184000000,184000000,184000000,184000000,184000000,184000000,184000000
2018-04-18,59.40,59.40,,,186175616.00090533,11058831590.4537766020,184000000,184000000,184000000,184000000,184000000,184000000,184000000,184000000,184000000,184000000
2018-04-19,60.23,60.23,,,186175616.00502230,11213357351.9824931290,184000000,184000000,184000000,184000000,184000000,184000000,184000000,184000000,184000000,184000000
2018-04-20,60.01,60.01,,,186175616.00487265,11172398716.4524077265,184000000,184000000,184000000,184000000,184000000,184000000,184000000,184000000,184000000,184000000
2018-04-23,51.90,51.90,,,186175616.00450078,9662514470.6335904820,184000000,184000000,184000000,184000000,184000000,184000000,184000000,184000000,184000000,184000000
2018-04-24,50.82,50.82,,,186175616.00320760,9461444805.2830102320,184000000,184000000,184000000,184000000,184000000,184000000,184000000,184000000,184000000,184000000
2018-04-25,51.95,51.95,,,186175615.99799440,9671823251.0958090800,184000000,184000000,184000000,184000000,184000000,184000000,184000000,184000000,184000000,184000000
2018-04-26,52.94,52.94,,,186175616.00514248,9856137111.3122428912,184000000,184000000,184000000,184000000,184000000,184000000,184000000,184000000,184000000,184000000
2018-04-27,51.60,51.60,,,186175616.00309396,9606661785.7596483360,184000000,184000000,184000000,184000000,184000000,184000000,184000000,184000000,184000000,184000000
2018-04-30,51.20,51.20,,,186175616.00587520,9532191539.5008102400,184000000,184000000,184000000,184000000,184000000,184000000,184000000,184000000,184000000,184000000
2018-05-01,51.99,51.99,,,186175615.99861008,9679270275.7677380592,184000000,184000000,184000000,184000000,184000000,184000000,184000000,184000000,184000000,184000000
2018-05-02,53.07,53.07,,,186175615.99129185,9880339940.6578584795,184000000,184000000,184000000,184000000,184000000,184000000,184000000,184000000,184000000,184000000
2018-05-03,53.28,53.28,,,186455843.00428763,9934367315.2684449264,184000000,184000000,184000000,184000000,184000000,184000000,184000000,184000000,184000000,184000000
2018-05-04,54.39,54.39,,,186455843.00647107,10141333301.1219614973,184000000,184000000,184000000,184000000,184000000,184000000,184000000,184000000,184000000,184000000
2018-05-07,54.55,54.55,,,186455843.00859123,10171166236.1186515965,184000000,184000000,184000000,184000000,184000000,184000000,184000000,184000000,184000000,184000000
2018-05-08,53.76,53.76,,,186455842.99934550,10023866119.6448140800,184000000,184000000,184000000,184000000,184000000,184000000,184000000,184000000,184000000,184000000
2018-05-09,53.49,53.49,,,186455843.00396252,9973523042.2819551948,186455843,186455843,186455843,186455843,186455843,186455843,186455843,186455843,186455843,186455843
2018-05-10,53.79,53.79,,,186455843.00861108,10029459795.4331899932,186455843,186455843,186455843,186455843,186455843,186455843,186455843,186455843,186455843,186455843
2018-05-11,53.96,53.96,,,186455843.00894020,10061157288.7624131920,186455843,186455843,186455843,186455843,186455843,186455843,186455843,186455843,186455843,186455843
2018-05-14,52.33,52.33,,,186455843.00423500,9757234264.4116175500,186455843,186455843,186455843,186455843,186455843,186455843,186455843,186455843,186455843,186455843
2018-05-15,50.54,50.54,,,186455843.00905886,9423478305.6778347844,186455843,186455843,186455843,186455843,186455843,186455843,186455843,186455843,186455843,186455843
2018-05-16,50.19,50.19,,,186455843.00676984,9358218760.5097782696,186455843,186455843,186455843,186455843,186455843,186455843,186455843,186455843,186455843,186455843
2018-05-17,50.71,50.71,,,186455843.00940752,9455175799.0070553392,186455843,186455843,186455843,186455843,186455843,186455843,186455843,186455843,186455843,186455843
2018-05-18,50.83,50.83,,,186455843.00379380,9477550499.8828388540,186455843,186455843,186455843,186455843,186455843,186455843,186455843,186455843,186455843,186455843
2018-05-21,50.37,50.37,,,186455842.99652398,9391780811.7349128726,186455843,186455843,186455843,186455843,186455843,186455843,186455843,186455843,186455843,186455843
2018-05-22,49.69,49.69,,,186455842.99136537,9264990838.2409452353,186455843,186455843,186455843,186455843,186455843,186455843,186455843,186455843,186455843,186455843
2018-05-23,48.57,48.57,,,186455842.99062997,9056160294.0548976429,186455843,186455843,186455843,186455843,186455843,186455843,186455843,186455843,186455843,186455843
2018-05-24,49.15,49.15,,,186455843.00132707,9164304683.5152254905,186455843,186455843,186455843,186455843,186455843,186455843,186455843,186455843,186455843,186455843
2018-05-25,47.93,47.93,,,186455842.99357057,8936828554.6818374201,186455843,186455843,186455843,186455843,186455843,186455843,186455843,186455843,186455843,186455843
2018-05-29,47.30,47.30,,,186455843.00750545,8819361374.2550077850,186455843,186455843,186455843,186455843,186455843,186455843,186455843,186455843,186455843,186455843
2018-05-30,48.54,48.54,,,186455843.00199506,9050566619.3168402124,186455843,186455843,186455843,186455843,186455843,186455843,186455843,186455843,186455843,186455843
2018-05-31,48.07,48.07,,,186455842.99638823,8962932372.8363822161,186455843,186455843,186455843,186455843,186455843,186455843,186455843,186455843,186455843,186455843
2018-06-01,47.64,47.64,,,186455842.99909386,8882756360.4768314904,186455843,186455843,186455843,186455843,186455843,186455843,186455843,186455843,186455843,186455843
2018-06-04,48.46,48.46,,,186455843.00712640,9035650152.1253453440,186455843,186455843,186455843,186455843,186455843,186455843,186455843,186455843,186455843,186455843
2018-06-05,49.45,49.45,,,186455842.99398908,9220241436.0527600060,186455843,186455843,186455843,186455843,186455843,186455843,186455843,186455843,186455843,186455843
2018-06-06,50.13,50.13,,,186455842.99913678,9347031409.5467267814,186455843,186455843,186455843,186455843,186455843,186455843,186455843,186455843,186455843,186455843
2018-06-07,49.19,49.19,,,186455843.00947616,9171762917.6361323104,186455843,186455843,186455843,186455843,186455843,186455843,186455843,186455843,186455843,186455843
2018-06-08,48.52,48.52,,,186455842.99336514,9046837502.0380765928,186455843,186455843,186455843,186455843,186455843,186455843,186455843,186455843,186455843,186455843
2018-06-11,49.92,49.92,,,186455842.99071714,9307875682.0965996288,186455843,186455843,186455843,186455843,186455843,186455843,186455843,186455843,186455843,186455843
2018-06-12,49.29,49.29,,,186455843.00405297,9190408501.6697708913,186455843,186455843,186455843,186455843,186455843,186455843,186455843,186455843,186455843,186455843
2018-06-13,48.35,48.35,,,186455843.00197464,9015140009.1454738440,186455843,186455843,186455843,186455843,186455843,186455843,186455843,186455843,186455843,186455843
2018-06-14,47.84,47.84,,,186455843.00991700,8920047529.5944292800,186455843,186455843,186455843,186455843,186455843,186455843,186455843,186455843,186455843,186455843
2018-06-15,45.34,45.34,,,186455842.99908033,8453907921.5783021622,186455843,186455843,186455843,186455843,186455843,186455843,186455843,186455843,186455843,186455843
2018-06-18,45.78,45.78,,,186455843.00751606,8535948492.8840852268,186455843,186455843,186455843,186455843,186455843,186455843,186455843,186455843,186455843,186455843
2018-06-19,44.47,44.47,,,186455843.00712100,8291691338.5266708700,186455843,186455843,186455843,186455843,186455843,186455843,186455843,186455843,186455843,186455843
2018-06-20,45.27,45.27,,,186455842.99277052,8440856012.2827214404,186455843,186455843,186455843,186455843,186455843,186455843,186455843,186455843,186455843,186455843
2018-06-21,44.81,44.81,,,186455843.00792485,8355086325.1851125285,186455843,186455843,186455843,186455843,186455843,186455843,186455843,186455843,186455843,186455843
2018-06-22,45.56,45.56,,,186455843.01005366,8494928207.5380447496,186455843,186455843,186455843,186455843,186455843,186455843,186455843,186455843,186455843,186455843
2018-06-25,44.26,44.26,,,186455843.00752735,8252535611.5131605110,186455843,186455843,186455843,186455843,186455843,186455843,186455843,186455843,186455843,186455843
2018-06-26,45.80,45.80,,,186455843.00712290,8539677609.7262288200,186455843,186455843,186455843,186455843,186455843,186455843,186455843,186455843,186455843,186455843
2018-06-27,45.74,45.74,,,186455842.99875772,8528490258.7631781128,186455843,186455843,186455843,186455843,186455843,186455843,186455843,186455843,186455843,186455843
2018-06-28,46.47,46.47,,,186455843.00137648,8664603024.2739650256,186455843,186455843,186455843,186455843,186455843,186455843,186455843,186455843,186455843,186455843
2018-06-29,46.88,46.88,,,186455842.99896270,8741049919.7913713760,186455843,186455843,186455843,186455843,186455843,186455843,186455843,186455843,186455843,186455843
2018-07-02,45.88,45.88,,,186455843.00169405,8554594076.9177230140,186455843,186455843,186455843,186455843,186455843,186455843,186455843,186455843,186455843,186455843
2018-07-03,45.80,45.80,,,186455843.00712290,8539677609.7262288200,186455843,186455843,186455843,186455843,186455843,186455843,186455843,186455843,186455843,186455843
2018-07-05,46.88,46.88,,,186455842.99896270,8741049919.7913713760,186455843,186455843,186455843,186455843,186455843,186455843,186455843,186455843,186455843,186455843
2018-07-06,47.14,47.14,,,186455842.99579337,8789528438.8216994618,186455843,186455843,186455843,186455843,186455843,186455843,186455843,186455843,186455843,186455843
2018-07-09,48.29,48.29,,,186455843.00675344,9003952658.7961236176,186455843,186455843,186455843,186455843,186455843,186455843,186455843,186455843,186455843,186455843
2018-07-10,47.89,47.89,,,186455843.00712568,8929370321.6112488152,186455843,186455843,186455843,186455843,186455843,186455843,186455843,186455843,186455843,186455843
2018-07-11,48.06,48.06,,,186455843.00750040,8961067814.9404692240,186455843,186455843,186455843,186455843,186455843,186455843,186455843,186455843,186455843,186455843
2018-07-12,47.40,47.40,,,186455843.00187020,8838006958.2886474800,186455843,186455843,186455843,186455843,186455843,186455843,186455843,186455843,186455843,186455843
2018-07-13,47.26,47.26,,,186455842.99902880,8811903140.1341010880,186455843,186455843,186455843,186455843,186455843,186455843,186455843,186455843,186455843,186455843
2018-07-16,47.41,47.41,,,186455842.99060452,8839871516.1845602932,186455843,186455843,186455843,186455843,186455843,186455843,186455843,186455843,186455843,186455843
2018-07-17,48.02,48.02,,,186455842.99915794,8953609580.8195642788,186455843,186455843,186455843,186455843,186455843,186455843,186455843,186455843,186455843,186455843
2018-07-18,47.96,47.96,,,186455843.00396606,8942422230.4702122376,186455843,186455843,186455843,186455843,186455843,186455843,186455843,186455843,186455843,186455843
2018-07-19,41.56,41.56,,,186455843.00841567,7749104835.4297552452,186455843,186455843,186455843,186455843,186455843,186455843,186455843,186455843,186455843,186455843
2018-07-20,40.32,40.32,,,186455842.98902795,7517899589.3176069440,186455843,186455843,186455843,186455843,186455843,186455843,186455843,186455843,186455843,186455843
2018-07-23,41.33,41.33,,,186455842.99872935,7706219991.1374840355,186455843,186455843,186455843,186455843,186455843,186455843,186455843,186455843,186455843,186455843
2018-07-24,42.49,42.49,,,186455842.99853662,7922508769.0078209838,186455843,186455843,186455843,186455843,186455843,186455843,186455843,186455843,186455843,186455843
2018-07-25,43.11,43.11,,,186455842.99556340,8038111391.5387381740,186455843,186455843,186455843,186455843,186455843,186455843,186455843,186455843,186455843,186455843
2018-07-26,42.82,42.82,,,186455843.00172192,7984039197.3337326144,186455843,186455843,186455843,186455843,186455843,186455843,186455843,186455843,186455843,186455843
2018-07-27,43.22,43.22,,,186473039.99572290,8059364788.6151437380,186455843,186455843,186455843,186455843,186455843,186455843,186455843,186455843,186455843,186455843
2018-07-30,42.58,42.58,,,186473040.00236800,7940022043.3008294400,186455843,186455843,186455843,186455843,186455843,186455843,186455843,186455843,186455843,186455843
2018-07-31,43.27,43.27,,,186473040.00291282,8068688440.9260377214,186455843,186455843,186455843,186455843,186455843,186455843,186455843,186455843,186455843,186455843
2018-08-01,42.04,42.04,,,186473039.99900064,7839326601.5579869056,186455843,186455843,186455843,186455843,186455843,186455843,186455843,186455843,186455843,186455843
2018-08-02,42.48,42.48,,,186473039.98773640,7921374738.6790422720,186473040,186473040,186473040,186473040,186473040,186473040,186473040,186473040,186473040,186473040
2018-08-03,42.72,42.72,,,186473039.99665630,7966128268.6571571360,186473040,186473040,186473040,186473040,186473040,186473040,186473040,186473040,186473040,186473040
2018-08-06,42.72,42.72,,,186473039.99665630,7966128268.6571571360,186473040,186473040,186473040,186473040,186473040,186473040,186473040,186473040,186473040,186473040
2018-08-07,41.97,41.97,,,186473039.99319310,7826273488.5143144070,186473040,186473040,186473040,186473040,186473040,186473040,186473040,186473040,186473040,186473040
2018-08-08,43.70,43.70,,,186473039.98904014,8148871847.5210541180,186473040,186473040,186473040,186473040,186473040,186473040,186473040,186473040,186473040,186473040
2018-08-09,42.99,42.99,,,186473039.98983642,8016475989.1630676958,186473040,186473040,186473040,186473040,186473040,186473040,186473040,186473040,186473040,186473040
2018-08-10,44.98,44.98,,,186473039.99290136,8387557338.8807031728,186473040,186473040,186473040,186473040,186473040,186473040,186473040,186473040,186473040,186473040
2018-08-13,44.45,44.45,,,186473039.99243864,8288726627.6638975480,186473040,186473040,186473040,186473040,186473040,186473040,186473040,186473040,186473040,186473040
2018-08-14,44.13,44.13,,,186473039.99923840,8229055255.1663905920,186473040,186473040,186473040,186473040,186473040,186473040,186473040,186473040,186473040,186473040
2018-08-15,40.88,40.88,,,186473039.99075060,7623017874.8218845280,186473040,186473040,186473040,186473040,186473040,186473040,186473040,186473040,186473040,186473040
2018-08-16,41.45,41.45,,,186473039.99574298,7729307507.8235465210,186473040,186473040,186473040,186473040,186473040,186473040,186473040,186473040,186473040,186473040
2018-08-17,42.03,42.03,,,186473040.00359854,7837461871.3512466362,186473040,186473040,186473040,186473040,186473040,186473040,186473040,186473040,186473040,186473040
2018-08-20,41.83,41.83,,,186473039.99899563,7800167263.1579872029,186473040,186473040,186473040,186473040,186473040,186473040,186473040,186473040,186473040,186473040
2018-08-21,43.03,43.03,,,186473039.99414185,8023934910.9479238055,186473040,186473040,186473040,186473040,186473040,186473040,186473040,186473040,186473040,186473040
2018-08-22,43.22,43.22,,,186473039.99572290,8059364788.6151437380,186473040,186473040,186473040,186473040,186473040,186473040,186473040,186473040,186473040,186473040
2018-08-23,42.02,42.02,,,186473040.00059990,7835597140.8252077980,186473040,186473040,186473040,186473040,186473040,186473040,186473040,186473040,186473040,186473040
2018-08-24,43.44,43.44,,,186473039.99864600,8100388857.5411822400,186473040,186473040,186473040,186473040,186473040,186473040,186473040,186473040,186473040,186473040
2018-08-27,43.87,43.87,,,186473040.00881050,8180572265.1865166350,186473040,186473040,186473040,186473040,186473040,186473040,186473040,186473040,186473040,186473040
2018-08-28,44.25,44.25,,,186473040.01177305,8251432020.5209574625,186473040,186473040,186473040,186473040,186473040,186473040,186473040,186473040,186473040,186473040
2018-08-29,45.13,45.13,,,186473039.99031836,8415528294.7630675868,186473040,186473040,186473040,186473040,186473040,186473040,186473040,186473040,186473040,186473040
2018-08-30,44.37,44.37,,,186473040.00776434,8273808785.1445037658,186473040,186473040,186473040,186473040,186473040,186473040,186473040,186473040,186473040,186473040
2018-08-31,44.67,44.67,,,186473039.99529743,8329750696.5899361981,186473040,186473040,186473040,186473040,186473040,186473040,186473040,186473040,186473040,186473040
2018-09-04,43.36,43.36,,,186473039.99011692,8085471013.9714696512,186473040,186473040,186473040,186473040,186473040,186473040,186473040,186473040,186473040,186473040
2018-09-05,42.87,42.87,,,186473039.99392396,7994099224.5395201652,186473040,186473040,186473040,186473040,186473040,186473040,186473040,186473040,186473040,186473040
2018-09-06,40.36,40.36,,,186473039.99333790,7526051894.1311176440,186473040,186473040,186473040,186473040,186473040,186473040,186473040,186473040,186473040,186473040
2018-09-07,41.00,41.00,,,186473040.00430372,7645394640.1764525200,186473040,186473040,186473040,186473040,186473040,186473040,186473040,186473040,186473040,186473040
2018-09-10,42.01,42.01,,,186473039.99759984,7833732410.2991692784,186473040,186473040,186473040,186473040,186473040,186473040,186473040,186473040,186473040,186473040
2018-09-11,40.87,40.87,,,186473039.98766450,7621153144.2958481150,186473040,186473040,186473040,186473040,186473040,186473040,186473040,186473040,186473040,186473040
2018-09-12,42.02,42.02,,,186473040.00059990,7835597140.8252077980,186473040,186473040,186473040,186473040,186473040,186473040,186473040,186473040,186473040,186473040
2018-09-13,41.77,41.77,,,186473039.98853374,7788978880.3210543198,186473040,186473040,186473040,186473040,186473040,186473040,186473040,186473040,186473040,186473040
2018-09-14,42.79,42.79,,,186473040.00981835,7979181382.0201271965,186473040,186473040,186473040,186473040,186473040,186473040,186473040,186473040,186473040,186473040
2018-09-17,42.83,42.83,,,186473039.98960224,7986640302.7546639392,186473040,186473040,186473040,186473040,186473040,186473040,186473040,186473040,186473040,186473040
2018-09-18,43.12,43.12,,,186473040.00565106,8040717485.0436737072,186473040,186473040,186473040,186473040,186473040,186473040,186473040,186473040,186473040,186473040
2018-09-19,42.63,42.63,,,186473040.00965810,7949345695.6117248030,186473040,186473040,186473040,186473040,186473040,186473040,186473040,186473040,186473040,186473040
2018-09-20,42.93,42.93,,,186473040.00411025,8005287607.3764530325,186473040,186473040,186473040,186473040,186473040,186473040,186473040,186473040,186473040,186473040
2018-09-21,43.79,43.79,,,186473040.00038376,8165654421.6168048504,186473040,186473040,186473040,186473040,186473040,186473040,186473040,186473040,186473040,186473040
2018-09-24,41.96,41.96,,,186473039.99018767,7824408757.9882746332,186473040,186473040,186473040,186473040,186473040,186473040,186473040,186473040,186473040,186473040
2018-09-25,41.24,41.24,,,186473039.98797890,7690148169.1042498360,186473040,186473040,186473040,186473040,186473040,186473040,186473040,186473040,186473040,186473040
2018-09-26,40.48,40.48,,,186473040.00705746,7548428659.4856859808,186473040,186473040,186473040,186473040,186473040,186473040,186473040,186473040,186473040,186473040
2018-09-27,40.50,40.50,,,186473039.98734430,7552158119.4874441500,186473040,186473040,186473040,186473040,186473040,186473040,186473040,186473040,186473040,186473040
2018-09-28,40.40,40.40,,,186473039.99792016,7533510815.9159744640,186473040,186473040,186473040,186473040,186473040,186473040,186473040,186473040,186473040,186473040
2018-10-01,40.86,40.86,,,186473040.01028210,7619288414.8201266060,186473040,186473040,186473040,186473040,186473040,186473040,186473040,186473040,186473040,186473040
2018-10-02,41.56,41.56,,,186473040.00606534,7749819542.6520755304,186473040,186473040,186473040,186473040,186473040,186473040,186473040,186473040,186473040,186473040
2018-10-03,42.89,42.89,,,186473039.99980408,7997828685.5915969912,186473040,186473040,186473040,186473040,186473040,186473040,186473040,186473040,186473040,186473040
2018-10-04,43.11,43.11,,,186473040.00272873,8038852754.5176355503,186473040,186473040,186473040,186473040,186473040,186473040,186473040,186473040,186473040,186473040
2018-10-05,42.06,42.06,,,186473040.00499436,7843056062.6100627816,186473040,186473040,186473040,186473040,186473040,186473040,186473040,186473040,186473040,186473040
2018-10-08,38.74,38.74,,,186473040.00910965,7223965569.9529078410,186473040,186473040,186473040,186473040,186473040,186473040,186473040,186473040,186473040,186473040
2018-10-09,37.64,37.64,,,186473040.00357178,7018845225.7344417992,186473040,186473040,186473040,186473040,186473040,186473040,186473040,186473040,186473040,186473040
2018-10-10,36.06,36.06,,,186473039.98555300,6724217821.8790411800,186473040,186473040,186473040,186473040,186473040,186473040,186473040,186473040,186473040,186473040
2018-10-11,35.67,35.67,,,186473040.00753802,6651493337.0688811734,186473040,186473040,186473040,186473040,186473040,186473040,186473040,186473040,186473040,186473040
2018-10-12,35.67,35.67,,,186473040.00753802,6651493337.0688811734,186473040,186473040,186473040,186473040,186473040,186473040,186473040,186473040,186473040,186473040
2018-10-15,35.34,35.34,,,186473040.01260144,6589957234.0453348896,186473040,186473040,186473040,186473040,186473040,186473040,186473040,186473040,186473040,186473040
2018-10-16,36.19,36.19,,,186473040.00441137,6748459317.7596474803,186473040,186473040,186473040,186473040,186473040,186473040,186473040,186473040,186473040,186473040
2018-10-17,36.70,36.70,,,186473039.99793944,6843560567.9243774480,186473040,186473040,186473040,186473040,186473040,186473040,186473040,186473040,186473040,186473040
2018-10-18,38.85,38.85,,,186473040.00129770,7244477604.0504156450,186473040,186473040,186473040,186473040,186473040,186473040,186473040,186473040,186473040,186473040
2018-10-19,38.60,38.60,,,186473039.98824516,7197859343.5462631760,186473040,186473040,186473040,186473040,186473040,186473040,186473040,186473040,186473040,186473040
2018-10-22,39.46,39.46,,,186473040.01107278,7358226158.8369318988,186473040,186473040,186473040,186473040,186473040,186473040,186473040,186473040,186473040,186473040
2018-10-23,37.32,37.32,,,186473040.01170772,6959173853.2369321104,186473040,186473040,186473040,186473040,186473040,186473040,186473040,186473040,186473040,186473040
2018-10-24,34.20,34.20,,,186473039.99189230,6377377967.7227166600,186473040,186473040,186473040,186473040,186473040,186473040,186473040,186473040,186473040,186473040
2018-10-25,34.56,34.56,,,186473039.99781185,6444508262.3243775360,186473040,186473040,186473040,186473040,186473040,186473040,186473040,186473040,186473040,186473040
2018-10-26,34.25,34.25,,,186473040.00098130,6386701620.0336095250,186473040,186473040,186473040,186473040,186473040,186473040,186473040,186473040,186473040,186473040
2018-10-29,33.82,33.82,,,186494049.00030434,6307228737.1902927788,186473040,186473040,186473040,186473040,186473040,186473040,186473040,186473040,186473040,186473040
2018-10-30,34.15,34.15,,,186494049.00673250,6368771773.5799148750,186473040,186473040,186473040,186473040,186473040,186473040,186473040,186473040,186473040,186473040
2018-10-31,34.99,34.99,,,186494048.99485800,6525426774.3300814200,186473040,186473040,186473040,186473040,186473040,186473040,186473040,186473040,186473040,186473040
2018-11-01,36.78,36.78,,,186494049.00336970,6859251122.3439375660,186473040,186473040,186473040,186473040,186473040,186473040,186473040,186473040,186473040,186473040
2018-11-02,36.93,36.93,,,186494048.99774748,6887225229.4868144364,186494049,186494049,186494049,186494049,186494049,186494049,186494049,186494049,186494049,186494049
2018-11-05,36.60,36.60,,,186494049.00334610,6825682193.5224672600,186494049,186494049,186494049,186494049,186494049,186494049,186494049,186494049,186494049,186494049
2018-11-06,36.19,36.19,,,186494048.99553636,6749219633.1484608684,186494049,186494049,186494049,186494049,186494049,186494049,186494049,186494049,186494049,186494049
2018-11-07,36.83,36.83,,,186494049.01099652,6868575825.0750018316,186494049,186494049,186494049,186494049,186494049,186494049,186494049,186494049,186494049,186494049
2018-11-08,36.38,36.38,,,186494049.01103154,6784653503.0213274252,186494049,186494049,186494049,186494049,186494049,186494049,186494049,186494049,186494049,186494049
2018-11-09,34.36,34.36,,,186494049.01280496,6407935524.0799784256,186494049,186494049,186494049,186494049,186494049,186494049,186494049,186494049,186494049,186494049
2018-11-12,33.73,33.73,,,186494049.00028336,6290444272.7795577328,186494049,186494049,186494049,186494049,186494049,186494049,186494049,186494049,186494049,186494049
2018-11-13,34.72,34.72,,,186494048.99475443,6475073381.0978738096,186494049,186494049,186494049,186494049,186494049,186494049,186494049,186494049,186494049,186494049
2018-11-14,35.15,35.15,,,186494049.00496024,6555265822.5243524360,186494049,186494049,186494049,186494049,186494049,186494049,186494049,186494049,186494049,186494049
2018-11-15,35.94,35.94,,,186494048.98562750,6702596120.5434523500,186494049,186494049,186494049,186494049,186494049,186494049,186494049,186494049,186494049,186494049
2018-11-16,35.95,35.95,,,186494049.00124753,6704461061.5948487035,186494049,186494049,186494049,186494049,186494049,186494049,186494049,186494049,186494049,186494049
2018-11-19,33.49,33.49,,,186494049.00644806,6245685701.2259455294,186494049,186494049,186494049,186494049,186494049,186494049,186494049,186494049,186494049,186494049
2018-11-20,32.68,32.68,,,186494048.99339214,6094625521.1040551352,186494049,186494049,186494049,186494049,186494049,186494049,186494049,186494049,186494049,186494049
2018-11-21,32.80,32.80,,,186494049.01276395,6117004807.6186575600,186494049,186494049,186494049,186494049,186494049,186494049,186494049,186494049,186494049,186494049
2018-11-23,32.31,32.31,,,186494049.00835767,6025622723.4600363177,186494049,186494049,186494049,186494049,186494049,186494049,186494049,186494049,186494049,186494049
2018-11-26,32.57,32.57,,,186494049.00417936,6074111176.0661217552,186494049,186494049,186494049,186494049,186494049,186494049,186494049,186494049,186494049,186494049
2018-11-27,31.19,31.19,,,186494048.99009287,5816749388.0009966153,186494049,186494049,186494049,186494049,186494049,186494049,186494049,186494049,186494049,186494049
2018-11-28,33.60,33.60,,,186494049.00860572,6266200046.6891521920,186494049,186494049,186494049,186494049,186494049,186494049,186494049,186494049,186494049,186494049
2018-11-29,30.99,30.99,,,186494049.00136587,5779450578.5523283113,186494049,186494049,186494049,186494049,186494049,186494049,186494049,186494049,186494049,186494049
2018-11-30,31.81,31.81,,,186494048.98616856,5932375698.2500218936,186494049,186494049,186494049,186494049,186494049,186494049,186494049,186494049,186494049,186494049
2018-12-03,32.05,32.05,,,186494049.01260380,5977134270.8539517900,186494049,186494049,186494049,186494049,186494049,186494049,186494049,186494049,186494049,186494049
2018-12-04,30.40,30.40,,,186494049.01256236,5669419089.9818957440,186494049,186494049,186494049,186494049,186494049,186494049,186494049,186494049,186494049,186494049
2018-12-06,29.65,29.65,,,186494048.99130340,5529548552.5921458100,186494049,186494049,186494049,186494049,186494049,186494049,186494049,186494049,186494049,186494049
2018-12-07,28.82,28.82,,,186494049.00999662,5374758492.4681025884,186494049,186494049,186494049,186494049,186494049,186494049,186494049,186494049,186494049,186494049
2018-12-10,28.32,28.32,,,186494048.98510197,5281511467.2580877904,186494049,186494049,186494049,186494049,186494049,186494049,186494049,186494049,186494049,186494049
2018-12-11,28.43,28.43,,,186494048.98773460,5302025812.7212946780,186494049,186494049,186494049,186494049,186494049,186494049,186494049,186494049,186494049,186494049
2018-12-12,29.24,29.24,,,186494049.00284490,5453085992.8431848760,186494049,186494049,186494049,186494049,186494049,186494049,186494049,186494049,186494049,186494049
2018-12-13,29.10,29.10,,,186494048.99317473,5426976825.7013846430,186494049,186494049,186494049,186494049,186494049,186494049,186494049,186494049,186494049,186494049
2018-12-14,28.61,28.61,,,186494048.98786318,5335594741.5427655798,186494049,186494049,186494049,186494049,186494049,186494049,186494049,186494049,186494049,186494049
2018-12-17,28.11,28.11,,,186494049.01488233,5242347717.8083422963,186494049,186494049,186494049,186494049,186494049,186494049,186494049,186494049,186494049,186494049
2018-12-18,28.24,28.24,,,186494049.00491312,5266591943.8987465088,186494049,186494049,186494049,186494049,186494049,186494049,186494049,186494049,186494049,186494049
2018-12-19,27.61,27.61,,,186494048.98943597,5149100692.5983271317,186494049,186494049,186494049,186494049,186494049,186494049,186494049,186494049,186494049,186494049
2018-12-20,27.33,27.33,,,186494049.00713660,5096882359.3650432780,186494049,186494049,186494049,186494049,186494049,186494049,186494049,186494049,186494049,186494049
2018-12-21,26.39,26.39,,,186494049.00161988,4921577953.1527486332,186494049,186494049,186494049,186494049,186494049,186494049,186494049,186494049,186494049,186494049
2018-12-24,25.15,25.15,,,186494049.01211520,4690325332.6546972800,186494049,186494049,186494049,186494049,186494049,186494049,186494049,186494049,186494049,186494049
2018-12-26,27.14,27.14,,,186494048.98644727,5061448489.4921789078,186494049,186494049,186494049,186494049,186494049,186494049,186494049,186494049,186494049,186494049
2018-12-27,27.16,27.16,,,186494048.98912558,5065178370.5446507528,186494049,186494049,186494049,186494049,186494049,186494049,186494049,186494049,186494049,186494049
2018-12-28,26.60,26.60,,,186494049.00950417,4960741703.6528109220,186494049,186494049,186494049,186494049,186494049,186494049,186494049,186494049,186494049,186494049
2018-12-31,26.58,26.58,,,186494048.98326918,4957011821.9752948044,186494049,186494049,186494049,186494049,186494049,186494049,186494049,186494049,186494049,186494049
2019-01-02,26.24,26.24,,,186494049.00952250,4893603846.0098704000,186494049,186494049,186494049,186494049,186494049,186494049,186494049,186494049,186494049,186494049
2019-01-03,26.24,26.24,,,186494049.00952250,4893603846.0098704000,186494049,186494049,186494049,186494049,186494049,186494049,186494049,186494049,186494049,186494049
2019-01-04,28.34,28.34,,,186494048.98766970,5285241348.3105592980,186494049,186494049,186494049,186494049,186494049,186494049,186494049,186494049,186494049,186494049
2019-01-07,28.42,28.42,,,186494049.00493377,5300160872.7202177434,186494049,186494049,186494049,186494049,186494049,186494049,186494049,186494049,186494049,186494049
2019-01-08,28.25,28.25,,,186494048.98760438,5268456883.8998237350,186494049,186494049,186494049,186494049,186494049,186494049,186494049,186494049,186494049,186494049
2019-01-09,29.10,29.10,,,186494048.99317473,5426976825.7013846430,186494049,186494049,186494049,186494049,186494049,186494049,186494049,186494049,186494049,186494049
2019-01-10,28.98,28.98,,,186494048.98592326,5404597539.6120560748,186494049,186494049,186494049,186494049,186494049,186494049,186494049,186494049,186494049,186494049
2019-01-11,28.55,28.55,,,186494049.01001390,5324405099.2358968450,186494049,186494049,186494049,186494049,186494049,186494049,186494049,186494049,186494049,186494049
2019-01-14,28.79,28.79,,,186494049.00276170,5369163670.7895093430,186494049,186494049,186494049,186494049,186494049,186494049,186494049,186494049,186494049,186494049
2019-01-15,28.90,28.90,,,186494048.99056897,5389678015.8274432330,186494049,186494049,186494049,186494049,186494049,186494049,186494049,186494049,186494049,186494049
2019-01-16,28.98,28.98,,,186494048.98592326,5404597539.6120560748,186494049,186494049,186494049,186494049,186494049,186494049,186494049,186494049,186494049,186494049
2019-01-17,29.59,29.59,,,186494048.99831042,5518358909.8600053278,186494049,186494049,186494049,186494049,186494049,186494049,186494049,186494049,186494049,186494049
2019-01-18,29.27,29.27,,,186494048.98861405,5458680813.8967332435,186494049,186494049,186494049,186494049,186494049,186494049,186494049,186494049,186494049,186494049
2019-01-22,27.81,27.81,,,186494048.99217078,5186399502.4722693918,186494049,186494049,186494049,186494049,186494049,186494049,186494049,186494049,186494049,186494049
2019-01-23,28.30,28.30,,,186494048.99755794,5277781586.6308897020,186494049,186494049,186494049,186494049,186494049,186494049,186494049,186494049,186494049,186494049
2019-01-24,27.96,27.96,,,186494048.98480496,5214373609.6151466816,186494049,186494049,186494049,186494049,186494049,186494049,186494049,186494049,186494049,186494049
2019-01-25,29.02,29.02,,,186494049.01247570,5412057302.3420448140,186494049,186494049,186494049,186494049,186494049,186494049,186494049,186494049,186494049,186494049
2019-01-28,27.98,27.98,,,186494048.98740590,5218103490.6676170820,186494049,186494049,186494049,186494049,186494049,186494049,186494049,186494049,186494049,186494049
2019-01-29,28.75,28.75,,,186494048.99772403,5361703908.6845658625,186494049,186494049,186494049,186494049,186494049,186494049,186494049,186494049,186494049,186494049
2019-01-30,29.59,29.59,,,186494048.99831042,5518358909.8600053278,186494049,186494049,186494049,186494049,186494049,186494049,186494049,186494049,186494049,186494049
2019-01-31,29.68,29.68,,,186494048.99834030,5535143374.2707401040,186494049,186494049,186494049,186494049,186494049,186494049,186494049,186494049,186494049,186494049
2019-02-01,28.60,28.60,,,186494048.98309940,5333729800.9166428400,186494049,186494049,186494049,186494049,186494049,186494049,186494049,186494049,186494049,186494049
2019-02-04,29.09,29.09,,,186494049.00997964,5425111885.7003077276,186494049,186494049,186494049,186494049,186494049,186494049,186494049,186494049,186494049,186494049
2019-02-05,29.07,29.07,,,186494048.98599213,5421382004.0227912191,186494049,186494049,186494049,186494049,186494049,186494049,186494049,186494049,186494049,186494049
2019-02-06,28.55,28.55,,,186494049.01001390,5324405099.2358968450,186494049,186494049,186494049,186494049,186494049,186494049,186494049,186494049,186494049,186494049
2019-02-07,27.29,27.29,,,186494049.01741934,5089422597.6853737886,186494049,186494049,186494049,186494049,186494049,186494049,186494049,186494049,186494049,186494049
2019-02-08,27.65,27.65,,,186494048.99469334,5156560454.7032708510,186494049,186494049,186494049,186494049,186494049,186494049,186494049,186494049,186494049,186494049
2019-02-11,27.97,27.97,,,186494049.00488170,5216238550.6665411490,186494049,186494049,186494049,186494049,186494049,186494049,186494049,186494049,186494049,186494049
2019-02-12,28.40,28.40,,,186494049.01735985,5296430992.0930197400,186494049,186494049,186494049,186494049,186494049,186494049,186494049,186494049,186494049,186494049
2019-02-13,29.05,29.05,,,186494048.98348778,5417652122.9703200090,186494049,186494049,186494049,186494049,186494049,186494049,186494049,186494049,186494049,186494049
2019-02-14,28.20,28.20,,,186494049.01486090,5259132182.2190773800,186494049,186494049,186494049,186494049,186494049,186494049,186494049,186494049,186494049,186494049
2019-02-15,28.27,28.27,,,186494048.99017668,5272186764.9522947436,186494049,186494049,186494049,186494049,186494049,186494049,186494049,186494049,186494049,186494049
2019-02-19,28.21,28.21,,,185498423.99985108,5232910541.0357989668,186494049,186494049,186494049,186494049,186494049,186494049,186494049,186494049,186494049,186494049
2019-02-20,29.24,29.24,,,185498423.98488462,5423973917.3180262888,186494049,186494049,186494049,186494049,186494049,186494049,186494049,186494049,186494049,186494049
2019-02-21,29.58,29.58,,,185498423.99042710,5487043381.6368336180,186494049,186494049,186494049,186494049,186494049,186494049,186494049,186494049,186494049,186494049
2019-02-22,30.17,30.17,,,185498423.99894170,5596487452.0480710890,186494049,186494049,186494049,186494049,186494049,186494049,186494049,186494049,186494049,186494049
2019-02-25,30.78,30.78,,,185498424.01059192,5709641491.0460192976,186494049,186494049,186494049,186494049,186494049,186494049,186494049,186494049,186494049,186494049
2019-02-26,30.85,30.85,,,185498424.00926054,5722626380.6856876590,185498424,185498424,185498424,185498424,185498424,185498424,185498424,185498424,185498424,185498424
2019-02-27,30.98,30.98,,,185498424.01291030,5746741175.9199610940,185498424,185498424,185498424,185498424,185498424,185498424,185498424,185498424,185498424,185498424
2019-02-28,29.50,29.50,,,185498423.98715407,5472203507.6210450650,185498424,185498424,185498424,185498424,185498424,185498424,185498424,185498424,185498424,185498424
2019-03-01,29.66,29.66,,,185498423.99368250,5501883255.6526229500,185498424,185498424,185498424,185498424,185498424,185498424,185498424,185498424,185498424,185498424
2019-03-04,29.16,29.16,,,185498424.01757735,5409134044.3525555260,185498424,185498424,185498424,185498424,185498424,185498424,185498424,185498424,185498424,185498424
2019-03-05,29.20,29.20,,,185498423.98322368,5416553980.3101314560,185498424,185498424,185498424,185498424,185498424,185498424,185498424,185498424,185498424,185498424
2019-03-06,28.25,28.25,,,185498424.00154668,5240330478.0436937100,185498424,185498424,185498424,185498424,185498424,185498424,185498424,185498424,185498424,185498424
2019-03-07,27.36,27.36,,,185498423.98231040,5075236880.1560125440,185498424,185498424,185498424,185498424,185498424,185498424,185498424,185498424,185498424,185498424
2019-03-08,26.82,26.82,,,185498424.01243780,4975067732.0135817960,185498424,185498424,185498424,185498424,185498424,185498424,185498424,185498424,185498424,185498424
2019-03-11,27.52,27.52,,,185498423.98937470,5104916628.1875917440,185498424,185498424,185498424,185498424,185498424,185498424,185498424,185498424,185498424,185498424
2019-03-12,28.44,28.44,,,185498424.00517035,5275575178.7070447540,185498424,185498424,185498424,185498424,185498424,185498424,185498424,185498424,185498424,185498424
2019-03-13,28.98,28.98,,,185498424.01310545,5375744327.8997959410,185498424,185498424,185498424,185498424,185498424,185498424,185498424,185498424,185498424,185498424
2019-03-14,27.89,27.89,,,185498423.99798146,5173551045.3037029194,185498424,185498424,185498424,185498424,185498424,185498424,185498424,185498424,185498424,185498424
2019-03-15,27.84,27.84,,,185498423.99136806,5164276123.9196867904,185498424,185498424,185498424,185498424,185498424,185498424,185498424,185498424,185498424,185498424
2019-03-18,28.64,28.64,,,185498424.00771603,5312674863.5809870992,185498424,185498424,185498424,185498424,185498424,185498424,185498424,185498424,185498424,185498424
2019-03-19,28.62,28.62,,,185498424.00977656,5308964895.1598051472,185498424,185498424,185498424,185498424,185498424,185498424,185498424,185498424,185498424,185498424
2019-03-20,28.79,28.79,,,185498424.00960210,5340499627.2364444590,185498424,185498424,185498424,185498424,185498424,185498424,185498424,185498424,185498424,185498424
2019-03-21,29.41,29.41,,,185498423.98485768,5455508649.3946643688,185498424,185498424,185498424,185498424,185498424,185498424,185498424,185498424,185498424,185498424
2019-03-22,28.12,28.12,,,185498423.99749000,5216215682.8094188000,185498424,185498424,185498424,185498424,185498424,185498424,185498424,185498424,185498424,185498424
2019-03-25,28.02,28.02,,,185498423.99616155,5197665840.3724466310,185498424,185498424,185498424,185498424,185498424,185498424,185498424,185498424,185498424,185498424
2019-03-26,27.54,27.54,,,185498423.98724666,5108626596.6087730164,185498424,185498424,185498424,185498424,185498424,185498424,185498424,185498424,185498424,185498424
2019-03-27,27.91,27.91,,,185498423.99587550,5177261013.7248852050,185498424,185498424,185498424,185498424,185498424,185498424,185498424,185498424,185498424,185498424
2019-03-28,27.99,27.99,,,185498423.99930954,5192100887.7406740246,185498424,185498424,185498424,185498424,185498424,185498424,185498424,185498424,185498424,185498424
2019-03-29,28.16,28.16,,,185498423.99919435,5223635619.8173128960,185498424,185498424,185498424,185498424,185498424,185498424,185498424,185498424,185498424,185498424
2019-04-01,29.46,29.46,,,185498423.98551086,5464783570.6131499356,185498424,185498424,185498424,185498424,185498424,185498424,185498424,185498424,185498424,185498424
2019-04-02,28.54,28.54,,,185498424.00644764,5294125021.1440156456,185498424,185498424,185498424,185498424,185498424,185498424,185498424,185498424,185498424,185498424
2019-04-03,28.69,28.69,,,185498424.00834692,5321949784.7994731348,185498424,185498424,185498424,185498424,185498424,185498424,185498424,185498424,185498424,185498424
2019-04-04,29.29,29.29,,,185498423.98554155,5433248838.5365119995,185498424,185498424,185498424,185498424,185498424,185498424,185498424,185498424,185498424,185498424
2019-04-05,29.55,29.55,,,185498423.98780137,5481478428.8395304835,185498424,185498424,185498424,185498424,185498424,185498424,185498424,185498424,185498424,185498424
2019-04-08,29.66,29.66,,,185498423.99368250,5501883255.6526229500,185498424,185498424,185498424,185498424,185498424,185498424,185498424,185498424,185498424,185498424
2019-04-09,29.10,29.10,,,185498424.01798895,5398004138.9234784450,185498424,185498424,185498424,185498424,185498424,185498424,185498424,185498424,185498424,185498424
2019-04-10,29.15,29.15,,,185498423.98256075,5407279059.0916458625,185498424,185498424,185498424,185498424,185498424,185498424,185498424,185498424,185498424,185498424
2019-04-11,28.49,28.49,,,185498424.00581010,5284850099.9255297490,185498424,185498424,185498424,185498424,185498424,185498424,185498424,185498424,185498424,185498424
2019-04-12,28.29,28.29,,,185498424.00323746,5247750415.0515877434,185498424,185498424,185498424,185498424,185498424,185498424,185498424,185498424,185498424,185498424
2019-04-15,27.74,27.74,,,185498423.99000415,5145726281.4827151210,185498424,185498424,185498424,185498424,185498424,185498424,185498424,185498424,185498424,185498424
2019-04-16,27.72,27.72,,,185498423.99211884,5142016313.0615342448,185498424,185498424,185498424,185498424,185498424,185498424,185498424,185498424,185498424,185498424
2019-04-17,27.72,27.72,,,185498423.99211884,5142016313.0615342448,185498424,185498424,185498424,185498424,185498424,185498424,185498424,185498424,185498424,185498424
2019-04-18,26.66,26.66,,,185498424.01153538,4945387984.1475332308,185498424,185498424,185498424,185498424,185498424,185498424,185498424,185498424,185498424,185498424
2019-04-22,28.14,28.14,,,185498424.00128397,5219925651.3961309158,185498424,185498424,185498424,185498424,185498424,185498424,185498424,185498424,185498424,185498424
2019-04-23,28.53,28.53,,,185498424.00748070,5292270036.9334243710,185498424,185498424,185498424,185498424,185498424,185498424,185498424,185498424,185498424,185498424
2019-04-24,28.12,28.12,,,185498423.99749000,5216215682.8094188000,185498424,185498424,185498424,185498424,185498424,185498424,185498424,185498424,185498424,185498424
2019-04-25,27.11,27.11,,,185498424.01748080,5028862275.1139044880,185498424,185498424,185498424,185498424,185498424,185498424,185498424,185498424,185498424,185498424
2019-04-26,26.91,26.91,,,185498424.01486292,4991762590.2399611772,185498424,185498424,185498424,185498424,185498424,185498424,185498424,185498424,185498424,185498424
2019-04-29,26.85,26.85,,,185498424.01530296,4980632684.8108844760,185498424,185498424,185498424,185498424,185498424,185498424,185498424,185498424,185498424,185498424
2019-04-30,26.68,26.68,,,185498424.00932217,4949097952.5687154956,185498424,185498424,185498424,185498424,185498424,185498424,185498424,185498424,185498424,185498424
2019-05-01,26.00,26.00,,,185498423.99734998,4822959023.9310994800,185498424,185498424,185498424,185498424,185498424,185498424,185498424,185498424,185498424,185498424
2019-05-02,25.93,25.93,,,185498423.99889824,4809974134.2914313632,185498424,185498424,185498424,185498424,185498424,185498424,185498424,185498424,185498424,185498424
2019-05-03,26.68,26.68,,,185534703.99735450,4950065902.6494180600,185498424,185498424,185498424,185498424,185498424,185498424,185498424,185498424,185498424,185498424
2019-05-06,25.91,25.91,,,185534704.01764178,4807204181.0970985198,185498424,185498424,185498424,185498424,185498424,185498424,185498424,185498424,185498424,185498424
2019-05-07,25.18,25.18,,,185534703.98812032,4671763846.4208696576,185498424,185498424,185498424,185498424,185498424,185498424,185498424,185498424,185498424,185498424
2019-05-08,24.69,24.69,,,185534704.00558126,4580851841.8978013094,185498424,185498424,185498424,185498424,185498424,185498424,185498424,185498424,185498424,185498424
2019-05-09,24.81,24.81,,,185534703.99722284,4603116006.1710986604,185534704000000,185534704000000,185534704000000,185534704000000,185534704000000,185534704,185534704,185534704,185534704,185534704
2019-05-10,25.04,25.04,,,185534703.98986596,4645788987.9062436384,185534704000000,185534704000000,185534704000000,185534704000000,185534704000000,185534704,185534704,185534704,185534704,185534704
2019-05-13,24.54,24.54,,,185534704.01424396,4553021636.5095467784,185534704000000,185534704000000,185534704000000,185534704000000,185534704000000,185534704,185534704,185534704,185534704,185534704
2019-05-14,25.01,25.01,,,185534704.01229640,4640222947.3475329640,185534704000000,185534704000000,185534704000000,185534704000000,185534704000000,185534704,185534704,185534704,185534704,185534704
2019-05-15,25.01,25.01,,,185534704.01229640,4640222947.3475329640,185534704000000,185534704000000,185534704000000,185534704000000,185534704000000,185534704,185534704,185534704,185534704,185534704
2019-05-16,24.98,24.98,,,185534704.01500213,4634656906.2947532074,185534704000000,185534704000000,185534704000000,185534704000000,185534704000000,185534704,185534704,185534704,185534704,185534704
2019-05-17,24.50,24.50,,,185534704.00363538,4545600248.0890668100,185534704000000,185534704000000,185534704000000,185534704000000,185534704000000,185534704,185534704,185534704,185534704,185534704
2019-05-20,23.99,23.99,,,185534704.01520094,4450977549.3246705506,185534704000000,185534704000000,185534704000000,185534704000000,185534704000000,185534704,185534704,185534704,185534704,185534704
2019-05-21,24.74,24.74,,,185534704.00937387,4590128577.1919095438,185534704000000,185534704000000,185534704000000,185534704000000,185534704000000,185534704,185534704,185534704,185534704,185534704
2019-05-22,24.24,24.24,,,185534703.99112600,4497361224.7448942400,185534704000000,185534704000000,185534704000000,185534704000000,185534704000000,185534704,185534704,185534704,185534704,185534704
2019-05-23,23.24,23.24,,,185534704.02140412,4311826521.4574317488,185534704000000,185534704000000,185534704000000,185534704000000,185534704000000,185534704,185534704,185534704,185534704,185534704
2019-05-24,23.01,23.01,,,185534703.98400557,4269153538.6719681657,185534704000000,185534704000000,185534704000000,185534704000000,185534704000000,185534704,185534704,185534704,185534704,185534704
2019-05-28,22.55,22.55,,,185534703.97816458,4183807574.7076112790,185534704000000,185534704000000,185534704000000,185534704000000,185534704000000,185534704,185534704,185534704,185534704,185534704
2019-05-29,22.46,22.46,,,185534703.98428732,4167109451.4870932072,185534704000000,185534704000000,185534704000000,185534704000000,185534704000000,185534704,185534704,185534704,185534704,185534704
2019-05-30,21.62,21.62,,,185534703.99626900,4011260300.3993357800,185534704000000,185534704000000,185534704000000,185534704000000,185534704000000,185534704,185534704,185534704,185534704,185534704
2019-05-31,21.19,21.19,,,185534703.98715228,3931480377.4877568132,185534704000000,185534704000000,185534704000000,185534704000000,185534704000000,185534704,185534704,185534704,185534704,185534704
2019-06-03,21.51,21.51,,,185534704.02109426,3990851483.4937375326,185534704000000,185534704000000,185534704000000,185534704000000,185534704000000,185534704,185534704,185534704,185534704,185534704
2019-06-04,21.89,21.89,,,185534703.97719910,4061354670.0608882990,185534704000000,185534704000000,185534704000000,185534704000000,185534704000000,185534704,185534704,185534704,185534704,185534704
2019-06-05,21.37,21.37,,,185534704.02335572,3964876624.9791117364,185534704000000,185534704000000,185534704000000,185534704000000,185534704000000,185534704,185534704,185534704,185534704,185534704
2019-06-06,21.57,21.57,,,185534703.99189740,4001983565.1052269180,185534704000000,185534704000000,185534704000000,185534704000000,185534704000000,185534704,185534704,185534704,185534704,185534704
2019-06-07,21.44,21.44,,,185534703.98620480,3977864053.4642309120,185534704000000,185534704000000,185534704000000,185534704000000,185534704000000,185534704,185534704,185534704,185534704,185534704
2019-06-10,21.58,21.58,,,185534704.00708652,4003838912.4729271016,185534704000000,185534704000000,185534704000000,185534704000000,185534704000000,185534704,185534704,185534704,185534704,185534704
2019-06-11,21.67,21.67,,,185534704.00062042,4020537035.6934445014,185534704000000,185534704000000,185534704000000,185534704000000,185534704000000,185534704,185534704,185534704,185534704,185534704
2019-06-12,21.17,21.17,,,185534704.00579485,3927769683.8026769745,185534704000000,185534704000000,185534704000000,185534704000000,185534704000000,185534704,185534704,185534704,185534704,185534704
2019-06-13,21.80,21.80,,,185534703.98350322,4044656546.8403701960,185534704000000,185534704000000,185534704000000,185534704000000,185534704000000,185534704,185534704,185534704,185534704,185534704
2019-06-14,21.73,21.73,,,185534703.99729323,4031669117.8611818879,185534704000000,185534704000000,185534704000000,185534704000000,185534704000000,185534704,185534704,185534704,185534704,185534704
2019-06-17,21.65,21.65,,,185534704.01886207,4016826342.0083638155,185534704000000,185534704000000,185534704000000,185534704000000,185534704000000,185534704,185534704,185534704,185534704,185534704
2019-06-18,22.54,22.54,,,185534704.01021424,4181952228.3902289696,185534704000000,185534704000000,185534704000000,185534704000000,185534704000000,185534704,185534704,185534704,185534704,185534704
2019-06-19,22.40,22.40,,,185534704.01230370,4155977369.8756028800,185534704000000,185534704000000,185534704000000,185534704000000,185534704000000,185534704,185534704,185534704,185534704,185534704
2019-06-20,22.51,22.51,,,185534703.98850295,4176386186.7812014045,185534704000000,185534704000000,185534704000000,185534704000000,185534704000000,185534704,185534704,185534704,185534704,185534704
2019-06-21,22.60,22.60,,,185534703.98237700,4193084310.0017202000,185534704000000,185534704000000,185534704000000,185534704000000,185534704000000,185534704,185534704,185534704,185534704,185534704
2019-06-24,22.22,22.22,,,185534703.97768903,4122581122.3842502466,185534704000000,185534704000000,185534704000000,185534704000000,185534704000000,185534704,185534704,185534704,185534704,185534704
2019-06-25,22.55,22.55,,,185534703.97816458,4183807574.7076112790,185534704000000,185534704000000,185534704000000,185534704000000,185534704000000,185534704,185534704,185534704,185534704,185534704
2019-06-26,23.21,23.21,,,185534703.97907513,4306260479.3543337673,185534704000000,185534704000000,185534704000000,185534704000000,185534704000000,185534704,185534704,185534704,185534704,185534704
2019-06-27,23.13,23.13,,,185534703.99920082,4291417703.5015149666,185534704000000,185534704000000,185534704000000,185534704000000,185534704000000,185534704,185534704,185534704,185534704,185534704
2019-06-28,23.41,23.41,,,185534703.99533390,4343367420.5307665990,185534704000000,185534704000000,185534704000000,185534704000000,185534704000000,185534704,185534704,185534704,185534704,185534704
2019-07-01,22.92,22.92,,,185534704.01429752,4252455416.0076991584,185534704000000,185534704000000,185534704000000,185534704000000,185534704000000,185534704,185534704,185534704,185534704,185534704
2019-07-02,23.30,23.30,,,185534703.99437425,4322958603.0689200250,185534704000000,185534704000000,185534704000000,185534704000000,185534704000000,185534704,185534704,185534704,185534704,185534704
2019-07-03,22.70,22.70,,,185534703.99074608,4211637780.5899360160,185534704000000,185534704000000,185534704000000,185534704000000,185534704000000,185534704,185534704,185534704,185534704,185534704
2019-07-05,23.13,23.13,,,185534703.99920082,4291417703.5015149666,185534704000000,185534704000000,185534704000000,185534704000000,185534704000000,185534704,185534704,185534704,185534704,185534704
2019-07-08,22.30,22.30,,,185534704.00391868,4137423899.2873865640,185534704000000,185534704000000,185534704000000,185534704000000,185534704000000,185534704,185534704,185534704,185534704,185534704
2019-07-09,22.22,22.22,,,185534703.97768903,4122581122.3842502466,185534704000000,185534704000000,185534704000000,185534704000000,185534704000000,185534704,185534704,185534704,185534704,185534704
2019-07-10,22.61,22.61,,,185534703.99687830,4194939657.3694183630,185534704000000,185534704000000,185534704000000,185534704000000,185534704000000,185534704,185534704,185534704,185534704,185534704
2019-07-11,22.50,22.50,,,185534704.02061424,4174530840.4638204000,185534704000000,185534704000000,185534704000000,185534704000000,185534704000000,185534704,185534704,185534704,185534704,185534704
2019-07-12,22.60,22.60,,,185534703.98237700,4193084310.0017202000,185534704000000,185534704000000,185534704000000,185534704000000,185534704000000,185534704,185534704,185534704,185534704,185534704
2019-07-15,23.17,23.17,,,185534703.98912060,4298839091.4279243020,185534704000000,185534704000000,185534704000000,185534704000000,185534704000000,185534704,185534704,185534704,185534704,185534704
2019-07-16,23.32,23.32,,,185534704.00129715,4326669297.3102495380,185534704000000,185534704000000,185534704000000,185534704000000,185534704000000,185534704,185534704,185534704,185534704,185534704
2019-07-17,23.15,23.15,,,185534703.98214230,4295128397.1865942450,185534704000000,185534704000000,185534704000000,185534704000000,185534704000000,185534704,185534704,185534704,185534704,185534704
2019-07-18,23.41,23.41,,,185534703.99533390,4343367420.5307665990,185534704000000,185534704000000,185534704000000,185534704000000,185534704000000,185534704,185534704,185534704,185534704,185534704
2019-07-19,23.11,23.11,,,185534704.01628876,4287707009.8164332436,185534704000000,185534704000000,185534704000000,185534704000000,185534704000000,185534704,185534704,185534704,185534704,185534704
2019-07-22,22.98,22.98,,,185534703.98690987,4263587497.6191888126,185534704000000,185534704000000,185534704000000,185534704000000,185534704000000,185534704,185534704,185534704,185534704,185534704
2019-07-23,22.95,22.95,,,185534704.01134986,4258021457.0604792870,185534704000000,185534704000000,185534704000000,185534704000000,185534704000000,185534704,185534704,185534704,185534704,185534704
2019-07-24,23.56,23.56,,,185534704.00734687,4371197626.4130922572,185534704000000,185534704000000,185534704000000,185534704000000,185534704000000,185534704,185534704,185534704,185534704,185534704
2019-07-25,22.85,22.85,,,185534704.00316247,4239467986.4722624395,185534704000000,185534704000000,185534704000000,185534704000000,185534704000000,185534704,185534704,185534704,185534704,185534704
2019-07-26,23.13,23.13,,,185557343.00855058,4291941343.7877749154,185534704000000,185534704000000,185534704000000,185534704000000,185534704000000,185534704,185534704,185534704,185534704,185534704
2019-07-29,23.12,23.12,,,185557342.99758318,4290085770.1041231216,185534704000000,185534704000000,185534704000000,185534704000000,185534704000000,185534704,185534704,185534704,185534704,185534704
2019-07-30,23.04,23.04,,,185557343.02203664,4275241183.2277241856,185534704000000,185534704000000,185534704000000,185534704000000,185534704000000,185534704,185534704,185534704,185534704,185534704
2019-07-31,22.49,22.49,,,185557343.01299235,4173184644.3621979515,185557343000000,185557343000000,185557343000000,185557343000000,185557343000000,185557343,185557343,185557343,185557343,185557343
2019-08-01,21.33,21.33,,,185557342.98137197,3957938125.7926641201,185557343000000,185557343000000,185557343000000,185557343000000,185557343000000,185557343,185557343,185557343,185557343,185557343
2019-08-02,20.71,20.71,,,185557343.00986925,3842892573.7343921675,185557343000000,185557343000000,185557343000000,185557343000000,185557343000000,185557343,185557343,185557343,185557343,185557343
2019-08-05,20.15,20.15,,,185557342.98685932,3738980461.1852152980,185557343000000,185557343000000,185557343000000,185557343000000,185557343000000,185557343,185557343,185557343,185557343,185557343
2019-08-06,19.89,19.89,,,185557342.99338335,3690735552.1383948315,185557343000000,185557343000000,185557343000000,185557343000000,185557343000000,185557343,185557343,185557343,185557343,185557343
2019-08-07,19.58,19.58,,,185557342.98894970,3633212775.7236351260,185557343000000,185557343000000,185557343000000,185557343000000,185557343000000,185557343,185557343,185557343,185557343,185557343
2019-08-08,20.12,20.12,,,185557342.98735130,3733413740.9055081560,185557343000000,185557343000000,185557343000000,185557343000000,185557343000000,185557343,185557343,185557343,185557343,185557343
2019-08-09,19.21,19.21,,,185557342.98539615,3564556558.7494600415,185557343000000,185557343000000,185557343000000,185557343000000,185557343000000,185557343,185557343,185557343,185557343,185557343
2019-08-12,18.52,18.52,,,185557343.00475820,3436521992.4481218640,185557343000000,185557343000000,185557343000000,185557343000000,185557343000000,185557343,185557343,185557343,185557343,185557343
2019-08-13,19.11,19.11,,,185557342.98826566,3546000824.5057567626,185557343000000,185557343000000,185557343000000,185557343000000,185557343000000,185557343,185557343,185557343,185557343,185557343
2019-08-14,17.50,17.50,,,185557342.99226967,3247253502.3647192250,185557343000000,185557343000000,185557343000000,185557343000000,185557343000000,185557343,185557343,185557343,185557343,185557343
2019-08-15,16.92,16.92,,,185557342.97987510,3139630243.2194866920,185557343000000,185557343000000,185557343000000,185557343000000,185557343000000,185557343,185557343,185557343,185557343,185557343
2019-08-16,17.52,17.52,,,185557342.97721317,3250964648.9607747384,185557343000000,185557343000000,185557343000000,185557343000000,185557343000000,185557343,185557343,185557343,185557343,185557343
2019-08-19,18.23,18.23,,,185557343.02801240,3382710363.4006660520,185557343000000,185557343000000,185557343000000,185557343000000,185557343000000,185557343,185557343,185557343,185557343,185557343
2019-08-20,18.31,18.31,,,185557342.99710890,3397554950.2770639590,185557343000000,185557343000000,185557343000000,185557343000000,185557343000000,185557343,185557343,185557343,185557343,185557343
2019-08-21,18.47,18.47,,,185557342.97786194,3427244124.8011100318,185557343000000,185557343000000,185557343000000,185557343000000,185557343000000,185557343,185557343,185557343,185557343,185557343
2019-08-22,18.05,18.05,,,185557343.01990652,3349310041.5093126860,185557343000000,185557343000000,185557343000000,185557343000000,185557343000000,185557343,185557343,185557343,185557343,185557343
2019-08-23,17.48,17.48,,,185557343.02332565,3243542356.0477323620,185557343000000,185557343000000,185557343000000,185557343000000,185557343000000,185557343,185557343,185557343,185557343,185557343
2019-08-26,17.17,17.17,,,185557343.00255698,3186019579.3539033466,185557343000000,185557343000000,185557343000000,185557343000000,185557343000000,185557343,185557343,185557343,185557343,185557343
2019-08-27,16.73,16.73,,,185557343.00153813,3104374348.4157329149,185557343000000,185557343000000,185557343000000,185557343000000,185557343000000,185557343,185557343,185557343,185557343,185557343
2019-08-28,17.01,17.01,,,185557343.02350712,3156330404.8298561112,185557343000000,185557343000000,185557343000000,185557343000000,185557343000000,185557343,185557343,185557343,185557343,185557343
2019-08-29,17.80,17.80,,,185557342.98291165,3302920705.0958273700,185557343000000,185557343000000,185557343000000,185557343000000,185557343000000,185557343,185557343,185557343,185557343,185557343
2019-08-30,17.93,17.93,,,185557342.97932163,3327043159.6192368259,185557343000000,185557343000000,185557343000000,185557343000000,185557343000000,185557343,185557343,185557343,185557343,185557343
2019-09-03,17.61,17.61,,,185557343.00352493,3267664810.2920740173,185557343000000,185557343000000,185557343000000,185557343000000,185557343000000,185557343,185557343,185557343,185557343,185557343
2019-09-04,18.28,18.28,,,185557342.99766722,3391988229.9973567816,185557343000000,185557343000000,185557343000000,185557343000000,185557343000000,185557343,185557343,185557343,185557343,185557343
2019-09-05,19.62,19.62,,,185557342.98715204,3640635069.4079230248,185557343000000,185557343000000,185557343000000,185557343000000,185557343000000,185557343,185557343,185557343,185557343,185557343
2019-09-06,19.11,19.11,,,185557342.98826566,3546000824.5057567626,185557343000000,185557343000000,185557343000000,185557343000000,185557343000000,185557343,185557343,185557343,185557343,185557343
2019-09-09,20.30,20.30,,,185557343.00866640,3766814063.0759279200,185557343000000,185557343000000,185557343000000,185557343000000,185557343000000,185557343,185557343,185557343,185557343,185557343
2019-09-10,20.83,20.83,,,185557342.99443830,3865159454.5741497890,185557343000000,185557343000000,185557343000000,185557343000000,185557343000000,185557343,185557343,185557343,185557343,185557343
2019-09-11,22.18,22.18,,,185557342.99677044,4115661867.6683683592,185557343000000,185557343000000,185557343000000,185557343000000,185557343000000,185557343,185557343,185557343,185557343,185557343
2019-09-12,22.56,22.56,,,185557343.01091290,4186173658.3261950240,185557343000000,185557343000000,185557343000000,185557343000000,185557343000000,185557343,185557343,185557343,185557343,185557343
2019-09-13,22.89,22.89,,,185557343.00292750,4247407581.3370104750,185557343000000,185557343000000,185557343000000,185557343000000,185557343000000,185557343,185557343,185557343,185557343,185557343
2019-09-16,22.56,22.56,,,185557343.01091290,4186173658.3261950240,185557343000000,185557343000000,185557343000000,185557343000000,185557343000000,185557343,185557343,185557343,185557343,185557343
2019-09-17,22.03,22.03,,,185557342.97674330,4087828265.7776548990,185557343000000,185557343000000,185557343000000,185557343000000,185557343000000,185557343,185557343,185557343,185557343,185557343
2019-09-18,21.67,21.67,,,185557342.98510070,4021027622.4871321690,185557343000000,185557343000000,185557343000000,185557343000000,185557343000000,185557343,185557343,185557343,185557343,185557343
2019-09-19,21.94,21.94,,,185557342.99077502,4071128105.2176039388,185557343000000,185557343000000,185557343000000,185557343000000,185557343000000,185557343,185557343,185557343,185557343,185557343
2019-09-20,21.70,21.70,,,185557342.98464698,4026594342.7668394660,185557343000000,185557343000000,185557343000000,185557343000000,185557343000000,185557343,185557343,185557343,185557343,185557343
2019-09-23,21.30,21.30,,,185557342.99493090,3952371405.7920281700,185557343000000,185557343000000,185557343000000,185557343000000,185557343000000,185557343,185557343,185557343,185557343,185557343
2019-09-24,20.62,20.62,,,185557343.02494383,3826192413.1743417746,185557343000000,185557343000000,185557343000000,185557343000000,185557343000000,185557343,185557343,185557343,185557343,185557343
2019-09-25,21.50,21.50,,,185557342.98974110,3989482874.2794336500,185557343000000,185557343000000,185557343000000,185557343000000,185557343000000,185557343,185557343,185557343,185557343,185557343
2019-09-26,20.99,20.99,,,185557342.97752246,3894848629.0981964354,185557343000000,185557343000000,185557343000000,185557343000000,185557343000000,185557343,185557343,185557343,185557343,185557343
2019-09-27,20.61,20.61,,,185557343.01264870,3824336839.4906897070,185557343000000,185557343000000,185557343000000,185557343000000,185557343000000,185557343,185557343,185557343,185557343,185557343
2019-09-30,20.07,20.07,,,185557343.01488867,3724135874.3088156069,185557343000000,185557343000000,185557343000000,185557343000000,185557343000000,185557343,185557343,185557343,185557343,185557343
2019-10-01,19.86,19.86,,,185557343.00794348,3685168832.1377575128,185557343000000,185557343000000,185557343000000,185557343000000,185557343000000,185557343,185557343,185557343,185557343,185557343
2019-10-02,19.30,19.30,,,185557343.02382535,3581256720.3598292550,185557343000000,185557343000000,185557343000000,185557343000000,185557343000000,185557343,185557343,185557343,185557343,185557343
2019-10-03,19.05,19.05,,,185557343.00395867,3534867384.2254126635,185557343000000,185557343000000,185557343000000,185557343000000,185557343000000,185557343,185557343,185557343,185557343,185557343
2019-10-04,19.45,19.45,,,185557342.99229947,3609090321.2002246915,185557343000000,185557343000000,185557343000000,185557343000000,185557343000000,185557343,185557343,185557343,185557343,185557343
2019-10-07,19.25,19.25,,,185557342.99806850,3571978852.7128186250,185557343000000,185557343000000,185557343000000,185557343000000,185557343000000,185557343,185557343,185557343,185557343,185557343
2019-10-08,18.49,18.49,,,185557343.02041560,3430955272.4474844440,185557343000000,185557343000000,185557343000000,185557343000000,185557343000000,185557343,185557343,185557343,185557343,185557343
2019-10-09,18.41,18.41,,,185557342.99406666,3416110684.5207672106,185557343000000,185557343000000,185557343000000,185557343000000,185557343000000,185557343,185557343,185557343,185557343,185557343
2019-10-10,18.69,18.69,,,185557343.01417285,3468066740.9348905665,185557343000000,185557343000000,185557343000000,185557343000000,185557343000000,185557343,185557343,185557343,185557343,185557343
2019-10-11,19.28,19.28,,,185557342.98306300,3577545572.7134546400,185557343000000,185557343000000,185557343000000,185557343000000,185557343000000,185557343,185557343,185557343,185557343,185557343
2019-10-14,19.17,19.17,,,185557342.97267088,3557134264.7861007696,185557343000000,185557343000000,185557343000000,185557343000000,185557343000000,185557343,185557343,185557343,185557343,185557343
2019-10-15,19.46,19.46,,,185557343.00533795,3610945894.8838765070,185557343000000,185557343000000,185557343000000,185557343000000,185557343000000,185557343,185557343,185557343,185557343,185557343
2019-10-16,19.16,19.16,,,185557343.01423630,3555278692.1527675080,185557343000000,185557343000000,185557343000000,185557343000000,185557343000000,185557343,185557343,185557343,185557343,185557343
2019-10-17,20.30,20.30,,,185557343.00866640,3766814063.0759279200,185557343000000,185557343000000,185557343000000,185557343000000,185557343000000,185557343,185557343,185557343,185557343,185557343
2019-10-18,21.54,21.54,,,185557343.00105813,3996905168.2427921202,185557343000000,185557343000000,185557343000000,185557343000000,185557343000000,185557343,185557343,185557343,185557343,185557343
2019-10-21,20.47,20.47,,,185557343.00359684,3798358811.2836273148,185557343000000,185557343000000,185557343000000,185557343000000,185557343000000,185557343,185557343,185557343,185557343,185557343
2019-10-22,20.73,20.73,,,185557342.99712723,3846603720.3304474779,185557343000000,185557343000000,185557343000000,185557343000000,185557343000000,185557343,185557343,185557343,185557343,185557343
2019-10-23,21.28,21.28,,,185557343.00732952,3948660259.1959721856,185557343000000,185557343000000,185557343000000,185557343000000,185557343000000,185557343,185557343,185557343,185557343,185557343
2019-10-24,20.74,20.74,,,185557343.00935864,3848459294.0140981936,185557343000000,185557343000000,185557343000000,185557343000000,185557343000000,185557343,185557343,185557343,185557343,185557343
2019-10-25,21.02,21.02,,,185557342.97706488,3900415349.3779037776,185557343000000,185557343000000,185557343000000,185557343000000,185557343000000,185557343,185557343,185557343,185557343,185557343
2019-10-28,21.52,21.52,,,185557343.01332420,3993194021.6467367840,185557343000000,185557343000000,185557343000000,185557343000000,185557343000000,185557343,185557343,185557343,185557343,185557343
2019-10-29,21.60,21.60,,,185572917.01515180,4008375007.5272788800,185557343000000,185557343000000,185557343000000,185557343000000,185557343000000,185557343,185557343,185557343,185557343,185557343
2019-10-30,21.29,21.29,,,185572917.02022693,3950847403.3606313397,185557343000000,185557343000000,185557343000000,185557343000000,185557343000000,185557343,185557343,185557343,185557343,185557343
2019-10-31,20.79,20.79,,,185572916.99504900,3858060944.3270687100,185572917,185572917,185572917,185572917,185572917,185572917,185572917,185572917,185572917,185572917
2019-11-01,21.87,21.87,,,185572917.01685214,4058479695.1585563018,185572917,185572917,185572917,185572917,185572917,185572917,185572917,185572917,185572917,185572917
2019-11-04,22.91,22.91,,,185572917.01050780,4251475528.7107336980,185572917,185572917,185572917,185572917,185572917,185572917,185572917,185572917,185572917,185572917
2019-11-05,22.59,22.59,,,185572916.98825544,4192092194.7646903896,185572917,185572917,185572917,185572917,185572917,185572917,185572917,185572917,185572917,185572917
2019-11-06,21.90,21.90,,,185572917.01037850,4064046882.5272891500,185572917,185572917,185572917,185572917,185572917,185572917,185572917,185572917,185572917,185572917
2019-11-07,22.56,22.56,,,185572917.00808224,4186525007.7023353344,185572917,185572917,185572917,185572917,185572917,185572917,185572917,185572917,185572917,185572917
2019-11-08,22.53,22.53,,,185572916.98134318,4180957819.5896618454,185572917,185572917,185572917,185572917,185572917,185572917,185572917,185572917,185572917,185572917
2019-11-11,22.22,22.22,,,185572917.01921487,4123430216.1669544114,185572917,185572917,185572917,185572917,185572917,185572917,185572917,185572917,185572917,185572917
2019-11-12,22.18,22.18,,,185572916.97841590,4116007298.5812646620,185572917,185572917,185572917,185572917,185572917,185572917,185572917,185572917,185572917,185572917
2019-11-13,21.22,21.22,,,185572916.98426998,3937857298.4062089756,185572917,185572917,185572917,185572917,185572917,185572917,185572917,185572917,185572917,185572917
2019-11-14,20.99,20.99,,,185572916.97524068,3895175527.3103018732,185572917,185572917,185572917,185572917,185572917,185572917,185572917,185572917,185572917,185572917
2019-11-15,20.89,20.89,,,185572917.01023670,3876618236.3438446630,185572917,185572917,185572917,185572917,185572917,185572917,185572917,185572917,185572917,185572917
2019-11-18,20.76,20.76,,,185572917.01660478,3852493757.2647152328,185572917,185572917,185572917,185572917,185572917,185572917,185572917,185572917,185572917,185572917
2019-11-19,20.57,20.57,,,185572917.00068933,3817234902.7041795181,185572917,185572917,185572917,185572917,185572917,185572917,185572917,185572917,185572917,185572917
2019-11-20,20.37,20.37,,,185572917.02115590,3780120319.7209456830,185572917,185572917,185572917,185572917,185572917,185572917,185572917,185572917,185572917,185572917
2019-11-21,20.15,20.15,,,185572917.01199394,3739294277.7916778910,185572917,185572917,185572917,185572917,185572917,185572917,185572917,185572917,185572917,185572917
2019-11-22,20.56,20.56,,,185572916.98595148,3815379173.2311624288,185572917,185572917,185572917,185572917,185572917,185572917,185572917,185572917,185572917,185572917
2019-11-25,20.44,20.44,,,185572916.99210720,3793110423.3186711680,185572917,185572917,185572917,185572917,185572917,185572917,185572917,185572917,185572917,185572917
2019-11-26,20.26,20.26,,,185572916.99067882,3759707298.2311528932,185572917,185572917,185572917,185572917,185572917,185572917,185572917,185572917,185572917,185572917
2019-11-27,20.60,20.60,,,185572916.97895795,3822802089.7665337700,185572917,185572917,185572917,185572917,185572917,185572917,185572917,185572917,185572917,185572917
2019-11-29,20.35,20.35,,,185572916.99139620,3776408860.7749126700,185572917,185572917,185572917,185572917,185572917,185572917,185572917,185572917,185572917,185572917
2019-12-02,20.33,20.33,,,185572916.97664806,3772697402.1352550598,185572917,185572917,185572917,185572917,185572917,185572917,185572917,185572917,185572917,185572917
2019-12-03,19.79,19.79,,,185572917.00943112,3672488027.6166418648,185572917,185572917,185572917,185572917,185572917,185572917,185572917,185572917,185572917,185572917
2019-12-04,19.76,19.76,,,185572916.97894573,3666920839.5039676248,185572917,185572917,185572917,185572917,185572917,185572917,185572917,185572917,185572917,185572917
2019-12-05,19.87,19.87,,,185572916.99483564,3687333860.6873841668,185572917,185572917,185572917,185572917,185572917,185572917,185572917,185572917,185572917,185572917
2019-12-06,20.60,20.60,,,185572916.97895795,3822802089.7665337700,185572917,185572917,185572917,185572917,185572917,185572917,185572917,185572917,185572917,185572917
2019-12-09,20.25,20.25,,,185572916.97571045,3757851568.7581366125,185572917,185572917,185572917,185572917,185572917,185572917,185572917,185572917,185572917,185572917
2019-12-10,20.65,20.65,,,185572916.98667902,3832080735.7749217630,185572917,185572917,185572917,185572917,185572917,185572917,185572917,185572917,185572917,185572917
2019-12-11,20.65,20.65,,,185572916.98667902,3832080735.7749217630,185572917,185572917,185572917,185572917,185572917,185572917,185572917,185572917,185572917,185572917
2019-12-12,21.26,21.26,,,185572916.97749674,3945280214.9415806924,185572917,185572917,185572917,185572917,185572917,185572917,185572917,185572917,185572917,185572917
2019-12-13,20.69,20.69,,,185572916.97971450,3839503652.3102930050,185572917,185572917,185572917,185572917,185572917,185572917,185572917,185572917,185572917,185572917
2019-12-16,20.98,20.98,,,185572917.01084860,3893319798.8876036280,185572917,185572917,185572917,185572917,185572917,185572917,185572917,185572917,185572917,185572917
2019-12-17,20.71,20.71,,,185572917.00899693,3843215111.2563264203,185572917,185572917,185572917,185572917,185572917,185572917,185572917,185572917,185572917,185572917
2019-12-18,20.95,20.95,,,185572916.98209690,3887752610.7749300550,185572917,185572917,185572917,185572917,185572917,185572917,185572917,185572917,185572917,185572917
2019-12-19,21.47,21.47,,,185572917.02133903,3984250528.4481489741,185572917,185572917,185572917,185572917,185572917,185572917,185572917,185572917,185572917,185572917
2019-12-20,21.23,21.23,,,185572916.99855042,3939713027.8792254166,185572917,185572917,185572917,185572917,185572917,185572917,185572917,185572917,185572917,185572917
2019-12-23,21.48,21.48,,,185572916.98653847,3986106256.8708463356,185572917,185572917,185572917,185572917,185572917,185572917,185572917,185572917,185572917,185572917
2019-12-24,21.58,21.58,,,185572917.00128007,4004663548.8876239106,185572917,185572917,185572917,185572917,185572917,185572917,185572917,185572917,185572917,185572917
2019-12-26,21.45,21.45,,,185572916.99310562,3980539069.5021155490,185572917,185572917,185572917,185572917,185572917,185572917,185572917,185572917,185572917,185572917
2019-12-27,21.58,21.58,,,185572917.00128007,4004663548.8876239106,185572917,185572917,185572917,185572917,185572917,185572917,185572917,185572917,185572917,185572917
2019-12-30,21.34,21.34,,,185572916.97838327,3960126048.3186989818,185572917,185572917,185572917,185572917,185572917,185572917,185572917,185572917,185572917,185572917
2019-12-31,21.51,21.51,,,185572917.01457554,3991673444.9835198654,185572917,185572917,185572917,185572917,185572917,185572917,185572917,185572917,185572917,185572917
2020-01-02,21.42,21.42,,,185572917.01399446,3974971882.4397613332,185572917,185572917,185572917,185572917,185572917,185572917,185572917,185572917,185572917,185572917
2020-01-03,21.50,21.50,,,185572917.00048852,3989817715.5105031800,185572917,185572917,185572917,185572917,185572917,185572917,185572917,185572917,185572917,185572917
2020-01-06,21.00,21.00,,,185572916.98968184,3897031256.7833186400,185572917,185572917,185572917,185572917,185572917,185572917,185572917,185572917,185572917,185572917
2020-01-07,21.32,21.32,,,185572916.99920192,3956414590.4229849344,185572917,185572917,185572917,185572917,185572917,185572917,185572917,185572917,185572917,185572917
2020-01-08,20.46,20.46,,,185572917.02173534,3796821882.2647050564,185572917,185572917,185572917,185572917,185572917,185572917,185572917,185572917,185572917,185572917
2020-01-09,19.81,19.81,,,185572916.98699424,3676199485.5123558944,185572917,185572917,185572917,185572917,185572917,185572917,185572917,185572917,185572917,185572917
2020-01-10,19.45,19.45,,,185572917.02217278,3609393236.0812605710,185572917,185572917,185572917,185572917,185572917,185572917,185572917,185572917,185572917,185572917
2020-01-13,19.61,19.61,,,185572917.00811440,3639084902.5291233840,185572917,185572917,185572917,185572917,185572917,185572917,185572917,185572917,185572917,185572917
2020-01-14,20.37,20.37,,,185572917.02115590,3780120319.7209456830,185572917,185572917,185572917,185572917,185572917,185572917,185572917,185572917,185572917,185572917
2020-01-15,20.18,20.18,,,185572917.00497574,3744861465.1604104332,185572917,185572917,185572917,185572917,185572917,185572917,185572917,185572917,185572917,185572917
2020-01-16,17.78,17.78,,,185572917.02602756,3299486464.7227700168,185572917,185572917,185572917,185572917,185572917,185572917,185572917,185572917,185572917,185572917
2020-01-17,17.69,17.69,,,185572917.02538220,3282784902.1790111180,185572917,185572917,185572917,185572917,185572917,185572917,185572917,185572917,185572917,185572917
2020-01-21,17.12,17.12,,,185572917.02965680,3177008339.5477244160,185572917,185572917,185572917,185572917,185572917,185572917,185572917,185572917,185572917,185572917
2020-01-22,16.59,16.59,,,185572917.02542546,3078654693.4518083814,185572917,185572917,185572917,185572917,185572917,185572917,185572917,185572917,185572917,185572917
2020-01-23,16.29,16.29,,,185572917.03203177,3022982818.4517975333,185572917,185572917,185572917,185572917,185572917,185572917,185572917,185572917,185572917,185572917
2020-01-24,15.51,15.51,,,185572916.99679690,2878235942.6203199190,185572917,185572917,185572917,185572917,185572917,185572917,185572917,185572917,185572917,185572917
2020-01-27,14.87,14.87,,,185572917.01983386,2759469276.0849294982,185572917,185572917,185572917,185572917,185572917,185572917,185572917,185572917,185572917,185572917
2020-01-28,14.71,14.71,,,185572916.96714815,2729777608.5867492865,185572917,185572917,185572917,185572917,185572917,185572917,185572917,185572917,185572917,185572917
2020-01-29,14.50,14.50,,,185572916.99564660,2690807296.4368757000,185572917,185572917,185572917,185572917,185572917,185572917,185572917,185572917,185572917,185572917
2020-01-30,14.29,14.29,,,185572917.00354272,2651836983.9806254688,185572917,185572917,185572917,185572917,185572917,185572917,185572917,185572917,185572917,185572917
2020-01-31,13.95,13.95,,,185572917.02116445,2588742192.4452440775,185572917,185572917,185572917,185572917,185572917,185572917,185572917,185572917,185572917,185572917
2020-02-03,14.24,14.24,,,185572916.99243240,2642558337.9722373760,185572917,185572917,185572917,185572917,185572917,185572917,185572917,185572917,185572917,185572917
2020-02-04,14.70,14.70,,,185572917.01796255,2727921880.1640494850,185572917,185572917,185572917,185572917,185572917,185572917,185572917,185572917,185572917,185572917
2020-02-05,15.81,15.81,,,185572916.97115448,2933907817.3139523288,185572917,185572917,185572917,185572917,185572917,185572917,185572917,185572917,185572917,185572917
2020-02-06,15.92,15.92,,,185572917.01028547,2954320838.8037446824,185572917,185572917,185572917,185572917,185572917,185572917,185572917,185572917,185572917,185572917
2020-02-07,15.55,15.55,,,185572916.98750420,2885658859.1556903100,185572917,185572917,185572917,185572917,185572917,185572917,185572917,185572917,185572917,185572917
2020-02-10,15.42,15.42,,,185572916.97601712,2861534379.7701839904,185572917,185572917,185572917,185572917,185572917,185572917,185572917,185572917,185572917,185572917
2020-02-11,15.74,15.74,,,185572917.00865480,2920917713.7162265520,185572917,185572917,185572917,185572917,185572917,185572917,185572917,185572917,185572917,185572917
2020-02-12,15.76,15.76,,,185572917.02765745,2924629172.3558814120,185572917,185572917,185572917,185572917,185572917,185572917,185572917,185572917,185572917,185572917
2020-02-13,15.75,15.75,,,185572917.00843588,2922773442.8828651100,185572917,185572917,185572917,185572917,185572917,185572917,185572917,185572917,185572917,185572917
2020-02-14,15.67,15.67,,,185915242.00197062,2913291842.1708796154,185572917,185572917,185572917,185572917,185572917,185572917,185572917,185572917,185572917,185572917
2020-02-18,15.98,15.98,,,185915242.00757180,2970925567.2809973640,185572917,185572917,185572917,185572917,185572917,185572917,185572917,185572917,185572917,185572917
2020-02-19,16.70,16.70,,,185915241.98265398,3104784541.1103214660,185572917,185572917,185572917,185572917,185572917,185572917,185572917,185572917,185572917,185572917
2020-02-20,16.10,16.10,,,185915241.99703825,2993235396.1523158250,185572917,185572917,185572917,185572917,185572917,185572917,185572917,185572917,185572917,185572917
2020-02-21,16.10,16.10,,,185915241.99703825,2993235396.1523158250,185915242,185915242,185915242,185915242,185915242,185915242,185915242,185915242,185915242,185915242
2020-02-24,15.36,15.36,,,185915242.03198830,2855658117.6113402880,185915242,185915242,185915242,185915242,185915242,185915242,185915242,185915242,185915242,185915242
2020-02-25,14.50,14.50,,,185915241.97228600,2695771008.5981470000,185915242,185915242,185915242,185915242,185915242,185915242,185915242,185915242,185915242,185915242
2020-02-26,14.12,14.12,,,185915242.01286867,2625123217.2217056204,185915242,185915242,185915242,185915242,185915242,185915242,185915242,185915242,185915242,185915242
2020-02-27,13.46,13.46,,,185915241.97827578,2502419157.0275919988,185915242,185915242,185915242,185915242,185915242,185915242,185915242,185915242,185915242,185915242
2020-02-28,13.87,13.87,,,185915241.98250730,2578644406.2973762510,185915242,185915242,185915242,185915242,185915242,185915242,185915242,185915242,185915242,185915242
2020-03-02,13.73,13.73,,,185915241.96386224,2552616272.1638285552,185915242,185915242,185915242,185915242,185915242,185915242,185915242,185915242,185915242,185915242
2020-03-03,12.94,12.94,,,185915242.00290582,2405743231.5176013108,185915242,185915242,185915242,185915242,185915242,185915242,185915242,185915242,185915242,185915242
2020-03-04,12.88,12.88,,,185915241.99006760,2394588316.8320706880,185915242,185915242,185915242,185915242,185915242,185915242,185915242,185915242,185915242,185915242
2020-03-05,11.89,11.89,,,185915242.04091730,2210532227.8665066970,185915242,185915242,185915242,185915242,185915242,185915242,185915242,185915242,185915242,185915242
2020-03-06,11.01,11.01,,,185915241.97471976,2046926814.1416645576,185915242,185915242,185915242,185915242,185915242,185915242,185915242,185915242,185915242,185915242
2020-03-09,8.69,8.69,,,185915242.03198087,1615603453.2579137603,185915242,185915242,185915242,185915242,185915242,185915242,185915242,185915242,185915242,185915242
2020-03-10,9.26,9.26,,,185915242.04890886,1721575141.3728960436,185915242,185915242,185915242,185915242,185915242,185915242,185915242,185915242,185915242,185915242
2020-03-11,9.20,9.20,,,185915242.03123572,1710420226.6873686240,185915242,185915242,185915242,185915242,185915242,185915242,185915242,185915242,185915242,185915242
2020-03-12,7.51,7.51,,,185915241.95127410,1396223467.0540684910,185915242,185915242,185915242,185915242,185915242,185915242,185915242,185915242,185915242,185915242
2020-03-13,8.00,8.00,,,185915242.03395173,1487321936.2716138400,185915242,185915242,185915242,185915242,185915242,185915242,185915242,185915242,185915242,185915242
2020-03-16,6.82,6.82,,,185915242.01869622,1267941950.5675082204,185915242,185915242,185915242,185915242,185915242,185915242,185915242,185915242,185915242,185915242
2020-03-17,7.00,7.00,,,185915242.02502775,1301406694.1751942500,185915242,185915242,185915242,185915242,185915242,185915242,185915242,185915242,185915242,185915242
2020-03-18,5.75,5.75,,,185915241.93990320,1069012641.1544434000,185915242,185915242,185915242,185915242,185915242,185915242,185915242,185915242,185915242,185915242
2020-03-19,5.83,5.83,,,185915242.04154432,1083885861.1022033856,185915242,185915242,185915242,185915242,185915242,185915242,185915242,185915242,185915242,185915242
2020-03-20,5.48,5.48,,,185915241.97412553,1018815526.0182079044,185915242,185915242,185915242,185915242,185915242,185915242,185915242,185915242,185915242,185915242
2020-03-23,5.67,5.67,,,185915241.92353290,1054139421.7064315430,185915242,185915242,185915242,185915242,185915242,185915242,185915242,185915242,185915242,185915242
2020-03-24,7.27,7.27,,,185915242.06481066,1351603809.8111734982,185915242,185915242,185915242,185915242,185915242,185915242,185915242,185915242,185915242,185915242
2020-03-25,7.09,7.09,,,185915241.98924490,1318139065.7037463410,185915242,185915242,185915242,185915242,185915242,185915242,185915242,185915242,185915242,185915242
2020-03-26,6.84,6.84,,,185915241.92681542,1271660254.7794174728,185915242,185915242,185915242,185915242,185915242,185915242,185915242,185915242,185915242,185915242
2020-03-27,6.55,6.55,,,185915241.97427920,1217744834.9315287600,185915242,185915242,185915242,185915242,185915242,185915242,185915242,185915242,185915242,185915242
2020-03-30,6.07,6.07,,,185915242.07502767,1128505519.3954179569,185915242,185915242,185915242,185915242,185915242,185915242,185915242,185915242,185915242,185915242
2020-03-31,6.16,6.16,,,185915242.03311226,1145237890.9239715216,185915242,185915242,185915242,185915242,185915242,185915242,185915242,185915242,185915242,185915242
2020-04-01,6.25,6.25,,,185915241.99240413,1161970262.4525258125,185915242,185915242,185915242,185915242,185915242,185915242,185915242,185915242,185915242,185915242
2020-04-02,6.08,6.08,,,185915241.93687700,1130364670.9762121600,185915242,185915242,185915242,185915242,185915242,185915242,185915242,185915242,185915242,185915242
2020-04-03,5.97,5.97,,,185915242.08304012,1109913995.2357495164,185915242,185915242,185915242,185915242,185915242,185915242,185915242,185915242,185915242,185915242
2020-04-06,6.55,6.55,,,185915241.97427920,1217744834.9315287600,185915242,185915242,185915242,185915242,185915242,185915242,185915242,185915242,185915242,185915242
2020-04-07,7.03,7.03,,,185915242.03669396,1306984151.5179585388,185915242,185915242,185915242,185915242,185915242,185915242,185915242,185915242,185915242,185915242
2020-04-08,7.26,7.26,,,185915242.03582072,1349744657.1800584272,185915242,185915242,185915242,185915242,185915242,185915242,185915242,185915242,185915242,185915242
2020-04-09,7.41,7.41,,,185915241.95605955,1377631942.8944012655,185915242,185915242,185915242,185915242,185915242,185915242,185915242,185915242,185915242,185915242
2020-04-13,7.55,7.55,,,185915241.99045673,1403660077.0279483115,185915242,185915242,185915242,185915242,185915242,185915242,185915242,185915242,185915242,185915242
2020-04-14,7.72,7.72,,,185915242.03423035,1435265668.5042583020,185915242,185915242,185915242,185915242,185915242,185915242,185915242,185915242,185915242,185915242
2020-04-15,7.26,7.26,,,185915242.03582072,1349744657.1800584272,185915242,185915242,185915242,185915242,185915242,185915242,185915242,185915242,185915242,185915242
2020-04-16,6.96,6.96,,,185915242.05474904,1293970084.7010533184,185915242,185915242,185915242,185915242,185915242,185915242,185915242,185915242,185915242,185915242
2020-04-17,7.59,7.59,,,185915242.02922618,1411096687.0018267062,185915242,185915242,185915242,185915242,185915242,185915242,185915242,185915242,185915242,185915242
2020-04-20,7.45,7.45,,,185915241.99574235,1385068552.8682805075,185915242,185915242,185915242,185915242,185915242,185915242,185915242,185915242,185915242,185915242
2020-04-21,7.32,7.32,,,185915241.98986986,1360899571.3658473752,185915242,185915242,185915242,185915242,185915242,185915242,185915242,185915242,185915242,185915242
2020-04-22,7.55,7.55,,,185915241.99045673,1403660077.0279483115,185915242,185915242,185915242,185915242,185915242,185915242,185915242,185915242,185915242,185915242
2020-04-23,7.29,7.29,,,185915242.04702628,1355322114.5228215812,185915242,185915242,185915242,185915242,185915242,185915242,185915242,185915242,185915242,185915242
2020-04-24,7.15,7.15,,,185918828.93867058,1329319626.9114946470,185915242,185915242,185915242,185915242,185915242,185915242,185915242,185915242,185915242,185915242
2020-04-27,7.37,7.37,,,185918828.97005802,1370221769.5093276074,185915242,185915242,185915242,185915242,185915242,185915242,185915242,185915242,185915242,185915242
2020-04-28,7.84,7.84,,,185918828.97486737,1457603619.1629601808,185915242,185915242,185915242,185915242,185915242,185915242,185915242,185915242,185915242,185915242
2020-04-29,8.67,8.67,,,185918829.01654834,1611916247.5734741078,185918829,185918829,185918829,185918829,185918829,185918829,185918829,185918829,185918829,185918829
2020-04-30,8.15,8.15,,,185918829.06335378,1515238456.8663333070,185918829,185918829,185918829,185918829,185918829,185918829,185918829,185918829,185918829,185918829
2020-05-01,7.69,7.69,,,185918828.94449300,1429715794.5831511700,185918829,185918829,185918829,185918829,185918829,185918829,185918829,185918829,185918829,185918829
2020-05-04,7.80,7.80,,,185918829.02656773,1450166866.4072282940,185918829,185918829,185918829,185918829,185918829,185918829,185918829,185918829,185918829,185918829
2020-05-05,7.81,7.81,,,185918829.04327710,1452026054.8279941510,185918829,185918829,185918829,185918829,185918829,185918829,185918829,185918829,185918829,185918829
2020-05-06,7.71,7.71,,,185918828.97855762,1433434171.4246792502,185918829,185918829,185918829,185918829,185918829,185918829,185918829,185918829,185918829,185918829
2020-05-07,7.49,7.49,,,185918828.94884452,1392532028.8268454548,185918829,185918829,185918829,185918829,185918829,185918829,185918829,185918829,185918829,185918829
2020-05-08,8.07,8.07,,,185918829.03402140,1500364950.3045526980,185918829,185918829,185918829,185918829,185918829,185918829,185918829,185918829,185918829,185918829
2020-05-11,7.77,7.77,,,185918828.97618210,1444589301.1449349170,185918829,185918829,185918829,185918829,185918829,185918829,185918829,185918829,185918829,185918829
2020-05-12,7.29,7.29,,,185918828.95343477,1355348263.0705394733,185918829,185918829,185918829,185918829,185918829,185918829,185918829,185918829,185918829,185918829
2020-05-13,6.98,6.98,,,185918828.99963886,1297713426.4174792428,185918829,185918829,185918829,185918829,185918829,185918829,185918829,185918829,185918829,185918829
2020-05-14,6.81,6.81,,,185918829.06365192,1266107225.9234695752,185918829,185918829,185918829,185918829,185918829,185918829,185918829,185918829,185918829,185918829
2020-05-15,6.66,6.66,,,185918829.03057924,1238219401.3436577384,185918829,185918829,185918829,185918829,185918829,185918829,185918829,185918829,185918829,185918829
2020-05-18,7.80,7.80,,,185918829.02656773,1450166866.4072282940,185918829,185918829,185918829,185918829,185918829,185918829,185918829,185918829,185918829,185918829
2020-05-19,7.74,7.74,,,185918829.04521522,1439011736.8099658028,185918829,185918829,185918829,185918829,185918829,185918829,185918829,185918829,185918829,185918829
2020-05-20,8.35,8.35,,,185918829.05660376,1552422222.6226413960,185918829,185918829,185918829,185918829,185918829,185918829,185918829,185918829,185918829,185918829
2020-05-21,8.28,8.28,,,185918829.04367460,1539407904.4816256880,185918829,185918829,185918829,185918829,185918829,185918829,185918829,185918829,185918829,185918829
2020-05-22,8.21,8.21,,,185918829.04550514,1526393586.4635971994,185918829,185918829,185918829,185918829,185918829,185918829,185918829,185918829,185918829,185918829
2020-05-26,8.76,8.76,,,185918829.05890676,1628648942.5560232176,185918829,185918829,185918829,185918829,185918829,185918829,185918829,185918829,185918829,185918829
2020-05-27,9.76,9.76,,,185918829.04308897,1814567771.4605483472,185918829,185918829,185918829,185918829,185918829,185918829,185918829,185918829,185918829,185918829
2020-05-28,9.48,9.48,,,185918829.02346605,1762510499.1424581540,185918829,185918829,185918829,185918829,185918829,185918829,185918829,185918829,185918829,185918829
2020-05-29,9.21,9.21,,,185918829.03019795,1712312415.3681231195,185918829,185918829,185918829,185918829,185918829,185918829,185918829,185918829,185918829,185918829
2020-06-01,9.49,9.49,,,185918829.05018040,1764369687.6862119960,185918829,185918829,185918829,185918829,185918829,185918829,185918829,185918829,185918829,185918829
2020-06-02,9.92,9.92,,,185918828.98526170,1844314783.5337960640,185918829,185918829,185918829,185918829,185918829,185918829,185918829,185918829,185918829,185918829
2020-06-03,10.77,10.77,,,185918829.04232496,2002345788.7858398192,185918829,185918829,185918829,185918829,185918829,185918829,185918829,185918829,185918829,185918829
2020-06-04,11.64,11.64,,,185918829.04425034,2164095170.0750739576,185918829,185918829,185918829,185918829,185918829,185918829,185918829,185918829,185918829,185918829
2020-06-05,12.07,12.07,,,185918828.99110672,2244040265.9226581104,185918829,185918829,185918829,185918829,185918829,185918829,185918829,185918829,185918829,185918829
2020-06-08,12.98,12.98,,,185918829.03659108,2413226400.8949522184,185918829,185918829,185918829,185918829,185918829,185918829,185918829,185918829,185918829,185918829
2020-06-09,12.59,12.59,,,185918828.96185803,2340718056.6297925977,185918829,185918829,185918829,185918829,185918829,185918829,185918829,185918829,185918829,185918829
2020-06-10,12.17,12.17,,,185918829.03253648,2262632149.3259689616,185918829,185918829,185918829,185918829,185918829,185918829,185918829,185918829,185918829,185918829
2020-06-11,10.42,10.42,,,185918829.02588502,1937274198.4497219084,185918829,185918829,185918829,185918829,185918829,185918829,185918829,185918829,185918829,185918829
2020-06-12,11.53,11.53,,,185918828.97901180,2143644098.1280060540,185918829,185918829,185918829,185918829,185918829,185918829,185918829,185918829,185918829,185918829
2020-06-15,11.41,11.41,,,185918829.00381094,2121333838.9334828254,185918829,185918829,185918829,185918829,185918829,185918829,185918829,185918829,185918829,185918829
2020-06-16,11.55,11.55,,,185918829.01234007,2147362475.0925278085,185918829,185918829,185918829,185918829,185918829,185918829,185918829,185918829,185918829,185918829
2020-06-17,11.55,11.55,,,185918829.01234007,2147362475.0925278085,185918829,185918829,185918829,185918829,185918829,185918829,185918829,185918829,185918829,185918829
2020-06-18,11.65,11.65,,,185918828.96528095,2165954357.4455230675,185918829,185918829,185918829,185918829,185918829,185918829,185918829,185918829,185918829,185918829
2020-06-19,11.48,11.48,,,185918829.00274473,2134348156.9515095004,185918829,185918829,185918829,185918829,185918829,185918829,185918829,185918829,185918829,185918829
2020-06-22,11.83,11.83,,,185918829.02879265,2199419747.4106170495,185918829,185918829,185918829,185918829,185918829,185918829,185918829,185918829,185918829,185918829
2020-06-23,12.20,12.20,,,185918828.97852007,2268209713.5379448540,185918829,185918829,185918829,185918829,185918829,185918829,185918829,185918829,185918829,185918829
2020-06-24,11.14,11.14,,,185918828.99785978,2071135755.0361579492,185918829,185918829,185918829,185918829,185918829,185918829,185918829,185918829,185918829,185918829
2020-06-25,11.83,11.83,,,185918829.02879265,2199419747.4106170495,185918829,185918829,185918829,185918829,185918829,185918829,185918829,185918829,185918829,185918829
2020-06-26,10.93,10.93,,,185918828.98985240,2032092800.8590867320,185918829,185918829,185918829,185918829,185918829,185918829,185918829,185918829,185918829,185918829
2020-06-29,10.99,10.99,,,185918828.97691977,2043247930.4563482723,185918829,185918829,185918829,185918829,185918829,185918829,185918829,185918829,185918829,185918829
2020-06-30,11.24,11.24,,,185918829.04265758,2089727638.4394711992,185918829,185918829,185918829,185918829,185918829,185918829,185918829,185918829,185918829,185918829
2020-07-01,10.95,10.95,,,185918829.01375487,2035811177.7006158265,185918829,185918829,185918829,185918829,185918829,185918829,185918829,185918829,185918829,185918829
2020-07-02,10.97,10.97,,,185918828.95303750,2039529553.6148213750,185918829,185918829,185918829,185918829,185918829,185918829,185918829,185918829,185918829,185918829
2020-07-06,11.47,11.47,,,185918828.99134654,2132488968.5307448138,185918829,185918829,185918829,185918829,185918829,185918829,185918829,185918829,185918829,185918829
2020-07-07,11.23,11.23,,,185918829.03105125,2087868450.0187055375,185918829,185918829,185918829,185918829,185918829,185918829,185918829,185918829,185918829,185918829
2020-07-08,11.09,11.09,,,185918829.02251223,2061839813.8596606307,185918829,185918829,185918829,185918829,185918829,185918829,185918829,185918829,185918829,185918829
2020-07-09,10.52,10.52,,,185918828.97364217,1955866080.8027156284,185918829,185918829,185918829,185918829,185918829,185918829,185918829,185918829,185918829,185918829
2020-07-10,11.41,11.41,,,185918829.00381094,2121333838.9334828254,185918829,185918829,185918829,185918829,185918829,185918829,185918829,185918829,185918829,185918829
2020-07-13,11.51,11.51,,,185918828.95625353,2139925721.2864781303,185918829,185918829,185918829,185918829,185918829,185918829,185918829,185918829,185918829,185918829
2020-07-14,12.61,12.61,,,185918828.99241206,2344436433.5943160766,185918829,185918829,185918829,185918829,185918829,185918829,185918829,185918829,185918829,185918829
2020-07-15,12.69,12.69,,,185918829.00182090,2359309940.0331072210,185918829,185918829,185918829,185918829,185918829,185918829,185918829,185918829,185918829,185918829
2020-07-16,13.49,13.49,,,185918828.99787444,2508045003.1813261956,185918829,185918829,185918829,185918829,185918829,185918829,185918829,185918829,185918829,185918829
2020-07-17,13.06,13.06,,,185918828.96504024,2428099906.2834255344,185918829,185918829,185918829,185918829,185918829,185918829,185918829,185918829,185918829,185918829
2020-07-20,12.72,12.72,,,185918828.95975426,2364887504.3680741872,185918829,185918829,185918829,185918829,185918829,185918829,185918829,185918829,185918829,185918829
2020-07-21,13.16,13.16,,,185918829.00355160,2446691789.6867390560,185918829,185918829,185918829,185918829,185918829,185918829,185918829,185918829,185918829,185918829
2020-07-22,13.07,13.07,,,185918828.97507194,2429959094.7041902558,185918829,185918829,185918829,185918829,185918829,185918829,185918829,185918829,185918829,185918829
2020-07-23,12.71,12.71,,,185918829.03207144,2363028316.9976280024,185918829,185918829,185918829,185918829,185918829,185918829,185918829,185918829,185918829,185918829
2020-07-24,12.75,12.75,,,185924290.97469354,2370534709.9273426350,185918829,185918829,185918829,185918829,185918829,185918829,185918829,185918829,185918829,185918829
2020-07-27,13.24,13.24,,,185924290.99534336,2461637612.7783460864,185918829,185918829,185918829,185918829,185918829,185918829,185918829,185918829,185918829,185918829
2020-07-28,12.91,12.91,,,185924291.01411545,2400282596.9922304595,185918829,185918829,185918829,185918829,185918829,185918829,185918829,185918829,185918829,185918829
2020-07-29,13.18,13.18,,,185924290.99660520,2450482155.3352565360,185924291,185924291,185924291,185924291,185924291,185924291,185924291,185924291,185924291,185924291
2020-07-30,13.18,13.18,,,185924290.99660520,2450482155.3352565360,185924291,185924291,185924291,185924291,185924291,185924291,185924291,185924291,185924291,185924291
2020-07-31,13.00,13.00,,,185924291.03512910,2417015783.4566783000,185924291,185924291,185924291,185924291,185924291,185924291,185924291,185924291,185924291,185924291
2020-08-03,13.68,13.68,,,185924291.03388970,2543444301.3436110960,185924291,185924291,185924291,185924291,185924291,185924291,185924291,185924291,185924291,185924291
2020-08-04,13.67,13.67,,,185924291.01582010,2541585058.1862607670,185924291,185924291,185924291,185924291,185924291,185924291,185924291,185924291,185924291,185924291
2020-08-05,14.68,14.68,,,185924290.99859053,2729368591.8593089804,185924291,185924291,185924291,185924291,185924291,185924291,185924291,185924291,185924291,185924291
2020-08-06,14.90,14.90,,,185924291.00111377,2770271935.9165951730,185924291,185924291,185924291,185924291,185924291,185924291,185924291,185924291,185924291,185924291
2020-08-07,14.67,14.67,,,185924290.98172860,2727509348.7019585620,185924291,185924291,185924291,185924291,185924291,185924291,185924291,185924291,185924291,185924291
2020-08-10,15.57,15.57,,,185924290.98562476,2894841210.6461775132,185924291,185924291,185924291,185924291,185924291,185924291,185924291,185924291,185924291,185924291
2020-08-11,14.89,14.89,,,185924290.98450273,2768412692.7592456497,185924291,185924291,185924291,185924291,185924291,185924291,185924291,185924291,185924291,185924291
2020-08-12,14.96,14.96,,,185924290.99997893,2781427393.3596847928,185924291,185924291,185924291,185924291,185924291,185924291,185924291,185924291,185924291,185924291
2020-08-13,14.48,14.48,,,185924290.99903527,2692183733.6660307096,185924291,185924291,185924291,185924291,185924291,185924291,185924291,185924291,185924291,185924291
2020-08-14,14.64,14.64,,,185924291.03353280,2721931620.7309201920,185924291,185924291,185924291,185924291,185924291,185924291,185924291,185924291,185924291,185924291
2020-08-17,14.50,14.50,,,185924291.03315392,2695902219.9807318400,185924291,185924291,185924291,185924291,185924291,185924291,185924291,185924291,185924291,185924291
2020-08-18,14.76,14.76,,,185924291.00043407,2744242535.1664068732,185924291,185924291,185924291,185924291,185924291,185924291,185924291,185924291,185924291,185924291
2020-08-19,15.31,15.31,,,185924291.01636195,2846500895.4605014545,185924291,185924291,185924291,185924291,185924291,185924291,185924291,185924291,185924291,185924291
2020-08-20,15.19,15.19,,,185924291.01871762,2824189980.5743206478,185924291,185924291,185924291,185924291,185924291,185924291,185924291,185924291,185924291,185924291
2020-08-21,14.60,14.60,,,185924290.99672675,2714494648.5522105500,185924291,185924291,185924291,185924291,185924291,185924291,185924291,185924291,185924291,185924291
2020-08-24,15.12,15.12,,,185924291.03337130,2811175280.4245740560,185924291,185924291,185924291,185924291,185924291,185924291,185924291,185924291,185924291,185924291
2020-08-25,15.05,15.05,,,185924291.01821480,2798160579.8241327400,185924291,185924291,185924291,185924291,185924291,185924291,185924291,185924291,185924291,185924291
2020-08-26,15.07,15.07,,,185924290.98132142,2801879065.0885137994,185924291,185924291,185924291,185924291,185924291,185924291,185924291,185924291,185924291,185924291
2020-08-27,14.84,14.84,,,185924291.03262794,2759116478.9241986296,185924291,185924291,185924291,185924291,185924291,185924291,185924291,185924291,185924291,185924291
2020-08-28,15.12,15.12,,,185924291.03337130,2811175280.4245740560,185924291,185924291,185924291,185924291,185924291,185924291,185924291,185924291,185924291,185924291
2020-08-31,14.62,14.62,,,185924290.99974135,2718213134.4162185370,185924291,185924291,185924291,185924291,185924291,185924291,185924291,185924291,185924291,185924291
2020-09-01,15.09,15.09,,,185924290.98426265,2805597550.9525233885,185924291,185924291,185924291,185924291,185924291,185924291,185924291,185924291,185924291,185924291
2020-09-02,14.67,14.67,,,185924290.98172860,2727509348.7019585620,185924291,185924291,185924291,185924291,185924291,185924291,185924291,185924291,185924291,185924291
2020-09-03,14.23,14.23,,,185924291.01806130,2645702661.1870122990,185924291,185924291,185924291,185924291,185924291,185924291,185924291,185924291,185924291,185924291
2020-09-04,14.40,14.40,,,185924290.99714807,2677309790.3589322080,185924291,185924291,185924291,185924291,185924291,185924291,185924291,185924291,185924291,185924291
2020-09-08,14.23,14.23,,,185924291.01806130,2645702661.1870122990,185924291,185924291,185924291,185924291,185924291,185924291,185924291,185924291,185924291,185924291
2020-09-09,14.10,14.10,,,185924291.03504786,2621532503.5941748260,185924291,185924291,185924291,185924291,185924291,185924291,185924291,185924291,185924291,185924291
2020-09-10,13.78,13.78,,,185924290.99528956,2562036729.9150901368,185924291,185924291,185924291,185924291,185924291,185924291,185924291,185924291,185924291,185924291
2020-09-11,13.98,13.98,,,185924290.99487612,2599221588.1083681576,185924291,185924291,185924291,185924291,185924291,185924291,185924291,185924291,185924291,185924291
2020-09-14,14.05,14.05,,,185924290.97922540,2612236288.2581168700,185924291,185924291,185924291,185924291,185924291,185924291,185924291,185924291,185924291,185924291
2020-09-15,13.78,13.78,,,185924290.99528956,2562036729.9150901368,185924291,185924291,185924291,185924291,185924291,185924291,185924291,185924291,185924291,185924291
2020-09-16,13.90,13.90,,,185924291.03603570,2584347645.4008962300,185924291,185924291,185924291,185924291,185924291,185924291,185924291,185924291,185924291,185924291
2020-09-17,13.45,13.45,,,185924291.01330668,2500681714.1289748460,185924291,185924291,185924291,185924291,185924291,185924291,185924291,185924291,185924291,185924291
2020-09-18,13.32,13.32,,,185924290.99740574,2476511556.0854444568,185924291,185924291,185924291,185924291,185924291,185924291,185924291,185924291,185924291,185924291
2020-09-21,12.30,12.30,,,185924291.03298694,2286868779.7057393620,185924291,185924291,185924291,185924291,185924291,185924291,185924291,185924291,185924291,185924291
2020-09-22,12.21,12.21,,,185924291.01075268,2270135593.2412902228,185924291,185924291,185924291,185924291,185924291,185924291,185924291,185924291,185924291,185924291
2020-09-23,11.64,11.64,,,185924291.03804230,2164158747.6828123720,185924291,185924291,185924291,185924291,185924291,185924291,185924291,185924291,185924291,185924291
2020-09-24,11.70,11.70,,,185924291.03640200,2175314205.1259034000,185924291,185924291,185924291,185924291,185924291,185924291,185924291,185924291,185924291,185924291
2020-09-25,11.55,11.55,,,185924291.01457710,2147425561.2183655050,185924291,185924291,185924291,185924291,185924291,185924291,185924291,185924291,185924291,185924291
2020-09-28,12.24,12.24,,,185924291.03453010,2275713322.2626484240,185924291,185924291,185924291,185924291,185924291,185924291,185924291,185924291,185924291,185924291
2020-09-29,11.67,11.67,,,185924291.01152920,2169736476.1045457640,185924291,185924291,185924291,185924291,185924291,185924291,185924291,185924291,185924291,185924291
2020-09-30,11.63,11.63,,,185924290.96524817,2162299503.9258362171,185924291,185924291,185924291,185924291,185924291,185924291,185924291,185924291,185924291,185924291
2020-10-01,11.39,11.39,,,185924291.01002368,2117677674.6041697152,185924291,185924291,185924291,185924291,185924291,185924291,185924291,185924291,185924291,185924291
2020-10-02,11.82,11.82,,,185924291.03317130,2197625120.0120847660,185924291,185924291,185924291,185924291,185924291,185924291,185924291,185924291,185924291,185924291
2020-10-05,11.93,11.93,,,185924290.97151914,2218076791.2902233402,185924291,185924291,185924291,185924291,185924291,185924291,185924291,185924291,185924291,185924291
2020-10-06,11.67,11.67,,,185924291.01152920,2169736476.1045457640,185924291,185924291,185924291,185924291,185924291,185924291,185924291,185924291,185924291,185924291
2020-10-07,12.24,12.24,,,185924291.03453010,2275713322.2626484240,185924291,185924291,185924291,185924291,185924291,185924291,185924291,185924291,185924291,185924291
2020-10-08,12.73,12.73,,,185924290.97119660,2366816224.0633327180,185924291,185924291,185924291,185924291,185924291,185924291,185924291,185924291,185924291,185924291
2020-10-09,12.52,12.52,,,185924291.03538530,2327772123.7630239560,185924291,185924291,185924291,185924291,185924291,185924291,185924291,185924291,185924291,185924291
2020-10-12,12.59,12.59,,,185924290.97006705,2340786823.3131441595,185924291,185924291,185924291,185924291,185924291,185924291,185924291,185924291,185924291,185924291
2020-10-13,12.72,12.72,,,185924291.03430054,2364956981.9563028688,185924291,185924291,185924291,185924291,185924291,185924291,185924291,185924291,185924291,185924291
2020-10-14,13.00,13.00,,,185924291.03512910,2417015783.4566783000,185924291,185924291,185924291,185924291,185924291,185924291,185924291,185924291,185924291,185924291
2020-10-15,12.30,12.30,,,185924291.03298694,2286868779.7057393620,185924291,185924291,185924291,185924291,185924291,185924291,185924291,185924291,185924291,185924291
2020-10-16,12.62,12.62,,,185924290.99322537,2346364552.3345041694,185924291,185924291,185924291,185924291,185924291,185924291,185924291,185924291,185924291,185924291
2020-10-19,12.63,12.63,,,185924291.01281506,2348223795.4918542078,185924291,185924291,185924291,185924291,185924291,185924291,185924291,185924291,185924291,185924291
2020-10-20,12.80,12.80,,,185924291.03620312,2379830925.2633999360,185924291,185924291,185924291,185924291,185924291,185924291,185924291,185924291,185924291,185924291
2020-10-21,13.32,13.32,,,185924290.99740574,2476511556.0854444568,185924291,185924291,185924291,185924291,185924291,185924291,185924291,185924291,185924291,185924291
2020-10-22,13.66,13.66,,,185924290.99772406,2539725815.0289106596,185924291,185924291,185924291,185924291,185924291,185924291,185924291,185924291,185924291,185924291
2020-10-23,13.47,13.47,,,185924291.01655400,2504400199.9929823800,185924291,185924291,185924291,185924291,185924291,185924291,185924291,185924291,185924291,185924291
2020-10-26,13.00,13.00,,,185929586.01299164,2417084618.1688913200,185924291,185924291,185924291,185924291,185924291,185924291,185924291,185924291,185924291,185924291
2020-10-27,13.03,13.03,,,185929586.00009674,2422662505.5812605222,185924291,185924291,185924291,185924291,185924291,185924291,185924291,185924291,185924291,185924291
2020-10-28,12.36,12.36,,,185929585.99240310,2298089682.8661023160,185924291,185924291,185924291,185924291,185924291,185924291,185924291,185924291,185924291,185924291
2020-10-29,12.75,12.75,,,185929585.96942136,2370602221.1101223400,185924291,185924291,185924291,185924291,185924291,185924291,185924291,185924291,185924291,185924291
2020-10-30,12.92,12.92,,,185929585.96862045,2402210250.7145762140,185929586,185929586,185929586,185929586,185929586,185929586,185929586,185929586,185929586,185929586
2020-11-02,13.61,13.61,,,185929585.97005710,2530501665.0524771310,185929586,185929586,185929586,185929586,185929586,185929586,185929586,185929586,185929586,185929586
2020-11-03,13.83,13.83,,,185929586.02305692,2571406174.6988772036,185929586,185929586,185929586,185929586,185929586,185929586,185929586,185929586,185929586,185929586
2020-11-04,13.19,13.19,,,185929586.00425225,2452411239.3960871775,185929586,185929586,185929586,185929586,185929586,185929586,185929586,185929586,185929586,185929586
2020-11-05,14.05,14.05,,,185929586.00273606,2612310683.3384416430,185929586,185929586,185929586,185929586,185929586,185929586,185929586,185929586,185929586,185929586
2020-11-06,14.44,14.44,,,185929585.98216492,2684823221.5824614448,185929586,185929586,185929586,185929586,185929586,185929586,185929586,185929586,185929586,185929586
2020-11-09,15.73,15.73,,,185929586.01533080,2924672388.0211534840,185929586,185929586,185929586,185929586,185929586,185929586,185929586,185929586,185929586,185929586
2020-11-10,15.99,15.99,,,185929585.98265895,2973014079.8627166105,185929586,185929586,185929586,185929586,185929586,185929586,185929586,185929586,185929586,185929586
2020-11-11,15.89,15.89,,,185929586.01862684,2954421121.8359804876,185929586,185929586,185929586,185929586,185929586,185929586,185929586,185929586,185929586,185929586
2020-11-12,15.62,15.62,,,185929585.99218650,2904220133.1979531300,185929586,185929586,185929586,185929586,185929586,185929586,185929586,185929586,185929586,185929586
2020-11-13,16.57,16.57,,,185929586.02198250,3080853240.3842500250,185929586,185929586,185929586,185929586,185929586,185929586,185929586,185929586,185929586,185929586
2020-11-16,17.66,17.66,,,185929585.99729985,3283516488.7123153510,185929586,185929586,185929586,185929586,185929586,185929586,185929586,185929586,185929586,185929586
2020-11-17,18.27,18.27,,,185929586.02332893,3396933536.6462195511,185929586,185929586,185929586,185929586,185929586,185929586,185929586,185929586,185929586,185929586
2020-11-18,18.33,18.33,,,185929586.00259000,3408089311.4274747000,185929586,185929586,185929586,185929586,185929586,185929586,185929586,185929586,185929586,185929586
2020-11-19,18.93,18.93,,,185929585.97577554,3519647062.5214309722,185929586,185929586,185929586,185929586,185929586,185929586,185929586,185929586,185929586,185929586
2020-11-20,18.82,18.82,,,185929586.01214397,3499194808.7485495154,185929586,185929586,185929586,185929586,185929586,185929586,185929586,185929586,185929586,185929586
2020-11-23,19.81,19.81,,,185929586.02187595,3683265099.0933625695,185929586,185929586,185929586,185929586,185929586,185929586,185929586,185929586,185929586,185929586
2020-11-24,20.82,20.82,,,185929585.97762150,3871053980.0540796300,185929586,185929586,185929586,185929586,185929586,185929586,185929586,185929586,185929586,185929586
2020-11-25,20.37,20.37,,,185929586.00811586,3787385666.9853200682,185929586,185929586,185929586,185929586,185929586,185929586,185929586,185929586,185929586,185929586
2020-11-27,20.48,20.48,,,185929585.97452152,3807837920.7582007296,185929586,185929586,185929586,185929586,185929586,185929586,185929586,185929586,185929586,185929586
2020-11-30,19.90,19.90,,,185929585.99432087,3699998761.2869853130,185929586,185929586,185929586,185929586,185929586,185929586,185929586,185929586,185929586,185929586
2020-12-01,21.83,21.83,,,185929585.98358370,4058842862.0216321710,185929586,185929586,185929586,185929586,185929586,185929586,185929586,185929586,185929586,185929586
2020-12-02,22.37,22.37,,,185929586.02329764,4159244839.3411682068,185929586,185929586,185929586,185929586,185929586,185929586,185929586,185929586,185929586,185929586
2020-12-03,22.04,22.04,,,185929586.01989123,4097888075.8784027092,185929586,185929586,185929586,185929586,185929586,185929586,185929586,185929586,185929586,185929586
2020-12-04,23.73,23.73,,,185929585.97979030,4412109075.3004238190,185929586,185929586,185929586,185929586,185929586,185929586,185929586,185929586,185929586,185929586
2020-12-07,23.39,23.39,,,185929585.97896665,4348893016.0480299435,185929586,185929586,185929586,185929586,185929586,185929586,185929586,185929586,185929586,185929586
2020-12-08,23.29,23.29,,,185929586.00535760,4330300058.0647785040,185929586,185929586,185929586,185929586,185929586,185929586,185929586,185929586,185929586,185929586
2020-12-09,22.71,22.71,,,185929585.97724540,4222460897.5432430340,185929586,185929586,185929586,185929586,185929586,185929586,185929586,185929586,185929586,185929586
2020-12-10,24.01,24.01,,,185929585.99631667,4464169359.7715632467,185929586,185929586,185929586,185929586,185929586,185929586,185929586,185929586,185929586,185929586
2020-12-11,22.84,22.84,,,185929585.98901860,4246631743.9891848240,185929586,185929586,185929586,185929586,185929586,185929586,185929586,185929586,185929586,185929586
2020-12-14,21.76,21.76,,,185929586.00217205,4045827791.4072638080,185929586,185929586,185929586,185929586,185929586,185929586,185929586,185929586,185929586,185929586
2020-12-15,22.17,22.17,,,185929585.98439446,4122058921.2740251782,185929586,185929586,185929586,185929586,185929586,185929586,185929586,185929586,185929586,185929586
2020-12-16,21.58,21.58,,,185929586.00415650,4012360465.9696972700,185929586,185929586,185929586,185929586,185929586,185929586,185929586,185929586,185929586,185929586
2020-12-17,22.18,22.18,,,185929585.98122874,4123918217.0636534532,185929586,185929586,185929586,185929586,185929586,185929586,185929586,185929586,185929586,185929586
2020-12-18,22.01,22.01,,,185929585.97981435,4092310187.4157138435,185929586,185929586,185929586,185929586,185929586,185929586,185929586,185929586,185929586,185929586
2020-12-21,22.11,22.11,,,185929586.00148213,4110903146.4927698943,185929586,185929586,185929586,185929586,185929586,185929586,185929586,185929586,185929586,185929586
2020-12-22,21.61,21.61,,,185929585.99639362,4017938353.3820661282,185929586,185929586,185929586,185929586,185929586,185929586,185929586,185929586,185929586,185929586
2020-12-23,22.22,22.22,,,185929586.01782042,4131355401.3159697324,185929586,185929586,185929586,185929586,185929586,185929586,185929586,185929586,185929586,185929586
2020-12-24,21.96,21.96,,,185929585.99381095,4083013708.4240884620,185929586,185929586,185929586,185929586,185929586,185929586,185929586,185929586,185929586,185929586
2020-12-28,22.24,22.24,,,185929586.01147607,4135073992.8952277968,185929586,185929586,185929586,185929586,185929586,185929586,185929586,185929586,185929586,185929586
2020-12-29,22.04,22.04,,,185929586.01989123,4097888075.8784027092,185929586,185929586,185929586,185929586,185929586,185929586,185929586,185929586,185929586,185929586
2020-12-30,22.95,22.95,,,185929586.00489690,4267083998.8123838550,185929586,185929586,185929586,185929586,185929586,185929586,185929586,185929586,185929586,185929586
2020-12-31,23.05,23.05,,,185929585.97811872,4285676956.7956364960,185929586,185929586,185929586,185929586,185929586,185929586,185929586,185929586,185929586,185929586
2021-01-04,23.25,23.25,,,185929586.01560348,4322862874.8627809100,185929586,185929586,185929586,185929586,185929586,185929586,185929586,185929586,185929586,185929586
2021-01-05,23.67,23.67,,,185929585.99574015,4400953300.5191693505,185929586,185929586,185929586,185929586,185929586,185929586,185929586,185929586,185929586,185929586
2021-01-06,25.21,25.21,,,185929585.99628368,4687284862.9663115728,185929586,185929586,185929586,185929586,185929586,185929586,185929586,185929586,185929586,185929586
2021-01-07,25.23,25.23,,,185929585.99243173,4691003454.5890525479,185929586,185929586,185929586,185929586,185929586,185929586,185929586,185929586,185929586,185929586
2021-01-08,24.99,24.99,,,185929586.00921288,4646380354.3702298712,185929586,185929586,185929586,185929586,185929586,185929586,185929586,185929586,185929586,185929586
2021-01-11,24.56,24.56,,,185929585.98835070,4566430631.8738931920,185929586,185929586,185929586,185929586,185929586,185929586,185929586,185929586,185929586,185929586
2021-01-12,25.08,25.08,,,185929585.98739450,4663114016.5638540600,185929586,185929586,185929586,185929586,185929586,185929586,185929586,185929586,185929586,185929586
2021-01-13,24.44,24.44,,,185929586.01750818,4544119082.2678999192,185929586,185929586,185929586,185929586,185929586,185929586,185929586,185929586,185929586,185929586
2021-01-14,25.09,25.09,,,185929585.98459476,4664973312.3534825284,185929586,185929586,185929586,185929586,185929586,185929586,185929586,185929586,185929586,185929586
2021-01-15,23.28,23.28,,,185929586.00838270,4328440762.2751492560,185929586,185929586,185929586,185929586,185929586,185929586,185929586,185929586,185929586,185929586
2021-01-19,23.09,23.09,,,185929586.01333710,4293114141.0479536390,185929586,185929586,185929586,185929586,185929586,185929586,185929586,185929586,185929586,185929586
2021-01-20,22.84,22.84,,,185929585.98901860,4246631743.9891848240,185929586,185929586,185929586,185929586,185929586,185929586,185929586,185929586,185929586,185929586
2021-01-21,20.01,20.01,,,185929586.01467606,3720451016.1536679606,185929586,185929586,185929586,185929586,185929586,185929586,185929586,185929586,185929586,185929586
2021-01-22,19.40,19.40,,,185929585.99070954,3607033968.2197650760,185929586,185929586,185929586,185929586,185929586,185929586,185929586,185929586,185929586,185929586
2021-01-25,19.34,19.34,,,185929586.01026422,3595878193.4385100148,185929586,185929586,185929586,185929586,185929586,185929586,185929586,185929586,185929586,185929586
2021-01-26,18.56,18.56,,,185929585.98365664,3450853115.8566672384,185929586,185929586,185929586,185929586,185929586,185929586,185929586,185929586,185929586,185929586
2021-01-27,18.66,18.66,,,185929586.00697964,3469446074.8902400824,185929586,185929586,185929586,185929586,185929586,185929586,185929586,185929586,185929586,185929586
2021-01-28,18.50,18.50,,,185929586.00407636,3439697341.0754126600,185929586,185929586,185929586,185929586,185929586,185929586,185929586,185929586,185929586,185929586
2021-01-29,18.00,18.00,,,185929586.00045514,3346732548.0081925200,185929586,185929586,185929586,185929586,185929586,185929586,185929586,185929586,185929586,185929586
2021-02-01,18.82,18.82,,,185929586.01214397,3499194808.7485495154,185929586,185929586,185929586,185929586,185929586,185929586,185929586,185929586,185929586,185929586
2021-02-02,19.11,19.11,,,185929585.97378328,3553114387.9589984808,185929586,185929586,185929586,185929586,185929586,185929586,185929586,185929586,185929586,185929586
2021-02-03,19.90,19.90,,,185929585.99432087,3699998761.2869853130,185929586,185929586,185929586,185929586,185929586,185929586,185929586,185929586,185929586,185929586
2021-02-04,20.36,20.36,,,185929586.01157620,3785526371.1956914320,185929586,185929586,185929586,185929586,185929586,185929586,185929586,185929586,185929586,185929586
2021-02-05,20.95,20.95,,,185929585.98837880,3895224826.4565358600,185929586,185929586,185929586,185929586,185929586,185929586,185929586,185929586,185929586,185929586
2021-02-08,21.80,21.80,,,185929585.99125054,4053264974.6092617720,185929586,185929586,185929586,185929586,185929586,185929586,185929586,185929586,185929586,185929586
2021-02-09,21.76,21.76,,,185929586.00217205,4045827791.4072638080,185929586,185929586,185929586,185929586,185929586,185929586,185929586,185929586,185929586,185929586
2021-02-10,21.56,21.56,,,185929586.01068830,4008641874.3904397480,185929586,185929586,185929586,185929586,185929586,185929586,185929586,185929586,185929586,185929586
2021-02-11,21.39,21.39,,,185929586.01149994,3977033844.7859837166,185929586,185929586,185929586,185929586,185929586,185929586,185929586,185929586,185929586,185929586
2021-02-12,21.66,21.66,,,185929585.98216495,4027234832.3736928170,185929586,185929586,185929586,185929586,185929586,185929586,185929586,185929586,185929586,185929586
2021-02-16,22.43,22.43,,,185929586.00634968,4170400614.1224233224,185929586,185929586,185929586,185929586,185929586,185929586,185929586,185929586,185929586,185929586
2021-02-17,21.93,21.93,,,185929586.00342920,4077435821.0552023560,185929586,185929586,185929586,185929586,185929586,185929586,185929586,185929586,185929586,185929586
2021-02-18,21.12,21.12,,,185929585.98979520,3926832856.1044746240,185929586,185929586,185929586,185929586,185929586,185929586,185929586,185929586,185929586,185929586
2021-02-19,23.13,23.13,,,186251517.98891106,4307997611.0835128178,185929586,185929586,185929586,185929586,185929586,185929586,185929586,185929586,185929586,185929586
2021-02-22,24.80,24.80,,,186251518.00575134,4619037646.5426332320,185929586,185929586,185929586,185929586,185929586,185929586,185929586,185929586,185929586,185929586
2021-02-23,24.90,24.90,,,186251517.98406383,4637662797.8031893670,185929586,185929586,185929586,185929586,185929586,185929586,185929586,185929586,185929586,185929586
2021-02-24,27.20,27.20,,,186251517.98091665,5066041289.0809328800,185929586,185929586,185929586,185929586,185929586,185929586,185929586,185929586,185929586,185929586
2021-02-25,25.56,25.56,,,186251517.98812434,4760588799.7764581304,186251518,186251518,186251518,186251518,186251518,186251518,186251518,186251518,186251518,186251518
2021-02-26,24.55,24.55,,,186251518.01796022,4572474767.3409234010,186251518,186251518,186251518,186251518,186251518,186251518,186251518,186251518,186251518,186251518
2021-03-01,25.99,25.99,,,186251518.00977170,4840676953.0739664830,186251518,186251518,186251518,186251518,186251518,186251518,186251518,186251518,186251518,186251518
2021-03-02,27.50,27.50,,,186251517.99866322,5121916744.9632385500,186251518,186251518,186251518,186251518,186251518,186251518,186251518,186251518,186251518,186251518
2021-03-03,30.83,30.83,,,186251518.00497392,5742134300.0933459536,186251518,186251518,186251518,186251518,186251518,186251518,186251518,186251518,186251518,186251518
2021-03-04,28.59,28.59,,,186251517.98473933,5324930899.1836974447,186251518,186251518,186251518,186251518,186251518,186251518,186251518,186251518,186251518,186251518
2021-03-05,28.99,28.99,,,186251518.01370955,5399431507.2174398545,186251518,186251518,186251518,186251518,186251518,186251518,186251518,186251518,186251518,186251518
2021-03-08,28.47,28.47,,,186251517.99779385,5302580717.3971909095,186251518,186251518,186251518,186251518,186251518,186251518,186251518,186251518,186251518,186251518
2021-03-09,29.94,29.94,,,186251518.01751235,5576370449.4443197590,186251518,186251518,186251518,186251518,186251518,186251518,186251518,186251518,186251518,186251518
2021-03-10,31.98,31.98,,,186251518.00288360,5956323545.7322175280,186251518,186251518,186251518,186251518,186251518,186251518,186251518,186251518,186251518,186251518
2021-03-11,32.16,32.16,,,186251517.99681902,5989848818.7776996832,186251518,186251518,186251518,186251518,186251518,186251518,186251518,186251518,186251518,186251518
2021-03-12,31.51,31.51,,,186251518.01309317,5868785332.5925657867,186251518,186251518,186251518,186251518,186251518,186251518,186251518,186251518,186251518,186251518
2021-03-15,31.04,31.04,,,186251517.98977426,5781247118.4025930304,186251518,186251518,186251518,186251518,186251518,186251518,186251518,186251518,186251518,186251518
2021-03-16,29.52,29.52,,,186251518.01407540,5498144811.7755058080,186251518,186251518,186251518,186251518,186251518,186251518,186251518,186251518,186251518,186251518
2021-03-17,31.81,31.81,,,186251517.99010107,5924660787.2651150367,186251518,186251518,186251518,186251518,186251518,186251518,186251518,186251518,186251518,186251518
2021-03-18,31.19,31.19,,,186251517.99244338,5809184846.1843090222,186251518,186251518,186251518,186251518,186251518,186251518,186251518,186251518,186251518,186251518
2021-03-19,31.14,31.14,,,186251518.00109282,5799872270.5540304148,186251518,186251518,186251518,186251518,186251518,186251518,186251518,186251518,186251518,186251518
2021-03-22,30.43,30.43,,,186251518.00691697,5667633692.9504833971,186251518,186251518,186251518,186251518,186251518,186251518,186251518,186251518,186251518,186251518
2021-03-23,27.42,27.42,,,186251518.01857015,5107016624.0691935130,186251518,186251518,186251518,186251518,186251518,186251518,186251518,186251518,186251518,186251518
2021-03-24,28.76,28.76,,,186251517.99344100,5356593657.4913631600,186251518,186251518,186251518,186251518,186251518,186251518,186251518,186251518,186251518,186251518
2021-03-25,29.66,29.66,,,186251518.00163603,5524220023.9285246498,186251518,186251518,186251518,186251518,186251518,186251518,186251518,186251518,186251518,186251518
2021-03-26,32.78,32.78,,,186251517.99446326,6105324759.8585056628,186251518,186251518,186251518,186251518,186251518,186251518,186251518,186251518,186251518,186251518
2021-03-29,32.04,32.04,,,186251518.01344043,5967498637.1506313772,186251518,186251518,186251518,186251518,186251518,186251518,186251518,186251518,186251518,186251518
2021-03-30,32.97,32.97,,,186251518.00704035,6140712548.6921203395,186251518,186251518,186251518,186251518,186251518,186251518,186251518,186251518,186251518,186251518
2021-03-31,32.49,32.49,,,186251517.99828666,6051311819.7643335834,186251518,186251518,186251518,186251518,186251518,186251518,186251518,186251518,186251518,186251518
2021-04-01,32.23,32.23,,,186251517.99360618,6002886424.9339271814,186251518,186251518,186251518,186251518,186251518,186251518,186251518,186251518,186251518,186251518
2021-04-05,31.55,31.55,,,186251517.98525226,5876235392.4347088030,186251518,186251518,186251518,186251518,186251518,186251518,186251518,186251518,186251518,186251518
2021-04-06,31.31,31.31,,,186251518.01408923,5831535029.0211337913,186251518,186251518,186251518,186251518,186251518,186251518,186251518,186251518,186251518,186251518
2021-04-07,31.52,31.52,,,186251517.99906033,5870647847.3303816016,186251518,186251518,186251518,186251518,186251518,186251518,186251518,186251518,186251518,186251518
2021-04-08,31.45,31.45,,,186251518.00235778,5857610241.1741521810,186251518,186251518,186251518,186251518,186251518,186251518,186251518,186251518,186251518,186251518
2021-04-09,31.36,31.36,,,186251518.00546592,5840847604.6514112512,186251518,186251518,186251518,186251518,186251518,186251518,186251518,186251518,186251518,186251518
2021-04-12,31.77,31.77,,,186251517.98466015,5917210726.3726529655,186251518,186251518,186251518,186251518,186251518,186251518,186251518,186251518,186251518,186251518
2021-04-13,31.24,31.24,,,186251517.98382160,5818497421.8145867840,186251518,186251518,186251518,186251518,186251518,186251518,186251518,186251518,186251518,186251518
2021-04-14,33.39,33.39,,,186251518.00543560,6218938186.2014946840,186251518,186251518,186251518,186251518,186251518,186251518,186251518,186251518,186251518,186251518
2021-04-15,32.84,32.84,,,186251518.00477824,6116499851.2769174016,186251518,186251518,186251518,186251518,186251518,186251518,186251518,186251518,186251518,186251518
2021-04-16,35.63,35.63,,,186251517.99663943,6636141586.2202628909,186251518,186251518,186251518,186251518,186251518,186251518,186251518,186251518,186251518,186251518
2021-04-19,36.03,36.03,,,186251517.99066580,6710642193.2036887740,186251518,186251518,186251518,186251518,186251518,186251518,186251518,186251518,186251518,186251518
2021-04-20,32.98,32.98,,,186251517.99363060,6142575063.4299371880,186251518,186251518,186251518,186251518,186251518,186251518,186251518,186251518,186251518,186251518
2021-04-21,34.26,34.26,,,186251517.99427938,6380977006.4840115588,186251518,186251518,186251518,186251518,186251518,186251518,186251518,186251518,186251518,186251518
2021-04-22,33.21,33.21,,,186251518.01132232,6185412913.1560142472,186251518,186251518,186251518,186251518,186251518,186251518,186251518,186251518,186251518,186251518
2021-04-23,34.71,34.71,,,186251517.98493665,6464790189.2571511215,186251518,186251518,186251518,186251518,186251518,186251518,186251518,186251518,186251518,186251518
2021-04-26,36.80,36.80,,,186251517.99526215,6854055862.2256471200,186251518,186251518,186251518,186251518,186251518,186251518,186251518,186251518,186251518,186251518
2021-04-27,36.75,36.75,,,186251518.00259507,6844743286.5953688225,186251518,186251518,186251518,186251518,186251518,186251518,186251518,186251518,186251518,186251518
2021-04-28,36.49,36.49,,,186251517.99849173,6796317891.7649632277,186251518,186251518,186251518,186251518,186251518,186251518,186251518,186251518,186251518,186251518
2021-04-29,37.17,37.17,,,186251518.00120378,6922968924.1047445026,186251518,186251518,186251518,186251518,186251518,186251518,186251518,186251518,186251518,186251518
2021-04-30,36.64,36.64,,,186724745.00282356,6841594656.9034552384,186251518,186251518,186251518,186251518,186251518,186251518,186251518,186251518,186251518,186251518
2021-05-03,37.61,37.61,,,186724745.00254133,7022717659.5455794213,186251518,186251518,186251518,186251518,186251518,186251518,186251518,186251518,186251518,186251518
2021-05-04,39.07,39.07,,,186724744.98766070,7295335786.6679035490,186251518,186251518,186251518,186251518,186251518,186251518,186251518,186251518,186251518,186251518
2021-05-05,40.60,40.60,,,186724745.01292205,7581024647.5246352300,186724745,186724745,186724745,186724745,186724745,186724745,186724745,186724745,186724745,186724745
2021-05-06,39.89,39.89,,,186724744.99065274,7448450077.6771377986,186724745,186724745,186724745,186724745,186724745,186724745,186724745,186724745,186724745,186724745
2021-05-07,41.20,41.20,,,186724744.99186770,7693059493.6649492400,186724745,186724745,186724745,186724745,186724745,186724745,186724745,186724745,186724745,186724745
2021-05-10,41.04,41.04,,,186724745.00881663,7663183535.1618344952,186724745,186724745,186724745,186724745,186724745,186724745,186724745,186724745,186724745,186724745
2021-05-11,41.32,41.32,,,186724744.99496698,7715466463.1920356136,186724745,186724745,186724745,186724745,186724745,186724745,186724745,186724745,186724745,186724745
2021-05-12,39.51,39.51,,,186724745.01026127,7377494675.3554227777,186724745,186724745,186724745,186724745,186724745,186724745,186724745,186724745,186724745,186724745
2021-05-13,39.13,39.13,,,186724745.00340888,7306539271.9833894744,186724745,186724745,186724745,186724745,186724745,186724745,186724745,186724745,186724745,186724745
2021-05-14,39.70,39.70,,,186724745.00041008,7412972376.5162801760,186724745,186724745,186724745,186724745,186724745,186724745,186724745,186724745,186724745,186724745
2021-05-17,40.68,40.68,,,186724744.99820557,7595962626.5270025876,186724745,186724745,186724745,186724745,186724745,186724745,186724745,186724745,186724745,186724745
2021-05-18,39.84,39.84,,,186724744.98700288,7439113840.2821947392,186724745,186724745,186724745,186724745,186724745,186724745,186724745,186724745,186724745,186724745
2021-05-19,36.17,36.17,,,186724745.01411265,6753834027.1604545505,186724745,186724745,186724745,186724745,186724745,186724745,186724745,186724745,186724745,186724745
2021-05-20,35.82,35.82,,,186724744.99983870,6688480365.8942222340,186724745,186724745,186724745,186724745,186724745,186724745,186724745,186724745,186724745,186724745
2021-05-21,36.14,36.14,,,186724745.00560907,6748232284.5027117898,186724745,186724745,186724745,186724745,186724745,186724745,186724745,186724745,186724745,186724745
2021-05-24,36.50,36.50,,,186724744.98869112,6815453192.0872258800,186724745,186724745,186724745,186724745,186724745,186724745,186724745,186724745,186724745,186724745
2021-05-25,35.15,35.15,,,186724744.99492022,6563374786.5714457330,186724745,186724745,186724745,186724745,186724745,186724745,186724745,186724745,186724745,186724745
2021-05-26,36.55,36.55,,,186724744.99267220,6824789429.4821689100,186724745,186724745,186724745,186724745,186724745,186724745,186724745,186724745,186724745,186724745
2021-05-27,39.01,39.01,,,186724745.01293713,7284132302.9546774413,186724745,186724745,186724745,186724745,186724745,186724745,186724745,186724745,186724745,186724745
2021-05-28,39.67,39.67,,,186724744.99265280,7407370633.8585365760,186724745,186724745,186724745,186724745,186724745,186724745,186724745,186724745,186724745,186724745
2021-06-01,40.98,40.98,,,186724744.99381036,7651980049.8463485528,186724745,186724745,186724745,186724745,186724745,186724745,186724745,186724745,186724745,186724745
2021-06-02,40.00,40.00,,,186724744.99589062,7468989799.8356248000,186724745,186724745,186724745,186724745,186724745,186724745,186724745,186724745,186724745,186724745
2021-06-03,38.72,38.72,,,186724744.98847145,7229982125.9536145440,186724745,186724745,186724745,186724745,186724745,186724745,186724745,186724745,186724745,186724745
2021-06-04,38.84,38.84,,,186724745.00598982,7252389096.0326446088,186724745,186724745,186724745,186724745,186724745,186724745,186724745,186724745,186724745,186724745
2021-06-07,37.74,37.74,,,186724744.99053767,7046991875.9428916658,186724745,186724745,186724745,186724745,186724745,186724745,186724745,186724745,186724745,186724745
2021-06-08,38.62,38.62,,,186724745.00813168,7211309652.2140454816,186724745,186724745,186724745,186724745,186724745,186724745,186724745,186724745,186724745,186724745
2021-06-09,37.98,37.98,,,186724745.01182228,7091805815.5490101944,186724745,186724745,186724745,186724745,186724745,186724745,186724745,186724745,186724745,186724745
2021-06-10,37.42,37.42,,,186724745.01295355,6987239958.3847218410,186724745,186724745,186724745,186724745,186724745,186724745,186724745,186724745,186724745,186724745
2021-06-11,37.38,37.38,,,186724745.00691223,6979770968.3583791574,186724745,186724745,186724745,186724745,186724745,186724745,186724745,186724745,186724745,186724745
2021-06-14,36.95,36.95,,,186724744.99570775,6899479327.5914013625,186724745,186724745,186724745,186724745,186724745,186724745,186724745,186724745,186724745,186724745
2021-06-15,36.29,36.29,,,186724744.98862565,6776240995.6372248385,186724745,186724745,186724745,186724745,186724745,186724745,186724745,186724745,186724745,186724745
2021-06-16,35.36,35.36,,,186724744.99495040,6602586983.0214461440,186724745,186724745,186724745,186724745,186724745,186724745,186724745,186724745,186724745,186724745
2021-06-17,33.58,33.58,,,186724745.00567698,6270216937.2906329884,186724745,186724745,186724745,186724745,186724745,186724745,186724745,186724745,186724745,186724745
2021-06-18,32.08,32.08,,,186724744.99968898,5990129819.5900224784,186724745,186724745,186724745,186724745,186724745,186724745,186724745,186724745,186724745,186724745
2021-06-21,33.09,33.09,,,186724745.00630066,6178721812.2584888394,186724745,186724745,186724745,186724745,186724745,186724745,186724745,186724745,186724745,186724745
2021-06-22,33.91,33.91,,,186724744.99309283,6331836102.7157778653,186724745,186724745,186724745,186724745,186724745,186724745,186724745,186724745,186724745,186724745
2021-06-23,35.04,35.04,,,186724744.98895428,6542835064.4129579712,186724745,186724745,186724745,186724745,186724745,186724745,186724745,186724745,186724745,186724745
2021-06-24,36.35,36.35,,,186724745.00557664,6787444480.9527108640,186724745,186724745,186724745,186724745,186724745,186724745,186724745,186724745,186724745,186724745
2021-06-25,35.80,35.80,,,186724745.00438613,6684745871.1570234540,186724745,186724745,186724745,186724745,186724745,186724745,186724745,186724745,186724745,186724745
2021-06-28,36.09,36.09,,,186724745.00160065,6738896047.1077674585,186724745,186724745,186724745,186724745,186724745,186724745,186724745,186724745,186724745,186724745
2021-06-29,37.53,37.53,,,186724744.99048470,7007779679.4928907910,186724745,186724745,186724745,186724745,186724745,186724745,186724745,186724745,186724745,186724745
2021-06-30,36.84,36.84,,,186724744.99003568,6878939605.4329144512,186724745,186724745,186724745,186724745,186724745,186724745,186724745,186724745,186724745,186724745
2021-07-01,36.96,36.96,,,186724744.99350652,6901346574.9600009792,186724745,186724745,186724745,186724745,186724745,186724745,186724745,186724745,186724745,186724745
2021-07-02,37.92,37.92,,,186724744.99560982,7080602330.2335243744,186724745,186724745,186724745,186724745,186724745,186724745,186724745,186724745,186724745,186724745
2021-07-06,36.47,36.47,,,186724745.00904304,6809851450.4797996688,186724745,186724745,186724745,186724745,186724745,186724745,186724745,186724745,186724745,186724745
2021-07-07,36.23,36.23,,,186724744.98685288,6765037510.8736798424,186724745,186724745,186724745,186724745,186724745,186724745,186724745,186724745,186724745,186724745
2021-07-08,35.36,35.36,,,186724744.99495040,6602586983.0214461440,186724745,186724745,186724745,186724745,186724745,186724745,186724745,186724745,186724745,186724745
2021-07-09,37.44,37.44,,,186724745.00859840,6990974453.1219240960,186724745,186724745,186724745,186724745,186724745,186724745,186724745,186724745,186724745,186724745
2021-07-12,37.29,37.29,,,186724744.99697210,6962965740.9370896090,186724745,186724745,186724745,186724745,186724745,186724745,186724745,186724745,186724745,186724745
2021-07-13,35.62,35.62,,,186724745.01304790,6651135417.3647661980,186724745,186724745,186724745,186724745,186724745,186724745,186724745,186724745,186724745,186724745
2021-07-14,35.14,35.14,,,186724744.99723524,6561507539.2028463336,186724745,186724745,186724745,186724745,186724745,186724745,186724745,186724745,186724745,186724745
2021-07-15,34.54,34.54,,,186724745.00764778,6449472692.5641543212,186724745,186724745,186724745,186724745,186724745,186724745,186724745,186724745,186724745,186724745
2021-07-16,32.95,32.95,,,186724744.99066028,6152580347.4422562260,186724745,186724745,186724745,186724745,186724745,186724745,186724745,186724745,186724745,186724745
2021-07-19,31.62,31.62,,,186724744.99422026,5904236436.7172446212,186724745,186724745,186724745,186724745,186724745,186724745,186724745,186724745,186724745,186724745
2021-07-20,34.95,34.95,,,186724745.00835449,6526029838.0419894255,186724745,186724745,186724745,186724745,186724745,186724745,186724745,186724745,186724745,186724745
2021-07-21,37.09,37.09,,,186724745.00964233,6925620792.4076340197,186724745,186724745,186724745,186724745,186724745,186724745,186724745,186724745,186724745,186724745
2021-07-22,37.23,37.23,,,186724744.99526048,6951762256.1735476704,186724745,186724745,186724745,186724745,186724745,186724745,186724745,186724745,186724745,186724745
2021-07-23,37.06,37.06,,,186866155.98917370,6925259740.9587773220,186724745,186724745,186724745,186724745,186724745,186724745,186724745,186724745,186724745,186724745
2021-07-26,38.96,38.96,,,186866156.01116100,7280305438.1948325600,186724745,186724745,186724745,186724745,186724745,186724745,186724745,186724745,186724745,186724745
2021-07-27,38.27,38.27,,,186866156.00797000,7151367790.4250119000,186724745,186724745,186724745,186724745,186724745,186724745,186724745,186724745,186724745,186724745
2021-07-28,38.23,38.23,,,186866155.99543938,7143893143.7056474974,186724745,186724745,186724745,186724745,186724745,186724745,186724745,186724745,186724745,186724745
2021-07-29,39.37,39.37,,,186866156.00297728,7356920561.8372155136,186866156,186866156,186866156,186866156,186866156,186866156,186866156,186866156,186866156,186866156
2021-07-30,40.15,40.15,,,186866155.99126258,7502676163.0491925870,186866156,186866156,186866156,186866156,186866156,186866156,186866156,186866156,186866156,186866156
2021-08-02,39.40,39.40,,,186866155.99108562,7362526546.0487734280,186866156,186866156,186866156,186866156,186866156,186866156,186866156,186866156,186866156,186866156
2021-08-03,40.38,40.38,,,186866155.98704660,7545655378.7569417080,186866156,186866156,186866156,186866156,186866156,186866156,186866156,186866156,186866156,186866156
2021-08-04,38.75,38.75,,,186866155.99995664,7241063544.9983198000,186866156,186866156,186866156,186866156,186866156,186866156,186866156,186866156,186866156,186866156
2021-08-05,38.75,38.75,,,186866155.99995664,7241063544.9983198000,186866156,186866156,186866156,186866156,186866156,186866156,186866156,186866156,186866156,186866156
2021-08-06,40.71,40.71,,,186866156.00739944,7607321211.0612312024,186866156,186866156,186866156,186866156,186866156,186866156,186866156,186866156,186866156,186866156
2021-08-09,40.53,40.53,,,186866156.01101890,7573685303.1265960170,186866156,186866156,186866156,186866156,186866156,186866156,186866156,186866156,186866156,186866156
2021-08-10,43.87,43.87,,,186866156.00826463,8197818264.0825693181,186866156,186866156,186866156,186866156,186866156,186866156,186866156,186866156,186866156,186866156
2021-08-11,44.66,44.66,,,186866156.00982115,8345442527.3986125590,186866156,186866156,186866156,186866156,186866156,186866156,186866156,186866156,186866156,186866156
2021-08-12,45.15,45.15,,,186866156.00065136,8437006943.4294089040,186866156,186866156,186866156,186866156,186866156,186866156,186866156,186866156,186866156,186866156
2021-08-13,45.25,45.25,,,186866155.99946150,8455693558.9756328750,186866156,186866156,186866156,186866156,186866156,186866156,186866156,186866156,186866156,186866156
2021-08-16,43.42,43.42,,,186866156.00462510,8113728493.7208218420,186866156,186866156,186866156,186866156,186866156,186866156,186866156,186866156,186866156,186866156
2021-08-17,41.61,41.61,,,186866156.00531092,7775500751.3809873812,186866156,186866156,186866156,186866156,186866156,186866156,186866156,186866156,186866156,186866156
2021-08-18,41.49,41.49,,,186866155.99598000,7753076812.2732102000,186866156,186866156,186866156,186866156,186866156,186866156,186866156,186866156,186866156,186866156
2021-08-19,36.92,36.92,,,186866156.00605384,6899098479.7435077728,186866156,186866156,186866156,186866156,186866156,186866156,186866156,186866156,186866156,186866156
2021-08-20,37.71,37.71,,,186866155.99079755,7046722742.4129756105,186866156,186866156,186866156,186866156,186866156,186866156,186866156,186866156,186866156,186866156
2021-08-23,41.11,41.11,,,186866156.00209500,7682067673.2461254500,186866156,186866156,186866156,186866156,186866156,186866156,186866156,186866156,186866156,186866156
2021-08-24,42.13,42.13,,,186866155.99976066,7872671152.2699166058,186866156,186866156,186866156,186866156,186866156,186866156,186866156,186866156,186866156,186866156
2021-08-25,42.06,42.06,,,186866155.99950054,7859590521.3389927124,186866156,186866156,186866156,186866156,186866156,186866156,186866156,186866156,186866156,186866156
2021-08-26,41.42,41.42,,,186866155.99570948,7739996181.3422866616,186866156,186866156,186866156,186866156,186866156,186866156,186866156,186866156,186866156,186866156
2021-08-27,44.13,44.13,,,186866155.99369760,8246403464.0018750880,186866156,186866156,186866156,186866156,186866156,186866156,186866156,186866156,186866156,186866156
2021-08-30,44.05,44.05,,,186866156.00493088,8231454172.0172052640,186866156,186866156,186866156,186866156,186866156,186866156,186866156,186866156,186866156,186866156
2021-08-31,44.37,44.37,,,186866156.00211152,8291251341.8136881424,186866156,186866156,186866156,186866156,186866156,186866156,186866156,186866156,186866156,186866156
2021-09-01,45.60,45.60,,,186866155.99533808,8521096713.3874164480,186866156,186866156,186866156,186866156,186866156,186866156,186866156,186866156,186866156,186866156
2021-09-02,46.91,46.91,,,186866156.00077024,8765891377.9961319584,186866156,186866156,186866156,186866156,186866156,186866156,186866156,186866156,186866156,186866156
2021-09-03,47.21,47.21,,,186866156.00590008,8821951225.0385427768,186866156,186866156,186866156,186866156,186866156,186866156,186866156,186866156,186866156,186866156
2021-09-07,46.77,46.77,,,186866156.00030540,8739730116.1342835580,186866156,186866156,186866156,186866156,186866156,186866156,186866156,186866156,186866156,186866156
2021-09-08,45.73,45.73,,,186866155.99276054,8545389313.5489394942,186866156,186866156,186866156,186866156,186866156,186866156,186866156,186866156,186866156,186866156
2021-09-09,47.51,47.51,,,186866156.00246720,8878011071.6772166720,186866156,186866156,186866156,186866156,186866156,186866156,186866156,186866156,186866156,186866156
2021-09-10,49.50,49.50,,,186866156.00718036,9249874722.3554278200,186866156,186866156,186866156,186866156,186866156,186866156,186866156,186866156,186866156,186866156
2021-09-13,49.22,49.22,,,186866155.98992786,9197552197.8242492692,186866156,186866156,186866156,186866156,186866156,186866156,186866156,186866156,186866156,186866156
2021-09-14,48.00,48.00,,,186866156.00738725,8969575488.3545880000,186866156,186866156,186866156,186866156,186866156,186866156,186866156,186866156,186866156,186866156
2021-09-15,51.68,51.68,,,186866155.99106580,9657242941.6182805440,186866156,186866156,186866156,186866156,186866156,186866156,186866156,186866156,186866156,186866156
2021-09-16,49.41,49.41,,,186866155.99803582,9233056767.8629498662,186866156,186866156,186866156,186866156,186866156,186866156,186866156,186866156,186866156,186866156
2021-09-17,48.83,48.83,,,186866156.00539464,9124674397.7434202712,186866156,186866156,186866156,186866156,186866156,186866156,186866156,186866156,186866156,186866156
2021-09-20,48.46,48.46,,,186866156.00020808,9055533919.7700835568,186866156,186866156,186866156,186866156,186866156,186866156,186866156,186866156,186866156,186866156
2021-09-21,45.60,45.60,,,186866155.99533808,8521096713.3874164480,186866156,186866156,186866156,186866156,186866156,186866156,186866156,186866156,186866156,186866156
2021-09-22,47.95,47.95,,,186866156.00795570,8960232180.5814758150,186866156,186866156,186866156,186866156,186866156,186866156,186866156,186866156,186866156,186866156
2021-09-23,48.56,48.56,,,186866155.99910020,9074220535.3163057120,186866156,186866156,186866156,186866156,186866156,186866156,186866156,186866156,186866156,186866156
2021-09-24,48.49,48.49,,,186866155.99887365,9061139904.3853832885,186866156,186866156,186866156,186866156,186866156,186866156,186866156,186866156,186866156,186866156
2021-09-27,51.56,51.56,,,186866155.99135464,9634819002.9142452384,186866156,186866156,186866156,186866156,186866156,186866156,186866156,186866156,186866156,186866156
2021-09-28,50.98,50.98,,,186866155.99832708,9526436632.7947145384,186866156,186866156,186866156,186866156,186866156,186866156,186866156,186866156,186866156,186866156
2021-09-29,50.58,50.58,,,186866155.99458438,9451690170.2060779404,186866156,186866156,186866156,186866156,186866156,186866156,186866156,186866156,186866156,186866156
2021-09-30,48.94,48.94,,,186866155.99393930,9145229674.3433893420,186866156,186866156,186866156,186866156,186866156,186866156,186866156,186866156,186866156,186866156
2021-10-01,49.77,49.77,,,186866156.00519990,9300328584.3787990230,186866156,186866156,186866156,186866156,186866156,186866156,186866156,186866156,186866156,186866156
2021-10-04,49.18,49.18,,,186866156.00152913,9190077552.1552026134,186866156,186866156,186866156,186866156,186866156,186866156,186866156,186866156,186866156,186866156
2021-10-05,49.05,49.05,,,186866156.00394860,9165784951.9936788300,186866156,186866156,186866156,186866156,186866156,186866156,186866156,186866156,186866156,186866156
2021-10-06,47.05,47.05,,,186866156.00981340,8792052640.2617204700,186866156,186866156,186866156,186866156,186866156,186866156,186866156,186866156,186866156,186866156
2021-10-07,47.05,47.05,,,186866156.00981340,8792052640.2617204700,186866156,186866156,186866156,186866156,186866156,186866156,186866156,186866156,186866156,186866156
2021-10-08,46.03,46.03,,,186866155.98930284,8601449160.1876097252,186866156,186866156,186866156,186866156,186866156,186866156,186866156,186866156,186866156,186866156
2021-10-11,47.29,47.29,,,186866155.99541580,8836900517.0232131820,186866156,186866156,186866156,186866156,186866156,186866156,186866156,186866156,186866156,186866156
2021-10-12,47.78,47.78,,,186866156.00888088,8928464934.1043284464,186866156,186866156,186866156,186866156,186866156,186866156,186866156,186866156,186866156,186866156
2021-10-13,48.40,48.40,,,186866155.98952287,9044321949.8929069080,186866156,186866156,186866156,186866156,186866156,186866156,186866156,186866156,186866156,186866156
2021-10-14,48.60,48.60,,,186866156.00896442,9081695182.0356708120,186866156,186866156,186866156,186866156,186866156,186866156,186866156,186866156,186866156,186866156
2021-10-15,56.00,56.00,,,186866156.00594180,10464504736.3327408000,186866156,186866156,186866156,186866156,186866156,186866156,186866156,186866156,186866156,186866156
2021-10-18,57.24,57.24,,,186866155.99161800,10696218768.9602143200,186866156,186866156,186866156,186866156,186866156,186866156,186866156,186866156,186866156,186866156
2021-10-19,53.68,53.68,,,186866156.00597164,10030975254.4005576352,186866156,186866156,186866156,186866156,186866156,186866156,186866156,186866156,186866156,186866156
2021-10-20,52.51,52.51,,,186866156.00947306,9812341852.0574303806,186866156,186866156,186866156,186866156,186866156,186866156,186866156,186866156,186866156,186866156
2021-10-21,49.99,49.99,,,186866155.99084780,9341439137.9824815220,186866156,186866156,186866156,186866156,186866156,186866156,186866156,186866156,186866156,186866156
2021-10-22,49.25,49.25,,,187103146.99139485,9214829989.3261963625,186866156,186866156,186866156,186866156,186866156,186866156,186866156,186866156,186866156,186866156
2021-10-25,51.17,51.17,,,187103146.99108760,9574068031.5339524920,186866156,186866156,186866156,186866156,186866156,186866156,186866156,186866156,186866156,186866156
2021-10-26,49.55,49.55,,,187103147.01056890,9270960934.3736889950,186866156,186866156,186866156,186866156,186866156,186866156,186866156,186866156,186866156,186866156
2021-10-27,45.89,45.89,,,187103146.99655542,8586163415.6719282238,186866156,186866156,186866156,186866156,186866156,186866156,186866156,186866156,186866156,186866156
2021-10-28,46.45,46.45,,,187103146.99704206,8690941178.0126036870,187103147,187103147,187103147,187103147,187103147,187103147,187103147,187103147,187103147,187103147
2021-10-29,45.95,45.95,,,187103147.00690170,8597389604.9671331150,187103147,187103147,187103147,187103147,187103147,187103147,187103147,187103147,187103147,187103147
2021-11-01,46.73,46.73,,,187103147.00684482,8743330059.6298584386,187103147,187103147,187103147,187103147,187103147,187103147,187103147,187103147,187103147,187103147
2021-11-02,47.08,47.08,,,187103147.00461240,8808816160.9771517920,187103147,187103147,187103147,187103147,187103147,187103147,187103147,187103147,187103147,187103147
2021-11-03,47.43,47.43,,,187103147.00241292,8874302262.3244447956,187103147,187103147,187103147,187103147,187103147,187103147,187103147,187103147,187103147,187103147
2021-11-04,46.37,46.37,,,187103147.00677365,8675972926.7040941505,187103147,187103147,187103147,187103147,187103147,187103147,187103147,187103147,187103147,187103147
2021-11-05,47.86,47.86,,,187103147.00459415,8954756615.6398760190,187103147,187103147,187103147,187103147,187103147,187103147,187103147,187103147,187103147,187103147
2021-11-08,48.86,48.86,,,187103147.00734437,9141859762.7788459182,187103147,187103147,187103147,187103147,187103147,187103147,187103147,187103147,187103147,187103147
2021-11-09,47.24,47.24,,,187103146.99246368,8838752663.9239842432,187103147,187103147,187103147,187103147,187103147,187103147,187103147,187103147,187103147,187103147
2021-11-10,46.17,46.17,,,187103146.99426390,8638552296.7251642630,187103147,187103147,187103147,187103147,187103147,187103147,187103147,187103147,187103147,187103147
2021-11-11,51.21,51.21,,,187103146.99640423,9581552157.6858606183,187103147,187103147,187103147,187103147,187103147,187103147,187103147,187103147,187103147,187103147
2021-11-12,51.92,51.92,,,187103146.99458626,9714395391.9589186192,187103147,187103147,187103147,187103147,187103147,187103147,187103147,187103147,187103147,187103147
2021-11-15,50.63,50.63,,,187103147.00774378,9473032333.0020675814,187103147,187103147,187103147,187103147,187103147,187103147,187103147,187103147,187103147,187103147
2021-11-16,48.20,48.20,,,187103147.00018045,9018371685.4086976900,187103147,187103147,187103147,187103147,187103147,187103147,187103147,187103147,187103147,187103147
2021-11-17,47.92,47.92,,,187103146.99752210,8965982804.1212590320,187103147,187103147,187103147,187103147,187103147,187103147,187103147,187103147,187103147,187103147
2021-11-18,47.70,47.70,,,187103147.00971130,8924820112.3632290100,187103147,187103147,187103147,187103147,187103147,187103147,187103147,187103147,187103147,187103147
2021-11-19,47.60,47.60,,,187103146.99264178,8906109796.8497487280,187103147,187103147,187103147,187103147,187103147,187103147,187103147,187103147,187103147,187103147
2021-11-22,48.51,48.51,,,187103147.00271565,9076373661.1017361815,187103147,187103147,187103147,187103147,187103147,187103147,187103147,187103147,187103147,187103147
2021-11-23,49.02,49.02,,,187103146.99562788,9171796265.7256786776,187103147,187103147,187103147,187103147,187103147,187103147,187103147,187103147,187103147,187103147
2021-11-24,50.46,50.46,,,187103146.99620956,9441224797.4287343976,187103147,187103147,187103147,187103147,187103147,187103147,187103147,187103147,187103147,187103147
2021-11-26,47.95,47.95,,,187103146.99743184,8971595898.5268567280,187103147,187103147,187103147,187103147,187103147,187103147,187103147,187103147,187103147,187103147
2021-11-29,49.14,49.14,,,187103147.00989592,9194248644.0662855088,187103147,187103147,187103147,187103147,187103147,187103147,187103147,187103147,187103147,187103147
2021-11-30,46.53,46.53,,,187103146.99443215,8705909429.6509279395,187103147,187103147,187103147,187103147,187103147,187103147,187103147,187103147,187103147,187103147
2021-12-01,43.78,43.78,,,187103147.01150966,8191375776.1638929148,187103147,187103147,187103147,187103147,187103147,187103147,187103147,187103147,187103147,187103147
2021-12-02,44.82,44.82,,,187103147.00930646,8385963048.9571155372,187103147,187103147,187103147,187103147,187103147,187103147,187103147,187103147,187103147,187103147
2021-12-03,44.07,44.07,,,187103146.99300600,8245635687.9817744200,187103147,187103147,187103147,187103147,187103147,187103147,187103147,187103147,187103147,187103147
2021-12-06,45.56,45.56,,,187103147.00693090,8524419377.6357718040,187103147,187103147,187103147,187103147,187103147,187103147,187103147,187103147,187103147,187103147
2021-12-07,46.94,46.94,,,187103146.99210516,8782621719.8094162104,187103147,187103147,187103147,187103147,187103147,187103147,187103147,187103147,187103147,187103147
2021-12-08,48.56,48.56,,,187103147.00029780,9085728818.3344611680,187103147,187103147,187103147,187103147,187103147,187103147,187103147,187103147,187103147,187103147
2021-12-09,49.98,49.98,,,187103147.00300905,9351415287.2103923190,187103147,187103147,187103147,187103147,187103147,187103147,187103147,187103147,187103147,187103147
2021-12-10,48.80,48.80,,,187103147.00753380,9130633573.9676494400,187103147,187103147,187103147,187103147,187103147,187103147,187103147,187103147,187103147,187103147
2021-12-13,47.78,47.78,,,187103147.00714844,8939788364.0015524632,187103147,187103147,187103147,187103147,187103147,187103147,187103147,187103147,187103147,187103147
2021-12-14,50.46,50.46,,,187103146.99620956,9441224797.4287343976,187103147,187103147,187103147,187103147,187103147,187103147,187103147,187103147,187103147,187103147
2021-12-15,50.97,50.97,,,187103147.01001972,9536647403.1007051284,187103147,187103147,187103147,187103147,187103147,187103147,187103147,187103147,187103147,187103147
2021-12-16,52.59,52.59,,,187103146.99710440,9839754500.5777203960,187103147,187103147,187103147,187103147,187103147,187103147,187103147,187103147,187103147,187103147
2021-12-17,53.73,53.73,,,187103146.99732384,10053052088.1662099232,187103147,187103147,187103147,187103147,187103147,187103147,187103147,187103147,187103147,187103147
2021-12-20,53.11,53.11,,,187103146.99265924,9937048136.7801322364,187103147,187103147,187103147,187103147,187103147,187103147,187103147,187103147,187103147,187103147
2021-12-21,56.79,56.79,,,187103147.00465423,10625587718.3943137217,187103147,187103147,187103147,187103147,187103147,187103147,187103147,187103147,187103147,187103147
2021-12-22,59.31,59.31,,,187103147.00513676,11097087648.8746612356,187103147,187103147,187103147,187103147,187103147,187103147,187103147,187103147,187103147,187103147
2021-12-23,59.36,59.36,,,187103147.00315680,11106442806.1073876480,187103147,187103147,187103147,187103147,187103147,187103147,187103147,187103147,187103147,187103147
2021-12-27,59.83,59.83,,,187103146.99560854,11194381284.7472589482,187103147,187103147,187103147,187103147,187103147,187103147,187103147,187103147,187103147,187103147
2021-12-28,59.19,59.19,,,187103146.99331060,11074635270.5340544140,187103147,187103147,187103147,187103147,187103147,187103147,187103147,187103147,187103147,187103147
2021-12-29,59.63,59.63,,,187103146.99141610,11156960655.0981420430,187103147,187103147,187103147,187103147,187103147,187103147,187103147,187103147,187103147,187103147
2021-12-30,59.21,59.21,,,187103146.99140656,11078377333.3611824176,187103147,187103147,187103147,187103147,187103147,187103147,187103147,187103147,187103147,187103147
2021-12-31,59.58,59.58,,,187103146.99337727,11147605497.8654177466,187103147,187103147,187103147,187103147,187103147,187103147,187103147,187103147,187103147,187103147
2022-01-03,60.36,60.36,,,187103147.00540683,11293545953.2463562588,187103147,187103147,187103147,187103147,187103147,187103147,187103147,187103147,187103147,187103147
2022-01-04,57.53,57.53,,,187103147.00283274,10764044047.0729675322,187103147,187103147,187103147,187103147,187103147,187103147,187103147,187103147,187103147,187103147
2022-01-05,58.55,58.55,,,187103147.00886217,10954889257.3688800535,187103147,187103147,187103147,187103147,187103147,187103147,187103147,187103147,187103147,187103147
2022-01-06,58.45,58.45,,,187103146.99495977,10936178941.8553985565,187103147,187103147,187103147,187103147,187103147,187103147,187103147,187103147,187103147,187103147
2022-01-07,62.37,62.37,,,187103146.99462458,11669623278.0547350546,187103147,187103147,187103147,187103147,187103147,187103147,187103147,187103147,187103147,187103147
2022-01-10,61.54,61.54,,,187103147.00177282,11514327666.4890993428,187103147,187103147,187103147,187103147,187103147,187103147,187103147,187103147,187103147,187103147
2022-01-11,62.20,62.20,,,187103147.00208090,11637815743.5294319800,187103147,187103147,187103147,187103147,187103147,187103147,187103147,187103147,187103147,187103147
2022-01-12,61.88,61.88,,,187103147.00368030,11577942736.5877369640,187103147,187103147,187103147,187103147,187103147,187103147,187103147,187103147,187103147,187103147
2022-01-13,60.51,60.51,,,187103146.99957913,11321611424.9445331563,187103147,187103147,187103147,187103147,187103147,187103147,187103147,187103147,187103147,187103147
2022-01-14,61.39,61.39,,,187103147.00750813,11486262194.7909241007,187103147,187103147,187103147,187103147,187103147,187103147,187103147,187103147,187103147,187103147
2022-01-18,60.05,60.05,,,187103147.00338580,11235543977.5533172900,187103147,187103147,187103147,187103147,187103147,187103147,187103147,187103147,187103147,187103147
2022-01-19,59.63,59.63,,,187103146.99141610,11156960655.0981420430,187103147,187103147,187103147,187103147,187103147,187103147,187103147,187103147,187103147,187103147
2022-01-20,61.25,61.25,,,187103146.99792960,11460067753.6231880000,187103147,187103147,187103147,187103147,187103147,187103147,187103147,187103147,187103147,187103147
2022-01-21,56.21,56.21,,,187103146.99630830,10517067892.6624895430,187103147,187103147,187103147,187103147,187103147,187103147,187103147,187103147,187103147,187103147
2022-01-24,58.02,58.02,,,187103146.99878976,10855724588.8697818752,187103147,187103147,187103147,187103147,187103147,187103147,187103147,187103147,187103147,187103147
2022-01-25,61.21,61.21,,,187103147.00161630,11452583627.9689337230,187103147,187103147,187103147,187103147,187103147,187103147,187103147,187103147,187103147,187103147
2022-01-26,60.75,60.75,,,187103147.00539455,11366516180.5777189125,187103147,187103147,187103147,187103147,187103147,187103147,187103147,187103147,187103147,187103147
2022-01-27,58.03,58.03,,,187103146.99497566,10857595620.1184375498,187103147,187103147,187103147,187103147,187103147,187103147,187103147,187103147,187103147,187103147
2022-01-28,57.40,57.40,,,187103146.99448964,10739720637.4837053360,187103147,187103147,187103147,187103147,187103147,187103147,187103147,187103147,187103147,187103147
2022-01-31,56.71,56.71,,,187103147.00680637,10610619466.7559892427,187103147,187103147,187103147,187103147,187103147,187103147,187103147,187103147,187103147,187103147
2022-02-01,58.17,58.17,,,187103147.00509152,10883790061.2861737184,187103147,187103147,187103147,187103147,187103147,187103147,187103147,187103147,187103147,187103147
2022-02-02,59.21,59.21,,,187103146.99140656,11078377333.3611824176,187103147,187103147,187103147,187103147,187103147,187103147,187103147,187103147,187103147,187103147
2022-02-03,62.74,62.74,,,187103146.99647707,11738851442.5589713718,187103147,187103147,187103147,187103147,187103147,187103147,187103147,187103147,187103147,187103147
2022-02-04,64.22,64.22,,,187103146.99340210,12015764099.9162828620,187103147,187103147,187103147,187103147,187103147,187103147,187103147,187103147,187103147,187103147
2022-02-07,63.75,63.75,,,187103147.00041428,11927825621.2764103500,187103147,187103147,187103147,187103147,187103147,187103147,187103147,187103147,187103147,187103147
2022-02-08,69.97,69.97,,,187103146.99371210,13091607195.1500356370,187103147,187103147,187103147,187103147,187103147,187103147,187103147,187103147,187103147,187103147
2022-02-09,71.91,71.91,,,187103147.00245574,13454587300.9465922634,187103147,187103147,187103147,187103147,187103147,187103147,187103147,187103147,187103147,187103147
2022-02-10,71.17,71.17,,,187103147.00390527,13316130972.2679380659,187103147,187103147,187103147,187103147,187103147,187103147,187103147,187103147,187103147,187103147
2022-02-11,73.52,73.52,,,187103146.99639490,13755823367.1749530480,187103147,187103147,187103147,187103147,187103147,187103147,187103147,187103147,187103147,187103147
2022-02-14,73.86,73.86,,,187103146.99801776,13819438437.2735917536,187103147,187103147,187103147,187103147,187103147,187103147,187103147,187103147,187103147,187103147
2022-02-15,74.04,74.04,,,187103147.00291166,13853117004.0955793064,187103147,187103147,187103147,187103147,187103147,187103147,187103147,187103147,187103147,187103147
2022-02-16,77.84,77.84,,,187103146.99748360,14564108962.2841234240,187103147,187103147,187103147,187103147,187103147,187103147,187103147,187103147,187103147,187103147
2022-02-17,76.47,76.47,,,187103146.99412733,14307777650.6409169251,187103147,187103147,187103147,187103147,187103147,187103147,187103147,187103147,187103147,187103147
2022-02-18,78.20,78.20,,,185403031.99573280,14498517102.0663049600,187103147,187103147,187103147,187103147,187103147,187103147,187103147,187103147,187103147,187103147
2022-02-22,74.09,74.09,,,185403031.99961525,13736510640.8514938725,187103147,187103147,187103147,187103147,187103147,187103147,187103147,187103147,187103147,187103147
2022-02-23,75.32,75.32,,,185403031.99467915,13964556369.8392335780,187103147,187103147,187103147,187103147,187103147,187103147,187103147,187103147,187103147,187103147
2022-02-24,73.30,73.30,,,185403032.00706884,13590042246.1181459720,185403032,185403032,185403032,185403032,185403032,185403032,185403032,185403032,185403032,185403032
2022-02-25,77.85,77.85,,,185403032.00497562,14433626041.5873520170,185403032,185403032,185403032,185403032,185403032,185403032,185403032,185403032,185403032,185403032
2022-02-28,75.34,75.34,,,185403031.99591583,13968264430.5722986322,185403032,185403032,185403032,185403032,185403032,185403032,185403032,185403032,185403032,185403032
2022-03-01,79.78,79.78,,,185403031.99524984,14791453892.5810322352,185403032,185403032,185403032,185403032,185403032,185403032,185403032,185403032,185403032,185403032
2022-03-02,82.56,82.56,,,185403031.99943130,15306874321.8730481280,185403032,185403032,185403032,185403032,185403032,185403032,185403032,185403032,185403032,185403032
2022-03-03,82.89,82.89,,,185403032.00225562,15368057322.6669683418,185403032,185403032,185403032,185403032,185403032,185403032,185403032,185403032,185403032,185403032
2022-03-04,90.66,90.66,,,185403032.00270042,16808638881.3648200772,185403032,185403032,185403032,185403032,185403032,185403032,185403032,185403032,185403032,185403032
2022-03-07,85.40,85.40,,,185403031.99952927,15833418932.7597996580,185403032,185403032,185403032,185403032,185403032,185403032,185403032,185403032,185403032,185403032
2022-03-08,82.37,82.37,,,185403032.00609034,15271647746.3416613058,185403032,185403032,185403032,185403032,185403032,185403032,185403032,185403032,185403032,185403032
2022-03-09,79.52,79.52,,,185403031.99731433,14743249104.4264355216,185403032,185403032,185403032,185403032,185403032,185403032,185403032,185403032,185403032,185403032
2022-03-10,82.94,82.94,,,185403031.99438572,15377327473.6143516168,185403032,185403032,185403032,185403032,185403032,185403032,185403032,185403032,185403032,185403032
2022-03-11,79.04,79.04,,,185403031.99957615,14654255649.2464988960,185403032,185403032,185403032,185403032,185403032,185403032,185403032,185403032,185403032,185403032
2022-03-14,73.50,73.50,,,185403032.00444385,13627122852.3266229750,185403032,185403032,185403032,185403032,185403032,185403032,185403032,185403032,185403032,185403032
2022-03-15,73.71,73.71,,,185403032.00131800,13666057488.8171497800,185403032,185403032,185403032,185403032,185403032,185403032,185403032,185403032,185403032,185403032
2022-03-16,75.63,75.63,,,185403032.00140634,14022031310.2663614942,185403032,185403032,185403032,185403032,185403032,185403032,185403032,185403032,185403032,185403032
2022-03-17,80.73,80.73,,,185403032.00532190,14967586773.7896369870,185403032,185403032,185403032,185403032,185403032,185403032,185403032,185403032,185403032,185403032
2022-03-18,82.44,82.44,,,185403031.99540818,15284625957.7014503592,185403032,185403032,185403032,185403032,185403032,185403032,185403032,185403032,185403032,185403032
2022-03-21,90.69,90.69,,,185403031.99606600,16814200971.7232255400,185403032,185403032,185403032,185403032,185403032,185403032,185403032,185403032,185403032,185403032
2022-03-22,89.88,89.88,,,185403031.99791280,16664024515.9724024640,185403032,185403032,185403032,185403032,185403032,185403032,185403032,185403032,185403032,185403032
2022-03-23,94.22,94.22,,,185403032.00064890,17468673675.1011393580,185403032,185403032,185403032,185403032,185403032,185403032,185403032,185403032,185403032,185403032
2022-03-24,95.06,95.06,,,185403032.00199990,17624412222.1101104940,185403032,185403032,185403032,185403032,185403032,185403032,185403032,185403032,185403032,185403032
2022-03-25,91.96,91.96,,,185403031.99476334,17049662822.2384367464,185403032,185403032,185403032,185403032,185403032,185403032,185403032,185403032,185403032,185403032
2022-03-28,92.46,92.46,,,185403032.00517210,17142364339.1982123660,185403032,185403032,185403032,185403032,185403032,185403032,185403032,185403032,185403032,185403032
2022-03-29,90.07,90.07,,,185403031.99433735,16699251091.7299651145,185403032,185403032,185403032,185403032,185403032,185403032,185403032,185403032,185403032,185403032
2022-03-30,92.19,92.19,,,185403032.00465125,17092305520.5087987375,185403032,185403032,185403032,185403032,185403032,185403032,185403032,185403032,185403032,185403032
2022-03-31,90.03,90.03,,,185403032.00389770,16691834971.3109099310,185403032,185403032,185403032,185403032,185403032,185403032,185403032,185403032,185403032,185403032
2022-04-01,90.62,90.62,,,185403032.00577617,16801222760.3634365254,185403032,185403032,185403032,185403032,185403032,185403032,185403032,185403032,185403032,185403032
2022-04-04,90.90,90.90,,,185403032.00506738,16853135609.2606248420,185403032,185403032,185403032,185403032,185403032,185403032,185403032,185403032,185403032,185403032
2022-04-05,87.71,87.71,,,185403031.99463376,16261699936.2493270896,185403032,185403032,185403032,185403032,185403032,185403032,185403032,185403032,185403032,185403032
2022-04-06,87.73,87.73,,,185403031.99569460,16265407996.9822872580,185403032,185403032,185403032,185403032,185403032,185403032,185403032,185403032,185403032,185403032
2022-04-07,86.10,86.10,,,185403032.00563195,15963201055.6849108950,185403032,185403032,185403032,185403032,185403032,185403032,185403032,185403032,185403032,185403032
2022-04-08,84.15,84.15,,,185403032.00210992,15601665142.9775497680,185403032,185403032,185403032,185403032,185403032,185403032,185403032,185403032,185403032,185403032
2022-04-11,82.53,82.53,,,185403032.00240505,15301312231.1584887765,185403032,185403032,185403032,185403032,185403032,185403032,185403032,185403032,185403032,185403032
2022-04-12,83.26,83.26,,,185403031.99969825,15436656444.2948762950,185403032,185403032,185403032,185403032,185403032,185403032,185403032,185403032,185403032,185403032
2022-04-13,87.42,87.42,,,185403032.00496253,16207933057.8738243726,185403032,185403032,185403032,185403032,185403032,185403032,185403032,185403032,185403032,185403032
2022-04-14,87.77,87.77,,,185403031.99781486,16272824118.4482102622,185403032,185403032,185403032,185403032,185403032,185403032,185403032,185403032,185403032,185403032
2022-04-18,89.45,89.45,,,185403032.00073966,16584301212.4661625870,185403032,185403032,185403032,185403032,185403032,185403032,185403032,185403032,185403032,185403032
2022-04-19,86.58,86.58,,,185403032.00352103,16052194510.8648507774,185403032,185403032,185403032,185403032,185403032,185403032,185403032,185403032,185403032,185403032
2022-04-20,86.93,86.93,,,185403031.99631010,16117085571.4392369930,185403032,185403032,185403032,185403032,185403032,185403032,185403032,185403032,185403032,185403032
2022-04-21,72.20,72.20,,,185403032.00212276,13386098910.5532632720,185403032,185403032,185403032,185403032,185403032,185403032,185403032,185403032,185403032,185403032
2022-04-22,67.37,67.37,,,185403032.00292137,12490602266.0368126969,185403032,185403032,185403032,185403032,185403032,185403032,185403032,185403032,185403032,185403032
2022-04-25,67.37,67.37,,,185403032.00292137,12490602266.0368126969,185403032,185403032,185403032,185403032,185403032,185403032,185403032,185403032,185403032,185403032
2022-04-26,66.97,66.97,,,185403031.99554800,12416441052.7418495600,185403032,185403032,185403032,185403032,185403032,185403032,185403032,185403032,185403032,185403032
2022-04-27,69.99,69.99,,,185403032.00002393,12976358209.6816748607,185403032,185403032,185403032,185403032,185403032,185403032,185403032,185403032,185403032,185403032
2022-04-28,70.52,70.52,,,185403031.99851552,13074621816.5353144704,185403032,185403032,185403032,185403032,185403032,185403032,185403032,185403032,185403032,185403032
2022-04-29,67.80,67.80,,,184448686.00448084,12505620911.1038009520,185403032,185403032,185403032,185403032,185403032,185403032,185403032,185403032,185403032,185403032
2022-05-02,66.16,66.16,,,184448685.99648407,12203125065.5273860712,185403032,185403032,185403032,185403032,185403032,185403032,185403032,185403032,185403032,185403032
2022-05-03,64.66,64.66,,,184448686.00127260,11926452036.8422863160,185403032,185403032,185403032,185403032,185403032,185403032,185403032,185403032,185403032,185403032
2022-05-04,67.96,67.96,,,184448686.00106904,12535132700.6326519584,185403032,185403032,185403032,185403032,185403032,185403032,185403032,185403032,185403032,185403032
2022-05-05,63.46,63.46,,,184448685.99736714,11705113613.3929187044,184448686,184448686,184448686,184448686,184448686,184448686,184448686,184448686,184448686,184448686
2022-05-06,61.04,61.04,,,184448686.00457236,11258747793.7190968544,184448686,184448686,184448686,184448686,184448686,184448686,184448686,184448686,184448686,184448686
2022-05-09,54.21,54.21,,,184448685.99225998,9998963267.6404135158,184448686,184448686,184448686,184448686,184448686,184448686,184448686,184448686,184448686,184448686
2022-05-10,55.84,55.84,,,184448686.00932140,10299614626.7605069760,184448686,184448686,184448686,184448686,184448686,184448686,184448686,184448686,184448686,184448686
2022-05-11,56.66,56.66,,,184448685.99544373,10450862548.5018417418,184448686,184448686,184448686,184448686,184448686,184448686,184448686,184448686,184448686,184448686
2022-05-12,54.58,54.58,,,184448685.99936318,10067209281.8452423644,184448686,184448686,184448686,184448686,184448686,184448686,184448686,184448686,184448686,184448686
2022-05-13,58.33,58.33,,,184448685.99723968,10758891854.2189905344,184448686,184448686,184448686,184448686,184448686,184448686,184448686,184448686,184448686,184448686
2022-05-16,60.28,60.28,,,184448686.00673717,11118566792.4861166076,184448686,184448686,184448686,184448686,184448686,184448686,184448686,184448686,184448686,184448686
2022-05-17,63.40,63.40,,,184448686.00336600,11694046692.6134044000,184448686,184448686,184448686,184448686,184448686,184448686,184448686,184448686,184448686,184448686
2022-05-18,60.51,60.51,,,184448686.00809327,11160989990.3497237677,184448686,184448686,184448686,184448686,184448686,184448686,184448686,184448686,184448686,184448686
2022-05-19,62.05,62.05,,,184448685.99627780,11445040966.0690374900,184448686,184448686,184448686,184448686,184448686,184448686,184448686,184448686,184448686,184448686
2022-05-20,60.57,60.57,,,184448685.99814000,11172056910.9073398000,184448686,184448686,184448686,184448686,184448686,184448686,184448686,184448686,184448686,184448686
2022-05-23,63.14,63.14,,,184448686.00465104,11646090034.3336666656,184448686,184448686,184448686,184448686,184448686,184448686,184448686,184448686,184448686,184448686
2022-05-24,61.33,61.33,,,184448685.99257725,11312237911.9247627425,184448686,184448686,184448686,184448686,184448686,184448686,184448686,184448686,184448686,184448686
2022-05-25,60.94,60.94,,,184448686.00308000,11240302925.0276952000,184448686,184448686,184448686,184448686,184448686,184448686,184448686,184448686,184448686,184448686
2022-05-26,62.85,62.85,,,184448685.99411362,11592599914.7300410170,184448686,184448686,184448686,184448686,184448686,184448686,184448686,184448686,184448686,184448686
2022-05-27,64.50,64.50,,,184448686.00306560,11896940247.1977312000,184448686,184448686,184448686,184448686,184448686,184448686,184448686,184448686,184448686,184448686
2022-05-31,61.72,61.72,,,184448685.99691490,11384172899.7295876280,184448686,184448686,184448686,184448686,184448686,184448686,184448686,184448686,184448686,184448686
2022-06-01,62.41,62.41,,,184448686.00756890,11511442493.7323750490,184448686,184448686,184448686,184448686,184448686,184448686,184448686,184448686,184448686,184448686
2022-06-02,63.83,63.83,,,184448685.99646017,11773359627.1540526511,184448686,184448686,184448686,184448686,184448686,184448686,184448686,184448686,184448686,184448686
2022-06-03,61.83,61.83,,,184448686.00307626,11404462255.5702051558,184448686,184448686,184448686,184448686,184448686,184448686,184448686,184448686,184448686,184448686
2022-06-06,64.02,64.02,,,184448685.99459666,11808404877.3740781732,184448686,184448686,184448686,184448686,184448686,184448686,184448686,184448686,184448686,184448686
2022-06-07,65.51,65.51,,,184448686.00271520,12083233420.0378727520,184448686,184448686,184448686,184448686,184448686,184448686,184448686,184448686,184448686,184448686
2022-06-08,62.28,62.28,,,184448685.99983890,11487464164.0699666920,184448686,184448686,184448686,184448686,184448686,184448686,184448686,184448686,184448686,184448686
2022-06-09,55.56,55.56,,,184448685.99449995,10247968993.8544172220,184448686,184448686,184448686,184448686,184448686,184448686,184448686,184448686,184448686,184448686
2022-06-10,53.01,53.01,,,184448685.99108106,9777624844.3872069906,184448686,184448686,184448686,184448686,184448686,184448686,184448686,184448686,184448686,184448686
2022-06-13,49.84,49.84,,,184448685.99838123,9192922510.1593205032,184448686,184448686,184448686,184448686,184448686,184448686,184448686,184448686,184448686,184448686
2022-06-14,48.92,48.92,,,184448686.00445634,9023229719.3380041528,184448686,184448686,184448686,184448686,184448686,184448686,184448686,184448686,184448686,184448686
2022-06-15,51.11,51.11,,,184448685.99377573,9427172341.1418775603,184448686,184448686,184448686,184448686,184448686,184448686,184448686,184448686,184448686,184448686
2022-06-16,49.68,49.68,,,184448685.99472833,9163410720.2181034344,184448686,184448686,184448686,184448686,184448686,184448686,184448686,184448686,184448686,184448686
2022-06-17,49.28,49.28,,,184448685.99470250,9089631245.8189392000,184448686,184448686,184448686,184448686,184448686,184448686,184448686,184448686,184448686,184448686
2022-06-21,50.08,50.08,,,184448685.99201164,9237190194.4799429312,184448686,184448686,184448686,184448686,184448686,184448686,184448686,184448686,184448686,184448686
2022-06-22,48.90,48.90,,,184448685.99956828,9019540745.3788888920,184448686,184448686,184448686,184448686,184448686,184448686,184448686,184448686,184448686,184448686
2022-06-23,46.62,46.62,,,184448686.00801182,8598997741.6935110484,184448686,184448686,184448686,184448686,184448686,184448686,184448686,184448686,184448686,184448686
2022-06-24,49.36,49.36,,,184448686.00852410,9104387141.3807495760,184448686,184448686,184448686,184448686,184448686,184448686,184448686,184448686,184448686,184448686
2022-06-27,49.56,49.56,,,184448685.99793768,9141276878.0577914208,184448686,184448686,184448686,184448686,184448686,184448686,184448686,184448686,184448686,184448686
2022-06-28,49.25,49.25,,,184448686.00081486,9084097785.5401318550,184448686,184448686,184448686,184448686,184448686,184448686,184448686,184448686,184448686,184448686
2022-06-29,47.62,47.62,,,184448685.99105910,8783446426.8942343420,184448686,184448686,184448686,184448686,184448686,184448686,184448686,184448686,184448686,184448686
2022-06-30,45.58,45.58,,,184448685.99230978,8407171107.5294797724,184448686,184448686,184448686,184448686,184448686,184448686,184448686,184448686,184448686,184448686
2022-07-01,44.78,44.78,,,184448685.99527640,8259612158.8684771920,184448686,184448686,184448686,184448686,184448686,184448686,184448686,184448686,184448686,184448686
2022-07-05,42.09,42.09,,,184448685.99237728,7763445193.4191597152,184448686,184448686,184448686,184448686,184448686,184448686,184448686,184448686,184448686,184448686
2022-07-06,42.63,42.63,,,184448685.99109610,7863047483.8004267430,184448686,184448686,184448686,184448686,184448686,184448686,184448686,184448686,184448686,184448686
2022-07-07,45.65,45.65,,,184448685.99319154,8420082515.5891938010,184448686,184448686,184448686,184448686,184448686,184448686,184448686,184448686,184448686,184448686
2022-07-08,44.83,44.83,,,184448685.99389693,8268834593.1063993719,184448686,184448686,184448686,184448686,184448686,184448686,184448686,184448686,184448686,184448686
2022-07-11,42.73,42.73,,,184448686.00945535,7881492353.1840271055,184448686,184448686,184448686,184448686,184448686,184448686,184448686,184448686,184448686,184448686
2022-07-12,42.25,42.25,,,184448685.99669534,7792956983.3603781150,184448686,184448686,184448686,184448686,184448686,184448686,184448686,184448686,184448686,184448686
2022-07-13,43.19,43.19,,,184448685.99220848,7966338748.0034842512,184448686,184448686,184448686,184448686,184448686,184448686,184448686,184448686,184448686,184448686
2022-07-14,40.81,40.81,,,184448686.00783104,7527350875.9795847424,184448686,184448686,184448686,184448686,184448686,184448686,184448686,184448686,184448686,184448686
2022-07-15,43.06,43.06,,,184448686.00525212,7942360419.3861562872,184448686,184448686,184448686,184448686,184448686,184448686,184448686,184448686,184448686,184448686
2022-07-18,43.42,43.42,,,184448685.99733797,8008761946.0044146574,184448686,184448686,184448686,184448686,184448686,184448686,184448686,184448686,184448686,184448686
2022-07-19,44.90,44.90,,,184448685.99479090,8281746001.1661114100,184448686,184448686,184448686,184448686,184448686,184448686,184448686,184448686,184448686,184448686
2022-07-20,45.06,45.06,,,179925180.00111327,8107428610.8501639462,184448686,184448686,184448686,184448686,184448686,184448686,184448686,184448686,184448686,184448686
2022-07-21,45.15,45.15,,,179925180.00115734,8123621877.0522539010,184448686,184448686,184448686,184448686,184448686,184448686,184448686,184448686,184448686,184448686
2022-07-22,45.80,45.80,,,179925179.99105522,8240573243.5903290760,184448686,184448686,184448686,184448686,184448686,184448686,184448686,184448686,184448686,184448686
2022-07-25,46.80,46.80,,,179925179.99700767,8420498423.8599589560,179925180,179925180,179925180,179925180,179925180,179925180,179925180,179925180,179925180,179925180
2022-07-26,46.99,46.99,,,179925180.00315815,8454684208.3484014685,179925180,179925180,179925180,179925180,179925180,179925180,179925180,179925180,179925180,179925180
2022-07-27,47.75,47.75,,,179925180.00538410,8591427345.2570907750,179925180,179925180,179925180,179925180,179925180,179925180,179925180,179925180,179925180,179925180
2022-07-28,49.08,49.08,,,179925179.99276024,8830727834.0446725792,179925180,179925180,179925180,179925180,179925180,179925180,179925180,179925180,179925180,179925180
2022-07-29,50.89,50.89,,,179925180.00858408,9156392410.6368438312,179925180,179925180,179925180,179925180,179925180,179925180,179925180,179925180,179925180,179925180
2022-08-01,48.28,48.28,,,179925179.99891770,8686787690.3477465560,179925180,179925180,179925180,179925180,179925180,179925180,179925180,179925180,179925180,179925180
2022-08-02,48.34,48.34,,,179925179.99174142,8697583200.8007802428,179925180,179925180,179925180,179925180,179925180,179925180,179925180,179925180,179925180,179925180
2022-08-03,48.49,48.49,,,179925180.00620710,8724571978.5009822790,179925180,179925180,179925180,179925180,179925180,179925180,179925180,179925180,179925180,179925180
2022-08-04,47.85,47.85,,,179925179.98951644,8609419862.4983616540,179925180,179925180,179925180,179925180,179925180,179925180,179925180,179925180,179925180,179925180
2022-08-05,49.52,49.52,,,179925179.99746750,8909894913.4745906000,179925180,179925180,179925180,179925180,179925180,179925180,179925180,179925180,179925180,179925180
2022-08-08,48.65,48.65,,,179925180.00587407,8753360007.2857735055,179925180,179925180,179925180,179925180,179925180,179925180,179925180,179925180,179925180,179925180
2022-08-09,50.38,50.38,,,179925180.00430602,9064630568.6169372876,179925180,179925180,179925180,179925180,179925180,179925180,179925180,179925180,179925180,179925180
2022-08-10,52.95,52.95,,,179925179.99314538,9527038280.6370478710,179925180,179925180,179925180,179925180,179925180,179925180,179925180,179925180,179925180,179925180
2022-08-11,53.27,53.27,,,179925180.00837976,9584614339.0463898152,179925180,179925180,179925180,179925180,179925180,179925180,179925180,179925180,179925180,179925180
2022-08-12,52.76,52.76,,,179925180.00885615,9492852497.2672504740,179925180,179925180,179925180,179925180,179925180,179925180,179925180,179925180,179925180,179925180
2022-08-15,51.70,51.70,,,179925180.00806940,9302131806.4171879800,179925180,179925180,179925180,179925180,179925180,179925180,179925180,179925180,179925180,179925180
2022-08-16,53.12,53.12,,,179925179.99666217,9557625561.4226944704,179925180,179925180,179925180,179925180,179925180,179925180,179925180,179925180,179925180,179925180
2022-08-17,51.98,51.98,,,179925179.99137210,9352510855.9515217580,179925180,179925180,179925180,179925180,179925180,179925180,179925180,179925180,179925180,179925180
2022-08-18,53.84,53.84,,,179925179.99143776,9687171690.7390089984,179925180,179925180,179925180,179925180,179925180,179925180,179925180,179925180,179925180,179925180
2022-08-19,51.01,51.01,,,179925179.99938660,9177983431.7687104660,179925180,179925180,179925180,179925180,179925180,179925180,179925180,179925180,179925180,179925180
2022-08-22,50.27,50.27,,,179925180.00373453,9044838798.7877348231,179925180,179925180,179925180,179925180,179925180,179925180,179925180,179925180,179925180,179925180
2022-08-23,53.09,53.09,,,179925180.00974408,9552227806.7173132072,179925180,179925180,179925180,179925180,179925180,179925180,179925180,179925180,179925180,179925180
2022-08-24,54.43,54.43,,,179925180.00444550,9793327547.6419685650,179925180,179925180,179925180,179925180,179925180,179925180,179925180,179925180,179925180,179925180
2022-08-25,56.92,56.92,,,179925180.00916168,10241341246.1214828256,179925180,179925180,179925180,179925180,179925180,179925180,179925180,179925180,179925180,179925180
2022-08-26,55.84,55.84,,,179925180.00728434,10047022051.6067575456,179925180,179925180,179925180,179925180,179925180,179925180,179925180,179925180,179925180,179925180
2022-08-29,55.50,55.50,,,179925180.00131544,9985847490.0730069200,179925180,179925180,179925180,179925180,179925180,179925180,179925180,179925180,179925180,179925180
2022-08-30,50.79,50.79,,,179925179.99897325,9138399892.1478513675,179925180,179925180,179925180,179925180,179925180,179925180,179925180,179925180,179925180,179925180
2022-08-31,49.48,49.48,,,179925180.00063238,8902697906.4312901624,179925180,179925180,179925180,179925180,179925180,179925180,179925180,179925180,179925180,179925180
2022-09-01,48.08,48.08,,,179925180.00312367,8650802654.5501860536,179925180,179925180,179925180,179925180,179925180,179925180,179925180,179925180,179925180,179925180
2022-09-02,49.25,49.25,,,179925180.00465897,8861315115.2294542725,179925180,179925180,179925180,179925180,179925180,179925180,179925180,179925180,179925180,179925180
2022-09-06,47.91,47.91,,,179925180.01053634,8620215374.3047960494,179925180,179925180,179925180,179925180,179925180,179925180,179925180,179925180,179925180,179925180
2022-09-07,47.66,47.66,,,179925180.00284487,8575234078.9355865042,179925180,179925180,179925180,179925180,179925180,179925180,179925180,179925180,179925180,179925180
2022-09-08,48.86,48.86,,,179925180.00046962,8791144294.8229456332,179925180,179925180,179925180,179925180,179925180,179925180,179925180,179925180,179925180,179925180
2022-09-09,52.62,52.62,,,179925180.00241813,9467662971.7272420006,179925180,179925180,179925180,179925180,179925180,179925180,179925180,179925180,179925180,179925180
2022-09-12,52.34,52.34,,,179925180.00864822,9417283921.6526478348,179925180,179925180,179925180,179925180,179925180,179925180,179925180,179925180,179925180,179925180
2022-09-13,50.29,50.29,,,179925180.00501886,9048437302.4523984694,179925180,179925180,179925180,179925180,179925180,179925180,179925180,179925180,179925180,179925180
2022-09-14,44.81,44.81,,,179925179.99995345,8062447315.7979140945,179925180,179925180,179925180,179925180,179925180,179925180,179925180,179925180,179925180,179925180
2022-09-15,43.14,43.14,,,179925180.00517377,7761972265.4231964378,179925180,179925180,179925180,179925180,179925180,179925180,179925180,179925180,179925180,179925180
2022-09-16,42.46,42.46,,,179925179.98953590,7639623142.3556943140,179925180,179925180,179925180,179925180,179925180,179925180,179925180,179925180,179925180,179925180
2022-09-19,44.63,44.63,,,179925180.00154236,8030060783.4688355268,179925180,179925180,179925180,179925180,179925180,179925180,179925180,179925180,179925180,179925180
2022-09-20,43.53,43.53,,,179925180.00987142,7832143085.8297029126,179925180,179925180,179925180,179925180,179925180,179925180,179925180,179925180,179925180,179925180
2022-09-21,39.41,39.41,,,179925180.01185610,7090851344.2672489010,179925180,179925180,179925180,179925180,179925180,179925180,179925180,179925180,179925180,179925180
2022-09-22,37.52,37.52,,,179925179.99010400,6750792753.2287020800,179925180,179925180,179925180,179925180,179925180,179925180,179925180,179925180,179925180,179925180
2022-09-23,35.51,35.51,,,179925179.98648927,6389143141.3202339777,179925180,179925180,179925180,179925180,179925180,179925180,179925180,179925180,179925180,179925180
2022-09-26,34.47,34.47,,,179925179.98541600,6202020954.0972895200,179925180,179925180,179925180,179925180,179925180,179925180,179925180,179925180,179925180,179925180
2022-09-27,34.70,34.70,,,179925180.00985860,6243403746.3420934200,179925180,179925180,179925180,179925180,179925180,179925180,179925180,179925180,179925180,179925180
2022-09-28,35.23,35.23,,,179925179.99561855,6338764091.2456415165,179925180,179925180,179925180,179925180,179925180,179925180,179925180,179925180,179925180,179925180
2022-09-29,35.43,35.43,,,179925179.99546662,6374749127.2393823466,179925180,179925180,179925180,179925180,179925180,179925180,179925180,179925180,179925180,179925180
2022-09-30,33.66,33.66,,,179925180.00948152,6056281559.1191479632,179925180,179925180,179925180,179925180,179925180,179925180,179925180,179925180,179925180,179925180
2022-10-03,37.39,37.39,,,179925180.00200838,6727402480.2750933282,179925180,179925180,179925180,179925180,179925180,179925180,179925180,179925180,179925180,179925180
2022-10-04,40.23,40.23,,,179925179.99823707,7238389991.3290773261,179925180,179925180,179925180,179925180,179925180,179925180,179925180,179925180,179925180,179925180
2022-10-05,40.08,40.08,,,179925179.99521190,7211401214.2080929520,179925180,179925180,179925180,179925180,179925180,179925180,179925180,179925180,179925180,179925180
2022-10-06,39.85,39.85,,,179925179.98754194,7170018422.5035463090,179925180,179925180,179925180,179925180,179925180,179925180,179925180,179925180,179925180,179925180
2022-10-07,39.01,39.01,,,179925179.99941180,7018881271.7770543180,179925180,179925180,179925180,179925180,179925180,179925180,179925180,179925180,179925180,179925180
2022-10-10,38.84,38.84,,,179925180.00853923,6988293991.5316636932,179925180,179925180,179925180,179925180,179925180,179925180,179925180,179925180,179925180,179925180
2022-10-11,37.85,37.85,,,179925179.99151295,6810168062.6787651575,179925180,179925180,179925180,179925180,179925180,179925180,179925180,179925180,179925180,179925180
2022-10-12,39.86,39.86,,,179925179.99466220,7171817674.5872352920,179925180,179925180,179925180,179925180,179925180,179925180,179925180,179925180,179925180,179925180
2022-10-13,40.88,40.88,,,179925179.99377486,7355341358.1455162768,179925180,179925180,179925180,179925180,179925180,179925180,179925180,179925180,179925180,179925180
2022-10-14,38.35,38.35,,,179925180.01087840,6900130653.4171866400,179925180,179925180,179925180,179925180,179925180,179925180,179925180,179925180,179925180,179925180
2022-10-17,39.38,39.38,,,179925179.99025363,7085453588.0161879494,179925180,179925180,179925180,179925180,179925180,179925180,179925180,179925180,179925180,179925180
2022-10-18,39.71,39.71,,,179925179.99159533,7144828897.4662505543,179925180,179925180,179925180,179925180,179925180,179925180,179925180,179925180,179925180,179925180
2022-10-19,37.62,37.62,,,179925179.99672860,6768785271.4769299320,179925180,179925180,179925180,179925180,179925180,179925180,179925180,179925180,179925180,179925180
2022-10-20,38.91,38.91,,,179925179.99303080,7000888753.5288284280,179925180,179925180,179925180,179925180,179925180,179925180,179925180,179925180,179925180,179925180
2022-10-21,41.06,41.06,,,176937165.01051605,7265039995.3317890130,179925180,179925180,179925180,179925180,179925180,179925180,179925180,179925180,179925180,179925180
2022-10-24,39.17,39.17,,,176937165.00294223,6930628753.1652471491,179925180,179925180,179925180,179925180,179925180,179925180,179925180,179925180,179925180,179925180
2022-10-25,41.49,41.49,,,176937165.00715170,7341122976.1467240330,179925180,179925180,179925180,179925180,179925180,179925180,179925180,179925180,179925180,179925180
2022-10-26,42.65,42.65,,,176937165.00908473,7546370087.6374637345,179925180,179925180,179925180,179925180,179925180,179925180,179925180,179925180,179925180,179925180
2022-10-27,41.41,41.41,,,176937164.99597020,7326968002.4831259820,176937165,176937165,176937165,176937165,176937165,176937165,176937165,176937165,176937165,176937165
2022-10-28,39.49,39.49,,,176937164.99705517,6987248645.7337086633,176937165,176937165,176937165,176937165,176937165,176937165,176937165,176937165,176937165,176937165
2022-10-31,39.03,39.03,,,176937164.99187034,6905857549.6326993702,176937165,176937165,176937165,176937165,176937165,176937165,176937165,176937165,176937165,176937165
2022-11-01,40.88,40.88,,,176937165.00446620,7233191305.3825782560,176937165,176937165,176937165,176937165,176937165,176937165,176937165,176937165,176937165,176937165
2022-11-02,37.77,37.77,,,176937165.00623864,6682916722.2856334328,176937165,176937165,176937165,176937165,176937165,176937165,176937165,176937165,176937165,176937165
2022-11-03,37.70,37.70,,,176937165.01189340,6670531120.9483811800,176937165,176937165,176937165,176937165,176937165,176937165,176937165,176937165,176937165,176937165
2022-11-04,42.40,42.40,,,176937165.00966720,7502135796.4098892800,176937165,176937165,176937165,176937165,176937165,176937165,176937165,176937165,176937165,176937165
2022-11-07,41.51,41.51,,,176937165.00129070,7344661719.2035769570,176937165,176937165,176937165,176937165,176937165,176937165,176937165,176937165,176937165,176937165
2022-11-08,43.23,43.23,,,176937165.00377820,7648993643.1133315860,176937165,176937165,176937165,176937165,176937165,176937165,176937165,176937165,176937165,176937165
2022-11-09,40.68,40.68,,,176937165.00737795,7197803872.5001350060,176937165,176937165,176937165,176937165,176937165,176937165,176937165,176937165,176937165,176937165
2022-11-10,43.83,43.83,,,176937165.00913817,7755155942.3505259911,176937165,176937165,176937165,176937165,176937165,176937165,176937165,176937165,176937165,176937165
2022-11-11,47.66,47.66,,,176937165.00954980,8432825284.3551434680,176937165,176937165,176937165,176937165,176937165,176937165,176937165,176937165,176937165,176937165
2022-11-14,48.22,48.22,,,176937164.98960105,8531910095.7985626310,176937165,176937165,176937165,176937165,176937165,176937165,176937165,176937165,176937165,176937165
2022-11-15,49.21,49.21,,,176937165.00642675,8707077889.9662603675,176937165,176937165,176937165,176937165,176937165,176937165,176937165,176937165,176937165,176937165
2022-11-16,48.67,48.67,,,176937164.99263626,8611531820.1916067742,176937165,176937165,176937165,176937165,176937165,176937165,176937165,176937165,176937165,176937165
2022-11-17,47.37,47.37,,,176937165.00086750,8381513506.0910934750,176937165,176937165,176937165,176937165,176937165,176937165,176937165,176937165,176937165,176937165
2022-11-18,47.31,47.31,,,176937164.99435967,8370897275.8831559877,176937165,176937165,176937165,176937165,176937165,176937165,176937165,176937165,176937165,176937165
2022-11-21,46.63,46.63,,,176937164.98893410,8250580003.4339970830,176937165,176937165,176937165,176937165,176937165,176937165,176937165,176937165,176937165,176937165
2022-11-22,49.36,49.36,,,176937165.00233948,8733618464.5154767328,176937165,176937165,176937165,176937165,176937165,176937165,176937165,176937165,176937165,176937165
2022-11-23,48.51,48.51,,,176937164.99819857,8583221874.0626126307,176937165,176937165,176937165,176937165,176937165,176937165,176937165,176937165,176937165,176937165
2022-11-25,47.89,47.89,,,176937165.00556114,8473520832.1163229946,176937165,176937165,176937165,176937165,176937165,176937165,176937165,176937165,176937165,176937165
2022-11-28,46.43,46.43,,,176937164.99141836,8215192570.5515544548,176937165,176937165,176937165,176937165,176937165,176937165,176937165,176937165,176937165,176937165
2022-11-29,47.70,47.70,,,176937165.00657564,8439902770.8136580280,176937165,176937165,176937165,176937165,176937165,176937165,176937165,176937165,176937165,176937165
2022-11-30,50.13,50.13,,,176937164.99124240,8869860081.0109815120,176937165,176937165,176937165,176937165,176937165,176937165,176937165,176937165,176937165,176937165
2022-12-01,49.10,49.10,,,176937164.99246770,8687614801.1301640700,176937165,176937165,176937165,176937165,176937165,176937165,176937165,176937165,176937165,176937165
2022-12-02,50.39,50.39,,,176937165.00091872,8915863744.3962943008,176937165,176937165,176937165,176937165,176937165,176937165,176937165,176937165,176937165,176937165
2022-12-05,46.52,46.52,,,176937164.99652255,8231116915.6382290260,176937165,176937165,176937165,176937165,176937165,176937165,176937165,176937165,176937165,176937165
2022-12-06,48.31,48.31,,,176937164.99451950,8547834440.8852370450,176937165,176937165,176937165,176937165,176937165,176937165,176937165,176937165,176937165,176937165
2022-12-07,46.60,46.60,,,176937164.99678525,8245271888.8501926500,176937165,176937165,176937165,176937165,176937165,176937165,176937165,176937165,176937165,176937165
2022-12-08,47.28,47.28,,,176937164.99586332,8365589161.0044177696,176937165,176937165,176937165,176937165,176937165,176937165,176937165,176937165,176937165,176937165
2022-12-09,45.08,45.08,,,176937164.99163443,7976327397.8228801044,176937165,176937165,176937165,176937165,176937165,176937165,176937165,176937165,176937165,176937165
2022-12-12,45.81,45.81,,,176937164.99902350,8105491528.6052665350,176937165,176937165,176937165,176937165,176937165,176937165,176937165,176937165,176937165,176937165
2022-12-13,46.17,46.17,,,176937165.00339115,8169188908.2065693955,176937165,176937165,176937165,176937165,176937165,176937165,176937165,176937165,176937165,176937165
2022-12-14,45.50,45.50,,,176937165.00290380,8050641007.6321229000,176937165,176937165,176937165,176937165,176937165,176937165,176937165,176937165,176937165,176937165
2022-12-15,43.27,43.27,,,176937165.00732100,7656071129.8667796700,176937165,176937165,176937165,176937165,176937165,176937165,176937165,176937165,176937165,176937165
2022-12-16,42.72,42.72,,,176937165.01071498,7558755689.2577439456,176937165,176937165,176937165,176937165,176937165,176937165,176937165,176937165,176937165,176937165
2022-12-19,42.32,42.32,,,176937165.00940278,7487980823.1979256496,176937165,176937165,176937165,176937165,176937165,176937165,176937165,176937165,176937165,176937165
2022-12-20,44.09,44.09,,,176937164.99649608,7801159604.6955121672,176937165,176937165,176937165,176937165,176937165,176937165,176937165,176937165,176937165,176937165
2022-12-21,44.87,44.87,,,176937164.98920724,7939170593.0657288588,176937165,176937165,176937165,176937165,176937165,176937165,176937165,176937165,176937165,176937165
2022-12-22,43.85,43.85,,,176937164.99565840,7758694685.0596208400,176937165,176937165,176937165,176937165,176937165,176937165,176937165,176937165,176937165,176937165
2022-12-23,44.20,44.20,,,176937164.98849046,7820622692.4912783320,176937165,176937165,176937165,176937165,176937165,176937165,176937165,176937165,176937165,176937165
2022-12-27,44.86,44.86,,,176937165.00081167,7937401221.9364115162,176937165,176937165,176937165,176937165,176937165,176937165,176937165,176937165,176937165,176937165
2022-12-28,43.80,43.80,,,176937165.01077142,7749847827.4717881960,176937165,176937165,176937165,176937165,176937165,176937165,176937165,176937165,176937165,176937165
2022-12-29,46.56,46.56,,,176937164.99348680,8238194402.0967454080,176937165,176937165,176937165,176937165,176937165,176937165,176937165,176937165,176937165,176937165
2022-12-30,45.47,45.47,,,176937165.01095924,8045332893.0483166428,176937165,176937165,176937165,176937165,176937165,176937165,176937165,176937165,176937165,176937165
2023-01-03,44.58,44.58,,,176937165.00318540,7887858815.8420051320,176937165,176937165,176937165,176937165,176937165,176937165,176937165,176937165,176937165,176937165
2023-01-04,45.13,45.13,,,176937165.00002304,7985174256.4510397952,176937165,176937165,176937165,176937165,176937165,176937165,176937165,176937165,176937165,176937165
2023-01-05,45.49,45.49,,,176937164.99796462,8048871635.7574105638,176937165,176937165,176937165,176937165,176937165,176937165,176937165,176937165,176937165,176937165
2023-01-06,46.36,46.36,,,176937164.99599442,8202806969.2143013112,176937165,176937165,176937165,176937165,176937165,176937165,176937165,176937165,176937165,176937165
2023-01-09,50.27,50.27,,,176937164.99763045,8894631284.4308827215,176937165,176937165,176937165,176937165,176937165,176937165,176937165,176937165,176937165,176937165
2023-01-10,52.98,52.98,,,176937165.00118800,9374131001.7629402400,176937165,176937165,176937165,176937165,176937165,176937165,176937165,176937165,176937165,176937165
2023-01-11,51.95,51.95,,,176937165.00254324,9191885721.8821213180,176937165,176937165,176937165,176937165,176937165,176937165,176937165,176937165,176937165,176937165
2023-01-12,53.32,53.32,,,176937164.99099565,9434289637.3198880580,176937165,176937165,176937165,176937165,176937165,176937165,176937165,176937165,176937165,176937165
2023-01-13,54.61,54.61,,,176937164.99882840,9662538580.5860189240,176937165,176937165,176937165,176937165,176937165,176937165,176937165,176937165,176937165,176937165
2023-01-17,54.86,54.86,,,176937165.00358406,9706772872.0966215316,176937165,176937165,176937165,176937165,176937165,176937165,176937165,176937165,176937165,176937165
2023-01-18,53.45,53.45,,,176937164.99831638,9457291469.1600105110,176937165,176937165,176937165,176937165,176937165,176937165,176937165,176937165,176937165,176937165
2023-01-19,49.52,49.52,,,176937165.00281510,8761928410.9394037520,176937165,176937165,176937165,176937165,176937165,176937165,176937165,176937165,176937165,176937165
2023-01-20,51.00,51.00,,,176937165.00418170,9023795415.2132667000,176937165,176937165,176937165,176937165,176937165,176937165,176937165,176937165,176937165,176937165
2023-01-23,51.75,51.75,,,176937165.00482470,9156498288.9996782250,176937165,176937165,176937165,176937165,176937165,176937165,176937165,176937165,176937165,176937165
2023-01-24,52.87,52.87,,,176937165.00231206,9354667913.6722386122,176937165,176937165,176937165,176937165,176937165,176937165,176937165,176937165,176937165,176937165
2023-01-25,52.19,52.19,,,176937165.00321925,9234350641.5180126575,176937165,176937165,176937165,176937165,176937165,176937165,176937165,176937165,176937165,176937165
2023-01-26,52.11,52.11,,,176937165.00299460,9220195668.3060486060,176937165,176937165,176937165,176937165,176937165,176937165,176937165,176937165,176937165,176937165
2023-01-27,52.75,52.75,,,176937165.00477270,9333435454.0017599250,176937165,176937165,176937165,176937165,176937165,176937165,176937165,176937165,176937165,176937165
2023-01-30,50.34,50.34,,,176937164.99340755,8907016885.7681360670,176937165,176937165,176937165,176937165,176937165,176937165,176937165,176937165,176937165,176937165
2023-01-31,52.24,52.24,,,176937164.99054065,9243197499.1058435560,176937165,176937165,176937165,176937165,176937165,176937165,176937165,176937165,176937165,176937165
2023-02-01,54.58,54.58,,,176937165.00553710,9657230466.0022149180,176937165,176937165,176937165,176937165,176937165,176937165,176937165,176937165,176937165,176937165
2023-02-02,53.66,53.66,,,176937165.00031990,9494448273.9171658340,176937165,176937165,176937165,176937165,176937165,176937165,176937165,176937165,176937165,176937165
2023-02-03,52.74,52.74,,,176937165.00051287,9331666082.1270487638,176937165,176937165,176937165,176937165,176937165,176937165,176937165,176937165,176937165,176937165
2023-02-06,52.02,52.02,,,176937164.99845010,9204271323.2193742020,176937165,176937165,176937165,176937165,176937165,176937165,176937165,176937165,176937165,176937165
2023-02-07,53.24,53.24,,,176937164.99075740,9420134664.1079239760,176937165,176937165,176937165,176937165,176937165,176937165,176937165,176937165,176937165,176937165
2023-02-08,50.62,50.62,,,176937164.99718443,8956559292.1574758466,176937165,176937165,176937165,176937165,176937165,176937165,176937165,176937165,176937165,176937165
2023-02-09,50.01,50.01,,,176937165.00871623,8848627622.0858986623,176937165,176937165,176937165,176937165,176937165,176937165,176937165,176937165,176937165,176937165
2023-02-10,48.69,48.69,,,176937165.00792690,8615070564.2359607610,176937165,176937165,176937165,176937165,176937165,176937165,176937165,176937165,176937165,176937165
2023-02-13,47.95,47.95,,,176937164.99643102,8484137061.5788674090,176937165,176937165,176937165,176937165,176937165,176937165,176937165,176937165,176937165,176937165
2023-02-14,48.93,48.93,,,176937165.00862157,8657535483.8718534201,176937165,176937165,176937165,176937165,176937165,176937165,176937165,176937165,176937165,176937165
2023-02-15,48.41,48.41,,,176937165.00406160,8565528157.8466220560,176937165,176937165,176937165,176937165,176937165,176937165,176937165,176937165,176937165,176937165
2023-02-16,48.77,48.77,,,176937165.00815922,8629225537.4479251594,176937165,176937165,176937165,176937165,176937165,176937165,176937165,176937165,176937165,176937165
2023-02-17,46.89,46.89,,,178349345.00790950,8362800787.4208764550,176937165,176937165,176937165,176937165,176937165,176937165,176937165,176937165,176937165,176937165
2023-02-21,48.07,48.07,,,178349345.00699034,8573253014.4860256438,176937165,176937165,176937165,176937165,176937165,176937165,176937165,176937165,176937165,176937165
2023-02-22,48.98,48.98,,,178349345.00534183,8735550918.3616428334,176937165,176937165,176937165,176937165,176937165,176937165,176937165,176937165,176937165,176937165
2023-02-23,47.96,47.96,,,178349345.00194138,8553634586.2931085848,178349345,178349345,178349345,178349345,178349345,178349345,178349345,178349345,178349345,178349345
2023-02-24,46.45,46.45,,,178349345.00799564,8284327075.6213974780,178349345,178349345,178349345,178349345,178349345,178349345,178349345,178349345,178349345,178349345
2023-02-27,48.04,48.04,,,178349345.00993985,8567902534.2775103940,178349345,178349345,178349345,178349345,178349345,178349345,178349345,178349345,178349345,178349345
2023-02-28,48.94,48.94,,,178349345.00211507,8728416944.4035115258,178349345,178349345,178349345,178349345,178349345,178349345,178349345,178349345,178349345,178349345
2023-03-01,51.65,51.65,,,178349345.00622386,9211743669.5714623690,178349345,178349345,178349345,178349345,178349345,178349345,178349345,178349345,178349345,178349345
2023-03-02,53.69,53.69,,,178349344.99542713,9575576332.8044826097,178349345,178349345,178349345,178349345,178349345,178349345,178349345,178349345,178349345,178349345
2023-03-03,55.52,55.52,,,178349344.99829483,9901955634.3053289616,178349345,178349345,178349345,178349345,178349345,178349345,178349345,178349345,178349345,178349345
2023-03-06,53.69,53.69,,,178349344.99505820,9575576332.7846747580,178349345,178349345,178349345,178349345,178349345,178349345,178349345,178349345,178349345,178349345
2023-03-07,50.17,50.17,,,178349345.01016307,8947786639.1598812219,178349345,178349345,178349345,178349345,178349345,178349345,178349345,178349345,178349345,178349345
2023-03-08,51.02,51.02,,,178349344.99203146,9099383581.4934450892,178349345,178349345,178349345,178349345,178349345,178349345,178349345,178349345,178349345,178349345
2023-03-09,47.90,47.90,,,178349344.99407062,8542933625.2159826980,178349345,178349345,178349345,178349345,178349345,178349345,178349345,178349345,178349345,178349345
2023-03-10,44.91,44.91,,,178349344.99502856,8009669083.7267326296,178349345,178349345,178349345,178349345,178349345,178349345,178349345,178349345,178349345,178349345
2023-03-13,44.71,44.71,,,178349344.99145266,7973999214.5678484286,178349345,178349345,178349345,178349345,178349345,178349345,178349345,178349345,178349345,178349345
2023-03-14,44.59,44.59,,,178349344.99799713,7952597293.4606920267,178349345,178349345,178349345,178349345,178349345,178349345,178349345,178349345,178349345,178349345
2023-03-15,39.77,39.77,,,178349344.99298906,7092953450.3711749162,178349345,178349345,178349345,178349345,178349345,178349345,178349345,178349345,178349345,178349345
2023-03-16,40.75,40.75,,,178349344.99630490,7267735808.5994246750,178349345,178349345,178349345,178349345,178349345,178349345,178349345,178349345,178349345,178349345
2023-03-17,39.15,39.15,,,178349344.99194968,6982376856.4348299720,178349345,178349345,178349345,178349345,178349345,178349345,178349345,178349345,178349345,178349345
2023-03-20,40.28,40.28,,,178349345.01036390,7183911617.0174578920,178349345,178349345,178349345,178349345,178349345,178349345,178349345,178349345,178349345,178349345
2023-03-21,41.91,41.91,,,178349344.98898610,7474621048.4884074510,178349345,178349345,178349345,178349345,178349345,178349345,178349345,178349345,178349345,178349345
2023-03-22,40.06,40.06,,,178349344.99152336,7144674760.3604258016,178349345,178349345,178349345,178349345,178349345,178349345,178349345,178349345,178349345,178349345
2023-03-23,40.23,40.23,,,178349344.99732837,7174994149.2425203251,178349345,178349345,178349345,178349345,178349345,178349345,178349345,178349345,178349345,178349345
2023-03-24,40.08,40.08,,,178349345.00645150,7148241747.8585761200,178349345,178349345,178349345,178349345,178349345,178349345,178349345,178349345,178349345,178349345
2023-03-27,40.12,40.12,,,178349344.98788646,7155375720.9140047752,178349345,178349345,178349345,178349345,178349345,178349345,178349345,178349345,178349345,178349345
2023-03-28,40.53,40.53,,,178349345.00322834,7228498952.9808446202,178349345,178349345,178349345,178349345,178349345,178349345,178349345,178349345,178349345,178349345
2023-03-29,40.94,40.94,,,178349344.99289772,7301622184.0092326568,178349345,178349345,178349345,178349345,178349345,178349345,178349345,178349345,178349345,178349345
2023-03-30,41.76,41.76,,,178349344.99771222,7447868647.1044623072,178349345,178349345,178349345,178349345,178349345,178349345,178349345,178349345,178349345,178349345
2023-03-31,42.56,42.56,,,178349344.98828810,7590548122.7015415360,178349345,178349345,178349345,178349345,178349345,178349345,178349345,178349345,178349345,178349345
2023-04-03,41.77,41.77,,,178349345.00650120,7449652140.9215551240,178349345,178349345,178349345,178349345,178349345,178349345,178349345,178349345,178349345,178349345
2023-04-04,40.34,40.34,,,178349345.00671878,7194612577.5710355852,178349345,178349345,178349345,178349345,178349345,178349345,178349345,178349345,178349345,178349345
2023-04-05,39.43,39.43,,,178349345.00749275,7032314673.6454391325,178349345,178349345,178349345,178349345,178349345,178349345,178349345,178349345,178349345,178349345
2023-04-06,39.16,39.16,,,178349344.99958897,6984160350.1839040652,178349345,178349345,178349345,178349345,178349345,178349345,178349345,178349345,178349345,178349345
2023-04-10,39.78,39.78,,,178349345.00221890,7094736944.1882678420,178349345,178349345,178349345,178349345,178349345,178349345,178349345,178349345,178349345,178349345
2023-04-11,40.63,40.63,,,178349345.00517565,7246333887.5602866595,178349345,178349345,178349345,178349345,178349345,178349345,178349345,178349345,178349345,178349345
2023-04-12,39.64,39.64,,,178349344.99280888,7069768035.5149440032,178349345,178349345,178349345,178349345,178349345,178349345,178349345,178349345,178349345,178349345
2023-04-13,40.94,40.94,,,178349344.99289772,7301622184.0092326568,178349345,178349345,178349345,178349345,178349345,178349345,178349345,178349345,178349345,178349345
2023-04-14,40.40,40.40,,,178349345.00308450,7205313538.1246138000,178349345,178349345,178349345,178349345,178349345,178349345,178349345,178349345,178349345,178349345
2023-04-17,40.80,40.80,,,178349345.01084268,7276653276.4423813440,178349345,178349345,178349345,178349345,178349345,178349345,178349345,178349345,178349345,178349345
2023-04-18,42.15,42.15,,,178349344.99817687,7517424891.6731550705,178349345,178349345,178349345,178349345,178349345,178349345,178349345,178349345,178349345,178349345
2023-04-19,41.22,41.22,,,178349345.00775942,7351560001.2198432924,178349345,178349345,178349345,178349345,178349345,178349345,178349345,178349345,178349345,178349345
2023-04-20,40.23,40.23,,,178349344.99732837,7174994149.2425203251,178349345,178349345,178349345,178349345,178349345,178349345,178349345,178349345,178349345,178349345
2023-04-21,38.16,38.16,,,178349345.00597330,6805811005.4279411280,178349345,178349345,178349345,178349345,178349345,178349345,178349345,178349345,178349345,178349345
2023-04-24,38.04,38.04,,,178349344.98817953,6784409083.3503493212,178349345,178349345,178349345,178349345,178349345,178349345,178349345,178349345,178349345,178349345
2023-04-25,35.75,35.75,,,178349345.00467667,6375989083.9171909525,178349345,178349345,178349345,178349345,178349345,178349345,178349345,178349345,178349345,178349345
2023-04-26,35.45,35.45,,,178349344.99799338,6322484280.1788653210,178349345,178349345,178349345,178349345,178349345,178349345,178349345,178349345,178349345,178349345
2023-04-27,36.27,36.27,,,178349345.00342143,6468730743.2740952661,178349345,178349345,178349345,178349345,178349345,178349345,178349345,178349345,178349345,178349345
2023-04-28,37.14,37.14,,,178349344.99660280,6623894673.1738279920,178349345,178349345,178349345,178349345,178349345,178349345,178349345,178349345,178349345,178349345
2023-05-01,37.27,37.27,,,178349344.99678183,6647080088.0300588041,178349345,178349345,178349345,178349345,178349345,178349345,178349345,178349345,178349345,178349345
2023-05-02,35.68,35.68,,,178349345.00040746,6363504629.6145381728,178349345,178349345,178349345,178349345,178349345,178349345,178349345,178349345,178349345,178349345
2023-05-03,35.02,35.02,,,178349344.99098545,6245794061.5843104590,178349345,178349345,178349345,178349345,178349345,178349345,178349345,178349345,178349345,178349345
2023-05-04,34.38,34.38,,,178349345.00058898,6131650481.1202491324,178401487,178401487,178401487,178401487,178401487,178401487,178401487,178401487,178401487,178401487
2023-05-05,36.15,36.15,,,178349345.01341516,6447328822.2349580340,178401487,178401487,178401487,178401487,178401487,178401487,178401487,178401487,178401487,178401487
2023-05-08,36.82,36.82,,,178349345.00205883,6566822882.9758061206,178401487,178401487,178401487,178401487,178401487,178401487,178401487,178401487,178401487,178401487
2023-05-09,36.51,36.51,,,178349345.01393710,6511534586.4588435210,178401487,178401487,178401487,178401487,178401487,178401487,178401487,178401487,178401487,178401487
2023-05-10,36.14,36.14,,,178349345.00326136,6445545328.4178655504,178401487,178401487,178401487,178401487,178401487,178401487,178401487,178401487,178401487,178401487
2023-05-11,35.33,35.33,,,178349345.00627540,6301082359.0717098820,178401487,178401487,178401487,178401487,178401487,178401487,178401487,178401487,178401487,178401487
2023-05-12,35.37,35.37,,,178349345.01457710,6308216333.1655920270,178401487,178401487,178401487,178401487,178401487,178401487,178401487,178401487,178401487,178401487
2023-05-15,36.99,36.99,,,178349345.01263952,6597142272.0175358448,178401487,178401487,178401487,178401487,178401487,178401487,178401487,178401487,178401487,178401487
2023-05-16,36.10,36.10,,,178349345.01373994,6438411354.9960118340,178401487,178401487,178401487,178401487,178401487,178401487,178401487,178401487,178401487,178401487
2023-05-17,36.74,36.74,,,178349345.00758180,6552554935.5785553320,178401487,178401487,178401487,178401487,178401487,178401487,178401487,178401487,178401487,178401487
2023-05-18,36.81,36.81,,,178349344.98725644,6565039388.9809095564,178401487,178401487,178401487,178401487,178401487,178401487,178401487,178401487,178401487,178401487
2023-05-19,36.10,36.10,,,178349345.01373994,6438411354.9960118340,178401487,178401487,178401487,178401487,178401487,178401487,178401487,178401487,178401487,178401487
2023-05-22,36.40,36.40,,,178349345.00661424,6491916158.2407583360,178401487,178401487,178401487,178401487,178401487,178401487,178401487,178401487,178401487,178401487
2023-05-23,35.67,35.67,,,178349345.01328146,6361721136.6237496782,178401487,178401487,178401487,178401487,178401487,178401487,178401487,178401487,178401487,178401487
2023-05-24,34.35,34.35,,,178349344.98580122,6126300000.2622719070,178401487,178401487,178401487,178401487,178401487,178401487,178401487,178401487,178401487,178401487
2023-05-25,33.79,33.79,,,178349345.00934693,6026424367.8658327647,178401487,178401487,178401487,178401487,178401487,178401487,178401487,178401487,178401487,178401487
2023-05-26,33.69,33.69,,,178349345.00299680,6008589433.1509621920,178401487,178401487,178401487,178401487,178401487,178401487,178401487,178401487,178401487,178401487
2023-05-30,32.80,32.80,,,178349345.00394633,5849858516.1294396240,178401487,178401487,178401487,178401487,178401487,178401487,178401487,178401487,178401487,178401487
2023-05-31,31.72,31.72,,,178349344.99869418,5657241223.3585793896,178401487,178401487,178401487,178401487,178401487,178401487,178401487,178401487,178401487,178401487
2023-06-01,32.70,32.70,,,178349344.99531326,5832023581.3467436020,178401487,178401487,178401487,178401487,178401487,178401487,178401487,178401487,178401487,178401487
2023-06-02,34.94,34.94,,,178349344.99253148,6231526114.0390499112,178401487,178401487,178401487,178401487,178401487,178401487,178401487,178401487,178401487,178401487
2023-06-05,33.78,33.78,,,178349345.00052112,6024640874.1176034336,178401487,178401487,178401487,178401487,178401487,178401487,178401487,178401487,178401487,178401487
2023-06-06,34.55,34.55,,,178349345.00224784,6161969869.8276628720,178401487,178401487,178401487,178401487,178401487,178401487,178401487,178401487,178401487,178401487
2023-06-07,35.35,35.35,,,178349345.00183082,6304649345.8147194870,178401487,178401487,178401487,178401487,178401487,178401487,178401487,178401487,178401487,178401487
2023-06-08,35.58,35.58,,,178349344.98655397,6345669694.6215902526,178401487,178401487,178401487,178401487,178401487,178401487,178401487,178401487,178401487,178401487
2023-06-09,35.23,35.23,,,178349345.00435020,6283247424.5032575460,178401487,178401487,178401487,178401487,178401487,178401487,178401487,178401487,178401487,178401487
2023-06-12,34.99,34.99,,,178349345.01137912,6240443581.9481554088,178401487,178401487,178401487,178401487,178401487,178401487,178401487,178401487,178401487,178401487
2023-06-13,36.70,36.70,,,178349344.99960497,6545420961.4855023990,178401487,178401487,178401487,178401487,178401487,178401487,178401487,178401487,178401487,178401487
2023-06-14,36.13,36.13,,,178349345.01358524,6443761835.3408347212,178401487,178401487,178401487,178401487,178401487,178401487,178401487,178401487,178401487,178401487
2023-06-15,35.97,35.97,,,178349345.00607437,6415225939.8684950889,178401487,178401487,178401487,178401487,178401487,178401487,178401487,178401487,178401487,178401487
2023-06-16,35.62,35.62,,,178349344.99670044,6352803668.7824696728,178401487,178401487,178401487,178401487,178401487,178401487,178401487,178401487,178401487,178401487
2023-06-20,34.22,34.22,,,178349345.00988007,6103114586.2380959954,178401487,178401487,178401487,178401487,178401487,178401487,178401487,178401487,178401487,178401487
2023-06-21,34.91,34.91,,,178349344.99267337,6226175633.6942273467,178401487,178401487,178401487,178401487,178401487,178401487,178401487,178401487,178401487,178401487
2023-06-22,33.41,33.41,,,178349344.99955058,5958651616.4349848778,178401487,178401487,178401487,178401487,178401487,178401487,178401487,178401487,178401487,178401487
2023-06-23,32.84,32.84,,,178349345.01286516,5856992490.2224918544,178401487,178401487,178401487,178401487,178401487,178401487,178401487,178401487,178401487,178401487
2023-06-26,32.99,32.99,,,178349345.00996596,5883744891.8787770204,178401487,178401487,178401487,178401487,178401487,178401487,178401487,178401487,178401487,178401487
2023-06-27,34.43,34.43,,,178349345.00482720,6140567948.5162004960,178401487,178401487,178401487,178401487,178401487,178401487,178401487,178401487,178401487,178401487
2023-06-28,33.66,33.66,,,178349345.00315332,6003238952.8061407512,178401487,178401487,178401487,178401487,178401487,178401487,178401487,178401487,178401487,178401487
2023-06-29,33.76,33.76,,,178349345.01151767,6021073887.5888365392,178401487,178401487,178401487,178401487,178401487,178401487,178401487,178401487,178401487,178401487
2023-06-30,33.93,33.93,,,178349344.99575785,6051393275.7060638505,178401487,178401487,178401487,178401487,178401487,178401487,178401487,178401487,178401487,178401487
2023-07-03,34.27,34.27,,,178349344.99888200,6112032053.1116861400,178401487,178401487,178401487,178401487,178401487,178401487,178401487,178401487,178401487,178401487
2023-07-05,33.68,33.68,,,178349344.99212910,6006805939.3349080880,178401487,178401487,178401487,178401487,178401487,178401487,178401487,178401487,178401487,178401487
2023-07-06,32.54,32.54,,,178349344.98900518,5803487685.9422285572,178401487,178401487,178401487,178401487,178401487,178401487,178401487,178401487,178401487,178401487
2023-07-07,34.09,34.09,,,178349345.00177702,6079929171.1105786118,178401487,178401487,178401487,178401487,178401487,178401487,178401487,178401487,178401487,178401487
2023-07-10,34.14,34.14,,,178349344.99074888,6088846637.9841667632,178401487,178401487,178401487,178401487,178401487,178401487,178401487,178401487,178401487,178401487
2023-07-11,34.69,34.69,,,178349344.98898515,6186938777.6678948535,178401487,178401487,178401487,178401487,178401487,178401487,178401487,178401487,178401487,178401487
2023-07-12,35.05,35.05,,,178349345.00912910,6251144542.5699749550,178401487,178401487,178401487,178401487,178401487,178401487,178401487,178401487,178401487,178401487
2023-07-13,36.69,36.69,,,178349344.99147650,6543637467.7372727850,178401487,178401487,178401487,178401487,178401487,178401487,178401487,178401487,178401487,178401487
2023-07-14,34.52,34.52,,,178349345.00239980,6156619389.4828410960,178401487,178401487,178401487,178401487,178401487,178401487,178401487,178401487,178401487,178401487
2023-07-17,35.57,35.57,,,178349345.00727803,6343886201.9088795271,178401487,178401487,178401487,178401487,178401487,178401487,178401487,178401487,178401487,178401487
2023-07-18,35.04,35.04,,,178349344.99868494,6249361048.7539202976,178401487,178401487,178401487,178401487,178401487,178401487,178401487,178401487,178401487,178401487
2023-07-19,34.84,34.84,,,178349345.01411800,6213691180.2918711200,178401487,178401487,178401487,178401487,178401487,178401487,178401487,178401487,178401487,178401487
2023-07-20,32.68,32.68,,,178349345.00667003,5828456594.8179765804,178401487,178401487,178401487,178401487,178401487,178401487,178401487,178401487,178401487,178401487
2023-07-21,33.38,33.38,,,178349344.99970528,5953301136.0901622464,178401487,178401487,178401487,178401487,178401487,178401487,178401487,178401487,178401487,178401487
2023-07-24,33.75,33.75,,,178349345.00067502,6019290393.7727819250,178401487,178401487,178401487,178401487,178401487,178401487,178401487,178401487,178401487,178401487
2023-07-25,35.61,35.61,,,178349344.98641995,6351020174.9664144195,178401487,178401487,178401487,178401487,178401487,178401487,178401487,178401487,178401487,178401487
2023-07-26,34.84,34.84,,,178349345.01411800,6213691180.2918711200,178401487,178401487,178401487,178401487,178401487,178401487,178401487,178401487,178401487,178401487
2023-07-27,33.91,33.91,,,178349345.00670293,6047826289.1772963563,178449605,178449605,178449605,178449605,178449605,178449605,178449605,178449605,178449605,178449605
2023-07-28,34.76,34.76,,,178349344.99728910,6199423232.1057691160,178449605,178449605,178449605,178449605,178449605,178449605,178449605,178449605,178449605,178449605
2023-07-31,36.19,36.19,,,178349345.01140243,6454462795.9626539417,178449605,178449605,178449605,178449605,178449605,178449605,178449605,178449605,178449605,178449605
2023-08-01,35.18,35.18,,,178349344.98562106,6274329956.5941488908,178449605,178449605,178449605,178449605,178449605,178449605,178449605,178449605,178449605,178449605
2023-08-02,33.93,33.93,,,178349344.99575785,6051393275.7060638505,178449605,178449605,178449605,178449605,178449605,178449605,178449605,178449605,178449605,178449605
2023-08-03,34.50,34.50,,,178349345.01316157,6153052402.9540741650,178449605,178449605,178449605,178449605,178449605,178449605,178449605,178449605,178449605,178449605
2023-08-04,33.95,33.95,,,178349344.98482560,6054960262.2348291200,178449605,178449605,178449605,178449605,178449605,178449605,178449605,178449605,178449605,178449605
2023-08-07,34.06,34.06,,,178349344.99180028,6074578690.4207175368,178449605,178449605,178449605,178449605,178449605,178449605,178449605,178449605,178449605,178449605
2023-08-08,33.23,33.23,,,178349345.00543730,5926548734.5306814790,178449605,178449605,178449605,178449605,178449605,178449605,178449605,178449605,178449605,178449605
2023-08-09,33.62,33.62,,,178349344.98876017,5996104978.5221169154,178449605,178449605,178449605,178449605,178449605,178449605,178449605,178449605,178449605,178449605
2023-08-10,32.88,32.88,,,178349345.00408214,5864126463.7342207632,178449605,178449605,178449605,178449605,178449605,178449605,178449605,178449605,178449605,178449605
2023-08-11,31.96,31.96,,,178349344.98465514,5700045065.7095782744,178449605,178449605,178449605,178449605,178449605,178449605,178449605,178449605,178449605,178449605
2023-08-14,31.73,31.73,,,178349344.98669150,5659024716.4277212950,178449605,178449605,178449605,178449605,178449605,178449605,178449605,178449605,178449605,178449605
2023-08-15,30.34,30.34,,,178349344.99198595,5411119127.0568537230,178449605,178449605,178449605,178449605,178449605,178449605,178449605,178449605,178449605,178449605
2023-08-16,29.31,29.31,,,178349345.01185346,5227419302.2974249126,178449605,178449605,178449605,178449605,178449605,178449605,178449605,178449605,178449605,178449605
2023-08-17,29.11,29.11,,,178349345.01642160,5191749433.4280327760,178449605,178449605,178449605,178449605,178449605,178449605,178449605,178449605,178449605,178449605
2023-08-18,28.97,28.97,,,178349344.98734808,5166780524.2834738776,178449605,178449605,178449605,178449605,178449605,178449605,178449605,178449605,178449605,178449605
2023-08-21,28.59,28.59,,,178349344.98337000,5099007773.0745483000,178449605,178449605,178449605,178449605,178449605,178449605,178449605,178449605,178449605,178449605
2023-08-22,28.78,28.78,,,178349345.00448430,5132894149.2290581540,178449605,178449605,178449605,178449605,178449605,178449605,178449605,178449605,178449605,178449605
2023-08-23,28.81,28.81,,,178349345.00430045,5138244629.5738959645,178449605,178449605,178449605,178449605,178449605,178449605,178449605,178449605,178449605,178449605
2023-08-24,28.75,28.75,,,178349345.00231633,5127543668.8165944875,178449605,178449605,178449605,178449605,178449605,178449605,178449605,178449605,178449605,178449605
2023-08-25,28.23,28.23,,,178349345.00755240,5034802009.5632042520,178449605,178449605,178449605,178449605,178449605,178449605,178449605,178449605,178449605,178449605
2023-08-28,28.48,28.48,,,178349344.99209700,5079389345.3749225600,178449605,178449605,178449605,178449605,178449605,178449605,178449605,178449605,178449605,178449605
2023-08-29,29.61,29.61,,,178349344.98882455,5280924105.1190949255,178449605,178449605,178449605,178449605,178449605,178449605,178449605,178449605,178449605,178449605
2023-08-30,29.51,29.51,,,178349345.00734730,5263089171.1668188230,178449605,178449605,178449605,178449605,178449605,178449605,178449605,178449605,178449605,178449605
2023-08-31,30.08,30.08,,,178349344.99435368,5364748297.4301586944,178449605,178449605,178449605,178449605,178449605,178449605,178449605,178449605,178449605,178449605
2023-09-01,31.10,31.10,,,178349344.99701214,5546664629.4070775540,178449605,178449605,178449605,178449605,178449605,178449605,178449605,178449605,178449605,178449605
2023-09-05,30.29,30.29,,,178349345.00213040,5402201660.1145298160,178449605,178449605,178449605,178449605,178449605,178449605,178449605,178449605,178449605,178449605
2023-09-06,30.20,30.20,,,178349344.99817097,5386150218.9447632940,178449605,178449605,178449605,178449605,178449605,178449605,178449605,178449605,178449605,178449605
2023-09-07,28.45,28.45,,,178349344.98989305,5074038864.9624572725,178449605,178449605,178449605,178449605,178449605,178449605,178449605,178449605,178449605,178449605
2023-09-08,28.10,28.10,,,178349344.99052042,5011616594.2336238020,178449605,178449605,178449605,178449605,178449605,178449605,178449605,178449605,178449605,178449605
2023-09-11,28.68,28.68,,,178349344.98759815,5115059214.2443149420,178449605,178449605,178449605,178449605,178449605,178449605,178449605,178449605,178449605,178449605
2023-09-12,28.20,28.20,,,178349345.00534540,5029451529.1507402800,178449605,178449605,178449605,178449605,178449605,178449605,178449605,178449605,178449605,178449605
2023-09-13,28.65,28.65,,,178349344.98776537,5109708733.8994778505,178449605,178449605,178449605,178449605,178449605,178449605,178449605,178449605,178449605,178449605
2023-09-14,30.19,30.19,,,178349344.98608100,5384366725.1297853900,178449605,178449605,178449605,178449605,178449605,178449605,178449605,178449605,178449605,178449605
2023-09-15,28.85,28.85,,,178349344.98332310,5145378602.7688714350,178449605,178449605,178449605,178449605,178449605,178449605,178449605,178449605,178449605,178449605
2023-09-18,28.85,28.85,,,178349344.98332310,5145378602.7688714350,178449605,178449605,178449605,178449605,178449605,178449605,178449605,178449605,178449605,178449605
2023-09-19,28.34,28.34,,,178349344.99868850,5054420437.2628320900,178449605,178449605,178449605,178449605,178449605,178449605,178449605,178449605,178449605,178449605
2023-09-20,29.38,29.38,,,178349344.99105640,5239903755.8372370320,178449605,178449605,178449605,178449605,178449605,178449605,178449605,178449605,178449605,178449605
2023-09-21,27.87,27.87,,,178349344.99288720,4970596244.9517662640,178449605,178449605,178449605,178449605,178449605,178449605,178449605,178449605,178449605,178449605
2023-09-22,28.35,28.35,,,178349345.01156290,5056203931.0778082150,178449605,178449605,178449605,178449605,178449605,178449605,178449605,178449605,178449605,178449605
2023-09-25,26.63,26.63,,,178349345.00593194,4749443057.5079675622,178449605,178449605,178449605,178449605,178449605,178449605,178449605,178449605,178449605,178449605
2023-09-26,25.86,25.86,,,178349344.98618585,4612114061.3427660810,178449605,178449605,178449605,178449605,178449605,178449605,178449605,178449605,178449605,178449605
2023-09-27,26.20,26.20,,,178349345.01361516,4672752839.3567171920,178449605,178449605,178449605,178449605,178449605,178449605,178449605,178449605,178449605,178449605
2023-09-28,28.14,28.14,,,178349345.00332050,5018750568.3934388700,178449605,178449605,178449605,178449605,178449605,178449605,178449605,178449605,178449605,178449605
2023-09-29,29.06,29.06,,,178349344.99150863,5182831965.4532407878,178449605,178449605,178449605,178449605,178449605,178449605,178449605,178449605,178449605,178449605
2023-10-02,28.84,28.84,,,178349345.00646186,5143595109.9863600424,178449605,178449605,178449605,178449605,178449605,178449605,178449605,178449605,178449605,178449605
2023-10-03,27.65,27.65,,,178349345.00849497,4931359389.4848859205,178449605,178449605,178449605,178449605,178449605,178449605,178449605,178449605,178449605,178449605
2023-10-04,27.16,27.16,,,178349345.01385620,4843968210.5763343920,178449605,178449605,178449605,178449605,178449605,178449605,178449605,178449605,178449605,178449605
2023-10-05,26.53,26.53,,,178349344.98768276,4731608122.5232236228,178449605,178449605,178449605,178449605,178449605,178449605,178449605,178449605,178449605,178449605
2023-10-06,27.15,27.15,,,178349345.00041830,4842184716.7613568450,178449605,178449605,178449605,178449605,178449605,178449605,178449605,178449605,178449605,178449605
2023-10-09,27.25,27.25,,,178349345.01820552,4860019651.7461004200,178449605,178449605,178449605,178449605,178449605,178449605,178449605,178449605,178449605,178449605
2023-10-10,28.20,28.20,,,178349345.00534540,5029451529.1507402800,178449605,178449605,178449605,178449605,178449605,178449605,178449605,178449605,178449605,178449605
2023-10-11,28.04,28.04,,,178349344.98604473,5000915633.4086942292,178449605,178449605,178449605,178449605,178449605,178449605,178449605,178449605,178449605,178449605
2023-10-12,26.90,26.90,,,178349345.01671523,4797597380.9496396870,178449605,178449605,178449605,178449605,178449605,178449605,178449605,178449605,178449605,178449605
2023-10-13,26.58,26.58,,,178349345.01751852,4740525590.5656422616,178449605,178449605,178449605,178449605,178449605,178449605,178449605,178449605,178449605,178449605
2023-10-16,26.81,26.81,,,178349345.01230413,4781545939.7798737253,178449605,178449605,178449605,178449605,178449605,178449605,178449605,178449605,178449605,178449605
2023-10-17,27.77,27.77,,,178349345.01258520,4952761310.9994910040,178449605,178449605,178449605,178449605,178449605,178449605,178449605,178449605,178449605,178449605
2023-10-18,26.52,26.52,,,178349345.01284745,4729824629.7407143740,178449605,178449605,178449605,178449605,178449605,178449605,178449605,178449605,178449605,178449605
2023-10-19,24.24,24.24,,,178349344.99546380,4323188122.6900425120,178449605,178449605,178449605,178449605,178449605,178449605,178449605,178449605,178449605,178449605
2023-10-20,24.01,24.01,,,178349345.00107506,4282167773.4758121906,178449605,178449605,178449605,178449605,178449605,178449605,178449605,178449605,178449605,178449605
2023-10-23,23.41,23.41,,,178349345.01495117,4175158166.8000068897,178449605,178449605,178449605,178449605,178449605,178449605,178449605,178449605,178449605,178449605
2023-10-24,23.44,23.44,,,178349345.01759687,4180508647.2124706328,178449605,178449605,178449605,178449605,178449605,178449605,178449605,178449605,178449605,178449605
2023-10-25,23.84,23.84,,,178349345.00634468,4251848384.9512571712,178449605,178449605,178449605,178449605,178449605,178449605,178449605,178449605,178449605,178449605
2023-10-26,23.51,23.51,,,178349344.99159005,4192993100.7522820755,178471908,178471908,178471908,178471908,178471908,178471908,178471908,178471908,178471908,178471908
2023-10-27,23.51,23.51,,,178349344.99159005,4192993100.7522820755,178471908,178471908,178471908,178471908,178471908,178471908,178471908,178471908,178471908,178471908
2023-10-30,25.32,25.32,,,178349344.98649940,4515805415.0581648080,178471908,178471908,178471908,178471908,178471908,178471908,178471908,178471908,178471908,178471908
2023-10-31,25.64,25.64,,,178349344.98271838,4572877205.3568992632,178471908,178471908,178471908,178471908,178471908,178471908,178471908,178471908,178471908,178471908
2023-11-01,25.03,25.03,,,178349344.99825440,4464084105.3063076320,178471908,178471908,178471908,178471908,178471908,178471908,178471908,178471908,178471908,178471908
2023-11-02,26.07,26.07,,,178349345.01932330,4649567424.6537584310,178471908,178471908,178471908,178471908,178471908,178471908,178471908,178471908,178471908,178471908
2023-11-03,26.53,26.53,,,178349344.98459630,4731608122.4413398390,178471908,178471908,178471908,178471908,178471908,178471908,178471908,178471908,178471908,178471908
2023-11-06,25.97,25.97,,,178349344.99303270,4631732489.4690592190,178471908,178471908,178471908,178471908,178471908,178471908,178471908,178471908,178471908,178471908
2023-11-07,25.54,25.54,,,178349344.99345878,4555042271.1329372412,178471908,178471908,178471908,178471908,178471908,178471908,178471908,178471908,178471908,178471908
2023-11-08,25.53,25.53,,,178349345.01949036,4553258778.3475888908,178471908,178471908,178471908,178471908,178471908,178471908,178471908,178471908,178471908,178471908
2023-11-09,24.58,24.58,,,178349345.00830242,4383826900.3040734836,178471908,178471908,178471908,178471908,178471908,178471908,178471908,178471908,178471908,178471908
2023-11-10,24.64,24.64,,,178349345.01879662,4394527861.2631487168,178471908,178471908,178471908,178471908,178471908,178471908,178471908,178471908,178471908,178471908
2023-11-13,24.60,24.60,,,178349344.99878803,4387393886.9701855380,178471908,178471908,178471908,178471908,178471908,178471908,178471908,178471908,178471908,178471908
2023-11-14,26.17,26.17,,,178349345.00870153,4667402358.8777190401,178471908,178471908,178471908,178471908,178471908,178471908,178471908,178471908,178471908,178471908
2023-11-15,26.95,26.95,,,178349345.00648510,4806514847.9247734450,178471908,178471908,178471908,178471908,178471908,178471908,178471908,178471908,178471908,178471908
2023-11-16,26.00,26.00,,,178349344.99802294,4637082969.9485964400,178471908,178471908,178471908,178471908,178471908,178471908,178471908,178471908,178471908,178471908
2023-11-17,26.22,26.22,,,178349345.00470513,4676319826.0233685086,178471908,178471908,178471908,178471908,178471908,178471908,178471908,178471908,178471908,178471908
2023-11-20,26.47,26.47,,,178349345.01361320,4720907162.5103414040,178471908,178471908,178471908,178471908,178471908,178471908,178471908,178471908,178471908,178471908
2023-11-21,26.39,26.39,,,178349345.01525170,4706639214.9524923630,178471908,178471908,178471908,178471908,178471908,178471908,178471908,178471908,178471908,178471908
2023-11-22,26.38,26.38,,,178349345.00148090,4704855721.1390661420,178471908,178471908,178471908,178471908,178471908,178471908,178471908,178471908,178471908,178471908
2023-11-24,26.24,26.24,,,178349344.99322190,4679886812.6221426560,178471908,178471908,178471908,178471908,178471908,178471908,178471908,178471908,178471908,178471908
2023-11-27,26.30,26.30,,,178349345.00308812,4690587773.5812175560,178471908,178471908,178471908,178471908,178471908,178471908,178471908,178471908,178471908,178471908
2023-11-28,26.08,26.08,,,178349344.99641278,4651350917.5064453024,178471908,178471908,178471908,178471908,178471908,178471908,178471908,178471908,178471908,178471908
2023-11-29,26.44,26.44,,,178349345.00872934,4715556682.0308037496,178471908,178471908,178471908,178471908,178471908,178471908,178471908,178471908,178471908,178471908
2023-11-30,26.86,26.86,,,178349344.99454576,4790463406.5534991136,178471908,178471908,178471908,178471908,178471908,178471908,178471908,178471908,178471908,178471908
2023-12-01,27.74,27.74,,,178349345.01749290,4947410830.7852530460,178471908,178471908,178471908,178471908,178471908,178471908,178471908,178471908,178471908,178471908
2023-12-04,26.81,26.81,,,178349344.99842778,4781545939.4078487818,178471908,178471908,178471908,178471908,178471908,178471908,178471908,178471908,178471908,178471908
2023-12-05,25.24,25.24,,,178349344.98812660,4501537467.5003153840,178471908,178471908,178471908,178471908,178471908,178471908,178471908,178471908,178471908,178471908
2023-12-06,25.12,25.12,,,178349345.01105016,4480135546.6775800192,178471908,178471908,178471908,178471908,178471908,178471908,178471908,178471908,178471908,178471908
2023-12-07,24.94,24.94,,,178349344.98266616,4448032663.8676940304,178471908,178471908,178471908,178471908,178471908,178471908,178471908,178471908,178471908,178471908
2023-12-08,25.02,25.02,,,178349344.98103687,4462300611.4255424874,178471908,178471908,178471908,178471908,178471908,178471908,178471908,178471908,178471908,178471908
2023-12-11,24.93,24.93,,,178349345.00931990,4446249171.0823451070,178471908,178471908,178471908,178471908,178471908,178471908,178471908,178471908,178471908,178471908
2023-12-12,24.05,24.05,,,178349344.98059264,4289301746.7832529920,178471908,178471908,178471908,178471908,178471908,178471908,178471908,178471908,178471908,178471908
2023-12-13,25.99,25.99,,,178349344.98144794,4635299476.0678319606,178471908,178471908,178471908,178471908,178471908,178471908,178471908,178471908,178471908,178471908
2023-12-14,29.90,29.90,,,178349344.98942700,5332645415.1838673000,178471908,178471908,178471908,178471908,178471908,178471908,178471908,178471908,178471908,178471908
2023-12-15,31.10,31.10,,,178349345.00689240,5546664629.7143536400,178471908,178471908,178471908,178471908,178471908,178471908,178471908,178471908,178471908,178471908
2023-12-18,30.52,30.52,,,178349344.98846278,5443222009.0478840456,178471908,178471908,178471908,178471908,178471908,178471908,178471908,178471908,178471908,178471908
2023-12-19,32.42,32.42,,,178349345.00516890,5782085765.0675757380,178471908,178471908,178471908,178471908,178471908,178471908,178471908,178471908,178471908,178471908
2023-12-20,30.65,30.65,,,178349344.98373193,5466407423.7513836545,178471908,178471908,178471908,178471908,178471908,178471908,178471908,178471908,178471908,178471908
2023-12-21,32.02,32.02,,,178349345.01181546,5710746027.2783310292,178471908,178471908,178471908,178471908,178471908,178471908,178471908,178471908,178471908,178471908
2023-12-22,33.77,33.77,,,178349345.00940700,6022857380.9676743900,178471908,178471908,178471908,178471908,178471908,178471908,178471908,178471908,178471908,178471908
2023-12-26,33.87,33.87,,,178349344.99924114,6040692315.1242974118,178471908,178471908,178471908,178471908,178471908,178471908,178471908,178471908,178471908,178471908
2023-12-27,34.81,34.81,,,178349344.99725333,6208340699.3543884173,178471908,178471908,178471908,178471908,178471908,178471908,178471908,178471908,178471908,178471908
2023-12-28,34.55,34.55,,,178349345.00766224,6161969870.0147303920,178471908,178471908,178471908,178471908,178471908,178471908,178471908,178471908,178471908,178471908
2023-12-29,34.00,34.00,,,178349344.99493520,6063877729.8277968000,178471908,178471908,178471908,178471908,178471908,178471908,178471908,178471908,178471908,178471908
2024-01-02,33.31,33.31,,,178349345.00606474,5940816682.1520164894,178471908,178471908,178471908,178471908,178471908,178471908,178471908,178471908,178471908,178471908
2024-01-03,31.49,31.49,,,178349344.98857330,5616220873.6901732170,178471908,178471908,178471908,178471908,178471908,178471908,178471908,178471908,178471908,178471908
2024-01-04,31.13,31.13,,,178349345.01104692,5552015110.1938906196,178471908,178471908,178471908,178471908,178471908,178471908,178471908,178471908,178471908,178471908
2024-01-05,32.13,32.13,,,178349345.01449478,5730364455.3157172814,178471908,178471908,178471908,178471908,178471908,178471908,178471908,178471908,178471908,178471908
2024-01-08,31.73,31.73,,,178349344.98679670,5659024716.4310592910,178471908,178471908,178471908,178471908,178471908,178471908,178471908,178471908,178471908,178471908
2024-01-09,31.94,31.94,,,178349345.01105650,5696478079.6531446100,178471908,178471908,178471908,178471908,178471908,178471908,178471908,178471908,178471908,178471908
2024-01-10,31.65,31.65,,,178349344.98809513,5644756768.8732108645,178471908,178471908,178471908,178471908,178471908,178471908,178471908,178471908,178471908,178471908
2024-01-11,30.88,30.88,,,178349345.00128177,5507427773.6395810576,178471908,178471908,178471908,178471908,178471908,178471908,178471908,178471908,178471908,178471908
2024-01-12,30.03,30.03,,,178349345.01658684,5355830830.8481028052,178471908,178471908,178471908,178471908,178471908,178471908,178471908,178471908,178471908,178471908
2024-01-16,27.87,27.87,,,178349345.01215470,4970596245.4887514890,178471908,178471908,178471908,178471908,178471908,178471908,178471908,178471908,178471908,178471908
2024-01-17,27.18,27.18,,,178349344.98840672,4847535196.7848946496,178471908,178471908,178471908,178471908,178471908,178471908,178471908,178471908,178471908,178471908
2024-01-18,26.75,26.75,,,178349344.99125656,4770844978.5161129800,178471908,178471908,178471908,178471908,178471908,178471908,178471908,178471908,178471908,178471908
2024-01-19,27.36,27.36,,,178349345.01442915,4879638079.5947815440,178471908,178471908,178471908,178471908,178471908,178471908,178471908,178471908,178471908,178471908
2024-01-22,27.62,27.62,,,178349345.00124693,4926008908.9344402066,178471908,178471908,178471908,178471908,178471908,178471908,178471908,178471908,178471908,178471908
2024-01-23,29.51,29.51,,,178349345.00646248,5263089171.1407077848,178471908,178471908,178471908,178471908,178471908,178471908,178471908,178471908,178471908,178471908
2024-01-24,29.76,29.76,,,178349345.01663370,5307676507.6950189120,178471908,178471908,178471908,178471908,178471908,178471908,178471908,178471908,178471908,178471908
2024-01-25,29.88,29.88,,,178349344.99724746,5329078428.5177541048,178471908,178471908,178471908,178471908,178471908,178471908,178471908,178471908,178471908,178471908
2024-01-26,30.61,30.61,,,178349345.00119230,5459273450.4864963030,178471908,178471908,178471908,178471908,178471908,178471908,178471908,178471908,178471908,178471908
2024-01-29,30.91,30.91,,,178349345.00547132,5512778254.1191185012,178471908,178471908,178471908,178471908,178471908,178471908,178471908,178471908,178471908,178471908
2024-01-30,30.61,30.61,,,178349345.00119230,5459273450.4864963030,178471908,178471908,178471908,178471908,178471908,178471908,178471908,178471908,178471908,178471908
2024-01-31,29.75,29.75,,,178349345.00442332,5305893013.8815937700,178471908,178471908,178471908,178471908,178471908,178471908,178471908,178471908,178471908,178471908
2024-02-01,29.69,29.69,,,178349344.99570626,5295192052.9225188594,178471908,178471908,178471908,178471908,178471908,178471908,178471908,178471908,178471908,178471908
2024-02-02,29.49,29.49,,,178349345.01668137,5259522184.5419336013,178471908,178471908,178471908,178471908,178471908,178471908,178471908,178471908,178471908,178471908
2024-02-05,26.84,26.84,,,178349345.00325584,4786896419.8873867456,178471908,178471908,178471908,178471908,178471908,178471908,178471908,178471908,178471908,178471908
2024-02-06,27.62,27.62,,,178349345.00124693,4926008908.9344402066,178471908,178471908,178471908,178471908,178471908,178471908,178471908,178471908,178471908,178471908
2024-02-07,27.53,27.53,,,178349344.98958108,4909957467.5631671324,178471908,178471908,178471908,178471908,178471908,178471908,178471908,178471908,178471908,178471908
2024-02-08,27.71,27.71,,,178349345.01526716,4942060350.3730530036,178471908,178471908,178471908,178471908,178471908,178471908,178471908,178471908,178471908,178471908
2024-02-09,26.89,26.89,,,178349344.99936917,4795813887.0330369813,178471908,178471908,178471908,178471908,178471908,178471908,178471908,178471908,178471908,178471908
2024-02-12,27.90,27.90,,,178349345.01678452,4975946725.9682881080,178471908,178471908,178471908,178471908,178471908,178471908,178471908,178471908,178471908,178471908
2024-02-13,25.85,25.85,,,178349345.01533163,4610330568.6463226355,178471908,178471908,178471908,178471908,178471908,178471908,178471908,178471908,178471908,178471908
2024-02-14,26.79,26.79,,,178349345.00967060,4777978952.8090753740,178471908,178471908,178471908,178471908,178471908,178471908,178471908,178471908,178471908,178471908
2024-02-15,27.39,27.39,,,178349344.98160800,4884988559.0462431200,178471908,178471908,178471908,178471908,178471908,178471908,178471908,178471908,178471908,178471908
2024-02-16,27.40,27.40,,,178349344.99487835,4886772052.8596667900,178471908,178471908,178471908,178471908,178471908,178471908,178471908,178471908,178471908,178471908
2024-02-20,26.69,26.69,,,178349344.98153007,4760144017.5570375683,178471908,178471908,178471908,178471908,178471908,178471908,178471908,178471908,178471908,178471908
2024-02-21,27.96,27.96,,,178349344.98683650,4986647685.8319485400,179558990,179558990,179558990,179558990,179558990,179558990,179558990,179558990,179558990,179558990
2024-02-22,27.75,27.75,,,178349344.99596180,4949194323.6379399500,179558990,179558990,179558990,179558990,179558990,179558990,179558990,179558990,179558990,179558990
2024-02-23,26.52,26.52,,,178349345.00965273,4729824629.6559903996,179558990,179558990,179558990,179558990,179558990,179558990,179558990,179558990,179558990,179558990
2024-02-26,25.34,25.34,,,178349345.01785135,4519372402.7523532090,179558990,179558990,179558990,179558990,179558990,179558990,179558990,179558990,179558990,179558990
2024-02-27,26.70,26.70,,,178349344.99514840,4761927511.3704622800,179558990,179558990,179558990,179558990,179558990,179558990,179558990,179558990,179558990,179558990
2024-02-28,26.32,26.32,,,178349344.99164100,4694154760.1799911200,179558990,179558990,179558990,179558990,179558990,179558990,179558990,179558990,179558990,179558990
2024-02-29,27.21,27.21,,,178349344.99318016,4852885677.2644321536,179558990,179558990,179558990,179558990,179558990,179558990,179558990,179558990,179558990,179558990
2024-03-01,27.68,27.68,,,178349345.01060387,4936709869.8935151216,179558990,179558990,179558990,179558990,179558990,179558990,179558990,179558990,179558990,179558990
2024-03-04,27.48,27.48,,,178349345.01332638,4901040000.9662089224,179558990,179558990,179558990,179558990,179558990,179558990,179558990,179558990,179558990,179558990
2024-03-05,26.91,26.91,,,178349344.99429005,4799380873.7963452455,179558990,179558990,179558990,179558990,179558990,179558990,179558990,179558990,179558990,179558990
2024-03-06,28.22,28.22,,,178349344.98292127,5033018515.4180382394,179558990,179558990,179558990,179558990,179558990,179558990,179558990,179558990,179558990,179558990
2024-03-07,29.87,29.87,,,178349344.98415616,5327294934.6767444992,179558990,179558990,179558990,179558990,179558990,179558990,179558990,179558990,179558990,179558990
2024-03-08,29.85,29.85,,,178349344.99195266,5323727948.0097869010,179558990,179558990,179558990,179558990,179558990,179558990,179558990,179558990,179558990,179558990
2024-03-11,30.49,30.49,,,178349345.00031915,5437871529.0597308835,179558990,179558990,179558990,179558990,179558990,179558990,179558990,179558990,179558990,179558990
2024-03-12,29.79,29.79,,,178349345.01315270,5313026987.9418189330,179558990,179558990,179558990,179558990,179558990,179558990,179558990,179558990,179558990,179558990
2024-03-13,30.56,30.56,,,178349344.99148598,5450355982.9398115488,179558990,179558990,179558990,179558990,179558990,179558990,179558990,179558990,179558990,179558990
2024-03-14,30.02,30.02,,,178349345.01690775,5354047337.4075706550,179558990,179558990,179558990,179558990,179558990,179558990,179558990,179558990,179558990,179558990
2024-03-15,30.44,30.44,,,178349345.00153115,5428954061.8466082060,179558990,179558990,179558990,179558990,179558990,179558990,179558990,179558990,179558990,179558990
2024-03-18,31.03,31.03,,,178349345.00858313,5534180175.6163345239,179558990,179558990,179558990,179558990,179558990,179558990,179558990,179558990,179558990,179558990
2024-03-19,29.67,29.67,,,178349344.98902100,5291625065.8242530700,179558990,179558990,179558990,179558990,179558990,179558990,179558990,179558990,179558990,179558990
2024-03-20,31.35,31.35,,,178349344.99614435,5591251965.6291253725,179558990,179558990,179558990,179558990,179558990,179558990,179558990,179558990,179558990,179558990
2024-03-21,31.35,31.35,,,178349344.99614435,5591251965.6291253725,179558990,179558990,179558990,179558990,179558990,179558990,179558990,179558990,179558990,179558990
2024-03-22,31.40,31.40,,,178349344.99497607,5600169432.8422485980,179558990,179558990,179558990,179558990,179558990,179558990,179558990,179558990,179558990,179558990
2024-03-25,31.86,31.86,,,178349345.00020900,5682210131.7066587400,179558990,179558990,179558990,179558990,179558990,179558990,179558990,179558990,179558990,179558990
2024-03-26,31.58,31.58,,,178349344.99983782,5632272315.0948783556,179558990,179558990,179558990,179558990,179558990,179558990,179558990,179558990,179558990,179558990
2024-03-27,33.21,33.21,,,178349345.00712517,5922981747.6866268957,179558990,179558990,179558990,179558990,179558990,179558990,179558990,179558990,179558990,179558990
2024-03-28,33.79,33.79,,,178349345.00278902,6026424367.6442409858,179558990,179558990,179558990,179558990,179558990,179558990,179558990,179558990,179558990,179558990
2024-04-01,34.02,34.02,,,178349345.00420043,6067444717.0428986286,179558990,179558990,179558990,179558990,179558990,179558990,179558990,179558990,179558990,179558990
2024-04-02,35.64,35.64,,,178349345.00063232,6356370655.8225358848,179558990,179558990,179558990,179558990,179558990,179558990,179558990,179558990,179558990,179558990
2024-04-03,37.18,37.18,,,178349344.99308460,6631028646.8428854280,179558990,179558990,179558990,179558990,179558990,179558990,179558990,179558990,179558990,179558990
2024-04-04,35.95,35.95,,,178349345.00641116,6411658952.9804812020,179558990,179558990,179558990,179558990,179558990,179558990,179558990,179558990,179558990,179558990
2024-04-05,36.49,36.49,,,178349344.98711480,6507967598.5798190520,179558990,179558990,179558990,179558990,179558990,179558990,179558990,179558990,179558990,179558990
2024-04-08,36.34,36.34,,,178349344.98825955,6481215196.8733520470,179558990,179558990,179558990,179558990,179558990,179558990,179558990,179558990,179558990,179558990
2024-04-09,36.82,36.82,,,178349344.98654863,6566822882.4047205566,179558990,179558990,179558990,179558990,179558990,179558990,179558990,179558990,179558990,179558990
2024-04-10,36.19,36.19,,,178349344.99126786,6454462795.2339838534,179558990,179558990,179558990,179558990,179558990,179558990,179558990,179558990,179558990,179558990
2024-04-11,36.23,36.23,,,178349345.00853870,6461596769.6593571010,179558990,179558990,179558990,179558990,179558990,179558990,179558990,179558990,179558990,179558990
2024-04-12,35.20,35.20,,,178349344.99125507,6277896943.6921784640,179558990,179558990,179558990,179558990,179558990,179558990,179558990,179558990,179558990,179558990
2024-04-15,36.57,36.57,,,178349344.99149868,6522235546.3391067276,179558990,179558990,179558990,179558990,179558990,179558990,179558990,179558990,179558990,179558990
2024-04-16,36.09,36.09,,,178349344.99328732,6436627860.8077393788,179558990,179558990,179558990,179558990,179558990,179558990,179558990,179558990,179558990,179558990
2024-04-17,35.55,35.55,,,178349345.01289457,6340319215.2084019635,179558990,179558990,179558990,179558990,179558990,179558990,179558990,179558990,179558990,179558990
2024-04-18,35.47,35.47,,,178349345.00843290,6326051267.4491149630,179558990,179558990,179558990,179558990,179558990,179558990,179558990,179558990,179558990,179558990
2024-04-19,35.53,35.53,,,178349344.99062994,6336752227.5170817682,179558990,179558990,179558990,179558990,179558990,179558990,179558990,179558990,179558990,179558990
2024-04-22,36.35,36.35,,,178349345.00007045,6482998690.7525608575,179558990,179558990,179558990,179558990,179558990,179558990,179558990,179558990,179558990,179558990
2024-04-23,36.06,36.06,,,178349344.98784176,6431277380.2615738656,179558990,179558990,179558990,179558990,179558990,179558990,179558990,179558990,179558990,179558990
2024-04-24,36.08,36.08,,,178349345.00978085,6434844367.9528930680,179558990,179558990,179558990,179558990,179558990,179558990,179558990,179558990,179558990,179558990
2024-04-25,35.94,35.94,,,178349344.99633750,6409875459.1683697500,179558990,179558990,179558990,179558990,179558990,179558990,179558990,179558990,179558990,179558990
2024-04-26,36.88,36.88,,,178349344.99720857,6577523843.4970520616,179558990,179558990,179558990,179558990,179558990,179558990,179558990,179558990,179558990,179558990
2024-04-29,37.65,37.65,,,178349345.00715554,6714852839.5194060810,179558990,179558990,179558990,179558990,179558990,179558990,179558990,179558990,179558990,179558990
2024-04-30,35.14,35.14,,,178349345.00922626,6267195983.6242107764,179558990,179558990,179558990,179558990,179558990,179558990,179558990,179558990,179558990,179558990
2024-05-01,34.25,34.25,,,178349345.00755188,6108465066.5086518900,179558990,179558990,179558990,179558990,179558990,179558990,179558990,179558990,179558990,179558990
2024-05-02,35.94,35.94,,,178349344.99633750,6409875459.1683697500,179559688,179559688,179559688,179559688,179559688,179559688,179559688,179559688,179559688,179559688
2024-05-03,36.77,36.77,,,178349344.98753327,6557905415.1915983379,179559688,179559688,179559688,179559688,179559688,179559688,179559688,179559688,179559688,179559688
2024-05-06,37.32,37.32,,,178349345.00609347,6655997555.6274083004,179559688,179559688,179559688,179559688,179559688,179559688,179559688,179559688,179559688,179559688
2024-05-07,37.57,37.57,,,178349345.00293106,6700584891.7601199242,179559688,179559688,179559688,179559688,179559688,179559688,179559688,179559688,179559688,179559688
2024-05-08,36.64,36.64,,,178349345.01210558,6534720001.2435484512,179559688,179559688,179559688,179559688,179559688,179559688,179559688,179559688,179559688,179559688
2024-05-09,37.36,37.36,,,178349344.99540737,6663131529.0284193432,179559688,179559688,179559688,179559688,179559688,179559688,179559688,179559688,179559688,179559688
2024-05-10,37.12,37.12,,,178349345.01010010,6620327686.7749157120,179559688,179559688,179559688,179559688,179559688,179559688,179559688,179559688,179559688,179559688
2024-05-13,40.16,40.16,,,178349345.00534370,7162509695.4146029920,179559688,179559688,179559688,179559688,179559688,179559688,179559688,179559688,179559688,179559688
2024-05-14,39.83,39.83,,,178349345.00433356,7103654411.5226056948,179559688,179559688,179559688,179559688,179559688,179559688,179559688,179559688,179559688,179559688
2024-05-15,40.04,40.04,,,178349344.98743853,7141107773.2970387412,179559688,179559688,179559688,179559688,179559688,179559688,179559688,179559688,179559688,179559688
2024-05-16,40.15,40.15,,,178349344.99465495,7160726201.5353962425,179559688,179559688,179559688,179559688,179559688,179559688,179559688,179559688,179559688,179559688
2024-05-17,41.22,41.22,,,178349345.00008700,7351560000.9035861400,179559688,179559688,179559688,179559688,179559688,179559688,179559688,179559688,179559688,179559688
2024-05-20,42.53,42.53,,,178349344.99453380,7585197642.6175225140,179559688,179559688,179559688,179559688,179559688,179559688,179559688,179559688,179559688,179559688
2024-05-21,44.09,44.09,,,178349344.99294260,7863422620.7388392340,179559688,179559688,179559688,179559688,179559688,179559688,179559688,179559688,179559688,179559688
2024-05-22,42.15,42.15,,,178349345.00431540,7517424891.9318941100,179559688,179559688,179559688,179559688,179559688,179559688,179559688,179559688,179559688,179559688
2024-05-23,41.05,41.05,,,178349345.00338550,7321240612.3889747750,179559688,179559688,179559688,179559688,179559688,179559688,179559688,179559688,179559688,179559688
2024-05-24,41.64,41.64,,,178349345.00817204,7426466726.1402837456,179559688,179559688,179559688,179559688,179559688,179559688,179559688,179559688,179559688,179559688
2024-05-28,43.20,43.20,,,178349345.00605556,7704691704.2616001920,179559688,179559688,179559688,179559688,179559688,179559688,179559688,179559688,179559688,179559688
2024-05-29,43.93,43.93,,,178349345.00284955,7834886725.9751807315,179559688,179559688,179559688,179559688,179559688,179559688,179559688,179559688,179559688,179559688
2024-05-30,44.54,44.54,,,178349345.00361350,7943679826.4609452900,179559688,179559688,179559688,179559688,179559688,179559688,179559688,179559688,179559688,179559688
2024-05-31,44.27,44.27,,,178349345.00245833,7895525503.2588302691,179559688,179559688,179559688,179559688,179559688,179559688,179559688,179559688,179559688,179559688
2024-06-03,44.01,44.01,,,178349345.00949666,7849154673.8679480066,179559688,179559688,179559688,179559688,179559688,179559688,179559688,179559688,179559688,179559688
2024-06-04,42.01,42.01,,,178349345.01077580,7492455983.9026913580,179559688,179559688,179559688,179559688,179559688,179559688,179559688,179559688,179559688,179559688
2024-06-05,42.59,42.59,,,178349345.00530255,7595898603.7758356045,179559688,179559688,179559688,179559688,179559688,179559688,179559688,179559688,179559688,179559688
2024-06-06,42.65,42.65,,,178349344.99208134,7606599563.9122691510,179559688,179559688,179559688,179559688,179559688,179559688,179559688,179559688,179559688,179559688
2024-06-07,40.91,40.91,,,178349345.01001644,7296271704.3597725604,179559688,179559688,179559688,179559688,179559688,179559688,179559688,179559688,179559688,179559688
2024-06-10,41.16,41.16,,,178349344.99041680,7340859039.8055554880,179559688,179559688,179559688,179559688,179559688,179559688,179559688,179559688,179559688,179559688
2024-06-11,40.21,40.21,,,178349344.99303670,7171427162.1700057070,179559688,179559688,179559688,179559688,179559688,179559688,179559688,179559688,179559688,179559688
2024-06-12,39.71,39.71,,,178349345.00603450,7082252490.1896299950,179559688,179559688,179559688,179559688,179559688,179559688,179559688,179559688,179559688,179559688
2024-06-13,38.54,38.54,,,178349345.00688058,6873583756.5651775532,179559688,179559688,179559688,179559688,179559688,179559688,179559688,179559688,179559688,179559688
2024-06-14,37.90,37.90,,,178349345.00088978,6759440175.5337226620,179559688,179559688,179559688,179559688,179559688,179559688,179559688,179559688,179559688,179559688
2024-06-17,37.40,37.40,,,178349344.98747244,6670265502.5314692560,179559688,179559688,179559688,179559688,179559688,179559688,179559688,179559688,179559688,179559688
2024-06-18,37.49,37.49,,,178349345.00673258,6686316944.3024044242,179559688,179559688,179559688,179559688,179559688,179559688,179559688,179559688,179559688,179559688
2024-06-20,38.98,38.98,,,178349345.00793016,6952057468.4091176368,179559688,179559688,179559688,179559688,179559688,179559688,179559688,179559688,179559688,179559688
2024-06-21,40.40,40.40,,,178349345.01240670,7205313538.5012306800,179559688,179559688,179559688,179559688,179559688,179559688,179559688,179559688,179559688,179559688
2024-06-24,40.56,40.56,,,178349345.00159985,7233849433.2648899160,179559688,179559688,179559688,179559688,179559688,179559688,179559688,179559688,179559688,179559688
2024-06-25,39.94,39.94,,,178349344.99168480,7123272838.9678909120,179559688,179559688,179559688,179559688,179559688,179559688,179559688,179559688,179559688,179559688
2024-06-26,39.43,39.43,,,178349344.99389672,7032314673.1093476696,179559688,179559688,179559688,179559688,179559688,179559688,179559688,179559688,179559688,179559688
2024-06-27,38.82,38.82,,,178349344.99287948,6923521572.6235814136,179559688,179559688,179559688,179559688,179559688,179559688,179559688,179559688,179559688,179559688
2024-06-28,39.78,39.78,,,178349345.00262020,7094736944.2042315560,179559688,179559688,179559688,179559688,179559688,179559688,179559688,179559688,179559688,179559688
2024-07-01,39.70,39.70,,,178349344.99525100,7080468996.3114647000,179559688,179559688,179559688,179559688,179559688,179559688,179559688,179559688,179559688,179559688
2024-07-02,40.83,40.83,,,178349345.00286567,7282003756.4670053061,179559688,179559688,179559688,179559688,179559688,179559688,179559688,179559688,179559688,179559688
2024-07-03,42.38,42.38,,,178349344.99080116,7558445240.7101531608,179559688,179559688,179559688,179559688,179559688,179559688,179559688,179559688,179559688,179559688
2024-07-05,42.44,42.44,,,178349345.00161326,7569146201.8684667544,179559688,179559688,179559688,179559688,179559688,179559688,179559688,179559688,179559688,179559688
2024-07-08,41.66,41.66,,,178349345.00258783,7430033712.8078089978,179559688,179559688,179559688,179559688,179559688,179559688,179559688,179559688,179559688,179559688
2024-07-09,40.33,40.33,,,178349344.99044760,7192829083.4647517080,179559688,179559688,179559688,179559688,179559688,179559688,179559688,179559688,179559688,179559688
2024-07-10,38.46,38.46,,,178349344.99928260,6859315808.6724087960,179559688,179559688,179559688,179559688,179559688,179559688,179559688,179559688,179559688,179559688
2024-07-11,39.18,39.18,,,178349345.01267564,6987727337.5966315752,179559688,179559688,179559688,179559688,179559688,179559688,179559688,179559688,179559688,179559688
2024-07-12,38.95,38.95,,,178349345.00119370,6946706987.7964946150,179559688,179559688,179559688,179559688,179559688,179559688,179559688,179559688,179559688,179559688
2024-07-15,39.30,39.30,,,178349345.01166186,7009129258.9583110980,179559688,179559688,179559688,179559688,179559688,179559688,179559688,179559688,179559688,179559688
2024-07-16,38.66,38.66,,,178349345.00586800,6894985677.9268568800,179559688,179559688,179559688,179559688,179559688,179559688,179559688,179559688,179559688,179559688
2024-07-17,36.81,36.81,,,178349345.01138195,6565039389.8689695795,179559688,179559688,179559688,179559688,179559688,179559688,179559688,179559688,179559688,179559688
2024-07-18,35.65,35.65,,,178349344.99581504,6358154149.1008061760,179559688,179559688,179559688,179559688,179559688,179559688,179559688,179559688,179559688,179559688
2024-07-19,34.92,34.92,,,178349344.99771744,6227959127.3202930048,179559688,179559688,179559688,179559688,179559688,179559688,179559688,179559688,179559688,179559688
2024-07-22,34.53,34.53,,,178349344.99923056,6158402882.8234312368,179559688,179559688,179559688,179559688,179559688,179559688,179559688,179559688,179559688,179559688
2024-07-23,33.90,33.90,,,178349345.00501892,6046042795.6701413880,179559688,179559688,179559688,179559688,179559688,179559688,179559688,179559688,179559688,179559688
2024-07-24,32.84,32.84,,,178349344.99175406,5856992489.5292033304,179559688,179559688,179559688,179559688,179559688,179559688,179559688,179559688,179559688,179559688
2024-07-25,32.91,32.91,,,178349344.98765740,5869476943.5438050340,179559688,179559688,179559688,179559688,179559688,179559688,179559688,179559688,179559688,179559688
2024-07-26,33.43,33.43,,,178349344.99591920,5962218603.2135788560,179559688,179559688,179559688,179559688,179559688,179559688,179559688,179559688,179559688,179559688
2024-07-29,33.02,33.02,,,178349345.00249127,5889095371.9822617354,179559688,179559688,179559688,179559688,179559688,179559688,179559688,179559688,179559688,179559688
2024-07-30,31.77,31.77,,,178349344.99628496,5666158690.5319731792,179559688,179559688,179559688,179559688,179559688,179559688,179559688,179559688,179559688,179559688
2024-07-31,33.04,33.04,,,178349344.99747932,5892662358.7167167328,179559688,179559688,179559688,179559688,179559688,179559688,179559688,179559688,179559688,179559688
2024-08-01,31.47,31.47,,,178349344.98624834,5612653886.7172352598,179559688,179559688,179559688,179559688,179559688,179559688,179559688,179559688,179559688,179559688
2024-08-02,29.47,29.47,,,178349344.98649403,5255955196.7519790641,262382129,262382129,262382129,262382129,262382129,,,,,
2024-08-05,28.44,28.44,,,178349345.01331246,5072255372.1786063624,262382129,262382129,262382129,262382129,262382129,,,,,
2024-08-06,29.39,29.39,,,178349345.01126534,5241687249.8810883426,262382129,262382129,262382129,262382129,262382129,,,,,
2024-08-07,29.21,29.21,,,178349344.99924785,5209584367.4280296985,262382129,262382129,262382129,262382129,262382129,,,,,
2024-08-08,30.63,30.63,,,178349345.00555477,5462840437.5201426051,262382129,262382129,262382129,262382129,262382129,,,,,
2024-08-09,30.56,30.56,,,178349345.00999805,5450355983.5055404080,262382129,262382129,262382129,262382129,262382129,,,,,
2024-08-12,31.19,31.19,,,178349344.99142787,5562716070.2826352653,262382129,262382129,262382129,262382129,262382129,,,,,
2024-08-13,31.60,31.60,,,178349345.01208705,5635839302.3819507800,262382129,262382129,262382129,262382129,262382129,,,,,
2024-08-14,31.10,31.10,,,178349344.99461257,5546664629.3324509270,262382129,262382129,262382129,262382129,262382129,,,,,
2024-08-15,32.09,32.09,,,178349345.01572710,5723230481.5546826390,262382129,262382129,262382129,262382129,262382129,,,,,
2024-08-16,32.12,32.12,,,178349344.99422875,5728580961.2146274500,262382129,262382129,262382129,262382129,262382129,,,,,
2024-08-19,34.00,34.00,,,178349344.99255570,6063877729.7468938000,262382129,262382129,262382129,262382129,262382129,,,,,
2024-08-20,33.76,33.76,,,178349345.01307863,6021073887.6415345488,262382129,262382129,262382129,262382129,262382129,,,,,
2024-08-21,33.29,33.29,,,178349345.00662398,5937249695.2705122942,262382129,262382129,262382129,262382129,262382129,,,,,
2024-08-22,32.52,32.52,,,178349345.00114320,5799920699.4371768640,262382129,262382129,262382129,262382129,262382129,,,,,
2024-08-23,33.92,33.92,,,178349345.01002920,6049609782.7401904640,262382129,262382129,262382129,262382129,262382129,,,,,
2024-08-26,34.56,34.56,,,178349344.99811384,6163753363.1348143104,262382129,262382129,262382129,262382129,262382129,,,,,
2024-08-27,34.30,34.30,,,178349344.99152213,6117382533.2092090590,262382129,262382129,262382129,262382129,262382129,,,,,
2024-08-28,32.09,32.09,,,178349345.01572710,5723230481.5546826390,262382129,262382129,262382129,262382129,262382129,,,,,
2024-08-29,32.47,32.47,,,178349344.99611032,5791003232.0237020904,262382129,262382129,262382129,262382129,262382129,,,,,
2024-08-30,32.10,32.10,,,178349344.99728710,5725013974.4129159100,262382129,262382129,262382129,262382129,262382129,,,,,
2024-09-03,30.22,30.22,,,178349344.99715200,5389717205.8139334400,262382129,262382129,262382129,262382129,262382129,,,,,
2024-09-04,30.48,30.48,,,178349345.00457805,5436088035.7395389640,262382129,262382129,262382129,262382129,262382129,,,,,
2024-09-05,30.27,30.27,,,178349345.00255728,5398634673.2274088656,262382129,262382129,262382129,262382129,262382129,,,,,
2024-09-06,28.53,28.53,,,178349345.00498020,5088306812.9920851060,262382129,262382129,262382129,262382129,262382129,,,,,
2024-09-09,28.97,28.97,,,178349345.00349823,5166780524.7513437231,262382129,262382129,262382129,262382129,262382129,,,,,
2024-09-10,28.17,28.17,,,178349344.98542887,5024101048.2395312679,262382129,262382129,262382129,262382129,262382129,,,,,
2024-09-11,29.86,29.86,,,178349345.01495734,5325511442.1466261724,262382129,262382129,262382129,262382129,262382129,,,,,
2024-09-12,31.35,31.35,,,178349344.98823896,5591251965.3812913960,262382129,262382129,262382129,262382129,262382129,,,,,
2024-09-13,32.52,32.52,,,178349345.00114320,5799920699.4371768640,262382129,262382129,262382129,262382129,262382129,,,,,
2024-09-16,34.50,34.50,,,178349345.01052480,6153052402.8631056000,262382129,262382129,262382129,262382129,262382129,,,,,
2024-09-17,33.97,33.97,,,178349345.01482674,6058527250.1536643578,262382129,262382129,262382129,262382129,262382129,,,,,
2024-09-18,34.34,34.34,,,178349345.01352504,6124516507.7644498736,262382129,262382129,262382129,262382129,262382129,,,,,
2024-09-19,34.92,34.92,,,178349345.01204625,6227959127.8206550500,262382129,262382129,262382129,262382129,262382129,,,,,
2024-09-20,33.83,33.83,,,178349345.01300642,6033558341.7900071886,262382129,262382129,262382129,262382129,262382129,,,,,
2024-09-23,34.23,34.23,,,178349344.99154943,6104898079.0607369889,262382129,262382129,262382129,262382129,262382129,,,,,
2024-09-24,36.78,36.78,,,178349344.98820300,6559688908.6661063400,262382129,262382129,262382129,262382129,262382129,,,,,
2024-09-25,36.01,36.01,,,178349345.01114420,6422359913.8513026420,262382129,262382129,262382129,262382129,262382129,,,,,
2024-09-26,39.28,39.28,,,178349345.00704000,7005562271.8765312000,262382129,262382129,262382129,262382129,262382129,,,,,
2024-09-27,39.27,39.27,,,178349344.99617434,7003778777.9997663318,262382129,262382129,262382129,262382129,262382129,,,,,
2024-09-30,38.58,38.58,,,178349345.00237605,6880717730.1916680090,262382129,262382129,262382129,262382129,262382129,,,,,
2024-10-01,39.18,39.18,,,178349344.99871317,6987727337.0495820006,262382129,262382129,262382129,262382129,262382129,,,,,
2024-10-02,39.17,39.17,,,178349344.98781767,6985943843.1728181339,262382129,262382129,262382129,262382129,262382129,,,,,
2024-10-03,38.17,38.17,,,178349345.01207456,6807594499.1108859552,262382129,262382129,262382129,262382129,262382129,,,,,
2024-10-04,39.12,39.12,,,178349345.00965938,6977026376.7778749456,262382129,262382129,262382129,262382129,262382129,,,,,
2024-10-07,39.47,39.47,,,178349345.01107043,7039448647.5869498721,262382129,262382129,262382129,262382129,262382129,,,,,
2024-10-08,37.73,37.73,,,178349345.01329517,6729120787.3516267641,262382129,262382129,262382129,262382129,262382129,,,,,
2024-10-09,38.44,38.44,,,178349345.00246418,6855748821.8947230792,262382129,262382129,262382129,262382129,262382129,,,,,
2024-10-10,39.25,39.25,,,178349344.99867654,7000211791.1980541950,262382129,262382129,262382129,262382129,262382129,,,,,
2024-10-11,41.02,41.02,,,178349345.00516465,7315890132.1118539430,262382129,262382129,262382129,262382129,262382129,,,,,
2024-10-14,41.80,41.80,,,178349344.99529720,7455002620.8034229600,262382129,262382129,262382129,262382129,262382129,,,,,
2024-10-15,41.30,41.30,,,178349345.00659704,7365827948.7724577520,262382129,262382129,262382129,262382129,262382129,,,,,
2024-10-16,42.07,42.07,,,178349345.01083420,7503156944.6057947940,262382129,262382129,262382129,262382129,262382129,,,,,
2024-10-17,40.35,40.35,,,178349345.00880963,7196396071.1054685705,262382129,262382129,262382129,262382129,262382129,,,,,
2024-10-18,41.71,41.71,,,178349344.99927965,7438951179.9199542015,262382129,262382129,262382129,262382129,262382129,,,,,
2024-10-21,41.52,41.52,,,178349344.99380590,7405064804.1428209680,262382129,262382129,262382129,262382129,262382129,,,,,
2024-10-22,42.02,42.02,,,178349345.00695667,7494239477.1923192734,262382129,262382129,262382129,262382129,262382129,,,,,
2024-10-23,41.88,41.88,,,178349345.00705287,7469270568.8953741956,262382129,262382129,262382129,262382129,262382129,,,,,
2024-10-24,42.02,42.02,,,178349345.00695667,7494239477.1923192734,262382129,262382129,262382129,262382129,262382129,,,,,
2024-10-25,41.10,41.10,,,178349344.99234240,7330158079.1852726400,262382129,262382129,262382129,262382129,262382129,,,,,
2024-10-28,41.41,41.41,,,178349345.00018448,7385446376.4576393168,262382129,262382129,262382129,262382129,262382129,,,,,
2024-10-29,40.96,40.96,,,178349345.01055515,7305189171.6323389440,262382129,262382129,262382129,262382129,262382129,,,,,
2024-10-30,40.56,40.56,,,178349344.98877710,7233849432.7447991760,262382129,262382129,262382129,262382129,262382129,,,,,
2024-10-31,40.09,40.09,,,178349344.98856947,7150025240.5917500523,262396817,262396817,262396817,262396817,262396817,,,,,
2024-11-01,40.57,40.57,,,178349344.99927372,7235632926.6205348204,262396817,262396817,262396817,262396817,262396817,,,,,
2024-11-04,40.73,40.73,,,178349345.00333035,7264168821.9856451555,262396817,262396817,262396817,262396817,262396817,,,,,
2024-11-05,42.78,42.78,,,178349344.99196026,7629784978.7560599228,262396817,262396817,262396817,262396817,262396817,,,,,
2024-11-06,45.36,45.36,,,178349344.99635997,8089926289.0348882392,262396817,262396817,262396817,262396817,262396817,,,,,
2024-11-07,45.69,45.69,,,178349344.98923660,8148781572.5582202540,262396817,262396817,262396817,262396817,262396817,,,,,
2024-11-08,44.78,44.78,,,178349344.99768560,7986483668.9963611680,262396817,262396817,262396817,262396817,262396817,,,,,
2024-11-11,43.51,43.51,,,178349345.00498578,7759980001.1669312878,262396817,262396817,262396817,262396817,262396817,,,,,
2024-11-12,40.95,40.95,,,178349344.99853605,7303405677.6900512475,262396817,262396817,262396817,262396817,262396817,,,,,
2024-11-13,40.59,40.59,,,178349344.99685842,7239199913.4224832678,262396817,262396817,262396817,262396817,262396817,,,,,
2024-11-14,41.21,41.21,,,178349344.98904040,7349776506.9983548840,262396817,262396817,262396817,262396817,262396817,,,,,
2024-11-15,44.02,44.02,,,178349345.00054243,7850938166.9238777686,262396817,262396817,262396817,262396817,262396817,,,,,
2024-11-18,43.98,43.98,,,178349345.00500180,7843804193.3199791640,262396817,262396817,262396817,262396817,262396817,,,,,
2024-11-19,45.60,45.60,,,178349344.98993954,8132730131.5412430240,262396817,262396817,262396817,262396817,262396817,,,,,
2024-11-20,45.74,45.74,,,178349344.99426877,8157699040.0378535398,262396817,262396817,262396817,262396817,262396817,,,,,
2024-11-21,46.45,46.45,,,178349345.00997478,8284327075.7133285310,262396817,262396817,262396817,262396817,262396817,,,,,
2024-11-22,45.47,45.47,,,178349344.99348614,8109544716.8538147858,262396817,262396817,262396817,262396817,262396817,,,,,
2024-11-25,47.22,47.22,,,178349344.99601918,8421656070.7120256796,262396817,262396817,262396817,262396817,262396817,,,,,
2024-11-26,47.42,47.42,,,178349344.99538246,8457325939.6810362532,262396817,262396817,262396817,262396817,262396817,,,,,
2024-11-27,45.88,45.88,,,178349345.00002214,8182667948.6010157832,262396817,262396817,262396817,262396817,262396817,,,,,
2024-11-29,46.43,46.43,,,178349344.99020690,8280760087.8953063670,262396817,262396817,262396817,262396817,262396817,,,,,
2024-12-02,45.70,45.70,,,178349345.00001112,8150565066.5005081840,262396817,262396817,262396817,262396817,262396817,,,,,
2024-12-03,45.90,45.90,,,178349344.99788594,8186234935.4029646460,262396817,262396817,262396817,262396817,262396817,,,,,
2024-12-04,45.87,45.87,,,178349344.99074084,8180884454.7252823308,262396817,262396817,262396817,262396817,262396817,,,,,
2024-12-05,46.17,46.17,,,178349344.99863556,8234389258.5870038052,262396817,262396817,262396817,262396817,262396817,,,,,
2024-12-06,42.49,42.49,,,178349344.99341190,7578063668.7700716310,262396817,262396817,262396817,262396817,262396817,,,,,
2024-12-09,41.99,41.99,,,178349345.00965497,7488888996.9554121903,262396817,262396817,262396817,262396817,262396817,,,,,
2024-12-10,41.09,41.09,,,178349345.00494560,7328374586.2532147040,262396817,262396817,262396817,262396817,262396817,,,,,
2024-12-11,39.54,39.54,,,178349344.99993578,7051933101.2974607412,262396817,262396817,262396817,262396817,262396817,,,,,
2024-12-12,39.62,39.62,,,178349344.99003676,7066201048.5052564312,262396817,262396817,262396817,262396817,262396817,,,,,
2024-12-13,39.12,39.12,,,178349345.00742835,6977026376.6905970520,262396817,262396817,262396817,262396817,262396817,,,,,
2024-12-16,38.46,38.46,,,178349344.99466340,6859315808.4947543640,262396817,262396817,262396817,262396817,262396817,,,,,
2024-12-17,38.44,38.44,,,178349344.99721137,6855748821.6928050628,262396817,262396817,262396817,262396817,262396817,,,,,
2024-12-18,37.31,37.31,,,178349345.01277240,6654214062.4265382440,262396817,262396817,262396817,262396817,262396817,,,,,
2024-12-19,36.62,36.62,,,178349344.99052460,6531153013.5530108520,262396817,262396817,262396817,262396817,262396817,,,,,
2024-12-20,37.84,37.84,,,178349345.00314167,6748739214.9188807928,262396817,262396817,262396817,262396817,262396817,,,,,
2024-12-23,38.58,38.58,,,178349345.00404269,6880717730.2559669802,262396817,262396817,262396817,262396817,262396817,,,,,
2024-12-24,38.61,38.61,,,178349345.01252657,6886068210.9336508677,262396817,262396817,262396817,262396817,262396817,,,,,
2024-12-26,38.35,38.35,,,178349344.99633047,6839697380.6092735245,262396817,262396817,262396817,262396817,262396817,,,,,
2024-12-27,37.68,37.68,,,178349344.99877304,6720203319.5537681472,262396817,262396817,262396817,262396817,262396817,,,,,
2024-12-30,37.15,37.15,,,178349345.00838295,6625678167.0614265925,262396817,262396817,262396817,262396817,262396817,,,,,
2024-12-31,37.78,37.78,,,178349345.01269418,6738038254.5795861204,262396817,262396817,262396817,262396817,262396817,,,,,
2025-01-02,37.99,37.99,,,178349344.99451710,6775491616.3417046290,262396817,262396817,262396817,262396817,262396817,,,,,
2025-01-03,35.71,35.71,,,178349345.00115237,6368855109.9911511327,262396817,262396817,262396817,262396817,262396817,,,,,
2025-01-06,36.49,36.49,,,178349344.99676996,6507967598.9321358404,262396817,262396817,262396817,262396817,262396817,,,,,
2025-01-07,36.24,36.24,,,178349344.99126637,6463380262.4834932488,262396817,262396817,262396817,262396817,262396817,,,,,
2025-01-08,36.00,36.00,,,178349344.99936494,6420576419.9771378400,262396817,262396817,262396817,262396817,262396817,,,,,
2025-01-10,35.91,35.91,,,178349344.99842963,6404524978.8936080133,262396817,262396817,262396817,262396817,262396817,,,,,
2025-01-13,36.47,36.47,,,178349344.99945673,6504400612.1301869431,262396817,262396817,262396817,262396817,262396817,,,,,
2025-01-14,36.88,36.88,,,178349345.00752136,6577523843.8773877568,262396817,262396817,262396817,262396817,262396817,,,,,
2025-01-15,38.19,38.19,,,178349344.99373433,6811161485.3107140627,262396817,262396817,262396817,262396817,262396817,,,,,
2025-01-16,38.91,38.91,,,178349344.99732336,6939573013.8458519376,262396817,262396817,262396817,262396817,262396817,,,,,
2025-01-17,39.53,39.53,,,178349344.98916584,7050149607.4217256552,262396817,262396817,262396817,262396817,262396817,,,,,
2025-01-21,38.61,38.61,,,178349345.01252657,6886068210.9336508677,262396817,262396817,262396817,262396817,262396817,,,,,
2025-01-22,38.78,38.78,,,178349345.00150657,6916387599.1584247846,262396817,262396817,262396817,262396817,262396817,,,,,
2025-01-23,37.35,37.35,,,178349345.00750834,6661348036.0304364990,262396817,262396817,262396817,262396817,262396817,,,,,
2025-01-24,37.43,37.43,,,178349344.99523590,6675615983.1716797370,262396817,262396817,262396817,262396817,262396817,,,,,
2025-01-27,34.97,34.97,,,178349345.00011620,6236876594.6540635140,262396817,262396817,262396817,262396817,262396817,,,,,
2025-01-28,34.15,34.15,,,178349345.01246660,6090630132.1757343900,262396817,262396817,262396817,262396817,262396817,,,,,
2025-01-29,35.13,35.13,,,178349345.00481570,6265412490.0191755410,262396817,262396817,262396817,262396817,262396817,,,,,
2025-01-30,35.53,35.53,,,178349345.00114387,6336752227.8906417011,262396817,262396817,262396817,262396817,262396817,,,,,
2025-01-31,35.32,35.32,,,178349344.98997450,6299298865.0458993400,262396817,262396817,262396817,262396817,262396817,,,,,
2025-02-03,34.11,34.11,,,178349344.98844220,6083496157.5557634420,262396817,262396817,262396817,262396817,262396817,,,,,
2025-02-04,36.24,36.24,,,178349344.99126637,6463380262.4834932488,262396817,262396817,262396817,262396817,262396817,,,,,
2025-02-05,36.03,36.03,,,178349345.00846022,6425926900.6548217266,262396817,262396817,262396817,262396817,262396817,,,,,
2025-02-06,35.93,35.93,,,178349344.99570155,6408091965.6955566915,262396817,262396817,262396817,262396817,262396817,,,,,
2025-02-07,36.12,36.12,,,178349345.00936747,6441978341.7383530164,262396817,262396817,262396817,262396817,262396817,,,,,
2025-02-10,36.92,36.92,,,178349345.00220168,6584657817.4812860256,262396817,262396817,262396817,262396817,262396817,,,,,
2025-02-11,37.17,37.17,,,178349345.00574052,6629245153.8633751284,262396817,262396817,262396817,262396817,262396817,,,,,
2025-02-12,36.33,36.33,,,178349344.99221095,6479431703.5670238135,262396817,262396817,262396817,262396817,262396817,,,,,
2025-02-13,36.38,36.38,,,178349344.99853373,6488349171.0466570974,262396817,262396817,262396817,262396817,262396817,,,,,
2025-02-14,36.24,36.24,,,178349344.99126637,6463380262.4834932488,262396817,262396817,262396817,262396817,262396817,,,,,
2025-02-18,37.01,37.01,,,178349345.00130406,6600709258.4982632606,262396817,262396817,262396817,262396817,262396817,,,,,
2025-02-19,36.18,36.18,,,178349345.00122163,6452679302.1441985734,262396817,262396817,262396817,262396817,262396817,,,,,
2025-02-20,37.25,37.25,,,178349344.99341258,6643513101.0046186050,262926326,262926326,262926326,262926326,262926326,,,,,
2025-02-21,34.40,34.40,,,178349344.98667878,6135217467.5417500320,262926326,262926326,262926326,262926326,262926326,,,,,
2025-02-24,35.02,35.02,,,178349345.00667325,6245794062.1336972150,262926326,262926326,262926326,262926326,262926326,,,,,
2025-02-25,34.37,34.37,,,178349345.00669596,6129866987.8801401452,262926326,262926326,262926326,262926326,262926326,,,,,
2025-02-26,33.67,33.67,,,178349344.99990946,6005022446.1469515182,262926326,262926326,262926326,262926326,262926326,,,,,
2025-02-27,33.43,33.43,,,178349345.00869268,5962218603.6405962924,262926326,262926326,262926326,262926326,262926326,,,,,
2025-02-28,33.25,33.25,,,178349345.00672293,5930115721.4735374225,262926326,262926326,262926326,262926326,262926326,,,,,
2025-03-03,31.33,31.33,,,178349344.98482215,5587684978.3744779595,262926326,262926326,262926326,262926326,262926326,,,,,
2025-03-04,31.15,31.15,,,178349344.99307440,5555582096.5342675600,262926326,262926326,262926326,262926326,262926326,,,,,
2025-03-05,32.38,32.38,,,178349345.00685020,5774951791.3218094760,262926326,262926326,262926326,262926326,262926326,,,,,
2025-03-06,32.83,32.83,,,178349345.00726536,5855208996.5885217688,262926326,262926326,262926326,262926326,262926326,,,,,
2025-03-07,32.84,32.84,,,178349344.99136442,5856992489.5164075528,262926326,262926326,262926326,262926326,262926326,,,,,
2025-03-10,30.98,30.98,,,178349344.99601147,5525262707.9764353406,262926326,262926326,262926326,262926326,262926326,,,,,
2025-03-11,31.96,31.96,,,178349344.98702270,5700045065.7852454920,262926326,262926326,262926326,262926326,262926326,,,,,
2025-03-12,33.25,33.25,,,178349344.99585730,5930115721.1122552250,262926326,262926326,262926326,262926326,262926326,,,,,
2025-03-13,32.31,32.31,,,178349344.99869910,5762467336.9079679210,262926326,262926326,262926326,262926326,262926326,,,,,
2025-03-14,33.53,33.53,,,178349344.99913910,5980053537.8211340230,262926326,262926326,262926326,262926326,262926326,,,,,
2025-03-17,34.79,34.79,,,178349344.99393000,6204773712.3388247000,262926326,262926326,262926326,262926326,262926326,,,,,
2025-03-18,33.97,33.97,,,178349344.98519662,6058527249.1471291814,262926326,262926326,262926326,262926326,262926326,,,,,
2025-03-19,35.31,35.31,,,178349345.00196487,6297515372.0193795597,262926326,262926326,262926326,262926326,262926326,,,,,
2025-03-20,34.84,34.84,,,178349345.00431705,6213691179.9504060220,262926326,262926326,262926326,262926326,262926326,,,,,
2025-03-21,33.95,33.95,,,178349344.98611270,6054960262.2785261650,262926326,262926326,262926326,262926326,262926326,,,,,
2025-03-24,33.47,33.47,,,178349345.00393390,5969352577.2816676330,262926326,262926326,262926326,262926326,262926326,,,,,
2025-03-25,33.71,33.71,,,178349345.01096654,6012156420.3196820634,262926326,262926326,262926326,262926326,262926326,,,,,
2025-03-26,33.34,33.34,,,178349345.00284040,5946167162.3946989360,262926326,262926326,262926326,262926326,262926326,,,,,
2025-03-27,31.98,31.98,,,178349344.98604906,5703612052.6538489388,262926326,262926326,262926326,262926326,262926326,,,,,
2025-03-28,30.66,30.66,,,178349344.99663052,5468190917.5966917432,262926326,262926326,262926326,262926326,262926326,,,,,
2025-03-31,30.50,30.50,,,178349345.01354867,5439655022.9132344350,262926326,262926326,262926326,262926326,262926326,,,,,
2025-04-01,30.14,30.14,,,178349344.98726404,5375449257.9161381656,262926326,262926326,262926326,262926326,262926326,,,,,
2025-04-02,30.84,30.84,,,178349345.00957328,5500293800.0952399552,262926326,262926326,262926326,262926326,262926326,,,,,
2025-04-03,27.33,27.33,,,178349345.01441607,4874287599.2439911931,262926326,262926326,262926326,262926326,262926326,,,,,
2025-04-04,24.81,24.81,,,178349344.98707938,4424847249.1294394178,262926326,262926326,262926326,262926326,262926326,,,,,
2025-04-07,24.59,24.59,,,178349345.01719627,4385610393.9728562793,262926326,262926326,262926326,262926326,262926326,,,,,
2025-04-08,22.57,22.57,,,178349345.00383684,4025344716.7365974788,262926326,262926326,262926326,262926326,262926326,,,,,
2025-04-09,25.86,25.86,,,178349344.98911187,4612114061.4184329582,262926326,262926326,262926326,262926326,262926326,,,,,
2025-04-10,23.75,23.75,,,178349345.00684460,4235796943.9125592500,262926326,262926326,262926326,262926326,262926326,,,,,
2025-04-11,24.75,24.75,,,178349344.99621470,4414146288.6563138250,262926326,262926326,262926326,262926326,262926326,,,,,
2025-04-14,25.01,25.01,,,178349345.00186285,4460517118.4965898785,262926326,262926326,262926326,262926326,262926326,,,,,
2025-04-15,24.68,24.68,,,178349344.98551342,4401661834.2424712056,262926326,262926326,262926326,262926326,262926326,,,,,
2025-04-16,25.07,25.07,,,178349344.99280876,4471218078.9697156132,262926326,262926326,262926326,262926326,262926326,,,,,
2025-04-17,23.32,23.32,,,178349345.00490780,4159106725.5144498960,262926326,262926326,262926326,262926326,262926326,,,,,
2025-04-21,23.30,23.30,,,178349345.00625956,4155539738.6458477480,262926326,262926326,262926326,262926326,262926326,,,,,
2025-04-22,24.32,24.32,,,178349344.99144173,4337456070.1918628736,262926326,262926326,262926326,262926326,262926326,,,,,
2025-04-23,25.05,25.05,,,178349344.99670476,4467651092.1674542380,262926326,262926326,262926326,262926326,262926326,,,,,
2025-04-24,26.44,26.44,,,178349344.99389008,4715556681.6384537152,262926326,262926326,262926326,262926326,262926326,,,,,
2025-04-25,25.71,25.71,,,178349344.98883167,4585361659.6628622357,262926326,262926326,262926326,262926326,262926326,,,,,
2025-04-28,25.56,25.56,,,178349344.98854820,4558609257.9072919920,262926326,262926326,262926326,262926326,262926326,,,,,
2025-04-29,25.19,25.19,,,178349345.01767126,4492620000.9951390394,262926326,262926326,262926326,262926326,262926326,,,,,
2025-04-30,24.53,24.53,,,178349344.98519775,4374909432.4869008075,262926326,262926326,262926326,262926326,262926326,,,,,
2025-05-01,24.54,24.54,,,178349345.00249702,4376692926.3612768708,262944327,262944327,262944327,262944327,262944327,,,,,
2025-05-02,25.53,25.53,,,178349345.01281410,4553258778.1771439730,262944327,262944327,262944327,262944327,262944327,,,,,
2025-05-05,25.07,25.07,,,178349344.99280876,4471218078.9697156132,262944327,262944327,262944327,262944327,262944327,,,,,
2025-05-06,24.85,24.85,,,178349344.98190355,4431981222.8003032175,262944327,262944327,262944327,262944327,262944327,,,,,
2025-05-07,24.40,24.40,,,178349344.98088488,4351724017.5335910720,262944327,262944327,262944327,262944327,262944327,,,,,
2025-05-08,25.72,25.72,,,178349345.00791517,4587145153.6035781724,262944327,262944327,262944327,262944327,262944327,,,,,
2025-05-09,25.92,25.92,,,178349344.98294368,4622815021.9579001856,262944327,262944327,262944327,262944327,262944327,,,,,
2025-05-12,28.12,28.12,,,178349345.01040924,5015183581.6927078288,262944327,262944327,262944327,262944327,262944327,,,,,
2025-05-13,28.65,28.65,,,178349345.00178528,5109708734.3011482720,262944327,262944327,262944327,262944327,262944327,,,,,
2025-05-14,29.61,29.61,,,178349344.99519410,5280924105.3076973010,262944327,262944327,262944327,262944327,262944327,,,,,
2025-05-15,28.67,28.67,,,178349344.99837497,5113275721.1034103899,262944327,262944327,262944327,262944327,262944327,,,,,
2025-05-16,29.40,29.40,,,178349345.00268710,5243470743.0790007400,262944327,262944327,262944327,262944327,262944327,,,,,
2025-05-19,29.41,29.41,,,178349345.01711586,5245254236.9533774426,262944327,262944327,262944327,262944327,262944327,,,,,
2025-05-20,28.79,28.79,,,178349345.00373390,5134677642.6574989810,262944327,262944327,262944327,262944327,262944327,,,,,
2025-05-21,28.27,28.27,,,178349344.98752102,5041935982.7972192354,262944327,262944327,262944327,262944327,262944327,,,,,
2025-05-22,27.98,27.98,,,178349345.01691930,4990214673.5734020140,262944327,262944327,262944327,262944327,262944327,,,,,
2025-05-23,28.07,28.07,,,178349344.99622422,5006266114.0440138554,262944327,262944327,262944327,262944327,262944327,,,,,
2025-05-27,28.25,28.25,,,178349344.98861983,5038368995.9285101975,262944327,262944327,262944327,262944327,262944327,,,,,
2025-05-28,27.88,27.88,,,178349344.98401560,4972379738.1543549280,262944327,262944327,262944327,262944327,262944327,,,,,
2025-05-29,27.63,27.63,,,178349345.01390050,4927792402.7340708150,262944327,262944327,262944327,262944327,262944327,,,,,
2025-05-30,26.77,26.77,,,178349345.01208472,4774411965.9735079544,262944327,262944327,262944327,262944327,262944327,,,,,
2025-06-02,26.60,26.60,,,178349344.99821650,4744092576.9525589000,262944327,262944327,262944327,262944327,262944327,,,,,
2025-06-03,27.66,27.66,,,178349344.99394223,4933142882.5324420818,262944327,262944327,262944327,262944327,262944327,,,,,
2025-06-04,27.37,27.37,,,178349344.98718444,4881421572.2992381228,262944327,262944327,262944327,262944327,262944327,,,,,
2025-06-05,27.87,27.87,,,178349345.00268010,4970596245.2246943870,262944327,262944327,262944327,262944327,262944327,,,,,
2025-06-06,28.01,28.01,,,178349344.99720713,4995565153.3717717113,262944327,262944327,262944327,262944327,262944327,,,,,
2025-06-09,28.56,28.56,,,178349344.99406242,5093657293.0304227152,262944327,262944327,262944327,262944327,262944327,,,,,
2025-06-10,28.76,28.76,,,178349344.98782140,5129327161.8497434640,262944327,262944327,262944327,262944327,262944327,,,,,
2025-06-11,28.74,28.74,,,178349344.98660120,5125760174.9149184880,262944327,262944327,262944327,262944327,262944327,,,,,
2025-06-12,28.86,28.86,,,178349345.01741770,5147162097.2026748220,262944327,262944327,262944327,262944327,262944327,,,,,
2025-06-13,28.35,28.35,,,178349344.98547340,5056203930.3381708900,262944327,262944327,262944327,262944327,262944327,,,,,
2025-06-16,29.01,29.01,,,178349344.99411973,5173914498.2794133673,262944327,262944327,262944327,262944327,262944327,,,,,
2025-06-17,28.72,28.72,,,178349344.98768140,5122193188.0462098080,262944327,262944327,262944327,262944327,262944327,,,,,
2025-06-18,28.35,28.35,,,178349344.98547340,5056203930.3381708900,262944327,262944327,262944327,262944327,262944327,,,,,
2025-06-20,27.86,27.86,,,178349344.98512730,4968812751.2856465780,262944327,262944327,262944327,262944327,262944327,,,,,
2025-06-23,28.71,28.71,,,178349345.00580108,5120409695.1165490068,262944327,262944327,262944327,262944327,262944327,,,,,
2025-06-24,28.80,28.80,,,178349344.98566532,5136461135.5871612160,262944327,262944327,262944327,262944327,262944327,,,,,
2025-06-25,28.17,28.17,,,178349344.99068367,5024101048.3875589839,262944327,262944327,262944327,262944327,262944327,,,,,
2025-06-26,29.93,29.93,,,178349344.99539655,5337995895.7122187415,262944327,262944327,262944327,262944327,262944327,,,,,
2025-06-27,28.47,28.47,,,178349345.01671672,5077605852.6259250184,262944327,262944327,262944327,262944327,262944327,,,,,
2025-06-30,29.51,29.51,,,178349345.01087713,5263089171.2709841063,262944327,262944327,262944327,262944327,262944327,,,,,
2025-07-01,30.20,30.20,,,178349345.00254017,5386150219.0767131340,262944327,262944327,262944327,262944327,262944327,,,,,
2025-07-02,31.52,31.52,,,178349344.98781500,5621571354.0159288000,262944327,262944327,262944327,262944327,262944327,,,,,
2025-07-03,31.15,31.15,,,178349345.01608863,5555582097.2511608245,262944327,262944327,262944327,262944327,262944327,,,,,
2025-07-07,29.81,29.81,,,178349344.99945822,5316593974.4338495382,262944327,262944327,262944327,262944327,262944327,,,,,
2025-07-08,30.51,30.51,,,178349345.00749350,5441438516.1786266850,262944327,262944327,262944327,262944327,262944327,,,,,
2025-07-09,30.58,30.58,,,178349344.98739090,5453922969.7144137220,262944327,262944327,262944327,262944327,262944327,,,,,
2025-07-10,31.57,31.57,,,178349345.00134286,5630488821.6923940902,262944327,262944327,262944327,262944327,262944327,,,,,
2025-07-11,31.09,31.09,,,178349344.98667246,5544881135.6356467814,262944327,262944327,262944327,262944327,262944327,,,,,
2025-07-14,29.79,29.79,,,178349345.00050825,5313026987.5651407675,262944327,262944327,262944327,262944327,262944327,,,,,
2025-07-15,28.49,28.49,,,178349345.01560667,5081172839.4946340283,262944327,262944327,262944327,262944327,262944327,,,,,
2025-07-16,28.56,28.56,,,178349344.99406242,5093657293.0304227152,262944327,262944327,262944327,262944327,262944327,,,,,
2025-07-17,29.39,29.39,,,178349345.01506007,5241687249.9926154573,262944327,262944327,262944327,262944327,262944327,,,,,
2025-07-18,30.33,30.33,,,178349345.01464325,5409335634.2941297725,262944327,262944327,262944327,262944327,262944327,,,,,
2025-07-21,30.98,30.98,,,178349345.00633717,5525262708.2963255266,262944327,262944327,262944327,262944327,262944327,,,,,
2025-07-22,31.93,31.93,,,178349344.98989980,5694694585.5275006140,262944327,262944327,262944327,262944327,262944327,,,,,
2025-07-23,32.10,32.10,,,178349344.99944970,5725013974.4823353700,262944327,262944327,262944327,262944327,262944327,,,,,
2025-07-24,31.86,31.86,,,178349345.00708090,5682210131.9255974740,262944327,262944327,262944327,262944327,262944327,,,,,
2025-07-25,30.84,30.84,,,178349345.01132450,5500293800.1492475800,262944327,262944327,262944327,262944327,262944327,,,,,
2025-07-28,30.68,30.68,,,178349344.98448740,5471757904.1240734320,262944327,262944327,262944327,262944327,262944327,,,,,
2025-07-29,30.44,30.44,,,178349344.99235663,5428954061.5673358172,262944327,262944327,262944327,262944327,262944327,,,,,
2025-07-30,30.12,30.12,,,178349345.00450740,5371882271.5357628880,262944327,262944327,262944327,262944327,262944327,,,,,
2025-07-31,29.97,29.97,,,178349344.99331456,5345129869.4496373632,262956712,262956712,262956712,262956712,262956712,,,,,
2025-08-01,28.40,28.40,,,178349345.00051537,5065121398.0146365080,262956712,262956712,262956712,262956712,262956712,,,,,
2025-08-04,29.12,29.12,,,178349345.00783384,5193532926.6281214208,262956712,262956712,262956712,262956712,262956712,,,,,
2025-08-05,29.62,29.62,,,178349344.99021965,5282707598.6103060330,262956712,262956712,262956712,262956712,262956712,,,,,
2025-08-06,29.55,29.55,,,178349345.00874460,5270223145.0084029300,262956712,262956712,262956712,262956712,262956712,,,,,
2025-08-07,30.10,30.10,,,178349345.00554994,5368315284.6670531940,262956712,262956712,262956712,262956712,262956712,,,,,
2025-08-08,30.17,30.17,,,178349344.98737013,5380799738.2689568221,262956712,262956712,262956712,262956712,262956712,,,,,
2025-08-11,29.33,29.33,,,178349344.98387668,5230986288.3771030244,262956712,262956712,262956712,262956712,262956712,,,,,
2025-08-12,31.38,31.38,,,178349345.01484230,5596602446.5657513740,262956712,262956712,262956712,262956712,262956712,,,,,
2025-08-13,31.73,31.73,,,178349345.01069984,5659024717.1895059232,262956712,262956712,262956712,262956712,262956712,,,,,
2025-08-14,31.33,31.33,,,178349344.99709420,5587684978.7589612860,262956712,262956712,262956712,262956712,262956712,,,,,
2025-08-15,31.27,31.27,,,178349344.99375910,5576984017.9548470570,262956712,262956712,262956712,262956712,262956712,,,,,
2025-08-18,29.63,29.63,,,178349344.99862504,5284491092.3092599352,262956712,262956712,262956712,262956712,262956712,,,,,
2025-08-19,29.85,29.85,,,178349345.00700960,5323727948.4592365600,262956712,262956712,262956712,262956712,262956712,,,,,
2025-08-20,29.33,29.33,,,178349344.98760146,5230986288.4863508218,262956712,262956712,262956712,262956712,262956712,,,,,
2025-08-21,29.51,29.51,,,178349344.99379593,5263089170.7669178943,262956712,262956712,262956712,262956712,262956712,,,,,
2025-08-22,31.68,31.68,,,178349344.99314130,5650107249.3827163840,262956712,262956712,262956712,262956712,262956712,,,,,
2025-08-25,31.80,31.80,,,178349344.99764330,5671509170.9250569400,262956712,262956712,262956712,262956712,262956712,,,,,
2025-08-26,31.95,31.95,,,178349344.98696524,5698261572.3335394180,262956712,262956712,262956712,262956712,262956712,,,,,
2025-08-27,31.80,31.80,,,178349344.99764330,5671509170.9250569400,262956712,262956712,262956712,262956712,262956712,,,,,
2025-08-28,31.92,31.92,,,178349345.00211146,5692911092.4673978032,262956712,262956712,262956712,262956712,262956712,,,,,
2025-08-29,32.19,32.19,,,178349344.99590623,5741065415.4182215437,262956712,262956712,262956712,262956712,262956712,,,,,
2025-09-02,30.94,30.94,,,178349344.99889457,5518128734.2657979958,262956712,262956712,262956712,262956712,262956712,,,,,
2025-09-03,31.11,31.11,,,178349344.98903840,5548448122.6089846240,262956712,262956712,262956712,262956712,262956712,,,,,
2025-09-04,31.29,31.29,,,178349344.99487220,5580551004.8895511380,262956712,262956712,262956712,262956712,262956712,,,,,
2025-09-05,31.83,31.83,,,178349345.01404783,5676859651.7971424289,262956712,262956712,262956712,262956712,262956712,,,,,
2025-09-08,32.04,32.04,,,178349345.00654617,5714313014.0097392868,262956712,262956712,262956712,262956712,262956712,,,,,
2025-09-09,31.27,31.27,,,178349344.99375910,5576984017.9548470570,262956712,262956712,262956712,262956712,262956712,,,,,
2025-09-10,30.93,30.93,,,178349345.01352970,5516345241.2684736210,262956712,262956712,262956712,262956712,262956712,,,,,
2025-09-11,32.29,32.29,,,178349344.99925230,5758900350.0258567670,262956712,262956712,262956712,262956712,262956712,,,,,
2025-09-12,33.24,33.24,,,178349344.98662373,5928332227.3553727852,262956712,262956712,262956712,262956712,262956712,,,,,
2025-09-15,33.60,33.60,,,178349344.99751505,5992537991.9165056800,262956712,262956712,262956712,262956712,262956712,,,,,
2025-09-16,33.48,33.48,,,178349344.99325463,5971136070.3741650124,262956712,262956712,262956712,262956712,262956712,,,,,
2025-09-17,32.86,32.86,,,178349345.00303072,5860559476.7995894592,262956712,262956712,262956712,262956712,262956712,,,,,
2025-09-18,32.72,32.72,,,178349344.99763268,5835590568.3225412896,262956712,262956712,262956712,262956712,262956712,,,,,
2025-09-19,32.46,32.46,,,178349344.98980420,5789219738.3690443320,262956712,262956712,262956712,262956712,262956712,,,,,
2025-09-22,32.63,32.63,,,178349345.01128337,5819539127.7181763631,262956712,262956712,262956712,262956712,262956712,,,,,
2025-09-23,31.53,31.53,,,178349345.00394020,5623354847.9742345060,262956712,262956712,262956712,262956712,262956712,,,,,
2025-09-24,31.23,31.23,,,178349344.99152854,5569850044.0854363042,262956712,262956712,262956712,262956712,262956712,,,,,
2025-09-25,31.45,31.45,,,178349344.99953622,5609086900.2354141190,262956712,262956712,262956712,262956712,262956712,,,,,
2025-09-26,32.71,32.71,,,178349345.01348537,5833807075.3911064527,262956712,262956712,262956712,262956712,262956712,,,,,
2025-09-29,33.85,33.85,,,178349344.99257058,6037125327.9985141330,262956712,262956712,262956712,262956712,262956712,,,,,
2025-09-30,32.89,32.89,,,178349344.98831648,5865909956.6657290272,262956712,262956712,262956712,262956712,262956712,,,,,
2025-10-01,33.85,33.85,,,178349344.99257058,6037125327.9985141330,262956712,262956712,262956712,262956712,262956712,,,,,
2025-10-02,34.83,34.83,,,178349344.99569663,6211907686.2001136229,262956712,262956712,262956712,262956712,262956712,,,,,
2025-10-03,34.50,34.50,,,178349344.99841088,6153052402.4451753600,262956712,262956712,262956712,262956712,262956712,,,,,
2025-10-06,33.79,33.79,,,178349344.98947614,6026424367.1943987706,262956712,262956712,262956712,262956712,262956712,,,,,
2025-10-07,35.53,35.53,,,178349344.98867497,6336752227.4476216841,262956712,262956712,262956712,262956712,262956712,,,,,
2025-10-08,37.06,37.06,,,178349344.99606416,6609626725.5541377696,262956712,262956712,262956712,262956712,262956712,,,,,
2025-10-09,37.00,37.00,,,178349344.99324384,6598925764.7500220800,262956712,262956712,262956712,262956712,262956712,,,,,
2025-10-10,35.02,35.02,,,178349344.98606840,6245794061.4121153680,262956712,262956712,262956712,262956712,262956712,,,,,
2025-10-13,36.25,36.25,,,178349345.01245980,6465163756.7016677500,262956712,262956712,262956712,262956712,262956712,,,,,
2025-10-14,35.75,35.75,,,178349344.99573705,6375989083.5975995375,262956712,262956712,262956712,262956712,262956712,,,,,
2025-10-15,36.46,36.46,,,178349345.00406957,6502617118.8483765222,262956712,262956712,262956712,262956712,262956712,,,,,
2025-10-16,37.13,37.13,,,178349345.01200196,6622111180.2956327748,262956712,262956712,262956712,262956712,262956712,,,,,
2025-10-17,35.97,35.97,,,178349345.00271273,6415225939.7475768981,262956712,262956712,262956712,262956712,262956712,,,,,
2025-10-20,38.96,38.96,,,178349345.00049058,6948490481.2191129968,262956712,262956712,262956712,262956712,262956712,,,,,
2025-10-21,37.23,37.23,,,178349344.98784113,6639946113.8973252699,262956712,262956712,262956712,262956712,262956712,,,,,
2025-10-22,35.65,35.65,,,178349344.99270582,6358154148.9899624830,262956712,262956712,262956712,262956712,262956712,,,,,
2025-10-23,40.14,40.14,,,178349345.00837034,7158942708.6359854476,262956712,262956712,262956712,262956712,262956712,,,,,
2025-10-24,39.42,39.42,,,178349345.01237658,7030531180.3878847836,262956712,262956712,262956712,262956712,262956712,,,,,
2025-10-27,39.90,39.90,,,178349345.00128580,7116138865.5513034200,262956712,262956712,262956712,262956712,262956712,,,,,
2025-10-28,39.31,39.31,,,178349344.99727467,7010912751.8428672777,263006021,263006021,263006021,263006021,263006021,,,,,
2025-10-29,38.91,38.91,,,178349345.01203460,6939573014.4182662860,263006021,263006021,263006021,263006021,263006021,,,,,
2025-10-30,36.76,36.76,,,178349344.98724782,6556121921.7312298632,263006021,263006021,263006021,263006021,263006021,,,,,
2025-10-31,36.79,36.79,,,178349345.00144917,6561472402.6033149643,263006021,263006021,263006021,263006021,263006021,,,,,
2025-11-03,37.20,37.20,,,178349345.00083828,6634595634.0311840160,263006021,263006021,263006021,263006021,263006021,,,,,
2025-11-04,35.26,35.26,,,178349344.99133617,6288597904.3945133542,263006021,263006021,263006021,263006021,263006021,,,,,
2025-11-05,35.74,35.74,,,178349345.00317195,6374205590.4133654930,263006021,263006021,263006021,263006021,263006021,,,,,
2025-11-06,36.70,36.70,,,178349344.99678800,6545420961.3821196000,263006021,263006021,263006021,263006021,263006021,,,,,
2025-11-07,37.32,37.32,,,178349344.99119613,6655997555.0714395716,263006021,263006021,263006021,263006021,263006021,,,,,
2025-11-10,38.79,38.79,,,178349345.00978930,6918171092.9297269470,263006021,263006021,263006021,263006021,263006021,,,,,
2025-11-11,37.48,37.48,,,178349345.00212800,6684533450.6797574400,263006021,263006021,263006021,263006021,263006021,,,,,
2025-11-12,40.03,40.03,,,178349344.99895993,7139324280.3083659979,263006021,263006021,263006021,263006021,263006021,,,,,
2025-11-13,38.19,38.19,,,178349344.99009630,6811161485.1717776970,263006021,263006021,263006021,263006021,263006021,,,,,
2025-11-14,37.59,37.59,,,178349344.99821183,6704151878.4827826897,263006021,263006021,263006021,263006021,263006021,,,,,
2025-11-17,35.78,35.78,,,178349345.00510310,6381339564.2825889180,263006021,263006021,263006021,263006021,263006021,,,,,
2025-11-18,36.55,36.55,,,178349344.99710420,6518668559.6441585100,263006021,263006021,263006021,263006021,263006021,,,,,
2025-11-19,36.72,36.72,,,178349344.99773234,6548987948.3167315248,263006021,263006021,263006021,263006021,263006021,,,,,
2025-11-20,35.83,35.83,,,178349344.99626198,6390257031.2160667434,263006021,263006021,263006021,263006021,263006021,,,,,
2025-11-21,36.34,36.34,,,178349344.99456140,6481215197.1023612760,263006021,263006021,263006021,263006021,263006021,,,,,
2025-11-24,38.72,38.72,,,178349344.99117760,6905686638.0583966720,263006021,263006021,263006021,263006021,263006021,,,,,
2025-11-25,39.20,39.20,,,178349345.00197065,6991294324.0772494800,263006021,263006021,263006021,263006021,263006021,,,,,
2025-11-26,41.57,41.57,,,178349345.00925532,7413982272.0347436524,263006021,263006021,263006021,263006021,263006021,,,,,
2025-11-28,41.74,41.74,,,178349345.00975838,7444301660.7073147812,263006021,263006021,263006021,263006021,263006021,,,,,
2025-12-01,41.65,41.65,,,178349344.99162963,7428250218.9013740895,263006021,263006021,263006021,263006021,263006021,,,,,
2025-12-02,41.45,41.45,,,178349345.00110130,7392580350.2956488850,263006021,263006021,263006021,263006021,263006021,,,,,
2025-12-03,44.10,44.10,,,178349345.00518683,7865206114.7287392030,263006021,263006021,263006021,263006021,263006021,,,,,
2025-12-04,44.01,44.01,,,178349345.00932345,7849154673.8603250345,263006021,263006021,263006021,263006021,263006021,,,,,
2025-12-05,43.77,43.77,,,178349344.99388015,7806350830.3821341655,263006021,263006021,263006021,263006021,263006021,,,,,
2025-12-08,44.46,44.46,,,178349345.00546074,7929411878.9427845004,263006021,263006021,263006021,263006021,263006021,,,,,
2025-12-09,43.47,43.47,,,178349344.99741516,7752846027.0376370052,263006021,263006021,263006021,263006021,263006021,,,,,
2025-12-10,44.64,44.64,,,178349344.99435902,7961514760.5481866528,263006021,263006021,263006021,263006021,263006021,,,,,
2025-12-11,47.24,47.24,,,178349345.00524557,8425223058.0478007268,263006021,263006021,263006021,263006021,263006021,,,,,
2025-12-12,46.14,46.14,,,178349345.00228307,8229038778.4053408498,263006021,263006021,263006021,263006021,263006021,,,,,
2025-12-15,45.49,45.49,,,178349344.99405643,8113111703.7796270007,263006021,263006021,263006021,263006021,263006021,,,,,
2025-12-16,46.56,46.56,,,178349345.00620562,8303945503.4889336672,263006021,263006021,263006021,263006021,263006021,,,,,
2025-12-17,46.84,46.84,,,178349345.00210974,8353883319.8988202216,263006021,263006021,263006021,263006021,263006021,,,,,
2025-12-18,48.18,48.18,,,178349344.99962518,8592871442.0819411724,263006021,263006021,263006021,263006021,263006021,,,,,
2025-12-19,51.25,51.25,,,178349345.00680247,9140403931.5986265875,263006021,263006021,263006021,263006021,263006021,,,,,
2025-12-22,53.72,53.72,,,178349344.99920630,9580926813.3573624360,263006021,263006021,263006021,263006021,263006021,,,,,
2025-12-23,53.65,53.65,,,178349345.00445990,9568442359.4892736350,263006021,263006021,263006021,263006021,263006021,,,,,
2025-12-24,53.63,53.63,,,178349345.00381616,9564875372.5546606608,263006021,263006021,263006021,263006021,263006021,,,,,
2025-12-26,54.25,54.25,,,178349344.99988905,9675451966.2439809625,263006021,263006021,263006021,263006021,263006021,,,,,
2025-12-29,53.77,53.77,,,178349344.99209833,9589844280.2251272041,263006021,263006021,263006021,263006021,263006021,,,,,
2025-12-30,54.38,54.38,,,178349344.99661463,9698637380.9159035794,263006021,263006021,263006021,263006021,263006021,,,,,
2025-12-31,53.14,53.14,,,178349345.00570150,9477484193.6029777100,263006021,263006021,263006021,263006021,263006021,,,,,
2026-01-02,56.54,56.54,,,178349345.00172117,10083871966.3973149518,263006021,263006021,263006021,263006021,263006021,,,,,
2026-01-05,61.44,61.44,,,178349345.00298000,10957783756.9830912000,263006021,263006021,263006021,263006021,263006021,,,,,
2026-01-06,63.56,63.56,,,178349345.00518510,11335884368.5295649560,263006021,263006021,263006021,263006021,263006021,,,,,
2026-01-07,62.74,62.74,,,178349344.99890465,11189637905.2312777410,263006021,263006021,263006021,263006021,263006021,,,,,
2026-01-08,61.09,61.09,,,178349344.99537712,10895361485.7675882608,263006021,263006021,263006021,263006021,263006021,,,,,
2026-01-09,63.67,63.67,,,178349345.00183567,11355502796.2668771089,263006021,263006021,263006021,263006021,263006021,,,,,
2026-01-12,65.67,65.67,,,178349344.99884660,11712201486.0742562220,263006021,263006021,263006021,263006021,263006021,,,,,
2026-01-13,65.37,65.37,,,178349345.00021487,11658696682.6640460519,263006021,263006021,263006021,263006021,263006021,,,,,
2026-01-14,64.57,64.57,,,178349344.99560294,11516017206.3660818358,263006021,263006021,263006021,263006021,263006021,,,,,
2026-01-15,63.81,63.81,,,178349344.99299570,11380471704.0030556170,263006021,263006021,263006021,263006021,263006021,,,,,
2026-01-16,60.07,60.07,,,178349344.99632576,10713445153.9292884032,263006021,263006021,263006021,263006021,263006021,,,,,
2026-01-20,62.12,62.12,,,178349345.00228524,11079061311.5419591088,263006021,263006021,263006021,263006021,263006021,,,,,
2026-01-21,63.87,63.87,,,178349344.99565688,11391172664.8726049256,263006021,263006021,263006021,263006021,263006021,,,,,
2026-01-22,63.14,63.14,,,178349345.00127113,11260977643.3802591482,263006021,263006021,263006021,263006021,263006021,,,,,
2026-01-23,62.21,62.21,,,178349344.99936300,11095112752.4103722300,263006021,263006021,263006021,263006021,263006021,,,,,
2026-01-26,58.55,58.55,,,178349345.00667400,10442354150.1407627000,263006021,263006021,263006021,263006021,263006021,,,,,
2026-01-27,59.66,59.66,,,178349345.00137050,10640321922.7817640300,263006021,263006021,263006021,263006021,263006021,,,,,
2026-01-28,60.01,60.01,,,178349344.99349675,10702744193.0597399675,263006021,263006021,263006021,263006021,263006021,,,,,
2026-01-29,60.64,60.64,,,178349344.99810570,10815104280.6851296480,263006021,263006021,263006021,263006021,263006021,,,,,
2026-01-30,56.81,56.81,,,178349345.00631330,10132026289.8086585730,263006021,263006021,263006021,263006021,263006021,,,,,
2026-02-02,58.21,58.21,,,178349345.00706628,10381715372.8613281588,263006021,263006021,263006021,263006021,263006021,,,,,
2026-02-03,61.35,61.35,,,178349345.00701532,10941732316.1803898820,263006021,263006021,263006021,263006021,263006021,,,,,
2026-02-04,58.16,58.16,,,178349344.99526498,10372797904.9246112368,263006021,263006021,263006021,263006021,263006021,,,,,
2026-02-05,56.38,56.38,,,178349344.99331826,10055336070.7232834988,263006021,263006021,263006021,263006021,263006021,,,,,
2026-02-06,59.16,59.16,,,178349344.99371704,10551147249.8283000864,263006021,263006021,263006021,263006021,263006021,,,,,
2026-02-09,62.36,62.36,,,178349344.99811772,11121865154.0826210192,263006021,263006021,263006021,263006021,263006021,,,,,
2026-02-10,61.76,61.76,,,178349345.00207114,11014855547.3279136064,263006021,263006021,263006021,263006021,263006021,,,,,
2026-02-11,63.15,63.15,,,178349344.99412194,11262761136.3788005110,263006021,263006021,263006021,263006021,263006021,,,,,
2026-02-12,60.51,60.51,,,178349344.99995854,10791918865.9474912554,263006021,263006021,263006021,263006021,263006021,,,,,
2026-02-13,59.95,59.95,,,178349345.00739670,10692043233.1934321650,263006021,263006021,263006021,263006021,263006021,,,,,
2026-02-17,57.47,57.47,,,178349345.00492280,10249736857.4329133160,263006021,263006021,263006021,263006021,263006021,,,,,
2026-02-18,60.21,60.21,,,178349345.00254100,10738414062.6029936100,263006021,263006021,263006021,263006021,263006021,,,,,
2026-02-19,59.69,59.69,,,178349344.99438630,10645672402.7149182470,263006021,263006021,263006021,263006021,263006021,,,,,
2026-02-20,60.49,60.49,,,178349344.99938634,10788351879.0128797066,263006021,263006021,263006021,263006021,263006021,,,,,
2026-02-23,59.81,59.81,,,178349345.00006710,10667074324.4540132510,263006021,263006021,263006021,263006021,263006021,,,,,
2026-02-24,61.41,61.41,,,178349344.99343260,10952433276.0466959660,263006021,263006021,263006021,263006021,263006021,,,,,
2026-02-25,64.90,64.90,,,178349345.00327715,11574872490.7126870350,263006021,263006021,263006021,263006021,263006021,,,,,
2026-02-26,63.47,63.47,,,178349344.99328223,11319832926.7236231381,263839742,263839742,263839742,263839742,263839742,,,,,
2026-02-27,62.08,62.08,,,178349345.00117162,11071927337.6727341696,263839742,263839742,263839742,263839742,263839742,,,,,
2026-03-02,64.08,64.08,,,178349344.99710363,11428626027.4144006104,263839742,263839742,263839742,263839742,263839742,,,,,
2026-03-03,63.84,63.84,,,178349345.00218436,11385822184.9394495424,263839742,263839742,263839742,263839742,263839742,,,,,
2026-03-04,61.55,61.55,,,178349345.00058678,10977402184.7861163090,263839742,263839742,263839742,263839742,263839742,,,,,
2026-03-05,60.38,60.38,,,178349345.00290770,10768733451.2755669260,263839742,263839742,263839742,263839742,263839742,,,,,
2026-03-06,59.65,59.65,,,178349344.99212041,10638538428.7799824565,263839742,263839742,263839742,263839742,263839742,,,,,
2026-03-09,61.16,61.16,,,178349345.00610211,10907845940.5732050476,263839742,263839742,263839742,263839742,263839742,,,,,
2026-03-10,61.31,61.31,,,178349344.99771285,10934598341.8097748335,263839742,263839742,263839742,263839742,263839742,,,,,
2026-03-11,66.36,66.36,,,178349345.00558457,11835262534.5705920652,263839742,263839742,263839742,263839742,263839742,,,,,
2026-03-12,65.93,65.93,,,178349345.00271174,11758572316.0287850182,263839742,263839742,263839742,263839742,263839742,,,,,
2026-03-13,63.59,63.59,,,178349344.99845642,11341234848.4518437478,263839742,263839742,263839742,263839742,263839742,,,,,
2026-03-16,66.60,66.60,,,178349345.00463203,11878066377.3084931980,263839742,263839742,263839742,263839742,263839742,,,,,
2026-03-17,65.42,65.42,,,178349344.99467966,11667614149.5519433572,263839742,263839742,263839742,263839742,263839742,,,,,
2026-03-18,64.23,64.23,,,178349345.00697052,11455378429.7977164996,263839742,263839742,263839742,263839742,263839742,,,,,
2026-03-19,58.65,58.65,,,178349345.00642970,10460189084.6271019050,263839742,263839742,263839742,263839742,263839742,,,,,
2026-03-20,56.45,56.45,,,178349344.99412700,10067820524.9184691500,263839742,263839742,263839742,263839742,263839742,,,,,
2026-03-23,56.08,56.08,,,178349344.99485627,10001831267.3115396216,263839742,263839742,263839742,263839742,263839742,,,,,
2026-03-24,56.68,56.68,,,178349345.00100726,10108840874.6570914968,263839742,263839742,263839742,263839742,263839742,,,,,
2026-03-25,58.70,58.70,,,178349345.00104085,10469106551.5610978950,263839742,263839742,263839742,263839742,263839742,,,,,
2026-03-26,57.60,57.60,,,178349344.99547887,10272922271.7395829120,263839742,263839742,263839742,263839742,263839742,,,,,
2026-03-27,58.41,58.41,,,178349345.00751930,10417385241.8892023130,263839742,263839742,263839742,263839742,263839742,,,,,
2026-03-30,63.22,63.22,,,178349344.99912864,11275245590.8449126208,263839742,263839742,263839742,263839742,263839742,,,,,
2026-03-31,66.33,66.33,,,178349344.99577190,11829912053.5695501270,263839742,263839742,263839742,263839742,263839742,,,,,
2026-04-01,72.06,72.06,,,178349344.99874207,12851853800.6093535642,263839742,263839742,263839742,263839742,263839742,,,,,
2026-04-02,71.53,71.53,,,178349345.00396970,12757328648.1339526410,263839742,263839742,263839742,263839742,263839742,,,,,
2026-04-06,71.01,71.01,,,178349345.00292680,12664586988.6578320680,263839742,263839742,263839742,263839742,263839742,,,,,
2026-04-07,72.96,72.96,,,178349345.00586188,13012368211.6276827648,263839742,263839742,263839742,263839742,263839742,,,,,
2026-04-08,71.76,71.76,,,178349344.99541488,12798348996.8709717888,263839742,263839742,263839742,263839742,263839742,,,,,
2026-04-09,73.27,73.27,,,178349345.00204366,13067656508.2997389682,263839742,263839742,263839742,263839742,263839742,,,,,
2026-04-10,73.03,73.03,,,178349345.00290070,13024852665.5618381210,263839742,263839742,263839742,263839742,263839742,,,,,
2026-04-13,73.31,73.31,,,178349345.00477508,13074790482.3000611148,263839742,263839742,263839742,263839742,263839742,,,,,
2026-04-14,71.84,71.84,,,178349345.00008366,12812616944.8060101344,263839742,263839742,263839742,263839742,263839742,,,,,
2026-04-15,70.38,70.38,,,178349345.00395630,12552226901.3784443940,263839742,263839742,263839742,263839742,263839742,,,,,
2026-04-16,70.41,70.41,,,178349344.99804400,12557577381.3122780400,263839742,263839742,263839742,263839742,263839742,,,,,
2026-04-17,65.62,65.62,,,178349345.00696024,11703284019.3567309488,263839742,263839742,263839742,263839742,263839742,,,,,
2026-04-20,66.53,66.53,,,178349344.99282637,11865581922.3727383961,263839742,263839742,263839742,263839742,263839742,,,,,
2026-04-21,67.15,67.15,,,178349344.99953017,11976158516.7184509155,263839742,263839742,263839742,263839742,263839742,,,,,
2026-04-22,68.53,68.53,,,178349345.00624812,12222280613.2781836636,263839742,263839742,263839742,263839742,263839742,,,,,
2026-04-23,65.37,65.37,,,178349344.99950970,11658696682.6179490890,263839742,263839742,263839742,263839742,263839742,,,,,
2026-04-24,66.01,66.01,,,178349345.00679013,11772840263.8982164813,263839742,263839742,263839742,263839742,263839742,,,,,
2026-04-27,67.36,67.36,,,178349345.00478795,12013611879.5225163120,263839742,263839742,263839742,263839742,263839742,,,,,
2026-04-28,63.17,63.17,,,178349345.00413040,11266328123.9109173680,263839742,263839742,263839742,263839742,263839742,,,,,
2026-04-29,62.46,62.46,,,178349344.99889353,11139700088.6308898838,263839742,263839742,263839742,263839742,263839742,,,,,
2026-04-30,63.79,63.79,,,178349344.99537590,11376904717.2550286610,263889875,263889875,263889875,263889875,263889875,,,,,
2026-05-01,62.63,62.63,,,178349345.00135136,11170019477.4346356768,263889875,263889875,263889875,263889875,263889875,,,,,
2026-05-04,62.46,62.46,,,178349344.99889353,11139700088.6308898838,263889875,263889875,263889875,263889875,263889875,,,,,
2026-05-05,63.06,63.06,,,178349345.00438377,11246709695.9764405362,263889875,263889875,263889875,263889875,263889875,,,,,
2026-05-06,63.26,63.26,,,178349345.00125873,11282379564.7796272598,263889875,263889875,263889875,263889875,263889875,,,,,
2026-05-07,62.64,62.64,,,178349344.99415573,11171802970.4339149272,263889875,263889875,263889875,263889875,263889875,,,,,
2026-05-08,63.18,63.18,,,178349344.99699584,11268111616.9101971712,263889875,263889875,263889875,263889875,263889875,,,,,
2026-05-11,65.34,65.34,,,178349345.00487462,11653346202.6185076708,263889875,263889875,263889875,263889875,263889875,,,,,
2026-05-12,67.62,67.62,,,178349345.00533238,12059982709.2605755356,263889875,263889875,263889875,263889875,263889875,,,,,
2026-05-13,68.44,68.44,,,178349344.99427053,12206229171.4078750732,263889875,263889875,263889875,263889875,263889875,,,,,
2026-05-14,66.02,66.02,,,178349344.99996206,11774623756.8974952012,263889875,263889875,263889875,263889875,263889875,,,,,
2026-05-15,62.53,62.53,,,178349344.99544290,11152184542.5650445370,263889875,263889875,263889875,263889875,263889875,,,,,
2026-05-18,62.59,62.59,,,178349344.99919987,11162885503.4999198633,263889875,263889875,263889875,263889875,263889875,,,,,
2026-05-19,63.93,63.93,,,178349345.00234630,11401873625.9999989590,263889875,263889875,263889875,263889875,263889875,,,,,
2026-05-20,64.14,64.14,,,178349344.99532273,11439326987.9999999022,263889875,263889875,263889875,263889875,263889875,,,,,
2026-05-21,66.27,66.27,,,178349344.99773654,11819211093.0000005058,263889875,263889875,263889875,263889875,263889875,,,,,
2026-05-22,71.38,71.38,,,178349344.99859905,12730576246.0000001890,263889875,263889875,263889875,263889875,263889875,,,,,
2026-05-26,74.57,74.57,,,178349345.00469360,13299510657.0000017520,263889875,263889875,263889875,263889875,263889875,,,,,
2026-05-27,73.15,73.15,,,178349345.00341760,13046254586.9999974400,263889875,263889875,263889875,263889875,263889875,,,,,
2026-05-28,75.58,75.58,,,178349344.99867690,13479643495.0000001020,263889875,263889875,263889875,263889875,263889875,,,,,
2026-05-29,77.64,77.64,,,178349345.00257600,13847043146.0000006400,263889875,263889875,263889875,263889875,263889875,,,,,
2026-06-01,77.76,77.76,,,178349344.99742797,13868445066.9999989472,263889875,263889875,263889875,263889875,263889875,,,,,
2026-06-02,83.79,83.79,,,178349345.00537056,14943891617.9999992224,263889875,263889875,263889875,263889875,263889875,,,,,
2026-06-03,80.86,80.86,,,178349345.00371012,14421328037.0000003032,263889875,263889875,263889875,263889875,263889875,,,,,
2026-06-04,78.02,78.02,,,178349345.00128174,13914815897.0000013548,263889875,263889875,263889875,263889875,263889875,,,,,
2026-06-05,71.89,71.89,,,178349344.99930450,12821534412.0000005050,263889875,263889875,263889875,263889875,263889875,,,,,
2026-06-08,73.44,73.44,,,178349345.00272330,13097975896.9999991520,263889875,263889875,263889875,263889875,263889875,,,,,
2026-06-09,72.41,72.41,,,178349344.99378540,12914276071.0000008140,263889875,263889875,263889875,263889875,263889875,,,,,
2026-06-10,65.55,65.55,,,178349345.00381390,11690799565.0000011450,263889875,263889875,263889875,263889875,263889875,,,,,
2026-06-11,68.98,68.98,,,178349344.99855030,12302537817.9999996940,263889875,263889875,263889875,263889875,263889875,,,,,
2026-06-12,68.77,68.77,,,178349345.00508943,12265084456.0000001011,263889875,263889875,263889875,263889875,263889875,,,,,
2026-06-15,64.16,64.16,,,178349344.99688280,11442893975.0000004480,263889875,263889875,263889875,263889875,263889875,,,,,
2026-06-16,62.87,62.87,,,178349344.99761415,11212823320.0000016105,263889875,263889875,263889875,263889875,263889875,,,,,
2026-06-17,61.73,61.73,,,178349345.00242993,11009505066.9999995789,263889875,263889875,263889875,263889875,263889875,,,,,
2026-06-18,59.37,59.37,,,178349345.00589523,10588600612.9999998051,263889875,263889875,263889875,263889875,263889875,,,,,
2026-06-22,58.35,58.35,,,178349345.00428447,10406684280.9999988245,263889875,263889875,263889875,263889875,263889875,,,,,
2026-06-23,55.08,55.08,,,178349345.00726217,9823481923.0000003236,263889875,263889875,263889875,263889875,263889875,,,,,
2026-06-24,52.30,52.30,,,178349345.00956023,9327670744.0000000290,263889875,263889875,263889875,263889875,263889875,,,,,
2026-06-25,53.08,53.08,,,178349345.00753582,9466783233.0000013256,263889875,263889875,263889875,263889875,263889875,,,,,
2026-06-26,54.10,54.10,,,178349345.00924215,9648699565.0000003150,263889875,263889875,263889875,263889875,263889875,,,,,
2026-06-29,53.47,53.47,,,178349344.99719468,9536339476.9999995396,263889875,263889875,263889875,263889875,263889875,,,,,
2026-06-30,52.14,52.14,,,178349344.99424624,9299134847.9999989536,263889875,263889875,263889875,263889875,263889875,,,,,
2026-07-01,47.48,47.48,,,263889875.00000003,12529491265.0000014244,263889875,263889875,263889875,263889875,263889875,,,,,
2026-07-02,48.68,48.68,,,263889875.00000000,12846159115.0000000000,263889875,263889875,263889875,263889875,263889875,,,,,
2026-07-06,49.87,49.87,,,263889874.99498698,13160188066.0000006926,263889875,263889875,263889875,263889875,263889875,,,,,
2026-07-07,49.01,49.01,,,263889875.00510103,12933242774.0000014803,263889875,263889875,263889875,263889875,263889875,,,,,
2026-07-08,48.51,48.51,,,263889874.99484643,12801297836.0000003193,263889875,263889875,263889875,263889875,263889875,,,,,
2026-07-09,48.72,48.72,,,263889875.00000000,12856714710.0000000000,263889875,263889875,263889875,263889875,263889875,,,,,
2026-07-10,48.68,48.68,,,263889875.00000000,12846159115.0000000000,263889875,263889875,263889875,263889875,263889875,,,,,
2026-07-13,48.72,48.72,,,263889875.00000000,12856714710.0000000000,263889875,263889875,263889875,263889875,263889875,,,,,
2026-07-14,49.06,49.06,,,263889875.01019160,12946437267.9999998960,263889875,263889875,263889875,263889875,263889875,,,,,
2026-07-15,48.58,48.58,,,263889875.01029232,12819770128.0000009056,263889875,263889875,263889875,263889875,263889875,,,,,
2026-07-16,46.85,46.85,,,263889875.00533617,12363240643.9999995645,263889875,263889875,263889875,263889875,263889875,,,,,
2026-07-17,43.98,43.98,,,263889875.01136880,11605876702.9999998240,263889875,263889875,263889875,263889875,263889875,,,,,
2026-07-20,43.48,43.48,,,263889875.00000003,11473931765.0000013044,263889875,263889875,263889875,263889875,263889875,,,,,
2026-07-21,44.35,44.35,,,263889874.99436300,11703515955.9999990500,263889875,263889875,263889875,263889875,263889875,,,,,
2026-07-22,46.17,46.17,,,263889875.00541475,12183795528.9999990075,263889875,263889875,263889875,263889875,263889875,,,,,
2026-07-23,45.27,45.27,,,263889874.99447757,11946294640.9999995939,263889875,263889875,263889875,263889875,263889875,,,,,
2026-07-24,44.24,44.24,,,263889875.00000000,11674488070.0000000000,263889875,263889875,263889875,263889875,263889875,,,,,
