"m_date","m_close","m_close_split_adjusted","s_split_date_numerator","s_split_date_denominator","m_shares_outstanding","c_market_cap","fis_weighted_average_basic_shares_outstanding","fis_weighted_average_diluted_shares_outstanding","fis_adjusted_weighted_average_basic_shares_outstanding","fis_adjusted_weighted_average_diluted_shares_outstanding","fis_adjusted_weighted_average_basic_and_diluted_shares_outstanding","c_normalized_weighted_average_basic_shares_outstanding","c_normalized_weighted_average_diluted_shares_outstanding","c_normalized_adjusted_weighted_average_basic_shares_outstanding","c_normalized_adjusted_weighted_average_diluted_shares_outstanding","c_normalized_adjusted_weighted_average_basic_and_diluted_shares_outstanding"
2006-12-29,25.5400,25.5400,,,,,,,,,,,,,,
2007-01-03,25.6100,25.6100,,,,,,,,,,,,,,
2007-01-04,26.8500,26.8500,,,,,,,,,,,,,,
2007-01-05,27.7400,27.7400,,,,,,,,,,,,,,
2007-01-08,27.9200,27.9200,,,,,,,,,,,,,,
2007-01-09,27.5800,27.5800,,,,,,,,,,,,,,
2007-01-10,28.7000,28.7000,,,,,,,,,,,,,,
2007-01-11,29.2000,29.2000,,,,,,,,,,,,,,
2007-01-12,29.4500,29.4500,,,,,,,,,,,,,,
2007-01-16,29.2900,29.2900,,,,,,,,,,,,,,
2007-01-17,29.0500,29.0500,,,,,,,,,,,,,,
2007-01-18,28.1200,28.1200,,,,,,,,,,,,,,
2007-01-19,27.6390,27.6390,,,,,,,,,,,,,,
2007-01-22,27.4200,27.4200,,,,,,,,,,,,,,
2007-01-23,26.9600,26.9600,,,,,,,,,,,,,,
2007-01-24,28.9400,28.9400,,,,,,,,,,,,,,
2007-01-25,28.2100,28.2100,,,,,,,,,,,,,,
2007-01-26,28.0400,28.0400,,,,,,,,,,,,,,
2007-01-29,27.8700,27.8700,,,,,,,,,,,,,,
2007-01-30,28.0400,28.0400,,,,,,,,,,,,,,
2007-01-31,28.3100,28.3100,,,,,,,,,,,,,,
2007-02-01,28.3500,28.3500,,,,,,,,,,,,,,
2007-02-02,28.7700,28.7700,,,,,,,,,,,,,,
2007-02-05,28.5600,28.5600,,,,,,,,,,,,,,
2007-02-06,29.3500,29.3500,,,,,,,,,,,,,,
2007-02-07,29.8900,29.8900,,,,,,,,,,,,,,
2007-02-08,30.0800,30.0800,,,,,,,,,,,,,,
2007-02-09,29.7400,29.7400,,,,,,,,,,,,,,
2007-02-12,29.1700,29.1700,,,,,,,,,,,,,,
2007-02-13,29.5600,29.5600,,,,,,,,,,,,,,
2007-02-14,30.6600,30.6600,,,,,,,,,,,,,,
2007-02-15,31.2500,31.2500,,,,,,,,,,,,,,
2007-02-16,31.9100,31.9100,,,,,,,,,,,,,,
2007-02-20,32.0100,32.0100,,,,,,,,,,,,,,
2007-02-21,31.6500,31.6500,,,,,,,,,,,,,,
2007-02-22,31.6000,31.6000,,,,,,,,,,,,,,
2007-02-23,32.1000,32.1000,,,,,,,,,,,,,,
2007-02-26,32.1200,32.1200,,,,,,,,,,,,,,
2007-02-27,30.9500,30.9500,,,,,,,,,,,,,,
2007-02-28,30.8600,30.8600,,,,,,,,,,,,,,
2007-03-01,30.8600,30.8600,,,,,,,,,,,,,,
2007-03-02,30.4200,30.4200,,,,,,,,,,,,,,
2007-03-05,30.3100,30.3100,,,,,,,,,,,,,,
2007-03-06,30.8000,30.8000,,,,,,,,,,,,,,
2007-03-07,30.3900,30.3900,,,,,,,,,,,,,,
2007-03-08,30.7100,30.7100,,,,,,,,,,,,,,
2007-03-09,29.1200,29.1200,,,,,,,,,,,,,,
2007-03-12,29.9900,29.9900,,,,,,,,,,,,,,
2007-03-13,29.5600,29.5600,,,,,,,,,,,,,,
2007-03-14,29.8600,29.8600,,,,,,,,,,,,,,
2007-03-15,30.0600,30.0600,,,,,,,,,,,,,,
2007-03-16,29.8800,29.8800,,,,,,,,,,,,,,
2007-03-19,30.0300,30.0300,,,,,,,,,,,,,,
2007-03-20,30.3300,30.3300,,,,,,,,,,,,,,
2007-03-21,31.2900,31.2900,,,,,,,,,,,,,,
2007-03-22,31.2600,31.2600,,,,,,,,,,,,,,
2007-03-23,31.3600,31.3600,,,,,,,,,,,,,,
2007-03-26,31.6600,31.6600,,,,,,,,,,,,,,
2007-03-27,31.5500,31.5500,,,,,,,,,,,,,,
2007-03-28,31.4100,31.4100,,,,,,,,,,,,,,
2007-03-29,31.3400,31.3400,,,,,,,,,,,,,,
2007-03-30,31.2900,31.2900,,,,,,,,,,,,,,
2007-04-02,31.2800,31.2800,,,,,,,,,,,,,,
2007-04-03,31.7200,31.7200,,,,,,,,,,,,,,
2007-04-04,31.6200,31.6200,,,,,,,,,,,,,,
2007-04-05,31.9500,31.9500,,,,,,,,,,,,,,
2007-04-09,31.6400,31.6400,,,,,,,,,,,,,,
2007-04-10,31.6900,31.6900,,,,,,,,,,,,,,
2007-04-11,31.1700,31.1700,,,,,,,,,,,,,,
2007-04-12,31.2100,31.2100,,,,,,,,,,,,,,
2007-04-13,31.4100,31.4100,,,,,,,,,,,,,,
2007-04-16,31.6100,31.6100,,,,,,,,,,,,,,
2007-04-17,32.0900,32.0900,,,,,,,,,,,,,,
2007-04-18,28.3100,28.3100,,,,,,,,,,,,,,
2007-04-19,27.5100,27.5100,,,,,,,,,,,,,,
2007-04-20,27.4600,27.4600,,,,,,,,,,,,,,
2007-04-23,27.8800,27.8800,,,,,,,,,,,,,,
2007-04-24,28.0200,28.0200,,,,,,,,,,,,,,
2007-04-25,28.0600,28.0600,,,,,,,,,,,,,,
2007-04-26,28.4890,28.4890,,,,,,,,,,,,,,
2007-04-27,28.3430,28.3430,,,,,,,,,,,,,,
2007-04-30,28.0400,28.0400,,,,,,,,,,,,,,
2007-05-01,27.6050,27.6050,,,,,,,,,,,,,,
2007-05-02,28.1200,28.1200,,,,,,,,,,,,,,
2007-05-03,28.1800,28.1800,,,,,,,,,,,,,,
2007-05-04,30.9800,30.9800,,,,,,,,,,,,,,
2007-05-07,30.3800,30.3800,,,,,,,,,,,,,,
2007-05-08,30.4100,30.4100,,,,,,,,,,,,,,
2007-05-09,30.2200,30.2200,,,,,,,,,,,,,,
2007-05-10,29.7000,29.7000,,,,,,,,,,,,,,
2007-05-11,30.0500,30.0500,,,,,,,,,,,,,,
2007-05-14,29.3100,29.3100,,,,,,,,,,,,,,
2007-05-15,28.8100,28.8100,,,,,,,,,,,,,,
2007-05-16,29.2100,29.2100,,,,,,,,,,,,,,
2007-05-17,28.5700,28.5700,,,,,,,,,,,,,,
2007-05-18,29.7500,29.7500,,,,,,,,,,,,,,
2007-05-21,29.3500,29.3500,,,,,,,,,,,,,,
2007-05-22,28.9200,28.9200,,,,,,,,,,,,,,
2007-05-23,28.6100,28.6100,,,,,,,,,,,,,,
2007-05-24,28.4100,28.4100,,,,,,,,,,,,,,
2007-05-25,28.5800,28.5800,,,,,,,,,,,,,,
2007-05-29,28.4000,28.4000,,,,,,,,,,,,,,
2007-05-30,28.3800,28.3800,,,,,,,,,,,,,,
2007-05-31,28.7000,28.7000,,,,,,,,,,,,,,
2007-06-01,28.7800,28.7800,,,,,,,,,,,,,,
2007-06-04,28.5900,28.5900,,,,,,,,,,,,,,
2007-06-05,28.2300,28.2300,,,,,,,,,,,,,,
2007-06-06,27.4400,27.4400,,,,,,,,,,,,,,
2007-06-07,26.9800,26.9800,,,,,,,,,,,,,,
2007-06-08,27.3900,27.3900,,,,,,,,,,,,,,
2007-06-11,27.3500,27.3500,,,,,,,,,,,,,,
2007-06-12,27.0500,27.0500,,,,,,,,,,,,,,
2007-06-13,27.3800,27.3800,,,,,,,,,,,,,,
2007-06-14,27.3000,27.3000,,,,,,,,,,,,,,
2007-06-15,27.3100,27.3100,,,,,,,,,,,,,,
2007-06-18,28.1200,28.1200,,,,,,,,,,,,,,
2007-06-19,27.6300,27.6300,,,,,,,,,,,,,,
2007-06-20,27.6600,27.6600,,,,,,,,,,,,,,
2007-06-21,27.6700,27.6700,,,,,,,,,,,,,,
2007-06-22,27.3800,27.3800,,,,,,,,,,,,,,
2007-06-25,27.6400,27.6400,,,,,,,,,,,,,,
2007-06-26,27.7100,27.7100,,,,,,,,,,,,,,
2007-06-27,27.5800,27.5800,,,,,,,,,,,,,,
2007-06-28,27.2500,27.2500,,,,,,,,,,,,,,
2007-06-29,27.1300,27.1300,,,,,,,,,,,,,,
2007-07-02,26.8600,26.8600,,,,,,,,,,,,,,
2007-07-03,27.0000,27.0000,,,,,,,,,,,,,,
2007-07-05,26.9900,26.9900,,,,,,,,,,,,,,
2007-07-06,27.1000,27.1000,,,,,,,,,,,,,,
2007-07-09,27.2000,27.2000,,,,,,,,,,,,,,
2007-07-10,26.9700,26.9700,,,,,,,,,,,,,,
2007-07-11,26.6900,26.6900,,,,,,,,,,,,,,
2007-07-12,26.9600,26.9600,,,,,,,,,,,,,,
2007-07-13,26.5800,26.5800,,,,,,,,,,,,,,
2007-07-16,26.7000,26.7000,,,,,,,,,,,,,,
2007-07-17,27.5275,27.5275,,,,,,,,,,,,,,
2007-07-18,26.2000,26.2000,,,,,,,,,,,,,,
2007-07-19,26.0300,26.0300,,,,,,,,,,,,,,
2007-07-20,25.3500,25.3500,,,,,,,,,,,,,,
2007-07-23,24.9900,24.9900,,,,,,,,,,,,,,
2007-07-24,24.8400,24.8400,,,,,,,,,,,,,,
2007-07-25,24.6753,24.6753,,,,,,,,,,,,,,
2007-07-26,24.0300,24.0300,,,,,,,,,,,,,,
2007-07-27,23.4899,23.4899,,,,,,,,,,,,,,
2007-07-30,23.6200,23.6200,,,,,,,,,,,,,,
2007-07-31,23.2500,23.2500,,,,,,,,,,,,,,
2007-08-01,23.2500,23.2500,,,,,,,,,,,,,,
2007-08-02,23.3600,23.3600,,,,,,,,,,,,,,
2007-08-03,22.9200,22.9200,,,,,,,,,,,,,,
2007-08-06,22.9700,22.9700,,,,,,,,,,,,,,
2007-08-07,23.4399,23.4399,,,,,,,,,,,,,,
2007-08-08,23.8700,23.8700,,,,,,,,,,,,,,
2007-08-09,23.8000,23.8000,,,,,,,,,,,,,,
2007-08-10,23.9400,23.9400,,,,,,,,,,,,,,
2007-08-13,24.5700,24.5700,,,,,,,,,,,,,,
2007-08-14,23.7200,23.7200,,,,,,,,,,,,,,
2007-08-15,23.3200,23.3200,,,,,,,,,,,,,,
2007-08-16,22.7600,22.7600,,,,,,,,,,,,,,
2007-08-17,23.5400,23.5400,,,,,,,,,,,,,,
2007-08-20,23.3400,23.3400,,,,,,,,,,,,,,
2007-08-21,23.0400,23.0400,,,,,,,,,,,,,,
2007-08-22,23.2300,23.2300,,,,,,,,,,,,,,
2007-08-23,23.1300,23.1300,,,,,,,,,,,,,,
2007-08-24,23.5900,23.5900,,,,,,,,,,,,,,
2007-08-27,23.0300,23.0300,,,,,,,,,,,,,,
2007-08-28,22.5200,22.5200,,,,,,,,,,,,,,
2007-08-29,22.5500,22.5500,,,,,,,,,,,,,,
2007-08-30,22.6100,22.6100,,,,,,,,,,,,,,
2007-08-31,22.7300,22.7300,,,,,,,,,,,,,,
2007-09-04,23.9700,23.9700,,,,,,,,,,,,,,
2007-09-05,24.1000,24.1000,,,,,,,,,,,,,,
2007-09-06,24.1500,24.1500,,,,,,,,,,,,,,
2007-09-07,23.7600,23.7600,,,,,,,,,,,,,,
2007-09-10,23.3000,23.3000,,,,,,,,,,,,,,
2007-09-11,23.7100,23.7100,,,,,,,,,,,,,,
2007-09-12,23.5600,23.5600,,,,,,,,,,,,,,
2007-09-13,23.7200,23.7200,,,,,,,,,,,,,,
2007-09-14,24.7300,24.7300,,,,,,,,,,,,,,
2007-09-17,24.9500,24.9500,,,,,,,,,,,,,,
2007-09-18,25.0600,25.0600,,,,,,,,,,,,,,
2007-09-19,25.2900,25.2900,,,,,,,,,,,,,,
2007-09-20,25.2900,25.2900,,,,,,,,,,,,,,
2007-09-21,26.0499,26.0499,,,,,,,,,,,,,,
2007-09-24,25.7300,25.7300,,,,,,,,,,,,,,
2007-09-25,26.5099,26.5099,,,,,,,,,,,,,,
2007-09-26,26.7000,26.7000,,,,,,,,,,,,,,
2007-09-27,26.2700,26.2700,,,,,,,,,,,,,,
2007-09-28,26.8425,26.8425,,,,,,,,,,,,,,
2007-10-01,27.0399,27.0399,,,,,,,,,,,,,,
2007-10-02,26.9475,26.9475,,,,,,,,,,,,,,
2007-10-03,27.1675,27.1675,,,,,,,,,,,,,,
2007-10-04,27.1500,27.1500,,,,,,,,,,,,,,
2007-10-05,27.8801,27.8801,,,,,,,,,,,,,,
2007-10-08,28.0500,28.0500,,,,,,,,,,,,,,
2007-10-09,28.3699,28.3699,,,,,,,,,,,,,,
2007-10-10,28.3600,28.3600,,,,,,,,,,,,,,
2007-10-11,27.6500,27.6500,,,,,,,,,,,,,,
2007-10-12,28.4800,28.4800,,,,,,,,,,,,,,
2007-10-15,27.8600,27.8600,,,,,,,,,,,,,,
2007-10-16,26.6900,26.6900,,,,,,,,,,,,,,
2007-10-17,28.8200,28.8200,,,,,,,,,,,,,,
2007-10-18,29.3500,29.3500,,,,,,,,,,,,,,
2007-10-19,29.0300,29.0300,,,,,,,,,,,,,,
2007-10-22,29.8500,29.8500,,,,,,,,,,,,,,
2007-10-23,30.6400,30.6400,,,,,,,,,,,,,,
2007-10-24,30.6800,30.6800,,,,,,,,,,,,,,
2007-10-25,31.3400,31.3400,,,,,,,,,,,,,,
2007-10-26,33.6300,33.6300,,,,,,,,,,,,,,
2007-10-29,31.7900,31.7900,,,,,,,,,,,,,,
2007-10-30,30.8300,30.8300,,,,,,,,,,,,,,
2007-10-31,31.1000,31.1000,,,,,,,,,,,,,,
2007-11-01,30.2200,30.2200,,,,,,,,,,,,,,
2007-11-02,31.1100,31.1100,,,,,,,,,,,,,,
2007-11-05,31.3600,31.3600,,,,,,,,,,,,,,
2007-11-06,29.9300,29.9300,,,,,,,,,,,,,,
2007-11-07,27.6288,27.6288,,,,,,,,,,,,,,
2007-11-08,26.6960,26.6960,,,,,,,,,,,,,,
2007-11-09,25.7900,25.7900,,,,,,,,,,,,,,
2007-11-12,24.7800,24.7800,,,,,,,,,,,,,,
2007-11-13,26.1000,26.1000,,,,,,,,,,,,,,
2007-11-14,25.0700,25.0700,,,,,,,,,,,,,,
2007-11-15,25.4200,25.4200,,,,,,,,,,,,,,
2007-11-16,26.8200,26.8200,,,,,,,,,,,,,,
2007-11-19,26.7600,26.7600,,,,,,,,,,,,,,
2007-11-20,26.7200,26.7200,,,,,,,,,,,,,,
2007-11-21,25.7100,25.7100,,,,,,,,,,,,,,
2007-11-22,25.7100,25.7100,,,,,,,,,,,,,,
2007-11-23,26.1300,26.1300,,,,,,,,,,,,,,
2007-11-26,25.2200,25.2200,,,,,,,,,,,,,,
2007-11-27,25.5900,25.5900,,,,,,,,,,,,,,
2007-11-28,26.2000,26.2000,,,,,,,,,,,,,,
2007-11-29,26.6300,26.6300,,,,,,,,,,,,,,
2007-11-30,26.8100,26.8100,,,,,,,,,,,,,,
2007-12-03,26.6100,26.6100,,,,,,,,,,,,,,
2007-12-04,26.4200,26.4200,,,,,,,,,,,,,,
2007-12-05,25.9800,25.9800,,,,,,,,,,,,,,
2007-12-06,25.9600,25.9600,,,,,,,,,,,,,,
2007-12-07,25.9600,25.9600,,,,,,,,,,,,,,
2007-12-10,25.2000,25.2000,,,,,,,,,,,,,,
2007-12-11,24.4700,24.4700,,,,,,,,,,,,,,
2007-12-12,24.5400,24.5400,,,,,,,,,,,,,,
2007-12-13,24.3800,24.3800,,,,,,,,,,,,,,
2007-12-14,24.0600,24.0600,,,,,,,,,,,,,,
2007-12-17,23.0400,23.0400,,,,,,,,,,,,,,
2007-12-18,23.0200,23.0200,,,,,,,,,,,,,,
2007-12-19,23.3100,23.3100,,,,,,,,,,,,,,
2007-12-20,23.6400,23.6400,,,,,,,,,,,,,,
2007-12-21,24.0100,24.0100,,,,,,,,,,,,,,
2007-12-24,24.0500,24.0500,,,,,,,,,,,,,,
2007-12-26,23.9600,23.9600,,,,,,,,,,,,,,
2007-12-27,23.7100,23.7100,,,,,,,,,,,,,,
2007-12-28,23.4500,23.4500,,,,,,,,,,,,,,
2007-12-31,23.2600,23.2600,,,,,,,,,,,,,,
2008-01-02,23.7200,23.7200,,,,,,,,,,,,,,
2008-01-03,23.8400,23.8400,,,,,,,,,,,,,,
2008-01-04,23.1600,23.1600,,,,,,,,,,,,,,
2008-01-07,23.1800,23.1800,,,,,,,,,,,,,,
2008-01-08,22.6100,22.6100,,,,,,,,,,,,,,
2008-01-09,22.5600,22.5600,,,,,,,,,,,,,,
2008-01-10,24.0900,24.0900,,,,,,,,,,,,,,
2008-01-11,23.3600,23.3600,,,,,,,,,,,,,,
2008-01-14,23.7000,23.7000,,,,,,,,,,,,,,
2008-01-15,22.9100,22.9100,,,,,,,,,,,,,,
2008-01-16,21.9500,21.9500,,,,,,,,,,,,,,
2008-01-17,21.2200,21.2200,,,,,,,,,,,,,,
2008-01-18,20.7800,20.7800,,,,,,,,,,,,,,
2008-01-22,19.9200,19.9200,,,,,,,,,,,,,,
2008-01-23,20.0100,20.0100,,,,,,,,,,,,,,
2008-01-24,21.6900,21.6900,,,,,,,,,,,,,,
2008-01-25,21.9400,21.9400,,,,,,,,,,,,,,
2008-01-28,20.7800,20.7800,,,,,,,,,,,,,,
2008-01-29,20.8100,20.8100,,,,,,,,,,,,,,
2008-01-30,19.0500,19.0500,,,,,,,,,,,,,,
2008-01-31,19.1800,19.1800,,,,,,,,,,,,,,
2008-02-01,28.3800,28.3800,,,,,,,,,,,,,,
2008-02-04,29.3300,29.3300,,,,,,,,,,,,,,
2008-02-05,28.9800,28.9800,,,,,,,,,,,,,,
2008-02-06,28.5700,28.5700,,,,,,,,,,,,,,
2008-02-07,29.0400,29.0400,,,,,,,,,,,,,,
2008-02-08,29.2000,29.2000,,,,,,,,,,,,,,
2008-02-11,29.8700,29.8700,,,,,,,,,,,,,,
2008-02-12,29.5700,29.5700,,,,,,,,,,,,,,
2008-02-13,29.8800,29.8800,,,,,,,,,,,,,,
2008-02-14,29.9800,29.9800,,,,,,,,,,,,,,
2008-02-15,29.6600,29.6600,,,,,,,,,,,,,,
2008-02-19,29.0100,29.0100,,,,,,,,,,,,,,
2008-02-20,28.8300,28.8300,,,,,,,,,,,,,,
2008-02-21,28.4200,28.4200,,,,,,,,,,,,,,
2008-02-22,28.4200,28.4200,,,,,,,,,,,,,,
2008-02-25,28.4200,28.4200,,,,,,,,,,,,,,
2008-02-26,28.2200,28.2200,,,,,,,,,,,,,,
2008-02-27,28.3700,28.3700,,,,,,,,,,,,,,
2008-02-28,28.1500,28.1500,,,,,,,,,,,,,,
2008-02-29,27.7800,27.7800,,,,,,,,,,,,,,
2008-03-03,27.7700,27.7700,,,,,,,,,,,,,,
2008-03-04,28.0600,28.0600,,,,,,,,,,,,,,
2008-03-05,28.6740,28.6740,,,,,,,,,,,,,,
2008-03-06,28.7000,28.7000,,,,,,,,,,,,,,
2008-03-07,29.0300,29.0300,,,,,,,,,,,,,,
2008-03-10,28.5100,28.5100,,,,,,,,,,,,,,
2008-03-11,29.0000,29.0000,,,,,,,,,,,,,,
2008-03-12,28.4500,28.4500,,,,,,,,,,,,,,
2008-03-13,27.5000,27.5000,,,,,,,,,,,,,,
2008-03-14,26.7100,26.7100,,,,,,,,,,,,,,
2008-03-17,25.8500,25.8500,,,,,,,,,,,,,,
2008-03-18,27.6600,27.6600,,,,,,,,,,,,,,
2008-03-19,27.0700,27.0700,,,,,,,,,,,,,,
2008-03-20,27.6600,27.6600,,,,,,,,,,,,,,
2008-03-24,27.5200,27.5200,,,,,,,,,,,,,,
2008-03-25,28.7300,28.7300,,,,,,,,,,,,,,
2008-03-26,28.4900,28.4900,,,,,,,,,,,,,,
2008-03-27,28.0900,28.0900,,,,,,,,,,,,,,
2008-03-28,28.9900,28.9900,,,,,,,,,,,,,,
2008-03-31,28.9300,28.9300,,,,,,,,,,,,,,
2008-04-01,28.5000,28.5000,,,,,,,,,,,,,,
2008-04-02,27.8200,27.8200,,,,,,,,,,,,,,
2008-04-03,28.1300,28.1300,,,,,,,,,,,,,,
2008-04-04,28.3600,28.3600,,,,,,,,,,,,,,
2008-04-07,27.7000,27.7000,,,,,,,,,,,,,,
2008-04-08,27.7000,27.7000,,,,,,,,,,,,,,
2008-04-09,27.7700,27.7700,,,,,,,,,,,,,,
2008-04-10,28.5900,28.5900,,,,,,,,,,,,,,
2008-04-11,28.3400,28.3400,,,,,,,,,,,,,,
2008-04-14,27.8000,27.8000,,,,,,,,,,,,,,
2008-04-15,28.1700,28.1700,,,,,,,,,,,,,,
2008-04-16,28.3100,28.3100,,,,,,,,,,,,,,
2008-04-17,28.0300,28.0300,,,,,,,,,,,,,,
2008-04-18,28.4300,28.4300,,,,,,,,,,,,,,
2008-04-21,28.5500,28.5500,,,,,,,,,,,,,,
2008-04-22,28.5400,28.5400,,,,,,,,,,,,,,
2008-04-23,28.0800,28.0800,,,,,,,,,,,,,,
2008-04-24,27.3000,27.3000,,,,,,,,,,,,,,
2008-04-25,26.8000,26.8000,,,,,,,,,,,,,,
2008-04-28,26.4300,26.4300,,,,,,,,,,,,,,
2008-04-29,27.3600,27.3600,,,,,,,,,,,,,,
2008-04-30,27.4100,27.4100,,,,,,,,,,,,,,
2008-05-01,26.8148,26.8148,,,,,,,,,,,,,,
2008-05-02,28.6700,28.6700,,,,,,,,,,,,,,
2008-05-05,24.3700,24.3700,,,,,,,,,,,,,,
2008-05-06,25.7200,25.7200,,,,,,,,,,,,,,
2008-05-07,25.6400,25.6400,,,,,,,,,,,,,,
2008-05-08,26.2200,26.2200,,,,,,,,,,,,,,
2008-05-09,25.9300,25.9300,,,,,,,,,,,,,,
2008-05-12,25.2600,25.2600,,,,,,,,,,,,,,
2008-05-13,26.5600,26.5600,,,,,,,,,,,,,,
2008-05-14,27.1400,27.1400,,,,,,,,,,,,,,
2008-05-15,27.7500,27.7500,,,,,,,,,,,,,,
2008-05-16,27.6601,27.6601,,,,,,,,,,,,,,
2008-05-19,27.6800,27.6800,,,,,,,,,,,,,,
2008-05-20,27.4800,27.4800,,,,,,,,,,,,,,
2008-05-21,27.3300,27.3300,,,,,,,,,,,,,,
2008-05-22,27.5300,27.5300,,,,,,,,,,,,,,
2008-05-23,27.7200,27.7200,,,,,,,,,,,,,,
2008-05-27,27.0000,27.0000,,,,,,,,,,,,,,
2008-05-28,27.1600,27.1600,,,,,,,,,,,,,,
2008-05-29,27.0700,27.0700,,,,,,,,,,,,,,
2008-05-30,26.7600,26.7600,,,,,,,,,,,,,,
2008-06-02,26.4000,26.4000,,,,,,,,,,,,,,
2008-06-03,26.1500,26.1500,,,,,,,,,,,,,,
2008-06-04,26.8500,26.8500,,,,,,,,,,,,,,
2008-06-05,26.3600,26.3600,,,,,,,,,,,,,,
2008-06-06,26.4400,26.4400,,,,,,,,,,,,,,
2008-06-09,26.5800,26.5800,,,,,,,,,,,,,,
2008-06-10,26.4000,26.4000,,,,,,,,,,,,,,
2008-06-11,26.1500,26.1500,,,,,,,,,,,,,,
2008-06-12,23.5200,23.5200,,,,,,,,,,,,,,
2008-06-13,23.4700,23.4700,,,,,,,,,,,,,,
2008-06-16,23.5400,23.5400,,,,,,,,,,,,,,
2008-06-17,23.2500,23.2500,,,,,,,,,,,,,,
2008-06-18,22.9100,22.9100,,,,,,,,,,,,,,
2008-06-19,22.7300,22.7300,,,,,,,,,,,,,,
2008-06-20,21.9900,21.9900,,,,,,,,,,,,,,
2008-06-23,21.4500,21.4500,,,,,,,,,,,,,,
2008-06-24,22.0400,22.0400,,,,,,,,,,,,,,
2008-06-25,22.0100,22.0100,,,,,,,,,,,,,,
2008-06-26,21.3700,21.3700,,,,,,,,,,,,,,
2008-06-27,21.3300,21.3300,,,,,,,,,,,,,,
2008-06-30,20.6600,20.6600,,,,,,,,,,,,,,
2008-07-01,20.2000,20.2000,,,,,,,,,,,,,,
2008-07-02,20.8800,20.8800,,,,,,,,,,,,,,
2008-07-03,21.3500,21.3500,,,,,,,,,,,,,,
2008-07-07,23.9100,23.9100,,,,,,,,,,,,,,
2008-07-08,24.6400,24.6400,,,,,,,,,,,,,,
2008-07-09,23.8200,23.8200,,,,,,,,,,,,,,
2008-07-10,23.5000,23.5000,,,,,,,,,,,,,,
2008-07-11,23.5700,23.5700,,,,,,,,,,,,,,
2008-07-14,22.5700,22.5700,,,,,,,,,,,,,,
2008-07-15,21.5400,21.5400,,,,,,,,,,,,,,
2008-07-16,22.4800,22.4800,,,,,,,,,,,,,,
2008-07-17,22.4400,22.4400,,,,,,,,,,,,,,
2008-07-18,22.4500,22.4500,,,,,,,,,,,,,,
2008-07-21,21.6700,21.6700,,,,,,,,,,,,,,
2008-07-22,21.4000,21.4000,,,,,,,,,,,,,,
2008-07-23,20.3900,20.3900,,,,,,,,,,,,,,
2008-07-24,20.5300,20.5300,,,,,,,,,,,,,,
2008-07-25,21.1300,21.1300,,,,,,,,,,,,,,
2008-07-28,20.1200,20.1200,,,,,,,,,,,,,,
2008-07-29,20.1500,20.1500,,,,,,,,,,,,,,
2008-07-30,20.0300,20.0300,,,,,,,,,,,,,,
2008-07-31,19.8900,19.8900,,,,,,,,,,,,,,
2008-08-01,19.8000,19.8000,,,,,,,,,,,,,,
2008-08-04,19.3800,19.3800,,,,,,,,,,,,,,
2008-08-05,19.8200,19.8200,,,,,,,,,,,,,,
2008-08-06,20.0000,20.0000,,,,,,,,,,,,,,
2008-08-07,20.1900,20.1900,,,,,,,,,,,,,,
2008-08-08,19.9000,19.9000,,,,,,,,,,,,,,
2008-08-11,20.2600,20.2600,,,,,,,,,,,,,,
2008-08-12,20.4300,20.4300,,,,,,,,,,,,,,
2008-08-13,20.3600,20.3600,,,,,,,,,,,,,,
2008-08-14,20.2800,20.2800,,,,,,,,,,,,,,
2008-08-15,20.4400,20.4400,,,,,,,,,,,,,,
2008-08-18,19.7300,19.7300,,,,,,,,,,,,,,
2008-08-19,19.4200,19.4200,,,,,,,,,,,,,,
2008-08-20,19.1700,19.1700,,,,,,,,,,,,,,
2008-08-21,19.1100,19.1100,,,,,,,,,,,,,,
2008-08-22,19.5300,19.5300,,,,,,,,,,,,,,
2008-08-25,19.0900,19.0900,,,,,,,,,,,,,,
2008-08-26,19.0900,19.0900,,,,,,,,,,,,,,
2008-08-27,19.3700,19.3700,,,,,,,,,,,,,,
2008-08-28,19.6500,19.6500,,,,,,,,,,,,,,
2008-08-29,19.3800,19.3800,,,,,,,,,,,,,,
2008-09-02,18.7500,18.7500,,,,,,,,,,,,,,
2008-09-03,18.7600,18.7600,,,,,,,,,,,,,,
2008-09-04,17.7500,17.7500,,,,,,,,,,,,,,
2008-09-05,18.0800,18.0800,,,,,,,,,,,,,,
2008-09-08,18.2600,18.2600,,,,,,,,,,,,,,
2008-09-09,17.5800,17.5800,,,,,,,,,,,,,,
2008-09-10,17.7000,17.7000,,,,,,,,,,,,,,
2008-09-11,18.5500,18.5500,,,,,,,,,,,,,,
2008-09-12,19.0800,19.0800,,,,,,,,,,,,,,
2008-09-15,18.8500,18.8500,,,,,,,,,,,,,,
2008-09-16,19.2600,19.2600,,,,,,,,,,,,,,
2008-09-17,18.8200,18.8200,,,,,,,,,,,,,,
2008-09-18,20.8200,20.8200,,,,,,,,,,,,,,
2008-09-19,19.8900,19.8900,,,,,,,,,,,,,,
2008-09-22,18.6800,18.6800,,,,,,,,,,,,,,
2008-09-23,18.9300,18.9300,,,,,,,,,,,,,,
2008-09-24,19.1500,19.1500,,,,,,,,,,,,,,
2008-09-25,19.2000,19.2000,,,,,,,,,,,,,,
2008-09-26,18.9200,18.9200,,,,,,,,,,,,,,
2008-09-29,16.8800,16.8800,,,,,,,,,,,,,,
2008-09-30,17.3000,17.3000,,,,,,,,,,,,,,
2008-10-01,16.9600,16.9600,,,,,,,,,,,,,,
2008-10-02,15.5800,15.5800,,,,,,,,,,,,,,
2008-10-03,16.0000,16.0000,,,,,,,,,,,,,,
2008-10-06,15.3100,15.3100,,,,,,,,,,,,,,
2008-10-07,14.5800,14.5800,,,,,,,,,,,,,,
2008-10-08,13.7600,13.7600,,,,,,,,,,,,,,
2008-10-09,12.6500,12.6500,,,,,,,,,,,,,,
2008-10-10,12.2900,12.2900,,,,,,,,,,,,,,
2008-10-13,13.4900,13.4900,,,,,,,,,,,,,,
2008-10-14,12.6500,12.6500,,,,,,,,,,,,,,
2008-10-15,11.7500,11.7500,,,,,,,,,,,,,,
2008-10-16,12.9900,12.9900,,,,,,,,,,,,,,
2008-10-17,12.9000,12.9000,,,,,,,,,,,,,,
2008-10-20,12.8600,12.8600,,,,,,,,,,,,,,
2008-10-21,12.0700,12.0700,,,,,,,,,,,,,,
2008-10-22,12.3900,12.3900,,,,,,,,,,,,,,
2008-10-23,12.6500,12.6500,,,,,,,,,,,,,,
2008-10-24,12.1000,12.1000,,,,,,,,,,,,,,
2008-10-27,11.5800,11.5800,,,,,,,,,,,,,,
2008-10-28,12.3600,12.3600,,,,,,,,,,,,,,
2008-10-29,12.1400,12.1400,,,,,,,,,,,,,,
2008-10-30,12.9300,12.9300,,,,,,,,,,,,,,
2008-10-31,12.8200,12.8200,,,,,,,,,,,,,,
2008-11-03,12.7500,12.7500,,,,,,,,,,,,,,
2008-11-04,13.3500,13.3500,,,,,,,,,,,,,,
2008-11-05,13.9200,13.9200,,,,,,,,,,,,,,
2008-11-06,13.9600,13.9600,,,,,,,,,,,,,,
2008-11-07,12.2000,12.2000,,,,,,,,,,,,,,
2008-11-10,11.8700,11.8700,,,,,,,,,,,,,,
2008-11-11,11.3500,11.3500,,,,,,,,,,,,,,
2008-11-12,10.3400,10.3400,,,,,,,,,,,,,,
2008-11-13,11.1500,11.1500,,,,,,,,,,,,,,
2008-11-14,10.8200,10.8200,,,,,,,,,,,,,,
2008-11-17,10.6300,10.6300,,,,,,,,,,,,,,
2008-11-18,11.5500,11.5500,,,,,,,,,,,,,,
2008-11-19,9.1400,9.1400,,,,,,,,,,,,,,
2008-11-20,8.9500,8.9500,,,,,,,,,,,,,,
2008-11-21,9.3900,9.3900,,,,,,,,,,,,,,
2008-11-24,10.2100,10.2100,,,,,,,,,,,,,,
2008-11-25,10.0700,10.0700,,,,,,,,,,,,,,
2008-11-26,10.5800,10.5800,,,,,,,,,,,,,,
2008-11-28,11.5100,11.5100,,,,,,,,,,,,,,
2008-12-01,10.7400,10.7400,,,,,,,,,,,,,,
2008-12-02,11.5000,11.5000,,,,,,,,,,,,,,
2008-12-03,11.5000,11.5000,,,,,,,,,,,,,,
2008-12-04,11.0500,11.0500,,,,,,,,,,,,,,
2008-12-05,11.6600,11.6600,,,,,,,,,,,,,,
2008-12-08,12.2000,12.2000,,,,,,,,,,,,,,
2008-12-09,12.1900,12.1900,,,,,,,,,,,,,,
2008-12-10,13.4000,13.4000,,,,,,,,,,,,,,
2008-12-11,12.7300,12.7300,,,,,,,,,,,,,,
2008-12-12,13.1500,13.1500,,,,,,,,,,,,,,
2008-12-15,12.7300,12.7300,,,,,,,,,,,,,,
2008-12-16,13.3600,13.3600,,,,,,,,,,,,,,
2008-12-17,13.1100,13.1100,,,,,,,,,,,,,,
2008-12-18,12.7200,12.7200,,,,,,,,,,,,,,
2008-12-19,13.0300,13.0300,,,,,,,,,,,,,,
2008-12-22,12.3500,12.3500,,,,,,,,,,,,,,
2008-12-23,12.4200,12.4200,,,,,,,,,,,,,,
2008-12-24,12.3200,12.3200,,,,,,,,,,,,,,
2008-12-26,12.3400,12.3400,,,,,,,,,,,,,,
2008-12-29,11.8800,11.8800,,,,,,,,,,,,,,
2008-12-30,11.9700,11.9700,,,,,,,,,,,,,,
2008-12-31,12.2000,12.2000,,,,,,,,,,,,,,
2009-01-02,12.8500,12.8500,,,,,,,,,,,,,,
2009-01-05,12.8600,12.8600,,,,,,,,,,,,,,
2009-01-06,13.0000,13.0000,,,,,,,,,,,,,,
2009-01-07,12.7100,12.7100,,,,,,,,,,,,,,
2009-01-08,13.0700,13.0700,,,,,,,,,,,,,,
2009-01-09,13.1300,13.1300,,,,,,,,,,,,,,
2009-01-12,12.2200,12.2200,,,,,,,,,,,,,,
2009-01-13,12.1000,12.1000,,,,,,,,,,,,,,
2009-01-14,12.4100,12.4100,,,,,,,,,,,,,,
2009-01-15,11.6100,11.6100,,,,,,,,,,,,,,
2009-01-16,11.5900,11.5900,,,,,,,,,,,,,,
2009-01-19,11.5900,11.5900,,,,,,,,,,,,,,
2009-01-20,11.0100,11.0100,,,,,,,,,,,,,,
2009-01-21,11.5900,11.5900,,,,,,,,,,,,,,
2009-01-22,11.2800,11.2800,,,,,,,,,,,,,,
2009-01-23,11.3200,11.3200,,,,,,,,,,,,,,
2009-01-26,11.1700,11.1700,,,,,,,,,,,,,,
2009-01-27,11.3400,11.3400,,,,,,,,,,,,,,
2009-01-28,12.2400,12.2400,,,,,,,,,,,,,,
2009-01-29,11.7400,11.7400,,,,,,,,,,,,,,
2009-01-30,11.7300,11.7300,,,,,,,,,,,,,,
2009-02-02,12.1500,12.1500,,,,,,,,,,,,,,
2009-02-03,12.6800,12.6800,,,,,,,,,,,,,,
2009-02-04,13.0000,13.0000,,,,,,,,,,,,,,
2009-02-05,13.5100,13.5100,,,,,,,,,,,,,,
2009-02-06,13.6300,13.6300,,,,,,,,,,,,,,
2009-02-09,13.9000,13.9000,,,,,,,,,,,,,,
2009-02-10,12.7500,12.7500,,,,,,,,,,,,,,
2009-02-11,12.6300,12.6300,,,,,,,,,,,,,,
2009-02-12,12.6600,12.6600,,,,,,,,,,,,,,
2009-02-13,12.8400,12.8400,,,,,,,,,,,,,,
2009-02-17,12.0200,12.0200,,,,,,,,,,,,,,
2009-02-18,12.2200,12.2200,,,,,,,,,,,,,,
2009-02-19,11.9800,11.9800,,,,,,,,,,,,,,
2009-02-20,12.1400,12.1400,,,,,,,,,,,,,,
2009-02-23,11.9700,11.9700,,,,,,,,,,,,,,
2009-02-24,12.7500,12.7500,,,,,,,,,,,,,,
2009-02-25,12.4800,12.4800,,,,,,,,,,,,,,
2009-02-26,12.9800,12.9800,,,,,,,,,,,,,,
2009-02-27,13.2300,13.2300,,,,,,,,,,,,,,
2009-03-02,12.5800,12.5800,,,,,,,,,,,,,,
2009-03-03,12.5000,12.5000,,,,,,,,,,,,,,
2009-03-04,13.1600,13.1600,,,,,,,,,,,,,,
2009-03-05,12.5300,12.5300,,,,,,,,,,,,,,
2009-03-06,13.0500,13.0500,,,,,,,,,,,,,,
2009-03-09,12.6600,12.6600,,,,,,,,,,,,,,
2009-03-10,13.2300,13.2300,,,,,,,,,,,,,,
2009-03-11,13.3900,13.3900,,,,,,,,,,,,,,
2009-03-12,13.6000,13.6000,,,,,,,,,,,,,,
2009-03-13,13.5100,13.5100,,,,,,,,,,,,,,
2009-03-16,13.2200,13.2200,,,,,,,,,,,,,,
2009-03-17,13.9900,13.9900,,,,,,,,,,,,,,
2009-03-18,13.4200,13.4200,,,,,,,,,,,,,,
2009-03-19,13.7400,13.7400,,,,,,,,,,,,,,
2009-03-20,13.6000,13.6000,,,,,,,,,,,,,,
2009-03-23,14.0900,14.0900,,,,,,,,,,,,,,
2009-03-24,13.6100,13.6100,,,,,,,,,,,,,,
2009-03-25,13.5500,13.5500,,,,,,,,,,,,,,
2009-03-26,13.3500,13.3500,,,,,,,,,,,,,,
2009-03-27,13.1800,13.1800,,,,,,,,,,,,,,
2009-03-30,12.7000,12.7000,,,,,,,,,,,,,,
2009-03-31,12.8100,12.8100,,,,,,,,,,,,,,
2009-04-01,12.7500,12.7500,,,,,,,,,,,,,,
2009-04-02,12.9500,12.9500,,,,,,,,,,,,,,
2009-04-03,13.3400,13.3400,,,,,,,,,,,,,,
2009-04-06,13.2300,13.2300,,,,,,,,,,,,,,
2009-04-07,12.8100,12.8100,,,,,,,,,,,,,,
2009-04-08,12.9200,12.9200,,,,,,,,,,,,,,
2009-04-09,13.4700,13.4700,,,,,,,,,,,,,,
2009-04-13,14.4200,14.4200,,,,,,,,,,,,,,
2009-04-14,14.0700,14.0700,,,,,,,,,,,,,,
2009-04-15,14.0200,14.0200,,,,,,,,,,,,,,
2009-04-16,14.4300,14.4300,,,,,,,,,,,,,,
2009-04-17,14.3900,14.3900,,,,,,,,,,,,,,
2009-04-20,13.6600,13.6600,,,,,,,,,,,,,,
2009-04-21,14.3800,14.3800,,,,,,,,,,,,,,
2009-04-22,14.4800,14.4800,,,,,,,,,,,,,,
2009-04-23,14.5500,14.5500,,,,,,,,,,,,,,
2009-04-24,14.7300,14.7300,,,,,,,,,,,,,,
2009-04-27,13.8900,13.8900,,,,,,,,,,,,,,
2009-04-28,13.6400,13.6400,,,,,,,,,,,,,,
2009-04-29,14.0200,14.0200,,,,,,,,,,,,,,
2009-04-30,14.2900,14.2900,,,,,,,,,,,,,,
2009-05-01,14.1400,14.1400,,,,,,,,,,,,,,
2009-05-04,14.1800,14.1800,,,,,,,,,,,,,,
2009-05-05,14.7400,14.7400,,,,,,,,,,,,,,
2009-05-06,14.8500,14.8500,,,,,,,,,,,,,,
2009-05-07,14.8000,14.8000,,,,,,,,,,,,,,
2009-05-08,15.1500,15.1500,,,,,,,,,,,,,,
2009-05-11,15.5400,15.5400,,,,,,,,,,,,,,
2009-05-12,15.1000,15.1000,,,,,,,,,,,,,,
2009-05-13,14.5200,14.5200,,,,,,,,,,,,,,
2009-05-14,14.7600,14.7600,,,,,,,,,,,,,,
2009-05-15,14.9100,14.9100,,,,,,,,,,,,,,
2009-05-18,15.1700,15.1700,,,,,,,,,,,,,,
2009-05-19,15.1800,15.1800,,,,,,,,,,,,,,
2009-05-20,14.9600,14.9600,,,,,,,,,,,,,,
2009-05-21,14.8700,14.8700,,,,,,,,,,,,,,
2009-05-22,14.9800,14.9800,,,,,,,,,,,,,,
2009-05-26,15.2800,15.2800,,,,,,,,,,,,,,
2009-05-27,14.9400,14.9400,,,,,,,,,,,,,,
2009-05-28,15.0900,15.0900,,,,,,,,,,,,,,
2009-05-29,15.8400,15.8400,,,,,,,,,,,,,,
2009-06-01,16.5800,16.5800,,,,,,,,,,,,,,
2009-06-02,16.6200,16.6200,,,,,,,,,,,,,,
2009-06-03,16.3000,16.3000,,,,,,,,,,,,,,
2009-06-04,16.6500,16.6500,,,,,,,,,,,,,,
2009-06-05,16.6400,16.6400,,,,,,,,,,,,,,
2009-06-08,16.1900,16.1900,,,,,,,,,,,,,,
2009-06-09,16.4000,16.4000,,,,,,,,,,,,,,
2009-06-10,16.3200,16.3200,,,,,,,,,,,,,,
2009-06-11,16.1900,16.1900,,,,,,,,,,,,,,
2009-06-12,16.4000,16.4000,,,,,,,,,,,,,,
2009-06-15,16.4000,16.4000,,,,,,,,,,,,,,
2009-06-16,15.9600,15.9600,,,,,,,,,,,,,,
2009-06-17,15.6000,15.6000,,,,,,,,,,,,,,
2009-06-18,15.3400,15.3400,,,,,,,,,,,,,,
2009-06-19,15.8000,15.8000,,,,,,,,,,,,,,
2009-06-22,14.7100,14.7100,,,,,,,,,,,,,,
2009-06-23,14.6800,14.6800,,,,,,,,,,,,,,
2009-06-24,15.4500,15.4500,,,,,,,,,,,,,,
2009-06-25,15.5300,15.5300,,,,,,,,,,,,,,
2009-06-26,15.7400,15.7400,,,,,,,,,,,,,,
2009-06-29,15.9000,15.9000,,,,,,,,,,,,,,
2009-06-30,15.6600,15.6600,,,,,,,,,,,,,,
2009-07-01,15.4100,15.4100,,,,,,,,,,,,,,
2009-07-02,14.9900,14.9900,,,,,,,,,,,,,,
2009-07-03,14.9900,14.9900,,,,,,,,,,,,,,
2009-07-06,14.9100,14.9100,,,,,,,,,,,,,,
2009-07-07,14.4400,14.4400,,,,,,,,,,,,,,
2009-07-08,14.3800,14.3800,,,,,,,,,,,,,,
2009-07-09,14.5500,14.5500,,,,,,,,,,,,,,
2009-07-10,14.9300,14.9300,,,,,,,,,,,,,,
2009-07-13,15.0100,15.0100,,,,,,,,,,,,,,
2009-07-14,15.1800,15.1800,,,,,,,,,,,,,,
2009-07-15,15.7100,15.7100,,,,,,,,,,,,,,
2009-07-16,16.1900,16.1900,,,,,,,,,,,,,,
2009-07-17,16.8400,16.8400,,,,,,,,,,,,,,
2009-07-20,17.0100,17.0100,,,,,,,,,,,,,,
2009-07-21,16.7500,16.7500,,,,,,,,,,,,,,
2009-07-22,17.3700,17.3700,,,,,,,,,,,,,,
2009-07-23,17.3600,17.3600,,,,,,,,,,,,,,
2009-07-24,17.4800,17.4800,,,,,,,,,,,,,,
2009-07-27,17.0000,17.0000,,,,,,,,,,,,,,
2009-07-28,17.2200,17.2200,,,,,,,,,,,,,,
2009-07-29,15.1400,15.1400,,,,,,,,,,,,,,
2009-07-30,14.6000,14.6000,,,,,,,,,,,,,,
2009-07-31,14.3200,14.3200,,,,,,,,,,,,,,
2009-08-03,14.3390,14.3390,,,,,,,,,,,,,,
2009-08-04,14.5100,14.5100,,,,,,,,,,,,,,
2009-08-05,14.6700,14.6700,,,,,,,,,,,,,,
2009-08-06,14.7400,14.7400,,,,,,,,,,,,,,
2009-08-07,14.6200,14.6200,,,,,1394783000,1414295000,1394783000,1414295000,1403390107,1394783000,1414295000,1394783000,1414295000,1403390107
2009-08-10,14.6300,14.6300,,,,,1394783000,1414295000,1394783000,1414295000,1403390107,1394783000,1414295000,1394783000,1414295000,1403390107
2009-08-11,14.4600,14.4600,,,,,1394783000,1414295000,1394783000,1414295000,1403390107,1394783000,1414295000,1394783000,1414295000,1403390107
2009-08-12,14.6800,14.6800,,,,,1394783000,1414295000,1394783000,1414295000,1403390107,1394783000,1414295000,1394783000,1414295000,1403390107
2009-08-13,15.0400,15.0400,,,,,1394783000,1414295000,1394783000,1414295000,1403390107,1394783000,1414295000,1394783000,1414295000,1403390107
2009-08-14,15.0400,15.0400,,,,,1394783000,1414295000,1394783000,1414295000,1403390107,1394783000,1414295000,1394783000,1414295000,1403390107
2009-08-17,14.5600,14.5600,,,,,1394783000,1414295000,1394783000,1414295000,1403390107,1394783000,1414295000,1394783000,1414295000,1403390107
2009-08-18,14.7500,14.7500,,,,,1394783000,1414295000,1394783000,1414295000,1403390107,1394783000,1414295000,1394783000,1414295000,1403390107
2009-08-19,14.7900,14.7900,,,,,1394783000,1414295000,1394783000,1414295000,1403390107,1394783000,1414295000,1394783000,1414295000,1403390107
2009-08-20,14.7700,14.7700,,,,,1394783000,1414295000,1394783000,1414295000,1403390107,1394783000,1414295000,1394783000,1414295000,1403390107
2009-08-21,14.7900,14.7900,,,,,1394783000,1414295000,1394783000,1414295000,1403390107,1394783000,1414295000,1394783000,1414295000,1403390107
2009-08-24,14.9900,14.9900,,,,,1394783000,1414295000,1394783000,1414295000,1403390107,1394783000,1414295000,1394783000,1414295000,1403390107
2009-08-25,15.0700,15.0700,,,,,1394783000,1414295000,1394783000,1414295000,1403390107,1394783000,1414295000,1394783000,1414295000,1403390107
2009-08-26,14.9300,14.9300,,,,,1394783000,1414295000,1394783000,1414295000,1403390107,1394783000,1414295000,1394783000,1414295000,1403390107
2009-08-27,14.9300,14.9300,,,,,1394783000,1414295000,1394783000,1414295000,1403390107,1394783000,1414295000,1394783000,1414295000,1403390107
2009-08-28,14.8500,14.8500,,,,,1394783000,1414295000,1394783000,1414295000,1403390107,1394783000,1414295000,1394783000,1414295000,1403390107
2009-08-31,14.6100,14.6100,,,,,1394783000,1414295000,1394783000,1414295000,1403390107,1394783000,1414295000,1394783000,1414295000,1403390107
2009-09-01,14.1800,14.1800,,,,,1394783000,1414295000,1394783000,1414295000,1403390107,1394783000,1414295000,1394783000,1414295000,1403390107
2009-09-02,14.2300,14.2300,,,,,1394783000,1414295000,1394783000,1414295000,1403390107,1394783000,1414295000,1394783000,1414295000,1403390107
2009-09-03,14.2800,14.2800,,,,,1394783000,1414295000,1394783000,1414295000,1403390107,1394783000,1414295000,1394783000,1414295000,1403390107
2009-09-04,14.5000,14.5000,,,,,1394783000,1414295000,1394783000,1414295000,1403390107,1394783000,1414295000,1394783000,1414295000,1403390107
2009-09-08,14.4900,14.4900,,,,,1394783000,1414295000,1394783000,1414295000,1403390107,1394783000,1414295000,1394783000,1414295000,1403390107
2009-09-09,14.7800,14.7800,,,,,1394783000,1414295000,1394783000,1414295000,1403390107,1394783000,1414295000,1394783000,1414295000,1403390107
2009-09-10,15.4500,15.4500,,,,,1394783000,1414295000,1394783000,1414295000,1403390107,1394783000,1414295000,1394783000,1414295000,1403390107
2009-09-11,15.5900,15.5900,,,,,1394783000,1414295000,1394783000,1414295000,1403390107,1394783000,1414295000,1394783000,1414295000,1403390107
2009-09-14,15.5700,15.5700,,,,,1394783000,1414295000,1394783000,1414295000,1403390107,1394783000,1414295000,1394783000,1414295000,1403390107
2009-09-15,16.4100,16.4100,,,,,1394783000,1414295000,1394783000,1414295000,1403390107,1394783000,1414295000,1394783000,1414295000,1403390107
2009-09-16,16.9900,16.9900,,,,,1394783000,1414295000,1394783000,1414295000,1403390107,1394783000,1414295000,1394783000,1414295000,1403390107
2009-09-17,17.5000,17.5000,,,,,1394783000,1414295000,1394783000,1414295000,1403390107,1394783000,1414295000,1394783000,1414295000,1403390107
2009-09-18,17.3900,17.3900,,,,,1394783000,1414295000,1394783000,1414295000,1403390107,1394783000,1414295000,1394783000,1414295000,1403390107
2009-09-21,17.0400,17.0400,,,,,1394783000,1414295000,1394783000,1414295000,1403390107,1394783000,1414295000,1394783000,1414295000,1403390107
2009-09-22,16.8600,16.8600,,,,,1394783000,1414295000,1394783000,1414295000,1403390107,1394783000,1414295000,1394783000,1414295000,1403390107
2009-09-23,17.2100,17.2100,,,,,1394783000,1414295000,1394783000,1414295000,1403390107,1394783000,1414295000,1394783000,1414295000,1403390107
2009-09-24,16.8900,16.8900,,,,,1394783000,1414295000,1394783000,1414295000,1403390107,1394783000,1414295000,1394783000,1414295000,1403390107
2009-09-25,17.0800,17.0800,,,,,1394783000,1414295000,1394783000,1414295000,1403390107,1394783000,1414295000,1394783000,1414295000,1403390107
2009-09-28,17.4700,17.4700,,,,,1394783000,1414295000,1394783000,1414295000,1403390107,1394783000,1414295000,1394783000,1414295000,1403390107
2009-09-29,17.4500,17.4500,,,,,1394783000,1414295000,1394783000,1414295000,1403390107,1394783000,1414295000,1394783000,1414295000,1403390107
2009-09-30,17.8100,17.8100,,,,,1394783000,1414295000,1394783000,1414295000,1403390107,1394783000,1414295000,1394783000,1414295000,1403390107
2009-10-01,17.3900,17.3900,,,,,1394783000,1414295000,1394783000,1414295000,1403390107,1394783000,1414295000,1394783000,1414295000,1403390107
2009-10-02,16.8400,16.8400,,,,,1394783000,1414295000,1394783000,1414295000,1403390107,1394783000,1414295000,1394783000,1414295000,1403390107
2009-10-05,16.8000,16.8000,,,,,1394783000,1414295000,1394783000,1414295000,1403390107,1394783000,1414295000,1394783000,1414295000,1403390107
2009-10-06,17.3000,17.3000,,,,,1394783000,1414295000,1394783000,1414295000,1403390107,1394783000,1414295000,1394783000,1414295000,1403390107
2009-10-07,17.4900,17.4900,,,,,1394783000,1414295000,1394783000,1414295000,1403390107,1394783000,1414295000,1394783000,1414295000,1403390107
2009-10-08,17.5800,17.5800,,,,,1394783000,1414295000,1394783000,1414295000,1403390107,1394783000,1414295000,1394783000,1414295000,1403390107
2009-10-09,16.8700,16.8700,,,,,1394783000,1414295000,1394783000,1414295000,1403390107,1394783000,1414295000,1394783000,1414295000,1403390107
2009-10-12,16.7500,16.7500,,,,,1394783000,1414295000,1394783000,1414295000,1403390107,1394783000,1414295000,1394783000,1414295000,1403390107
2009-10-13,16.8800,16.8800,,,,,1394783000,1414295000,1394783000,1414295000,1403390107,1394783000,1414295000,1394783000,1414295000,1403390107
2009-10-14,16.9500,16.9500,,,,,1394783000,1414295000,1394783000,1414295000,1403390107,1394783000,1414295000,1394783000,1414295000,1403390107
2009-10-15,16.5200,16.5200,,,,,1394783000,1414295000,1394783000,1414295000,1403390107,1394783000,1414295000,1394783000,1414295000,1403390107
2009-10-16,16.8100,16.8100,,,,,1394783000,1414295000,1394783000,1414295000,1403390107,1394783000,1414295000,1394783000,1414295000,1403390107
2009-10-19,17.2200,17.2200,,,,,1394783000,1414295000,1394783000,1414295000,1403390107,1394783000,1414295000,1394783000,1414295000,1403390107
2009-10-20,17.1700,17.1700,,,,,1394783000,1414295000,1394783000,1414295000,1403390107,1394783000,1414295000,1394783000,1414295000,1403390107
2009-10-21,17.6600,17.6600,,,,,1394783000,1414295000,1394783000,1414295000,1403390107,1394783000,1414295000,1394783000,1414295000,1403390107
2009-10-22,17.6700,17.6700,,,,,1394783000,1414295000,1394783000,1414295000,1403390107,1394783000,1414295000,1394783000,1414295000,1403390107
2009-10-23,17.2200,17.2200,,,,,1394783000,1414295000,1394783000,1414295000,1403390107,1394783000,1414295000,1394783000,1414295000,1403390107
2009-10-26,16.8700,16.8700,,,,,1394783000,1414295000,1394783000,1414295000,1403390107,1394783000,1414295000,1394783000,1414295000,1403390107
2009-10-27,16.6900,16.6900,,,,,1394783000,1414295000,1394783000,1414295000,1403390107,1394783000,1414295000,1394783000,1414295000,1403390107
2009-10-28,16.0400,16.0400,,,,,1394783000,1414295000,1394783000,1414295000,1403390107,1394783000,1414295000,1394783000,1414295000,1403390107
2009-10-29,16.1300,16.1300,,,,,1394783000,1414295000,1394783000,1414295000,1403390107,1394783000,1414295000,1394783000,1414295000,1403390107
2009-10-30,15.9000,15.9000,,,,,1394783000,1414295000,1394783000,1414295000,1403390107,1394783000,1414295000,1394783000,1414295000,1403390107
2009-11-02,15.8500,15.8500,,,,,1394783000,1414295000,1394783000,1414295000,1403390107,1394783000,1414295000,1394783000,1414295000,1403390107
2009-11-03,15.7000,15.7000,,,,,1394783000,1414295000,1394783000,1414295000,1403390107,1394783000,1414295000,1394783000,1414295000,1403390107
2009-11-04,15.6900,15.6900,,,,,1394783000,1414295000,1394783000,1414295000,1403390107,1394783000,1414295000,1394783000,1414295000,1403390107
2009-11-05,15.9000,15.9000,,,,,1394783000,1414295000,1394783000,1414295000,1403390107,1394783000,1414295000,1394783000,1414295000,1403390107
2009-11-06,15.9400,15.9400,,,,,1401961000,1424854000,1401961000,1424854000,1401056288,1401961000,1424854000,1401961000,1424854000,1401056288
2009-11-09,16.0200,16.0200,,,,,1401961000,1424854000,1401961000,1424854000,1401056288,1401961000,1424854000,1401961000,1424854000,1401056288
2009-11-10,16.0400,16.0400,,,,,1401961000,1424854000,1401961000,1424854000,1401056288,1401961000,1424854000,1401961000,1424854000,1401056288
2009-11-11,16.0900,16.0900,,,,,1401961000,1424854000,1401961000,1424854000,1401056288,1401961000,1424854000,1401961000,1424854000,1401056288
2009-11-12,16.0000,16.0000,,,,,1401961000,1424854000,1401961000,1424854000,1401056288,1401961000,1424854000,1401961000,1424854000,1401056288
2009-11-13,15.9300,15.9300,,,,,1401961000,1424854000,1401961000,1424854000,1401056288,1401961000,1424854000,1401961000,1424854000,1401056288
2009-11-16,16.0700,16.0700,,,,,1401961000,1424854000,1401961000,1424854000,1401056288,1401961000,1424854000,1401961000,1424854000,1401056288
2009-11-17,16.0500,16.0500,,,,,1401961000,1424854000,1401961000,1424854000,1401056288,1401961000,1424854000,1401961000,1424854000,1401056288
2009-11-18,15.9800,15.9800,,,,,1401961000,1424854000,1401961000,1424854000,1401056288,1401961000,1424854000,1401961000,1424854000,1401056288
2009-11-19,15.6100,15.6100,,,,,1401961000,1424854000,1401961000,1424854000,1401056288,1401961000,1424854000,1401961000,1424854000,1401056288
2009-11-20,15.3800,15.3800,,,,,1401961000,1424854000,1401961000,1424854000,1401056288,1401961000,1424854000,1401961000,1424854000,1401056288
2009-11-23,15.4500,15.4500,,,,,1401961000,1424854000,1401961000,1424854000,1401056288,1401961000,1424854000,1401961000,1424854000,1401056288
2009-11-24,15.2400,15.2400,,,,,1401961000,1424854000,1401961000,1424854000,1401056288,1401961000,1424854000,1401961000,1424854000,1401056288
2009-11-25,15.3000,15.3000,,,,,1401961000,1424854000,1401961000,1424854000,1401056288,1401961000,1424854000,1401961000,1424854000,1401056288
2009-11-27,15.0000,15.0000,,,,,1401961000,1424854000,1401961000,1424854000,1401056288,1401961000,1424854000,1401961000,1424854000,1401056288
2009-11-30,14.9700,14.9700,,,,,1401961000,1424854000,1401961000,1424854000,1401056288,1401961000,1424854000,1401961000,1424854000,1401056288
2009-12-01,15.1300,15.1300,,,,,1401961000,1424854000,1401961000,1424854000,1401056288,1401961000,1424854000,1401961000,1424854000,1401056288
2009-12-02,15.3100,15.3100,,,,,1401961000,1424854000,1401961000,1424854000,1401056288,1401961000,1424854000,1401961000,1424854000,1401056288
2009-12-03,15.1100,15.1100,,,,,1401961000,1424854000,1401961000,1424854000,1401056288,1401961000,1424854000,1401961000,1424854000,1401056288
2009-12-04,15.1900,15.1900,,,,,1401961000,1424854000,1401961000,1424854000,1401056288,1401961000,1424854000,1401961000,1424854000,1401056288
2009-12-07,15.4500,15.4500,,,,,1401961000,1424854000,1401961000,1424854000,1401056288,1401961000,1424854000,1401961000,1424854000,1401056288
2009-12-08,15.4500,15.4500,,,,,1401961000,1424854000,1401961000,1424854000,1401056288,1401961000,1424854000,1401961000,1424854000,1401056288
2009-12-09,15.1800,15.1800,,,,,1401961000,1424854000,1401961000,1424854000,1401056288,1401961000,1424854000,1401961000,1424854000,1401056288
2009-12-10,15.4900,15.4900,,,,,1401961000,1424854000,1401961000,1424854000,1401056288,1401961000,1424854000,1401961000,1424854000,1401056288
2009-12-11,15.7400,15.7400,,,,,1401961000,1424854000,1401961000,1424854000,1401056288,1401961000,1424854000,1401961000,1424854000,1401056288
2009-12-14,15.8100,15.8100,,,,,1401961000,1424854000,1401961000,1424854000,1401056288,1401961000,1424854000,1401961000,1424854000,1401056288
2009-12-15,15.7400,15.7400,,,,,1401961000,1424854000,1401961000,1424854000,1401056288,1401961000,1424854000,1401961000,1424854000,1401056288
2009-12-16,15.7900,15.7900,,,,,1401961000,1424854000,1401961000,1424854000,1401056288,1401961000,1424854000,1401961000,1424854000,1401056288
2009-12-17,15.8200,15.8200,,,,,1401961000,1424854000,1401961000,1424854000,1401056288,1401961000,1424854000,1401961000,1424854000,1401056288
2009-12-18,16.1400,16.1400,,,,,1401961000,1424854000,1401961000,1424854000,1401056288,1401961000,1424854000,1401961000,1424854000,1401056288
2009-12-21,15.8800,15.8800,,,,,1401961000,1424854000,1401961000,1424854000,1401056288,1401961000,1424854000,1401961000,1424854000,1401056288
2009-12-22,15.9800,15.9800,,,,,1401961000,1424854000,1401961000,1424854000,1401056288,1401961000,1424854000,1401961000,1424854000,1401056288
2009-12-23,16.6700,16.6700,,,,,1401961000,1424854000,1401961000,1424854000,1401056288,1401961000,1424854000,1401961000,1424854000,1401056288
2009-12-24,16.7200,16.7200,,,,,1401961000,1424854000,1401961000,1424854000,1401056288,1401961000,1424854000,1401961000,1424854000,1401056288
2009-12-28,16.8800,16.8800,,,,,1401961000,1424854000,1401961000,1424854000,1401056288,1401961000,1424854000,1401961000,1424854000,1401056288
2009-12-29,16.9200,16.9200,,,,,1401961000,1424854000,1401961000,1424854000,1401056288,1401961000,1424854000,1401961000,1424854000,1401056288
2009-12-30,16.9800,16.9800,,,,,1401961000,1424854000,1401961000,1424854000,1401056288,1401961000,1424854000,1401961000,1424854000,1401056288
2009-12-31,16.7800,16.7800,,,,,1401961000,1424854000,1401961000,1424854000,1401056288,1401961000,1424854000,1401961000,1424854000,1401056288
2010-01-04,17.1000,17.1000,,,,,1401961000,1424854000,1401961000,1424854000,1401056288,1401961000,1424854000,1401961000,1424854000,1401056288
2010-01-05,17.2300,17.2300,,,,,1401961000,1424854000,1401961000,1424854000,1401056288,1401961000,1424854000,1401961000,1424854000,1401056288
2010-01-06,17.1700,17.1700,,,,,1401961000,1424854000,1401961000,1424854000,1401056288,1401961000,1424854000,1401961000,1424854000,1401056288
2010-01-07,16.7000,16.7000,,,,,1401961000,1424854000,1401961000,1424854000,1401056288,1401961000,1424854000,1401961000,1424854000,1401056288
2010-01-08,16.7000,16.7000,,,,,1401961000,1424854000,1401961000,1424854000,1401056288,1401961000,1424854000,1401961000,1424854000,1401056288
2010-01-11,16.7400,16.7400,,,,,1401961000,1424854000,1401961000,1424854000,1401056288,1401961000,1424854000,1401961000,1424854000,1401056288
2010-01-12,16.6800,16.6800,,,,,1401961000,1424854000,1401961000,1424854000,1401056288,1401961000,1424854000,1401961000,1424854000,1401056288
2010-01-13,16.9000,16.9000,,,,,1401961000,1424854000,1401961000,1424854000,1401056288,1401961000,1424854000,1401961000,1424854000,1401056288
2010-01-14,17.1200,17.1200,,,,,1401961000,1424854000,1401961000,1424854000,1401056288,1401961000,1424854000,1401961000,1424854000,1401056288
2010-01-15,16.8200,16.8200,,,,,1401961000,1424854000,1401961000,1424854000,1401056288,1401961000,1424854000,1401961000,1424854000,1401056288
2010-01-18,16.8200,16.8200,,,,,1401961000,1424854000,1401961000,1424854000,1401056288,1401961000,1424854000,1401961000,1424854000,1401056288
2010-01-19,16.7500,16.7500,,,,,1401961000,1424854000,1401961000,1424854000,1401056288,1401961000,1424854000,1401961000,1424854000,1401056288
2010-01-20,16.3800,16.3800,,,,,1401961000,1424854000,1401961000,1424854000,1401056288,1401961000,1424854000,1401961000,1424854000,1401056288
2010-01-21,16.2000,16.2000,,,,,1401961000,1424854000,1401961000,1424854000,1401056288,1401961000,1424854000,1401961000,1424854000,1401056288
2010-01-22,15.8800,15.8800,,,,,1401961000,1424854000,1401961000,1424854000,1401056288,1401961000,1424854000,1401961000,1424854000,1401056288
2010-01-25,15.8600,15.8600,,,,,1401961000,1424854000,1401961000,1424854000,1401056288,1401961000,1424854000,1401961000,1424854000,1401056288
2010-01-26,15.9900,15.9900,,,,,1401961000,1424854000,1401961000,1424854000,1401056288,1401961000,1424854000,1401961000,1424854000,1401056288
2010-01-27,15.9800,15.9800,,,,,1401961000,1424854000,1401961000,1424854000,1401056288,1401961000,1424854000,1401961000,1424854000,1401056288
2010-01-28,15.4400,15.4400,,,,,1401961000,1424854000,1401961000,1424854000,1401056288,1401961000,1424854000,1401961000,1424854000,1401056288
2010-01-29,15.0100,15.0100,,,,,1401961000,1424854000,1401961000,1424854000,1401056288,1401961000,1424854000,1401961000,1424854000,1401056288
2010-02-01,15.0500,15.0500,,,,,1401961000,1424854000,1401961000,1424854000,1401056288,1401961000,1424854000,1401961000,1424854000,1401056288
2010-02-02,15.1700,15.1700,,,,,1401961000,1424854000,1401961000,1424854000,1401056288,1401961000,1424854000,1401961000,1424854000,1401056288
2010-02-03,15.4600,15.4600,,,,,1401961000,1424854000,1401961000,1424854000,1401056288,1401961000,1424854000,1401961000,1424854000,1401056288
2010-02-04,15.0100,15.0100,,,,,1401961000,1424854000,1401961000,1424854000,1401056288,1401961000,1424854000,1401961000,1424854000,1401056288
2010-02-05,15.1900,15.1900,,,,,1401961000,1424854000,1401961000,1424854000,1401056288,1401961000,1424854000,1401961000,1424854000,1401056288
2010-02-08,14.9900,14.9900,,,,,1401961000,1424854000,1401961000,1424854000,1401056288,1401961000,1424854000,1401961000,1424854000,1401056288
2010-02-09,15.0700,15.0700,,,,,1401961000,1424854000,1401961000,1424854000,1401056288,1401961000,1424854000,1401961000,1424854000,1401056288
2010-02-10,14.8000,14.8000,,,,,1401961000,1424854000,1401961000,1424854000,1401056288,1401961000,1424854000,1401961000,1424854000,1401056288
2010-02-11,15.2200,15.2200,,,,,1401961000,1424854000,1401961000,1424854000,1401056288,1401961000,1424854000,1401961000,1424854000,1401056288
2010-02-12,15.1700,15.1700,,,,,1401961000,1424854000,1401961000,1424854000,1401056288,1401961000,1424854000,1401961000,1424854000,1401056288
2010-02-16,15.4100,15.4100,,,,,1401961000,1424854000,1401961000,1424854000,1401056288,1401961000,1424854000,1401961000,1424854000,1401056288
2010-02-17,15.4400,15.4400,,,,,1401961000,1424854000,1401961000,1424854000,1401056288,1401961000,1424854000,1401961000,1424854000,1401056288
2010-02-18,15.5400,15.5400,,,,,1401961000,1424854000,1401961000,1424854000,1401056288,1401961000,1424854000,1401961000,1424854000,1401056288
2010-02-19,15.5800,15.5800,,,,,1401961000,1424854000,1401961000,1424854000,1401056288,1401961000,1424854000,1401961000,1424854000,1401056288
2010-02-22,15.4900,15.4900,,,,,1401961000,1424854000,1401961000,1424854000,1401056288,1401961000,1424854000,1401961000,1424854000,1401056288
2010-02-23,15.3800,15.3800,,,,,1401961000,1424854000,1401961000,1424854000,1401056288,1401961000,1424854000,1401961000,1424854000,1401056288
2010-02-24,15.5900,15.5900,,,,,1401961000,1424854000,1401961000,1424854000,1401056288,1401961000,1424854000,1401961000,1424854000,1401056288
2010-02-25,15.2400,15.2400,,,,,1401961000,1424854000,1401961000,1424854000,1401056288,1401961000,1424854000,1401961000,1424854000,1401056288
2010-02-26,15.3100,15.3100,,,,,1397652000,1415658000,1397652000,1415658000,1400201879,1397652000,1415658000,1397652000,1415658000,1400201879
2010-03-01,15.7900,15.7900,,,,,1397652000,1415658000,1397652000,1415658000,1400201879,1397652000,1415658000,1397652000,1415658000,1400201879
2010-03-02,15.7300,15.7300,,,,,1397652000,1415658000,1397652000,1415658000,1400201879,1397652000,1415658000,1397652000,1415658000,1400201879
2010-03-03,15.5700,15.5700,,,,,1397652000,1415658000,1397652000,1415658000,1400201879,1397652000,1415658000,1397652000,1415658000,1400201879
2010-03-04,15.8100,15.8100,,,,,1397652000,1415658000,1397652000,1415658000,1400201879,1397652000,1415658000,1397652000,1415658000,1400201879
2010-03-05,16.0600,16.0600,,,,,1397652000,1415658000,1397652000,1415658000,1400201879,1397652000,1415658000,1397652000,1415658000,1400201879
2010-03-08,16.5200,16.5200,,,,,1397652000,1415658000,1397652000,1415658000,1400201879,1397652000,1415658000,1397652000,1415658000,1400201879
2010-03-09,16.5300,16.5300,,,,,1397652000,1415658000,1397652000,1415658000,1400201879,1397652000,1415658000,1397652000,1415658000,1400201879
2010-03-10,16.7900,16.7900,,,,,1397652000,1415658000,1397652000,1415658000,1400201879,1397652000,1415658000,1397652000,1415658000,1400201879
2010-03-11,16.5300,16.5300,,,,,1397652000,1415658000,1397652000,1415658000,1400201879,1397652000,1415658000,1397652000,1415658000,1400201879
2010-03-12,16.3200,16.3200,,,,,1397652000,1415658000,1397652000,1415658000,1400201879,1397652000,1415658000,1397652000,1415658000,1400201879
2010-03-15,16.4600,16.4600,,,,,1397652000,1415658000,1397652000,1415658000,1400201879,1397652000,1415658000,1397652000,1415658000,1400201879
2010-03-16,16.3600,16.3600,,,,,1397652000,1415658000,1397652000,1415658000,1400201879,1397652000,1415658000,1397652000,1415658000,1400201879
2010-03-17,16.5000,16.5000,,,,,1397652000,1415658000,1397652000,1415658000,1400201879,1397652000,1415658000,1397652000,1415658000,1400201879
2010-03-18,16.5600,16.5600,,,,,1397652000,1415658000,1397652000,1415658000,1400201879,1397652000,1415658000,1397652000,1415658000,1400201879
2010-03-19,16.4400,16.4400,,,,,1397652000,1415658000,1397652000,1415658000,1400201879,1397652000,1415658000,1397652000,1415658000,1400201879
2010-03-22,16.3400,16.3400,,,,,1397652000,1415658000,1397652000,1415658000,1400201879,1397652000,1415658000,1397652000,1415658000,1400201879
2010-03-23,16.0300,16.0300,,,,,1397652000,1415658000,1397652000,1415658000,1400201879,1397652000,1415658000,1397652000,1415658000,1400201879
2010-03-24,16.0900,16.0900,,,,,1397652000,1415658000,1397652000,1415658000,1400201879,1397652000,1415658000,1397652000,1415658000,1400201879
2010-03-25,16.3200,16.3200,,,,,1397652000,1415658000,1397652000,1415658000,1400201879,1397652000,1415658000,1397652000,1415658000,1400201879
2010-03-26,16.5400,16.5400,,,,,1397652000,1415658000,1397652000,1415658000,1400201879,1397652000,1415658000,1397652000,1415658000,1400201879
2010-03-29,16.5600,16.5600,,,,,1397652000,1415658000,1397652000,1415658000,1400201879,1397652000,1415658000,1397652000,1415658000,1400201879
2010-03-30,16.6100,16.6100,,,,,1397652000,1415658000,1397652000,1415658000,1400201879,1397652000,1415658000,1397652000,1415658000,1400201879
2010-03-31,16.5300,16.5300,,,,,1397652000,1415658000,1397652000,1415658000,1400201879,1397652000,1415658000,1397652000,1415658000,1400201879
2010-04-01,16.2900,16.2900,,,,,1397652000,1415658000,1397652000,1415658000,1400201879,1397652000,1415658000,1397652000,1415658000,1400201879
2010-04-05,16.5100,16.5100,,,,,1397652000,1415658000,1397652000,1415658000,1400201879,1397652000,1415658000,1397652000,1415658000,1400201879
2010-04-06,16.9200,16.9200,,,,,1397652000,1415658000,1397652000,1415658000,1400201879,1397652000,1415658000,1397652000,1415658000,1400201879
2010-04-07,16.8700,16.8700,,,,,1397652000,1415658000,1397652000,1415658000,1400201879,1397652000,1415658000,1397652000,1415658000,1400201879
2010-04-08,17.3500,17.3500,,,,,1397652000,1415658000,1397652000,1415658000,1400201879,1397652000,1415658000,1397652000,1415658000,1400201879
2010-04-09,17.5200,17.5200,,,,,1397652000,1415658000,1397652000,1415658000,1400201879,1397652000,1415658000,1397652000,1415658000,1400201879
2010-04-12,17.6400,17.6400,,,,,1397652000,1415658000,1397652000,1415658000,1400201879,1397652000,1415658000,1397652000,1415658000,1400201879
2010-04-13,18.1800,18.1800,,,,,1397652000,1415658000,1397652000,1415658000,1400201879,1397652000,1415658000,1397652000,1415658000,1400201879
2010-04-14,18.3750,18.3750,,,,,1397652000,1415658000,1397652000,1415658000,1400201879,1397652000,1415658000,1397652000,1415658000,1400201879
2010-04-15,18.9700,18.9700,,,,,1397652000,1415658000,1397652000,1415658000,1400201879,1397652000,1415658000,1397652000,1415658000,1400201879
2010-04-16,18.1700,18.1700,,,,,1397652000,1415658000,1397652000,1415658000,1400201879,1397652000,1415658000,1397652000,1415658000,1400201879
2010-04-19,18.3900,18.3900,,,,,1397652000,1415658000,1397652000,1415658000,1400201879,1397652000,1415658000,1397652000,1415658000,1400201879
2010-04-20,18.3800,18.3800,,,,,1397652000,1415658000,1397652000,1415658000,1400201879,1397652000,1415658000,1397652000,1415658000,1400201879
2010-04-21,17.4500,17.4500,,,,,1397652000,1415658000,1397652000,1415658000,1400201879,1397652000,1415658000,1397652000,1415658000,1400201879
2010-04-22,17.7200,17.7200,,,,,1397652000,1415658000,1397652000,1415658000,1400201879,1397652000,1415658000,1397652000,1415658000,1400201879
2010-04-23,17.6400,17.6400,,,,,1397652000,1415658000,1397652000,1415658000,1400201879,1397652000,1415658000,1397652000,1415658000,1400201879
2010-04-26,17.3900,17.3900,,,,,1397652000,1415658000,1397652000,1415658000,1400201879,1397652000,1415658000,1397652000,1415658000,1400201879
2010-04-27,16.9225,16.9225,,,,,1397652000,1415658000,1397652000,1415658000,1400201879,1397652000,1415658000,1397652000,1415658000,1400201879
2010-04-28,16.7500,16.7500,,,,,1397652000,1415658000,1397652000,1415658000,1400201879,1397652000,1415658000,1397652000,1415658000,1400201879
2010-04-29,16.9700,16.9700,,,,,1397652000,1415658000,1397652000,1415658000,1400201879,1397652000,1415658000,1397652000,1415658000,1400201879
2010-04-30,16.5300,16.5300,,,,,1397652000,1415658000,1397652000,1415658000,1400201879,1397652000,1415658000,1397652000,1415658000,1400201879
2010-05-03,16.9500,16.9500,,,,,1397652000,1415658000,1397652000,1415658000,1400201879,1397652000,1415658000,1397652000,1415658000,1400201879
2010-05-04,16.3200,16.3200,,,,,1397652000,1415658000,1397652000,1415658000,1400201879,1397652000,1415658000,1397652000,1415658000,1400201879
2010-05-05,16.4900,16.4900,,,,,1397652000,1415658000,1397652000,1415658000,1400201879,1397652000,1415658000,1397652000,1415658000,1400201879
2010-05-06,15.9200,15.9200,,,,,1397652000,1415658000,1397652000,1415658000,1400201879,1397652000,1415658000,1397652000,1415658000,1400201879
2010-05-07,15.2901,15.2901,,,,,1397652000,1415658000,1397652000,1415658000,1400201879,1397652000,1415658000,1397652000,1415658000,1400201879
2010-05-10,16.3300,16.3300,,,,,1398308000,1413432000,1398308000,1413432000,1385062910,1398308000,1413432000,1398308000,1413432000,1385062910
2010-05-11,16.4100,16.4100,,,,,1398308000,1413432000,1398308000,1413432000,1385062910,1398308000,1413432000,1398308000,1413432000,1385062910
2010-05-12,16.4700,16.4700,,,,,1398308000,1413432000,1398308000,1413432000,1385062910,1398308000,1413432000,1398308000,1413432000,1385062910
2010-05-13,16.1400,16.1400,,,,,1398308000,1413432000,1398308000,1413432000,1385062910,1398308000,1413432000,1398308000,1413432000,1385062910
2010-05-14,16.3900,16.3900,,,,,1398308000,1413432000,1398308000,1413432000,1385062910,1398308000,1413432000,1398308000,1413432000,1385062910
2010-05-17,16.2700,16.2700,,,,,1398308000,1413432000,1398308000,1413432000,1385062910,1398308000,1413432000,1398308000,1413432000,1385062910
2010-05-18,16.0300,16.0300,,,,,1398308000,1413432000,1398308000,1413432000,1385062910,1398308000,1413432000,1398308000,1413432000,1385062910
2010-05-19,15.7900,15.7900,,,,,1398308000,1413432000,1398308000,1413432000,1385062910,1398308000,1413432000,1398308000,1413432000,1385062910
2010-05-20,15.0975,15.0975,,,,,1398308000,1413432000,1398308000,1413432000,1385062910,1398308000,1413432000,1398308000,1413432000,1385062910
2010-05-21,15.4750,15.4750,,,,,1398308000,1413432000,1398308000,1413432000,1385062910,1398308000,1413432000,1398308000,1413432000,1385062910
2010-05-24,15.5400,15.5400,,,,,1398308000,1413432000,1398308000,1413432000,1385062910,1398308000,1413432000,1398308000,1413432000,1385062910
2010-05-25,15.3100,15.3100,,,,,1398308000,1413432000,1398308000,1413432000,1385062910,1398308000,1413432000,1398308000,1413432000,1385062910
2010-05-26,15.4500,15.4500,,,,,1398308000,1413432000,1398308000,1413432000,1385062910,1398308000,1413432000,1398308000,1413432000,1385062910
2010-05-27,15.6900,15.6900,,,,,1398308000,1413432000,1398308000,1413432000,1385062910,1398308000,1413432000,1398308000,1413432000,1385062910
2010-05-28,15.3400,15.3400,,,,,1398308000,1413432000,1398308000,1413432000,1385062910,1398308000,1413432000,1398308000,1413432000,1385062910
2010-06-01,15.0200,15.0200,,,,,1398308000,1413432000,1398308000,1413432000,1385062910,1398308000,1413432000,1398308000,1413432000,1385062910
2010-06-02,15.1800,15.1800,,,,,1398308000,1413432000,1398308000,1413432000,1385062910,1398308000,1413432000,1398308000,1413432000,1385062910
2010-06-03,15.4300,15.4300,,,,,1398308000,1413432000,1398308000,1413432000,1385062910,1398308000,1413432000,1398308000,1413432000,1385062910
2010-06-04,15.0000,15.0000,,,,,1398308000,1413432000,1398308000,1413432000,1385062910,1398308000,1413432000,1398308000,1413432000,1385062910
2010-06-07,14.9400,14.9400,,,,,1398308000,1413432000,1398308000,1413432000,1385062910,1398308000,1413432000,1398308000,1413432000,1385062910
2010-06-08,14.7900,14.7900,,,,,1398308000,1413432000,1398308000,1413432000,1385062910,1398308000,1413432000,1398308000,1413432000,1385062910
2010-06-09,14.6900,14.6900,,,,,1398308000,1413432000,1398308000,1413432000,1385062910,1398308000,1413432000,1398308000,1413432000,1385062910
2010-06-10,15.1000,15.1000,,,,,1398308000,1413432000,1398308000,1413432000,1385062910,1398308000,1413432000,1398308000,1413432000,1385062910
2010-06-11,15.2900,15.2900,,,,,1398308000,1413432000,1398308000,1413432000,1385062910,1398308000,1413432000,1398308000,1413432000,1385062910
2010-06-14,15.1700,15.1700,,,,,1398308000,1413432000,1398308000,1413432000,1385062910,1398308000,1413432000,1398308000,1413432000,1385062910
2010-06-15,15.6500,15.6500,,,,,1398308000,1413432000,1398308000,1413432000,1385062910,1398308000,1413432000,1398308000,1413432000,1385062910
2010-06-16,15.4900,15.4900,,,,,1398308000,1413432000,1398308000,1413432000,1385062910,1398308000,1413432000,1398308000,1413432000,1385062910
2010-06-17,15.6000,15.6000,,,,,1398308000,1413432000,1398308000,1413432000,1385062910,1398308000,1413432000,1398308000,1413432000,1385062910
2010-06-18,15.5400,15.5400,,,,,1398308000,1413432000,1398308000,1413432000,1385062910,1398308000,1413432000,1398308000,1413432000,1385062910
2010-06-21,15.2100,15.2100,,,,,1398308000,1413432000,1398308000,1413432000,1385062910,1398308000,1413432000,1398308000,1413432000,1385062910
2010-06-22,15.0900,15.0900,,,,,1398308000,1413432000,1398308000,1413432000,1385062910,1398308000,1413432000,1398308000,1413432000,1385062910
2010-06-23,15.2300,15.2300,,,,,1398308000,1413432000,1398308000,1413432000,1385062910,1398308000,1413432000,1398308000,1413432000,1385062910
2010-06-24,14.8300,14.8300,,,,,1398308000,1413432000,1398308000,1413432000,1385062910,1398308000,1413432000,1398308000,1413432000,1385062910
2010-06-25,14.8075,14.8075,,,,,1398308000,1413432000,1398308000,1413432000,1385062910,1398308000,1413432000,1398308000,1413432000,1385062910
2010-06-28,14.7300,14.7300,,,,,1398308000,1413432000,1398308000,1413432000,1385062910,1398308000,1413432000,1398308000,1413432000,1385062910
2010-06-29,14.0400,14.0400,,,,,1398308000,1413432000,1398308000,1413432000,1385062910,1398308000,1413432000,1398308000,1413432000,1385062910
2010-06-30,13.8400,13.8400,,,,,1398308000,1413432000,1398308000,1413432000,1385062910,1398308000,1413432000,1398308000,1413432000,1385062910
2010-07-01,14.0900,14.0900,,,,,1398308000,1413432000,1398308000,1413432000,1385062910,1398308000,1413432000,1398308000,1413432000,1385062910
2010-07-02,14.0700,14.0700,,,,,1398308000,1413432000,1398308000,1413432000,1385062910,1398308000,1413432000,1398308000,1413432000,1385062910
2010-07-06,14.1300,14.1300,,,,,1398308000,1413432000,1398308000,1413432000,1385062910,1398308000,1413432000,1398308000,1413432000,1385062910
2010-07-07,14.3950,14.3950,,,,,1398308000,1413432000,1398308000,1413432000,1385062910,1398308000,1413432000,1398308000,1413432000,1385062910
2010-07-08,14.6000,14.6000,,,,,1398308000,1413432000,1398308000,1413432000,1385062910,1398308000,1413432000,1398308000,1413432000,1385062910
2010-07-09,14.8900,14.8900,,,,,1398308000,1413432000,1398308000,1413432000,1385062910,1398308000,1413432000,1398308000,1413432000,1385062910
2010-07-12,14.9400,14.9400,,,,,1398308000,1413432000,1398308000,1413432000,1385062910,1398308000,1413432000,1398308000,1413432000,1385062910
2010-07-13,15.5200,15.5200,,,,,1398308000,1413432000,1398308000,1413432000,1385062910,1398308000,1413432000,1398308000,1413432000,1385062910
2010-07-14,15.3700,15.3700,,,,,1398308000,1413432000,1398308000,1413432000,1385062910,1398308000,1413432000,1398308000,1413432000,1385062910
2010-07-15,15.3700,15.3700,,,,,1398308000,1413432000,1398308000,1413432000,1385062910,1398308000,1413432000,1398308000,1413432000,1385062910
2010-07-16,14.9000,14.9000,,,,,1398308000,1413432000,1398308000,1413432000,1385062910,1398308000,1413432000,1398308000,1413432000,1385062910
2010-07-19,15.1000,15.1000,,,,,1398308000,1413432000,1398308000,1413432000,1385062910,1398308000,1413432000,1398308000,1413432000,1385062910
2010-07-20,15.2000,15.2000,,,,,1398308000,1413432000,1398308000,1413432000,1385062910,1398308000,1413432000,1398308000,1413432000,1385062910
2010-07-21,13.9100,13.9100,,,,,1398308000,1413432000,1398308000,1413432000,1385062910,1398308000,1413432000,1398308000,1413432000,1385062910
2010-07-22,13.8800,13.8800,,,,,1398308000,1413432000,1398308000,1413432000,1385062910,1398308000,1413432000,1398308000,1413432000,1385062910
2010-07-23,13.9900,13.9900,,,,,1398308000,1413432000,1398308000,1413432000,1385062910,1398308000,1413432000,1398308000,1413432000,1385062910
2010-07-26,14.1500,14.1500,,,,,1398308000,1413432000,1398308000,1413432000,1385062910,1398308000,1413432000,1398308000,1413432000,1385062910
2010-07-27,13.9500,13.9500,,,,,1398308000,1413432000,1398308000,1413432000,1385062910,1398308000,1413432000,1398308000,1413432000,1385062910
2010-07-28,13.8700,13.8700,,,,,1398308000,1413432000,1398308000,1413432000,1385062910,1398308000,1413432000,1398308000,1413432000,1385062910
2010-07-29,13.7600,13.7600,,,,,1398308000,1413432000,1398308000,1413432000,1385062910,1398308000,1413432000,1398308000,1413432000,1385062910
2010-07-30,13.8800,13.8800,,,,,1398308000,1413432000,1398308000,1413432000,1385062910,1398308000,1413432000,1398308000,1413432000,1385062910
2010-08-02,14.0000,14.0000,,,,,1398308000,1413432000,1398308000,1413432000,1385062910,1398308000,1413432000,1398308000,1413432000,1385062910
2010-08-03,13.9400,13.9400,,,,,1398308000,1413432000,1398308000,1413432000,1385062910,1398308000,1413432000,1398308000,1413432000,1385062910
2010-08-04,14.1800,14.1800,,,,,1398308000,1413432000,1398308000,1413432000,1385062910,1398308000,1413432000,1398308000,1413432000,1385062910
2010-08-05,14.1600,14.1600,,,,,1398308000,1413432000,1398308000,1413432000,1385062910,1398308000,1413432000,1398308000,1413432000,1385062910
2010-08-06,14.3400,14.3400,,,,,1398308000,1413432000,1398308000,1413432000,1385062910,1398308000,1413432000,1398308000,1413432000,1385062910
2010-08-09,14.4000,14.4000,,,,,1378374000,1390240000,1378374000,1390240000,1348278127,1378374000,1390240000,1378374000,1390240000,1348278127
2010-08-10,14.3500,14.3500,,,,,1378374000,1390240000,1378374000,1390240000,1348278127,1378374000,1390240000,1378374000,1390240000,1348278127
2010-08-11,13.8700,13.8700,,,,,1378374000,1390240000,1378374000,1390240000,1348278127,1378374000,1390240000,1378374000,1390240000,1348278127
2010-08-12,13.8500,13.8500,,,,,1378374000,1390240000,1378374000,1390240000,1348278127,1378374000,1390240000,1378374000,1390240000,1348278127
2010-08-13,13.8300,13.8300,,,,,1378374000,1390240000,1378374000,1390240000,1348278127,1378374000,1390240000,1378374000,1390240000,1348278127
2010-08-16,13.7900,13.7900,,,,,1378374000,1390240000,1378374000,1390240000,1348278127,1378374000,1390240000,1378374000,1390240000,1348278127
2010-08-17,13.9400,13.9400,,,,,1378374000,1390240000,1378374000,1390240000,1348278127,1378374000,1390240000,1378374000,1390240000,1348278127
2010-08-18,13.9900,13.9900,,,,,1378374000,1390240000,1378374000,1390240000,1348278127,1378374000,1390240000,1378374000,1390240000,1348278127
2010-08-19,13.8500,13.8500,,,,,1378374000,1390240000,1378374000,1390240000,1348278127,1378374000,1390240000,1378374000,1390240000,1348278127
2010-08-20,13.7900,13.7900,,,,,1378374000,1390240000,1378374000,1390240000,1348278127,1378374000,1390240000,1378374000,1390240000,1348278127
2010-08-23,13.6500,13.6500,,,,,1378374000,1390240000,1378374000,1390240000,1348278127,1378374000,1390240000,1378374000,1390240000,1348278127
2010-08-24,13.3990,13.3990,,,,,1378374000,1390240000,1378374000,1390240000,1348278127,1378374000,1390240000,1378374000,1390240000,1348278127
2010-08-25,13.2600,13.2600,,,,,1378374000,1390240000,1378374000,1390240000,1348278127,1378374000,1390240000,1378374000,1390240000,1348278127
2010-08-26,13.2100,13.2100,,,,,1378374000,1390240000,1378374000,1390240000,1348278127,1378374000,1390240000,1378374000,1390240000,1348278127
2010-08-27,13.4300,13.4300,,,,,1378374000,1390240000,1378374000,1390240000,1348278127,1378374000,1390240000,1378374000,1390240000,1348278127
2010-08-30,13.1800,13.1800,,,,,1378374000,1390240000,1378374000,1390240000,1348278127,1378374000,1390240000,1378374000,1390240000,1348278127
2010-08-31,13.1090,13.1090,,,,,1378374000,1390240000,1378374000,1390240000,1348278127,1378374000,1390240000,1378374000,1390240000,1348278127
2010-09-01,13.3700,13.3700,,,,,1378374000,1390240000,1378374000,1390240000,1348278127,1378374000,1390240000,1378374000,1390240000,1348278127
2010-09-02,13.5100,13.5100,,,,,1378374000,1390240000,1378374000,1390240000,1348278127,1378374000,1390240000,1378374000,1390240000,1348278127
2010-09-03,13.6200,13.6200,,,,,1378374000,1390240000,1378374000,1390240000,1348278127,1378374000,1390240000,1378374000,1390240000,1348278127
2010-09-07,13.5300,13.5300,,,,,1378374000,1390240000,1378374000,1390240000,1348278127,1378374000,1390240000,1378374000,1390240000,1348278127
2010-09-08,13.7500,13.7500,,,,,1378374000,1390240000,1378374000,1390240000,1348278127,1378374000,1390240000,1378374000,1390240000,1348278127
2010-09-09,13.6500,13.6500,,,,,1378374000,1390240000,1378374000,1390240000,1348278127,1378374000,1390240000,1378374000,1390240000,1348278127
2010-09-10,13.6800,13.6800,,,,,1378374000,1390240000,1378374000,1390240000,1348278127,1378374000,1390240000,1378374000,1390240000,1348278127
2010-09-13,13.7300,13.7300,,,,,1378374000,1390240000,1378374000,1390240000,1348278127,1378374000,1390240000,1378374000,1390240000,1348278127
2010-09-14,13.6300,13.6300,,,,,1378374000,1390240000,1378374000,1390240000,1348278127,1378374000,1390240000,1378374000,1390240000,1348278127
2010-09-15,14.2690,14.2690,,,,,1378374000,1390240000,1378374000,1390240000,1348278127,1378374000,1390240000,1378374000,1390240000,1348278127
2010-09-16,14.1900,14.1900,,,,,1378374000,1390240000,1378374000,1390240000,1348278127,1378374000,1390240000,1378374000,1390240000,1348278127
2010-09-17,13.8900,13.8900,,,,,1378374000,1390240000,1378374000,1390240000,1348278127,1378374000,1390240000,1378374000,1390240000,1348278127
2010-09-20,13.8581,13.8581,,,,,1378374000,1390240000,1378374000,1390240000,1348278127,1378374000,1390240000,1378374000,1390240000,1348278127
2010-09-21,14.1825,14.1825,,,,,1378374000,1390240000,1378374000,1390240000,1348278127,1378374000,1390240000,1378374000,1390240000,1348278127
2010-09-22,14.0400,14.0400,,,,,1378374000,1390240000,1378374000,1390240000,1348278127,1378374000,1390240000,1378374000,1390240000,1348278127
2010-09-23,14.1700,14.1700,,,,,1378374000,1390240000,1378374000,1390240000,1348278127,1378374000,1390240000,1378374000,1390240000,1348278127
2010-09-24,14.5000,14.5000,,,,,1378374000,1390240000,1378374000,1390240000,1348278127,1378374000,1390240000,1378374000,1390240000,1348278127
2010-09-27,14.2790,14.2790,,,,,1378374000,1390240000,1378374000,1390240000,1348278127,1378374000,1390240000,1378374000,1390240000,1348278127
2010-09-28,14.3900,14.3900,,,,,1378374000,1390240000,1378374000,1390240000,1348278127,1378374000,1390240000,1378374000,1390240000,1348278127
2010-09-29,14.3400,14.3400,,,,,1378374000,1390240000,1378374000,1390240000,1348278127,1378374000,1390240000,1378374000,1390240000,1348278127
2010-09-30,14.1700,14.1700,,,,,1378374000,1390240000,1378374000,1390240000,1348278127,1378374000,1390240000,1378374000,1390240000,1348278127
2010-10-01,14.2700,14.2700,,,,,1378374000,1390240000,1378374000,1390240000,1348278127,1378374000,1390240000,1378374000,1390240000,1348278127
2010-10-04,14.2800,14.2800,,,,,1378374000,1390240000,1378374000,1390240000,1348278127,1378374000,1390240000,1378374000,1390240000,1348278127
2010-10-05,14.6100,14.6100,,,,,1378374000,1390240000,1378374000,1390240000,1348278127,1378374000,1390240000,1378374000,1390240000,1348278127
2010-10-06,14.5200,14.5200,,,,,1378374000,1390240000,1378374000,1390240000,1348278127,1378374000,1390240000,1378374000,1390240000,1348278127
2010-10-07,14.2300,14.2300,,,,,1378374000,1390240000,1378374000,1390240000,1348278127,1378374000,1390240000,1378374000,1390240000,1348278127
2010-10-08,14.4900,14.4900,,,,,1378374000,1390240000,1378374000,1390240000,1348278127,1378374000,1390240000,1378374000,1390240000,1348278127
2010-10-11,14.4100,14.4100,,,,,1378374000,1390240000,1378374000,1390240000,1348278127,1378374000,1390240000,1378374000,1390240000,1348278127
2010-10-12,14.4300,14.4300,,,,,1378374000,1390240000,1378374000,1390240000,1348278127,1378374000,1390240000,1378374000,1390240000,1348278127
2010-10-13,15.2500,15.2500,,,,,1378374000,1390240000,1378374000,1390240000,1348278127,1378374000,1390240000,1378374000,1390240000,1348278127
2010-10-14,15.9300,15.9300,,,,,1378374000,1390240000,1378374000,1390240000,1348278127,1378374000,1390240000,1378374000,1390240000,1348278127
2010-10-15,16.2500,16.2500,,,,,1378374000,1390240000,1378374000,1390240000,1348278127,1378374000,1390240000,1378374000,1390240000,1348278127
2010-10-18,15.9250,15.9250,,,,,1378374000,1390240000,1378374000,1390240000,1348278127,1378374000,1390240000,1378374000,1390240000,1348278127
2010-10-19,15.4900,15.4900,,,,,1378374000,1390240000,1378374000,1390240000,1348278127,1378374000,1390240000,1378374000,1390240000,1348278127
2010-10-20,15.8000,15.8000,,,,,1378374000,1390240000,1378374000,1390240000,1348278127,1378374000,1390240000,1378374000,1390240000,1348278127
2010-10-21,15.9700,15.9700,,,,,1378374000,1390240000,1378374000,1390240000,1348278127,1378374000,1390240000,1378374000,1390240000,1348278127
2010-10-22,16.3050,16.3050,,,,,1378374000,1390240000,1378374000,1390240000,1348278127,1378374000,1390240000,1378374000,1390240000,1348278127
2010-10-25,16.4000,16.4000,,,,,1378374000,1390240000,1378374000,1390240000,1348278127,1378374000,1390240000,1378374000,1390240000,1348278127
2010-10-26,16.4550,16.4550,,,,,1378374000,1390240000,1378374000,1390240000,1348278127,1378374000,1390240000,1378374000,1390240000,1348278127
2010-10-27,16.4200,16.4200,,,,,1378374000,1390240000,1378374000,1390240000,1348278127,1378374000,1390240000,1378374000,1390240000,1348278127
2010-10-28,16.4000,16.4000,,,,,1378374000,1390240000,1378374000,1390240000,1348278127,1378374000,1390240000,1378374000,1390240000,1348278127
2010-10-29,16.4900,16.4900,,,,,1378374000,1390240000,1378374000,1390240000,1348278127,1378374000,1390240000,1378374000,1390240000,1348278127
2010-11-01,16.1500,16.1500,,,,,1378374000,1390240000,1378374000,1390240000,1348278127,1378374000,1390240000,1378374000,1390240000,1348278127
2010-11-02,16.1920,16.1920,,,,,1378374000,1390240000,1378374000,1390240000,1348278127,1378374000,1390240000,1378374000,1390240000,1348278127
2010-11-03,16.1700,16.1700,,,,,1378374000,1390240000,1378374000,1390240000,1348278127,1378374000,1390240000,1378374000,1390240000,1348278127
2010-11-04,16.2000,16.2000,,,,,1378374000,1390240000,1378374000,1390240000,1348278127,1378374000,1390240000,1378374000,1390240000,1348278127
2010-11-05,16.2650,16.2650,,,,,1378374000,1390240000,1378374000,1390240000,1348278127,1378374000,1390240000,1378374000,1390240000,1348278127
2010-11-08,16.4400,16.4400,,,,,1333753000,1343094000,1333753000,1343094000,1303499916,1333753000,1343094000,1333753000,1343094000,1303499916
2010-11-09,16.9700,16.9700,,,,,1333753000,1343094000,1333753000,1343094000,1303499916,1333753000,1343094000,1333753000,1343094000,1303499916
2010-11-10,16.9400,16.9400,,,,,1333753000,1343094000,1333753000,1343094000,1303499916,1333753000,1343094000,1333753000,1343094000,1303499916
2010-11-11,16.8000,16.8000,,,,,1333753000,1343094000,1333753000,1343094000,1303499916,1333753000,1343094000,1333753000,1343094000,1303499916
2010-11-12,16.5500,16.5500,,,,,1333753000,1343094000,1333753000,1343094000,1303499916,1333753000,1343094000,1333753000,1343094000,1303499916
2010-11-15,16.5950,16.5950,,,,,1333753000,1343094000,1333753000,1343094000,1303499916,1333753000,1343094000,1333753000,1343094000,1303499916
2010-11-16,16.2400,16.2400,,,,,1333753000,1343094000,1333753000,1343094000,1303499916,1333753000,1343094000,1333753000,1343094000,1303499916
2010-11-17,16.1500,16.1500,,,,,1333753000,1343094000,1333753000,1343094000,1303499916,1333753000,1343094000,1333753000,1343094000,1303499916
2010-11-18,16.9900,16.9900,,,,,1333753000,1343094000,1333753000,1343094000,1303499916,1333753000,1343094000,1333753000,1343094000,1303499916
2010-11-19,16.5700,16.5700,,,,,1333753000,1343094000,1333753000,1343094000,1303499916,1333753000,1343094000,1333753000,1343094000,1303499916
2010-11-22,16.5600,16.5600,,,,,1333753000,1343094000,1333753000,1343094000,1303499916,1333753000,1343094000,1333753000,1343094000,1303499916
2010-11-23,16.1900,16.1900,,,,,1333753000,1343094000,1333753000,1343094000,1303499916,1333753000,1343094000,1333753000,1343094000,1303499916
2010-11-24,16.4100,16.4100,,,,,1333753000,1343094000,1333753000,1343094000,1303499916,1333753000,1343094000,1333753000,1343094000,1303499916
2010-11-26,16.2200,16.2200,,,,,1333753000,1343094000,1333753000,1343094000,1303499916,1333753000,1343094000,1333753000,1343094000,1303499916
2010-11-29,16.3800,16.3800,,,,,1333753000,1343094000,1333753000,1343094000,1303499916,1333753000,1343094000,1333753000,1343094000,1303499916
2010-11-30,15.8150,15.8150,,,,,1333753000,1343094000,1333753000,1343094000,1303499916,1333753000,1343094000,1333753000,1343094000,1303499916
2010-12-01,16.1500,16.1500,,,,,1333753000,1343094000,1333753000,1343094000,1303499916,1333753000,1343094000,1333753000,1343094000,1303499916
2010-12-02,16.3300,16.3300,,,,,1333753000,1343094000,1333753000,1343094000,1303499916,1333753000,1343094000,1333753000,1343094000,1303499916
2010-12-03,16.3495,16.3495,,,,,1333753000,1343094000,1333753000,1343094000,1303499916,1333753000,1343094000,1333753000,1343094000,1303499916
2010-12-06,16.3300,16.3300,,,,,1333753000,1343094000,1333753000,1343094000,1303499916,1333753000,1343094000,1333753000,1343094000,1303499916
2010-12-07,16.9400,16.9400,,,,,1333753000,1343094000,1333753000,1343094000,1303499916,1333753000,1343094000,1333753000,1343094000,1303499916
2010-12-08,17.0200,17.0200,,,,,1333753000,1343094000,1333753000,1343094000,1303499916,1333753000,1343094000,1333753000,1343094000,1303499916
2010-12-09,16.9500,16.9500,,,,,1333753000,1343094000,1333753000,1343094000,1303499916,1333753000,1343094000,1333753000,1343094000,1303499916
2010-12-10,17.0100,17.0100,,,,,1333753000,1343094000,1333753000,1343094000,1303499916,1333753000,1343094000,1333753000,1343094000,1303499916
2010-12-13,16.6975,16.6975,,,,,1333753000,1343094000,1333753000,1343094000,1303499916,1333753000,1343094000,1333753000,1343094000,1303499916
2010-12-14,16.6300,16.6300,,,,,1333753000,1343094000,1333753000,1343094000,1303499916,1333753000,1343094000,1333753000,1343094000,1303499916
2010-12-15,16.4500,16.4500,,,,,1333753000,1343094000,1333753000,1343094000,1303499916,1333753000,1343094000,1333753000,1343094000,1303499916
2010-12-16,16.5100,16.5100,,,,,1333753000,1343094000,1333753000,1343094000,1303499916,1333753000,1343094000,1333753000,1343094000,1303499916
2010-12-17,16.3810,16.3810,,,,,1333753000,1343094000,1333753000,1343094000,1303499916,1333753000,1343094000,1333753000,1343094000,1303499916
2010-12-20,16.2810,16.2810,,,,,1333753000,1343094000,1333753000,1343094000,1303499916,1333753000,1343094000,1333753000,1343094000,1303499916
2010-12-21,16.6000,16.6000,,,,,1333753000,1343094000,1333753000,1343094000,1303499916,1333753000,1343094000,1333753000,1343094000,1303499916
2010-12-22,16.6325,16.6325,,,,,1333753000,1343094000,1333753000,1343094000,1303499916,1333753000,1343094000,1333753000,1343094000,1303499916
2010-12-23,16.7200,16.7200,,,,,1333753000,1343094000,1333753000,1343094000,1303499916,1333753000,1343094000,1333753000,1343094000,1303499916
2010-12-27,16.4800,16.4800,,,,,1333753000,1343094000,1333753000,1343094000,1303499916,1333753000,1343094000,1333753000,1343094000,1303499916
2010-12-28,16.4300,16.4300,,,,,1333753000,1343094000,1333753000,1343094000,1303499916,1333753000,1343094000,1333753000,1343094000,1303499916
2010-12-29,16.6100,16.6100,,,,,1333753000,1343094000,1333753000,1343094000,1303499916,1333753000,1343094000,1333753000,1343094000,1303499916
2010-12-30,16.7600,16.7600,,,,,1333753000,1343094000,1333753000,1343094000,1303499916,1333753000,1343094000,1333753000,1343094000,1303499916
2010-12-31,16.6300,16.6300,,,,,1333753000,1343094000,1333753000,1343094000,1303499916,1333753000,1343094000,1333753000,1343094000,1303499916
2011-01-03,16.7500,16.7500,,,,,1333753000,1343094000,1333753000,1343094000,1303499916,1333753000,1343094000,1333753000,1343094000,1303499916
2011-01-04,16.5910,16.5910,,,,,1333753000,1343094000,1333753000,1343094000,1303499916,1333753000,1343094000,1333753000,1343094000,1303499916
2011-01-05,16.9100,16.9100,,,,,1333753000,1343094000,1333753000,1343094000,1303499916,1333753000,1343094000,1333753000,1343094000,1303499916
2011-01-06,17.0590,17.0590,,,,,1333753000,1343094000,1333753000,1343094000,1303499916,1333753000,1343094000,1333753000,1343094000,1303499916
2011-01-07,16.9025,16.9025,,,,,1333753000,1343094000,1333753000,1343094000,1303499916,1333753000,1343094000,1333753000,1343094000,1303499916
2011-01-10,16.6000,16.6000,,,,,1333753000,1343094000,1333753000,1343094000,1303499916,1333753000,1343094000,1333753000,1343094000,1303499916
2011-01-11,16.5800,16.5800,,,,,1333753000,1343094000,1333753000,1343094000,1303499916,1333753000,1343094000,1333753000,1343094000,1303499916
2011-01-12,16.6500,16.6500,,,,,1333753000,1343094000,1333753000,1343094000,1303499916,1333753000,1343094000,1333753000,1343094000,1303499916
2011-01-13,16.7500,16.7500,,,,,1333753000,1343094000,1333753000,1343094000,1303499916,1333753000,1343094000,1333753000,1343094000,1303499916
2011-01-14,16.8100,16.8100,,,,,1333753000,1343094000,1333753000,1343094000,1303499916,1333753000,1343094000,1333753000,1343094000,1303499916
2011-01-18,16.4990,16.4990,,,,,1333753000,1343094000,1333753000,1343094000,1303499916,1333753000,1343094000,1333753000,1343094000,1303499916
2011-01-19,16.3100,16.3100,,,,,1333753000,1343094000,1333753000,1343094000,1303499916,1333753000,1343094000,1333753000,1343094000,1303499916
2011-01-20,16.2295,16.2295,,,,,1333753000,1343094000,1333753000,1343094000,1303499916,1333753000,1343094000,1333753000,1343094000,1303499916
2011-01-21,15.9650,15.9650,,,,,1333753000,1343094000,1333753000,1343094000,1303499916,1333753000,1343094000,1333753000,1343094000,1303499916
2011-01-24,16.0900,16.0900,,,,,1333753000,1343094000,1333753000,1343094000,1303499916,1333753000,1343094000,1333753000,1343094000,1303499916
2011-01-25,16.0200,16.0200,,,,,1333753000,1343094000,1333753000,1343094000,1303499916,1333753000,1343094000,1333753000,1343094000,1303499916
2011-01-26,15.5725,15.5725,,,,,1333753000,1343094000,1333753000,1343094000,1303499916,1333753000,1343094000,1333753000,1343094000,1303499916
2011-01-27,16.2000,16.2000,,,,,1333753000,1343094000,1333753000,1343094000,1303499916,1333753000,1343094000,1333753000,1343094000,1303499916
2011-01-28,15.8300,15.8300,,,,,1333753000,1343094000,1333753000,1343094000,1303499916,1333753000,1343094000,1333753000,1343094000,1303499916
2011-01-31,16.1200,16.1200,,,,,1333753000,1343094000,1333753000,1343094000,1303499916,1333753000,1343094000,1333753000,1343094000,1303499916
2011-02-01,16.3800,16.3800,,,,,1333753000,1343094000,1333753000,1343094000,1303499916,1333753000,1343094000,1333753000,1343094000,1303499916
2011-02-02,16.5700,16.5700,,,,,1333753000,1343094000,1333753000,1343094000,1303499916,1333753000,1343094000,1333753000,1343094000,1303499916
2011-02-03,16.6925,16.6925,,,,,1333753000,1343094000,1333753000,1343094000,1303499916,1333753000,1343094000,1333753000,1343094000,1303499916
2011-02-04,16.7850,16.7850,,,,,1333753000,1343094000,1333753000,1343094000,1303499916,1333753000,1343094000,1333753000,1343094000,1303499916
2011-02-07,16.8000,16.8000,,,,,1333753000,1343094000,1333753000,1343094000,1303499916,1333753000,1343094000,1333753000,1343094000,1303499916
2011-02-08,16.5950,16.5950,,,,,1333753000,1343094000,1333753000,1343094000,1303499916,1333753000,1343094000,1333753000,1343094000,1303499916
2011-02-09,16.4300,16.4300,,,,,1333753000,1343094000,1333753000,1343094000,1303499916,1333753000,1343094000,1333753000,1343094000,1303499916
2011-02-10,16.6200,16.6200,,,,,1333753000,1343094000,1333753000,1343094000,1303499916,1333753000,1343094000,1333753000,1343094000,1303499916
2011-02-11,16.8500,16.8500,,,,,1333753000,1343094000,1333753000,1343094000,1303499916,1333753000,1343094000,1333753000,1343094000,1303499916
2011-02-14,16.8900,16.8900,,,,,1333753000,1343094000,1333753000,1343094000,1303499916,1333753000,1343094000,1333753000,1343094000,1303499916
2011-02-15,17.2000,17.2000,,,,,1333753000,1343094000,1333753000,1343094000,1303499916,1333753000,1343094000,1333753000,1343094000,1303499916
2011-02-16,17.7600,17.7600,,,,,1333753000,1343094000,1333753000,1343094000,1303499916,1333753000,1343094000,1333753000,1343094000,1303499916
2011-02-17,17.7700,17.7700,,,,,1333753000,1343094000,1333753000,1343094000,1303499916,1333753000,1343094000,1333753000,1343094000,1303499916
2011-02-18,17.6600,17.6600,,,,,1333753000,1343094000,1333753000,1343094000,1303499916,1333753000,1343094000,1333753000,1343094000,1303499916
2011-02-22,16.9050,16.9050,,,,,1333753000,1343094000,1333753000,1343094000,1303499916,1333753000,1343094000,1333753000,1343094000,1303499916
2011-02-23,16.5800,16.5800,,,,,1333753000,1343094000,1333753000,1343094000,1303499916,1333753000,1343094000,1333753000,1343094000,1303499916
2011-02-24,16.3700,16.3700,,,,,1333753000,1343094000,1333753000,1343094000,1303499916,1333753000,1343094000,1333753000,1343094000,1303499916
2011-02-25,16.5000,16.5000,,,,,1333753000,1343094000,1333753000,1343094000,1303499916,1333753000,1343094000,1333753000,1343094000,1303499916
2011-02-28,16.4000,16.4000,,,,,1354118000,1364612000,1354118000,1364612000,1353500000,1354118000,1364612000,1354118000,1364612000,1353500000
2011-03-01,16.1000,16.1000,,,,,1354118000,1364612000,1354118000,1364612000,1353500000,1354118000,1364612000,1354118000,1364612000,1353500000
2011-03-02,16.6300,16.6300,,,,,1354118000,1364612000,1354118000,1364612000,1353500000,1354118000,1364612000,1354118000,1364612000,1353500000
2011-03-03,16.8600,16.8600,,,,,1354118000,1364612000,1354118000,1364612000,1353500000,1354118000,1364612000,1354118000,1364612000,1353500000
2011-03-04,17.0825,17.0825,,,,,1354118000,1364612000,1354118000,1364612000,1353500000,1354118000,1364612000,1354118000,1364612000,1353500000
2011-03-07,16.7000,16.7000,,,,,1354118000,1364612000,1354118000,1364612000,1353500000,1354118000,1364612000,1354118000,1364612000,1353500000
2011-03-08,16.9400,16.9400,,,,,1354118000,1364612000,1354118000,1364612000,1353500000,1354118000,1364612000,1354118000,1364612000,1353500000
2011-03-09,17.6500,17.6500,,,,,1354118000,1364612000,1354118000,1364612000,1353500000,1354118000,1364612000,1354118000,1364612000,1353500000
2011-03-10,17.0600,17.0600,,,,,1354118000,1364612000,1354118000,1364612000,1353500000,1354118000,1364612000,1354118000,1364612000,1353500000
2011-03-11,17.4200,17.4200,,,,,1354118000,1364612000,1354118000,1364612000,1353500000,1354118000,1364612000,1354118000,1364612000,1353500000
2011-03-14,17.3100,17.3100,,,,,1354118000,1364612000,1354118000,1364612000,1353500000,1354118000,1364612000,1354118000,1364612000,1353500000
2011-03-15,16.3300,16.3300,,,,,1354118000,1364612000,1354118000,1364612000,1353500000,1354118000,1364612000,1354118000,1364612000,1353500000
2011-03-16,15.9075,15.9075,,,,,1354118000,1364612000,1354118000,1364612000,1353500000,1354118000,1364612000,1354118000,1364612000,1353500000
2011-03-17,15.8600,15.8600,,,,,1354118000,1364612000,1354118000,1364612000,1353500000,1354118000,1364612000,1354118000,1364612000,1353500000
2011-03-18,16.0300,16.0300,,,,,1354118000,1364612000,1354118000,1364612000,1353500000,1354118000,1364612000,1354118000,1364612000,1353500000
2011-03-21,16.2890,16.2890,,,,,1354118000,1364612000,1354118000,1364612000,1353500000,1354118000,1364612000,1354118000,1364612000,1353500000
2011-03-22,16.3550,16.3550,,,,,1354118000,1364612000,1354118000,1364612000,1353500000,1354118000,1364612000,1354118000,1364612000,1353500000
2011-03-23,16.1300,16.1300,,,,,1354118000,1364612000,1354118000,1364612000,1353500000,1354118000,1364612000,1354118000,1364612000,1353500000
2011-03-24,16.8300,16.8300,,,,,1354118000,1364612000,1354118000,1364612000,1353500000,1354118000,1364612000,1354118000,1364612000,1353500000
2011-03-25,16.9600,16.9600,,,,,1354118000,1364612000,1354118000,1364612000,1353500000,1354118000,1364612000,1354118000,1364612000,1353500000
2011-03-28,16.5800,16.5800,,,,,1354118000,1364612000,1354118000,1364612000,1353500000,1354118000,1364612000,1354118000,1364612000,1353500000
2011-03-29,16.7500,16.7500,,,,,1354118000,1364612000,1354118000,1364612000,1353500000,1354118000,1364612000,1354118000,1364612000,1353500000
2011-03-30,16.7400,16.7400,,,,,1354118000,1364612000,1354118000,1364612000,1353500000,1354118000,1364612000,1354118000,1364612000,1353500000
2011-03-31,16.6800,16.6800,,,,,1354118000,1364612000,1354118000,1364612000,1353500000,1354118000,1364612000,1354118000,1364612000,1353500000
2011-04-01,16.8400,16.8400,,,,,1354118000,1364612000,1354118000,1364612000,1353500000,1354118000,1364612000,1354118000,1364612000,1353500000
2011-04-04,16.8700,16.8700,,,,,1354118000,1364612000,1354118000,1364612000,1353500000,1354118000,1364612000,1354118000,1364612000,1353500000
2011-04-05,17.1100,17.1100,,,,,1354118000,1364612000,1354118000,1364612000,1353500000,1354118000,1364612000,1354118000,1364612000,1353500000
2011-04-06,17.0500,17.0500,,,,,1354118000,1364612000,1354118000,1364612000,1353500000,1354118000,1364612000,1354118000,1364612000,1353500000
2011-04-07,17.0000,17.0000,,,,,1354118000,1364612000,1354118000,1364612000,1353500000,1354118000,1364612000,1354118000,1364612000,1353500000
2011-04-08,16.7700,16.7700,,,,,1354118000,1364612000,1354118000,1364612000,1353500000,1354118000,1364612000,1354118000,1364612000,1353500000
2011-04-11,16.5900,16.5900,,,,,1354118000,1364612000,1354118000,1364612000,1353500000,1354118000,1364612000,1354118000,1364612000,1353500000
2011-04-12,16.3600,16.3600,,,,,1354118000,1364612000,1354118000,1364612000,1353500000,1354118000,1364612000,1354118000,1364612000,1353500000
2011-04-13,16.6400,16.6400,,,,,1354118000,1364612000,1354118000,1364612000,1353500000,1354118000,1364612000,1354118000,1364612000,1353500000
2011-04-14,16.6900,16.6900,,,,,1354118000,1364612000,1354118000,1364612000,1353500000,1354118000,1364612000,1354118000,1364612000,1353500000
2011-04-15,16.6200,16.6200,,,,,1354118000,1364612000,1354118000,1364612000,1353500000,1354118000,1364612000,1354118000,1364612000,1353500000
2011-04-18,16.3450,16.3450,,,,,1354118000,1364612000,1354118000,1364612000,1353500000,1354118000,1364612000,1354118000,1364612000,1353500000
2011-04-19,16.1200,16.1200,,,,,1354118000,1364612000,1354118000,1364612000,1353500000,1354118000,1364612000,1354118000,1364612000,1353500000
2011-04-20,16.8710,16.8710,,,,,1354118000,1364612000,1354118000,1364612000,1353500000,1354118000,1364612000,1354118000,1364612000,1353500000
2011-04-21,16.8500,16.8500,,,,,1354118000,1364612000,1354118000,1364612000,1353500000,1354118000,1364612000,1354118000,1364612000,1353500000
2011-04-22,16.8500,16.8500,,,,,1354118000,1364612000,1354118000,1364612000,1353500000,1354118000,1364612000,1354118000,1364612000,1353500000
2011-04-25,17.1100,17.1100,,,,,1354118000,1364612000,1354118000,1364612000,1353500000,1354118000,1364612000,1354118000,1364612000,1353500000
2011-04-26,17.2800,17.2800,,,,,1354118000,1364612000,1354118000,1364612000,1353500000,1354118000,1364612000,1354118000,1364612000,1353500000
2011-04-27,17.2600,17.2600,,,,,1354118000,1364612000,1354118000,1364612000,1353500000,1354118000,1364612000,1354118000,1364612000,1353500000
2011-04-28,17.5100,17.5100,,,,,1354118000,1364612000,1354118000,1364612000,1353500000,1354118000,1364612000,1354118000,1364612000,1353500000
2011-04-29,17.7000,17.7000,,,,,1354118000,1364612000,1354118000,1364612000,1353500000,1354118000,1364612000,1354118000,1364612000,1353500000
2011-05-02,18.1400,18.1400,,,,,1354118000,1364612000,1354118000,1364612000,1353500000,1354118000,1364612000,1354118000,1364612000,1353500000
2011-05-03,17.9200,17.9200,,,,,1354118000,1364612000,1354118000,1364612000,1353500000,1354118000,1364612000,1354118000,1364612000,1353500000
2011-05-04,18.2000,18.2000,,,,,1354118000,1364612000,1354118000,1364612000,1353500000,1354118000,1364612000,1354118000,1364612000,1353500000
2011-05-05,18.2000,18.2000,,,,,1354118000,1364612000,1354118000,1364612000,1353500000,1354118000,1364612000,1354118000,1364612000,1353500000
2011-05-06,18.6500,18.6500,,,,,1354118000,1364612000,1354118000,1364612000,1353500000,1354118000,1364612000,1354118000,1364612000,1353500000
2011-05-09,18.5600,18.5600,,,,,1354118000,1364612000,1354118000,1364612000,1353500000,1354118000,1364612000,1354118000,1364612000,1353500000
2011-05-10,18.5500,18.5500,,,,,1309064000,1320185000,1309064000,1320185000,1302941429,1309064000,1320185000,1309064000,1320185000,1302941429
2011-05-11,17.2000,17.2000,,,,,1309064000,1320185000,1309064000,1320185000,1302941429,1309064000,1320185000,1309064000,1320185000,1302941429
2011-05-12,17.1700,17.1700,,,,,1309064000,1320185000,1309064000,1320185000,1302941429,1309064000,1320185000,1309064000,1320185000,1302941429
2011-05-13,16.5500,16.5500,,,,,1309064000,1320185000,1309064000,1320185000,1302941429,1309064000,1320185000,1309064000,1320185000,1302941429
2011-05-16,15.8100,15.8100,,,,,1309064000,1320185000,1309064000,1320185000,1302941429,1309064000,1320185000,1309064000,1320185000,1302941429
2011-05-17,16.0000,16.0000,,,,,1309064000,1320185000,1309064000,1320185000,1302941429,1309064000,1320185000,1309064000,1320185000,1302941429
2011-05-18,15.9600,15.9600,,,,,1309064000,1320185000,1309064000,1320185000,1302941429,1309064000,1320185000,1309064000,1320185000,1302941429
2011-05-19,16.3500,16.3500,,,,,1309064000,1320185000,1309064000,1320185000,1302941429,1309064000,1320185000,1309064000,1320185000,1302941429
2011-05-20,16.3000,16.3000,,,,,1309064000,1320185000,1309064000,1320185000,1302941429,1309064000,1320185000,1309064000,1320185000,1302941429
2011-05-23,16.0600,16.0600,,,,,1309064000,1320185000,1309064000,1320185000,1302941429,1309064000,1320185000,1309064000,1320185000,1302941429
2011-05-24,16.1350,16.1350,,,,,1309064000,1320185000,1309064000,1320185000,1302941429,1309064000,1320185000,1309064000,1320185000,1302941429
2011-05-25,16.1500,16.1500,,,,,1309064000,1320185000,1309064000,1320185000,1302941429,1309064000,1320185000,1309064000,1320185000,1302941429
2011-05-26,15.9800,15.9800,,,,,1309064000,1320185000,1309064000,1320185000,1302941429,1309064000,1320185000,1309064000,1320185000,1302941429
2011-05-27,16.0200,16.0200,,,,,1309064000,1320185000,1309064000,1320185000,1302941429,1309064000,1320185000,1309064000,1320185000,1302941429
2011-05-31,16.5500,16.5500,,,,,1309064000,1320185000,1309064000,1320185000,1302941429,1309064000,1320185000,1309064000,1320185000,1302941429
2011-06-01,15.8450,15.8450,,,,,1309064000,1320185000,1309064000,1320185000,1302941429,1309064000,1320185000,1309064000,1320185000,1302941429
2011-06-02,16.0200,16.0200,,,,,1309064000,1320185000,1309064000,1320185000,1302941429,1309064000,1320185000,1309064000,1320185000,1302941429
2011-06-03,15.6800,15.6800,,,,,1309064000,1320185000,1309064000,1320185000,1302941429,1309064000,1320185000,1309064000,1320185000,1302941429
2011-06-06,15.4500,15.4500,,,,,1309064000,1320185000,1309064000,1320185000,1302941429,1309064000,1320185000,1309064000,1320185000,1302941429
2011-06-07,15.4450,15.4450,,,,,1309064000,1320185000,1309064000,1320185000,1302941429,1309064000,1320185000,1309064000,1320185000,1302941429
2011-06-08,15.1000,15.1000,,,,,1309064000,1320185000,1309064000,1320185000,1302941429,1309064000,1320185000,1309064000,1320185000,1302941429
2011-06-09,15.2200,15.2200,,,,,1309064000,1320185000,1309064000,1320185000,1302941429,1309064000,1320185000,1309064000,1320185000,1302941429
2011-06-10,15.2000,15.2000,,,,,1309064000,1320185000,1309064000,1320185000,1302941429,1309064000,1320185000,1309064000,1320185000,1302941429
2011-06-13,15.1600,15.1600,,,,,1309064000,1320185000,1309064000,1320185000,1302941429,1309064000,1320185000,1309064000,1320185000,1302941429
2011-06-14,15.2000,15.2000,,,,,1309064000,1320185000,1309064000,1320185000,1302941429,1309064000,1320185000,1309064000,1320185000,1302941429
2011-06-15,14.8100,14.8100,,,,,1309064000,1320185000,1309064000,1320185000,1302941429,1309064000,1320185000,1309064000,1320185000,1302941429
2011-06-16,14.7750,14.7750,,,,,1309064000,1320185000,1309064000,1320185000,1302941429,1309064000,1320185000,1309064000,1320185000,1302941429
2011-06-17,14.6950,14.6950,,,,,1309064000,1320185000,1309064000,1320185000,1302941429,1309064000,1320185000,1309064000,1320185000,1302941429
2011-06-20,14.9900,14.9900,,,,,1309064000,1320185000,1309064000,1320185000,1302941429,1309064000,1320185000,1309064000,1320185000,1302941429
2011-06-21,15.3500,15.3500,,,,,1309064000,1320185000,1309064000,1320185000,1302941429,1309064000,1320185000,1309064000,1320185000,1302941429
2011-06-22,15.2250,15.2250,,,,,1309064000,1320185000,1309064000,1320185000,1302941429,1309064000,1320185000,1309064000,1320185000,1302941429
2011-06-23,15.0800,15.0800,,,,,1309064000,1320185000,1309064000,1320185000,1302941429,1309064000,1320185000,1309064000,1320185000,1302941429
2011-06-24,14.8850,14.8850,,,,,1309064000,1320185000,1309064000,1320185000,1302941429,1309064000,1320185000,1309064000,1320185000,1302941429
2011-06-27,14.8800,14.8800,,,,,1309064000,1320185000,1309064000,1320185000,1302941429,1309064000,1320185000,1309064000,1320185000,1302941429
2011-06-28,14.9500,14.9500,,,,,1309064000,1320185000,1309064000,1320185000,1302941429,1309064000,1320185000,1309064000,1320185000,1302941429
2011-06-29,14.8900,14.8900,,,,,1309064000,1320185000,1309064000,1320185000,1302941429,1309064000,1320185000,1309064000,1320185000,1302941429
2011-06-30,15.0400,15.0400,,,,,1309064000,1320185000,1309064000,1320185000,1302941429,1309064000,1320185000,1309064000,1320185000,1302941429
2011-07-01,15.4500,15.4500,,,,,1309064000,1320185000,1309064000,1320185000,1302941429,1309064000,1320185000,1309064000,1320185000,1302941429
2011-07-05,15.4900,15.4900,,,,,1309064000,1320185000,1309064000,1320185000,1302941429,1309064000,1320185000,1309064000,1320185000,1302941429
2011-07-06,15.7200,15.7200,,,,,1309064000,1320185000,1309064000,1320185000,1302941429,1309064000,1320185000,1309064000,1320185000,1302941429
2011-07-07,15.8100,15.8100,,,,,1309064000,1320185000,1309064000,1320185000,1302941429,1309064000,1320185000,1309064000,1320185000,1302941429
2011-07-08,15.6100,15.6100,,,,,1309064000,1320185000,1309064000,1320185000,1302941429,1309064000,1320185000,1309064000,1320185000,1302941429
2011-07-11,15.0500,15.0500,,,,,1309064000,1320185000,1309064000,1320185000,1302941429,1309064000,1320185000,1309064000,1320185000,1302941429
2011-07-12,14.8600,14.8600,,,,,1309064000,1320185000,1309064000,1320185000,1302941429,1309064000,1320185000,1309064000,1320185000,1302941429
2011-07-13,14.9100,14.9100,,,,,1309064000,1320185000,1309064000,1320185000,1302941429,1309064000,1320185000,1309064000,1320185000,1302941429
2011-07-14,14.6300,14.6300,,,,,1309064000,1320185000,1309064000,1320185000,1302941429,1309064000,1320185000,1309064000,1320185000,1302941429
2011-07-15,14.6900,14.6900,,,,,1309064000,1320185000,1309064000,1320185000,1302941429,1309064000,1320185000,1309064000,1320185000,1302941429
2011-07-18,14.4200,14.4200,,,,,1309064000,1320185000,1309064000,1320185000,1302941429,1309064000,1320185000,1309064000,1320185000,1302941429
2011-07-19,14.5900,14.5900,,,,,1309064000,1320185000,1309064000,1320185000,1302941429,1309064000,1320185000,1309064000,1320185000,1302941429
2011-07-20,13.4800,13.4800,,,,,1309064000,1320185000,1309064000,1320185000,1302941429,1309064000,1320185000,1309064000,1320185000,1302941429
2011-07-21,13.5900,13.5900,,,,,1309064000,1320185000,1309064000,1320185000,1302941429,1309064000,1320185000,1309064000,1320185000,1302941429
2011-07-22,13.9800,13.9800,,,,,1309064000,1320185000,1309064000,1320185000,1302941429,1309064000,1320185000,1309064000,1320185000,1302941429
2011-07-25,13.6900,13.6900,,,,,1309064000,1320185000,1309064000,1320185000,1302941429,1309064000,1320185000,1309064000,1320185000,1302941429
2011-07-26,13.9400,13.9400,,,,,1309064000,1320185000,1309064000,1320185000,1302941429,1309064000,1320185000,1309064000,1320185000,1302941429
2011-07-27,13.5850,13.5850,,,,,1309064000,1320185000,1309064000,1320185000,1302941429,1309064000,1320185000,1309064000,1320185000,1302941429
2011-07-28,13.5000,13.5000,,,,,1309064000,1320185000,1309064000,1320185000,1302941429,1309064000,1320185000,1309064000,1320185000,1302941429
2011-07-29,13.1000,13.1000,,,,,1309064000,1320185000,1309064000,1320185000,1302941429,1309064000,1320185000,1309064000,1320185000,1302941429
2011-08-01,13.1000,13.1000,,,,,1309064000,1320185000,1309064000,1320185000,1302941429,1309064000,1320185000,1309064000,1320185000,1302941429
2011-08-02,12.7600,12.7600,,,,,1309064000,1320185000,1309064000,1320185000,1302941429,1309064000,1320185000,1309064000,1320185000,1302941429
2011-08-03,13.0200,13.0200,,,,,1309064000,1320185000,1309064000,1320185000,1302941429,1309064000,1320185000,1309064000,1320185000,1302941429
2011-08-04,12.0000,12.0000,,,,,1309064000,1320185000,1309064000,1320185000,1302941429,1309064000,1320185000,1309064000,1320185000,1302941429
2011-08-05,11.7400,11.7400,,,,,1309064000,1320185000,1309064000,1320185000,1302941429,1309064000,1320185000,1309064000,1320185000,1302941429
2011-08-08,11.0900,11.0900,,,,,1299947000,1308359000,1299947000,1308359000,1262612131,1299947000,1308359000,1299947000,1308359000,1262612131
2011-08-09,12.0850,12.0850,,,,,1299947000,1308359000,1299947000,1308359000,1262612131,1299947000,1308359000,1299947000,1308359000,1262612131
2011-08-10,11.7700,11.7700,,,,,1299947000,1308359000,1299947000,1308359000,1262612131,1299947000,1308359000,1299947000,1308359000,1262612131
2011-08-11,12.8600,12.8600,,,,,1299947000,1308359000,1299947000,1308359000,1262612131,1299947000,1308359000,1299947000,1308359000,1262612131
2011-08-12,13.5850,13.5850,,,,,1299947000,1308359000,1299947000,1308359000,1262612131,1299947000,1308359000,1299947000,1308359000,1262612131
2011-08-15,13.4650,13.4650,,,,,1299947000,1308359000,1299947000,1308359000,1262612131,1299947000,1308359000,1299947000,1308359000,1262612131
2011-08-16,13.4800,13.4800,,,,,1299947000,1308359000,1299947000,1308359000,1262612131,1299947000,1308359000,1299947000,1308359000,1262612131
2011-08-17,13.4700,13.4700,,,,,1299947000,1308359000,1299947000,1308359000,1262612131,1299947000,1308359000,1299947000,1308359000,1262612131
2011-08-18,12.9550,12.9550,,,,,1299947000,1308359000,1299947000,1308359000,1262612131,1299947000,1308359000,1299947000,1308359000,1262612131
2011-08-19,12.9200,12.9200,,,,,1299947000,1308359000,1299947000,1308359000,1262612131,1299947000,1308359000,1299947000,1308359000,1262612131
2011-08-22,12.8400,12.8400,,,,,1299947000,1308359000,1299947000,1308359000,1262612131,1299947000,1308359000,1299947000,1308359000,1262612131
2011-08-23,13.3500,13.3500,,,,,1299947000,1308359000,1299947000,1308359000,1262612131,1299947000,1308359000,1299947000,1308359000,1262612131
2011-08-24,13.1500,13.1500,,,,,1299947000,1308359000,1299947000,1308359000,1262612131,1299947000,1308359000,1299947000,1308359000,1262612131
2011-08-25,12.8700,12.8700,,,,,1299947000,1308359000,1299947000,1308359000,1262612131,1299947000,1308359000,1299947000,1308359000,1262612131
2011-08-26,12.7400,12.7400,,,,,1299947000,1308359000,1299947000,1308359000,1262612131,1299947000,1308359000,1299947000,1308359000,1262612131
2011-08-29,13.6800,13.6800,,,,,1299947000,1308359000,1299947000,1308359000,1262612131,1299947000,1308359000,1299947000,1308359000,1262612131
2011-08-30,13.8400,13.8400,,,,,1299947000,1308359000,1299947000,1308359000,1262612131,1299947000,1308359000,1299947000,1308359000,1262612131
2011-08-31,13.6100,13.6100,,,,,1299947000,1308359000,1299947000,1308359000,1262612131,1299947000,1308359000,1299947000,1308359000,1262612131
2011-09-01,13.3500,13.3500,,,,,1299947000,1308359000,1299947000,1308359000,1262612131,1299947000,1308359000,1299947000,1308359000,1262612131
2011-09-02,12.8700,12.8700,,,,,1299947000,1308359000,1299947000,1308359000,1262612131,1299947000,1308359000,1299947000,1308359000,1262612131
2011-09-06,12.9100,12.9100,,,,,1299947000,1308359000,1299947000,1308359000,1262612131,1299947000,1308359000,1299947000,1308359000,1262612131
2011-09-07,13.6100,13.6100,,,,,1299947000,1308359000,1299947000,1308359000,1262612131,1299947000,1308359000,1299947000,1308359000,1262612131
2011-09-08,14.4400,14.4400,,,,,1299947000,1308359000,1299947000,1308359000,1262612131,1299947000,1308359000,1299947000,1308359000,1262612131
2011-09-09,14.4800,14.4800,,,,,1299947000,1308359000,1299947000,1308359000,1262612131,1299947000,1308359000,1299947000,1308359000,1262612131
2011-09-12,14.2600,14.2600,,,,,1299947000,1308359000,1299947000,1308359000,1262612131,1299947000,1308359000,1299947000,1308359000,1262612131
2011-09-13,14.2550,14.2550,,,,,1299947000,1308359000,1299947000,1308359000,1262612131,1299947000,1308359000,1299947000,1308359000,1262612131
2011-09-14,14.5500,14.5500,,,,,1299947000,1308359000,1299947000,1308359000,1262612131,1299947000,1308359000,1299947000,1308359000,1262612131
2011-09-15,14.8900,14.8900,,,,,1299947000,1308359000,1299947000,1308359000,1262612131,1299947000,1308359000,1299947000,1308359000,1262612131
2011-09-16,14.9700,14.9700,,,,,1299947000,1308359000,1299947000,1308359000,1262612131,1299947000,1308359000,1299947000,1308359000,1262612131
2011-09-19,14.6100,14.6100,,,,,1299947000,1308359000,1299947000,1308359000,1262612131,1299947000,1308359000,1299947000,1308359000,1262612131
2011-09-20,14.3600,14.3600,,,,,1299947000,1308359000,1299947000,1308359000,1262612131,1299947000,1308359000,1299947000,1308359000,1262612131
2011-09-21,13.9600,13.9600,,,,,1299947000,1308359000,1299947000,1308359000,1262612131,1299947000,1308359000,1299947000,1308359000,1262612131
2011-09-22,13.9900,13.9900,,,,,1299947000,1308359000,1299947000,1308359000,1262612131,1299947000,1308359000,1299947000,1308359000,1262612131
2011-09-23,14.7100,14.7100,,,,,1299947000,1308359000,1299947000,1308359000,1262612131,1299947000,1308359000,1299947000,1308359000,1262612131
2011-09-26,14.7500,14.7500,,,,,1299947000,1308359000,1299947000,1308359000,1262612131,1299947000,1308359000,1299947000,1308359000,1262612131
2011-09-27,14.5400,14.5400,,,,,1299947000,1308359000,1299947000,1308359000,1262612131,1299947000,1308359000,1299947000,1308359000,1262612131
2011-09-28,14.1900,14.1900,,,,,1299947000,1308359000,1299947000,1308359000,1262612131,1299947000,1308359000,1299947000,1308359000,1262612131
2011-09-29,13.4200,13.4200,,,,,1299947000,1308359000,1299947000,1308359000,1262612131,1299947000,1308359000,1299947000,1308359000,1262612131
2011-09-30,13.1700,13.1700,,,,,1299947000,1308359000,1299947000,1308359000,1262612131,1299947000,1308359000,1299947000,1308359000,1262612131
2011-10-03,13.5300,13.5300,,,,,1299947000,1308359000,1299947000,1308359000,1262612131,1299947000,1308359000,1299947000,1308359000,1262612131
2011-10-04,14.4600,14.4600,,,,,1299947000,1308359000,1299947000,1308359000,1262612131,1299947000,1308359000,1299947000,1308359000,1262612131
2011-10-05,15.9200,15.9200,,,,,1299947000,1308359000,1299947000,1308359000,1262612131,1299947000,1308359000,1299947000,1308359000,1262612131
2011-10-06,15.6500,15.6500,,,,,1299947000,1308359000,1299947000,1308359000,1262612131,1299947000,1308359000,1299947000,1308359000,1262612131
2011-10-07,15.4700,15.4700,,,,,1299947000,1308359000,1299947000,1308359000,1262612131,1299947000,1308359000,1299947000,1308359000,1262612131
2011-10-10,15.8400,15.8400,,,,,1299947000,1308359000,1299947000,1308359000,1262612131,1299947000,1308359000,1299947000,1308359000,1262612131
2011-10-11,15.8600,15.8600,,,,,1299947000,1308359000,1299947000,1308359000,1262612131,1299947000,1308359000,1299947000,1308359000,1262612131
2011-10-12,15.7700,15.7700,,,,,1299947000,1308359000,1299947000,1308359000,1262612131,1299947000,1308359000,1299947000,1308359000,1262612131
2011-10-13,15.9300,15.9300,,,,,1299947000,1308359000,1299947000,1308359000,1262612131,1299947000,1308359000,1299947000,1308359000,1262612131
2011-10-14,15.9100,15.9100,,,,,1299947000,1308359000,1299947000,1308359000,1262612131,1299947000,1308359000,1299947000,1308359000,1262612131
2011-10-17,15.7000,15.7000,,,,,1299947000,1308359000,1299947000,1308359000,1262612131,1299947000,1308359000,1299947000,1308359000,1262612131
2011-10-18,15.4700,15.4700,,,,,1299947000,1308359000,1299947000,1308359000,1262612131,1299947000,1308359000,1299947000,1308359000,1262612131
2011-10-19,15.9400,15.9400,,,,,1299947000,1308359000,1299947000,1308359000,1262612131,1299947000,1308359000,1299947000,1308359000,1262612131
2011-10-20,16.1800,16.1800,,,,,1299947000,1308359000,1299947000,1308359000,1262612131,1299947000,1308359000,1299947000,1308359000,1262612131
2011-10-21,16.1200,16.1200,,,,,1299947000,1308359000,1299947000,1308359000,1262612131,1299947000,1308359000,1299947000,1308359000,1262612131
2011-10-24,16.7100,16.7100,,,,,1299947000,1308359000,1299947000,1308359000,1262612131,1299947000,1308359000,1299947000,1308359000,1262612131
2011-10-25,16.2400,16.2400,,,,,1299947000,1308359000,1299947000,1308359000,1262612131,1299947000,1308359000,1299947000,1308359000,1262612131
2011-10-26,16.3000,16.3000,,,,,1299947000,1308359000,1299947000,1308359000,1262612131,1299947000,1308359000,1299947000,1308359000,1262612131
2011-10-27,16.6300,16.6300,,,,,1299947000,1308359000,1299947000,1308359000,1262612131,1299947000,1308359000,1299947000,1308359000,1262612131
2011-10-28,16.5600,16.5600,,,,,1299947000,1308359000,1299947000,1308359000,1262612131,1299947000,1308359000,1299947000,1308359000,1262612131
2011-10-31,15.6400,15.6400,,,,,1299947000,1308359000,1299947000,1308359000,1262612131,1299947000,1308359000,1299947000,1308359000,1262612131
2011-11-01,14.9300,14.9300,,,,,1299947000,1308359000,1299947000,1308359000,1262612131,1299947000,1308359000,1299947000,1308359000,1262612131
2011-11-02,15.1000,15.1000,,,,,1299947000,1308359000,1299947000,1308359000,1262612131,1299947000,1308359000,1299947000,1308359000,1262612131
2011-11-03,15.4800,15.4800,,,,,1299947000,1308359000,1299947000,1308359000,1262612131,1299947000,1308359000,1299947000,1308359000,1262612131
2011-11-04,15.2400,15.2400,,,,,1299947000,1308359000,1299947000,1308359000,1262612131,1299947000,1308359000,1299947000,1308359000,1262612131
2011-11-07,15.6900,15.6900,,,,,1253044000,1259576000,1253044000,1259576000,1240298990,1253044000,1259576000,1253044000,1259576000,1240298990
2011-11-08,15.9700,15.9700,,,,,1253044000,1259576000,1253044000,1259576000,1240298990,1253044000,1259576000,1253044000,1259576000,1240298990
2011-11-09,15.9200,15.9200,,,,,1253044000,1259576000,1253044000,1259576000,1240298990,1253044000,1259576000,1253044000,1259576000,1240298990
2011-11-10,15.9500,15.9500,,,,,1253044000,1259576000,1253044000,1259576000,1240298990,1253044000,1259576000,1253044000,1259576000,1240298990
2011-11-11,16.2700,16.2700,,,,,1253044000,1259576000,1253044000,1259576000,1240298990,1253044000,1259576000,1253044000,1259576000,1240298990
2011-11-14,16.0000,16.0000,,,,,1253044000,1259576000,1253044000,1259576000,1240298990,1253044000,1259576000,1253044000,1259576000,1240298990
2011-11-15,15.9300,15.9300,,,,,1253044000,1259576000,1253044000,1259576000,1240298990,1253044000,1259576000,1253044000,1259576000,1240298990
2011-11-16,15.7200,15.7200,,,,,1253044000,1259576000,1253044000,1259576000,1240298990,1253044000,1259576000,1253044000,1259576000,1240298990
2011-11-17,15.3400,15.3400,,,,,1253044000,1259576000,1253044000,1259576000,1240298990,1253044000,1259576000,1253044000,1259576000,1240298990
2011-11-18,15.3800,15.3800,,,,,1253044000,1259576000,1253044000,1259576000,1240298990,1253044000,1259576000,1253044000,1259576000,1240298990
2011-11-21,14.9900,14.9900,,,,,1253044000,1259576000,1253044000,1259576000,1240298990,1253044000,1259576000,1253044000,1259576000,1240298990
2011-11-22,14.9700,14.9700,,,,,1253044000,1259576000,1253044000,1259576000,1240298990,1253044000,1259576000,1253044000,1259576000,1240298990
2011-11-23,14.9400,14.9400,,,,,1253044000,1259576000,1253044000,1259576000,1240298990,1253044000,1259576000,1253044000,1259576000,1240298990
2011-11-25,15.1000,15.1000,,,,,1253044000,1259576000,1253044000,1259576000,1240298990,1253044000,1259576000,1253044000,1259576000,1240298990
2011-11-28,15.3500,15.3500,,,,,1253044000,1259576000,1253044000,1259576000,1240298990,1253044000,1259576000,1253044000,1259576000,1240298990
2011-11-29,15.7000,15.7000,,,,,1253044000,1259576000,1253044000,1259576000,1240298990,1253044000,1259576000,1253044000,1259576000,1240298990
2011-11-30,15.7100,15.7100,,,,,1253044000,1259576000,1253044000,1259576000,1240298990,1253044000,1259576000,1253044000,1259576000,1240298990
2011-12-01,16.2300,16.2300,,,,,1253044000,1259576000,1253044000,1259576000,1240298990,1253044000,1259576000,1253044000,1259576000,1240298990
2011-12-02,16.0500,16.0500,,,,,1253044000,1259576000,1253044000,1259576000,1240298990,1253044000,1259576000,1253044000,1259576000,1240298990
2011-12-05,15.8900,15.8900,,,,,1253044000,1259576000,1253044000,1259576000,1240298990,1253044000,1259576000,1253044000,1259576000,1240298990
2011-12-06,15.8400,15.8400,,,,,1253044000,1259576000,1253044000,1259576000,1240298990,1253044000,1259576000,1253044000,1259576000,1240298990
2011-12-07,15.6200,15.6200,,,,,1253044000,1259576000,1253044000,1259576000,1240298990,1253044000,1259576000,1253044000,1259576000,1240298990
2011-12-08,15.6100,15.6100,,,,,1253044000,1259576000,1253044000,1259576000,1240298990,1253044000,1259576000,1253044000,1259576000,1240298990
2011-12-09,15.9400,15.9400,,,,,1253044000,1259576000,1253044000,1259576000,1240298990,1253044000,1259576000,1253044000,1259576000,1240298990
2011-12-12,15.4700,15.4700,,,,,1253044000,1259576000,1253044000,1259576000,1240298990,1253044000,1259576000,1253044000,1259576000,1240298990
2011-12-13,15.4200,15.4200,,,,,1253044000,1259576000,1253044000,1259576000,1240298990,1253044000,1259576000,1253044000,1259576000,1240298990
2011-12-14,15.0200,15.0200,,,,,1253044000,1259576000,1253044000,1259576000,1240298990,1253044000,1259576000,1253044000,1259576000,1240298990
2011-12-15,15.1600,15.1600,,,,,1253044000,1259576000,1253044000,1259576000,1240298990,1253044000,1259576000,1253044000,1259576000,1240298990
2011-12-16,14.9600,14.9600,,,,,1253044000,1259576000,1253044000,1259576000,1240298990,1253044000,1259576000,1253044000,1259576000,1240298990
2011-12-19,14.6200,14.6200,,,,,1253044000,1259576000,1253044000,1259576000,1240298990,1253044000,1259576000,1253044000,1259576000,1240298990
2011-12-20,15.1100,15.1100,,,,,1253044000,1259576000,1253044000,1259576000,1240298990,1253044000,1259576000,1253044000,1259576000,1240298990
2011-12-21,15.9900,15.9900,,,,,1253044000,1259576000,1253044000,1259576000,1240298990,1253044000,1259576000,1253044000,1259576000,1240298990
2011-12-22,16.0000,16.0000,,,,,1253044000,1259576000,1253044000,1259576000,1240298990,1253044000,1259576000,1253044000,1259576000,1240298990
2011-12-23,16.1900,16.1900,,,,,1253044000,1259576000,1253044000,1259576000,1240298990,1253044000,1259576000,1253044000,1259576000,1240298990
2011-12-27,16.0900,16.0900,,,,,1253044000,1259576000,1253044000,1259576000,1240298990,1253044000,1259576000,1253044000,1259576000,1240298990
2011-12-28,15.7800,15.7800,,,,,1253044000,1259576000,1253044000,1259576000,1240298990,1253044000,1259576000,1253044000,1259576000,1240298990
2011-12-29,16.1300,16.1300,,,,,1253044000,1259576000,1253044000,1259576000,1240298990,1253044000,1259576000,1253044000,1259576000,1240298990
2011-12-30,16.1300,16.1300,,,,,1253044000,1259576000,1253044000,1259576000,1240298990,1253044000,1259576000,1253044000,1259576000,1240298990
2012-01-03,16.2850,16.2850,,,,,1253044000,1259576000,1253044000,1259576000,1240298990,1253044000,1259576000,1253044000,1259576000,1240298990
2012-01-04,15.7800,15.7800,,,,,1253044000,1259576000,1253044000,1259576000,1240298990,1253044000,1259576000,1253044000,1259576000,1240298990
2012-01-05,15.6400,15.6400,,,,,1253044000,1259576000,1253044000,1259576000,1240298990,1253044000,1259576000,1253044000,1259576000,1240298990
2012-01-06,15.5150,15.5150,,,,,1253044000,1259576000,1253044000,1259576000,1240298990,1253044000,1259576000,1253044000,1259576000,1240298990
2012-01-09,15.4600,15.4600,,,,,1253044000,1259576000,1253044000,1259576000,1240298990,1253044000,1259576000,1253044000,1259576000,1240298990
2012-01-10,15.5100,15.5100,,,,,1253044000,1259576000,1253044000,1259576000,1240298990,1253044000,1259576000,1253044000,1259576000,1240298990
2012-01-11,15.5300,15.5300,,,,,1253044000,1259576000,1253044000,1259576000,1240298990,1253044000,1259576000,1253044000,1259576000,1240298990
2012-01-12,15.6600,15.6600,,,,,1253044000,1259576000,1253044000,1259576000,1240298990,1253044000,1259576000,1253044000,1259576000,1240298990
2012-01-13,15.4800,15.4800,,,,,1253044000,1259576000,1253044000,1259576000,1240298990,1253044000,1259576000,1253044000,1259576000,1240298990
2012-01-17,15.4300,15.4300,,,,,1253044000,1259576000,1253044000,1259576000,1240298990,1253044000,1259576000,1253044000,1259576000,1240298990
2012-01-18,15.9200,15.9200,,,,,1253044000,1259576000,1253044000,1259576000,1240298990,1253044000,1259576000,1253044000,1259576000,1240298990
2012-01-19,16.1200,16.1200,,,,,1253044000,1259576000,1253044000,1259576000,1240298990,1253044000,1259576000,1253044000,1259576000,1240298990
2012-01-20,15.9600,15.9600,,,,,1253044000,1259576000,1253044000,1259576000,1240298990,1253044000,1259576000,1253044000,1259576000,1240298990
2012-01-23,15.6800,15.6800,,,,,1253044000,1259576000,1253044000,1259576000,1240298990,1253044000,1259576000,1253044000,1259576000,1240298990
2012-01-24,15.6900,15.6900,,,,,1253044000,1259576000,1253044000,1259576000,1240298990,1253044000,1259576000,1253044000,1259576000,1240298990
2012-01-25,15.5600,15.5600,,,,,1253044000,1259576000,1253044000,1259576000,1240298990,1253044000,1259576000,1253044000,1259576000,1240298990
2012-01-26,15.5300,15.5300,,,,,1253044000,1259576000,1253044000,1259576000,1240298990,1253044000,1259576000,1253044000,1259576000,1240298990
2012-01-27,15.7400,15.7400,,,,,1253044000,1259576000,1253044000,1259576000,1240298990,1253044000,1259576000,1253044000,1259576000,1240298990
2012-01-30,15.5500,15.5500,,,,,1253044000,1259576000,1253044000,1259576000,1240298990,1253044000,1259576000,1253044000,1259576000,1240298990
2012-01-31,15.4700,15.4700,,,,,1253044000,1259576000,1253044000,1259576000,1240298990,1253044000,1259576000,1253044000,1259576000,1240298990
2012-02-01,15.7300,15.7300,,,,,1253044000,1259576000,1253044000,1259576000,1240298990,1253044000,1259576000,1253044000,1259576000,1240298990
2012-02-02,15.7200,15.7200,,,,,1253044000,1259576000,1253044000,1259576000,1240298990,1253044000,1259576000,1253044000,1259576000,1240298990
2012-02-03,15.9200,15.9200,,,,,1253044000,1259576000,1253044000,1259576000,1240298990,1253044000,1259576000,1253044000,1259576000,1240298990
2012-02-06,15.8200,15.8200,,,,,1253044000,1259576000,1253044000,1259576000,1240298990,1253044000,1259576000,1253044000,1259576000,1240298990
2012-02-07,15.8300,15.8300,,,,,1253044000,1259576000,1253044000,1259576000,1240298990,1253044000,1259576000,1253044000,1259576000,1240298990
2012-02-08,15.7800,15.7800,,,,,1253044000,1259576000,1253044000,1259576000,1240298990,1253044000,1259576000,1253044000,1259576000,1240298990
2012-02-09,16.0000,16.0000,,,,,1253044000,1259576000,1253044000,1259576000,1240298990,1253044000,1259576000,1253044000,1259576000,1240298990
2012-02-10,16.1400,16.1400,,,,,1253044000,1259576000,1253044000,1259576000,1240298990,1253044000,1259576000,1253044000,1259576000,1240298990
2012-02-13,16.1200,16.1200,,,,,1253044000,1259576000,1253044000,1259576000,1240298990,1253044000,1259576000,1253044000,1259576000,1240298990
2012-02-14,15.3650,15.3650,,,,,1253044000,1259576000,1253044000,1259576000,1240298990,1253044000,1259576000,1253044000,1259576000,1240298990
2012-02-15,15.1200,15.1200,,,,,1253044000,1259576000,1253044000,1259576000,1240298990,1253044000,1259576000,1253044000,1259576000,1240298990
2012-02-16,15.3550,15.3550,,,,,1253044000,1259576000,1253044000,1259576000,1240298990,1253044000,1259576000,1253044000,1259576000,1240298990
2012-02-17,15.0100,15.0100,,,,,1253044000,1259576000,1253044000,1259576000,1240298990,1253044000,1259576000,1253044000,1259576000,1240298990
2012-02-21,14.7500,14.7500,,,,,1253044000,1259576000,1253044000,1259576000,1240298990,1253044000,1259576000,1253044000,1259576000,1240298990
2012-02-22,14.5000,14.5000,,,,,1253044000,1259576000,1253044000,1259576000,1240298990,1253044000,1259576000,1253044000,1259576000,1240298990
2012-02-23,14.7800,14.7800,,,,,1253044000,1259576000,1253044000,1259576000,1240298990,1253044000,1259576000,1253044000,1259576000,1240298990
2012-02-24,14.8900,14.8900,,,,,1253044000,1259576000,1253044000,1259576000,1240298990,1253044000,1259576000,1253044000,1259576000,1240298990
2012-02-27,14.8600,14.8600,,,,,1253044000,1259576000,1253044000,1259576000,1240298990,1253044000,1259576000,1253044000,1259576000,1240298990
2012-02-28,14.9000,14.9000,,,,,1253044000,1259576000,1253044000,1259576000,1240298990,1253044000,1259576000,1253044000,1259576000,1240298990
2012-02-29,14.8300,14.8300,,,,,1274240000,1282282000,1274240000,1282282000,1279100000,1274240000,1282282000,1274240000,1282282000,1279100000
2012-03-01,14.9300,14.9300,,,,,1274240000,1282282000,1274240000,1282282000,1279100000,1274240000,1282282000,1274240000,1282282000,1279100000
2012-03-02,14.7200,14.7200,,,,,1274240000,1282282000,1274240000,1282282000,1279100000,1274240000,1282282000,1274240000,1282282000,1279100000
2012-03-05,14.6200,14.6200,,,,,1274240000,1282282000,1274240000,1282282000,1279100000,1274240000,1282282000,1274240000,1282282000,1279100000
2012-03-06,14.4150,14.4150,,,,,1274240000,1282282000,1274240000,1282282000,1279100000,1274240000,1282282000,1274240000,1282282000,1279100000
2012-03-07,14.6200,14.6200,,,,,1274240000,1282282000,1274240000,1282282000,1279100000,1274240000,1282282000,1274240000,1282282000,1279100000
2012-03-08,14.6200,14.6200,,,,,1274240000,1282282000,1274240000,1282282000,1279100000,1274240000,1282282000,1274240000,1282282000,1279100000
2012-03-09,14.6300,14.6300,,,,,1274240000,1282282000,1274240000,1282282000,1279100000,1274240000,1282282000,1274240000,1282282000,1279100000
2012-03-12,14.4900,14.4900,,,,,1274240000,1282282000,1274240000,1282282000,1279100000,1274240000,1282282000,1274240000,1282282000,1279100000
2012-03-13,14.5500,14.5500,,,,,1274240000,1282282000,1274240000,1282282000,1279100000,1274240000,1282282000,1274240000,1282282000,1279100000
2012-03-14,14.6300,14.6300,,,,,1274240000,1282282000,1274240000,1282282000,1279100000,1274240000,1282282000,1274240000,1282282000,1279100000
2012-03-15,14.8850,14.8850,,,,,1274240000,1282282000,1274240000,1282282000,1279100000,1274240000,1282282000,1274240000,1282282000,1279100000
2012-03-16,15.1800,15.1800,,,,,1274240000,1282282000,1274240000,1282282000,1279100000,1274240000,1282282000,1274240000,1282282000,1279100000
2012-03-19,15.1500,15.1500,,,,,1274240000,1282282000,1274240000,1282282000,1279100000,1274240000,1282282000,1274240000,1282282000,1279100000
2012-03-20,15.4100,15.4100,,,,,1274240000,1282282000,1274240000,1282282000,1279100000,1274240000,1282282000,1274240000,1282282000,1279100000
2012-03-21,15.5100,15.5100,,,,,1274240000,1282282000,1274240000,1282282000,1279100000,1274240000,1282282000,1274240000,1282282000,1279100000
2012-03-22,15.4850,15.4850,,,,,1274240000,1282282000,1274240000,1282282000,1279100000,1274240000,1282282000,1274240000,1282282000,1279100000
2012-03-23,15.3850,15.3850,,,,,1274240000,1282282000,1274240000,1282282000,1279100000,1274240000,1282282000,1274240000,1282282000,1279100000
2012-03-26,15.5400,15.5400,,,,,1274240000,1282282000,1274240000,1282282000,1279100000,1274240000,1282282000,1274240000,1282282000,1279100000
2012-03-27,15.4300,15.4300,,,,,1274240000,1282282000,1274240000,1282282000,1279100000,1274240000,1282282000,1274240000,1282282000,1279100000
2012-03-28,15.3200,15.3200,,,,,1274240000,1282282000,1274240000,1282282000,1279100000,1274240000,1282282000,1274240000,1282282000,1279100000
2012-03-29,15.3000,15.3000,,,,,1274240000,1282282000,1274240000,1282282000,1279100000,1274240000,1282282000,1274240000,1282282000,1279100000
2012-03-30,15.2200,15.2200,,,,,1274240000,1282282000,1274240000,1282282000,1279100000,1274240000,1282282000,1274240000,1282282000,1279100000
2012-04-02,15.4550,15.4550,,,,,1274240000,1282282000,1274240000,1282282000,1279100000,1274240000,1282282000,1274240000,1282282000,1279100000
2012-04-03,15.1800,15.1800,,,,,1274240000,1282282000,1274240000,1282282000,1279100000,1274240000,1282282000,1274240000,1282282000,1279100000
2012-04-04,15.2700,15.2700,,,,,1274240000,1282282000,1274240000,1282282000,1279100000,1274240000,1282282000,1274240000,1282282000,1279100000
2012-04-05,15.0650,15.0650,,,,,1274240000,1282282000,1274240000,1282282000,1279100000,1274240000,1282282000,1274240000,1282282000,1279100000
2012-04-09,15.1000,15.1000,,,,,1274240000,1282282000,1274240000,1282282000,1279100000,1274240000,1282282000,1274240000,1282282000,1279100000
2012-04-10,14.9900,14.9900,,,,,1274240000,1282282000,1274240000,1282282000,1279100000,1274240000,1282282000,1274240000,1282282000,1279100000
2012-04-11,14.8750,14.8750,,,,,1274240000,1282282000,1274240000,1282282000,1279100000,1274240000,1282282000,1274240000,1282282000,1279100000
2012-04-12,15.0550,15.0550,,,,,1274240000,1282282000,1274240000,1282282000,1279100000,1274240000,1282282000,1274240000,1282282000,1279100000
2012-04-13,14.8700,14.8700,,,,,1274240000,1282282000,1274240000,1282282000,1279100000,1274240000,1282282000,1274240000,1282282000,1279100000
2012-04-16,14.7850,14.7850,,,,,1274240000,1282282000,1274240000,1282282000,1279100000,1274240000,1282282000,1274240000,1282282000,1279100000
2012-04-17,15.0100,15.0100,,,,,1274240000,1282282000,1274240000,1282282000,1279100000,1274240000,1282282000,1274240000,1282282000,1279100000
2012-04-18,15.4900,15.4900,,,,,1274240000,1282282000,1274240000,1282282000,1279100000,1274240000,1282282000,1274240000,1282282000,1279100000
2012-04-19,15.3950,15.3950,,,,,1274240000,1282282000,1274240000,1282282000,1279100000,1274240000,1282282000,1274240000,1282282000,1279100000
2012-04-20,15.6000,15.6000,,,,,1274240000,1282282000,1274240000,1282282000,1279100000,1274240000,1282282000,1274240000,1282282000,1279100000
2012-04-23,15.3300,15.3300,,,,,1274240000,1282282000,1274240000,1282282000,1279100000,1274240000,1282282000,1274240000,1282282000,1279100000
2012-04-24,15.4300,15.4300,,,,,1274240000,1282282000,1274240000,1282282000,1279100000,1274240000,1282282000,1274240000,1282282000,1279100000
2012-04-25,15.4950,15.4950,,,,,1274240000,1282282000,1274240000,1282282000,1279100000,1274240000,1282282000,1274240000,1282282000,1279100000
2012-04-26,15.5300,15.5300,,,,,1274240000,1282282000,1274240000,1282282000,1279100000,1274240000,1282282000,1274240000,1282282000,1279100000
2012-04-27,15.5700,15.5700,,,,,1274240000,1282282000,1274240000,1282282000,1279100000,1274240000,1282282000,1274240000,1282282000,1279100000
2012-04-30,15.5400,15.5400,,,,,1274240000,1282282000,1274240000,1282282000,1279100000,1274240000,1282282000,1274240000,1282282000,1279100000
2012-05-01,15.6300,15.6300,,,,,1274240000,1282282000,1274240000,1282282000,1279100000,1274240000,1282282000,1274240000,1282282000,1279100000
2012-05-02,15.6700,15.6700,,,,,1274240000,1282282000,1274240000,1282282000,1279100000,1274240000,1282282000,1274240000,1282282000,1279100000
2012-05-03,15.4000,15.4000,,,,,1274240000,1282282000,1274240000,1282282000,1279100000,1274240000,1282282000,1274240000,1282282000,1279100000
2012-05-04,15.1500,15.1500,,,,,1274240000,1282282000,1274240000,1282282000,1279100000,1274240000,1282282000,1274240000,1282282000,1279100000
2012-05-07,15.3500,15.3500,,,,,1274240000,1282282000,1274240000,1282282000,1279100000,1274240000,1282282000,1274240000,1282282000,1279100000
2012-05-08,15.3600,15.3600,,,,,1274240000,1282282000,1274240000,1282282000,1279100000,1274240000,1282282000,1274240000,1282282000,1279100000
2012-05-09,15.3000,15.3000,,,,,1215783000,1226486000,1215783000,1226486000,1218696911,1215783000,1226486000,1215783000,1226486000,1218696911
2012-05-10,15.4400,15.4400,,,,,1215783000,1226486000,1215783000,1226486000,1218696911,1215783000,1226486000,1215783000,1226486000,1218696911
2012-05-11,15.1900,15.1900,,,,,1215783000,1226486000,1215783000,1226486000,1218696911,1215783000,1226486000,1215783000,1226486000,1218696911
2012-05-14,15.5000,15.5000,,,,,1215783000,1226486000,1215783000,1226486000,1218696911,1215783000,1226486000,1215783000,1226486000,1218696911
2012-05-15,15.4000,15.4000,,,,,1215783000,1226486000,1215783000,1226486000,1218696911,1215783000,1226486000,1215783000,1226486000,1218696911
2012-05-16,15.2800,15.2800,,,,,1215783000,1226486000,1215783000,1226486000,1218696911,1215783000,1226486000,1215783000,1226486000,1218696911
2012-05-17,14.8700,14.8700,,,,,1215783000,1226486000,1215783000,1226486000,1218696911,1215783000,1226486000,1215783000,1226486000,1218696911
2012-05-18,15.4200,15.4200,,,,,1215783000,1226486000,1215783000,1226486000,1218696911,1215783000,1226486000,1215783000,1226486000,1218696911
2012-05-21,15.5800,15.5800,,,,,1215783000,1226486000,1215783000,1226486000,1218696911,1215783000,1226486000,1215783000,1226486000,1218696911
2012-05-22,15.2900,15.2900,,,,,1215783000,1226486000,1215783000,1226486000,1218696911,1215783000,1226486000,1215783000,1226486000,1218696911
2012-05-23,15.3800,15.3800,,,,,1215783000,1226486000,1215783000,1226486000,1218696911,1215783000,1226486000,1215783000,1226486000,1218696911
2012-05-24,15.3500,15.3500,,,,,1215783000,1226486000,1215783000,1226486000,1218696911,1215783000,1226486000,1215783000,1226486000,1218696911
2012-05-25,15.3600,15.3600,,,,,1215783000,1226486000,1215783000,1226486000,1218696911,1215783000,1226486000,1215783000,1226486000,1218696911
2012-05-29,15.4700,15.4700,,,,,1215783000,1226486000,1215783000,1226486000,1218696911,1215783000,1226486000,1215783000,1226486000,1218696911
2012-05-30,15.2500,15.2500,,,,,1215783000,1226486000,1215783000,1226486000,1218696911,1215783000,1226486000,1215783000,1226486000,1218696911
2012-05-31,15.2400,15.2400,,,,,1215783000,1226486000,1215783000,1226486000,1218696911,1215783000,1226486000,1215783000,1226486000,1218696911
2012-06-01,14.9200,14.9200,,,,,1215783000,1226486000,1215783000,1226486000,1218696911,1215783000,1226486000,1215783000,1226486000,1218696911
2012-06-04,15.0100,15.0100,,,,,1215783000,1226486000,1215783000,1226486000,1218696911,1215783000,1226486000,1215783000,1226486000,1218696911
2012-06-05,15.0950,15.0950,,,,,1215783000,1226486000,1215783000,1226486000,1218696911,1215783000,1226486000,1215783000,1226486000,1218696911
2012-06-06,15.3600,15.3600,,,,,1215783000,1226486000,1215783000,1226486000,1218696911,1215783000,1226486000,1215783000,1226486000,1218696911
2012-06-07,15.3600,15.3600,,,,,1215783000,1226486000,1215783000,1226486000,1218696911,1215783000,1226486000,1215783000,1226486000,1218696911
2012-06-08,15.6500,15.6500,,,,,1215783000,1226486000,1215783000,1226486000,1218696911,1215783000,1226486000,1215783000,1226486000,1218696911
2012-06-11,15.3000,15.3000,,,,,1215783000,1226486000,1215783000,1226486000,1218696911,1215783000,1226486000,1215783000,1226486000,1218696911
2012-06-12,15.4700,15.4700,,,,,1215783000,1226486000,1215783000,1226486000,1218696911,1215783000,1226486000,1215783000,1226486000,1218696911
2012-06-13,15.3350,15.3350,,,,,1215783000,1226486000,1215783000,1226486000,1218696911,1215783000,1226486000,1215783000,1226486000,1218696911
2012-06-14,15.3600,15.3600,,,,,1215783000,1226486000,1215783000,1226486000,1218696911,1215783000,1226486000,1215783000,1226486000,1218696911
2012-06-15,15.3600,15.3600,,,,,1215783000,1226486000,1215783000,1226486000,1218696911,1215783000,1226486000,1215783000,1226486000,1218696911
2012-06-18,15.4900,15.4900,,,,,1215783000,1226486000,1215783000,1226486000,1218696911,1215783000,1226486000,1215783000,1226486000,1218696911
2012-06-19,15.6500,15.6500,,,,,1215783000,1226486000,1215783000,1226486000,1218696911,1215783000,1226486000,1215783000,1226486000,1218696911
2012-06-20,15.7400,15.7400,,,,,1215783000,1226486000,1215783000,1226486000,1218696911,1215783000,1226486000,1215783000,1226486000,1218696911
2012-06-21,15.5150,15.5150,,,,,1215783000,1226486000,1215783000,1226486000,1218696911,1215783000,1226486000,1215783000,1226486000,1218696911
2012-06-22,15.6100,15.6100,,,,,1215783000,1226486000,1215783000,1226486000,1218696911,1215783000,1226486000,1215783000,1226486000,1218696911
2012-06-25,15.4350,15.4350,,,,,1215783000,1226486000,1215783000,1226486000,1218696911,1215783000,1226486000,1215783000,1226486000,1218696911
2012-06-26,15.3450,15.3450,,,,,1215783000,1226486000,1215783000,1226486000,1218696911,1215783000,1226486000,1215783000,1226486000,1218696911
2012-06-27,15.5200,15.5200,,,,,1215783000,1226486000,1215783000,1226486000,1218696911,1215783000,1226486000,1215783000,1226486000,1218696911
2012-06-28,15.4500,15.4500,,,,,1215783000,1226486000,1215783000,1226486000,1218696911,1215783000,1226486000,1215783000,1226486000,1218696911
2012-06-29,15.8300,15.8300,,,,,1215783000,1226486000,1215783000,1226486000,1218696911,1215783000,1226486000,1215783000,1226486000,1218696911
2012-07-02,15.8400,15.8400,,,,,1215783000,1226486000,1215783000,1226486000,1218696911,1215783000,1226486000,1215783000,1226486000,1218696911
2012-07-03,15.9800,15.9800,,,,,1215783000,1226486000,1215783000,1226486000,1218696911,1215783000,1226486000,1215783000,1226486000,1218696911
2012-07-05,15.8500,15.8500,,,,,1215783000,1226486000,1215783000,1226486000,1218696911,1215783000,1226486000,1215783000,1226486000,1218696911
2012-07-06,15.7800,15.7800,,,,,1215783000,1226486000,1215783000,1226486000,1218696911,1215783000,1226486000,1215783000,1226486000,1218696911
2012-07-09,15.7500,15.7500,,,,,1215783000,1226486000,1215783000,1226486000,1218696911,1215783000,1226486000,1215783000,1226486000,1218696911
2012-07-10,15.8200,15.8200,,,,,1215783000,1226486000,1215783000,1226486000,1218696911,1215783000,1226486000,1215783000,1226486000,1218696911
2012-07-11,15.8000,15.8000,,,,,1215783000,1226486000,1215783000,1226486000,1218696911,1215783000,1226486000,1215783000,1226486000,1218696911
2012-07-12,15.6900,15.6900,,,,,1215783000,1226486000,1215783000,1226486000,1218696911,1215783000,1226486000,1215783000,1226486000,1218696911
2012-07-13,15.7400,15.7400,,,,,1215783000,1226486000,1215783000,1226486000,1218696911,1215783000,1226486000,1215783000,1226486000,1218696911
2012-07-16,15.6450,15.6450,,,,,1215783000,1226486000,1215783000,1226486000,1218696911,1215783000,1226486000,1215783000,1226486000,1218696911
2012-07-17,15.6000,15.6000,,,,,1215783000,1226486000,1215783000,1226486000,1218696911,1215783000,1226486000,1215783000,1226486000,1218696911
2012-07-18,15.7000,15.7000,,,,,1215783000,1226486000,1215783000,1226486000,1218696911,1215783000,1226486000,1215783000,1226486000,1218696911
2012-07-19,15.7250,15.7250,,,,,1215783000,1226486000,1215783000,1226486000,1218696911,1215783000,1226486000,1215783000,1226486000,1218696911
2012-07-20,15.9150,15.9150,,,,,1215783000,1226486000,1215783000,1226486000,1218696911,1215783000,1226486000,1215783000,1226486000,1218696911
2012-07-23,15.7600,15.7600,,,,,1215783000,1226486000,1215783000,1226486000,1218696911,1215783000,1226486000,1215783000,1226486000,1218696911
2012-07-24,15.4300,15.4300,,,,,1215783000,1226486000,1215783000,1226486000,1218696911,1215783000,1226486000,1215783000,1226486000,1218696911
2012-07-25,15.5000,15.5000,,,,,1215783000,1226486000,1215783000,1226486000,1218696911,1215783000,1226486000,1215783000,1226486000,1218696911
2012-07-26,15.8000,15.8000,,,,,1215783000,1226486000,1215783000,1226486000,1218696911,1215783000,1226486000,1215783000,1226486000,1218696911
2012-07-27,16.1100,16.1100,,,,,1215783000,1226486000,1215783000,1226486000,1218696911,1215783000,1226486000,1215783000,1226486000,1218696911
2012-07-30,15.9800,15.9800,,,,,1215783000,1226486000,1215783000,1226486000,1218696911,1215783000,1226486000,1215783000,1226486000,1218696911
2012-07-31,15.8400,15.8400,,,,,1215783000,1226486000,1215783000,1226486000,1218696911,1215783000,1226486000,1215783000,1226486000,1218696911
2012-08-01,15.9900,15.9900,,,,,1215783000,1226486000,1215783000,1226486000,1218696911,1215783000,1226486000,1215783000,1226486000,1218696911
2012-08-02,15.7450,15.7450,,,,,1215783000,1226486000,1215783000,1226486000,1218696911,1215783000,1226486000,1215783000,1226486000,1218696911
2012-08-03,15.9700,15.9700,,,,,1215783000,1226486000,1215783000,1226486000,1218696911,1215783000,1226486000,1215783000,1226486000,1218696911
2012-08-06,16.0400,16.0400,,,,,1215783000,1226486000,1215783000,1226486000,1218696911,1215783000,1226486000,1215783000,1226486000,1218696911
2012-08-07,16.2200,16.2200,,,,,1215783000,1226486000,1215783000,1226486000,1218696911,1215783000,1226486000,1215783000,1226486000,1218696911
2012-08-08,16.1700,16.1700,,,,,1215783000,1226486000,1215783000,1226486000,1218696911,1215783000,1226486000,1215783000,1226486000,1218696911
2012-08-09,16.0100,16.0100,,,,,1213320000,1221719000,1213320000,1221719000,1184617827,1213320000,1221719000,1213320000,1221719000,1184617827
2012-08-10,15.1500,15.1500,,,,,1213320000,1221719000,1213320000,1221719000,1184617827,1213320000,1221719000,1213320000,1221719000,1184617827
2012-08-13,15.0200,15.0200,,,,,1213320000,1221719000,1213320000,1221719000,1184617827,1213320000,1221719000,1213320000,1221719000,1184617827
2012-08-14,14.7300,14.7300,,,,,1213320000,1221719000,1213320000,1221719000,1184617827,1213320000,1221719000,1213320000,1221719000,1184617827
2012-08-15,14.7600,14.7600,,,,,1213320000,1221719000,1213320000,1221719000,1184617827,1213320000,1221719000,1213320000,1221719000,1184617827
2012-08-16,14.9900,14.9900,,,,,1213320000,1221719000,1213320000,1221719000,1184617827,1213320000,1221719000,1213320000,1221719000,1184617827
2012-08-17,15.0300,15.0300,,,,,1213320000,1221719000,1213320000,1221719000,1184617827,1213320000,1221719000,1213320000,1221719000,1184617827
2012-08-20,14.9600,14.9600,,,,,1213320000,1221719000,1213320000,1221719000,1184617827,1213320000,1221719000,1213320000,1221719000,1184617827
2012-08-21,14.9700,14.9700,,,,,1213320000,1221719000,1213320000,1221719000,1184617827,1213320000,1221719000,1213320000,1221719000,1184617827
2012-08-22,14.9200,14.9200,,,,,1213320000,1221719000,1213320000,1221719000,1184617827,1213320000,1221719000,1213320000,1221719000,1184617827
2012-08-23,14.8650,14.8650,,,,,1213320000,1221719000,1213320000,1221719000,1184617827,1213320000,1221719000,1213320000,1221719000,1184617827
2012-08-24,14.9200,14.9200,,,,,1213320000,1221719000,1213320000,1221719000,1184617827,1213320000,1221719000,1213320000,1221719000,1184617827
2012-08-27,14.8500,14.8500,,,,,1213320000,1221719000,1213320000,1221719000,1184617827,1213320000,1221719000,1213320000,1221719000,1184617827
2012-08-28,14.7200,14.7200,,,,,1213320000,1221719000,1213320000,1221719000,1184617827,1213320000,1221719000,1213320000,1221719000,1184617827
2012-08-29,14.8400,14.8400,,,,,1213320000,1221719000,1213320000,1221719000,1184617827,1213320000,1221719000,1213320000,1221719000,1184617827
2012-08-30,14.6700,14.6700,,,,,1213320000,1221719000,1213320000,1221719000,1184617827,1213320000,1221719000,1213320000,1221719000,1184617827
2012-08-31,14.6500,14.6500,,,,,1213320000,1221719000,1213320000,1221719000,1184617827,1213320000,1221719000,1213320000,1221719000,1184617827
2012-09-04,14.8900,14.8900,,,,,1213320000,1221719000,1213320000,1221719000,1184617827,1213320000,1221719000,1213320000,1221719000,1184617827
2012-09-05,15.0900,15.0900,,,,,1213320000,1221719000,1213320000,1221719000,1184617827,1213320000,1221719000,1213320000,1221719000,1184617827
2012-09-06,15.1100,15.1100,,,,,1213320000,1221719000,1213320000,1221719000,1184617827,1213320000,1221719000,1213320000,1221719000,1184617827
2012-09-07,15.2200,15.2200,,,,,1213320000,1221719000,1213320000,1221719000,1184617827,1213320000,1221719000,1213320000,1221719000,1184617827
2012-09-10,15.1100,15.1100,,,,,1213320000,1221719000,1213320000,1221719000,1184617827,1213320000,1221719000,1213320000,1221719000,1184617827
2012-09-11,15.1600,15.1600,,,,,1213320000,1221719000,1213320000,1221719000,1184617827,1213320000,1221719000,1213320000,1221719000,1184617827
2012-09-12,15.4000,15.4000,,,,,1213320000,1221719000,1213320000,1221719000,1184617827,1213320000,1221719000,1213320000,1221719000,1184617827
2012-09-13,15.5950,15.5950,,,,,1213320000,1221719000,1213320000,1221719000,1184617827,1213320000,1221719000,1213320000,1221719000,1184617827
2012-09-14,15.7700,15.7700,,,,,1213320000,1221719000,1213320000,1221719000,1184617827,1213320000,1221719000,1213320000,1221719000,1184617827
2012-09-17,15.6800,15.6800,,,,,1213320000,1221719000,1213320000,1221719000,1184617827,1213320000,1221719000,1213320000,1221719000,1184617827
2012-09-18,15.9050,15.9050,,,,,1213320000,1221719000,1213320000,1221719000,1184617827,1213320000,1221719000,1213320000,1221719000,1184617827
2012-09-19,15.8600,15.8600,,,,,1213320000,1221719000,1213320000,1221719000,1184617827,1213320000,1221719000,1213320000,1221719000,1184617827
2012-09-20,15.7900,15.7900,,,,,1213320000,1221719000,1213320000,1221719000,1184617827,1213320000,1221719000,1213320000,1221719000,1184617827
2012-09-21,15.7350,15.7350,,,,,1213320000,1221719000,1213320000,1221719000,1184617827,1213320000,1221719000,1213320000,1221719000,1184617827
2012-09-24,16.0000,16.0000,,,,,1213320000,1221719000,1213320000,1221719000,1184617827,1213320000,1221719000,1213320000,1221719000,1184617827
2012-09-25,15.6750,15.6750,,,,,1213320000,1221719000,1213320000,1221719000,1184617827,1213320000,1221719000,1213320000,1221719000,1184617827
2012-09-26,15.6100,15.6100,,,,,1213320000,1221719000,1213320000,1221719000,1184617827,1213320000,1221719000,1213320000,1221719000,1184617827
2012-09-27,16.0400,16.0400,,,,,1213320000,1221719000,1213320000,1221719000,1184617827,1213320000,1221719000,1213320000,1221719000,1184617827
2012-09-28,15.9750,15.9750,,,,,1213320000,1221719000,1213320000,1221719000,1184617827,1213320000,1221719000,1213320000,1221719000,1184617827
2012-10-01,15.8250,15.8250,,,,,1213320000,1221719000,1213320000,1221719000,1184617827,1213320000,1221719000,1213320000,1221719000,1184617827
2012-10-02,15.9400,15.9400,,,,,1213320000,1221719000,1213320000,1221719000,1184617827,1213320000,1221719000,1213320000,1221719000,1184617827
2012-10-03,16.2100,16.2100,,,,,1213320000,1221719000,1213320000,1221719000,1184617827,1213320000,1221719000,1213320000,1221719000,1184617827
2012-10-04,16.2700,16.2700,,,,,1213320000,1221719000,1213320000,1221719000,1184617827,1213320000,1221719000,1213320000,1221719000,1184617827
2012-10-05,16.0900,16.0900,,,,,1213320000,1221719000,1213320000,1221719000,1184617827,1213320000,1221719000,1213320000,1221719000,1184617827
2012-10-08,16.0300,16.0300,,,,,1213320000,1221719000,1213320000,1221719000,1184617827,1213320000,1221719000,1213320000,1221719000,1184617827
2012-10-09,15.8500,15.8500,,,,,1213320000,1221719000,1213320000,1221719000,1184617827,1213320000,1221719000,1213320000,1221719000,1184617827
2012-10-10,15.8300,15.8300,,,,,1213320000,1221719000,1213320000,1221719000,1184617827,1213320000,1221719000,1213320000,1221719000,1184617827
2012-10-11,15.9200,15.9200,,,,,1213320000,1221719000,1213320000,1221719000,1184617827,1213320000,1221719000,1213320000,1221719000,1184617827
2012-10-12,15.8800,15.8800,,,,,1213320000,1221719000,1213320000,1221719000,1184617827,1213320000,1221719000,1213320000,1221719000,1184617827
2012-10-15,15.6800,15.6800,,,,,1213320000,1221719000,1213320000,1221719000,1184617827,1213320000,1221719000,1213320000,1221719000,1184617827
2012-10-16,15.9200,15.9200,,,,,1213320000,1221719000,1213320000,1221719000,1184617827,1213320000,1221719000,1213320000,1221719000,1184617827
2012-10-17,16.0900,16.0900,,,,,1213320000,1221719000,1213320000,1221719000,1184617827,1213320000,1221719000,1213320000,1221719000,1184617827
2012-10-18,16.0000,16.0000,,,,,1213320000,1221719000,1213320000,1221719000,1184617827,1213320000,1221719000,1213320000,1221719000,1184617827
2012-10-19,15.8400,15.8400,,,,,1213320000,1221719000,1213320000,1221719000,1184617827,1213320000,1221719000,1213320000,1221719000,1184617827
2012-10-22,15.7700,15.7700,,,,,1213320000,1221719000,1213320000,1221719000,1184617827,1213320000,1221719000,1213320000,1221719000,1184617827
2012-10-23,16.6700,16.6700,,,,,1213320000,1221719000,1213320000,1221719000,1184617827,1213320000,1221719000,1213320000,1221719000,1184617827
2012-10-24,16.5500,16.5500,,,,,1213320000,1221719000,1213320000,1221719000,1184617827,1213320000,1221719000,1213320000,1221719000,1184617827
2012-10-25,16.6100,16.6100,,,,,1213320000,1221719000,1213320000,1221719000,1184617827,1213320000,1221719000,1213320000,1221719000,1184617827
2012-10-26,16.7900,16.7900,,,,,1213320000,1221719000,1213320000,1221719000,1184617827,1213320000,1221719000,1213320000,1221719000,1184617827
2012-10-30,16.7900,16.7900,,,,,1213320000,1221719000,1213320000,1221719000,1184617827,1213320000,1221719000,1213320000,1221719000,1184617827
2012-10-31,16.8350,16.8350,,,,,1213320000,1221719000,1213320000,1221719000,1184617827,1213320000,1221719000,1213320000,1221719000,1184617827
2012-11-01,16.9500,16.9500,,,,,1213320000,1221719000,1213320000,1221719000,1184617827,1213320000,1221719000,1213320000,1221719000,1184617827
2012-11-02,17.1100,17.1100,,,,,1213320000,1221719000,1213320000,1221719000,1184617827,1213320000,1221719000,1213320000,1221719000,1184617827
2012-11-05,17.3680,17.3680,,,,,1213320000,1221719000,1213320000,1221719000,1184617827,1213320000,1221719000,1213320000,1221719000,1184617827
2012-11-06,17.4600,17.4600,,,,,1213320000,1221719000,1213320000,1221719000,1184617827,1213320000,1221719000,1213320000,1221719000,1184617827
2012-11-07,17.3900,17.3900,,,,,1213320000,1221719000,1213320000,1221719000,1184617827,1213320000,1221719000,1213320000,1221719000,1184617827
2012-11-08,17.2400,17.2400,,,,,1186046000,1195085000,1186046000,1195085000,1182688258,1186046000,1195085000,1186046000,1195085000,1182688258
2012-11-09,17.2600,17.2600,,,,,1186046000,1195085000,1186046000,1195085000,1182688258,1186046000,1195085000,1186046000,1195085000,1182688258
2012-11-12,17.5100,17.5100,,,,,1186046000,1195085000,1186046000,1195085000,1182688258,1186046000,1195085000,1186046000,1195085000,1182688258
2012-11-13,17.8500,17.8500,,,,,1186046000,1195085000,1186046000,1195085000,1182688258,1186046000,1195085000,1186046000,1195085000,1182688258
2012-11-14,17.8250,17.8250,,,,,1186046000,1195085000,1186046000,1195085000,1182688258,1186046000,1195085000,1186046000,1195085000,1182688258
2012-11-15,17.8900,17.8900,,,,,1186046000,1195085000,1186046000,1195085000,1182688258,1186046000,1195085000,1186046000,1195085000,1182688258
2012-11-16,17.8600,17.8600,,,,,1186046000,1195085000,1186046000,1195085000,1182688258,1186046000,1195085000,1186046000,1195085000,1182688258
2012-11-19,18.3600,18.3600,,,,,1186046000,1195085000,1186046000,1195085000,1182688258,1186046000,1195085000,1186046000,1195085000,1182688258
2012-11-20,18.2400,18.2400,,,,,1186046000,1195085000,1186046000,1195085000,1182688258,1186046000,1195085000,1186046000,1195085000,1182688258
2012-11-21,18.4000,18.4000,,,,,1186046000,1195085000,1186046000,1195085000,1182688258,1186046000,1195085000,1186046000,1195085000,1182688258
2012-11-23,18.5700,18.5700,,,,,1186046000,1195085000,1186046000,1195085000,1182688258,1186046000,1195085000,1186046000,1195085000,1182688258
2012-11-26,18.7550,18.7550,,,,,1186046000,1195085000,1186046000,1195085000,1182688258,1186046000,1195085000,1186046000,1195085000,1182688258
2012-11-27,18.9300,18.9300,,,,,1186046000,1195085000,1186046000,1195085000,1182688258,1186046000,1195085000,1186046000,1195085000,1182688258
2012-11-28,18.9100,18.9100,,,,,1186046000,1195085000,1186046000,1195085000,1182688258,1186046000,1195085000,1186046000,1195085000,1182688258
2012-11-29,18.8700,18.8700,,,,,1186046000,1195085000,1186046000,1195085000,1182688258,1186046000,1195085000,1186046000,1195085000,1182688258
2012-11-30,18.7700,18.7700,,,,,1186046000,1195085000,1186046000,1195085000,1182688258,1186046000,1195085000,1186046000,1195085000,1182688258
2012-12-03,18.5500,18.5500,,,,,1186046000,1195085000,1186046000,1195085000,1182688258,1186046000,1195085000,1186046000,1195085000,1182688258
2012-12-04,18.9300,18.9300,,,,,1186046000,1195085000,1186046000,1195085000,1182688258,1186046000,1195085000,1186046000,1195085000,1182688258
2012-12-05,18.8900,18.8900,,,,,1186046000,1195085000,1186046000,1195085000,1182688258,1186046000,1195085000,1186046000,1195085000,1182688258
2012-12-06,19.2000,19.2000,,,,,1186046000,1195085000,1186046000,1195085000,1182688258,1186046000,1195085000,1186046000,1195085000,1182688258
2012-12-07,19.2000,19.2000,,,,,1186046000,1195085000,1186046000,1195085000,1182688258,1186046000,1195085000,1186046000,1195085000,1182688258
2012-12-10,19.4300,19.4300,,,,,1186046000,1195085000,1186046000,1195085000,1182688258,1186046000,1195085000,1186046000,1195085000,1182688258
2012-12-11,19.5200,19.5200,,,,,1186046000,1195085000,1186046000,1195085000,1182688258,1186046000,1195085000,1186046000,1195085000,1182688258
2012-12-12,19.3800,19.3800,,,,,1186046000,1195085000,1186046000,1195085000,1182688258,1186046000,1195085000,1186046000,1195085000,1182688258
2012-12-13,19.3500,19.3500,,,,,1186046000,1195085000,1186046000,1195085000,1182688258,1186046000,1195085000,1186046000,1195085000,1182688258
2012-12-14,19.6400,19.6400,,,,,1186046000,1195085000,1186046000,1195085000,1182688258,1186046000,1195085000,1186046000,1195085000,1182688258
2012-12-17,19.6900,19.6900,,,,,1186046000,1195085000,1186046000,1195085000,1182688258,1186046000,1195085000,1186046000,1195085000,1182688258
2012-12-18,19.6200,19.6200,,,,,1186046000,1195085000,1186046000,1195085000,1182688258,1186046000,1195085000,1186046000,1195085000,1182688258
2012-12-19,19.6000,19.6000,,,,,1186046000,1195085000,1186046000,1195085000,1182688258,1186046000,1195085000,1186046000,1195085000,1182688258
2012-12-20,19.6921,19.6921,,,,,1186046000,1195085000,1186046000,1195085000,1182688258,1186046000,1195085000,1186046000,1195085000,1182688258
2012-12-21,19.3500,19.3500,,,,,1186046000,1195085000,1186046000,1195085000,1182688258,1186046000,1195085000,1186046000,1195085000,1182688258
2012-12-24,19.6500,19.6500,,,,,1186046000,1195085000,1186046000,1195085000,1182688258,1186046000,1195085000,1186046000,1195085000,1182688258
2012-12-26,19.5700,19.5700,,,,,1186046000,1195085000,1186046000,1195085000,1182688258,1186046000,1195085000,1186046000,1195085000,1182688258
2012-12-27,19.6000,19.6000,,,,,1186046000,1195085000,1186046000,1195085000,1182688258,1186046000,1195085000,1186046000,1195085000,1182688258
2012-12-28,19.5000,19.5000,,,,,1186046000,1195085000,1186046000,1195085000,1182688258,1186046000,1195085000,1186046000,1195085000,1182688258
2012-12-31,19.9000,19.9000,,,,,1186046000,1195085000,1186046000,1195085000,1182688258,1186046000,1195085000,1186046000,1195085000,1182688258
2013-01-02,20.0800,20.0800,,,,,1186046000,1195085000,1186046000,1195085000,1182688258,1186046000,1195085000,1186046000,1195085000,1182688258
2013-01-03,19.7800,19.7800,,,,,1186046000,1195085000,1186046000,1195085000,1182688258,1186046000,1195085000,1186046000,1195085000,1182688258
2013-01-04,19.8600,19.8600,,,,,1186046000,1195085000,1186046000,1195085000,1182688258,1186046000,1195085000,1186046000,1195085000,1182688258
2013-01-07,19.4000,19.4000,,,,,1186046000,1195085000,1186046000,1195085000,1182688258,1186046000,1195085000,1186046000,1195085000,1182688258
2013-01-08,19.6600,19.6600,,,,,1186046000,1195085000,1186046000,1195085000,1182688258,1186046000,1195085000,1186046000,1195085000,1182688258
2013-01-09,19.3300,19.3300,,,,,1186046000,1195085000,1186046000,1195085000,1182688258,1186046000,1195085000,1186046000,1195085000,1182688258
2013-01-10,18.9900,18.9900,,,,,1186046000,1195085000,1186046000,1195085000,1182688258,1186046000,1195085000,1186046000,1195085000,1182688258
2013-01-11,19.2900,19.2900,,,,,1186046000,1195085000,1186046000,1195085000,1182688258,1186046000,1195085000,1186046000,1195085000,1182688258
2013-01-14,19.4300,19.4300,,,,,1186046000,1195085000,1186046000,1195085000,1182688258,1186046000,1195085000,1186046000,1195085000,1182688258
2013-01-15,19.5200,19.5200,,,,,1186046000,1195085000,1186046000,1195085000,1182688258,1186046000,1195085000,1186046000,1195085000,1182688258
2013-01-16,20.0700,20.0700,,,,,1186046000,1195085000,1186046000,1195085000,1182688258,1186046000,1195085000,1186046000,1195085000,1182688258
2013-01-17,20.1300,20.1300,,,,,1186046000,1195085000,1186046000,1195085000,1182688258,1186046000,1195085000,1186046000,1195085000,1182688258
2013-01-18,20.0200,20.0200,,,,,1186046000,1195085000,1186046000,1195085000,1182688258,1186046000,1195085000,1186046000,1195085000,1182688258
2013-01-21,20.0200,20.0200,,,,,1186046000,1195085000,1186046000,1195085000,1182688258,1186046000,1195085000,1186046000,1195085000,1182688258
2013-01-22,19.9000,19.9000,,,,,1186046000,1195085000,1186046000,1195085000,1182688258,1186046000,1195085000,1186046000,1195085000,1182688258
2013-01-23,20.1100,20.1100,,,,,1186046000,1195085000,1186046000,1195085000,1182688258,1186046000,1195085000,1186046000,1195085000,1182688258
2013-01-24,20.4400,20.4400,,,,,1186046000,1195085000,1186046000,1195085000,1182688258,1186046000,1195085000,1186046000,1195085000,1182688258
2013-01-25,20.3700,20.3700,,,,,1186046000,1195085000,1186046000,1195085000,1182688258,1186046000,1195085000,1186046000,1195085000,1182688258
2013-01-28,20.3100,20.3100,,,,,1186046000,1195085000,1186046000,1195085000,1182688258,1186046000,1195085000,1186046000,1195085000,1182688258
2013-01-29,19.7000,19.7000,,,,,1186046000,1195085000,1186046000,1195085000,1182688258,1186046000,1195085000,1186046000,1195085000,1182688258
2013-01-30,20.1200,20.1200,,,,,1186046000,1195085000,1186046000,1195085000,1182688258,1186046000,1195085000,1186046000,1195085000,1182688258
2013-01-31,19.6300,19.6300,,,,,1186046000,1195085000,1186046000,1195085000,1182688258,1186046000,1195085000,1186046000,1195085000,1182688258
2013-02-01,19.7600,19.7600,,,,,1186046000,1195085000,1186046000,1195085000,1182688258,1186046000,1195085000,1186046000,1195085000,1182688258
2013-02-04,19.3400,19.3400,,,,,1186046000,1195085000,1186046000,1195085000,1182688258,1186046000,1195085000,1186046000,1195085000,1182688258
2013-02-05,19.6600,19.6600,,,,,1186046000,1195085000,1186046000,1195085000,1182688258,1186046000,1195085000,1186046000,1195085000,1182688258
2013-02-06,19.8500,19.8500,,,,,1186046000,1195085000,1186046000,1195085000,1182688258,1186046000,1195085000,1186046000,1195085000,1182688258
2013-02-07,20.3200,20.3200,,,,,1186046000,1195085000,1186046000,1195085000,1182688258,1186046000,1195085000,1186046000,1195085000,1182688258
2013-02-08,20.5000,20.5000,,,,,1186046000,1195085000,1186046000,1195085000,1182688258,1186046000,1195085000,1186046000,1195085000,1182688258
2013-02-11,20.9000,20.9000,,,,,1186046000,1195085000,1186046000,1195085000,1182688258,1186046000,1195085000,1186046000,1195085000,1182688258
2013-02-12,21.2100,21.2100,,,,,1186046000,1195085000,1186046000,1195085000,1182688258,1186046000,1195085000,1186046000,1195085000,1182688258
2013-02-13,21.1500,21.1500,,,,,1186046000,1195085000,1186046000,1195085000,1182688258,1186046000,1195085000,1186046000,1195085000,1182688258
2013-02-14,21.1800,21.1800,,,,,1186046000,1195085000,1186046000,1195085000,1182688258,1186046000,1195085000,1186046000,1195085000,1182688258
2013-02-15,21.0150,21.0150,,,,,1186046000,1195085000,1186046000,1195085000,1182688258,1186046000,1195085000,1186046000,1195085000,1182688258
2013-02-18,21.0150,21.0150,,,,,1186046000,1195085000,1186046000,1195085000,1182688258,1186046000,1195085000,1186046000,1195085000,1182688258
2013-02-19,21.2900,21.2900,,,,,1186046000,1195085000,1186046000,1195085000,1182688258,1186046000,1195085000,1186046000,1195085000,1182688258
2013-02-20,20.9200,20.9200,,,,,1186046000,1195085000,1186046000,1195085000,1182688258,1186046000,1195085000,1186046000,1195085000,1182688258
2013-02-21,20.8300,20.8300,,,,,1186046000,1195085000,1186046000,1195085000,1182688258,1186046000,1195085000,1186046000,1195085000,1182688258
2013-02-22,21.2200,21.2200,,,,,1186046000,1195085000,1186046000,1195085000,1182688258,1186046000,1195085000,1186046000,1195085000,1182688258
2013-02-25,20.7300,20.7300,,,,,1186046000,1195085000,1186046000,1195085000,1182688258,1186046000,1195085000,1186046000,1195085000,1182688258
2013-02-26,20.7600,20.7600,,,,,1186046000,1195085000,1186046000,1195085000,1182688258,1186046000,1195085000,1186046000,1195085000,1182688258
2013-02-27,21.1600,21.1600,,,,,1186046000,1195085000,1186046000,1195085000,1182688258,1186046000,1195085000,1186046000,1195085000,1182688258
2013-02-28,21.3050,21.3050,,,,,1192775000,1202906000,1192775000,1202906000,1101295389,1192775000,1202906000,1192775000,1202906000,1101295389
2013-03-01,21.9400,21.9400,,,,,1192775000,1202906000,1192775000,1202906000,1101295389,1192775000,1202906000,1192775000,1202906000,1101295389
2013-03-04,22.7000,22.7000,,,,,1192775000,1202906000,1192775000,1202906000,1101295389,1192775000,1202906000,1192775000,1202906000,1101295389
2013-03-05,22.9500,22.9500,,,,,1192775000,1202906000,1192775000,1202906000,1101295389,1192775000,1202906000,1192775000,1202906000,1101295389
2013-03-06,22.8000,22.8000,,,,,1192775000,1202906000,1192775000,1202906000,1101295389,1192775000,1202906000,1192775000,1202906000,1101295389
2013-03-07,22.7000,22.7000,,,,,1192775000,1202906000,1192775000,1202906000,1101295389,1192775000,1202906000,1192775000,1202906000,1101295389
2013-03-08,22.9000,22.9000,,,,,1192775000,1202906000,1192775000,1202906000,1101295389,1192775000,1202906000,1192775000,1202906000,1101295389
2013-03-11,22.6000,22.6000,,,,,1192775000,1202906000,1192775000,1202906000,1101295389,1192775000,1202906000,1192775000,1202906000,1101295389
2013-03-12,22.4000,22.4000,,,,,1192775000,1202906000,1192775000,1202906000,1101295389,1192775000,1202906000,1192775000,1202906000,1101295389
2013-03-13,22.3400,22.3400,,,,,1192775000,1202906000,1192775000,1202906000,1101295389,1192775000,1202906000,1192775000,1202906000,1101295389
2013-03-14,22.4300,22.4300,,,,,1192775000,1202906000,1192775000,1202906000,1101295389,1192775000,1202906000,1192775000,1202906000,1101295389
2013-03-15,22.0700,22.0700,,,,,1192775000,1202906000,1192775000,1202906000,1101295389,1192775000,1202906000,1192775000,1202906000,1101295389
2013-03-18,22.0100,22.0100,,,,,1192775000,1202906000,1192775000,1202906000,1101295389,1192775000,1202906000,1192775000,1202906000,1101295389
2013-03-19,22.1700,22.1700,,,,,1192775000,1202906000,1192775000,1202906000,1101295389,1192775000,1202906000,1192775000,1202906000,1101295389
2013-03-20,22.0950,22.0950,,,,,1192775000,1202906000,1192775000,1202906000,1101295389,1192775000,1202906000,1192775000,1202906000,1101295389
2013-03-21,22.8600,22.8600,,,,,1192775000,1202906000,1192775000,1202906000,1101295389,1192775000,1202906000,1192775000,1202906000,1101295389
2013-03-22,23.2600,23.2600,,,,,1192775000,1202906000,1192775000,1202906000,1101295389,1192775000,1202906000,1192775000,1202906000,1101295389
2013-03-25,23.3800,23.3800,,,,,1192775000,1202906000,1192775000,1202906000,1101295389,1192775000,1202906000,1192775000,1202906000,1101295389
2013-03-26,23.5900,23.5900,,,,,1192775000,1202906000,1192775000,1202906000,1101295389,1192775000,1202906000,1192775000,1202906000,1101295389
2013-03-27,23.5900,23.5900,,,,,1192775000,1202906000,1192775000,1202906000,1101295389,1192775000,1202906000,1192775000,1202906000,1101295389
2013-03-28,23.5290,23.5290,,,,,1192775000,1202906000,1192775000,1202906000,1101295389,1192775000,1202906000,1192775000,1202906000,1101295389
2013-03-29,23.5290,23.5290,,,,,1192775000,1202906000,1192775000,1202906000,1101295389,1192775000,1202906000,1192775000,1202906000,1101295389
2013-04-01,23.5000,23.5000,,,,,1192775000,1202906000,1192775000,1202906000,1101295389,1192775000,1202906000,1192775000,1202906000,1101295389
2013-04-02,23.7800,23.7800,,,,,1192775000,1202906000,1192775000,1202906000,1101295389,1192775000,1202906000,1192775000,1202906000,1101295389
2013-04-03,23.3800,23.3800,,,,,1192775000,1202906000,1192775000,1202906000,1101295389,1192775000,1202906000,1192775000,1202906000,1101295389
2013-04-04,23.5200,23.5200,,,,,1192775000,1202906000,1192775000,1202906000,1101295389,1192775000,1202906000,1192775000,1202906000,1101295389
2013-04-05,23.3000,23.3000,,,,,1192775000,1202906000,1192775000,1202906000,1101295389,1192775000,1202906000,1192775000,1202906000,1101295389
2013-04-08,23.4800,23.4800,,,,,1192775000,1202906000,1192775000,1202906000,1101295389,1192775000,1202906000,1192775000,1202906000,1101295389
2013-04-09,23.8300,23.8300,,,,,1192775000,1202906000,1192775000,1202906000,1101295389,1192775000,1202906000,1192775000,1202906000,1101295389
2013-04-10,24.2000,24.2000,,,,,1192775000,1202906000,1192775000,1202906000,1101295389,1192775000,1202906000,1192775000,1202906000,1101295389
2013-04-11,24.4850,24.4850,,,,,1192775000,1202906000,1192775000,1202906000,1101295389,1192775000,1202906000,1192775000,1202906000,1101295389
2013-04-12,24.6900,24.6900,,,,,1192775000,1202906000,1192775000,1202906000,1101295389,1192775000,1202906000,1192775000,1202906000,1101295389
2013-04-15,23.9800,23.9800,,,,,1192775000,1202906000,1192775000,1202906000,1101295389,1192775000,1202906000,1192775000,1202906000,1101295389
2013-04-16,23.7900,23.7900,,,,,1192775000,1202906000,1192775000,1202906000,1101295389,1192775000,1202906000,1192775000,1202906000,1101295389
2013-04-17,23.7000,23.7000,,,,,1192775000,1202906000,1192775000,1202906000,1101295389,1192775000,1202906000,1192775000,1202906000,1101295389
2013-04-18,23.2610,23.2610,,,,,1192775000,1202906000,1192775000,1202906000,1101295389,1192775000,1202906000,1192775000,1202906000,1101295389
2013-04-19,23.4700,23.4700,,,,,1192775000,1202906000,1192775000,1202906000,1101295389,1192775000,1202906000,1192775000,1202906000,1101295389
2013-04-22,23.9500,23.9500,,,,,1192775000,1202906000,1192775000,1202906000,1101295389,1192775000,1202906000,1192775000,1202906000,1101295389
2013-04-23,24.3800,24.3800,,,,,1192775000,1202906000,1192775000,1202906000,1101295389,1192775000,1202906000,1192775000,1202906000,1101295389
2013-04-24,24.7500,24.7500,,,,,1192775000,1202906000,1192775000,1202906000,1101295389,1192775000,1202906000,1192775000,1202906000,1101295389
2013-04-25,25.2000,25.2000,,,,,1192775000,1202906000,1192775000,1202906000,1101295389,1192775000,1202906000,1192775000,1202906000,1101295389
2013-04-26,24.6800,24.6800,,,,,1192775000,1202906000,1192775000,1202906000,1101295389,1192775000,1202906000,1192775000,1202906000,1101295389
2013-04-29,24.4300,24.4300,,,,,1192775000,1202906000,1192775000,1202906000,1101295389,1192775000,1202906000,1192775000,1202906000,1101295389
2013-04-30,24.7300,24.7300,,,,,1192775000,1202906000,1192775000,1202906000,1101295389,1192775000,1202906000,1192775000,1202906000,1101295389
2013-05-01,24.3000,24.3000,,,,,1192775000,1202906000,1192775000,1202906000,1101295389,1192775000,1202906000,1192775000,1202906000,1101295389
2013-05-02,24.9700,24.9700,,,,,1192775000,1202906000,1192775000,1202906000,1101295389,1192775000,1202906000,1192775000,1202906000,1101295389
2013-05-03,25.0700,25.0700,,,,,1192775000,1202906000,1192775000,1202906000,1101295389,1192775000,1202906000,1192775000,1202906000,1101295389
2013-05-06,25.1700,25.1700,,,,,1192775000,1202906000,1192775000,1202906000,1101295389,1192775000,1202906000,1192775000,1202906000,1101295389
2013-05-07,26.0700,26.0700,,,,,1094170000,1108095000,1094170000,1108095000,1082634754,1094170000,1108095000,1094170000,1108095000,1082634754
2013-05-08,26.4100,26.4100,,,,,1094170000,1108095000,1094170000,1108095000,1082634754,1094170000,1108095000,1094170000,1108095000,1082634754
2013-05-09,26.2400,26.2400,,,,,1094170000,1108095000,1094170000,1108095000,1082634754,1094170000,1108095000,1094170000,1108095000,1082634754
2013-05-10,26.8300,26.8300,,,,,1094170000,1108095000,1094170000,1108095000,1082634754,1094170000,1108095000,1094170000,1108095000,1082634754
2013-05-13,26.3900,26.3900,,,,,1094170000,1108095000,1094170000,1108095000,1082634754,1094170000,1108095000,1094170000,1108095000,1082634754
2013-05-14,26.6400,26.6400,,,,,1094170000,1108095000,1094170000,1108095000,1082634754,1094170000,1108095000,1094170000,1108095000,1082634754
2013-05-15,27.3400,27.3400,,,,,1094170000,1108095000,1094170000,1108095000,1082634754,1094170000,1108095000,1094170000,1108095000,1082634754
2013-05-16,26.5800,26.5800,,,,,1094170000,1108095000,1094170000,1108095000,1082634754,1094170000,1108095000,1094170000,1108095000,1082634754
2013-05-17,26.5200,26.5200,,,,,1094170000,1108095000,1094170000,1108095000,1082634754,1094170000,1108095000,1094170000,1108095000,1082634754
2013-05-20,26.5800,26.5800,,,,,1094170000,1108095000,1094170000,1108095000,1082634754,1094170000,1108095000,1094170000,1108095000,1082634754
2013-05-21,27.0000,27.0000,,,,,1094170000,1108095000,1094170000,1108095000,1082634754,1094170000,1108095000,1094170000,1108095000,1082634754
2013-05-22,26.5400,26.5400,,,,,1094170000,1108095000,1094170000,1108095000,1082634754,1094170000,1108095000,1094170000,1108095000,1082634754
2013-05-23,26.0200,26.0200,,,,,1094170000,1108095000,1094170000,1108095000,1082634754,1094170000,1108095000,1094170000,1108095000,1082634754
2013-05-24,26.3300,26.3300,,,,,1094170000,1108095000,1094170000,1108095000,1082634754,1094170000,1108095000,1094170000,1108095000,1082634754
2013-05-28,26.0700,26.0700,,,,,1094170000,1108095000,1094170000,1108095000,1082634754,1094170000,1108095000,1094170000,1108095000,1082634754
2013-05-29,25.8100,25.8100,,,,,1094170000,1108095000,1094170000,1108095000,1082634754,1094170000,1108095000,1094170000,1108095000,1082634754
2013-05-30,26.3300,26.3300,,,,,1094170000,1108095000,1094170000,1108095000,1082634754,1094170000,1108095000,1094170000,1108095000,1082634754
2013-05-31,26.3000,26.3000,,,,,1094170000,1108095000,1094170000,1108095000,1082634754,1094170000,1108095000,1094170000,1108095000,1082634754
2013-06-03,26.3900,26.3900,,,,,1094170000,1108095000,1094170000,1108095000,1082634754,1094170000,1108095000,1094170000,1108095000,1082634754
2013-06-04,26.2600,26.2600,,,,,1094170000,1108095000,1094170000,1108095000,1082634754,1094170000,1108095000,1094170000,1108095000,1082634754
2013-06-05,25.7500,25.7500,,,,,1094170000,1108095000,1094170000,1108095000,1082634754,1094170000,1108095000,1094170000,1108095000,1082634754
2013-06-06,26.2100,26.2100,,,,,1094170000,1108095000,1094170000,1108095000,1082634754,1094170000,1108095000,1094170000,1108095000,1082634754
2013-06-07,27.0400,27.0400,,,,,1094170000,1108095000,1094170000,1108095000,1082634754,1094170000,1108095000,1094170000,1108095000,1082634754
2013-06-10,26.7400,26.7400,,,,,1094170000,1108095000,1094170000,1108095000,1082634754,1094170000,1108095000,1094170000,1108095000,1082634754
2013-06-11,26.4000,26.4000,,,,,1094170000,1108095000,1094170000,1108095000,1082634754,1094170000,1108095000,1094170000,1108095000,1082634754
2013-06-12,25.8900,25.8900,,,,,1094170000,1108095000,1094170000,1108095000,1082634754,1094170000,1108095000,1094170000,1108095000,1082634754
2013-06-13,26.3700,26.3700,,,,,1094170000,1108095000,1094170000,1108095000,1082634754,1094170000,1108095000,1094170000,1108095000,1082634754
2013-06-14,26.2800,26.2800,,,,,1094170000,1108095000,1094170000,1108095000,1082634754,1094170000,1108095000,1094170000,1108095000,1082634754
2013-06-17,26.5400,26.5400,,,,,1094170000,1108095000,1094170000,1108095000,1082634754,1094170000,1108095000,1094170000,1108095000,1082634754
2013-06-18,26.6600,26.6600,,,,,1094170000,1108095000,1094170000,1108095000,1082634754,1094170000,1108095000,1094170000,1108095000,1082634754
2013-06-19,26.2400,26.2400,,,,,1094170000,1108095000,1094170000,1108095000,1082634754,1094170000,1108095000,1094170000,1108095000,1082634754
2013-06-20,25.3500,25.3500,,,,,1094170000,1108095000,1094170000,1108095000,1082634754,1094170000,1108095000,1094170000,1108095000,1082634754
2013-06-21,25.1900,25.1900,,,,,1094170000,1108095000,1094170000,1108095000,1082634754,1094170000,1108095000,1094170000,1108095000,1082634754
2013-06-24,24.0650,24.0650,,,,,1094170000,1108095000,1094170000,1108095000,1082634754,1094170000,1108095000,1094170000,1108095000,1082634754
2013-06-25,24.9550,24.9550,,,,,1094170000,1108095000,1094170000,1108095000,1082634754,1094170000,1108095000,1094170000,1108095000,1082634754
2013-06-26,25.2850,25.2850,,,,,1094170000,1108095000,1094170000,1108095000,1082634754,1094170000,1108095000,1094170000,1108095000,1082634754
2013-06-27,25.4700,25.4700,,,,,1094170000,1108095000,1094170000,1108095000,1082634754,1094170000,1108095000,1094170000,1108095000,1082634754
2013-06-28,25.1300,25.1300,,,,,1094170000,1108095000,1094170000,1108095000,1082634754,1094170000,1108095000,1094170000,1108095000,1082634754
2013-07-01,25.2400,25.2400,,,,,1094170000,1108095000,1094170000,1108095000,1082634754,1094170000,1108095000,1094170000,1108095000,1082634754
2013-07-02,24.9900,24.9900,,,,,1094170000,1108095000,1094170000,1108095000,1082634754,1094170000,1108095000,1094170000,1108095000,1082634754
2013-07-03,25.5900,25.5900,,,,,1094170000,1108095000,1094170000,1108095000,1082634754,1094170000,1108095000,1094170000,1108095000,1082634754
2013-07-04,25.5900,25.5900,,,,,1094170000,1108095000,1094170000,1108095000,1082634754,1094170000,1108095000,1094170000,1108095000,1082634754
2013-07-05,25.6800,25.6800,,,,,1094170000,1108095000,1094170000,1108095000,1082634754,1094170000,1108095000,1094170000,1108095000,1082634754
2013-07-08,25.5250,25.5250,,,,,1094170000,1108095000,1094170000,1108095000,1082634754,1094170000,1108095000,1094170000,1108095000,1082634754
2013-07-09,26.6750,26.6750,,,,,1094170000,1108095000,1094170000,1108095000,1082634754,1094170000,1108095000,1094170000,1108095000,1082634754
2013-07-10,26.5600,26.5600,,,,,1094170000,1108095000,1094170000,1108095000,1082634754,1094170000,1108095000,1094170000,1108095000,1082634754
2013-07-11,27.0400,27.0400,,,,,1094170000,1108095000,1094170000,1108095000,1082634754,1094170000,1108095000,1094170000,1108095000,1082634754
2013-07-12,27.2300,27.2300,,,,,1094170000,1108095000,1094170000,1108095000,1082634754,1094170000,1108095000,1094170000,1108095000,1082634754
2013-07-15,27.3400,27.3400,,,,,1094170000,1108095000,1094170000,1108095000,1082634754,1094170000,1108095000,1094170000,1108095000,1082634754
2013-07-16,26.8800,26.8800,,,,,1094170000,1108095000,1094170000,1108095000,1082634754,1094170000,1108095000,1094170000,1108095000,1082634754
2013-07-17,29.6600,29.6600,,,,,1094170000,1108095000,1094170000,1108095000,1082634754,1094170000,1108095000,1094170000,1108095000,1082634754
2013-07-18,29.6600,29.6600,,,,,1094170000,1108095000,1094170000,1108095000,1082634754,1094170000,1108095000,1094170000,1108095000,1082634754
2013-07-19,29.1100,29.1100,,,,,1094170000,1108095000,1094170000,1108095000,1082634754,1094170000,1108095000,1094170000,1108095000,1082634754
2013-07-22,27.8600,27.8600,,,,,1094170000,1108095000,1094170000,1108095000,1082634754,1094170000,1108095000,1094170000,1108095000,1082634754
2013-07-23,27.3600,27.3600,,,,,1094170000,1108095000,1094170000,1108095000,1082634754,1094170000,1108095000,1094170000,1108095000,1082634754
2013-07-24,27.8400,27.8400,,,,,1094170000,1108095000,1094170000,1108095000,1082634754,1094170000,1108095000,1094170000,1108095000,1082634754
2013-07-25,28.2700,28.2700,,,,,1094170000,1108095000,1094170000,1108095000,1082634754,1094170000,1108095000,1094170000,1108095000,1082634754
2013-07-26,28.1100,28.1100,,,,,1094170000,1108095000,1094170000,1108095000,1082634754,1094170000,1108095000,1094170000,1108095000,1082634754
2013-07-29,27.9290,27.9290,,,,,1094170000,1108095000,1094170000,1108095000,1082634754,1094170000,1108095000,1094170000,1108095000,1082634754
2013-07-30,28.0500,28.0500,,,,,1094170000,1108095000,1094170000,1108095000,1082634754,1094170000,1108095000,1094170000,1108095000,1082634754
2013-07-31,28.0900,28.0900,,,,,1094170000,1108095000,1094170000,1108095000,1082634754,1094170000,1108095000,1094170000,1108095000,1082634754
2013-08-01,27.9600,27.9600,,,,,1094170000,1108095000,1094170000,1108095000,1082634754,1094170000,1108095000,1094170000,1108095000,1082634754
2013-08-02,27.6500,27.6500,,,,,1094170000,1108095000,1094170000,1108095000,1082634754,1094170000,1108095000,1094170000,1108095000,1082634754
2013-08-05,27.6700,27.6700,,,,,1094170000,1108095000,1094170000,1108095000,1082634754,1094170000,1108095000,1094170000,1108095000,1082634754
2013-08-06,27.3200,27.3200,,,,,1094170000,1108095000,1094170000,1108095000,1082634754,1094170000,1108095000,1094170000,1108095000,1082634754
2013-08-07,27.3900,27.3900,,,,,1094170000,1108095000,1094170000,1108095000,1082634754,1094170000,1108095000,1094170000,1108095000,1082634754
2013-08-08,27.4800,27.4800,,,,,1079389000,1094694000,1079389000,1094694000,1020321185,1079389000,1094694000,1079389000,1094694000,1020321185
2013-08-09,27.6800,27.6800,,,,,1079389000,1094694000,1079389000,1094694000,1020321185,1079389000,1094694000,1079389000,1094694000,1020321185
2013-08-12,28.3500,28.3500,,,,,1079389000,1094694000,1079389000,1094694000,1020321185,1079389000,1094694000,1079389000,1094694000,1020321185
2013-08-13,28.3400,28.3400,,,,,1079389000,1094694000,1079389000,1094694000,1020321185,1079389000,1094694000,1079389000,1094694000,1020321185
2013-08-14,28.0500,28.0500,,,,,1079389000,1094694000,1079389000,1094694000,1020321185,1079389000,1094694000,1079389000,1094694000,1020321185
2013-08-15,27.1420,27.1420,,,,,1079389000,1094694000,1079389000,1094694000,1020321185,1079389000,1094694000,1079389000,1094694000,1020321185
2013-08-16,27.3200,27.3200,,,,,1079389000,1094694000,1079389000,1094694000,1020321185,1079389000,1094694000,1079389000,1094694000,1020321185
2013-08-19,26.9100,26.9100,,,,,1079389000,1094694000,1079389000,1094694000,1020321185,1079389000,1094694000,1079389000,1094694000,1020321185
2013-08-20,27.1200,27.1200,,,,,1079389000,1094694000,1079389000,1094694000,1020321185,1079389000,1094694000,1079389000,1094694000,1020321185
2013-08-21,27.0600,27.0600,,,,,1079389000,1094694000,1079389000,1094694000,1020321185,1079389000,1094694000,1079389000,1094694000,1020321185
2013-08-22,27.9000,27.9000,,,,,1079389000,1094694000,1079389000,1094694000,1020321185,1079389000,1094694000,1079389000,1094694000,1020321185
2013-08-23,27.9900,27.9900,,,,,1079389000,1094694000,1079389000,1094694000,1020321185,1079389000,1094694000,1079389000,1094694000,1020321185
2013-08-26,27.7050,27.7050,,,,,1079389000,1094694000,1079389000,1094694000,1020321185,1079389000,1094694000,1079389000,1094694000,1020321185
2013-08-27,27.0010,27.0010,,,,,1079389000,1094694000,1079389000,1094694000,1020321185,1079389000,1094694000,1079389000,1094694000,1020321185
2013-08-28,27.1100,27.1100,,,,,1079389000,1094694000,1079389000,1094694000,1020321185,1079389000,1094694000,1079389000,1094694000,1020321185
2013-08-29,27.3000,27.3000,,,,,1079389000,1094694000,1079389000,1094694000,1020321185,1079389000,1094694000,1079389000,1094694000,1020321185
2013-08-30,27.1200,27.1200,,,,,1079389000,1094694000,1079389000,1094694000,1020321185,1079389000,1094694000,1079389000,1094694000,1020321185
2013-09-03,27.7800,27.7800,,,,,1079389000,1094694000,1079389000,1094694000,1020321185,1079389000,1094694000,1079389000,1094694000,1020321185
2013-09-04,28.0700,28.0700,,,,,1079389000,1094694000,1079389000,1094694000,1020321185,1079389000,1094694000,1079389000,1094694000,1020321185
2013-09-05,28.2300,28.2300,,,,,1079389000,1094694000,1079389000,1094694000,1020321185,1079389000,1094694000,1079389000,1094694000,1020321185
2013-09-06,28.1700,28.1700,,,,,1079389000,1094694000,1079389000,1094694000,1020321185,1079389000,1094694000,1079389000,1094694000,1020321185
2013-09-09,29.2400,29.2400,,,,,1079389000,1094694000,1079389000,1094694000,1020321185,1079389000,1094694000,1079389000,1094694000,1020321185
2013-09-10,29.4800,29.4800,,,,,1079389000,1094694000,1079389000,1094694000,1020321185,1079389000,1094694000,1079389000,1094694000,1020321185
2013-09-11,29.1900,29.1900,,,,,1079389000,1094694000,1079389000,1094694000,1020321185,1079389000,1094694000,1079389000,1094694000,1020321185
2013-09-12,29.6500,29.6500,,,,,1079389000,1094694000,1079389000,1094694000,1020321185,1079389000,1094694000,1079389000,1094694000,1020321185
2013-09-13,29.2600,29.2600,,,,,1079389000,1094694000,1079389000,1094694000,1020321185,1079389000,1094694000,1079389000,1094694000,1020321185
2013-09-16,29.6200,29.6200,,,,,1079389000,1094694000,1079389000,1094694000,1020321185,1079389000,1094694000,1079389000,1094694000,1020321185
2013-09-17,30.0000,30.0000,,,,,1079389000,1094694000,1079389000,1094694000,1020321185,1079389000,1094694000,1079389000,1094694000,1020321185
2013-09-18,30.4350,30.4350,,,,,1079389000,1094694000,1079389000,1094694000,1020321185,1079389000,1094694000,1079389000,1094694000,1020321185
2013-09-19,31.0300,31.0300,,,,,1079389000,1094694000,1079389000,1094694000,1020321185,1079389000,1094694000,1079389000,1094694000,1020321185
2013-09-20,30.9250,30.9250,,,,,1079389000,1094694000,1079389000,1094694000,1020321185,1079389000,1094694000,1079389000,1094694000,1020321185
2013-09-23,30.2600,30.2600,,,,,1079389000,1094694000,1079389000,1094694000,1020321185,1079389000,1094694000,1079389000,1094694000,1020321185
2013-09-24,31.2700,31.2700,,,,,1079389000,1094694000,1079389000,1094694000,1020321185,1079389000,1094694000,1079389000,1094694000,1020321185
2013-09-25,31.3400,31.3400,,,,,1079389000,1094694000,1079389000,1094694000,1020321185,1079389000,1094694000,1079389000,1094694000,1020321185
2013-09-26,32.7500,32.7500,,,,,1079389000,1094694000,1079389000,1094694000,1020321185,1079389000,1094694000,1079389000,1094694000,1020321185
2013-09-27,33.5500,33.5500,,,,,1079389000,1094694000,1079389000,1094694000,1020321185,1079389000,1094694000,1079389000,1094694000,1020321185
2013-09-30,33.1700,33.1700,,,,,1079389000,1094694000,1079389000,1094694000,1020321185,1079389000,1094694000,1079389000,1094694000,1020321185
2013-10-01,34.3100,34.3100,,,,,1079389000,1094694000,1079389000,1094694000,1020321185,1079389000,1094694000,1079389000,1094694000,1020321185
2013-10-02,34.1400,34.1400,,,,,1079389000,1094694000,1079389000,1094694000,1020321185,1079389000,1094694000,1079389000,1094694000,1020321185
2013-10-03,33.8750,33.8750,,,,,1079389000,1094694000,1079389000,1094694000,1020321185,1079389000,1094694000,1079389000,1094694000,1020321185
2013-10-04,34.8900,34.8900,,,,,1079389000,1094694000,1079389000,1094694000,1020321185,1079389000,1094694000,1079389000,1094694000,1020321185
2013-10-07,34.1400,34.1400,,,,,1079389000,1094694000,1079389000,1094694000,1020321185,1079389000,1094694000,1079389000,1094694000,1020321185
2013-10-08,32.9300,32.9300,,,,,1079389000,1094694000,1079389000,1094694000,1020321185,1079389000,1094694000,1079389000,1094694000,1020321185
2013-10-09,33.0100,33.0100,,,,,1079389000,1094694000,1079389000,1094694000,1020321185,1079389000,1094694000,1079389000,1094694000,1020321185
2013-10-10,33.8700,33.8700,,,,,1079389000,1094694000,1079389000,1094694000,1020321185,1079389000,1094694000,1079389000,1094694000,1020321185
2013-10-11,34.1500,34.1500,,,,,1079389000,1094694000,1079389000,1094694000,1020321185,1079389000,1094694000,1079389000,1094694000,1020321185
2013-10-14,34.0000,34.0000,,,,,1079389000,1094694000,1079389000,1094694000,1020321185,1079389000,1094694000,1079389000,1094694000,1020321185
2013-10-15,33.3800,33.3800,,,,,1079389000,1094694000,1079389000,1094694000,1020321185,1079389000,1094694000,1079389000,1094694000,1020321185
2013-10-16,33.0890,33.0890,,,,,1079389000,1094694000,1079389000,1094694000,1020321185,1079389000,1094694000,1079389000,1094694000,1020321185
2013-10-17,32.7450,32.7450,,,,,1079389000,1094694000,1079389000,1094694000,1020321185,1079389000,1094694000,1079389000,1094694000,1020321185
2013-10-18,33.4310,33.4310,,,,,1079389000,1094694000,1079389000,1094694000,1020321185,1079389000,1094694000,1079389000,1094694000,1020321185
2013-10-21,34.0600,34.0600,,,,,1079389000,1094694000,1079389000,1094694000,1020321185,1079389000,1094694000,1079389000,1094694000,1020321185
2013-10-22,33.9400,33.9400,,,,,1079389000,1094694000,1079389000,1094694000,1020321185,1079389000,1094694000,1079389000,1094694000,1020321185
2013-10-23,33.1000,33.1000,,,,,1079389000,1094694000,1079389000,1094694000,1020321185,1079389000,1094694000,1079389000,1094694000,1020321185
2013-10-24,33.0800,33.0800,,,,,1079389000,1094694000,1079389000,1094694000,1020321185,1079389000,1094694000,1079389000,1094694000,1020321185
2013-10-25,32.2500,32.2500,,,,,1079389000,1094694000,1079389000,1094694000,1020321185,1079389000,1094694000,1079389000,1094694000,1020321185
2013-10-28,32.3500,32.3500,,,,,1079389000,1094694000,1079389000,1094694000,1020321185,1079389000,1094694000,1079389000,1094694000,1020321185
2013-10-29,33.1690,33.1690,,,,,1079389000,1094694000,1079389000,1094694000,1020321185,1079389000,1094694000,1079389000,1094694000,1020321185
2013-10-30,32.5700,32.5700,,,,,1079389000,1094694000,1079389000,1094694000,1020321185,1079389000,1094694000,1079389000,1094694000,1020321185
2013-10-31,32.9400,32.9400,,,,,1079389000,1094694000,1079389000,1094694000,1020321185,1079389000,1094694000,1079389000,1094694000,1020321185
2013-11-01,33.1810,33.1810,,,,,1079389000,1094694000,1079389000,1094694000,1020321185,1079389000,1094694000,1079389000,1094694000,1020321185
2013-11-04,33.1900,33.1900,,,,,1079389000,1094694000,1079389000,1094694000,1020321185,1079389000,1094694000,1079389000,1094694000,1020321185
2013-11-05,32.9700,32.9700,,,,,1079389000,1094694000,1079389000,1094694000,1020321185,1079389000,1094694000,1079389000,1094694000,1020321185
2013-11-06,32.8800,32.8800,,,,,1079389000,1094694000,1079389000,1094694000,1020321185,1079389000,1094694000,1079389000,1094694000,1020321185
2013-11-07,32.1100,32.1100,,,,,1079389000,1094694000,1079389000,1094694000,1020321185,1079389000,1094694000,1079389000,1094694000,1020321185
2013-11-08,33.1200,33.1200,,,,,1079389000,1094694000,1079389000,1094694000,1020321185,1079389000,1094694000,1079389000,1094694000,1020321185
2013-11-11,33.8150,33.8150,,,,,1079389000,1094694000,1079389000,1094694000,1020321185,1079389000,1094694000,1079389000,1094694000,1020321185
2013-11-12,34.0700,34.0700,,,,,1024289000,1041698000,1024289000,1041698000,1014442318,1024289000,1041698000,1024289000,1041698000,1014442318
2013-11-13,35.1050,35.1050,,,,,1024289000,1041698000,1024289000,1041698000,1014442318,1024289000,1041698000,1024289000,1041698000,1014442318
2013-11-14,35.6900,35.6900,,,,,1024289000,1041698000,1024289000,1041698000,1014442318,1024289000,1041698000,1024289000,1041698000,1014442318
2013-11-15,35.4700,35.4700,,,,,1024289000,1041698000,1024289000,1041698000,1014442318,1024289000,1041698000,1024289000,1041698000,1014442318
2013-11-18,34.9750,34.9750,,,,,1024289000,1041698000,1024289000,1041698000,1014442318,1024289000,1041698000,1024289000,1041698000,1014442318
2013-11-19,34.6300,34.6300,,,,,1024289000,1041698000,1024289000,1041698000,1014442318,1024289000,1041698000,1024289000,1041698000,1014442318
2013-11-20,35.6200,35.6200,,,,,1024289000,1041698000,1024289000,1041698000,1014442318,1024289000,1041698000,1024289000,1041698000,1014442318
2013-11-21,36.3000,36.3000,,,,,1024289000,1041698000,1024289000,1041698000,1014442318,1024289000,1041698000,1024289000,1041698000,1014442318
2013-11-22,36.4900,36.4900,,,,,1024289000,1041698000,1024289000,1041698000,1014442318,1024289000,1041698000,1024289000,1041698000,1014442318
2013-11-25,36.2900,36.2900,,,,,1024289000,1041698000,1024289000,1041698000,1014442318,1024289000,1041698000,1024289000,1041698000,1014442318
2013-11-26,36.6400,36.6400,,,,,1024289000,1041698000,1024289000,1041698000,1014442318,1024289000,1041698000,1024289000,1041698000,1014442318
2013-11-27,36.9600,36.9600,,,,,1024289000,1041698000,1024289000,1041698000,1014442318,1024289000,1041698000,1024289000,1041698000,1014442318
2013-11-29,36.9800,36.9800,,,,,1024289000,1041698000,1024289000,1041698000,1014442318,1024289000,1041698000,1024289000,1041698000,1014442318
2013-12-02,37.0100,37.0100,,,,,1024289000,1041698000,1024289000,1041698000,1014442318,1024289000,1041698000,1024289000,1041698000,1014442318
2013-12-03,36.5600,36.5600,,,,,1024289000,1041698000,1024289000,1041698000,1014442318,1024289000,1041698000,1024289000,1041698000,1014442318
2013-12-04,38.1300,38.1300,,,,,1024289000,1041698000,1024289000,1041698000,1014442318,1024289000,1041698000,1024289000,1041698000,1014442318
2013-12-05,38.8700,38.8700,,,,,1024289000,1041698000,1024289000,1041698000,1014442318,1024289000,1041698000,1024289000,1041698000,1014442318
2013-12-06,38.8600,38.8600,,,,,1024289000,1041698000,1024289000,1041698000,1014442318,1024289000,1041698000,1024289000,1041698000,1014442318
2013-12-09,38.8700,38.8700,,,,,1024289000,1041698000,1024289000,1041698000,1014442318,1024289000,1041698000,1024289000,1041698000,1014442318
2013-12-10,40.2200,40.2200,,,,,1024289000,1041698000,1024289000,1041698000,1014442318,1024289000,1041698000,1024289000,1041698000,1014442318
2013-12-11,39.1550,39.1550,,,,,1024289000,1041698000,1024289000,1041698000,1014442318,1024289000,1041698000,1024289000,1041698000,1014442318
2013-12-12,39.3500,39.3500,,,,,1024289000,1041698000,1024289000,1041698000,1014442318,1024289000,1041698000,1024289000,1041698000,1014442318
2013-12-13,39.7300,39.7300,,,,,1024289000,1041698000,1024289000,1041698000,1014442318,1024289000,1041698000,1024289000,1041698000,1014442318
2013-12-16,39.7300,39.7300,,,,,1024289000,1041698000,1024289000,1041698000,1014442318,1024289000,1041698000,1024289000,1041698000,1014442318
2013-12-17,39.5100,39.5100,,,,,1024289000,1041698000,1024289000,1041698000,1014442318,1024289000,1041698000,1024289000,1041698000,1014442318
2013-12-18,40.0400,40.0400,,,,,1024289000,1041698000,1024289000,1041698000,1014442318,1024289000,1041698000,1024289000,1041698000,1014442318
2013-12-19,40.2000,40.2000,,,,,1024289000,1041698000,1024289000,1041698000,1014442318,1024289000,1041698000,1024289000,1041698000,1014442318
2013-12-20,40.1200,40.1200,,,,,1024289000,1041698000,1024289000,1041698000,1014442318,1024289000,1041698000,1024289000,1041698000,1014442318
2013-12-23,40.7700,40.7700,,,,,1024289000,1041698000,1024289000,1041698000,1014442318,1024289000,1041698000,1024289000,1041698000,1014442318
2013-12-24,40.8500,40.8500,,,,,1024289000,1041698000,1024289000,1041698000,1014442318,1024289000,1041698000,1024289000,1041698000,1014442318
2013-12-26,40.6500,40.6500,,,,,1024289000,1041698000,1024289000,1041698000,1014442318,1024289000,1041698000,1024289000,1041698000,1014442318
2013-12-27,40.4900,40.4900,,,,,1024289000,1041698000,1024289000,1041698000,1014442318,1024289000,1041698000,1024289000,1041698000,1014442318
2013-12-30,40.2000,40.2000,,,,,1024289000,1041698000,1024289000,1041698000,1014442318,1024289000,1041698000,1024289000,1041698000,1014442318
2013-12-31,40.4400,40.4400,,,,,1024289000,1041698000,1024289000,1041698000,1014442318,1024289000,1041698000,1024289000,1041698000,1014442318
2014-01-02,39.5900,39.5900,,,,,1024289000,1041698000,1024289000,1041698000,1014442318,1024289000,1041698000,1024289000,1041698000,1014442318
2014-01-03,40.1200,40.1200,,,,,1024289000,1041698000,1024289000,1041698000,1014442318,1024289000,1041698000,1024289000,1041698000,1014442318
2014-01-06,39.9300,39.9300,,,,,1024289000,1041698000,1024289000,1041698000,1014442318,1024289000,1041698000,1024289000,1041698000,1014442318
2014-01-07,40.9200,40.9200,,,,,1024289000,1041698000,1024289000,1041698000,1014442318,1024289000,1041698000,1024289000,1041698000,1014442318
2014-01-08,41.0200,41.0200,,,,,1024289000,1041698000,1024289000,1041698000,1014442318,1024289000,1041698000,1024289000,1041698000,1014442318
2014-01-09,40.9200,40.9200,,,,,1024289000,1041698000,1024289000,1041698000,1014442318,1024289000,1041698000,1024289000,1041698000,1014442318
2014-01-10,41.2300,41.2300,,,,,1024289000,1041698000,1024289000,1041698000,1014442318,1024289000,1041698000,1024289000,1041698000,1014442318
2014-01-13,39.9900,39.9900,,,,,1024289000,1041698000,1024289000,1041698000,1014442318,1024289000,1041698000,1024289000,1041698000,1014442318
2014-01-14,41.1400,41.1400,,,,,1024289000,1041698000,1024289000,1041698000,1014442318,1024289000,1041698000,1024289000,1041698000,1014442318
2014-01-15,41.0700,41.0700,,,,,1024289000,1041698000,1024289000,1041698000,1014442318,1024289000,1041698000,1024289000,1041698000,1014442318
2014-01-16,40.3400,40.3400,,,,,1024289000,1041698000,1024289000,1041698000,1014442318,1024289000,1041698000,1024289000,1041698000,1014442318
2014-01-17,40.0100,40.0100,,,,,1024289000,1041698000,1024289000,1041698000,1014442318,1024289000,1041698000,1024289000,1041698000,1014442318
2014-01-21,39.5200,39.5200,,,,,1024289000,1041698000,1024289000,1041698000,1014442318,1024289000,1041698000,1024289000,1041698000,1014442318
2014-01-22,40.1800,40.1800,,,,,1024289000,1041698000,1024289000,1041698000,1014442318,1024289000,1041698000,1024289000,1041698000,1014442318
2014-01-23,39.3900,39.3900,,,,,1024289000,1041698000,1024289000,1041698000,1014442318,1024289000,1041698000,1024289000,1041698000,1014442318
2014-01-24,37.9100,37.9100,,,,,1024289000,1041698000,1024289000,1041698000,1014442318,1024289000,1041698000,1024289000,1041698000,1014442318
2014-01-27,36.6500,36.6500,,,,,1024289000,1041698000,1024289000,1041698000,1014442318,1024289000,1041698000,1024289000,1041698000,1014442318
2014-01-28,38.2200,38.2200,,,,,1024289000,1041698000,1024289000,1041698000,1014442318,1024289000,1041698000,1024289000,1041698000,1014442318
2014-01-29,34.8900,34.8900,,,,,1024289000,1041698000,1024289000,1041698000,1014442318,1024289000,1041698000,1024289000,1041698000,1014442318
2014-01-30,35.3100,35.3100,,,,,1024289000,1041698000,1024289000,1041698000,1014442318,1024289000,1041698000,1024289000,1041698000,1014442318
2014-01-31,36.0080,36.0080,,,,,1024289000,1041698000,1024289000,1041698000,1014442318,1024289000,1041698000,1024289000,1041698000,1014442318
2014-02-03,34.9000,34.9000,,,,,1024289000,1041698000,1024289000,1041698000,1014442318,1024289000,1041698000,1024289000,1041698000,1014442318
2014-02-04,35.6600,35.6600,,,,,1024289000,1041698000,1024289000,1041698000,1014442318,1024289000,1041698000,1024289000,1041698000,1014442318
2014-02-05,35.4900,35.4900,,,,,1024289000,1041698000,1024289000,1041698000,1014442318,1024289000,1041698000,1024289000,1041698000,1014442318
2014-02-06,36.2400,36.2400,,,,,1024289000,1041698000,1024289000,1041698000,1014442318,1024289000,1041698000,1024289000,1041698000,1014442318
2014-02-07,37.2300,37.2300,,,,,1024289000,1041698000,1024289000,1041698000,1014442318,1024289000,1041698000,1024289000,1041698000,1014442318
2014-02-10,37.7600,37.7600,,,,,1024289000,1041698000,1024289000,1041698000,1014442318,1024289000,1041698000,1024289000,1041698000,1014442318
2014-02-11,38.5000,38.5000,,,,,1024289000,1041698000,1024289000,1041698000,1014442318,1024289000,1041698000,1024289000,1041698000,1014442318
2014-02-12,38.1100,38.1100,,,,,1024289000,1041698000,1024289000,1041698000,1014442318,1024289000,1041698000,1024289000,1041698000,1014442318
2014-02-13,38.5200,38.5200,,,,,1024289000,1041698000,1024289000,1041698000,1014442318,1024289000,1041698000,1024289000,1041698000,1014442318
2014-02-14,38.2300,38.2300,,,,,1024289000,1041698000,1024289000,1041698000,1014442318,1024289000,1041698000,1024289000,1041698000,1014442318
2014-02-18,38.3050,38.3050,,,,,1024289000,1041698000,1024289000,1041698000,1014442318,1024289000,1041698000,1024289000,1041698000,1014442318
2014-02-19,37.8100,37.8100,,,,,1024289000,1041698000,1024289000,1041698000,1014442318,1024289000,1041698000,1024289000,1041698000,1014442318
2014-02-20,37.7900,37.7900,,,,,1024289000,1041698000,1024289000,1041698000,1014442318,1024289000,1041698000,1024289000,1041698000,1014442318
2014-02-21,37.2900,37.2900,,,,,1024289000,1041698000,1024289000,1041698000,1014442318,1024289000,1041698000,1024289000,1041698000,1014442318
2014-02-24,37.4200,37.4200,,,,,1024289000,1041698000,1024289000,1041698000,1014442318,1024289000,1041698000,1024289000,1041698000,1014442318
2014-02-25,37.2600,37.2600,,,,,1024289000,1041698000,1024289000,1041698000,1014442318,1024289000,1041698000,1024289000,1041698000,1014442318
2014-02-26,37.6200,37.6200,,,,,1024289000,1041698000,1024289000,1041698000,1014442318,1024289000,1041698000,1024289000,1041698000,1014442318
2014-02-27,38.4700,38.4700,,,,,1024289000,1041698000,1024289000,1041698000,1014442318,1024289000,1041698000,1024289000,1041698000,1014442318
2014-02-28,38.6700,38.6700,,,,,1052705000,1070811000,1052705000,1070811000,1051000000,1052705000,1070811000,1052705000,1070811000,1051000000
2014-03-03,38.2500,38.2500,,,,,1052705000,1070811000,1052705000,1070811000,1051000000,1052705000,1070811000,1052705000,1070811000,1051000000
2014-03-04,39.6300,39.6300,,,,,1052705000,1070811000,1052705000,1070811000,1051000000,1052705000,1070811000,1052705000,1070811000,1051000000
2014-03-05,39.5000,39.5000,,,,,1052705000,1070811000,1052705000,1070811000,1051000000,1052705000,1070811000,1052705000,1070811000,1051000000
2014-03-06,39.6600,39.6600,,,,,1052705000,1070811000,1052705000,1070811000,1051000000,1052705000,1070811000,1052705000,1070811000,1051000000
2014-03-07,38.6999,38.6999,,,,,1052705000,1070811000,1052705000,1070811000,1051000000,1052705000,1070811000,1052705000,1070811000,1051000000
2014-03-10,38.0500,38.0500,,,,,1052705000,1070811000,1052705000,1070811000,1051000000,1052705000,1070811000,1052705000,1070811000,1051000000
2014-03-11,37.5600,37.5600,,,,,1052705000,1070811000,1052705000,1070811000,1051000000,1052705000,1070811000,1052705000,1070811000,1051000000
2014-03-12,37.5000,37.5000,,,,,1052705000,1070811000,1052705000,1070811000,1051000000,1052705000,1070811000,1052705000,1070811000,1051000000
2014-03-13,37.2300,37.2300,,,,,1052705000,1070811000,1052705000,1070811000,1051000000,1052705000,1070811000,1052705000,1070811000,1051000000
2014-03-14,37.6000,37.6000,,,,,1052705000,1070811000,1052705000,1070811000,1051000000,1052705000,1070811000,1052705000,1070811000,1051000000
2014-03-17,39.1100,39.1100,,,,,1052705000,1070811000,1052705000,1070811000,1051000000,1052705000,1070811000,1052705000,1070811000,1051000000
2014-03-18,39.4500,39.4500,,,,,1052705000,1070811000,1052705000,1070811000,1051000000,1052705000,1070811000,1052705000,1070811000,1051000000
2014-03-19,38.6100,38.6100,,,,,1052705000,1070811000,1052705000,1070811000,1051000000,1052705000,1070811000,1052705000,1070811000,1051000000
2014-03-20,37.7700,37.7700,,,,,1052705000,1070811000,1052705000,1070811000,1051000000,1052705000,1070811000,1052705000,1070811000,1051000000
2014-03-21,37.9400,37.9400,,,,,1052705000,1070811000,1052705000,1070811000,1051000000,1052705000,1070811000,1052705000,1070811000,1051000000
2014-03-24,36.6800,36.6800,,,,,1052705000,1070811000,1052705000,1070811000,1051000000,1052705000,1070811000,1052705000,1070811000,1051000000
2014-03-25,35.9300,35.9300,,,,,1052705000,1070811000,1052705000,1070811000,1051000000,1052705000,1070811000,1052705000,1070811000,1051000000
2014-03-26,35.4500,35.4500,,,,,1052705000,1070811000,1052705000,1070811000,1051000000,1052705000,1070811000,1052705000,1070811000,1051000000
2014-03-27,35.5900,35.5900,,,,,1052705000,1070811000,1052705000,1070811000,1051000000,1052705000,1070811000,1052705000,1070811000,1051000000
2014-03-28,35.9000,35.9000,,,,,1052705000,1070811000,1052705000,1070811000,1051000000,1052705000,1070811000,1052705000,1070811000,1051000000
2014-03-31,35.9000,35.9000,,,,,1052705000,1070811000,1052705000,1070811000,1051000000,1052705000,1070811000,1052705000,1070811000,1051000000
2014-04-01,36.4900,36.4900,,,,,1052705000,1070811000,1052705000,1070811000,1051000000,1052705000,1070811000,1052705000,1070811000,1051000000
2014-04-02,36.6400,36.6400,,,,,1052705000,1070811000,1052705000,1070811000,1051000000,1052705000,1070811000,1052705000,1070811000,1051000000
2014-04-03,35.7600,35.7600,,,,,1052705000,1070811000,1052705000,1070811000,1051000000,1052705000,1070811000,1052705000,1070811000,1051000000
2014-04-04,34.2600,34.2600,,,,,1052705000,1070811000,1052705000,1070811000,1051000000,1052705000,1070811000,1052705000,1070811000,1051000000
2014-04-07,33.0700,33.0700,,,,,1052705000,1070811000,1052705000,1070811000,1051000000,1052705000,1070811000,1052705000,1070811000,1051000000
2014-04-08,33.8300,33.8300,,,,,1052705000,1070811000,1052705000,1070811000,1051000000,1052705000,1070811000,1052705000,1070811000,1051000000
2014-04-09,34.8700,34.8700,,,,,1052705000,1070811000,1052705000,1070811000,1051000000,1052705000,1070811000,1052705000,1070811000,1051000000
2014-04-10,33.4000,33.4000,,,,,1052705000,1070811000,1052705000,1070811000,1051000000,1052705000,1070811000,1052705000,1070811000,1051000000
2014-04-11,32.8684,32.8684,,,,,1052705000,1070811000,1052705000,1070811000,1051000000,1052705000,1070811000,1052705000,1070811000,1051000000
2014-04-14,33.4450,33.4450,,,,,1052705000,1070811000,1052705000,1070811000,1051000000,1052705000,1070811000,1052705000,1070811000,1051000000
2014-04-15,34.2100,34.2100,,,,,1052705000,1070811000,1052705000,1070811000,1051000000,1052705000,1070811000,1052705000,1070811000,1051000000
2014-04-16,36.3500,36.3500,,,,,1052705000,1070811000,1052705000,1070811000,1051000000,1052705000,1070811000,1052705000,1070811000,1051000000
2014-04-17,36.3800,36.3800,,,,,1052705000,1070811000,1052705000,1070811000,1051000000,1052705000,1070811000,1052705000,1070811000,1051000000
2014-04-21,36.4000,36.4000,,,,,1052705000,1070811000,1052705000,1070811000,1051000000,1052705000,1070811000,1052705000,1070811000,1051000000
2014-04-22,36.1400,36.1400,,,,,1052705000,1070811000,1052705000,1070811000,1051000000,1052705000,1070811000,1052705000,1070811000,1051000000
2014-04-23,35.4400,35.4400,,,,,1052705000,1070811000,1052705000,1070811000,1051000000,1052705000,1070811000,1052705000,1070811000,1051000000
2014-04-24,35.2400,35.2400,,,,,1052705000,1070811000,1052705000,1070811000,1051000000,1052705000,1070811000,1052705000,1070811000,1051000000
2014-04-25,34.4800,34.4800,,,,,1052705000,1070811000,1052705000,1070811000,1051000000,1052705000,1070811000,1052705000,1070811000,1051000000
2014-04-28,33.9900,33.9900,,,,,1052705000,1070811000,1052705000,1070811000,1051000000,1052705000,1070811000,1052705000,1070811000,1051000000
2014-04-29,35.8300,35.8300,,,,,1052705000,1070811000,1052705000,1070811000,1051000000,1052705000,1070811000,1052705000,1070811000,1051000000
2014-04-30,35.9500,35.9500,,,,,1052705000,1070811000,1052705000,1070811000,1051000000,1052705000,1070811000,1052705000,1070811000,1051000000
2014-05-01,36.5100,36.5100,,,,,1052705000,1070811000,1052705000,1070811000,1051000000,1052705000,1070811000,1052705000,1070811000,1051000000
2014-05-02,36.8700,36.8700,,,,,1052705000,1070811000,1052705000,1070811000,1051000000,1052705000,1070811000,1052705000,1070811000,1051000000
2014-05-05,36.9100,36.9100,,,,,1052705000,1070811000,1052705000,1070811000,1051000000,1052705000,1070811000,1052705000,1070811000,1051000000
2014-05-06,36.4900,36.4900,,,,,1052705000,1070811000,1052705000,1070811000,1051000000,1052705000,1070811000,1052705000,1070811000,1051000000
2014-05-07,34.0700,34.0700,,,,,1052705000,1070811000,1052705000,1070811000,1051000000,1052705000,1070811000,1052705000,1070811000,1051000000
2014-05-08,33.9200,33.9200,,,,,1009890000,1031420000,1009890000,1031420000,1006808134,1009890000,1031420000,1009890000,1031420000,1006808134
2014-05-09,33.7600,33.7600,,,,,1009890000,1031420000,1009890000,1031420000,1006808134,1009890000,1031420000,1009890000,1031420000,1006808134
2014-05-12,34.4500,34.4500,,,,,1009890000,1031420000,1009890000,1031420000,1006808134,1009890000,1031420000,1009890000,1031420000,1006808134
2014-05-13,34.4000,34.4000,,,,,1009890000,1031420000,1009890000,1031420000,1006808134,1009890000,1031420000,1009890000,1031420000,1006808134
2014-05-14,34.1700,34.1700,,,,,1009890000,1031420000,1009890000,1031420000,1006808134,1009890000,1031420000,1009890000,1031420000,1006808134
2014-05-15,33.8000,33.8000,,,,,1009890000,1031420000,1009890000,1031420000,1006808134,1009890000,1031420000,1009890000,1031420000,1006808134
2014-05-16,33.4100,33.4100,,,,,1009890000,1031420000,1009890000,1031420000,1006808134,1009890000,1031420000,1009890000,1031420000,1006808134
2014-05-19,33.8900,33.8900,,,,,1009890000,1031420000,1009890000,1031420000,1006808134,1009890000,1031420000,1009890000,1031420000,1006808134
2014-05-20,33.8700,33.8700,,,,,1009890000,1031420000,1009890000,1031420000,1006808134,1009890000,1031420000,1009890000,1031420000,1006808134
2014-05-21,34.3600,34.3600,,,,,1009890000,1031420000,1009890000,1031420000,1006808134,1009890000,1031420000,1009890000,1031420000,1006808134
2014-05-22,34.7000,34.7000,,,,,1009890000,1031420000,1009890000,1031420000,1006808134,1009890000,1031420000,1009890000,1031420000,1006808134
2014-05-23,35.0200,35.0200,,,,,1009890000,1031420000,1009890000,1031420000,1006808134,1009890000,1031420000,1009890000,1031420000,1006808134
2014-05-27,35.1200,35.1200,,,,,1009890000,1031420000,1009890000,1031420000,1006808134,1009890000,1031420000,1009890000,1031420000,1006808134
2014-05-28,34.7800,34.7800,,,,,1009890000,1031420000,1009890000,1031420000,1006808134,1009890000,1031420000,1009890000,1031420000,1006808134
2014-05-29,34.9000,34.9000,,,,,1009890000,1031420000,1009890000,1031420000,1006808134,1009890000,1031420000,1009890000,1031420000,1006808134
2014-05-30,34.6500,34.6500,,,,,1009890000,1031420000,1009890000,1031420000,1006808134,1009890000,1031420000,1009890000,1031420000,1006808134
2014-06-02,34.8700,34.8700,,,,,1009890000,1031420000,1009890000,1031420000,1006808134,1009890000,1031420000,1009890000,1031420000,1006808134
2014-06-03,34.6500,34.6500,,,,,1009890000,1031420000,1009890000,1031420000,1006808134,1009890000,1031420000,1009890000,1031420000,1006808134
2014-06-04,34.7300,34.7300,,,,,1009890000,1031420000,1009890000,1031420000,1006808134,1009890000,1031420000,1009890000,1031420000,1006808134
2014-06-05,34.9400,34.9400,,,,,1009890000,1031420000,1009890000,1031420000,1006808134,1009890000,1031420000,1009890000,1031420000,1006808134
2014-06-06,35.9200,35.9200,,,,,1009890000,1031420000,1009890000,1031420000,1006808134,1009890000,1031420000,1009890000,1031420000,1006808134
2014-06-09,36.0400,36.0400,,,,,1009890000,1031420000,1009890000,1031420000,1006808134,1009890000,1031420000,1009890000,1031420000,1006808134
2014-06-10,36.3100,36.3100,,,,,1009890000,1031420000,1009890000,1031420000,1006808134,1009890000,1031420000,1009890000,1031420000,1006808134
2014-06-11,36.6300,36.6300,,,,,1009890000,1031420000,1009890000,1031420000,1006808134,1009890000,1031420000,1009890000,1031420000,1006808134
2014-06-12,36.7800,36.7800,,,,,1009890000,1031420000,1009890000,1031420000,1006808134,1009890000,1031420000,1009890000,1031420000,1006808134
2014-06-13,36.9400,36.9400,,,,,1009890000,1031420000,1009890000,1031420000,1006808134,1009890000,1031420000,1009890000,1031420000,1006808134
2014-06-16,34.8100,34.8100,,,,,1009890000,1031420000,1009890000,1031420000,1006808134,1009890000,1031420000,1009890000,1031420000,1006808134
2014-06-17,34.4300,34.4300,,,,,1009890000,1031420000,1009890000,1031420000,1006808134,1009890000,1031420000,1009890000,1031420000,1006808134
2014-06-18,34.9400,34.9400,,,,,1009890000,1031420000,1009890000,1031420000,1006808134,1009890000,1031420000,1009890000,1031420000,1006808134
2014-06-19,34.6800,34.6800,,,,,1009890000,1031420000,1009890000,1031420000,1006808134,1009890000,1031420000,1009890000,1031420000,1006808134
2014-06-20,34.0500,34.0500,,,,,1009890000,1031420000,1009890000,1031420000,1006808134,1009890000,1031420000,1009890000,1031420000,1006808134
2014-06-23,33.6400,33.6400,,,,,1009890000,1031420000,1009890000,1031420000,1006808134,1009890000,1031420000,1009890000,1031420000,1006808134
2014-06-24,33.4770,33.4770,,,,,1009890000,1031420000,1009890000,1031420000,1006808134,1009890000,1031420000,1009890000,1031420000,1006808134
2014-06-25,33.2500,33.2500,,,,,1009890000,1031420000,1009890000,1031420000,1006808134,1009890000,1031420000,1009890000,1031420000,1006808134
2014-06-26,33.6600,33.6600,,,,,1009890000,1031420000,1009890000,1031420000,1006808134,1009890000,1031420000,1009890000,1031420000,1006808134
2014-06-27,34.2500,34.2500,,,,,1009890000,1031420000,1009890000,1031420000,1006808134,1009890000,1031420000,1009890000,1031420000,1006808134
2014-06-30,35.1300,35.1300,,,,,1009890000,1031420000,1009890000,1031420000,1006808134,1009890000,1031420000,1009890000,1031420000,1006808134
2014-07-01,35.3500,35.3500,,,,,1009890000,1031420000,1009890000,1031420000,1006808134,1009890000,1031420000,1009890000,1031420000,1006808134
2014-07-02,35.8800,35.8800,,,,,1009890000,1031420000,1009890000,1031420000,1006808134,1009890000,1031420000,1009890000,1031420000,1006808134
2014-07-03,36.1400,36.1400,,,,,1009890000,1031420000,1009890000,1031420000,1006808134,1009890000,1031420000,1009890000,1031420000,1006808134
2014-07-07,35.5200,35.5200,,,,,1009890000,1031420000,1009890000,1031420000,1006808134,1009890000,1031420000,1009890000,1031420000,1006808134
2014-07-08,34.5300,34.5300,,,,,1009890000,1031420000,1009890000,1031420000,1006808134,1009890000,1031420000,1009890000,1031420000,1006808134
2014-07-09,34.8500,34.8500,,,,,1009890000,1031420000,1009890000,1031420000,1006808134,1009890000,1031420000,1009890000,1031420000,1006808134
2014-07-10,34.9300,34.9300,,,,,1009890000,1031420000,1009890000,1031420000,1006808134,1009890000,1031420000,1009890000,1031420000,1006808134
2014-07-11,35.4300,35.4300,,,,,1009890000,1031420000,1009890000,1031420000,1006808134,1009890000,1031420000,1009890000,1031420000,1006808134
2014-07-14,35.7000,35.7000,,,,,1009890000,1031420000,1009890000,1031420000,1006808134,1009890000,1031420000,1009890000,1031420000,1006808134
2014-07-15,35.6100,35.6100,,,,,1009890000,1031420000,1009890000,1031420000,1006808134,1009890000,1031420000,1009890000,1031420000,1006808134
2014-07-16,33.7900,33.7900,,,,,1009890000,1031420000,1009890000,1031420000,1006808134,1009890000,1031420000,1009890000,1031420000,1006808134
2014-07-17,33.2100,33.2100,,,,,1009890000,1031420000,1009890000,1031420000,1006808134,1009890000,1031420000,1009890000,1031420000,1006808134
2014-07-18,33.3300,33.3300,,,,,1009890000,1031420000,1009890000,1031420000,1006808134,1009890000,1031420000,1009890000,1031420000,1006808134
2014-07-21,33.2800,33.2800,,,,,1009890000,1031420000,1009890000,1031420000,1006808134,1009890000,1031420000,1009890000,1031420000,1006808134
2014-07-22,33.6000,33.6000,,,,,1009890000,1031420000,1009890000,1031420000,1006808134,1009890000,1031420000,1009890000,1031420000,1006808134
2014-07-23,34.7100,34.7100,,,,,1009890000,1031420000,1009890000,1031420000,1006808134,1009890000,1031420000,1009890000,1031420000,1006808134
2014-07-24,36.1700,36.1700,,,,,1009890000,1031420000,1009890000,1031420000,1006808134,1009890000,1031420000,1009890000,1031420000,1006808134
2014-07-25,36.1200,36.1200,,,,,1009890000,1031420000,1009890000,1031420000,1006808134,1009890000,1031420000,1009890000,1031420000,1006808134
2014-07-28,35.9000,35.9000,,,,,1009890000,1031420000,1009890000,1031420000,1006808134,1009890000,1031420000,1009890000,1031420000,1006808134
2014-07-29,35.6800,35.6800,,,,,1009890000,1031420000,1009890000,1031420000,1006808134,1009890000,1031420000,1009890000,1031420000,1006808134
2014-07-30,36.6000,36.6000,,,,,1009890000,1031420000,1009890000,1031420000,1006808134,1009890000,1031420000,1009890000,1031420000,1006808134
2014-07-31,35.8100,35.8100,,,,,1009890000,1031420000,1009890000,1031420000,1006808134,1009890000,1031420000,1009890000,1031420000,1006808134
2014-08-01,35.6200,35.6200,,,,,1009890000,1031420000,1009890000,1031420000,1006808134,1009890000,1031420000,1009890000,1031420000,1006808134
2014-08-04,36.5350,36.5350,,,,,1009890000,1031420000,1009890000,1031420000,1006808134,1009890000,1031420000,1009890000,1031420000,1006808134
2014-08-05,35.7000,35.7000,,,,,1009890000,1031420000,1009890000,1031420000,1006808134,1009890000,1031420000,1009890000,1031420000,1006808134
2014-08-06,35.7900,35.7900,,,,,1009890000,1031420000,1009890000,1031420000,1006808134,1009890000,1031420000,1009890000,1031420000,1006808134
2014-08-07,35.6600,35.6600,,,,,999765000,1014692000,999765000,1014692000,994603788,999765000,1014692000,999765000,1014692000,994603788
2014-08-08,35.9100,35.9100,,,,,999765000,1014692000,999765000,1014692000,994603788,999765000,1014692000,999765000,1014692000,994603788
2014-08-11,35.7900,35.7900,,,,,999765000,1014692000,999765000,1014692000,994603788,999765000,1014692000,999765000,1014692000,994603788
2014-08-12,35.5200,35.5200,,,,,999765000,1014692000,999765000,1014692000,994603788,999765000,1014692000,999765000,1014692000,994603788
2014-08-13,36.1900,36.1900,,,,,999765000,1014692000,999765000,1014692000,994603788,999765000,1014692000,999765000,1014692000,994603788
2014-08-14,36.3600,36.3600,,,,,999765000,1014692000,999765000,1014692000,994603788,999765000,1014692000,999765000,1014692000,994603788
2014-08-15,36.4700,36.4700,,,,,999765000,1014692000,999765000,1014692000,994603788,999765000,1014692000,999765000,1014692000,994603788
2014-08-18,37.3800,37.3800,,,,,999765000,1014692000,999765000,1014692000,994603788,999765000,1014692000,999765000,1014692000,994603788
2014-08-19,37.8300,37.8300,,,,,999765000,1014692000,999765000,1014692000,994603788,999765000,1014692000,999765000,1014692000,994603788
2014-08-20,37.5000,37.5000,,,,,999765000,1014692000,999765000,1014692000,994603788,999765000,1014692000,999765000,1014692000,994603788
2014-08-21,37.6400,37.6400,,,,,999765000,1014692000,999765000,1014692000,994603788,999765000,1014692000,999765000,1014692000,994603788
2014-08-22,38.0100,38.0100,,,,,999765000,1014692000,999765000,1014692000,994603788,999765000,1014692000,999765000,1014692000,994603788
2014-08-25,37.7100,37.7100,,,,,999765000,1014692000,999765000,1014692000,994603788,999765000,1014692000,999765000,1014692000,994603788
2014-08-26,37.7900,37.7900,,,,,999765000,1014692000,999765000,1014692000,994603788,999765000,1014692000,999765000,1014692000,994603788
2014-08-27,38.1800,38.1800,,,,,999765000,1014692000,999765000,1014692000,994603788,999765000,1014692000,999765000,1014692000,994603788
2014-08-28,38.3100,38.3100,,,,,999765000,1014692000,999765000,1014692000,994603788,999765000,1014692000,999765000,1014692000,994603788
2014-08-29,38.5100,38.5100,,,,,999765000,1014692000,999765000,1014692000,994603788,999765000,1014692000,999765000,1014692000,994603788
2014-09-01,38.5100,38.5100,,,,,999765000,1014692000,999765000,1014692000,994603788,999765000,1014692000,999765000,1014692000,994603788
2014-09-02,39.2700,39.2700,,,,,999765000,1014692000,999765000,1014692000,994603788,999765000,1014692000,999765000,1014692000,994603788
2014-09-03,38.8700,38.8700,,,,,999765000,1014692000,999765000,1014692000,994603788,999765000,1014692000,999765000,1014692000,994603788
2014-09-04,39.1900,39.1900,,,,,999765000,1014692000,999765000,1014692000,994603788,999765000,1014692000,999765000,1014692000,994603788
2014-09-05,39.5900,39.5900,,,,,999765000,1014692000,999765000,1014692000,994603788,999765000,1014692000,999765000,1014692000,994603788
2014-09-08,41.8100,41.8100,,,,,999765000,1014692000,999765000,1014692000,994603788,999765000,1014692000,999765000,1014692000,994603788
2014-09-09,40.7800,40.7800,,,,,999765000,1014692000,999765000,1014692000,994603788,999765000,1014692000,999765000,1014692000,994603788
2014-09-10,41.1400,41.1400,,,,,999765000,1014692000,999765000,1014692000,994603788,999765000,1014692000,999765000,1014692000,994603788
2014-09-11,41.2600,41.2600,,,,,999765000,1014692000,999765000,1014692000,994603788,999765000,1014692000,999765000,1014692000,994603788
2014-09-12,42.8800,42.8800,,,,,999765000,1014692000,999765000,1014692000,994603788,999765000,1014692000,999765000,1014692000,994603788
2014-09-15,42.5500,42.5500,,,,,999765000,1014692000,999765000,1014692000,994603788,999765000,1014692000,999765000,1014692000,994603788
2014-09-16,42.7100,42.7100,,,,,999765000,1014692000,999765000,1014692000,994603788,999765000,1014692000,999765000,1014692000,994603788
2014-09-17,42.5900,42.5900,,,,,999765000,1014692000,999765000,1014692000,994603788,999765000,1014692000,999765000,1014692000,994603788
2014-09-18,42.0850,42.0850,,,,,999765000,1014692000,999765000,1014692000,994603788,999765000,1014692000,999765000,1014692000,994603788
2014-09-19,40.9300,40.9300,,,,,999765000,1014692000,999765000,1014692000,994603788,999765000,1014692000,999765000,1014692000,994603788
2014-09-22,38.6500,38.6500,,,,,999765000,1014692000,999765000,1014692000,994603788,999765000,1014692000,999765000,1014692000,994603788
2014-09-23,39.0500,39.0500,,,,,999765000,1014692000,999765000,1014692000,994603788,999765000,1014692000,999765000,1014692000,994603788
2014-09-24,39.8800,39.8800,,,,,999765000,1014692000,999765000,1014692000,994603788,999765000,1014692000,999765000,1014692000,994603788
2014-09-25,38.9500,38.9500,,,,,999765000,1014692000,999765000,1014692000,994603788,999765000,1014692000,999765000,1014692000,994603788
2014-09-26,40.6600,40.6600,,,,,999765000,1014692000,999765000,1014692000,994603788,999765000,1014692000,999765000,1014692000,994603788
2014-09-29,40.5200,40.5200,,,,,999765000,1014692000,999765000,1014692000,994603788,999765000,1014692000,999765000,1014692000,994603788
2014-09-30,40.7500,40.7500,,,,,999765000,1014692000,999765000,1014692000,994603788,999765000,1014692000,999765000,1014692000,994603788
2014-10-01,40.3200,40.3200,,,,,999765000,1014692000,999765000,1014692000,994603788,999765000,1014692000,999765000,1014692000,994603788
2014-10-02,40.5000,40.5000,,,,,999765000,1014692000,999765000,1014692000,994603788,999765000,1014692000,999765000,1014692000,994603788
2014-10-03,41.0300,41.0300,,,,,999765000,1014692000,999765000,1014692000,994603788,999765000,1014692000,999765000,1014692000,994603788
2014-10-06,41.5200,41.5200,,,,,999765000,1014692000,999765000,1014692000,994603788,999765000,1014692000,999765000,1014692000,994603788
2014-10-07,40.9300,40.9300,,,,,999765000,1014692000,999765000,1014692000,994603788,999765000,1014692000,999765000,1014692000,994603788
2014-10-08,41.0800,41.0800,,,,,999765000,1014692000,999765000,1014692000,994603788,999765000,1014692000,999765000,1014692000,994603788
2014-10-09,41.1000,41.1000,,,,,999765000,1014692000,999765000,1014692000,994603788,999765000,1014692000,999765000,1014692000,994603788
2014-10-10,39.6000,39.6000,,,,,999765000,1014692000,999765000,1014692000,994603788,999765000,1014692000,999765000,1014692000,994603788
2014-10-13,38.3800,38.3800,,,,,999765000,1014692000,999765000,1014692000,994603788,999765000,1014692000,999765000,1014692000,994603788
2014-10-14,37.9700,37.9700,,,,,999765000,1014692000,999765000,1014692000,994603788,999765000,1014692000,999765000,1014692000,994603788
2014-10-15,37.8200,37.8200,,,,,999765000,1014692000,999765000,1014692000,994603788,999765000,1014692000,999765000,1014692000,994603788
2014-10-16,38.1150,38.1150,,,,,999765000,1014692000,999765000,1014692000,994603788,999765000,1014692000,999765000,1014692000,994603788
2014-10-17,38.4500,38.4500,,,,,999765000,1014692000,999765000,1014692000,994603788,999765000,1014692000,999765000,1014692000,994603788
2014-10-20,39.2800,39.2800,,,,,999765000,1014692000,999765000,1014692000,994603788,999765000,1014692000,999765000,1014692000,994603788
2014-10-21,40.1800,40.1800,,,,,999765000,1014692000,999765000,1014692000,994603788,999765000,1014692000,999765000,1014692000,994603788
2014-10-22,42.0000,42.0000,,,,,999765000,1014692000,999765000,1014692000,994603788,999765000,1014692000,999765000,1014692000,994603788
2014-10-23,42.6000,42.6000,,,,,999765000,1014692000,999765000,1014692000,994603788,999765000,1014692000,999765000,1014692000,994603788
2014-10-24,42.6000,42.6000,,,,,999765000,1014692000,999765000,1014692000,994603788,999765000,1014692000,999765000,1014692000,994603788
2014-10-27,44.7000,44.7000,,,,,999765000,1014692000,999765000,1014692000,994603788,999765000,1014692000,999765000,1014692000,994603788
2014-10-28,45.8700,45.8700,,,,,999765000,1014692000,999765000,1014692000,994603788,999765000,1014692000,999765000,1014692000,994603788
2014-10-29,45.4300,45.4300,,,,,999765000,1014692000,999765000,1014692000,994603788,999765000,1014692000,999765000,1014692000,994603788
2014-10-30,45.6300,45.6300,,,,,999765000,1014692000,999765000,1014692000,994603788,999765000,1014692000,999765000,1014692000,994603788
2014-10-31,46.0500,46.0500,,,,,999765000,1014692000,999765000,1014692000,994603788,999765000,1014692000,999765000,1014692000,994603788
2014-11-03,46.3400,46.3400,,,,,999765000,1014692000,999765000,1014692000,994603788,999765000,1014692000,999765000,1014692000,994603788
2014-11-04,47.0800,47.0800,,,,,999765000,1014692000,999765000,1014692000,994603788,999765000,1014692000,999765000,1014692000,994603788
2014-11-05,47.4600,47.4600,,,,,999765000,1014692000,999765000,1014692000,994603788,999765000,1014692000,999765000,1014692000,994603788
2014-11-06,47.9300,47.9300,,,,,999765000,1014692000,999765000,1014692000,994603788,999765000,1014692000,999765000,1014692000,994603788
2014-11-07,48.5500,48.5500,,,,,993543000,1007693000,993543000,1007693000,947351485,993543000,1007693000,993543000,1007693000,947351485
2014-11-10,49.4100,49.4100,,,,,993543000,1007693000,993543000,1007693000,947351485,993543000,1007693000,993543000,1007693000,947351485
2014-11-11,49.0500,49.0500,,,,,993543000,1007693000,993543000,1007693000,947351485,993543000,1007693000,993543000,1007693000,947351485
2014-11-12,50.6000,50.6000,,,,,993543000,1007693000,993543000,1007693000,947351485,993543000,1007693000,993543000,1007693000,947351485
2014-11-13,50.5000,50.5000,,,,,993543000,1007693000,993543000,1007693000,947351485,993543000,1007693000,993543000,1007693000,947351485
2014-11-14,51.7500,51.7500,,,,,993543000,1007693000,993543000,1007693000,947351485,993543000,1007693000,993543000,1007693000,947351485
2014-11-17,52.3700,52.3700,,,,,993543000,1007693000,993543000,1007693000,947351485,993543000,1007693000,993543000,1007693000,947351485
2014-11-18,51.7500,51.7500,,,,,993543000,1007693000,993543000,1007693000,947351485,993543000,1007693000,993543000,1007693000,947351485
2014-11-19,50.5800,50.5800,,,,,993543000,1007693000,993543000,1007693000,947351485,993543000,1007693000,993543000,1007693000,947351485
2014-11-20,51.2500,51.2500,,,,,993543000,1007693000,993543000,1007693000,947351485,993543000,1007693000,993543000,1007693000,947351485
2014-11-21,51.0400,51.0400,,,,,993543000,1007693000,993543000,1007693000,947351485,993543000,1007693000,993543000,1007693000,947351485
2014-11-24,51.8300,51.8300,,,,,993543000,1007693000,993543000,1007693000,947351485,993543000,1007693000,993543000,1007693000,947351485
2014-11-25,51.7200,51.7200,,,,,993543000,1007693000,993543000,1007693000,947351485,993543000,1007693000,993543000,1007693000,947351485
2014-11-26,51.9300,51.9300,,,,,993543000,1007693000,993543000,1007693000,947351485,993543000,1007693000,993543000,1007693000,947351485
2014-11-28,51.7400,51.7400,,,,,993543000,1007693000,993543000,1007693000,947351485,993543000,1007693000,993543000,1007693000,947351485
2014-12-01,50.1000,50.1000,,,,,993543000,1007693000,993543000,1007693000,947351485,993543000,1007693000,993543000,1007693000,947351485
2014-12-02,50.6700,50.6700,,,,,993543000,1007693000,993543000,1007693000,947351485,993543000,1007693000,993543000,1007693000,947351485
2014-12-03,50.2800,50.2800,,,,,993543000,1007693000,993543000,1007693000,947351485,993543000,1007693000,993543000,1007693000,947351485
2014-12-04,50.4100,50.4100,,,,,993543000,1007693000,993543000,1007693000,947351485,993543000,1007693000,993543000,1007693000,947351485
2014-12-05,50.9900,50.9900,,,,,993543000,1007693000,993543000,1007693000,947351485,993543000,1007693000,993543000,1007693000,947351485
2014-12-08,49.6200,49.6200,,,,,993543000,1007693000,993543000,1007693000,947351485,993543000,1007693000,993543000,1007693000,947351485
2014-12-09,50.5100,50.5100,,,,,993543000,1007693000,993543000,1007693000,947351485,993543000,1007693000,993543000,1007693000,947351485
2014-12-10,49.2050,49.2050,,,,,993543000,1007693000,993543000,1007693000,947351485,993543000,1007693000,993543000,1007693000,947351485
2014-12-11,49.9400,49.9400,,,,,993543000,1007693000,993543000,1007693000,947351485,993543000,1007693000,993543000,1007693000,947351485
2014-12-12,50.2400,50.2400,,,,,993543000,1007693000,993543000,1007693000,947351485,993543000,1007693000,993543000,1007693000,947351485
2014-12-15,49.8200,49.8200,,,,,993543000,1007693000,993543000,1007693000,947351485,993543000,1007693000,993543000,1007693000,947351485
2014-12-16,48.8500,48.8500,,,,,993543000,1007693000,993543000,1007693000,947351485,993543000,1007693000,993543000,1007693000,947351485
2014-12-17,50.1200,50.1200,,,,,993543000,1007693000,993543000,1007693000,947351485,993543000,1007693000,993543000,1007693000,947351485
2014-12-18,50.9100,50.9100,,,,,993543000,1007693000,993543000,1007693000,947351485,993543000,1007693000,993543000,1007693000,947351485
2014-12-19,50.8800,50.8800,,,,,993543000,1007693000,993543000,1007693000,947351485,993543000,1007693000,993543000,1007693000,947351485
2014-12-22,51.1500,51.1500,,,,,993543000,1007693000,993543000,1007693000,947351485,993543000,1007693000,993543000,1007693000,947351485
2014-12-23,50.0200,50.0200,,,,,993543000,1007693000,993543000,1007693000,947351485,993543000,1007693000,993543000,1007693000,947351485
2014-12-24,50.6500,50.6500,,,,,993543000,1007693000,993543000,1007693000,947351485,993543000,1007693000,993543000,1007693000,947351485
2014-12-26,50.8600,50.8600,,,,,993543000,1007693000,993543000,1007693000,947351485,993543000,1007693000,993543000,1007693000,947351485
2014-12-29,50.5300,50.5300,,,,,993543000,1007693000,993543000,1007693000,947351485,993543000,1007693000,993543000,1007693000,947351485
2014-12-30,51.2200,51.2200,,,,,993543000,1007693000,993543000,1007693000,947351485,993543000,1007693000,993543000,1007693000,947351485
2014-12-31,50.5100,50.5100,,,,,993543000,1007693000,993543000,1007693000,947351485,993543000,1007693000,993543000,1007693000,947351485
2015-01-02,50.1700,50.1700,,,,,993543000,1007693000,993543000,1007693000,947351485,993543000,1007693000,993543000,1007693000,947351485
2015-01-05,49.1300,49.1300,,,,,993543000,1007693000,993543000,1007693000,947351485,993543000,1007693000,993543000,1007693000,947351485
2015-01-06,49.2100,49.2100,,,,,993543000,1007693000,993543000,1007693000,947351485,993543000,1007693000,993543000,1007693000,947351485
2015-01-07,48.5900,48.5900,,,,,993543000,1007693000,993543000,1007693000,947351485,993543000,1007693000,993543000,1007693000,947351485
2015-01-08,50.2300,50.2300,,,,,993543000,1007693000,993543000,1007693000,947351485,993543000,1007693000,993543000,1007693000,947351485
2015-01-09,49.7200,49.7200,,,,,993543000,1007693000,993543000,1007693000,947351485,993543000,1007693000,993543000,1007693000,947351485
2015-01-12,48.8000,48.8000,,,,,993543000,1007693000,993543000,1007693000,947351485,993543000,1007693000,993543000,1007693000,947351485
2015-01-13,48.3000,48.3000,,,,,993543000,1007693000,993543000,1007693000,947351485,993543000,1007693000,993543000,1007693000,947351485
2015-01-14,47.5100,47.5100,,,,,993543000,1007693000,993543000,1007693000,947351485,993543000,1007693000,993543000,1007693000,947351485
2015-01-15,46.2300,46.2300,,,,,993543000,1007693000,993543000,1007693000,947351485,993543000,1007693000,993543000,1007693000,947351485
2015-01-16,46.4700,46.4700,,,,,993543000,1007693000,993543000,1007693000,947351485,993543000,1007693000,993543000,1007693000,947351485
2015-01-20,47.6300,47.6300,,,,,993543000,1007693000,993543000,1007693000,947351485,993543000,1007693000,993543000,1007693000,947351485
2015-01-21,48.1800,48.1800,,,,,993543000,1007693000,993543000,1007693000,947351485,993543000,1007693000,993543000,1007693000,947351485
2015-01-22,48.8900,48.8900,,,,,993543000,1007693000,993543000,1007693000,947351485,993543000,1007693000,993543000,1007693000,947351485
2015-01-23,48.9500,48.9500,,,,,993543000,1007693000,993543000,1007693000,947351485,993543000,1007693000,993543000,1007693000,947351485
2015-01-26,49.4400,49.4400,,,,,993543000,1007693000,993543000,1007693000,947351485,993543000,1007693000,993543000,1007693000,947351485
2015-01-27,47.9900,47.9900,,,,,993543000,1007693000,993543000,1007693000,947351485,993543000,1007693000,993543000,1007693000,947351485
2015-01-28,46.4600,46.4600,,,,,993543000,1007693000,993543000,1007693000,947351485,993543000,1007693000,993543000,1007693000,947351485
2015-01-29,43.7300,43.7300,,,,,993543000,1007693000,993543000,1007693000,947351485,993543000,1007693000,993543000,1007693000,947351485
2015-01-30,43.9900,43.9900,,,,,993543000,1007693000,993543000,1007693000,947351485,993543000,1007693000,993543000,1007693000,947351485
2015-02-02,44.6850,44.6850,,,,,993543000,1007693000,993543000,1007693000,947351485,993543000,1007693000,993543000,1007693000,947351485
2015-02-03,44.7000,44.7000,,,,,993543000,1007693000,993543000,1007693000,947351485,993543000,1007693000,993543000,1007693000,947351485
2015-02-04,44.0450,44.0450,,,,,993543000,1007693000,993543000,1007693000,947351485,993543000,1007693000,993543000,1007693000,947351485
2015-02-05,43.5450,43.5450,,,,,993543000,1007693000,993543000,1007693000,947351485,993543000,1007693000,993543000,1007693000,947351485
2015-02-06,42.9400,42.9400,,,,,993543000,1007693000,993543000,1007693000,947351485,993543000,1007693000,993543000,1007693000,947351485
2015-02-09,42.5700,42.5700,,,,,993543000,1007693000,993543000,1007693000,947351485,993543000,1007693000,993543000,1007693000,947351485
2015-02-10,43.0700,43.0700,,,,,993543000,1007693000,993543000,1007693000,947351485,993543000,1007693000,993543000,1007693000,947351485
2015-02-11,42.9600,42.9600,,,,,993543000,1007693000,993543000,1007693000,947351485,993543000,1007693000,993543000,1007693000,947351485
2015-02-12,43.9250,43.9250,,,,,993543000,1007693000,993543000,1007693000,947351485,993543000,1007693000,993543000,1007693000,947351485
2015-02-13,44.4200,44.4200,,,,,993543000,1007693000,993543000,1007693000,947351485,993543000,1007693000,993543000,1007693000,947351485
2015-02-17,43.5300,43.5300,,,,,993543000,1007693000,993543000,1007693000,947351485,993543000,1007693000,993543000,1007693000,947351485
2015-02-18,43.6500,43.6500,,,,,993543000,1007693000,993543000,1007693000,947351485,993543000,1007693000,993543000,1007693000,947351485
2015-02-19,44.3700,44.3700,,,,,993543000,1007693000,993543000,1007693000,947351485,993543000,1007693000,993543000,1007693000,947351485
2015-02-20,44.1100,44.1100,,,,,993543000,1007693000,993543000,1007693000,947351485,993543000,1007693000,993543000,1007693000,947351485
2015-02-23,43.5300,43.5300,,,,,993543000,1007693000,993543000,1007693000,947351485,993543000,1007693000,993543000,1007693000,947351485
2015-02-24,43.3800,43.3800,,,,,993543000,1007693000,993543000,1007693000,947351485,993543000,1007693000,993543000,1007693000,947351485
2015-02-25,44.4300,44.4300,,,,,993543000,1007693000,993543000,1007693000,947351485,993543000,1007693000,993543000,1007693000,947351485
2015-02-26,44.4500,44.4500,,,,,993543000,1007693000,993543000,1007693000,947351485,993543000,1007693000,993543000,1007693000,947351485
2015-02-27,44.2800,44.2800,,,,,987819000,1004108000,987819000,1004108000,988400000,987819000,1004108000,987819000,1004108000,988400000
2015-03-02,44.1100,44.1100,,,,,987819000,1004108000,987819000,1004108000,988400000,987819000,1004108000,987819000,1004108000,988400000
2015-03-03,42.6200,42.6200,,,,,987819000,1004108000,987819000,1004108000,988400000,987819000,1004108000,987819000,1004108000,988400000
2015-03-04,43.9900,43.9900,,,,,987819000,1004108000,987819000,1004108000,988400000,987819000,1004108000,987819000,1004108000,988400000
2015-03-05,44.1600,44.1600,,,,,987819000,1004108000,987819000,1004108000,988400000,987819000,1004108000,987819000,1004108000,988400000
2015-03-06,43.4400,43.4400,,,,,987819000,1004108000,987819000,1004108000,988400000,987819000,1004108000,987819000,1004108000,988400000
2015-03-09,42.9800,42.9800,,,,,987819000,1004108000,987819000,1004108000,988400000,987819000,1004108000,987819000,1004108000,988400000
2015-03-10,42.6750,42.6750,,,,,987819000,1004108000,987819000,1004108000,988400000,987819000,1004108000,987819000,1004108000,988400000
2015-03-11,42.5000,42.5000,,,,,987819000,1004108000,987819000,1004108000,988400000,987819000,1004108000,987819000,1004108000,988400000
2015-03-12,42.9500,42.9500,,,,,987819000,1004108000,987819000,1004108000,988400000,987819000,1004108000,987819000,1004108000,988400000
2015-03-13,42.8700,42.8700,,,,,987819000,1004108000,987819000,1004108000,988400000,987819000,1004108000,987819000,1004108000,988400000
2015-03-16,43.5100,43.5100,,,,,987819000,1004108000,987819000,1004108000,988400000,987819000,1004108000,987819000,1004108000,988400000
2015-03-17,43.7850,43.7850,,,,,987819000,1004108000,987819000,1004108000,988400000,987819000,1004108000,987819000,1004108000,988400000
2015-03-18,44.6700,44.6700,,,,,987819000,1004108000,987819000,1004108000,988400000,987819000,1004108000,987819000,1004108000,988400000
2015-03-19,44.9800,44.9800,,,,,987819000,1004108000,987819000,1004108000,988400000,987819000,1004108000,987819000,1004108000,988400000
2015-03-20,45.0350,45.0350,,,,,987819000,1004108000,987819000,1004108000,988400000,987819000,1004108000,987819000,1004108000,988400000
2015-03-23,44.7150,44.7150,,,,,987819000,1004108000,987819000,1004108000,988400000,987819000,1004108000,987819000,1004108000,988400000
2015-03-24,44.4200,44.4200,,,,,987819000,1004108000,987819000,1004108000,988400000,987819000,1004108000,987819000,1004108000,988400000
2015-03-25,44.2000,44.2000,,,,,987819000,1004108000,987819000,1004108000,988400000,987819000,1004108000,987819000,1004108000,988400000
2015-03-26,44.4700,44.4700,,,,,987819000,1004108000,987819000,1004108000,988400000,987819000,1004108000,987819000,1004108000,988400000
2015-03-27,45.1000,45.1000,,,,,987819000,1004108000,987819000,1004108000,988400000,987819000,1004108000,987819000,1004108000,988400000
2015-03-30,44.9500,44.9500,,,,,987819000,1004108000,987819000,1004108000,988400000,987819000,1004108000,987819000,1004108000,988400000
2015-03-31,44.4350,44.4350,,,,,987819000,1004108000,987819000,1004108000,988400000,987819000,1004108000,987819000,1004108000,988400000
2015-04-01,44.1300,44.1300,,,,,987819000,1004108000,987819000,1004108000,988400000,987819000,1004108000,987819000,1004108000,988400000
2015-04-02,44.1500,44.1500,,,,,987819000,1004108000,987819000,1004108000,988400000,987819000,1004108000,987819000,1004108000,988400000
2015-04-06,43.6700,43.6700,,,,,987819000,1004108000,987819000,1004108000,988400000,987819000,1004108000,987819000,1004108000,988400000
2015-04-07,43.6100,43.6100,,,,,987819000,1004108000,987819000,1004108000,988400000,987819000,1004108000,987819000,1004108000,988400000
2015-04-08,45.1700,45.1700,,,,,987819000,1004108000,987819000,1004108000,988400000,987819000,1004108000,987819000,1004108000,988400000
2015-04-09,45.6300,45.6300,,,,,987819000,1004108000,987819000,1004108000,988400000,987819000,1004108000,987819000,1004108000,988400000
2015-04-10,45.1800,45.1800,,,,,987819000,1004108000,987819000,1004108000,988400000,987819000,1004108000,987819000,1004108000,988400000
2015-04-13,44.7700,44.7700,,,,,987819000,1004108000,987819000,1004108000,988400000,987819000,1004108000,987819000,1004108000,988400000
2015-04-14,45.5250,45.5250,,,,,987819000,1004108000,987819000,1004108000,988400000,987819000,1004108000,987819000,1004108000,988400000
2015-04-15,45.7300,45.7300,,,,,987819000,1004108000,987819000,1004108000,988400000,987819000,1004108000,987819000,1004108000,988400000
2015-04-16,45.7800,45.7800,,,,,987819000,1004108000,987819000,1004108000,988400000,987819000,1004108000,987819000,1004108000,988400000
2015-04-17,44.4500,44.4500,,,,,987819000,1004108000,987819000,1004108000,988400000,987819000,1004108000,987819000,1004108000,988400000
2015-04-20,44.6550,44.6550,,,,,987819000,1004108000,987819000,1004108000,988400000,987819000,1004108000,987819000,1004108000,988400000
2015-04-21,44.4900,44.4900,,,,,987819000,1004108000,987819000,1004108000,988400000,987819000,1004108000,987819000,1004108000,988400000
2015-04-22,43.9750,43.9750,,,,,987819000,1004108000,987819000,1004108000,988400000,987819000,1004108000,987819000,1004108000,988400000
2015-04-23,43.6950,43.6950,,,,,987819000,1004108000,987819000,1004108000,988400000,987819000,1004108000,987819000,1004108000,988400000
2015-04-24,44.5200,44.5200,,,,,987819000,1004108000,987819000,1004108000,988400000,987819000,1004108000,987819000,1004108000,988400000
2015-04-27,44.3600,44.3600,,,,,987819000,1004108000,987819000,1004108000,988400000,987819000,1004108000,987819000,1004108000,988400000
2015-04-28,44.3400,44.3400,,,,,987819000,1004108000,987819000,1004108000,988400000,987819000,1004108000,987819000,1004108000,988400000
2015-04-29,43.2800,43.2800,,,,,987819000,1004108000,987819000,1004108000,988400000,987819000,1004108000,987819000,1004108000,988400000
2015-04-30,42.5650,42.5650,,,,,987819000,1004108000,987819000,1004108000,988400000,987819000,1004108000,987819000,1004108000,988400000
2015-05-01,42.5100,42.5100,,,,,987819000,1004108000,987819000,1004108000,988400000,987819000,1004108000,987819000,1004108000,988400000
2015-05-04,42.0400,42.0400,,,,,987819000,1004108000,987819000,1004108000,988400000,987819000,1004108000,987819000,1004108000,988400000
2015-05-05,41.3000,41.3000,,,,,987819000,1004108000,987819000,1004108000,988400000,987819000,1004108000,987819000,1004108000,988400000
2015-05-06,41.6600,41.6600,,,,,987819000,1004108000,987819000,1004108000,988400000,987819000,1004108000,987819000,1004108000,988400000
2015-05-07,43.8700,43.8700,,,,,934748000,947976000,934748000,947976000,938442668,934748000,947976000,934748000,947976000,938442668
2015-05-08,44.0900,44.0900,,,,,934748000,947976000,934748000,947976000,938442668,934748000,947976000,934748000,947976000,938442668
2015-05-11,43.6000,43.6000,,,,,934748000,947976000,934748000,947976000,938442668,934748000,947976000,934748000,947976000,938442668
2015-05-12,43.8400,43.8400,,,,,934748000,947976000,934748000,947976000,938442668,934748000,947976000,934748000,947976000,938442668
2015-05-13,44.3950,44.3950,,,,,934748000,947976000,934748000,947976000,938442668,934748000,947976000,934748000,947976000,938442668
2015-05-14,44.9500,44.9500,,,,,934748000,947976000,934748000,947976000,938442668,934748000,947976000,934748000,947976000,938442668
2015-05-15,44.7500,44.7500,,,,,934748000,947976000,934748000,947976000,938442668,934748000,947976000,934748000,947976000,938442668
2015-05-18,44.3600,44.3600,,,,,934748000,947976000,934748000,947976000,938442668,934748000,947976000,934748000,947976000,938442668
2015-05-19,40.9800,40.9800,,,,,934748000,947976000,934748000,947976000,938442668,934748000,947976000,934748000,947976000,938442668
2015-05-20,42.7900,42.7900,,,,,934748000,947976000,934748000,947976000,938442668,934748000,947976000,934748000,947976000,938442668
2015-05-21,43.6750,43.6750,,,,,934748000,947976000,934748000,947976000,938442668,934748000,947976000,934748000,947976000,938442668
2015-05-22,43.4850,43.4850,,,,,934748000,947976000,934748000,947976000,938442668,934748000,947976000,934748000,947976000,938442668
2015-05-26,42.8500,42.8500,,,,,934748000,947976000,934748000,947976000,938442668,934748000,947976000,934748000,947976000,938442668
2015-05-27,43.3800,43.3800,,,,,934748000,947976000,934748000,947976000,938442668,934748000,947976000,934748000,947976000,938442668
2015-05-28,43.0700,43.0700,,,,,934748000,947976000,934748000,947976000,938442668,934748000,947976000,934748000,947976000,938442668
2015-05-29,42.9350,42.9350,,,,,934748000,947976000,934748000,947976000,938442668,934748000,947976000,934748000,947976000,938442668
2015-06-01,43.3500,43.3500,,,,,934748000,947976000,934748000,947976000,938442668,934748000,947976000,934748000,947976000,938442668
2015-06-02,43.1500,43.1500,,,,,934748000,947976000,934748000,947976000,938442668,934748000,947976000,934748000,947976000,938442668
2015-06-03,43.2100,43.2100,,,,,934748000,947976000,934748000,947976000,938442668,934748000,947976000,934748000,947976000,938442668
2015-06-04,42.8800,42.8800,,,,,934748000,947976000,934748000,947976000,938442668,934748000,947976000,934748000,947976000,938442668
2015-06-05,42.8100,42.8100,,,,,934748000,947976000,934748000,947976000,938442668,934748000,947976000,934748000,947976000,938442668
2015-06-08,42.0100,42.0100,,,,,934748000,947976000,934748000,947976000,938442668,934748000,947976000,934748000,947976000,938442668
2015-06-09,41.6300,41.6300,,,,,934748000,947976000,934748000,947976000,938442668,934748000,947976000,934748000,947976000,938442668
2015-06-10,42.0600,42.0600,,,,,934748000,947976000,934748000,947976000,938442668,934748000,947976000,934748000,947976000,938442668
2015-06-11,40.9350,40.9350,,,,,934748000,947976000,934748000,947976000,938442668,934748000,947976000,934748000,947976000,938442668
2015-06-12,40.5250,40.5250,,,,,934748000,947976000,934748000,947976000,938442668,934748000,947976000,934748000,947976000,938442668
2015-06-15,40.4700,40.4700,,,,,934748000,947976000,934748000,947976000,938442668,934748000,947976000,934748000,947976000,938442668
2015-06-16,40.6350,40.6350,,,,,934748000,947976000,934748000,947976000,938442668,934748000,947976000,934748000,947976000,938442668
2015-06-17,40.9600,40.9600,,,,,934748000,947976000,934748000,947976000,938442668,934748000,947976000,934748000,947976000,938442668
2015-06-18,40.9100,40.9100,,,,,934748000,947976000,934748000,947976000,938442668,934748000,947976000,934748000,947976000,938442668
2015-06-19,40.5100,40.5100,,,,,934748000,947976000,934748000,947976000,938442668,934748000,947976000,934748000,947976000,938442668
2015-06-22,40.7300,40.7300,,,,,934748000,947976000,934748000,947976000,938442668,934748000,947976000,934748000,947976000,938442668
2015-06-23,40.6500,40.6500,,,,,934748000,947976000,934748000,947976000,938442668,934748000,947976000,934748000,947976000,938442668
2015-06-24,40.9400,40.9400,,,,,934748000,947976000,934748000,947976000,938442668,934748000,947976000,934748000,947976000,938442668
2015-06-25,41.0650,41.0650,,,,,934748000,947976000,934748000,947976000,938442668,934748000,947976000,934748000,947976000,938442668
2015-06-26,40.0600,40.0600,,,,,934748000,947976000,934748000,947976000,938442668,934748000,947976000,934748000,947976000,938442668
2015-06-29,38.9100,38.9100,,,,,934748000,947976000,934748000,947976000,938442668,934748000,947976000,934748000,947976000,938442668
2015-06-30,39.2900,39.2900,,,,,934748000,947976000,934748000,947976000,938442668,934748000,947976000,934748000,947976000,938442668
2015-07-01,39.3300,39.3300,,,,,934748000,947976000,934748000,947976000,938442668,934748000,947976000,934748000,947976000,938442668
2015-07-02,39.3800,39.3800,,,,,934748000,947976000,934748000,947976000,938442668,934748000,947976000,934748000,947976000,938442668
2015-07-06,38.6100,38.6100,,,,,934748000,947976000,934748000,947976000,938442668,934748000,947976000,934748000,947976000,938442668
2015-07-07,38.2300,38.2300,,,,,934748000,947976000,934748000,947976000,938442668,934748000,947976000,934748000,947976000,938442668
2015-07-08,37.2300,37.2300,,,,,934748000,947976000,934748000,947976000,938442668,934748000,947976000,934748000,947976000,938442668
2015-07-09,37.6100,37.6100,,,,,934748000,947976000,934748000,947976000,938442668,934748000,947976000,934748000,947976000,938442668
2015-07-10,37.9200,37.9200,,,,,934748000,947976000,934748000,947976000,938442668,934748000,947976000,934748000,947976000,938442668
2015-07-13,38.7600,38.7600,,,,,934748000,947976000,934748000,947976000,938442668,934748000,947976000,934748000,947976000,938442668
2015-07-14,38.6300,38.6300,,,,,934748000,947976000,934748000,947976000,938442668,934748000,947976000,934748000,947976000,938442668
2015-07-15,38.3800,38.3800,,,,,934748000,947976000,934748000,947976000,938442668,934748000,947976000,934748000,947976000,938442668
2015-07-16,38.9100,38.9100,,,,,934748000,947976000,934748000,947976000,938442668,934748000,947976000,934748000,947976000,938442668
2015-07-17,39.6800,39.6800,,,,,934748000,947976000,934748000,947976000,938442668,934748000,947976000,934748000,947976000,938442668
2015-07-20,39.5400,39.5400,,,,,934748000,947976000,934748000,947976000,938442668,934748000,947976000,934748000,947976000,938442668
2015-07-21,39.7300,39.7300,,,,,934748000,947976000,934748000,947976000,938442668,934748000,947976000,934748000,947976000,938442668
2015-07-22,39.2400,39.2400,,,,,934748000,947976000,934748000,947976000,938442668,934748000,947976000,934748000,947976000,938442668
2015-07-23,39.2100,39.2100,,,,,934748000,947976000,934748000,947976000,938442668,934748000,947976000,934748000,947976000,938442668
2015-07-24,38.8500,38.8500,,,,,934748000,947976000,934748000,947976000,938442668,934748000,947976000,934748000,947976000,938442668
2015-07-27,37.8350,37.8350,,,,,934748000,947976000,934748000,947976000,938442668,934748000,947976000,934748000,947976000,938442668
2015-07-28,37.7200,37.7200,,,,,934748000,947976000,934748000,947976000,938442668,934748000,947976000,934748000,947976000,938442668
2015-07-29,37.6700,37.6700,,,,,934748000,947976000,934748000,947976000,938442668,934748000,947976000,934748000,947976000,938442668
2015-07-30,37.4200,37.4200,,,,,934748000,947976000,934748000,947976000,938442668,934748000,947976000,934748000,947976000,938442668
2015-07-31,36.6700,36.6700,,,,,934748000,947976000,934748000,947976000,938442668,934748000,947976000,934748000,947976000,938442668
2015-08-03,36.6900,36.6900,,,,,934748000,947976000,934748000,947976000,938442668,934748000,947976000,934748000,947976000,938442668
2015-08-04,37.1200,37.1200,,,,,934748000,947976000,934748000,947976000,938442668,934748000,947976000,934748000,947976000,938442668
2015-08-05,37.2500,37.2500,,,,,934748000,947976000,934748000,947976000,938442668,934748000,947976000,934748000,947976000,938442668
2015-08-06,36.4600,36.4600,,,,,934748000,947976000,934748000,947976000,938442668,934748000,947976000,934748000,947976000,938442668
2015-08-07,36.6700,36.6700,,,,,937569000,937569000,937569000,937569000,941390842,937569000,937569000,937569000,937569000,941390842
2015-08-10,37.1500,37.1500,,,,,937569000,937569000,937569000,937569000,941390842,937569000,937569000,937569000,937569000,941390842
2015-08-11,36.0300,36.0300,,,,,937569000,937569000,937569000,937569000,941390842,937569000,937569000,937569000,937569000,941390842
2015-08-12,34.4900,34.4900,,,,,937569000,937569000,937569000,937569000,941390842,937569000,937569000,937569000,937569000,941390842
2015-08-13,35.9300,35.9300,,,,,937569000,937569000,937569000,937569000,941390842,937569000,937569000,937569000,937569000,941390842
2015-08-14,36.2400,36.2400,,,,,937569000,937569000,937569000,937569000,941390842,937569000,937569000,937569000,937569000,941390842
2015-08-17,36.0950,36.0950,,,,,937569000,937569000,937569000,937569000,941390842,937569000,937569000,937569000,937569000,941390842
2015-08-18,35.6900,35.6900,,,,,937569000,937569000,937569000,937569000,941390842,937569000,937569000,937569000,937569000,941390842
2015-08-19,35.1900,35.1900,,,,,937569000,937569000,937569000,937569000,941390842,937569000,937569000,937569000,937569000,941390842
2015-08-20,34.1000,34.1000,,,,,937569000,937569000,937569000,937569000,941390842,937569000,937569000,937569000,937569000,941390842
2015-08-21,32.9300,32.9300,,,,,937569000,937569000,937569000,937569000,941390842,937569000,937569000,937569000,937569000,941390842
2015-08-24,31.3100,31.3100,,,,,937569000,937569000,937569000,937569000,941390842,937569000,937569000,937569000,937569000,941390842
2015-08-25,31.7400,31.7400,,,,,937569000,937569000,937569000,937569000,941390842,937569000,937569000,937569000,937569000,941390842
2015-08-26,32.5200,32.5200,,,,,937569000,937569000,937569000,937569000,941390842,937569000,937569000,937569000,937569000,941390842
2015-08-27,33.6900,33.6900,,,,,937569000,937569000,937569000,937569000,941390842,937569000,937569000,937569000,937569000,941390842
2015-08-28,33.1400,33.1400,,,,,937569000,937569000,937569000,937569000,941390842,937569000,937569000,937569000,937569000,941390842
2015-08-31,32.2400,32.2400,,,,,937569000,937569000,937569000,937569000,941390842,937569000,937569000,937569000,937569000,941390842
2015-09-01,31.6000,31.6000,,,,,937569000,937569000,937569000,937569000,941390842,937569000,937569000,937569000,937569000,941390842
2015-09-02,31.7700,31.7700,,,,,937569000,937569000,937569000,937569000,941390842,937569000,937569000,937569000,937569000,941390842
2015-09-03,32.5400,32.5400,,,,,937569000,937569000,937569000,937569000,941390842,937569000,937569000,937569000,937569000,941390842
2015-09-04,31.5800,31.5800,,,,,937569000,937569000,937569000,937569000,941390842,937569000,937569000,937569000,937569000,941390842
2015-09-08,30.9000,30.9000,,,,,937569000,937569000,937569000,937569000,941390842,937569000,937569000,937569000,937569000,941390842
2015-09-09,31.5200,31.5200,,,,,937569000,937569000,937569000,937569000,941390842,937569000,937569000,937569000,937569000,941390842
2015-09-10,31.1500,31.1500,,,,,937569000,937569000,937569000,937569000,941390842,937569000,937569000,937569000,937569000,941390842
2015-09-11,31.4300,31.4300,,,,,937569000,937569000,937569000,937569000,941390842,937569000,937569000,937569000,937569000,941390842
2015-09-14,30.3200,30.3200,,,,,937569000,937569000,937569000,937569000,941390842,937569000,937569000,937569000,937569000,941390842
2015-09-15,31.0400,31.0400,,,,,937569000,937569000,937569000,937569000,941390842,937569000,937569000,937569000,937569000,941390842
2015-09-16,31.4000,31.4000,,,,,937569000,937569000,937569000,937569000,941390842,937569000,937569000,937569000,937569000,941390842
2015-09-17,30.9300,30.9300,,,,,937569000,937569000,937569000,937569000,941390842,937569000,937569000,937569000,937569000,941390842
2015-09-18,30.7400,30.7400,,,,,937569000,937569000,937569000,937569000,941390842,937569000,937569000,937569000,937569000,941390842
2015-09-21,31.1700,31.1700,,,,,937569000,937569000,937569000,937569000,941390842,937569000,937569000,937569000,937569000,941390842
2015-09-22,30.4000,30.4000,,,,,937569000,937569000,937569000,937569000,941390842,937569000,937569000,937569000,937569000,941390842
2015-09-23,29.7400,29.7400,,,,,937569000,937569000,937569000,937569000,941390842,937569000,937569000,937569000,937569000,941390842
2015-09-24,29.3400,29.3400,,,,,937569000,937569000,937569000,937569000,941390842,937569000,937569000,937569000,937569000,941390842
2015-09-25,29.1300,29.1300,,,,,937569000,937569000,937569000,937569000,941390842,937569000,937569000,937569000,937569000,941390842
2015-09-28,27.6000,27.6000,,,,,937569000,937569000,937569000,937569000,941390842,937569000,937569000,937569000,937569000,941390842
2015-09-29,28.2600,28.2600,,,,,937569000,937569000,937569000,937569000,941390842,937569000,937569000,937569000,937569000,941390842
2015-09-30,28.9100,28.9100,,,,,937569000,937569000,937569000,937569000,941390842,937569000,937569000,937569000,937569000,941390842
2015-10-01,28.9100,28.9100,,,,,937569000,937569000,937569000,937569000,941390842,937569000,937569000,937569000,937569000,941390842
2015-10-02,30.7100,30.7100,,,,,937569000,937569000,937569000,937569000,941390842,937569000,937569000,937569000,937569000,941390842
2015-10-05,30.8500,30.8500,,,,,937569000,937569000,937569000,937569000,941390842,937569000,937569000,937569000,937569000,941390842
2015-10-06,30.9550,30.9550,,,,,937569000,937569000,937569000,937569000,941390842,937569000,937569000,937569000,937569000,941390842
2015-10-07,31.8700,31.8700,,,,,937569000,937569000,937569000,937569000,941390842,937569000,937569000,937569000,937569000,941390842
2015-10-08,32.3700,32.3700,,,,,937569000,937569000,937569000,937569000,941390842,937569000,937569000,937569000,937569000,941390842
2015-10-09,32.5200,32.5200,,,,,937569000,937569000,937569000,937569000,941390842,937569000,937569000,937569000,937569000,941390842
2015-10-12,32.8600,32.8600,,,,,937569000,937569000,937569000,937569000,941390842,937569000,937569000,937569000,937569000,941390842
2015-10-13,32.3400,32.3400,,,,,937569000,937569000,937569000,937569000,941390842,937569000,937569000,937569000,937569000,941390842
2015-10-14,32.0900,32.0900,,,,,937569000,937569000,937569000,937569000,941390842,937569000,937569000,937569000,937569000,941390842
2015-10-15,33.4800,33.4800,,,,,937569000,937569000,937569000,937569000,941390842,937569000,937569000,937569000,937569000,941390842
2015-10-16,33.3700,33.3700,,,,,937569000,937569000,937569000,937569000,941390842,937569000,937569000,937569000,937569000,941390842
2015-10-19,33.5000,33.5000,,,,,937569000,937569000,937569000,937569000,941390842,937569000,937569000,937569000,937569000,941390842
2015-10-20,32.8300,32.8300,,,,,937569000,937569000,937569000,937569000,941390842,937569000,937569000,937569000,937569000,941390842
2015-10-21,31.1200,31.1200,,,,,937569000,937569000,937569000,937569000,941390842,937569000,937569000,937569000,937569000,941390842
2015-10-22,31.6700,31.6700,,,,,937569000,937569000,937569000,937569000,941390842,937569000,937569000,937569000,937569000,941390842
2015-10-23,33.1700,33.1700,,,,,937569000,937569000,937569000,937569000,941390842,937569000,937569000,937569000,937569000,941390842
2015-10-26,33.4000,33.4000,,,,,937569000,937569000,937569000,937569000,941390842,937569000,937569000,937569000,937569000,941390842
2015-10-27,34.3000,34.3000,,,,,937569000,937569000,937569000,937569000,941390842,937569000,937569000,937569000,937569000,941390842
2015-10-28,35.1850,35.1850,,,,,937569000,937569000,937569000,937569000,941390842,937569000,937569000,937569000,937569000,941390842
2015-10-29,35.0500,35.0500,,,,,937569000,937569000,937569000,937569000,941390842,937569000,937569000,937569000,937569000,941390842
2015-10-30,35.6200,35.6200,,,,,937569000,937569000,937569000,937569000,941390842,937569000,937569000,937569000,937569000,941390842
2015-11-02,35.2700,35.2700,,,,,937569000,937569000,937569000,937569000,941390842,937569000,937569000,937569000,937569000,941390842
2015-11-03,34.7200,34.7200,,,,,937569000,937569000,937569000,937569000,941390842,937569000,937569000,937569000,937569000,941390842
2015-11-04,35.0700,35.0700,,,,,937569000,937569000,937569000,937569000,941390842,937569000,937569000,937569000,937569000,941390842
2015-11-05,35.1200,35.1200,,,,,940822000,946934000,940822000,946934000,944355144,940822000,946934000,940822000,946934000,944355144
2015-11-06,34.2000,34.2000,,,,,940822000,946934000,940822000,946934000,944355144,940822000,946934000,940822000,946934000,944355144
2015-11-09,33.6800,33.6800,,,,,940822000,946934000,940822000,946934000,944355144,940822000,946934000,940822000,946934000,944355144
2015-11-10,33.9900,33.9900,,,,,940822000,946934000,940822000,946934000,944355144,940822000,946934000,940822000,946934000,944355144
2015-11-11,33.3800,33.3800,,,,,940822000,946934000,940822000,946934000,944355144,940822000,946934000,940822000,946934000,944355144
2015-11-12,33.2300,33.2300,,,,,940822000,946934000,940822000,946934000,944355144,940822000,946934000,940822000,946934000,944355144
2015-11-13,32.1900,32.1900,,,,,940822000,946934000,940822000,946934000,944355144,940822000,946934000,940822000,946934000,944355144
2015-11-16,32.9450,32.9450,,,,,940822000,946934000,940822000,946934000,944355144,940822000,946934000,940822000,946934000,944355144
2015-11-17,32.8600,32.8600,,,,,940822000,946934000,940822000,946934000,944355144,940822000,946934000,940822000,946934000,944355144
2015-11-18,32.9800,32.9800,,,,,940822000,946934000,940822000,946934000,944355144,940822000,946934000,940822000,946934000,944355144
2015-11-19,32.6250,32.6250,,,,,940822000,946934000,940822000,946934000,944355144,940822000,946934000,940822000,946934000,944355144
2015-11-20,33.1100,33.1100,,,,,940822000,946934000,940822000,946934000,944355144,940822000,946934000,940822000,946934000,944355144
2015-11-23,33.3600,33.3600,,,,,940822000,946934000,940822000,946934000,944355144,940822000,946934000,940822000,946934000,944355144
2015-11-24,32.9600,32.9600,,,,,940822000,946934000,940822000,946934000,944355144,940822000,946934000,940822000,946934000,944355144
2015-11-25,33.1600,33.1600,,,,,940822000,946934000,940822000,946934000,944355144,940822000,946934000,940822000,946934000,944355144
2015-11-27,32.9400,32.9400,,,,,940822000,946934000,940822000,946934000,944355144,940822000,946934000,940822000,946934000,944355144
2015-11-30,33.8100,33.8100,,,,,940822000,946934000,940822000,946934000,944355144,940822000,946934000,940822000,946934000,944355144
2015-12-01,33.7100,33.7100,,,,,940822000,946934000,940822000,946934000,944355144,940822000,946934000,940822000,946934000,944355144
2015-12-02,35.6500,35.6500,,,,,940822000,946934000,940822000,946934000,944355144,940822000,946934000,940822000,946934000,944355144
2015-12-03,34.3400,34.3400,,,,,940822000,946934000,940822000,946934000,944355144,940822000,946934000,940822000,946934000,944355144
2015-12-04,34.9100,34.9100,,,,,940822000,946934000,940822000,946934000,944355144,940822000,946934000,940822000,946934000,944355144
2015-12-07,34.6800,34.6800,,,,,940822000,946934000,940822000,946934000,944355144,940822000,946934000,940822000,946934000,944355144
2015-12-08,34.8500,34.8500,,,,,940822000,946934000,940822000,946934000,944355144,940822000,946934000,940822000,946934000,944355144
2015-12-09,34.4000,34.4000,,,,,940822000,946934000,940822000,946934000,944355144,940822000,946934000,940822000,946934000,944355144
2015-12-10,34.6300,34.6300,,,,,940822000,946934000,940822000,946934000,944355144,940822000,946934000,940822000,946934000,944355144
2015-12-11,32.9100,32.9100,,,,,940822000,946934000,940822000,946934000,944355144,940822000,946934000,940822000,946934000,944355144
2015-12-14,32.5900,32.5900,,,,,940822000,946934000,940822000,946934000,944355144,940822000,946934000,940822000,946934000,944355144
2015-12-15,33.0300,33.0300,,,,,940822000,946934000,940822000,946934000,944355144,940822000,946934000,940822000,946934000,944355144
2015-12-16,33.7800,33.7800,,,,,940822000,946934000,940822000,946934000,944355144,940822000,946934000,940822000,946934000,944355144
2015-12-17,33.2300,33.2300,,,,,940822000,946934000,940822000,946934000,944355144,940822000,946934000,940822000,946934000,944355144
2015-12-18,32.9500,32.9500,,,,,940822000,946934000,940822000,946934000,944355144,940822000,946934000,940822000,946934000,944355144
2015-12-21,32.9650,32.9650,,,,,940822000,946934000,940822000,946934000,944355144,940822000,946934000,940822000,946934000,944355144
2015-12-22,34.1900,34.1900,,,,,940822000,946934000,940822000,946934000,944355144,940822000,946934000,940822000,946934000,944355144
2015-12-23,34.4500,34.4500,,,,,940822000,946934000,940822000,946934000,944355144,940822000,946934000,940822000,946934000,944355144
2015-12-24,34.1100,34.1100,,,,,940822000,946934000,940822000,946934000,944355144,940822000,946934000,940822000,946934000,944355144
2015-12-28,33.6000,33.6000,,,,,940822000,946934000,940822000,946934000,944355144,940822000,946934000,940822000,946934000,944355144
2015-12-29,34.0400,34.0400,,,,,940822000,946934000,940822000,946934000,944355144,940822000,946934000,940822000,946934000,944355144
2015-12-30,33.3700,33.3700,,,,,940822000,946934000,940822000,946934000,944355144,940822000,946934000,940822000,946934000,944355144
2015-12-31,33.2600,33.2600,,,,,940822000,946934000,940822000,946934000,944355144,940822000,946934000,940822000,946934000,944355144
2016-01-04,31.4000,31.4000,,,,,940822000,946934000,940822000,946934000,944355144,940822000,946934000,940822000,946934000,944355144
2016-01-05,32.2000,32.2000,,,,,940822000,946934000,940822000,946934000,944355144,940822000,946934000,940822000,946934000,944355144
2016-01-06,32.1600,32.1600,,,,,940822000,946934000,940822000,946934000,944355144,940822000,946934000,940822000,946934000,944355144
2016-01-07,30.1600,30.1600,,,,,940822000,946934000,940822000,946934000,944355144,940822000,946934000,940822000,946934000,944355144
2016-01-08,30.6300,30.6300,,,,,940822000,946934000,940822000,946934000,944355144,940822000,946934000,940822000,946934000,944355144
2016-01-11,30.1700,30.1700,,,,,940822000,946934000,940822000,946934000,944355144,940822000,946934000,940822000,946934000,944355144
2016-01-12,30.6900,30.6900,,,,,940822000,946934000,940822000,946934000,944355144,940822000,946934000,940822000,946934000,944355144
2016-01-13,29.4400,29.4400,,,,,940822000,946934000,940822000,946934000,944355144,940822000,946934000,940822000,946934000,944355144
2016-01-14,30.3200,30.3200,,,,,940822000,946934000,940822000,946934000,944355144,940822000,946934000,940822000,946934000,944355144
2016-01-15,29.1400,29.1400,,,,,940822000,946934000,940822000,946934000,944355144,940822000,946934000,940822000,946934000,944355144
2016-01-19,29.7400,29.7400,,,,,940822000,946934000,940822000,946934000,944355144,940822000,946934000,940822000,946934000,944355144
2016-01-20,28.7800,28.7800,,,,,940822000,946934000,940822000,946934000,944355144,940822000,946934000,940822000,946934000,944355144
2016-01-21,29.3100,29.3100,,,,,940822000,946934000,940822000,946934000,944355144,940822000,946934000,940822000,946934000,944355144
2016-01-22,29.7500,29.7500,,,,,940822000,946934000,940822000,946934000,944355144,940822000,946934000,940822000,946934000,944355144
2016-01-25,29.7800,29.7800,,,,,940822000,946934000,940822000,946934000,944355144,940822000,946934000,940822000,946934000,944355144
2016-01-26,29.9800,29.9800,,,,,940822000,946934000,940822000,946934000,944355144,940822000,946934000,940822000,946934000,944355144
2016-01-27,29.6900,29.6900,,,,,940822000,946934000,940822000,946934000,944355144,940822000,946934000,940822000,946934000,944355144
2016-01-28,28.7500,28.7500,,,,,940822000,946934000,940822000,946934000,944355144,940822000,946934000,940822000,946934000,944355144
2016-01-29,29.5100,29.5100,,,,,940822000,946934000,940822000,946934000,944355144,940822000,946934000,940822000,946934000,944355144
2016-02-01,29.5700,29.5700,,,,,940822000,946934000,940822000,946934000,944355144,940822000,946934000,940822000,946934000,944355144
2016-02-02,29.0600,29.0600,,,,,940822000,946934000,940822000,946934000,944355144,940822000,946934000,940822000,946934000,944355144
2016-02-03,27.6800,27.6800,,,,,940822000,946934000,940822000,946934000,944355144,940822000,946934000,940822000,946934000,944355144
2016-02-04,29.1500,29.1500,,,,,940822000,946934000,940822000,946934000,944355144,940822000,946934000,940822000,946934000,944355144
2016-02-05,27.9700,27.9700,,,,,940822000,946934000,940822000,946934000,944355144,940822000,946934000,940822000,946934000,944355144
2016-02-08,27.0500,27.0500,,,,,940822000,946934000,940822000,946934000,944355144,940822000,946934000,940822000,946934000,944355144
2016-02-09,26.8200,26.8200,,,,,940822000,946934000,940822000,946934000,944355144,940822000,946934000,940822000,946934000,944355144
2016-02-10,27.1000,27.1000,,,,,940822000,946934000,940822000,946934000,944355144,940822000,946934000,940822000,946934000,944355144
2016-02-11,26.7600,26.7600,,,,,940822000,946934000,940822000,946934000,944355144,940822000,946934000,940822000,946934000,944355144
2016-02-12,27.0400,27.0400,,,,,940822000,946934000,940822000,946934000,944355144,940822000,946934000,940822000,946934000,944355144
2016-02-16,29.2800,29.2800,,,,,940822000,946934000,940822000,946934000,944355144,940822000,946934000,940822000,946934000,944355144
2016-02-17,29.3700,29.3700,,,,,940822000,946934000,940822000,946934000,944355144,940822000,946934000,940822000,946934000,944355144
2016-02-18,29.4200,29.4200,,,,,940822000,946934000,940822000,946934000,944355144,940822000,946934000,940822000,946934000,944355144
2016-02-19,30.0400,30.0400,,,,,940822000,946934000,940822000,946934000,944355144,940822000,946934000,940822000,946934000,944355144
2016-02-22,31.1700,31.1700,,,,,940822000,946934000,940822000,946934000,944355144,940822000,946934000,940822000,946934000,944355144
2016-02-23,30.6700,30.6700,,,,,940822000,946934000,940822000,946934000,944355144,940822000,946934000,940822000,946934000,944355144
2016-02-24,30.9500,30.9500,,,,,940822000,946934000,940822000,946934000,944355144,940822000,946934000,940822000,946934000,944355144
2016-02-25,31.3600,31.3600,,,,,940822000,946934000,940822000,946934000,944355144,940822000,946934000,940822000,946934000,944355144
2016-02-26,31.3700,31.3700,,,,,940822000,946934000,940822000,946934000,944355144,940822000,946934000,940822000,946934000,944355144
2016-02-29,31.7900,31.7900,,,,,939141000,939141000,939141000,939141000,946811547,939141000,939141000,939141000,939141000,946811547
2016-03-01,32.8000,32.8000,,,,,939141000,939141000,939141000,939141000,946811547,939141000,939141000,939141000,939141000,946811547
2016-03-02,32.9100,32.9100,,,,,939141000,939141000,939141000,939141000,946811547,939141000,939141000,939141000,939141000,946811547
2016-03-03,32.8800,32.8800,,,,,939141000,939141000,939141000,939141000,946811547,939141000,939141000,939141000,939141000,946811547
2016-03-04,33.8600,33.8600,,,,,939141000,939141000,939141000,939141000,946811547,939141000,939141000,939141000,939141000,946811547
2016-03-07,33.9600,33.9600,,,,,939141000,939141000,939141000,939141000,946811547,939141000,939141000,939141000,939141000,946811547
2016-03-08,32.9300,32.9300,,,,,939141000,939141000,939141000,939141000,946811547,939141000,939141000,939141000,939141000,946811547
2016-03-09,33.5100,33.5100,,,,,939141000,939141000,939141000,939141000,946811547,939141000,939141000,939141000,939141000,946811547
2016-03-10,32.8200,32.8200,,,,,939141000,939141000,939141000,939141000,946811547,939141000,939141000,939141000,939141000,946811547
2016-03-11,33.8100,33.8100,,,,,939141000,939141000,939141000,939141000,946811547,939141000,939141000,939141000,939141000,946811547
2016-03-14,33.5800,33.5800,,,,,939141000,939141000,939141000,939141000,946811547,939141000,939141000,939141000,939141000,946811547
2016-03-15,33.2600,33.2600,,,,,939141000,939141000,939141000,939141000,946811547,939141000,939141000,939141000,939141000,946811547
2016-03-16,34.0100,34.0100,,,,,939141000,939141000,939141000,939141000,946811547,939141000,939141000,939141000,939141000,946811547
2016-03-17,34.2750,34.2750,,,,,939141000,939141000,939141000,939141000,946811547,939141000,939141000,939141000,939141000,946811547
2016-03-18,35.1700,35.1700,,,,,939141000,939141000,939141000,939141000,946811547,939141000,939141000,939141000,939141000,946811547
2016-03-21,35.4700,35.4700,,,,,939141000,939141000,939141000,939141000,946811547,939141000,939141000,939141000,939141000,946811547
2016-03-22,35.4100,35.4100,,,,,939141000,939141000,939141000,939141000,946811547,939141000,939141000,939141000,939141000,946811547
2016-03-23,34.8000,34.8000,,,,,939141000,939141000,939141000,939141000,946811547,939141000,939141000,939141000,939141000,946811547
2016-03-24,34.8600,34.8600,,,,,939141000,939141000,939141000,939141000,946811547,939141000,939141000,939141000,939141000,946811547
2016-03-28,35.2300,35.2300,,,,,939141000,939141000,939141000,939141000,946811547,939141000,939141000,939141000,939141000,946811547
2016-03-29,36.3200,36.3200,,,,,939141000,939141000,939141000,939141000,946811547,939141000,939141000,939141000,939141000,946811547
2016-03-30,36.5600,36.5600,,,,,939141000,939141000,939141000,939141000,946811547,939141000,939141000,939141000,939141000,946811547
2016-03-31,36.8100,36.8100,,,,,939141000,939141000,939141000,939141000,946811547,939141000,939141000,939141000,939141000,946811547
2016-04-01,36.4800,36.4800,,,,,939141000,939141000,939141000,939141000,946811547,939141000,939141000,939141000,939141000,946811547
2016-04-04,37.0200,37.0200,,,,,939141000,939141000,939141000,939141000,946811547,939141000,939141000,939141000,939141000,946811547
2016-04-05,36.4100,36.4100,,,,,939141000,939141000,939141000,939141000,946811547,939141000,939141000,939141000,939141000,946811547
2016-04-06,36.6600,36.6600,,,,,939141000,939141000,939141000,939141000,946811547,939141000,939141000,939141000,939141000,946811547
2016-04-07,36.1700,36.1700,,,,,939141000,939141000,939141000,939141000,946811547,939141000,939141000,939141000,939141000,946811547
2016-04-08,36.0700,36.0700,,,,,939141000,939141000,939141000,939141000,946811547,939141000,939141000,939141000,939141000,946811547
2016-04-11,36.4800,36.4800,,,,,939141000,939141000,939141000,939141000,946811547,939141000,939141000,939141000,939141000,946811547
2016-04-12,36.6600,36.6600,,,,,939141000,939141000,939141000,939141000,946811547,939141000,939141000,939141000,939141000,946811547
2016-04-13,37.3100,37.3100,,,,,939141000,939141000,939141000,939141000,946811547,939141000,939141000,939141000,939141000,946811547
2016-04-14,37.1700,37.1700,,,,,939141000,939141000,939141000,939141000,946811547,939141000,939141000,939141000,939141000,946811547
2016-04-15,36.5100,36.5100,,,,,939141000,939141000,939141000,939141000,946811547,939141000,939141000,939141000,939141000,946811547
2016-04-18,36.5200,36.5200,,,,,939141000,939141000,939141000,939141000,946811547,939141000,939141000,939141000,939141000,946811547
2016-04-19,36.3300,36.3300,,,,,939141000,939141000,939141000,939141000,946811547,939141000,939141000,939141000,939141000,946811547
2016-04-20,37.8400,37.8400,,,,,939141000,939141000,939141000,939141000,946811547,939141000,939141000,939141000,939141000,946811547
2016-04-21,37.6700,37.6700,,,,,939141000,939141000,939141000,939141000,946811547,939141000,939141000,939141000,939141000,946811547
2016-04-22,37.4800,37.4800,,,,,939141000,939141000,939141000,939141000,946811547,939141000,939141000,939141000,939141000,946811547
2016-04-25,37.2300,37.2300,,,,,939141000,939141000,939141000,939141000,946811547,939141000,939141000,939141000,939141000,946811547
2016-04-26,37.1100,37.1100,,,,,939141000,939141000,939141000,939141000,946811547,939141000,939141000,939141000,939141000,946811547
2016-04-27,36.9500,36.9500,,,,,939141000,939141000,939141000,939141000,946811547,939141000,939141000,939141000,939141000,946811547
2016-04-28,36.5900,36.5900,,,,,939141000,939141000,939141000,939141000,946811547,939141000,939141000,939141000,939141000,946811547
2016-04-29,36.6000,36.6000,,,,,939141000,939141000,939141000,939141000,946811547,939141000,939141000,939141000,939141000,946811547
2016-05-02,36.5300,36.5300,,,,,939141000,939141000,939141000,939141000,946811547,939141000,939141000,939141000,939141000,946811547
2016-05-03,36.0100,36.0100,,,,,939141000,939141000,939141000,939141000,946811547,939141000,939141000,939141000,939141000,946811547
2016-05-04,36.0000,36.0000,,,,,939141000,939141000,939141000,939141000,946811547,939141000,939141000,939141000,939141000,946811547
2016-05-05,36.9400,36.9400,,,,,939141000,939141000,939141000,939141000,946811547,939141000,939141000,939141000,939141000,946811547
2016-05-06,37.2300,37.2300,,,,,939141000,939141000,939141000,939141000,946811547,939141000,939141000,939141000,939141000,946811547
2016-05-09,37.1800,37.1800,,,,,939141000,939141000,939141000,939141000,946811547,939141000,939141000,939141000,939141000,946811547
2016-05-10,37.4400,37.4400,,,,,945719000,945719000,945719000,945719000,949068569,945719000,945719000,945719000,945719000,949068569
2016-05-11,37.3700,37.3700,,,,,945719000,945719000,945719000,945719000,949068569,945719000,945719000,945719000,945719000,949068569
2016-05-12,37.0300,37.0300,,,,,945719000,945719000,945719000,945719000,949068569,945719000,945719000,945719000,945719000,949068569
2016-05-13,36.4800,36.4800,,,,,945719000,945719000,945719000,945719000,949068569,945719000,945719000,945719000,945719000,949068569
2016-05-16,37.4800,37.4800,,,,,945719000,945719000,945719000,945719000,949068569,945719000,945719000,945719000,945719000,949068569
2016-05-17,37.2700,37.2700,,,,,945719000,945719000,945719000,945719000,949068569,945719000,945719000,945719000,945719000,949068569
2016-05-18,37.2400,37.2400,,,,,945719000,945719000,945719000,945719000,949068569,945719000,945719000,945719000,945719000,949068569
2016-05-19,37.0200,37.0200,,,,,945719000,945719000,945719000,945719000,949068569,945719000,945719000,945719000,945719000,949068569
2016-05-20,36.5000,36.5000,,,,,945719000,945719000,945719000,945719000,949068569,945719000,945719000,945719000,945719000,949068569
2016-05-23,36.6600,36.6600,,,,,945719000,945719000,945719000,945719000,949068569,945719000,945719000,945719000,945719000,949068569
2016-05-24,37.5300,37.5300,,,,,945719000,945719000,945719000,945719000,949068569,945719000,945719000,945719000,945719000,949068569
2016-05-25,35.5900,35.5900,,,,,945719000,945719000,945719000,945719000,949068569,945719000,945719000,945719000,945719000,949068569
2016-05-26,36.7600,36.7600,,,,,945719000,945719000,945719000,945719000,949068569,945719000,945719000,945719000,945719000,949068569
2016-05-27,37.8200,37.8200,,,,,945719000,945719000,945719000,945719000,949068569,945719000,945719000,945719000,945719000,949068569
2016-05-31,37.9400,37.9400,,,,,945719000,945719000,945719000,945719000,949068569,945719000,945719000,945719000,945719000,949068569
2016-06-01,36.6500,36.6500,,,,,945719000,945719000,945719000,945719000,949068569,945719000,945719000,945719000,945719000,949068569
2016-06-02,37.1500,37.1500,,,,,945719000,945719000,945719000,945719000,949068569,945719000,945719000,945719000,945719000,949068569
2016-06-03,36.6000,36.6000,,,,,945719000,945719000,945719000,945719000,949068569,945719000,945719000,945719000,945719000,949068569
2016-06-06,37.0700,37.0700,,,,,945719000,945719000,945719000,945719000,949068569,945719000,945719000,945719000,945719000,949068569
2016-06-07,36.7300,36.7300,,,,,945719000,945719000,945719000,945719000,949068569,945719000,945719000,945719000,945719000,949068569
2016-06-08,36.9700,36.9700,,,,,945719000,945719000,945719000,945719000,949068569,945719000,945719000,945719000,945719000,949068569
2016-06-09,37.3500,37.3500,,,,,945719000,945719000,945719000,945719000,949068569,945719000,945719000,945719000,945719000,949068569
2016-06-10,36.8300,36.8300,,,,,945719000,945719000,945719000,945719000,949068569,945719000,945719000,945719000,945719000,949068569
2016-06-13,36.4700,36.4700,,,,,945719000,945719000,945719000,945719000,949068569,945719000,945719000,945719000,945719000,949068569
2016-06-14,37.4000,37.4000,,,,,945719000,945719000,945719000,945719000,949068569,945719000,945719000,945719000,945719000,949068569
2016-06-15,37.3200,37.3200,,,,,945719000,945719000,945719000,945719000,949068569,945719000,945719000,945719000,945719000,949068569
2016-06-16,37.3900,37.3900,,,,,945719000,945719000,945719000,945719000,949068569,945719000,945719000,945719000,945719000,949068569
2016-06-17,36.9400,36.9400,,,,,945719000,945719000,945719000,945719000,949068569,945719000,945719000,945719000,945719000,949068569
2016-06-20,37.2900,37.2900,,,,,945719000,945719000,945719000,945719000,949068569,945719000,945719000,945719000,945719000,949068569
2016-06-21,37.4000,37.4000,,,,,945719000,945719000,945719000,945719000,949068569,945719000,945719000,945719000,945719000,949068569
2016-06-22,37.3600,37.3600,,,,,945719000,945719000,945719000,945719000,949068569,945719000,945719000,945719000,945719000,949068569
2016-06-23,37.7800,37.7800,,,,,945719000,945719000,945719000,945719000,949068569,945719000,945719000,945719000,945719000,949068569
2016-06-24,36.2400,36.2400,,,,,945719000,945719000,945719000,945719000,949068569,945719000,945719000,945719000,945719000,949068569
2016-06-27,35.2200,35.2200,,,,,945719000,945719000,945719000,945719000,949068569,945719000,945719000,945719000,945719000,949068569
2016-06-28,36.0400,36.0400,,,,,945719000,945719000,945719000,945719000,949068569,945719000,945719000,945719000,945719000,949068569
2016-06-29,36.8600,36.8600,,,,,945719000,945719000,945719000,945719000,949068569,945719000,945719000,945719000,945719000,949068569
2016-06-30,37.5600,37.5600,,,,,945719000,945719000,945719000,945719000,949068569,945719000,945719000,945719000,945719000,949068569
2016-07-01,37.9900,37.9900,,,,,945719000,945719000,945719000,945719000,949068569,945719000,945719000,945719000,945719000,949068569
2016-07-05,37.5000,37.5000,,,,,945719000,945719000,945719000,945719000,949068569,945719000,945719000,945719000,945719000,949068569
2016-07-06,37.5100,37.5100,,,,,945719000,945719000,945719000,945719000,949068569,945719000,945719000,945719000,945719000,949068569
2016-07-07,37.5200,37.5200,,,,,945719000,945719000,945719000,945719000,949068569,945719000,945719000,945719000,945719000,949068569
2016-07-08,37.7400,37.7400,,,,,945719000,945719000,945719000,945719000,949068569,945719000,945719000,945719000,945719000,949068569
2016-07-11,37.9600,37.9600,,,,,945719000,945719000,945719000,945719000,949068569,945719000,945719000,945719000,945719000,949068569
2016-07-12,37.8900,37.8900,,,,,945719000,945719000,945719000,945719000,949068569,945719000,945719000,945719000,945719000,949068569
2016-07-13,37.6400,37.6400,,,,,945719000,945719000,945719000,945719000,949068569,945719000,945719000,945719000,945719000,949068569
2016-07-14,37.9600,37.9600,,,,,945719000,945719000,945719000,945719000,949068569,945719000,945719000,945719000,945719000,949068569
2016-07-15,37.7200,37.7200,,,,,945719000,945719000,945719000,945719000,949068569,945719000,945719000,945719000,945719000,949068569
2016-07-18,37.9500,37.9500,,,,,945719000,945719000,945719000,945719000,949068569,945719000,945719000,945719000,945719000,949068569
2016-07-19,38.1700,38.1700,,,,,945719000,945719000,945719000,945719000,949068569,945719000,945719000,945719000,945719000,949068569
2016-07-20,38.9000,38.9000,,,,,945719000,945719000,945719000,945719000,949068569,945719000,945719000,945719000,945719000,949068569
2016-07-21,38.8500,38.8500,,,,,945719000,945719000,945719000,945719000,949068569,945719000,945719000,945719000,945719000,949068569
2016-07-22,39.3800,39.3800,,,,,945719000,945719000,945719000,945719000,949068569,945719000,945719000,945719000,945719000,949068569
2016-07-25,38.3200,38.3200,,,,,945719000,945719000,945719000,945719000,949068569,945719000,945719000,945719000,945719000,949068569
2016-07-26,38.7600,38.7600,,,,,945719000,945719000,945719000,945719000,949068569,945719000,945719000,945719000,945719000,949068569
2016-07-27,38.6600,38.6600,,,,,945719000,945719000,945719000,945719000,949068569,945719000,945719000,945719000,945719000,949068569
2016-07-28,38.5200,38.5200,,,,,945719000,945719000,945719000,945719000,949068569,945719000,945719000,945719000,945719000,949068569
2016-07-29,38.1900,38.1900,,,,,945719000,945719000,945719000,945719000,949068569,945719000,945719000,945719000,945719000,949068569
2016-08-01,38.8000,38.8000,,,,,945719000,945719000,945719000,945719000,949068569,945719000,945719000,945719000,945719000,949068569
2016-08-02,38.5700,38.5700,,,,,945719000,945719000,945719000,945719000,949068569,945719000,945719000,945719000,945719000,949068569
2016-08-03,38.3900,38.3900,,,,,945719000,945719000,945719000,945719000,949068569,945719000,945719000,945719000,945719000,949068569
2016-08-04,38.9200,38.9200,,,,,945719000,945719000,945719000,945719000,949068569,945719000,945719000,945719000,945719000,949068569
2016-08-05,38.9900,38.9900,,,,,945719000,945719000,945719000,945719000,949068569,945719000,945719000,945719000,945719000,949068569
2016-08-08,39.2400,39.2400,,,,,948432000,948432000,948432000,948432000,951782587,948432000,948432000,948432000,948432000,951782587
2016-08-09,39.2400,39.2400,,,,,948432000,948432000,948432000,948432000,951782587,948432000,948432000,948432000,948432000,951782587
2016-08-10,39.9300,39.9300,,,,,948432000,948432000,948432000,948432000,951782587,948432000,948432000,948432000,948432000,951782587
2016-08-11,41.2700,41.2700,,,,,948432000,948432000,948432000,948432000,951782587,948432000,948432000,948432000,948432000,951782587
2016-08-12,42.9400,42.9400,,,,,948432000,948432000,948432000,948432000,951782587,948432000,948432000,948432000,948432000,951782587
2016-08-15,42.6700,42.6700,,,,,948432000,948432000,948432000,948432000,951782587,948432000,948432000,948432000,948432000,951782587
2016-08-16,42.4900,42.4900,,,,,948432000,948432000,948432000,948432000,951782587,948432000,948432000,948432000,948432000,951782587
2016-08-17,42.7000,42.7000,,,,,948432000,948432000,948432000,948432000,951782587,948432000,948432000,948432000,948432000,951782587
2016-08-18,42.9000,42.9000,,,,,948432000,948432000,948432000,948432000,951782587,948432000,948432000,948432000,948432000,951782587
2016-08-19,43.0200,43.0200,,,,,948432000,948432000,948432000,948432000,951782587,948432000,948432000,948432000,948432000,951782587
2016-08-22,42.5200,42.5200,,,,,948432000,948432000,948432000,948432000,951782587,948432000,948432000,948432000,948432000,951782587
2016-08-23,42.6000,42.6000,,,,,948432000,948432000,948432000,948432000,951782587,948432000,948432000,948432000,948432000,951782587
2016-08-24,41.9100,41.9100,,,,,948432000,948432000,948432000,948432000,951782587,948432000,948432000,948432000,948432000,951782587
2016-08-25,42.0300,42.0300,,,,,948432000,948432000,948432000,948432000,951782587,948432000,948432000,948432000,948432000,951782587
2016-08-26,42.2700,42.2700,,,,,948432000,948432000,948432000,948432000,951782587,948432000,948432000,948432000,948432000,951782587
2016-08-29,42.2600,42.2600,,,,,948432000,948432000,948432000,948432000,951782587,948432000,948432000,948432000,948432000,951782587
2016-08-30,42.5800,42.5800,,,,,948432000,948432000,948432000,948432000,951782587,948432000,948432000,948432000,948432000,951782587
2016-08-31,42.7500,42.7500,,,,,948432000,948432000,948432000,948432000,951782587,948432000,948432000,948432000,948432000,951782587
2016-09-01,42.9300,42.9300,,,,,948432000,948432000,948432000,948432000,951782587,948432000,948432000,948432000,948432000,951782587
2016-09-02,43.2800,43.2800,,,,,948432000,948432000,948432000,948432000,951782587,948432000,948432000,948432000,948432000,951782587
2016-09-06,44.7100,44.7100,,,,,948432000,948432000,948432000,948432000,951782587,948432000,948432000,948432000,948432000,951782587
2016-09-07,44.3500,44.3500,,,,,948432000,948432000,948432000,948432000,951782587,948432000,948432000,948432000,948432000,951782587
2016-09-08,44.3600,44.3600,,,,,948432000,948432000,948432000,948432000,951782587,948432000,948432000,948432000,948432000,951782587
2016-09-09,42.9200,42.9200,,,,,948432000,948432000,948432000,948432000,951782587,948432000,948432000,948432000,948432000,951782587
2016-09-12,43.4600,43.4600,,,,,948432000,948432000,948432000,948432000,951782587,948432000,948432000,948432000,948432000,951782587
2016-09-13,43.0400,43.0400,,,,,948432000,948432000,948432000,948432000,951782587,948432000,948432000,948432000,948432000,951782587
2016-09-14,43.4600,43.4600,,,,,948432000,948432000,948432000,948432000,951782587,948432000,948432000,948432000,948432000,951782587
2016-09-15,43.9900,43.9900,,,,,948432000,948432000,948432000,948432000,951782587,948432000,948432000,948432000,948432000,951782587
2016-09-16,43.6700,43.6700,,,,,948432000,948432000,948432000,948432000,951782587,948432000,948432000,948432000,948432000,951782587
2016-09-19,43.1900,43.1900,,,,,948432000,948432000,948432000,948432000,951782587,948432000,948432000,948432000,948432000,951782587
2016-09-20,42.7900,42.7900,,,,,948432000,948432000,948432000,948432000,951782587,948432000,948432000,948432000,948432000,951782587
2016-09-21,44.1400,44.1400,,,,,948432000,948432000,948432000,948432000,951782587,948432000,948432000,948432000,948432000,951782587
2016-09-22,44.1500,44.1500,,,,,948432000,948432000,948432000,948432000,951782587,948432000,948432000,948432000,948432000,951782587
2016-09-23,42.8000,42.8000,,,,,948432000,948432000,948432000,948432000,951782587,948432000,948432000,948432000,948432000,951782587
2016-09-26,42.2900,42.2900,,,,,948432000,948432000,948432000,948432000,951782587,948432000,948432000,948432000,948432000,951782587
2016-09-27,43.3700,43.3700,,,,,948432000,948432000,948432000,948432000,951782587,948432000,948432000,948432000,948432000,951782587
2016-09-28,43.6900,43.6900,,,,,948432000,948432000,948432000,948432000,951782587,948432000,948432000,948432000,948432000,951782587
2016-09-29,42.5700,42.5700,,,,,948432000,948432000,948432000,948432000,951782587,948432000,948432000,948432000,948432000,951782587
2016-09-30,43.1000,43.1000,,,,,948432000,948432000,948432000,948432000,951782587,948432000,948432000,948432000,948432000,951782587
2016-10-03,43.1300,43.1300,,,,,948432000,948432000,948432000,948432000,951782587,948432000,948432000,948432000,948432000,951782587
2016-10-04,43.1800,43.1800,,,,,948432000,948432000,948432000,948432000,951782587,948432000,948432000,948432000,948432000,951782587
2016-10-05,43.7100,43.7100,,,,,948432000,948432000,948432000,948432000,951782587,948432000,948432000,948432000,948432000,951782587
2016-10-06,43.6800,43.6800,,,,,948432000,948432000,948432000,948432000,951782587,948432000,948432000,948432000,948432000,951782587
2016-10-07,43.2200,43.2200,,,,,948432000,948432000,948432000,948432000,951782587,948432000,948432000,948432000,948432000,951782587
2016-10-10,43.9200,43.9200,,,,,948432000,948432000,948432000,948432000,951782587,948432000,948432000,948432000,948432000,951782587
2016-10-11,42.6800,42.6800,,,,,948432000,948432000,948432000,948432000,951782587,948432000,948432000,948432000,948432000,951782587
2016-10-12,42.3600,42.3600,,,,,948432000,948432000,948432000,948432000,951782587,948432000,948432000,948432000,948432000,951782587
2016-10-13,41.6200,41.6200,,,,,948432000,948432000,948432000,948432000,951782587,948432000,948432000,948432000,948432000,951782587
2016-10-14,41.4400,41.4400,,,,,948432000,948432000,948432000,948432000,951782587,948432000,948432000,948432000,948432000,951782587
2016-10-17,41.7900,41.7900,,,,,948432000,948432000,948432000,948432000,951782587,948432000,948432000,948432000,948432000,951782587
2016-10-18,41.6800,41.6800,,,,,948432000,948432000,948432000,948432000,951782587,948432000,948432000,948432000,948432000,951782587
2016-10-19,42.7300,42.7300,,,,,948432000,948432000,948432000,948432000,951782587,948432000,948432000,948432000,948432000,951782587
2016-10-20,42.3800,42.3800,,,,,948432000,948432000,948432000,948432000,951782587,948432000,948432000,948432000,948432000,951782587
2016-10-21,42.1700,42.1700,,,,,948432000,948432000,948432000,948432000,951782587,948432000,948432000,948432000,948432000,951782587
2016-10-24,42.5900,42.5900,,,,,948432000,948432000,948432000,948432000,951782587,948432000,948432000,948432000,948432000,951782587
2016-10-25,42.5500,42.5500,,,,,948432000,948432000,948432000,948432000,951782587,948432000,948432000,948432000,948432000,951782587
2016-10-26,42.0800,42.0800,,,,,948432000,948432000,948432000,948432000,951782587,948432000,948432000,948432000,948432000,951782587
2016-10-27,41.8700,41.8700,,,,,948432000,948432000,948432000,948432000,951782587,948432000,948432000,948432000,948432000,951782587
2016-10-28,41.7800,41.7800,,,,,948432000,948432000,948432000,948432000,951782587,948432000,948432000,948432000,948432000,951782587
2016-10-31,41.5500,41.5500,,,,,948432000,948432000,948432000,948432000,951782587,948432000,948432000,948432000,948432000,951782587
2016-11-01,41.3300,41.3300,,,,,948432000,948432000,948432000,948432000,951782587,948432000,948432000,948432000,948432000,951782587
2016-11-02,40.6800,40.6800,,,,,948432000,948432000,948432000,948432000,951782587,948432000,948432000,948432000,948432000,951782587
2016-11-03,40.2300,40.2300,,,,,948432000,948432000,948432000,948432000,951782587,948432000,948432000,948432000,948432000,951782587
2016-11-04,40.2800,40.2800,,,,,948432000,948432000,948432000,948432000,951782587,948432000,948432000,948432000,948432000,951782587
2016-11-07,41.0500,41.0500,,,,,948432000,948432000,948432000,948432000,951782587,948432000,948432000,948432000,948432000,951782587
2016-11-08,41.1600,41.1600,,,,,948432000,948432000,948432000,948432000,951782587,948432000,948432000,948432000,948432000,951782587
2016-11-09,41.2100,41.2100,,,,,951421000,957304000,951421000,957304000,954124482,951421000,957304000,951421000,957304000,954124482
2016-11-10,40.1600,40.1600,,,,,951421000,957304000,951421000,957304000,954124482,951421000,957304000,951421000,957304000,954124482
2016-11-11,40.4200,40.4200,,,,,951421000,957304000,951421000,957304000,954124482,951421000,957304000,951421000,957304000,954124482
2016-11-14,39.3000,39.3000,,,,,951421000,957304000,951421000,957304000,954124482,951421000,957304000,951421000,957304000,954124482
2016-11-15,40.2100,40.2100,,,,,951421000,957304000,951421000,957304000,954124482,951421000,957304000,951421000,957304000,954124482
2016-11-16,40.9800,40.9800,,,,,951421000,957304000,951421000,957304000,954124482,951421000,957304000,951421000,957304000,954124482
2016-11-17,41.4500,41.4500,,,,,951421000,957304000,951421000,957304000,954124482,951421000,957304000,951421000,957304000,954124482
2016-11-18,41.1900,41.1900,,,,,951421000,957304000,951421000,957304000,954124482,951421000,957304000,951421000,957304000,954124482
2016-11-21,41.1100,41.1100,,,,,951421000,957304000,951421000,957304000,954124482,951421000,957304000,951421000,957304000,954124482
2016-11-22,41.0100,41.0100,,,,,951421000,957304000,951421000,957304000,954124482,951421000,957304000,951421000,957304000,954124482
2016-11-23,40.9600,40.9600,,,,,951421000,957304000,951421000,957304000,954124482,951421000,957304000,951421000,957304000,954124482
2016-11-25,40.8700,40.8700,,,,,951421000,957304000,951421000,957304000,954124482,951421000,957304000,951421000,957304000,954124482
2016-11-28,41.4500,41.4500,,,,,951421000,957304000,951421000,957304000,954124482,951421000,957304000,951421000,957304000,954124482
2016-11-29,41.6000,41.6000,,,,,951421000,957304000,951421000,957304000,954124482,951421000,957304000,951421000,957304000,954124482
2016-11-30,41.0200,41.0200,,,,,951421000,957304000,951421000,957304000,954124482,951421000,957304000,951421000,957304000,954124482
2016-12-01,39.6300,39.6300,,,,,951421000,957304000,951421000,957304000,954124482,951421000,957304000,951421000,957304000,954124482
2016-12-02,40.0700,40.0700,,,,,951421000,957304000,951421000,957304000,954124482,951421000,957304000,951421000,957304000,954124482
2016-12-05,40.2000,40.2000,,,,,951421000,957304000,951421000,957304000,954124482,951421000,957304000,951421000,957304000,954124482
2016-12-06,39.9700,39.9700,,,,,951421000,957304000,951421000,957304000,954124482,951421000,957304000,951421000,957304000,954124482
2016-12-07,40.5200,40.5200,,,,,951421000,957304000,951421000,957304000,954124482,951421000,957304000,951421000,957304000,954124482
2016-12-08,41.4100,41.4100,,,,,951421000,957304000,951421000,957304000,954124482,951421000,957304000,951421000,957304000,954124482
2016-12-09,41.7600,41.7600,,,,,951421000,957304000,951421000,957304000,954124482,951421000,957304000,951421000,957304000,954124482
2016-12-12,41.3000,41.3000,,,,,951421000,957304000,951421000,957304000,954124482,951421000,957304000,951421000,957304000,954124482
2016-12-13,41.4700,41.4700,,,,,951421000,957304000,951421000,957304000,954124482,951421000,957304000,951421000,957304000,954124482
2016-12-14,40.9100,40.9100,,,,,951421000,957304000,951421000,957304000,954124482,951421000,957304000,951421000,957304000,954124482
2016-12-15,38.4100,38.4100,,,,,951421000,957304000,951421000,957304000,954124482,951421000,957304000,951421000,957304000,954124482
2016-12-16,38.6100,38.6100,,,,,951421000,957304000,951421000,957304000,954124482,951421000,957304000,951421000,957304000,954124482
2016-12-19,38.4200,38.4200,,,,,951421000,957304000,951421000,957304000,954124482,951421000,957304000,951421000,957304000,954124482
2016-12-20,39.1600,39.1600,,,,,951421000,957304000,951421000,957304000,954124482,951421000,957304000,951421000,957304000,954124482
2016-12-21,39.1500,39.1500,,,,,951421000,957304000,951421000,957304000,954124482,951421000,957304000,951421000,957304000,954124482
2016-12-22,38.5000,38.5000,,,,,951421000,957304000,951421000,957304000,954124482,951421000,957304000,951421000,957304000,954124482
2016-12-23,38.6600,38.6600,,,,,951421000,957304000,951421000,957304000,954124482,951421000,957304000,951421000,957304000,954124482
2016-12-27,38.9200,38.9200,,,,,951421000,957304000,951421000,957304000,954124482,951421000,957304000,951421000,957304000,954124482
2016-12-28,38.7300,38.7300,,,,,951421000,957304000,951421000,957304000,954124482,951421000,957304000,951421000,957304000,954124482
2016-12-29,38.6400,38.6400,,,,,951421000,957304000,951421000,957304000,954124482,951421000,957304000,951421000,957304000,954124482
2016-12-30,38.6700,38.6700,,,,,951421000,957304000,951421000,957304000,954124482,951421000,957304000,951421000,957304000,954124482
2017-01-03,38.9000,38.9000,,,,,951421000,957304000,951421000,957304000,954124482,951421000,957304000,951421000,957304000,954124482
2017-01-04,40.0600,40.0600,,,,,951421000,957304000,951421000,957304000,954124482,951421000,957304000,951421000,957304000,954124482
2017-01-05,41.3400,41.3400,,,,,951421000,957304000,951421000,957304000,954124482,951421000,957304000,951421000,957304000,954124482
2017-01-06,41.2300,41.2300,,,,,951421000,957304000,951421000,957304000,954124482,951421000,957304000,951421000,957304000,954124482
2017-01-09,41.3400,41.3400,,,,,951421000,957304000,951421000,957304000,954124482,951421000,957304000,951421000,957304000,954124482
2017-01-10,42.3000,42.3000,,,,,951421000,957304000,951421000,957304000,954124482,951421000,957304000,951421000,957304000,954124482
2017-01-11,42.5900,42.5900,,,,,951421000,957304000,951421000,957304000,954124482,951421000,957304000,951421000,957304000,954124482
2017-01-12,42.1100,42.1100,,,,,951421000,957304000,951421000,957304000,954124482,951421000,957304000,951421000,957304000,954124482
2017-01-13,42.2700,42.2700,,,,,951421000,957304000,951421000,957304000,954124482,951421000,957304000,951421000,957304000,954124482
2017-01-17,41.9900,41.9900,,,,,951421000,957304000,951421000,957304000,954124482,951421000,957304000,951421000,957304000,954124482
2017-01-18,42.0300,42.0300,,,,,951421000,957304000,951421000,957304000,954124482,951421000,957304000,951421000,957304000,954124482
2017-01-19,42.0900,42.0900,,,,,951421000,957304000,951421000,957304000,954124482,951421000,957304000,951421000,957304000,954124482
2017-01-20,42.0500,42.0500,,,,,951421000,957304000,951421000,957304000,954124482,951421000,957304000,951421000,957304000,954124482
2017-01-23,42.4000,42.4000,,,,,951421000,957304000,951421000,957304000,954124482,951421000,957304000,951421000,957304000,954124482
2017-01-24,43.9000,43.9000,,,,,951421000,957304000,951421000,957304000,954124482,951421000,957304000,951421000,957304000,954124482
2017-01-25,44.9400,44.9400,,,,,951421000,957304000,951421000,957304000,954124482,951421000,957304000,951421000,957304000,954124482
2017-01-26,44.5500,44.5500,,,,,951421000,957304000,951421000,957304000,954124482,951421000,957304000,951421000,957304000,954124482
2017-01-27,44.4200,44.4200,,,,,951421000,957304000,951421000,957304000,954124482,951421000,957304000,951421000,957304000,954124482
2017-01-30,43.9300,43.9300,,,,,951421000,957304000,951421000,957304000,954124482,951421000,957304000,951421000,957304000,954124482
2017-01-31,44.0700,44.0700,,,,,951421000,957304000,951421000,957304000,954124482,951421000,957304000,951421000,957304000,954124482
2017-02-01,43.7800,43.7800,,,,,951421000,957304000,951421000,957304000,954124482,951421000,957304000,951421000,957304000,954124482
2017-02-02,43.6900,43.6900,,,,,951421000,957304000,951421000,957304000,954124482,951421000,957304000,951421000,957304000,954124482
2017-02-03,43.7100,43.7100,,,,,951421000,957304000,951421000,957304000,954124482,951421000,957304000,951421000,957304000,954124482
2017-02-06,44.4200,44.4200,,,,,951421000,957304000,951421000,957304000,954124482,951421000,957304000,951421000,957304000,954124482
2017-02-07,44.3700,44.3700,,,,,951421000,957304000,951421000,957304000,954124482,951421000,957304000,951421000,957304000,954124482
2017-02-08,45.0700,45.0700,,,,,951421000,957304000,951421000,957304000,954124482,951421000,957304000,951421000,957304000,954124482
2017-02-09,45.0800,45.0800,,,,,951421000,957304000,951421000,957304000,954124482,951421000,957304000,951421000,957304000,954124482
2017-02-10,45.0300,45.0300,,,,,951421000,957304000,951421000,957304000,954124482,951421000,957304000,951421000,957304000,954124482
2017-02-13,45.4600,45.4600,,,,,951421000,957304000,951421000,957304000,954124482,951421000,957304000,951421000,957304000,954124482
2017-02-14,45.0200,45.0200,,,,,951421000,957304000,951421000,957304000,954124482,951421000,957304000,951421000,957304000,954124482
2017-02-15,45.6500,45.6500,,,,,951421000,957304000,951421000,957304000,954124482,951421000,957304000,951421000,957304000,954124482
2017-02-16,45.1600,45.1600,,,,,951421000,957304000,951421000,957304000,954124482,951421000,957304000,951421000,957304000,954124482
2017-02-17,45.1000,45.1000,,,,,951421000,957304000,951421000,957304000,954124482,951421000,957304000,951421000,957304000,954124482
2017-02-21,45.5000,45.5000,,,,,951421000,957304000,951421000,957304000,954124482,951421000,957304000,951421000,957304000,954124482
2017-02-22,45.9800,45.9800,,,,,951421000,957304000,951421000,957304000,954124482,951421000,957304000,951421000,957304000,954124482
2017-02-23,45.4100,45.4100,,,,,951421000,957304000,951421000,957304000,954124482,951421000,957304000,951421000,957304000,954124482
2017-02-24,45.5500,45.5500,,,,,951421000,957304000,951421000,957304000,954124482,951421000,957304000,951421000,957304000,954124482
2017-02-27,45.7100,45.7100,,,,,951421000,957304000,951421000,957304000,954124482,951421000,957304000,951421000,957304000,954124482
2017-02-28,45.6600,45.6600,,,,,951421000,957304000,951421000,957304000,954124482,951421000,957304000,951421000,957304000,954124482
2017-03-01,46.2400,46.2400,,,,,949843000,949843000,949843000,949843000,956487217,949843000,949843000,949843000,949843000,956487217
2017-03-02,45.9400,45.9400,,,,,949843000,949843000,949843000,949843000,956487217,949843000,949843000,949843000,949843000,956487217
2017-03-03,45.9100,45.9100,,,,,949843000,949843000,949843000,949843000,956487217,949843000,949843000,949843000,949843000,956487217
2017-03-06,45.6400,45.6400,,,,,949843000,949843000,949843000,949843000,956487217,949843000,949843000,949843000,949843000,956487217
2017-03-07,45.7300,45.7300,,,,,949843000,949843000,949843000,949843000,956487217,949843000,949843000,949843000,949843000,956487217
2017-03-08,45.9800,45.9800,,,,,949843000,949843000,949843000,949843000,956487217,949843000,949843000,949843000,949843000,956487217
2017-03-09,45.9400,45.9400,,,,,949843000,949843000,949843000,949843000,956487217,949843000,949843000,949843000,949843000,956487217
2017-03-10,45.9800,45.9800,,,,,949843000,949843000,949843000,949843000,956487217,949843000,949843000,949843000,949843000,956487217
2017-03-13,46.5700,46.5700,,,,,949843000,949843000,949843000,949843000,956487217,949843000,949843000,949843000,949843000,956487217
2017-03-14,46.3700,46.3700,,,,,949843000,949843000,949843000,949843000,956487217,949843000,949843000,949843000,949843000,956487217
2017-03-15,46.2900,46.2900,,,,,949843000,949843000,949843000,949843000,956487217,949843000,949843000,949843000,949843000,956487217
2017-03-16,46.6100,46.6100,,,,,949843000,949843000,949843000,949843000,956487217,949843000,949843000,949843000,949843000,956487217
2017-03-17,46.5900,46.5900,,,,,949843000,949843000,949843000,949843000,956487217,949843000,949843000,949843000,949843000,956487217
2017-03-20,46.7700,46.7700,,,,,949843000,949843000,949843000,949843000,956487217,949843000,949843000,949843000,949843000,956487217
2017-03-21,45.7700,45.7700,,,,,949843000,949843000,949843000,949843000,956487217,949843000,949843000,949843000,949843000,956487217
2017-03-22,46.0600,46.0600,,,,,949843000,949843000,949843000,949843000,956487217,949843000,949843000,949843000,949843000,956487217
2017-03-23,46.6000,46.6000,,,,,949843000,949843000,949843000,949843000,956487217,949843000,949843000,949843000,949843000,956487217
2017-03-24,46.4000,46.4000,,,,,949843000,949843000,949843000,949843000,956487217,949843000,949843000,949843000,949843000,956487217
2017-03-27,46.4000,46.4000,,,,,949843000,949843000,949843000,949843000,956487217,949843000,949843000,949843000,949843000,956487217
2017-03-28,46.5700,46.5700,,,,,949843000,949843000,949843000,949843000,956487217,949843000,949843000,949843000,949843000,956487217
2017-03-29,46.7800,46.7800,,,,,949843000,949843000,949843000,949843000,956487217,949843000,949843000,949843000,949843000,956487217
2017-03-30,46.6200,46.6200,,,,,949843000,949843000,949843000,949843000,956487217,949843000,949843000,949843000,949843000,956487217
2017-03-31,46.4100,46.4100,,,,,949843000,949843000,949843000,949843000,956487217,949843000,949843000,949843000,949843000,956487217
2017-04-03,46.4300,46.4300,,,,,949843000,949843000,949843000,949843000,956487217,949843000,949843000,949843000,949843000,956487217
2017-04-04,46.2300,46.2300,,,,,949843000,949843000,949843000,949843000,956487217,949843000,949843000,949843000,949843000,956487217
2017-04-05,46.3800,46.3800,,,,,949843000,949843000,949843000,949843000,956487217,949843000,949843000,949843000,949843000,956487217
2017-04-06,46.2800,46.2800,,,,,949843000,949843000,949843000,949843000,956487217,949843000,949843000,949843000,949843000,956487217
2017-04-07,46.4400,46.4400,,,,,949843000,949843000,949843000,949843000,956487217,949843000,949843000,949843000,949843000,956487217
2017-04-10,47.2100,47.2100,,,,,949843000,949843000,949843000,949843000,956487217,949843000,949843000,949843000,949843000,956487217
2017-04-11,46.7900,46.7900,,,,,949843000,949843000,949843000,949843000,956487217,949843000,949843000,949843000,949843000,956487217
2017-04-12,46.8300,46.8300,,,,,949843000,949843000,949843000,949843000,956487217,949843000,949843000,949843000,949843000,956487217
2017-04-13,46.9000,46.9000,,,,,949843000,949843000,949843000,949843000,956487217,949843000,949843000,949843000,949843000,956487217
2017-04-17,47.3900,47.3900,,,,,949843000,949843000,949843000,949843000,956487217,949843000,949843000,949843000,949843000,956487217
2017-04-18,47.5600,47.5600,,,,,949843000,949843000,949843000,949843000,956487217,949843000,949843000,949843000,949843000,956487217
2017-04-19,47.0000,47.0000,,,,,949843000,949843000,949843000,949843000,956487217,949843000,949843000,949843000,949843000,956487217
2017-04-20,47.6700,47.6700,,,,,949843000,949843000,949843000,949843000,956487217,949843000,949843000,949843000,949843000,956487217
2017-04-21,47.5200,47.5200,,,,,949843000,949843000,949843000,949843000,956487217,949843000,949843000,949843000,949843000,956487217
2017-04-24,48.1500,48.1500,,,,,949843000,949843000,949843000,949843000,956487217,949843000,949843000,949843000,949843000,956487217
2017-04-25,48.4000,48.4000,,,,,949843000,949843000,949843000,949843000,956487217,949843000,949843000,949843000,949843000,956487217
2017-04-26,48.2600,48.2600,,,,,949843000,949843000,949843000,949843000,956487217,949843000,949843000,949843000,949843000,956487217
2017-04-27,48.3600,48.3600,,,,,949843000,949843000,949843000,949843000,956487217,949843000,949843000,949843000,949843000,956487217
2017-04-28,48.2100,48.2100,,,,,949843000,949843000,949843000,949843000,956487217,949843000,949843000,949843000,949843000,956487217
2017-05-01,48.6100,48.6100,,,,,949843000,949843000,949843000,949843000,956487217,949843000,949843000,949843000,949843000,956487217
2017-05-02,49.0900,49.0900,,,,,949843000,949843000,949843000,949843000,956487217,949843000,949843000,949843000,949843000,956487217
2017-05-03,48.5400,48.5400,,,,,949843000,949843000,949843000,949843000,956487217,949843000,949843000,949843000,949843000,956487217
2017-05-04,48.4500,48.4500,,,,,949843000,949843000,949843000,949843000,956487217,949843000,949843000,949843000,949843000,956487217
2017-05-05,48.4900,48.4900,,,,,949843000,949843000,949843000,949843000,956487217,949843000,949843000,949843000,949843000,956487217
2017-05-08,48.8500,48.8500,,,,,949843000,949843000,949843000,949843000,956487217,949843000,949843000,949843000,949843000,956487217
2017-05-09,49.4900,49.4900,,,,,955859000,963169000,955859000,963169000,958198997,955859000,963169000,955859000,963169000,958198997
2017-05-10,49.4000,49.4000,,,,,955859000,963169000,955859000,963169000,958198997,955859000,963169000,955859000,963169000,958198997
2017-05-11,49.6900,49.6900,,,,,955859000,963169000,955859000,963169000,958198997,955859000,963169000,955859000,963169000,958198997
2017-05-12,49.6500,49.6500,,,,,955859000,963169000,955859000,963169000,958198997,955859000,963169000,955859000,963169000,958198997
2017-05-15,49.8600,49.8600,,,,,955859000,963169000,955859000,963169000,958198997,955859000,963169000,955859000,963169000,958198997
2017-05-16,50.9600,50.9600,,,,,955859000,963169000,955859000,963169000,958198997,955859000,963169000,955859000,963169000,958198997
2017-05-17,49.6500,49.6500,,,,,955859000,963169000,955859000,963169000,958198997,955859000,963169000,955859000,963169000,958198997
2017-05-18,49.6300,49.6300,,,,,955859000,963169000,955859000,963169000,958198997,955859000,963169000,955859000,963169000,958198997
2017-05-19,50.1800,50.1800,,,,,955859000,963169000,955859000,963169000,958198997,955859000,963169000,955859000,963169000,958198997
2017-05-22,50.6500,50.6500,,,,,955859000,963169000,955859000,963169000,958198997,955859000,963169000,955859000,963169000,958198997
2017-05-23,50.3100,50.3100,,,,,955859000,963169000,955859000,963169000,958198997,955859000,963169000,955859000,963169000,958198997
2017-05-24,50.3200,50.3200,,,,,955859000,963169000,955859000,963169000,958198997,955859000,963169000,955859000,963169000,958198997
2017-05-25,50.6000,50.6000,,,,,955859000,963169000,955859000,963169000,958198997,955859000,963169000,955859000,963169000,958198997
2017-05-26,50.6700,50.6700,,,,,955859000,963169000,955859000,963169000,958198997,955859000,963169000,955859000,963169000,958198997
2017-05-30,50.5600,50.5600,,,,,955859000,963169000,955859000,963169000,958198997,955859000,963169000,955859000,963169000,958198997
2017-05-31,50.3200,50.3200,,,,,955859000,963169000,955859000,963169000,958198997,955859000,963169000,955859000,963169000,958198997
2017-06-01,50.6500,50.6500,,,,,955859000,963169000,955859000,963169000,958198997,955859000,963169000,955859000,963169000,958198997
2017-06-02,50.6000,50.6000,,,,,955859000,963169000,955859000,963169000,958198997,955859000,963169000,955859000,963169000,958198997
2017-06-05,50.6000,50.6000,,,,,955859000,963169000,955859000,963169000,958198997,955859000,963169000,955859000,963169000,958198997
2017-06-06,50.5000,50.5000,,,,,955859000,963169000,955859000,963169000,958198997,955859000,963169000,955859000,963169000,958198997
2017-06-07,50.5500,50.5500,,,,,955859000,963169000,955859000,963169000,958198997,955859000,963169000,955859000,963169000,958198997
2017-06-08,55.7100,55.7100,,,,,955859000,963169000,955859000,963169000,958198997,955859000,963169000,955859000,963169000,958198997
2017-06-09,54.0200,54.0200,,,,,955859000,963169000,955859000,963169000,958198997,955859000,963169000,955859000,963169000,958198997
2017-06-12,53.1200,53.1200,,,,,955859000,963169000,955859000,963169000,958198997,955859000,963169000,955859000,963169000,958198997
2017-06-13,52.0000,52.0000,,,,,955859000,963169000,955859000,963169000,958198997,955859000,963169000,955859000,963169000,958198997
2017-06-14,52.6300,52.6300,,,,,955859000,963169000,955859000,963169000,958198997,955859000,963169000,955859000,963169000,958198997
2017-06-15,52.5800,52.5800,,,,,955859000,963169000,955859000,963169000,958198997,955859000,963169000,955859000,963169000,958198997
2017-06-16,52.5800,52.5800,,,,,955859000,963169000,955859000,963169000,958198997,955859000,963169000,955859000,963169000,958198997
2017-06-19,54.4600,54.4600,,,,,955859000,963169000,955859000,963169000,958198997,955859000,963169000,955859000,963169000,958198997
2017-06-20,53.8100,53.8100,,,,,955859000,963169000,955859000,963169000,958198997,955859000,963169000,955859000,963169000,958198997
2017-06-21,55.0900,55.0900,,,,,955859000,963169000,955859000,963169000,958198997,955859000,963169000,955859000,963169000,958198997
2017-06-22,54.5600,54.5600,,,,,955859000,963169000,955859000,963169000,958198997,955859000,963169000,955859000,963169000,958198997
2017-06-23,54.7300,54.7300,,,,,955859000,963169000,955859000,963169000,958198997,955859000,963169000,955859000,963169000,958198997
2017-06-26,54.3100,54.3100,,,,,955859000,963169000,955859000,963169000,958198997,955859000,963169000,955859000,963169000,958198997
2017-06-27,53.6400,53.6400,,,,,955859000,963169000,955859000,963169000,958198997,955859000,963169000,955859000,963169000,958198997
2017-06-28,54.9500,54.9500,,,,,955859000,963169000,955859000,963169000,958198997,955859000,963169000,955859000,963169000,958198997
2017-06-29,54.3000,54.3000,,,,,955859000,963169000,955859000,963169000,958198997,955859000,963169000,955859000,963169000,958198997
2017-06-30,54.4800,54.4800,,,,,955859000,963169000,955859000,963169000,958198997,955859000,963169000,955859000,963169000,958198997
2017-07-03,54.4500,54.4500,,,,,955859000,963169000,955859000,963169000,958198997,955859000,963169000,955859000,963169000,958198997
2017-07-05,55.6200,55.6200,,,,,955859000,963169000,955859000,963169000,958198997,955859000,963169000,955859000,963169000,958198997
2017-07-06,54.5300,54.5300,,,,,955859000,963169000,955859000,963169000,958198997,955859000,963169000,955859000,963169000,958198997
2017-07-07,54.5500,54.5500,,,,,955859000,963169000,955859000,963169000,958198997,955859000,963169000,955859000,963169000,958198997
2017-07-10,54.8000,54.8000,,,,,955859000,963169000,955859000,963169000,958198997,955859000,963169000,955859000,963169000,958198997
2017-07-11,55.2500,55.2500,,,,,955859000,963169000,955859000,963169000,958198997,955859000,963169000,955859000,963169000,958198997
2017-07-12,56.3400,56.3400,,,,,955859000,963169000,955859000,963169000,958198997,955859000,963169000,955859000,963169000,958198997
2017-07-13,56.4600,56.4600,,,,,955859000,963169000,955859000,963169000,958198997,955859000,963169000,955859000,963169000,958198997
2017-07-14,57.2300,57.2300,,,,,955859000,963169000,955859000,963169000,958198997,955859000,963169000,955859000,963169000,958198997
2017-07-17,57.5100,57.5100,,,,,955859000,963169000,955859000,963169000,958198997,955859000,963169000,955859000,963169000,958198997
2017-07-18,58.4800,58.4800,,,,,955859000,963169000,955859000,963169000,958198997,955859000,963169000,955859000,963169000,958198997
2017-07-19,58.3600,58.3600,,,,,955859000,963169000,955859000,963169000,958198997,955859000,963169000,955859000,963169000,958198997
2017-07-20,58.4500,58.4500,,,,,955859000,963169000,955859000,963169000,958198997,955859000,963169000,955859000,963169000,958198997
2017-07-21,58.1600,58.1600,,,,,955859000,963169000,955859000,963169000,958198997,955859000,963169000,955859000,963169000,958198997
2017-07-24,58.1500,58.1500,,,,,955859000,963169000,955859000,963169000,958198997,955859000,963169000,955859000,963169000,958198997
2017-07-25,58.0700,58.0700,,,,,955859000,963169000,955859000,963169000,958198997,955859000,963169000,955859000,963169000,958198997
2017-07-26,58.9000,58.9000,,,,,955859000,963169000,955859000,963169000,958198997,955859000,963169000,955859000,963169000,958198997
2017-07-27,58.4300,58.4300,,,,,955859000,963169000,955859000,963169000,958198997,955859000,963169000,955859000,963169000,958198997
2017-07-28,59.2000,59.2000,,,,,955859000,963169000,955859000,963169000,958198997,955859000,963169000,955859000,963169000,958198997
2017-07-31,58.4000,58.4000,,,,,955859000,963169000,955859000,963169000,958198997,955859000,963169000,955859000,963169000,958198997
2017-08-01,58.5000,58.5000,,,,,955859000,963169000,955859000,963169000,958198997,955859000,963169000,955859000,963169000,958198997
2017-08-02,57.6600,57.6600,,,,,955859000,963169000,955859000,963169000,958198997,955859000,963169000,955859000,963169000,958198997
2017-08-03,58.1500,58.1500,,,,,955859000,963169000,955859000,963169000,958198997,955859000,963169000,955859000,963169000,958198997
2017-08-04,58.5100,58.5100,,,,,955859000,963169000,955859000,963169000,958198997,955859000,963169000,955859000,963169000,958198997
2017-08-07,60.0300,60.0300,,,,,955859000,963169000,955859000,963169000,958198997,955859000,963169000,955859000,963169000,958198997
2017-08-08,59.8600,59.8600,,,,,955859000,963169000,955859000,963169000,958198997,955859000,963169000,955859000,963169000,958198997
2017-08-09,59.7700,59.7700,,,,,955859000,963169000,955859000,963169000,958198997,955859000,963169000,955859000,963169000,958198997
2017-08-10,58.0300,58.0300,,,,,955859000,963169000,955859000,963169000,958198997,955859000,963169000,955859000,963169000,958198997
2017-08-11,57.9200,57.9200,,,,,955859000,963169000,955859000,963169000,958198997,955859000,963169000,955859000,963169000,958198997
2017-08-14,58.8700,58.8700,,,,,955859000,963169000,955859000,963169000,958198997,955859000,963169000,955859000,963169000,958198997
2017-08-15,59.9900,59.9900,,,,,955859000,963169000,955859000,963169000,958198997,955859000,963169000,955859000,963169000,958198997
2017-08-16,60.6500,60.6500,,,,,955859000,963169000,955859000,963169000,958198997,955859000,963169000,955859000,963169000,958198997
2017-08-17,62.2000,62.2000,,,,,955859000,963169000,955859000,963169000,958198997,955859000,963169000,955859000,963169000,958198997
2017-08-18,63.0700,63.0700,,,,,955859000,963169000,955859000,963169000,958198997,955859000,963169000,955859000,963169000,958198997
2017-08-21,63.6000,63.6000,,,,,955859000,963169000,955859000,963169000,958198997,955859000,963169000,955859000,963169000,958198997
2017-08-22,65.4200,65.4200,,,,,955859000,963169000,955859000,963169000,958198997,955859000,963169000,955859000,963169000,958198997
2017-08-23,65.8200,65.8200,,,,,955859000,963169000,955859000,963169000,958198997,955859000,963169000,955859000,963169000,958198997
2017-08-24,65.5000,65.5000,,,,,955859000,963169000,955859000,963169000,958198997,955859000,963169000,955859000,963169000,958198997
2017-08-25,64.5100,64.5100,,,,,955859000,963169000,955859000,963169000,958198997,955859000,963169000,955859000,963169000,958198997
2017-08-28,63.5300,63.5300,,,,,955859000,963169000,955859000,963169000,958198997,955859000,963169000,955859000,963169000,958198997
2017-08-29,63.1700,63.1700,,,,,955859000,963169000,955859000,963169000,958198997,955859000,963169000,955859000,963169000,958198997
2017-08-30,64.1600,64.1600,,,,,955859000,963169000,955859000,963169000,958198997,955859000,963169000,955859000,963169000,958198997
2017-08-31,64.0800,64.0800,,,,,955859000,963169000,955859000,963169000,958198997,955859000,963169000,955859000,963169000,958198997
2017-09-01,64.0500,64.0500,,,,,955859000,963169000,955859000,963169000,958198997,955859000,963169000,955859000,963169000,958198997
2017-09-05,63.8600,63.8600,,,,,955859000,963169000,955859000,963169000,958198997,955859000,963169000,955859000,963169000,958198997
2017-09-06,63.3200,63.3200,,,,,955859000,963169000,955859000,963169000,958198997,955859000,963169000,955859000,963169000,958198997
2017-09-07,64.0200,64.0200,,,,,955859000,963169000,955859000,963169000,958198997,955859000,963169000,955859000,963169000,958198997
2017-09-08,63.5800,63.5800,,,,,955859000,963169000,955859000,963169000,958198997,955859000,963169000,955859000,963169000,958198997
2017-09-11,65.1400,65.1400,,,,,955859000,963169000,955859000,963169000,958198997,955859000,963169000,955859000,963169000,958198997
2017-09-12,65.3600,65.3600,,,,,955859000,963169000,955859000,963169000,958198997,955859000,963169000,955859000,963169000,958198997
2017-09-13,66.5200,66.5200,,,,,955859000,963169000,955859000,963169000,958198997,955859000,963169000,955859000,963169000,958198997
2017-09-14,66.0800,66.0800,,,,,955859000,963169000,955859000,963169000,958198997,955859000,963169000,955859000,963169000,958198997
2017-09-15,66.4100,66.4100,,,,,955859000,963169000,955859000,963169000,958198997,955859000,963169000,955859000,963169000,958198997
2017-09-18,67.1100,67.1100,,,,,955859000,963169000,955859000,963169000,958198997,955859000,963169000,955859000,963169000,958198997
2017-09-19,67.4300,67.4300,,,,,955859000,963169000,955859000,963169000,958198997,955859000,963169000,955859000,963169000,958198997
2017-09-20,66.9200,66.9200,,,,,955859000,963169000,955859000,963169000,958198997,955859000,963169000,955859000,963169000,958198997
2017-09-21,66.5900,66.5900,,,,,955859000,963169000,955859000,963169000,958198997,955859000,963169000,955859000,963169000,958198997
2017-09-22,67.3400,67.3400,,,,,955859000,963169000,955859000,963169000,958198997,955859000,963169000,955859000,963169000,958198997
2017-09-25,64.9600,64.9600,,,,,955859000,963169000,955859000,963169000,958198997,955859000,963169000,955859000,963169000,958198997
2017-09-26,64.4500,64.4500,,,,,955859000,963169000,955859000,963169000,958198997,955859000,963169000,955859000,963169000,958198997
2017-09-27,65.8000,65.8000,,,,,955859000,963169000,955859000,963169000,958198997,955859000,963169000,955859000,963169000,958198997
2017-09-28,65.5800,65.5800,,,,,955859000,963169000,955859000,963169000,958198997,955859000,963169000,955859000,963169000,958198997
2017-09-29,66.2400,66.2400,,,,,955859000,963169000,955859000,963169000,958198997,955859000,963169000,955859000,963169000,958198997
2017-10-02,66.5100,66.5100,,,,,955859000,963169000,955859000,963169000,958198997,955859000,963169000,955859000,963169000,958198997
2017-10-03,67.8100,67.8100,,,,,955859000,963169000,955859000,963169000,958198997,955859000,963169000,955859000,963169000,958198997
2017-10-04,67.6600,67.6600,,,,,955859000,963169000,955859000,963169000,958198997,955859000,963169000,955859000,963169000,958198997
2017-10-05,67.7200,67.7200,,,,,955859000,963169000,955859000,963169000,958198997,955859000,963169000,955859000,963169000,958198997
2017-10-06,67.8500,67.8500,,,,,955859000,963169000,955859000,963169000,958198997,955859000,963169000,955859000,963169000,958198997
2017-10-09,68.7400,68.7400,,,,,955859000,963169000,955859000,963169000,958198997,955859000,963169000,955859000,963169000,958198997
2017-10-10,68.9300,68.9300,,,,,955859000,963169000,955859000,963169000,958198997,955859000,963169000,955859000,963169000,958198997
2017-10-11,69.2200,69.2200,,,,,955859000,963169000,955859000,963169000,958198997,955859000,963169000,955859000,963169000,958198997
2017-10-12,67.9100,67.9100,,,,,955859000,963169000,955859000,963169000,958198997,955859000,963169000,955859000,963169000,958198997
2017-10-13,67.5200,67.5200,,,,,955859000,963169000,955859000,963169000,958198997,955859000,963169000,955859000,963169000,958198997
2017-10-16,68.0400,68.0400,,,,,955859000,963169000,955859000,963169000,958198997,955859000,963169000,955859000,963169000,958198997
2017-10-17,66.7800,66.7800,,,,,955859000,963169000,955859000,963169000,958198997,955859000,963169000,955859000,963169000,958198997
2017-10-18,67.7900,67.7900,,,,,955859000,963169000,955859000,963169000,958198997,955859000,963169000,955859000,963169000,958198997
2017-10-19,67.4500,67.4500,,,,,955859000,963169000,955859000,963169000,958198997,955859000,963169000,955859000,963169000,958198997
2017-10-20,67.5100,67.5100,,,,,955859000,963169000,955859000,963169000,958198997,955859000,963169000,955859000,963169000,958198997
2017-10-23,66.5100,66.5100,,,,,955859000,963169000,955859000,963169000,958198997,955859000,963169000,955859000,963169000,958198997
2017-10-24,66.6100,66.6100,,,,,955859000,963169000,955859000,963169000,958198997,955859000,963169000,955859000,963169000,958198997
2017-10-25,65.4000,65.4000,,,,,955859000,963169000,955859000,963169000,958198997,955859000,963169000,955859000,963169000,958198997
2017-10-26,65.5700,65.5700,,,,,955859000,963169000,955859000,963169000,958198997,955859000,963169000,955859000,963169000,958198997
2017-10-27,67.5200,67.5200,,,,,955859000,963169000,955859000,963169000,958198997,955859000,963169000,955859000,963169000,958198997
2017-10-30,68.8600,68.8600,,,,,955859000,963169000,955859000,963169000,958198997,955859000,963169000,955859000,963169000,958198997
2017-10-31,70.1200,70.1200,,,,,955859000,963169000,955859000,963169000,958198997,955859000,963169000,955859000,963169000,958198997
2017-11-01,70.5900,70.5900,,,,,955859000,963169000,955859000,963169000,958198997,955859000,963169000,955859000,963169000,958198997
2017-11-02,70.5100,70.5100,,,,,955859000,963169000,955859000,963169000,958198997,955859000,963169000,955859000,963169000,958198997
2017-11-03,70.2300,70.2300,,,,,955859000,963169000,955859000,963169000,958198997,955859000,963169000,955859000,963169000,958198997
2017-11-06,71.7100,71.7100,,,,,955859000,963169000,955859000,963169000,958198997,955859000,963169000,955859000,963169000,958198997
2017-11-07,72.2200,72.2200,,,,,955859000,963169000,955859000,963169000,958198997,955859000,963169000,955859000,963169000,958198997
2017-11-08,71.1600,71.1600,,,,,955859000,963169000,955859000,963169000,958198997,955859000,963169000,955859000,963169000,958198997
2017-11-09,70.1900,70.1900,,,,,955859000,963169000,955859000,963169000,958198997,955859000,963169000,955859000,963169000,958198997
2017-11-10,70.5500,70.5500,,,,,955859000,963169000,955859000,963169000,958198997,955859000,963169000,955859000,963169000,958198997
2017-11-13,70.2700,70.2700,,,,,955859000,963169000,955859000,963169000,958198997,955859000,963169000,955859000,963169000,958198997
2017-11-14,69.5200,69.5200,,,,,955859000,963169000,955859000,963169000,958198997,955859000,963169000,955859000,963169000,958198997
2017-11-15,69.4300,69.4300,,,,,955859000,963169000,955859000,963169000,958198997,955859000,963169000,955859000,963169000,958198997
2017-11-16,70.7500,70.7500,,,,,955859000,963169000,955859000,963169000,958198997,955859000,963169000,955859000,963169000,958198997
2017-11-17,71.0200,71.0200,,,,,955859000,963169000,955859000,963169000,958198997,955859000,963169000,955859000,963169000,958198997
2017-11-20,71.9500,71.9500,,,,,955859000,963169000,955859000,963169000,958198997,955859000,963169000,955859000,963169000,958198997
2017-11-21,72.8500,72.8500,,,,,955859000,963169000,955859000,963169000,958198997,955859000,963169000,955859000,963169000,958198997
2017-11-22,72.6000,72.6000,,,,,955859000,963169000,955859000,963169000,958198997,955859000,963169000,955859000,963169000,958198997
2017-11-24,72.9300,72.9300,,,,,955859000,963169000,955859000,963169000,958198997,955859000,963169000,955859000,963169000,958198997
2017-11-27,72.0700,72.0700,,,,,955859000,963169000,955859000,963169000,958198997,955859000,963169000,955859000,963169000,958198997
2017-11-28,71.9800,71.9800,,,,,955859000,963169000,955859000,963169000,958198997,955859000,963169000,955859000,963169000,958198997
2017-11-29,70.3600,70.3600,,,,,955859000,963169000,955859000,963169000,958198997,955859000,963169000,955859000,963169000,958198997
2017-11-30,70.0600,70.0600,,,,,955859000,963169000,955859000,963169000,958198997,955859000,963169000,955859000,963169000,958198997
2017-12-01,70.1000,70.1000,,,,,955859000,963169000,955859000,963169000,958198997,955859000,963169000,955859000,963169000,958198997
2017-12-04,68.3100,68.3100,,,,,955859000,963169000,955859000,963169000,958198997,955859000,963169000,955859000,963169000,958198997
2017-12-05,68.1300,68.1300,,,,,955859000,963169000,955859000,963169000,958198997,955859000,963169000,955859000,963169000,958198997
2017-12-06,69.4100,69.4100,,,,,955859000,963169000,955859000,963169000,958198997,955859000,963169000,955859000,963169000,958198997
2017-12-07,70.2200,70.2200,,,,,955859000,963169000,955859000,963169000,958198997,955859000,963169000,955859000,963169000,958198997
2017-12-08,71.2500,71.2500,,,,,955859000,963169000,955859000,963169000,958198997,955859000,963169000,955859000,963169000,958198997
2017-12-11,71.5300,71.5300,,,,,955859000,963169000,955859000,963169000,958198997,955859000,963169000,955859000,963169000,958198997
2017-12-12,69.7700,69.7700,,,,,955859000,963169000,955859000,963169000,958198997,955859000,963169000,955859000,963169000,958198997
2017-12-13,71.2400,71.2400,,,,,955859000,963169000,955859000,963169000,958198997,955859000,963169000,955859000,963169000,958198997
2017-12-14,69.2300,69.2300,,,,,955859000,963169000,955859000,963169000,958198997,955859000,963169000,955859000,963169000,958198997
2017-12-15,70.2900,70.2900,,,,,955859000,963169000,955859000,963169000,958198997,955859000,963169000,955859000,963169000,958198997
2017-12-18,70.1400,70.1400,,,,,955859000,963169000,955859000,963169000,958198997,955859000,963169000,955859000,963169000,958198997
2017-12-19,70.2100,70.2100,,,,,955859000,963169000,955859000,963169000,958198997,955859000,963169000,955859000,963169000,958198997
2017-12-20,70.9000,70.9000,,,,,955859000,963169000,955859000,963169000,958198997,955859000,963169000,955859000,963169000,958198997
2017-12-21,71.5900,71.5900,,,,,955859000,963169000,955859000,963169000,958198997,955859000,963169000,955859000,963169000,958198997
2017-12-22,71.5800,71.5800,,,,,955859000,963169000,955859000,963169000,958198997,955859000,963169000,955859000,963169000,958198997
2017-12-26,69.8600,69.8600,,,,,955859000,963169000,955859000,963169000,958198997,955859000,963169000,955859000,963169000,958198997
2017-12-27,70.0600,70.0600,,,,,955859000,963169000,955859000,963169000,958198997,955859000,963169000,955859000,963169000,958198997
2017-12-28,69.8200,69.8200,,,,,955859000,963169000,955859000,963169000,958198997,955859000,963169000,955859000,963169000,958198997
2017-12-29,69.8500,69.8500,,,,,955859000,963169000,955859000,963169000,958198997,955859000,963169000,955859000,963169000,958198997
2018-01-02,73.1300,73.1300,,,,,955859000,963169000,955859000,963169000,958198997,955859000,963169000,955859000,963169000,958198997
2018-01-03,73.7800,73.7800,,,,,955859000,963169000,955859000,963169000,958198997,955859000,963169000,955859000,963169000,958198997
2018-01-04,74.5700,74.5700,,,,,955859000,963169000,955859000,963169000,958198997,955859000,963169000,955859000,963169000,958198997
2018-01-05,76.4900,76.4900,,,,,955859000,963169000,955859000,963169000,958198997,955859000,963169000,955859000,963169000,958198997
2018-01-08,76.4800,76.4800,,,,,955859000,963169000,955859000,963169000,958198997,955859000,963169000,955859000,963169000,958198997
2018-01-09,76.5900,76.5900,,,,,955859000,963169000,955859000,963169000,958198997,955859000,963169000,955859000,963169000,958198997
2018-01-10,76.5100,76.5100,,,,,955859000,963169000,955859000,963169000,958198997,955859000,963169000,955859000,963169000,958198997
2018-01-11,76.1400,76.1400,,,,,955859000,963169000,955859000,963169000,958198997,955859000,963169000,955859000,963169000,958198997
2018-01-12,75.8500,75.8500,,,,,955859000,963169000,955859000,963169000,958198997,955859000,963169000,955859000,963169000,958198997
2018-01-16,73.9200,73.9200,,,,,955859000,963169000,955859000,963169000,958198997,955859000,963169000,955859000,963169000,958198997
2018-01-17,74.1400,74.1400,,,,,955859000,963169000,955859000,963169000,958198997,955859000,963169000,955859000,963169000,958198997
2018-01-18,74.2300,74.2300,,,,,955859000,963169000,955859000,963169000,958198997,955859000,963169000,955859000,963169000,958198997
2018-01-19,74.3600,74.3600,,,,,955859000,963169000,955859000,963169000,958198997,955859000,963169000,955859000,963169000,958198997
2018-01-22,74.1600,74.1600,,,,,955859000,963169000,955859000,963169000,958198997,955859000,963169000,955859000,963169000,958198997
2018-01-23,76.5700,76.5700,,,,,955859000,963169000,955859000,963169000,958198997,955859000,963169000,955859000,963169000,958198997
2018-01-24,77.8100,77.8100,,,,,955859000,963169000,955859000,963169000,958198997,955859000,963169000,955859000,963169000,958198997
2018-01-25,78.5800,78.5800,,,,,955859000,963169000,955859000,963169000,958198997,955859000,963169000,955859000,963169000,958198997
2018-01-26,80.3000,80.3000,,,,,955859000,963169000,955859000,963169000,958198997,955859000,963169000,955859000,963169000,958198997
2018-01-29,79.3400,79.3400,,,,,955859000,963169000,955859000,963169000,958198997,955859000,963169000,955859000,963169000,958198997
2018-01-30,78.2700,78.2700,,,,,955859000,963169000,955859000,963169000,958198997,955859000,963169000,955859000,963169000,958198997
2018-01-31,79.8800,79.8800,,,,,955859000,963169000,955859000,963169000,958198997,955859000,963169000,955859000,963169000,958198997
2018-02-01,76.0100,76.0100,,,,,955859000,963169000,955859000,963169000,958198997,955859000,963169000,955859000,963169000,958198997
2018-02-02,74.4000,74.4000,,,,,955859000,963169000,955859000,963169000,958198997,955859000,963169000,955859000,963169000,958198997
2018-02-05,72.5100,72.5100,,,,,955859000,963169000,955859000,963169000,958198997,955859000,963169000,955859000,963169000,958198997
2018-02-06,73.5300,73.5300,,,,,955859000,963169000,955859000,963169000,958198997,955859000,963169000,955859000,963169000,958198997
2018-02-07,72.1600,72.1600,,,,,955859000,963169000,955859000,963169000,958198997,955859000,963169000,955859000,963169000,958198997
2018-02-08,69.1500,69.1500,,,,,955859000,963169000,955859000,963169000,958198997,955859000,963169000,955859000,963169000,958198997
2018-02-09,70.4800,70.4800,,,,,955859000,963169000,955859000,963169000,958198997,955859000,963169000,955859000,963169000,958198997
2018-02-12,71.1000,71.1000,,,,,955859000,963169000,955859000,963169000,958198997,955859000,963169000,955859000,963169000,958198997
2018-02-13,71.3100,71.3100,,,,,955859000,963169000,955859000,963169000,958198997,955859000,963169000,955859000,963169000,958198997
2018-02-14,73.6600,73.6600,,,,,955859000,963169000,955859000,963169000,958198997,955859000,963169000,955859000,963169000,958198997
2018-02-15,74.4000,74.4000,,,,,955859000,963169000,955859000,963169000,958198997,955859000,963169000,955859000,963169000,958198997
2018-02-16,73.5100,73.5100,,,,,955859000,963169000,955859000,963169000,958198997,955859000,963169000,955859000,963169000,958198997
2018-02-20,74.5900,74.5900,,,,,955859000,963169000,955859000,963169000,958198997,955859000,963169000,955859000,963169000,958198997
2018-02-21,75.1100,75.1100,,,,,955859000,963169000,955859000,963169000,958198997,955859000,963169000,955859000,963169000,958198997
2018-02-22,75.5200,75.5200,,,,,955859000,963169000,955859000,963169000,958198997,955859000,963169000,955859000,963169000,958198997
2018-02-23,77.7600,77.7600,,,,,955859000,963169000,955859000,963169000,958198997,955859000,963169000,955859000,963169000,958198997
2018-02-26,78.0800,78.0800,,,,,955859000,963169000,955859000,963169000,958198997,955859000,963169000,955859000,963169000,958198997
2018-02-27,76.1300,76.1300,,,,,955859000,963169000,955859000,963169000,958198997,955859000,963169000,955859000,963169000,958198997
2018-02-28,74.8500,74.8500,,,,,955859000,963169000,955859000,963169000,958198997,955859000,963169000,955859000,963169000,958198997
2018-03-01,73.7400,73.7400,,,,,955859000,963169000,955859000,963169000,958198997,955859000,963169000,955859000,963169000,958198997
2018-03-02,72.6900,72.6900,,,,,955859000,963169000,955859000,963169000,958198997,955859000,963169000,955859000,963169000,958198997
2018-03-05,73.4400,73.4400,,,,,955859000,963169000,955859000,963169000,958198997,955859000,963169000,955859000,963169000,958198997
2018-03-06,75.1700,75.1700,,,,,955859000,963169000,955859000,963169000,958198997,955859000,963169000,955859000,963169000,958198997
2018-03-07,75.9800,75.9800,,,,,955859000,963169000,955859000,963169000,958198997,955859000,963169000,955859000,963169000,958198997
2018-03-08,75.7300,75.7300,,,,,955859000,963169000,955859000,963169000,958198997,955859000,963169000,955859000,963169000,958198997
2018-03-09,76.6200,76.6200,,,,,955859000,963169000,955859000,963169000,958198997,955859000,963169000,955859000,963169000,958198997
2018-03-12,77.5600,77.5600,,,,,955859000,963169000,955859000,963169000,958198997,955859000,963169000,955859000,963169000,958198997
2018-03-13,75.9700,75.9700,,,,,955859000,963169000,955859000,963169000,958198997,955859000,963169000,955859000,963169000,958198997
2018-03-14,77.2000,77.2000,,,,,955859000,963169000,955859000,963169000,958198997,955859000,963169000,955859000,963169000,958198997
2018-03-15,79.4200,79.4200,,,,,955859000,963169000,955859000,963169000,958198997,955859000,963169000,955859000,963169000,958198997
2018-03-16,79.9000,79.9000,,,,,955859000,963169000,955859000,963169000,958198997,955859000,963169000,955859000,963169000,958198997
2018-03-19,77.8400,77.8400,,,,,955859000,963169000,955859000,963169000,958198997,955859000,963169000,955859000,963169000,958198997
2018-03-20,79.0700,79.0700,,,,,955859000,963169000,955859000,963169000,958198997,955859000,963169000,955859000,963169000,958198997
2018-03-21,78.0700,78.0700,,,,,955859000,963169000,955859000,963169000,958198997,955859000,963169000,955859000,963169000,958198997
2018-03-22,74.5700,74.5700,,,,,955859000,963169000,955859000,963169000,958198997,955859000,963169000,955859000,963169000,958198997
2018-03-23,73.0000,73.0000,,,,,955859000,963169000,955859000,963169000,958198997,955859000,963169000,955859000,963169000,958198997
2018-03-26,75.8100,75.8100,,,,,955859000,963169000,955859000,963169000,958198997,955859000,963169000,955859000,963169000,958198997
2018-03-27,73.0300,73.0300,,,,,955859000,963169000,955859000,963169000,958198997,955859000,963169000,955859000,963169000,958198997
2018-03-28,72.6400,72.6400,,,,,955859000,963169000,955859000,963169000,958198997,955859000,963169000,955859000,963169000,958198997
2018-03-29,74.0400,74.0400,,,,,955859000,963169000,955859000,963169000,958198997,955859000,963169000,955859000,963169000,958198997
2018-04-02,71.6000,71.6000,,,,,955859000,963169000,955859000,963169000,958198997,955859000,963169000,955859000,963169000,958198997
2018-04-03,70.5300,70.5300,,,,,955859000,963169000,955859000,963169000,958198997,955859000,963169000,955859000,963169000,958198997
2018-04-04,69.5200,69.5200,,,,,955859000,963169000,955859000,963169000,958198997,955859000,963169000,955859000,963169000,958198997
2018-04-05,69.3800,69.3800,,,,,955859000,963169000,955859000,963169000,958198997,955859000,963169000,955859000,963169000,958198997
2018-04-06,67.5500,67.5500,,,,,955859000,963169000,955859000,963169000,958198997,955859000,963169000,955859000,963169000,958198997
2018-04-09,68.4400,68.4400,,,,,955859000,963169000,955859000,963169000,958198997,955859000,963169000,955859000,963169000,958198997
2018-04-10,70.7800,70.7800,,,,,955859000,963169000,955859000,963169000,958198997,955859000,963169000,955859000,963169000,958198997
2018-04-11,70.5500,70.5500,,,,,955859000,963169000,955859000,963169000,958198997,955859000,963169000,955859000,963169000,958198997
2018-04-12,70.5400,70.5400,,,,,955859000,963169000,955859000,963169000,958198997,955859000,963169000,955859000,963169000,958198997
2018-04-13,69.2900,69.2900,,,,,955859000,963169000,955859000,963169000,958198997,955859000,963169000,955859000,963169000,958198997
2018-04-16,69.9200,69.9200,,,,,955859000,963169000,955859000,963169000,958198997,955859000,963169000,955859000,963169000,958198997
2018-04-17,71.0900,71.0900,,,,,955859000,963169000,955859000,963169000,958198997,955859000,963169000,955859000,963169000,958198997
2018-04-18,72.3200,72.3200,,,,,955859000,963169000,955859000,963169000,958198997,955859000,963169000,955859000,963169000,958198997
2018-04-19,72.0200,72.0200,,,,,955859000,963169000,955859000,963169000,958198997,955859000,963169000,955859000,963169000,958198997
2018-04-20,71.0600,71.0600,,,,,955859000,963169000,955859000,963169000,958198997,955859000,963169000,955859000,963169000,958198997
2018-04-23,69.8900,69.8900,,,,,955859000,963169000,955859000,963169000,958198997,955859000,963169000,955859000,963169000,958198997
2018-04-24,69.2600,69.2600,,,,,955859000,963169000,955859000,963169000,958198997,955859000,963169000,955859000,963169000,958198997
2018-04-25,68.2700,68.2700,,,,,955859000,963169000,955859000,963169000,958198997,955859000,963169000,955859000,963169000,958198997
2018-04-26,69.8000,69.8000,,,,,955859000,963169000,955859000,963169000,958198997,955859000,963169000,955859000,963169000,958198997
2018-04-27,69.7300,69.7300,,,,,955859000,963169000,955859000,963169000,958198997,955859000,963169000,955859000,963169000,958198997
2018-04-30,70.0800,70.0800,,,,,955859000,963169000,955859000,963169000,958198997,955859000,963169000,955859000,963169000,958198997
2018-05-01,69.8900,69.8900,,,,,955859000,963169000,955859000,963169000,958198997,955859000,963169000,955859000,963169000,958198997
2018-05-02,70.2100,70.2100,,,,,955859000,963169000,955859000,963169000,958198997,955859000,963169000,955859000,963169000,958198997
2018-05-03,70.3800,70.3800,,,,,955859000,963169000,955859000,963169000,958198997,955859000,963169000,955859000,963169000,958198997
2018-05-04,72.7100,72.7100,,,,,955859000,963169000,955859000,963169000,958198997,955859000,963169000,955859000,963169000,958198997
2018-05-07,75.3300,75.3300,,,,,955859000,963169000,955859000,963169000,958198997,955859000,963169000,955859000,963169000,958198997
2018-05-08,76.0400,76.0400,,,,,955859000,963169000,955859000,963169000,958198997,955859000,963169000,955859000,963169000,958198997
2018-05-09,75.9300,75.9300,,,,,955859000,963169000,955859000,963169000,958198997,955859000,963169000,955859000,963169000,958198997
2018-05-10,75.9000,75.9000,,,,,955859000,963169000,955859000,963169000,958198997,955859000,963169000,955859000,963169000,958198997
2018-05-11,75.6700,75.6700,,,,,955859000,963169000,955859000,963169000,958198997,955859000,963169000,955859000,963169000,958198997
2018-05-14,76.7400,76.7400,,,,,955859000,963169000,955859000,963169000,958198997,955859000,963169000,955859000,963169000,958198997
2018-05-15,76.4400,76.4400,,,,,955859000,963169000,955859000,963169000,958198997,955859000,963169000,955859000,963169000,958198997
2018-05-16,77.0200,77.0200,,,,,955859000,963169000,955859000,963169000,958198997,955859000,963169000,955859000,963169000,958198997
2018-05-17,76.5000,76.5000,,,,,955859000,963169000,955859000,963169000,958198997,955859000,963169000,955859000,963169000,958198997
2018-05-18,75.9300,75.9300,,,,,955859000,963169000,955859000,963169000,958198997,955859000,963169000,955859000,963169000,958198997
2018-05-21,77.0200,77.0200,,,,,955859000,963169000,955859000,963169000,958198997,955859000,963169000,955859000,963169000,958198997
2018-05-22,76.5100,76.5100,,,,,955859000,963169000,955859000,963169000,958198997,955859000,963169000,955859000,963169000,958198997
2018-05-23,76.4500,76.4500,,,,,955859000,963169000,955859000,963169000,958198997,955859000,963169000,955859000,963169000,958198997
2018-05-24,77.1700,77.1700,,,,,955859000,963169000,955859000,963169000,958198997,955859000,963169000,955859000,963169000,958198997
2018-05-25,77.4300,77.4300,,,,,955859000,963169000,955859000,963169000,958198997,955859000,963169000,955859000,963169000,958198997
2018-05-29,76.8000,76.8000,,,,,955859000,963169000,955859000,963169000,958198997,955859000,963169000,955859000,963169000,958198997
2018-05-30,77.0300,77.0300,,,,,955859000,963169000,955859000,963169000,958198997,955859000,963169000,955859000,963169000,958198997
2018-05-31,77.1600,77.1600,,,,,955859000,963169000,955859000,963169000,958198997,955859000,963169000,955859000,963169000,958198997
2018-06-01,78.9800,78.9800,,,,,955859000,963169000,955859000,963169000,958198997,955859000,963169000,955859000,963169000,958198997
2018-06-04,80.2400,80.2400,,,,,955859000,963169000,955859000,963169000,958198997,955859000,963169000,955859000,963169000,958198997
2018-06-05,80.3500,80.3500,,,,,955859000,963169000,955859000,963169000,958198997,955859000,963169000,955859000,963169000,958198997
2018-06-06,80.2800,80.2800,,,,,955859000,963169000,955859000,963169000,958198997,955859000,963169000,955859000,963169000,958198997
2018-06-07,79.7500,79.7500,,,,,955859000,963169000,955859000,963169000,958198997,955859000,963169000,955859000,963169000,958198997
2018-06-08,80.5500,80.5500,,,,,955859000,963169000,955859000,963169000,958198997,955859000,963169000,955859000,963169000,958198997
2018-06-11,80.6900,80.6900,,,,,955859000,963169000,955859000,963169000,958198997,955859000,963169000,955859000,963169000,958198997
2018-06-12,81.6200,81.6200,,,,,955859000,963169000,955859000,963169000,958198997,955859000,963169000,955859000,963169000,958198997
2018-06-13,80.8300,80.8300,,,,,955859000,963169000,955859000,963169000,958198997,955859000,963169000,955859000,963169000,958198997
2018-06-14,82.3600,82.3600,,,,,955859000,963169000,955859000,963169000,958198997,955859000,963169000,955859000,963169000,958198997
2018-06-15,81.4600,81.4600,,,,,955859000,963169000,955859000,963169000,958198997,955859000,963169000,955859000,963169000,958198997
2018-06-18,81.6100,81.6100,,,,,955859000,963169000,955859000,963169000,958198997,955859000,963169000,955859000,963169000,958198997
2018-06-19,80.1700,80.1700,,,,,955859000,963169000,955859000,963169000,958198997,955859000,963169000,955859000,963169000,958198997
2018-06-20,81.1100,81.1100,,,,,955859000,963169000,955859000,963169000,958198997,955859000,963169000,955859000,963169000,958198997
2018-06-21,79.6200,79.6200,,,,,955859000,963169000,955859000,963169000,958198997,955859000,963169000,955859000,963169000,958198997
2018-06-22,79.4600,79.4600,,,,,955859000,963169000,955859000,963169000,958198997,955859000,963169000,955859000,963169000,958198997
2018-06-25,75.4600,75.4600,,,,,955859000,963169000,955859000,963169000,958198997,955859000,963169000,955859000,963169000,958198997
2018-06-26,75.5000,75.5000,,,,,955859000,963169000,955859000,963169000,958198997,955859000,963169000,955859000,963169000,958198997
2018-06-27,73.1300,73.1300,,,,,955859000,963169000,955859000,963169000,958198997,955859000,963169000,955859000,963169000,958198997
2018-06-28,74.4100,74.4100,,,,,955859000,963169000,955859000,963169000,958198997,955859000,963169000,955859000,963169000,958198997
2018-06-29,73.2100,73.2100,,,,,955859000,963169000,955859000,963169000,958198997,955859000,963169000,955859000,963169000,958198997
2018-07-02,73.4100,73.4100,,,,,955859000,963169000,955859000,963169000,958198997,955859000,963169000,955859000,963169000,958198997
2018-07-03,72.7900,72.7900,,,,,955859000,963169000,955859000,963169000,958198997,955859000,963169000,955859000,963169000,958198997
2018-07-05,73.3500,73.3500,,,,,955859000,963169000,955859000,963169000,958198997,955859000,963169000,955859000,963169000,958198997
2018-07-06,75.3600,75.3600,,,,,955859000,963169000,955859000,963169000,958198997,955859000,963169000,955859000,963169000,958198997
2018-07-09,75.6100,75.6100,,,,,955859000,963169000,955859000,963169000,958198997,955859000,963169000,955859000,963169000,958198997
2018-07-10,75.9700,75.9700,,,,,955859000,963169000,955859000,963169000,958198997,955859000,963169000,955859000,963169000,958198997
2018-07-11,73.7600,73.7600,,,,,955859000,963169000,955859000,963169000,958198997,955859000,963169000,955859000,963169000,958198997
2018-07-12,74.6100,74.6100,,,,,955859000,963169000,955859000,963169000,958198997,955859000,963169000,955859000,963169000,958198997
2018-07-13,74.4800,74.4800,,,,,955859000,963169000,955859000,963169000,958198997,955859000,963169000,955859000,963169000,958198997
2018-07-16,74.6600,74.6600,,,,,955859000,963169000,955859000,963169000,958198997,955859000,963169000,955859000,963169000,958198997
2018-07-17,75.3600,75.3600,,,,,955859000,963169000,955859000,963169000,958198997,955859000,963169000,955859000,963169000,958198997
2018-07-18,74.6600,74.6600,,,,,955859000,963169000,955859000,963169000,958198997,955859000,963169000,955859000,963169000,958198997
2018-07-19,73.3600,73.3600,,,,,955859000,963169000,955859000,963169000,958198997,955859000,963169000,955859000,963169000,958198997
2018-07-20,73.2700,73.2700,,,,,955859000,963169000,955859000,963169000,958198997,955859000,963169000,955859000,963169000,958198997
2018-07-23,73.1500,73.1500,,,,,955859000,963169000,955859000,963169000,958198997,955859000,963169000,955859000,963169000,958198997
2018-07-24,74.1500,74.1500,,,,,955859000,963169000,955859000,963169000,958198997,955859000,963169000,955859000,963169000,958198997
2018-07-25,77.5300,77.5300,,,,,955859000,963169000,955859000,963169000,958198997,955859000,963169000,955859000,963169000,958198997
2018-07-26,76.1900,76.1900,,,,,955859000,963169000,955859000,963169000,958198997,955859000,963169000,955859000,963169000,958198997
2018-07-27,74.1000,74.1000,,,,,955859000,963169000,955859000,963169000,958198997,955859000,963169000,955859000,963169000,958198997
2018-07-30,72.3900,72.3900,,,,,955859000,963169000,955859000,963169000,958198997,955859000,963169000,955859000,963169000,958198997
2018-07-31,73.4500,73.4500,,,,,955859000,963169000,955859000,963169000,958198997,955859000,963169000,955859000,963169000,958198997
2018-08-01,73.1800,73.1800,,,,,955859000,963169000,955859000,963169000,958198997,955859000,963169000,955859000,963169000,958198997
2018-08-02,72.0900,72.0900,,,,,955859000,963169000,955859000,963169000,958198997,955859000,963169000,955859000,963169000,958198997
2018-08-03,71.5800,71.5800,,,,,955859000,963169000,955859000,963169000,958198997,955859000,963169000,955859000,963169000,958198997
2018-08-06,70.8900,70.8900,,,,,955859000,963169000,955859000,963169000,958198997,955859000,963169000,955859000,963169000,958198997
2018-08-07,71.5000,71.5000,,,,,955859000,963169000,955859000,963169000,958198997,955859000,963169000,955859000,963169000,958198997
2018-08-08,70.9900,70.9900,,,,,955859000,963169000,955859000,963169000,958198997,955859000,963169000,955859000,963169000,958198997
2018-08-09,70.4900,70.4900,,,,,955859000,963169000,955859000,963169000,958198997,955859000,963169000,955859000,963169000,958198997
2018-08-10,70.9700,70.9700,,,,,955859000,963169000,955859000,963169000,958198997,955859000,963169000,955859000,963169000,958198997
2018-08-13,70.2000,70.2000,,,,,955859000,963169000,955859000,963169000,958198997,955859000,963169000,955859000,963169000,958198997
2018-08-14,68.1500,68.1500,,,,,955859000,963169000,955859000,963169000,958198997,955859000,963169000,955859000,963169000,958198997
2018-08-15,67.0400,67.0400,,,,,955859000,963169000,955859000,963169000,958198997,955859000,963169000,955859000,963169000,958198997
2018-08-16,68.1400,68.1400,,,,,955859000,963169000,955859000,963169000,958198997,955859000,963169000,955859000,963169000,958198997
2018-08-17,68.1700,68.1700,,,,,955859000,963169000,955859000,963169000,958198997,955859000,963169000,955859000,963169000,958198997
2018-08-20,69.2600,69.2600,,,,,955859000,963169000,955859000,963169000,958198997,955859000,963169000,955859000,963169000,958198997
2018-08-21,70.2500,70.2500,,,,,955859000,963169000,955859000,963169000,958198997,955859000,963169000,955859000,963169000,958198997
2018-08-22,70.3200,70.3200,,,,,955859000,963169000,955859000,963169000,958198997,955859000,963169000,955859000,963169000,958198997
2018-08-23,68.2200,68.2200,,,,,955859000,963169000,955859000,963169000,958198997,955859000,963169000,955859000,963169000,958198997
2018-08-24,68.9000,68.9000,,,,,955859000,963169000,955859000,963169000,958198997,955859000,963169000,955859000,963169000,958198997
2018-08-27,70.8400,70.8400,,,,,955859000,963169000,955859000,963169000,958198997,955859000,963169000,955859000,963169000,958198997
2018-08-28,70.3000,70.3000,,,,,955859000,963169000,955859000,963169000,958198997,955859000,963169000,955859000,963169000,958198997
2018-08-29,70.4300,70.4300,,,,,955859000,963169000,955859000,963169000,958198997,955859000,963169000,955859000,963169000,958198997
2018-08-30,69.3300,69.3300,,,,,955859000,963169000,955859000,963169000,958198997,955859000,963169000,955859000,963169000,958198997
2018-08-31,69.5500,69.5500,,,,,955859000,963169000,955859000,963169000,958198997,955859000,963169000,955859000,963169000,958198997
2018-09-04,67.9600,67.9600,,,,,955859000,963169000,955859000,963169000,958198997,955859000,963169000,955859000,963169000,958198997
2018-09-05,65.6500,65.6500,,,,,955859000,963169000,955859000,963169000,958198997,955859000,963169000,955859000,963169000,958198997
2018-09-06,64.2100,64.2100,,,,,955859000,963169000,955859000,963169000,958198997,955859000,963169000,955859000,963169000,958198997
2018-09-10,63.8000,63.8000,,,,,955859000,963169000,955859000,963169000,958198997,955859000,963169000,955859000,963169000,958198997
2018-09-11,64.2900,64.2900,,,,,955859000,963169000,955859000,963169000,958198997,955859000,963169000,955859000,963169000,958198997
2018-09-12,66.5200,66.5200,,,,,955859000,963169000,955859000,963169000,958198997,955859000,963169000,955859000,963169000,958198997
2018-09-13,67.9800,67.9800,,,,,955859000,963169000,955859000,963169000,958198997,955859000,963169000,955859000,963169000,958198997
2018-09-14,67.7500,67.7500,,,,,955859000,963169000,955859000,963169000,958198997,955859000,963169000,955859000,963169000,958198997
2018-09-17,65.9000,65.9000,,,,,955859000,963169000,955859000,963169000,958198997,955859000,963169000,955859000,963169000,958198997
2018-09-18,64.9800,64.9800,,,,,955859000,963169000,955859000,963169000,958198997,955859000,963169000,955859000,963169000,958198997
2018-09-19,67.0900,67.0900,,,,,955859000,963169000,955859000,963169000,958198997,955859000,963169000,955859000,963169000,958198997
2018-09-20,68.3500,68.3500,,,,,955859000,963169000,955859000,963169000,958198997,955859000,963169000,955859000,963169000,958198997
2018-09-21,67.9300,67.9300,,,,,955859000,963169000,955859000,963169000,958198997,955859000,963169000,955859000,963169000,958198997
2018-09-24,67.5900,67.5900,,,,,955859000,963169000,955859000,963169000,958198997,955859000,963169000,955859000,963169000,958198997
2018-09-25,67.8600,67.8600,,,,,955859000,963169000,955859000,963169000,958198997,955859000,963169000,955859000,963169000,958198997
2018-09-26,68.1300,68.1300,,,,,955859000,963169000,955859000,963169000,958198997,955859000,963169000,955859000,963169000,958198997
2018-09-27,68.4800,68.4800,,,,,955859000,963169000,955859000,963169000,958198997,955859000,963169000,955859000,963169000,958198997
2018-09-28,68.1200,68.1200,,,,,955859000,963169000,955859000,963169000,958198997,955859000,963169000,955859000,963169000,958198997
2018-10-01,67.2400,67.2400,,,,,955859000,963169000,955859000,963169000,958198997,955859000,963169000,955859000,963169000,958198997
2018-10-02,66.6300,66.6300,,,,,955859000,963169000,955859000,963169000,958198997,955859000,963169000,955859000,963169000,958198997
2018-10-03,67.2500,67.2500,,,,,955859000,963169000,955859000,963169000,958198997,955859000,963169000,955859000,963169000,958198997
2018-10-04,65.2600,65.2600,,,,,955859000,963169000,955859000,963169000,958198997,955859000,963169000,955859000,963169000,958198997
2018-10-05,64.5800,64.5800,,,,,955859000,963169000,955859000,963169000,958198997,955859000,963169000,955859000,963169000,958198997
2018-10-08,63.0900,63.0900,,,,,955859000,963169000,955859000,963169000,958198997,955859000,963169000,955859000,963169000,958198997
2018-10-09,61.5200,61.5200,,,,,955859000,963169000,955859000,963169000,958198997,955859000,963169000,955859000,963169000,958198997
2018-10-10,58.4100,58.4100,,,,,955859000,963169000,955859000,963169000,958198997,955859000,963169000,955859000,963169000,958198997
2018-10-11,59.9300,59.9300,,,,,955859000,963169000,955859000,963169000,958198997,955859000,963169000,955859000,963169000,958198997
2018-10-12,61.9800,61.9800,,,,,955859000,963169000,955859000,963169000,958198997,955859000,963169000,955859000,963169000,958198997
2018-10-15,60.9300,60.9300,,,,,955859000,963169000,955859000,963169000,958198997,955859000,963169000,955859000,963169000,958198997
2018-10-16,62.8300,62.8300,,,,,955859000,963169000,955859000,963169000,958198997,955859000,963169000,955859000,963169000,958198997
2018-10-17,62.1900,62.1900,,,,,955859000,963169000,955859000,963169000,958198997,955859000,963169000,955859000,963169000,958198997
2018-10-18,60.0600,60.0600,,,,,955859000,963169000,955859000,963169000,958198997,955859000,963169000,955859000,963169000,958198997
2018-10-19,60.3900,60.3900,,,,,955859000,963169000,955859000,963169000,958198997,955859000,963169000,955859000,963169000,958198997
2018-10-22,62.2000,62.2000,,,,,955859000,963169000,955859000,963169000,958198997,955859000,963169000,955859000,963169000,958198997
2018-10-23,61.3500,61.3500,,,,,955859000,963169000,955859000,963169000,958198997,955859000,963169000,955859000,963169000,958198997
2018-10-24,59.0700,59.0700,,,,,955859000,963169000,955859000,963169000,958198997,955859000,963169000,955859000,963169000,958198997
2018-10-25,60.7400,60.7400,,,,,955859000,963169000,955859000,963169000,958198997,955859000,963169000,955859000,963169000,958198997
2018-10-26,60.1700,60.1700,,,,,955859000,963169000,955859000,963169000,958198997,955859000,963169000,955859000,963169000,958198997
2018-10-29,56.8300,56.8300,,,,,955859000,963169000,955859000,963169000,958198997,955859000,963169000,955859000,963169000,958198997
2018-10-30,57.9200,57.9200,,,,,955859000,963169000,955859000,963169000,958198997,955859000,963169000,955859000,963169000,958198997
2018-10-31,60.1000,60.1000,,,,,955859000,963169000,955859000,963169000,958198997,955859000,963169000,955859000,963169000,958198997
2018-11-01,62.8600,62.8600,,,,,955859000,963169000,955859000,963169000,958198997,955859000,963169000,955859000,963169000,958198997
2018-11-02,61.7300,61.7300,,,,,955859000,963169000,955859000,963169000,958198997,955859000,963169000,955859000,963169000,958198997
2018-11-05,60.8700,60.8700,,,,,955859000,963169000,955859000,963169000,958198997,955859000,963169000,955859000,963169000,958198997
2018-11-06,61.9300,61.9300,,,,,955859000,963169000,955859000,963169000,958198997,955859000,963169000,955859000,963169000,958198997
2018-11-07,63.6000,63.6000,,,,,955859000,963169000,955859000,963169000,958198997,955859000,963169000,955859000,963169000,958198997
2018-11-08,62.4800,62.4800,,,,,955859000,963169000,955859000,963169000,958198997,955859000,963169000,955859000,963169000,958198997
2018-11-09,60.9800,60.9800,,,,,955859000,963169000,955859000,963169000,958198997,955859000,963169000,955859000,963169000,958198997
2018-11-12,59.9500,59.9500,,,,,955859000,963169000,955859000,963169000,958198997,955859000,963169000,955859000,963169000,958198997
2018-11-13,61.2100,61.2100,,,,,955859000,963169000,955859000,963169000,958198997,955859000,963169000,955859000,963169000,958198997
2018-11-14,62.2800,62.2800,,,,,955859000,963169000,955859000,963169000,958198997,955859000,963169000,955859000,963169000,958198997
2018-11-15,64.3900,64.3900,,,,,955859000,963169000,955859000,963169000,958198997,955859000,963169000,955859000,963169000,958198997
2018-11-16,63.5900,63.5900,,,,,955859000,963169000,955859000,963169000,958198997,955859000,963169000,955859000,963169000,958198997
2018-11-19,62.2200,62.2200,,,,,955859000,963169000,955859000,963169000,958198997,955859000,963169000,955859000,963169000,958198997
2018-11-20,60.8900,60.8900,,,,,955859000,963169000,955859000,963169000,958198997,955859000,963169000,955859000,963169000,958198997
2018-11-21,62.1500,62.1500,,,,,955859000,963169000,955859000,963169000,958198997,955859000,963169000,955859000,963169000,958198997
2018-11-23,62.4000,62.4000,,,,,955859000,963169000,955859000,963169000,958198997,955859000,963169000,955859000,963169000,958198997
2018-11-26,64.3700,64.3700,,,,,955859000,963169000,955859000,963169000,958198997,955859000,963169000,955859000,963169000,958198997
2018-11-27,64.1600,64.1600,,,,,955859000,963169000,955859000,963169000,958198997,955859000,963169000,955859000,963169000,958198997
2018-11-28,65.4300,65.4300,,,,,955859000,963169000,955859000,963169000,958198997,955859000,963169000,955859000,963169000,958198997
2018-11-29,64.4200,64.4200,,,,,955859000,963169000,955859000,963169000,958198997,955859000,963169000,955859000,963169000,958198997
2018-11-30,65.5900,65.5900,,,,,955859000,963169000,955859000,963169000,958198997,955859000,963169000,955859000,963169000,958198997
2018-12-03,66.8200,66.8200,,,,,955859000,963169000,955859000,963169000,958198997,955859000,963169000,955859000,963169000,958198997
2018-12-04,64.8000,64.8000,,,,,955859000,963169000,955859000,963169000,958198997,955859000,963169000,955859000,963169000,958198997
2018-12-06,63.8600,63.8600,,,,,955859000,963169000,955859000,963169000,958198997,955859000,963169000,955859000,963169000,958198997
2018-12-07,63.0100,63.0100,,,,,955859000,963169000,955859000,963169000,958198997,955859000,963169000,955859000,963169000,958198997
2018-12-10,62.2300,62.2300,,,,,955859000,963169000,955859000,963169000,958198997,955859000,963169000,955859000,963169000,958198997
2018-12-11,62.5700,62.5700,,,,,955859000,963169000,955859000,963169000,958198997,955859000,963169000,955859000,963169000,958198997
2018-12-12,62.8200,62.8200,,,,,955859000,963169000,955859000,963169000,958198997,955859000,963169000,955859000,963169000,958198997
2018-12-13,62.7600,62.7600,,,,,955859000,963169000,955859000,963169000,958198997,955859000,963169000,955859000,963169000,958198997
2018-12-14,62.0100,62.0100,,,,,955859000,963169000,955859000,963169000,958198997,955859000,963169000,955859000,963169000,958198997
2018-12-17,60.0800,60.0800,,,,,955859000,963169000,955859000,963169000,958198997,955859000,963169000,955859000,963169000,958198997
2018-12-18,59.1200,59.1200,,,,,955859000,963169000,955859000,963169000,958198997,955859000,963169000,955859000,963169000,958198997
2018-12-19,57.7000,57.7000,,,,,955859000,963169000,955859000,963169000,958198997,955859000,963169000,955859000,963169000,958198997
2018-12-20,56.7100,56.7100,,,,,955859000,963169000,955859000,963169000,958198997,955859000,963169000,955859000,963169000,958198997
2018-12-21,55.6500,55.6500,,,,,955859000,963169000,955859000,963169000,958198997,955859000,963169000,955859000,963169000,958198997
2018-12-24,55.7100,55.7100,,,,,955859000,963169000,955859000,963169000,958198997,955859000,963169000,955859000,963169000,958198997
2018-12-26,57.9000,57.9000,,,,,955859000,963169000,955859000,963169000,958198997,955859000,963169000,955859000,963169000,958198997
2018-12-27,57.9700,57.9700,,,,,955859000,963169000,955859000,963169000,958198997,955859000,963169000,955859000,963169000,958198997
2018-12-28,58.3500,58.3500,,,,,955859000,963169000,955859000,963169000,958198997,955859000,963169000,955859000,963169000,958198997
2018-12-31,57.9400,57.9400,,,,,955859000,963169000,955859000,963169000,958198997,955859000,963169000,955859000,963169000,958198997
2019-01-02,57.4900,57.4900,,,,,955859000,963169000,955859000,963169000,958198997,955859000,963169000,955859000,963169000,958198997
2019-01-03,55.5300,55.5300,,,,,955859000,963169000,955859000,963169000,958198997,955859000,963169000,955859000,963169000,958198997
2019-01-04,58.7200,58.7200,,,,,955859000,963169000,955859000,963169000,958198997,955859000,963169000,955859000,963169000,958198997
2019-01-07,59.6400,59.6400,,,,,955859000,963169000,955859000,963169000,958198997,955859000,963169000,955859000,963169000,958198997
2019-01-08,61.0400,61.0400,,,,,955859000,963169000,955859000,963169000,958198997,955859000,963169000,955859000,963169000,958198997
2019-01-09,62.9400,62.9400,,,,,955859000,963169000,955859000,963169000,958198997,955859000,963169000,955859000,963169000,958198997
2019-01-10,63.1100,63.1100,,,,,955859000,963169000,955859000,963169000,958198997,955859000,963169000,955859000,963169000,958198997
2019-01-11,62.8800,62.8800,,,,,955859000,963169000,955859000,963169000,958198997,955859000,963169000,955859000,963169000,958198997
2019-01-14,62.2900,62.2900,,,,,955859000,963169000,955859000,963169000,958198997,955859000,963169000,955859000,963169000,958198997
2019-01-15,62.7800,62.7800,,,,,955859000,963169000,955859000,963169000,958198997,955859000,963169000,955859000,963169000,958198997
2019-01-16,63.8900,63.8900,,,,,955859000,963169000,955859000,963169000,958198997,955859000,963169000,955859000,963169000,958198997
2019-01-17,64.3300,64.3300,,,,,955859000,963169000,955859000,963169000,958198997,955859000,963169000,955859000,963169000,958198997
2019-01-18,64.6400,64.6400,,,,,955859000,963169000,955859000,963169000,958198997,955859000,963169000,955859000,963169000,958198997
2019-01-22,63.0100,63.0100,,,,,955859000,963169000,955859000,963169000,958198997,955859000,963169000,955859000,963169000,958198997
2019-01-23,62.8700,62.8700,,,,,955859000,963169000,955859000,963169000,958198997,955859000,963169000,955859000,963169000,958198997
2019-01-24,64.0000,64.0000,,,,,955859000,963169000,955859000,963169000,958198997,955859000,963169000,955859000,963169000,958198997
2019-01-25,65.2200,65.2200,,,,,955859000,963169000,955859000,963169000,958198997,955859000,963169000,955859000,963169000,958198997
2019-01-28,65.2200,65.2200,,,,,955859000,963169000,955859000,963169000,958198997,955859000,963169000,955859000,963169000,958198997
2019-01-29,64.7900,64.7900,,,,,955859000,963169000,955859000,963169000,958198997,955859000,963169000,955859000,963169000,958198997
2019-01-30,68.0200,68.0200,,,,,955859000,963169000,955859000,963169000,958198997,955859000,963169000,955859000,963169000,958198997
2019-01-31,68.5100,68.5100,,,,,955859000,963169000,955859000,963169000,958198997,955859000,963169000,955859000,963169000,958198997
2019-02-01,68.5200,68.5200,,,,,955859000,963169000,955859000,963169000,958198997,955859000,963169000,955859000,963169000,958198997
2019-02-04,68.4100,68.4100,,,,,955859000,963169000,955859000,963169000,958198997,955859000,963169000,955859000,963169000,958198997
2019-02-05,70.0500,70.0500,,,,,955859000,963169000,955859000,963169000,958198997,955859000,963169000,955859000,963169000,958198997
2019-02-06,69.9400,69.9400,,,,,955859000,963169000,955859000,963169000,958198997,955859000,963169000,955859000,963169000,958198997
2019-02-07,68.5500,68.5500,,,,,955859000,963169000,955859000,963169000,958198997,955859000,963169000,955859000,963169000,958198997
2019-02-08,68.5200,68.5200,,,,,955859000,963169000,955859000,963169000,958198997,955859000,963169000,955859000,963169000,958198997
2019-02-11,68.5000,68.5000,,,,,955859000,963169000,955859000,963169000,958198997,955859000,963169000,955859000,963169000,958198997
2019-02-12,68.8800,68.8800,,,,,955859000,963169000,955859000,963169000,958198997,955859000,963169000,955859000,963169000,958198997
2019-02-13,69.0700,69.0700,,,,,955859000,963169000,955859000,963169000,958198997,955859000,963169000,955859000,963169000,958198997
2019-02-14,68.6200,68.6200,,,,,955859000,963169000,955859000,963169000,958198997,955859000,963169000,955859000,963169000,958198997
2019-02-15,67.8600,67.8600,,,,,955859000,963169000,955859000,963169000,958198997,955859000,963169000,955859000,963169000,958198997
2019-02-19,69.1100,69.1100,,,,,955859000,963169000,955859000,963169000,958198997,955859000,963169000,955859000,963169000,958198997
2019-02-20,69.4000,69.4000,,,,,955859000,963169000,955859000,963169000,958198997,955859000,963169000,955859000,963169000,958198997
2019-02-21,69.8400,69.8400,,,,,955859000,963169000,955859000,963169000,958198997,955859000,963169000,955859000,963169000,958198997
2019-02-22,71.7200,71.7200,,,,,955859000,963169000,955859000,963169000,958198997,955859000,963169000,955859000,963169000,958198997
2019-02-25,74.0300,74.0300,,,,,955859000,963169000,955859000,963169000,958198997,955859000,963169000,955859000,963169000,958198997
2019-02-26,74.2500,74.2500,,,,,955859000,963169000,955859000,963169000,958198997,955859000,963169000,955859000,963169000,958198997
2019-02-27,74.7300,74.7300,,,,,955859000,963169000,955859000,963169000,958198997,955859000,963169000,955859000,963169000,958198997
2019-02-28,74.5900,74.5900,,,,,955859000,963169000,955859000,963169000,958198997,955859000,963169000,955859000,963169000,958198997
2019-03-01,74.9600,74.9600,,,,,955859000,963169000,955859000,963169000,958198997,955859000,963169000,955859000,963169000,958198997
2019-03-04,76.0100,76.0100,,,,,955859000,963169000,955859000,963169000,958198997,955859000,963169000,955859000,963169000,958198997
2019-03-05,75.1200,75.1200,,,,,955859000,963169000,955859000,963169000,958198997,955859000,963169000,955859000,963169000,958198997
2019-03-06,74.7900,74.7900,,,,,955859000,963169000,955859000,963169000,958198997,955859000,963169000,955859000,963169000,958198997
2019-03-07,72.5700,72.5700,,,,,955859000,963169000,955859000,963169000,958198997,955859000,963169000,955859000,963169000,958198997
2019-03-08,71.7500,71.7500,,,,,955859000,963169000,955859000,963169000,958198997,955859000,963169000,955859000,963169000,958198997
2019-03-11,73.4700,73.4700,,,,,955859000,963169000,955859000,963169000,958198997,955859000,963169000,955859000,963169000,958198997
2019-03-12,73.5900,73.5900,,,,,955859000,963169000,955859000,963169000,958198997,955859000,963169000,955859000,963169000,958198997
2019-03-13,73.6400,73.6400,,,,,955859000,963169000,955859000,963169000,958198997,955859000,963169000,955859000,963169000,958198997
2019-03-14,73.4700,73.4700,,,,,955859000,963169000,955859000,963169000,958198997,955859000,963169000,955859000,963169000,958198997
2019-03-15,73.6400,73.6400,,,,,955859000,963169000,955859000,963169000,958198997,955859000,963169000,955859000,963169000,958198997
2019-03-18,73.7800,73.7800,,,,,955859000,963169000,955859000,963169000,958198997,955859000,963169000,955859000,963169000,958198997
2019-03-19,73.9500,73.9500,,,,,955859000,963169000,955859000,963169000,958198997,955859000,963169000,955859000,963169000,958198997
2019-03-20,73.7600,73.7600,,,,,955859000,963169000,955859000,963169000,958198997,955859000,963169000,955859000,963169000,958198997
2019-03-21,73.7300,73.7300,,,,,955859000,963169000,955859000,963169000,958198997,955859000,963169000,955859000,963169000,958198997
2019-03-22,72.0100,72.0100,,,,,955859000,963169000,955859000,963169000,958198997,955859000,963169000,955859000,963169000,958198997
2019-03-25,72.7400,72.7400,,,,,955859000,963169000,955859000,963169000,958198997,955859000,963169000,955859000,963169000,958198997
2019-03-26,72.5600,72.5600,,,,,955859000,963169000,955859000,963169000,958198997,955859000,963169000,955859000,963169000,958198997
2019-03-27,72.3400,72.3400,,,,,955859000,963169000,955859000,963169000,958198997,955859000,963169000,955859000,963169000,958198997
2019-03-28,72.5200,72.5200,,,,,955859000,963169000,955859000,963169000,958198997,955859000,963169000,955859000,963169000,958198997
2019-03-29,74.1200,74.1200,,,,,955859000,963169000,955859000,963169000,958198997,955859000,963169000,955859000,963169000,958198997
2019-04-01,73.6300,73.6300,,,,,955859000,963169000,955859000,963169000,958198997,955859000,963169000,955859000,963169000,958198997
2019-04-02,73.9400,73.9400,,,,,955859000,963169000,955859000,963169000,958198997,955859000,963169000,955859000,963169000,958198997
2019-04-03,72.7600,72.7600,,,,,955859000,963169000,955859000,963169000,958198997,955859000,963169000,955859000,963169000,958198997
2019-04-04,73.2400,73.2400,,,,,955859000,963169000,955859000,963169000,958198997,955859000,963169000,955859000,963169000,958198997
2019-04-05,74.0100,74.0100,,,,,955859000,963169000,955859000,963169000,958198997,955859000,963169000,955859000,963169000,958198997
2019-04-08,74.4600,74.4600,,,,,955859000,963169000,955859000,963169000,958198997,955859000,963169000,955859000,963169000,958198997
2019-04-09,75.6200,75.6200,,,,,955859000,963169000,955859000,963169000,958198997,955859000,963169000,955859000,963169000,958198997
2019-04-10,75.3900,75.3900,,,,,955859000,963169000,955859000,963169000,958198997,955859000,963169000,955859000,963169000,958198997
2019-04-11,75.0900,75.0900,,,,,955859000,963169000,955859000,963169000,958198997,955859000,963169000,955859000,963169000,958198997
2019-04-12,76.6800,76.6800,,,,,955859000,963169000,955859000,963169000,958198997,955859000,963169000,955859000,963169000,958198997
2019-04-15,74.3700,74.3700,,,,,955859000,963169000,955859000,963169000,958198997,955859000,963169000,955859000,963169000,958198997
2019-04-16,75.1800,75.1800,,,,,955859000,963169000,955859000,963169000,958198997,955859000,963169000,955859000,963169000,958198997
2019-04-17,76.1100,76.1100,,,,,955859000,963169000,955859000,963169000,958198997,955859000,963169000,955859000,963169000,958198997
2019-04-18,75.9800,75.9800,,,,,955859000,963169000,955859000,963169000,958198997,955859000,963169000,955859000,963169000,958198997
2019-04-22,75.3700,75.3700,,,,,955859000,963169000,955859000,963169000,958198997,955859000,963169000,955859000,963169000,958198997
2019-04-23,76.0700,76.0700,,,,,955859000,963169000,955859000,963169000,958198997,955859000,963169000,955859000,963169000,958198997
2019-04-24,75.4300,75.4300,,,,,955859000,963169000,955859000,963169000,958198997,955859000,963169000,955859000,963169000,958198997
2019-04-25,76.4900,76.4900,,,,,955859000,963169000,955859000,963169000,958198997,955859000,963169000,955859000,963169000,958198997
2019-04-26,76.1200,76.1200,,,,,955859000,963169000,955859000,963169000,958198997,955859000,963169000,955859000,963169000,958198997
2019-04-29,75.9900,75.9900,,,,,955859000,963169000,955859000,963169000,958198997,955859000,963169000,955859000,963169000,958198997
2019-04-30,75.3900,75.3900,,,,,955859000,963169000,955859000,963169000,958198997,955859000,963169000,955859000,963169000,958198997
2019-05-01,76.8400,76.8400,,,,,955859000,963169000,955859000,963169000,958198997,955859000,963169000,955859000,963169000,958198997
2019-05-02,77.3800,77.3800,,,,,955859000,963169000,955859000,963169000,958198997,955859000,963169000,955859000,963169000,958198997
2019-05-03,79.1500,79.1500,,,,,955859000,963169000,955859000,963169000,958198997,955859000,963169000,955859000,963169000,958198997
2019-05-06,76.1700,76.1700,,,,,955859000,963169000,955859000,963169000,958198997,955859000,963169000,955859000,963169000,958198997
2019-05-07,73.3400,73.3400,,,,,955859000,963169000,955859000,963169000,958198997,955859000,963169000,955859000,963169000,958198997
2019-05-08,72.6700,72.6700,,,,,955859000,963169000,955859000,963169000,958198997,955859000,963169000,955859000,963169000,958198997
2019-05-09,72.3800,72.3800,,,,,955859000,963169000,955859000,963169000,958198997,955859000,963169000,955859000,963169000,958198997
2019-05-10,71.8700,71.8700,,,,,955859000,963169000,955859000,963169000,958198997,955859000,963169000,955859000,963169000,958198997
2019-05-13,68.6800,68.6800,,,,,955859000,963169000,955859000,963169000,958198997,955859000,963169000,955859000,963169000,958198997
2019-05-14,70.2600,70.2600,,,,,955859000,963169000,955859000,963169000,958198997,955859000,963169000,955859000,963169000,958198997
2019-05-15,71.3200,71.3200,,,,,955859000,963169000,955859000,963169000,958198997,955859000,963169000,955859000,963169000,958198997
2019-05-16,70.5200,70.5200,,,,,955859000,963169000,955859000,963169000,958198997,955859000,963169000,955859000,963169000,958198997
2019-05-17,68.0700,68.0700,,,,,955859000,963169000,955859000,963169000,958198997,955859000,963169000,955859000,963169000,958198997
2019-05-20,64.4300,64.4300,,,,,955859000,963169000,955859000,963169000,958198997,955859000,963169000,955859000,963169000,958198997
2019-05-21,65.3700,65.3700,,,,,955859000,963169000,955859000,963169000,958198997,955859000,963169000,955859000,963169000,958198997
2019-05-22,63.3500,63.3500,,,,,955859000,963169000,955859000,963169000,958198997,955859000,963169000,955859000,963169000,958198997
2019-05-23,62.2300,62.2300,,,,,955859000,963169000,955859000,963169000,958198997,955859000,963169000,955859000,963169000,958198997
2019-05-24,61.9100,61.9100,,,,,955859000,963169000,955859000,963169000,958198997,955859000,963169000,955859000,963169000,958198997
2019-05-28,61.4700,61.4700,,,,,955859000,963169000,955859000,963169000,958198997,955859000,963169000,955859000,963169000,958198997
2019-05-29,60.2700,60.2700,,,,,955859000,963169000,955859000,963169000,958198997,955859000,963169000,955859000,963169000,958198997
2019-05-30,59.8900,59.8900,,,,,955859000,963169000,955859000,963169000,958198997,955859000,963169000,955859000,963169000,958198997
2019-05-31,59.2000,59.2000,,,,,955859000,963169000,955859000,963169000,958198997,955859000,963169000,955859000,963169000,958198997
2019-06-03,59.3600,59.3600,,,,,955859000,963169000,955859000,963169000,958198997,955859000,963169000,955859000,963169000,958198997
2019-06-04,61.1700,61.1700,,,,,955859000,963169000,955859000,963169000,958198997,955859000,963169000,955859000,963169000,958198997
2019-06-05,60.6700,60.6700,,,,,955859000,963169000,955859000,963169000,958198997,955859000,963169000,955859000,963169000,958198997
2019-06-06,60.8800,60.8800,,,,,955859000,963169000,955859000,963169000,958198997,955859000,963169000,955859000,963169000,958198997
2019-06-07,61.9900,61.9900,,,,,955859000,963169000,955859000,963169000,958198997,955859000,963169000,955859000,963169000,958198997
2019-06-10,65.9300,65.9300,,,,,955859000,963169000,955859000,963169000,958198997,955859000,963169000,955859000,963169000,958198997
2019-06-11,67.1300,67.1300,,,,,955859000,963169000,955859000,963169000,958198997,955859000,963169000,955859000,963169000,958198997
2019-06-12,66.1800,66.1800,,,,,955859000,963169000,955859000,963169000,958198997,955859000,963169000,955859000,963169000,958198997
2019-06-13,66.6000,66.6000,,,,,955859000,963169000,955859000,963169000,958198997,955859000,963169000,955859000,963169000,958198997
2019-06-14,65.9800,65.9800,,,,,955859000,963169000,955859000,963169000,958198997,955859000,963169000,955859000,963169000,958198997
2019-06-17,66.9000,66.9000,,,,,955859000,963169000,955859000,963169000,958198997,955859000,963169000,955859000,963169000,958198997
2019-06-18,68.7100,68.7100,,,,,955859000,963169000,955859000,963169000,958198997,955859000,963169000,955859000,963169000,958198997
2019-06-19,68.4800,68.4800,,,,,955859000,963169000,955859000,963169000,958198997,955859000,963169000,955859000,963169000,958198997
2019-06-20,69.2600,69.2600,,,,,955859000,963169000,955859000,963169000,958198997,955859000,963169000,955859000,963169000,958198997
2019-06-21,68.8800,68.8800,,,,,955859000,963169000,955859000,963169000,958198997,955859000,963169000,955859000,963169000,958198997
2019-06-24,69.0900,69.0900,,,,,955859000,963169000,955859000,963169000,958198997,955859000,963169000,955859000,963169000,958198997
2019-06-25,68.6400,68.6400,,,,,955859000,963169000,955859000,963169000,958198997,955859000,963169000,955859000,963169000,958198997
2019-06-26,69.6100,69.6100,,,,,955859000,963169000,955859000,963169000,958198997,955859000,963169000,955859000,963169000,958198997
2019-06-27,69.9700,69.9700,,,,,955859000,963169000,955859000,963169000,958198997,955859000,963169000,955859000,963169000,958198997
2019-06-28,69.3700,69.3700,,,,,955859000,963169000,955859000,963169000,958198997,955859000,963169000,955859000,963169000,958198997
2019-07-01,70.5700,70.5700,,,,,955859000,963169000,955859000,963169000,958198997,955859000,963169000,955859000,963169000,958198997
2019-07-02,70.6900,70.6900,,,,,955859000,963169000,955859000,963169000,958198997,955859000,963169000,955859000,963169000,958198997
2019-07-03,70.6600,70.6600,,,,,955859000,963169000,955859000,963169000,958198997,955859000,963169000,955859000,963169000,958198997
2019-07-05,70.2600,70.2600,,,,,955859000,963169000,955859000,963169000,958198997,955859000,963169000,955859000,963169000,958198997
2019-07-08,69.2500,69.2500,,,,,955859000,963169000,955859000,963169000,958198997,955859000,963169000,955859000,963169000,958198997
2019-07-09,69.5600,69.5600,,,,,955859000,963169000,955859000,963169000,958198997,955859000,963169000,955859000,963169000,958198997
2019-07-10,69.3300,69.3300,,,,,955859000,963169000,955859000,963169000,958198997,955859000,963169000,955859000,963169000,958198997
2019-07-11,69.2800,69.2800,,,,,955859000,963169000,955859000,963169000,958198997,955859000,963169000,955859000,963169000,958198997
2019-07-12,69.7700,69.7700,,,,,955859000,963169000,955859000,963169000,958198997,955859000,963169000,955859000,963169000,958198997
2019-07-15,70.2700,70.2700,,,,,955859000,963169000,955859000,963169000,958198997,955859000,963169000,955859000,963169000,958198997
2019-07-16,70.5300,70.5300,,,,,955859000,963169000,955859000,963169000,958198997,955859000,963169000,955859000,963169000,958198997
2019-07-17,70.4400,70.4400,,,,,955859000,963169000,955859000,963169000,958198997,955859000,963169000,955859000,963169000,958198997
2019-07-18,70.3600,70.3600,,,,,955859000,963169000,955859000,963169000,958198997,955859000,963169000,955859000,963169000,958198997
2019-07-19,70.2600,70.2600,,,,,955859000,963169000,955859000,963169000,958198997,955859000,963169000,955859000,963169000,958198997
2019-07-22,70.5500,70.5500,,,,,955859000,963169000,955859000,963169000,958198997,955859000,963169000,955859000,963169000,958198997
2019-07-23,71.0100,71.0100,,,,,955859000,963169000,955859000,963169000,958198997,955859000,963169000,955859000,963169000,958198997
2019-07-24,71.0900,71.0900,,,,,955859000,963169000,955859000,963169000,958198997,955859000,963169000,955859000,963169000,958198997
2019-07-25,70.8800,70.8800,,,,,955859000,963169000,955859000,963169000,958198997,955859000,963169000,955859000,963169000,958198997
2019-07-26,71.0100,71.0100,,,,,955859000,963169000,955859000,963169000,958198997,955859000,963169000,955859000,963169000,958198997
2019-07-29,70.8700,70.8700,,,,,955859000,963169000,955859000,963169000,958198997,955859000,963169000,955859000,963169000,958198997
2019-07-30,70.6500,70.6500,,,,,955859000,963169000,955859000,963169000,958198997,955859000,963169000,955859000,963169000,958198997
2019-07-31,70.4500,70.4500,,,,,955859000,963169000,955859000,963169000,958198997,955859000,963169000,955859000,963169000,958198997
2019-08-01,69.9900,69.9900,,,,,955859000,963169000,955859000,963169000,958198997,955859000,963169000,955859000,963169000,958198997
2019-08-02,69.9600,69.9600,,,,,955859000,963169000,955859000,963169000,958198997,955859000,963169000,955859000,963169000,958198997
2019-08-05,69.4800,69.4800,,,,,955859000,963169000,955859000,963169000,958198997,955859000,963169000,955859000,963169000,958198997
2019-08-06,69.7500,69.7500,,,,,955859000,963169000,955859000,963169000,958198997,955859000,963169000,955859000,963169000,958198997
2019-08-07,69.8100,69.8100,,,,,955859000,963169000,955859000,963169000,958198997,955859000,963169000,955859000,963169000,958198997
2019-08-08,69.9400,69.9400,,,,,955859000,963169000,955859000,963169000,958198997,955859000,963169000,955859000,963169000,958198997
2019-08-09,70.0200,70.0200,,,,,955859000,963169000,955859000,963169000,958198997,955859000,963169000,955859000,963169000,958198997
2019-08-12,70.0000,70.0000,,,,,955859000,963169000,955859000,963169000,958198997,955859000,963169000,955859000,963169000,958198997
2019-08-13,70.1500,70.1500,,,,,955859000,963169000,955859000,963169000,958198997,955859000,963169000,955859000,963169000,958198997
2019-08-14,69.9200,69.9200,,,,,955859000,963169000,955859000,963169000,958198997,955859000,963169000,955859000,963169000,958198997
2019-08-15,69.9000,69.9000,,,,,955859000,963169000,955859000,963169000,958198997,955859000,963169000,955859000,963169000,958198997
2019-08-16,69.8300,69.8300,,,,,955859000,963169000,955859000,963169000,958198997,955859000,963169000,955859000,963169000,958198997
2019-08-19,69.6700,69.6700,,,,,955859000,963169000,955859000,963169000,958198997,955859000,963169000,955859000,963169000,958198997
2019-08-20,69.5700,69.5700,,,,,955859000,963169000,955859000,963169000,958198997,955859000,963169000,955859000,963169000,958198997
2019-08-21,69.5700,69.5700,,,,,955859000,963169000,955859000,963169000,958198997,955859000,963169000,955859000,963169000,958198997
2019-08-22,69.5300,69.5300,,,,,955859000,963169000,955859000,963169000,958198997,955859000,963169000,955859000,963169000,958198997
2019-08-23,69.5200,69.5200,,,,,955859000,963169000,955859000,963169000,958198997,955859000,963169000,955859000,963169000,958198997
2019-08-26,69.5800,69.5800,,,,,955859000,963169000,955859000,963169000,958198997,955859000,963169000,955859000,963169000,958198997
2019-08-27,69.5300,69.5300,,,,,955859000,963169000,955859000,963169000,958198997,955859000,963169000,955859000,963169000,958198997
2019-08-28,69.5100,69.5100,,,,,955859000,963169000,955859000,963169000,958198997,955859000,963169000,955859000,963169000,958198997
2019-08-29,69.4800,69.4800,,,,,955859000,963169000,955859000,963169000,958198997,955859000,963169000,955859000,963169000,958198997
2019-08-30,69.4900,69.4900,,,,,955859000,963169000,955859000,963169000,958198997,955859000,963169000,955859000,963169000,958198997
2019-09-03,69.4400,69.4400,,,,,955859000,963169000,955859000,963169000,958198997,955859000,963169000,955859000,963169000,958198997
2019-09-04,69.5700,69.5700,,,,,955859000,963169000,955859000,963169000,958198997,955859000,963169000,955859000,963169000,958198997
2019-09-05,69.6200,69.6200,,,,,955859000,963169000,955859000,963169000,958198997,955859000,963169000,955859000,963169000,958198997
2019-09-06,70.0900,70.0900,,,,,955859000,963169000,955859000,963169000,958198997,955859000,963169000,955859000,963169000,958198997
2019-09-09,70.1100,70.1100,,,,,955859000,963169000,955859000,963169000,958198997,955859000,963169000,955859000,963169000,958198997
2019-09-10,70.0500,70.0500,,,,,955859000,963169000,955859000,963169000,958198997,955859000,963169000,955859000,963169000,958198997
2019-09-11,69.9900,69.9900,,,,,955859000,963169000,955859000,963169000,958198997,955859000,963169000,955859000,963169000,958198997
2019-09-12,70.0000,70.0000,,,,,955859000,963169000,955859000,963169000,958198997,955859000,963169000,955859000,963169000,958198997
2019-09-13,70.0500,70.0500,,,,,955859000,963169000,955859000,963169000,958198997,955859000,963169000,955859000,963169000,958198997
2019-09-16,70.2200,70.2200,,,,,955859000,963169000,955859000,963169000,958198997,955859000,963169000,955859000,963169000,958198997
2019-09-17,70.2000,70.2000,,,,,955859000,963169000,955859000,963169000,958198997,955859000,963169000,955859000,963169000,958198997
2019-09-18,70.3000,70.3000,,,,,955859000,963169000,955859000,963169000,958198997,955859000,963169000,955859000,963169000,958198997
2019-09-19,70.4300,70.4300,,,,,955859000,963169000,955859000,963169000,958198997,955859000,963169000,955859000,963169000,958198997
2019-09-20,70.5100,70.5100,,,,,955859000,963169000,955859000,963169000,958198997,955859000,963169000,955859000,963169000,958198997
2019-09-23,70.8000,70.8000,,,,,955859000,963169000,955859000,963169000,958198997,955859000,963169000,955859000,963169000,958198997
2019-09-24,19.5100,19.5100,,,,,955859000,963169000,955859000,963169000,958198997,955859000,963169000,955859000,963169000,958198997
2019-09-25,19.5500,19.5500,,,,,955859000,963169000,955859000,963169000,958198997,955859000,963169000,955859000,963169000,958198997
2019-09-26,19.7200,19.7200,,,,,955859000,963169000,955859000,963169000,958198997,955859000,963169000,955859000,963169000,958198997
2019-09-27,19.5700,19.5700,,,,,955859000,963169000,955859000,963169000,958198997,955859000,963169000,955859000,963169000,958198997
2019-09-30,19.4800,19.4800,,,,,955859000,963169000,955859000,963169000,958198997,955859000,963169000,955859000,963169000,958198997
2019-10-01,19.6300,19.6300,,,963169000.0,18907007470.00000,955859000,963169000,955859000,963169000,958198997,955859000,963169000,955859000,963169000,958198997
2019-10-02,19.6300,19.6300,,,963169000.0,18907007470.00000,955859000,963169000,955859000,963169000,958198997,955859000,963169000,955859000,963169000,958198997
