"m_date","m_close","m_close_split_adjusted","s_split_date_numerator","s_split_date_denominator","m_shares_outstanding","c_market_cap","fis_weighted_average_basic_shares_outstanding","fis_weighted_average_diluted_shares_outstanding","fis_adjusted_weighted_average_basic_shares_outstanding","fis_adjusted_weighted_average_diluted_shares_outstanding","fis_adjusted_weighted_average_basic_and_diluted_shares_outstanding","c_normalized_weighted_average_basic_shares_outstanding","c_normalized_weighted_average_diluted_shares_outstanding","c_normalized_adjusted_weighted_average_basic_shares_outstanding","c_normalized_adjusted_weighted_average_diluted_shares_outstanding","c_normalized_adjusted_weighted_average_basic_and_diluted_shares_outstanding"
1990-01-02,0.3100,0.6888888889,,,,,,,,,,,,,,
1990-01-03,0.3100,0.6888888889,,,,,,,,,,,,,,
1990-01-04,0.3100,0.6888888889,,,,,,,,,,,,,,
1990-01-05,0.3100,0.6888888889,,,,,,,,,,,,,,
1990-01-08,0.3100,0.6888888889,,,,,,,,,,,,,,
1990-01-09,0.3100,0.6888888889,,,,,,,,,,,,,,
1990-01-10,0.3100,0.6888888889,,,,,,,,,,,,,,
1990-01-11,0.3100,0.6888888889,,,,,,,,,,,,,,
1990-01-12,0.3100,0.6888888889,,,,,,,,,,,,,,
1990-01-15,0.1300,0.2888888889,,,,,,,,,,,,,,
1990-01-16,0.1300,0.2888888889,,,,,,,,,,,,,,
1990-01-17,0.1300,0.2888888889,,,,,,,,,,,,,,
1990-01-18,0.1300,0.2888888889,,,,,,,,,,,,,,
1990-01-19,0.1300,0.2888888889,,,,,,,,,,,,,,
1990-01-22,0.1300,0.2888888889,,,,,,,,,,,,,,
1990-01-23,0.1300,0.2888888889,,,,,,,,,,,,,,
1990-01-24,0.1300,0.2888888889,,,,,,,,,,,,,,
1990-01-25,0.1300,0.2888888889,,,,,,,,,,,,,,
1990-01-26,0.1300,0.2888888889,,,,,,,,,,,,,,
1990-01-29,0.1300,0.2888888889,,,,,,,,,,,,,,
1990-01-30,0.1300,0.2888888889,,,,,,,,,,,,,,
1990-01-31,0.1300,0.2888888889,,,,,,,,,,,,,,
1990-02-01,0.1300,0.2888888889,,,,,,,,,,,,,,
1990-02-02,0.1300,0.2888888889,,,,,,,,,,,,,,
1990-02-05,0.1300,0.2888888889,,,,,,,,,,,,,,
1990-02-06,0.1300,0.2888888889,,,,,,,,,,,,,,
1990-02-07,0.1300,0.2888888889,,,,,,,,,,,,,,
1990-02-08,0.1300,0.2888888889,,,,,,,,,,,,,,
1990-02-09,0.1300,0.2888888889,,,,,,,,,,,,,,
1990-02-12,0.1300,0.2888888889,,,,,,,,,,,,,,
1990-02-13,0.1300,0.2888888889,,,,,,,,,,,,,,
1990-02-14,0.1300,0.2888888889,,,,,,,,,,,,,,
1990-02-15,0.1300,0.2888888889,,,,,,,,,,,,,,
1990-02-16,0.1300,0.2888888889,,,,,,,,,,,,,,
1990-02-20,0.1300,0.2888888889,,,,,,,,,,,,,,
1990-02-21,0.1300,0.2888888889,,,,,,,,,,,,,,
1990-02-22,0.1300,0.2888888889,,,,,,,,,,,,,,
1990-02-23,0.1300,0.2888888889,,,,,,,,,,,,,,
1990-02-26,0.1300,0.2888888889,,,,,,,,,,,,,,
1990-02-27,0.1300,0.2888888889,,,,,,,,,,,,,,
1990-02-28,0.1300,0.2888888889,,,,,,,,,,,,,,
1990-03-01,0.1300,0.2888888889,,,,,,,,,,,,,,
1990-03-02,0.1300,0.2888888889,,,,,,,,,,,,,,
1990-03-05,0.1300,0.2888888889,,,,,,,,,,,,,,
1990-03-06,0.1300,0.2888888889,,,,,,,,,,,,,,
1990-03-07,0.1300,0.2888888889,,,,,,,,,,,,,,
1990-03-08,0.1300,0.2888888889,,,,,,,,,,,,,,
1990-03-09,0.1300,0.2888888889,,,,,,,,,,,,,,
1990-03-12,0.1300,0.2888888889,,,,,,,,,,,,,,
1990-03-13,0.1300,0.2888888889,,,,,,,,,,,,,,
1990-03-14,0.1300,0.2888888889,,,,,,,,,,,,,,
1990-03-15,0.1300,0.2888888889,,,,,,,,,,,,,,
1990-03-16,0.1300,0.2888888889,,,,,,,,,,,,,,
1990-03-19,0.1300,0.2888888889,,,,,,,,,,,,,,
1990-03-20,0.1300,0.2888888889,,,,,,,,,,,,,,
1990-03-21,0.1300,0.2888888889,,,,,,,,,,,,,,
1990-03-22,0.1300,0.2888888889,,,,,,,,,,,,,,
1990-03-23,0.1300,0.2888888889,,,,,,,,,,,,,,
1990-03-26,0.1300,0.2888888889,,,,,,,,,,,,,,
1990-03-27,0.1300,0.2888888889,,,,,,,,,,,,,,
1990-03-28,0.1300,0.2888888889,,,,,,,,,,,,,,
1990-03-29,0.1300,0.2888888889,,,,,,,,,,,,,,
1990-03-30,0.1300,0.2888888889,,,,,,,,,,,,,,
1990-04-02,0.1300,0.2888888889,,,,,,,,,,,,,,
1990-04-03,0.1300,0.2888888889,,,,,,,,,,,,,,
1990-04-04,0.1300,0.2888888889,,,,,,,,,,,,,,
1990-04-05,0.1300,0.2888888889,,,,,,,,,,,,,,
1990-04-06,0.1300,0.2888888889,,,,,,,,,,,,,,
1990-04-09,0.1300,0.2888888889,,,,,,,,,,,,,,
1990-04-10,0.1300,0.2888888889,,,,,,,,,,,,,,
1990-04-11,0.1300,0.2888888889,,,,,,,,,,,,,,
1990-04-12,0.1300,0.2888888889,,,,,,,,,,,,,,
1990-04-16,0.1300,0.2888888889,,,,,,,,,,,,,,
1990-04-17,0.1300,0.2888888889,,,,,,,,,,,,,,
1990-04-18,0.1300,0.2888888889,,,,,,,,,,,,,,
1990-04-19,0.1300,0.2888888889,,,,,,,,,,,,,,
1990-04-20,0.1300,0.2888888889,,,,,,,,,,,,,,
1990-04-23,0.1300,0.2888888889,,,,,,,,,,,,,,
1990-04-24,0.1300,0.2888888889,,,,,,,,,,,,,,
1990-04-25,0.1300,0.2888888889,,,,,,,,,,,,,,
1990-04-26,0.1300,0.2888888889,,,,,,,,,,,,,,
1990-04-27,0.1300,0.2888888889,,,,,,,,,,,,,,
1990-04-30,0.1300,0.2888888889,,,,,,,,,,,,,,
1990-05-01,0.1300,0.2888888889,,,,,,,,,,,,,,
1990-05-02,0.1300,0.2888888889,,,,,,,,,,,,,,
1990-05-03,0.1300,0.2888888889,,,,,,,,,,,,,,
1990-05-04,0.1300,0.2888888889,,,,,,,,,,,,,,
1990-05-07,0.1300,0.2888888889,,,,,,,,,,,,,,
1990-05-08,0.1300,0.2888888889,,,,,,,,,,,,,,
1990-05-09,0.1300,0.2888888889,,,,,,,,,,,,,,
1990-05-10,0.1300,0.2888888889,,,,,,,,,,,,,,
1990-05-11,0.1300,0.2888888889,,,,,,,,,,,,,,
1990-05-14,0.1300,0.2888888889,,,,,,,,,,,,,,
1990-05-15,0.1300,0.2888888889,,,,,,,,,,,,,,
1990-05-16,0.1300,0.2888888889,,,,,,,,,,,,,,
1990-05-17,0.1300,0.2888888889,,,,,,,,,,,,,,
1990-05-18,0.1300,0.2888888889,,,,,,,,,,,,,,
1990-05-21,0.1300,0.2888888889,,,,,,,,,,,,,,
1990-05-22,0.1300,0.2888888889,,,,,,,,,,,,,,
1990-05-23,0.1300,0.2888888889,,,,,,,,,,,,,,
1990-05-24,0.1300,0.2888888889,,,,,,,,,,,,,,
1990-05-25,0.1300,0.2888888889,,,,,,,,,,,,,,
1990-05-29,0.1300,0.2888888889,,,,,,,,,,,,,,
1990-05-30,0.1300,0.2888888889,,,,,,,,,,,,,,
1990-05-31,0.1300,0.2888888889,,,,,,,,,,,,,,
1990-06-01,0.1300,0.2888888889,,,,,,,,,,,,,,
1990-06-04,0.1300,0.2888888889,,,,,,,,,,,,,,
1990-06-05,0.1300,0.2888888889,,,,,,,,,,,,,,
1990-06-06,0.1300,0.2888888889,,,,,,,,,,,,,,
1990-06-07,0.1300,0.2888888889,,,,,,,,,,,,,,
1990-06-08,0.1300,0.2888888889,,,,,,,,,,,,,,
1990-06-11,0.1300,0.2888888889,,,,,,,,,,,,,,
1990-06-12,0.1300,0.2888888889,,,,,,,,,,,,,,
1990-06-13,0.1300,0.2888888889,,,,,,,,,,,,,,
1990-06-14,0.1300,0.2888888889,,,,,,,,,,,,,,
1990-06-15,0.1300,0.2888888889,,,,,,,,,,,,,,
1990-06-18,0.1300,0.2888888889,,,,,,,,,,,,,,
1990-06-19,0.1300,0.2888888889,,,,,,,,,,,,,,
1990-06-20,0.1300,0.2888888889,,,,,,,,,,,,,,
1990-06-21,0.1300,0.2888888889,,,,,,,,,,,,,,
1990-06-22,0.1300,0.2888888889,,,,,,,,,,,,,,
1990-06-25,0.1300,0.2888888889,,,,,,,,,,,,,,
1990-06-26,0.1300,0.2888888889,,,,,,,,,,,,,,
1990-06-27,0.1300,0.2888888889,,,,,,,,,,,,,,
1990-06-28,0.1300,0.2888888889,,,,,,,,,,,,,,
1990-06-29,0.1300,0.2888888889,,,,,,,,,,,,,,
1990-07-02,0.1300,0.2888888889,,,,,,,,,,,,,,
1990-07-03,0.1300,0.2888888889,,,,,,,,,,,,,,
1990-07-05,0.1300,0.2888888889,,,,,,,,,,,,,,
1990-07-06,0.1900,0.4222222222,,,,,,,,,,,,,,
1990-07-09,0.1900,0.4222222222,,,,,,,,,,,,,,
1990-07-10,0.1900,0.4222222222,,,,,,,,,,,,,,
1990-07-11,0.1900,0.4222222222,,,,,,,,,,,,,,
1990-07-12,0.1900,0.4222222222,,,,,,,,,,,,,,
1990-07-13,0.1900,0.4222222222,,,,,,,,,,,,,,
1990-07-16,0.1900,0.4222222222,,,,,,,,,,,,,,
1990-07-17,0.1900,0.4222222222,,,,,,,,,,,,,,
1990-07-18,0.1900,0.4222222222,,,,,,,,,,,,,,
1990-07-19,0.1900,0.4222222222,,,,,,,,,,,,,,
1990-07-20,0.1900,0.4222222222,,,,,,,,,,,,,,
1990-07-23,0.1900,0.4222222222,,,,,,,,,,,,,,
1990-07-24,0.1900,0.4222222222,,,,,,,,,,,,,,
1990-07-25,0.1900,0.4222222222,,,,,,,,,,,,,,
1990-07-26,0.1900,0.4222222222,,,,,,,,,,,,,,
1990-07-27,0.1900,0.4222222222,,,,,,,,,,,,,,
1990-07-30,0.1900,0.4222222222,,,,,,,,,,,,,,
1990-07-31,0.1900,0.4222222222,,,,,,,,,,,,,,
1990-08-01,0.1900,0.4222222222,,,,,,,,,,,,,,
1990-08-02,0.1900,0.4222222222,,,,,,,,,,,,,,
1990-08-03,0.1900,0.4222222222,,,,,,,,,,,,,,
1990-08-06,0.1900,0.4222222222,,,,,,,,,,,,,,
1990-08-07,0.1900,0.4222222222,,,,,,,,,,,,,,
1990-08-08,0.1900,0.4222222222,,,,,,,,,,,,,,
1990-08-09,0.1900,0.4222222222,,,,,,,,,,,,,,
1990-08-10,0.1900,0.4222222222,,,,,,,,,,,,,,
1990-08-13,0.1900,0.4222222222,,,,,,,,,,,,,,
1990-08-14,0.2200,0.4888888889,,,,,,,,,,,,,,
1990-08-15,0.2200,0.4888888889,,,,,,,,,,,,,,
1990-08-16,0.2200,0.4888888889,,,,,,,,,,,,,,
1990-08-17,0.2200,0.4888888889,,,,,,,,,,,,,,
1990-08-20,0.2200,0.4888888889,,,,,,,,,,,,,,
1990-08-21,0.2200,0.4888888889,,,,,,,,,,,,,,
1990-08-22,0.2200,0.4888888889,,,,,,,,,,,,,,
1990-08-23,0.2200,0.4888888889,,,,,,,,,,,,,,
1990-08-24,0.2200,0.4888888889,,,,,,,,,,,,,,
1990-08-27,0.2200,0.4888888889,,,,,,,,,,,,,,
1990-08-28,0.2200,0.4888888889,,,,,,,,,,,,,,
1990-08-29,0.2200,0.4888888889,,,,,,,,,,,,,,
1990-08-30,0.2200,0.4888888889,,,,,,,,,,,,,,
1990-08-31,0.2200,0.4888888889,,,,,,,,,,,,,,
1990-09-04,0.2500,0.5555555556,,,,,,,,,,,,,,
1990-09-05,0.2500,0.5555555556,,,,,,,,,,,,,,
1990-09-06,0.2500,0.5555555556,,,,,,,,,,,,,,
1990-09-07,0.2500,0.5555555556,,,,,,,,,,,,,,
1990-09-10,0.2500,0.5555555556,,,,,,,,,,,,,,
1990-09-11,0.2500,0.5555555556,,,,,,,,,,,,,,
1990-09-12,0.2500,0.5555555556,,,,,,,,,,,,,,
1990-09-13,0.2500,0.5555555556,,,,,,,,,,,,,,
1990-09-14,0.2500,0.5555555556,,,,,,,,,,,,,,
1990-09-17,0.2500,0.5555555556,,,,,,,,,,,,,,
1990-09-18,0.2500,0.5555555556,,,,,,,,,,,,,,
1990-09-19,0.2500,0.5555555556,,,,,,,,,,,,,,
1990-09-20,0.2500,0.5555555556,,,,,,,,,,,,,,
1990-09-21,0.2500,0.5555555556,,,,,,,,,,,,,,
1990-09-24,0.2500,0.5555555556,,,,,,,,,,,,,,
1990-09-25,0.2500,0.5555555556,,,,,,,,,,,,,,
1990-09-26,0.2500,0.5555555556,,,,,,,,,,,,,,
1990-09-27,0.2500,0.5555555556,,,,,,,,,,,,,,
1990-09-28,0.2500,0.5555555556,,,,,,,,,,,,,,
1990-10-01,0.2500,0.5555555556,,,,,,,,,,,,,,
1990-10-02,0.2500,0.5555555556,,,,,,,,,,,,,,
1990-10-03,0.2500,0.5555555556,,,,,,,,,,,,,,
1990-10-04,0.2500,0.5555555556,,,,,,,,,,,,,,
1990-10-05,0.2500,0.5555555556,,,,,,,,,,,,,,
1990-10-08,0.2500,0.5555555556,,,,,,,,,,,,,,
1990-10-09,0.2500,0.5555555556,,,,,,,,,,,,,,
1990-10-10,0.2500,0.5555555556,,,,,,,,,,,,,,
1990-10-11,0.2500,0.5555555556,,,,,,,,,,,,,,
1990-10-12,0.2500,0.5555555556,,,,,,,,,,,,,,
1990-10-15,0.2500,0.5555555556,,,,,,,,,,,,,,
1990-10-16,0.2500,0.5555555556,,,,,,,,,,,,,,
1990-10-17,0.2500,0.5555555556,,,,,,,,,,,,,,
1990-10-18,0.2500,0.5555555556,,,,,,,,,,,,,,
1990-10-19,0.2500,0.5555555556,,,,,,,,,,,,,,
1990-10-22,0.2500,0.5555555556,,,,,,,,,,,,,,
1990-10-23,0.2500,0.5555555556,,,,,,,,,,,,,,
1990-10-24,0.1300,0.2888888889,,,,,,,,,,,,,,
1990-10-25,0.0600,0.1333333333,,,,,,,,,,,,,,
1990-10-26,0.0600,0.1333333333,,,,,,,,,,,,,,
1990-10-29,0.0600,0.1333333333,,,,,,,,,,,,,,
1990-10-30,0.0600,0.1333333333,,,,,,,,,,,,,,
1990-10-31,0.0900,0.2000000000,,,,,,,,,,,,,,
1990-11-01,0.0900,0.2000000000,,,,,,,,,,,,,,
1990-11-02,0.0900,0.2000000000,,,,,,,,,,,,,,
1990-11-05,0.0900,0.2000000000,,,,,,,,,,,,,,
1990-11-06,0.0900,0.2000000000,,,,,,,,,,,,,,
1990-11-07,0.1300,0.2888888889,,,,,,,,,,,,,,
1990-11-08,0.1300,0.2888888889,,,,,,,,,,,,,,
1990-11-09,0.1300,0.2888888889,,,,,,,,,,,,,,
1990-11-12,0.1300,0.2888888889,,,,,,,,,,,,,,
1990-11-13,0.1300,0.2888888889,,,,,,,,,,,,,,
1990-11-14,0.1300,0.2888888889,,,,,,,,,,,,,,
1990-11-15,0.1300,0.2888888889,,,,,,,,,,,,,,
1990-11-16,0.1300,0.2888888889,,,,,,,,,,,,,,
1990-11-19,0.1300,0.2888888889,,,,,,,,,,,,,,
1990-11-20,0.1300,0.2888888889,,,,,,,,,,,,,,
1990-11-21,0.1300,0.2888888889,,,,,,,,,,,,,,
1990-11-23,0.1300,0.2888888889,,,,,,,,,,,,,,
1990-11-26,0.1300,0.2888888889,,,,,,,,,,,,,,
1990-11-27,0.1300,0.2888888889,,,,,,,,,,,,,,
1990-11-28,0.1300,0.2888888889,,,,,,,,,,,,,,
1990-11-29,0.1300,0.2888888889,,,,,,,,,,,,,,
1990-11-30,0.1300,0.2888888889,,,,,,,,,,,,,,
1990-12-03,0.1300,0.2888888889,,,,,,,,,,,,,,
1990-12-04,0.1300,0.2888888889,,,,,,,,,,,,,,
1990-12-05,0.1300,0.2888888889,,,,,,,,,,,,,,
1990-12-06,0.1300,0.2888888889,,,,,,,,,,,,,,
1990-12-07,0.1300,0.2888888889,,,,,,,,,,,,,,
1990-12-10,0.1300,0.2888888889,,,,,,,,,,,,,,
1990-12-11,0.1300,0.2888888889,,,,,,,,,,,,,,
1990-12-12,0.1300,0.2888888889,,,,,,,,,,,,,,
1990-12-13,0.1300,0.2888888889,,,,,,,,,,,,,,
1990-12-14,0.1300,0.2888888889,,,,,,,,,,,,,,
1990-12-17,0.1300,0.2888888889,,,,,,,,,,,,,,
1990-12-18,0.1300,0.2888888889,,,,,,,,,,,,,,
1990-12-19,0.1300,0.2888888889,,,,,,,,,,,,,,
1990-12-20,0.1300,0.2888888889,,,,,,,,,,,,,,
1990-12-21,0.1300,0.2888888889,,,,,,,,,,,,,,
1990-12-24,0.1300,0.2888888889,,,,,,,,,,,,,,
1990-12-26,0.1300,0.2888888889,,,,,,,,,,,,,,
1990-12-27,0.1300,0.2888888889,,,,,,,,,,,,,,
1990-12-28,0.1300,0.2888888889,,,,,,,,,,,,,,
1990-12-31,0.1300,0.2888888889,,,,,,,,,,,,,,
1991-01-02,0.1300,0.2888888889,,,,,,,,,,,,,,
1991-01-03,0.1300,0.2888888889,,,,,,,,,,,,,,
1991-01-04,0.1300,0.2888888889,,,,,,,,,,,,,,
1991-01-07,0.1300,0.2888888889,,,,,,,,,,,,,,
1991-01-08,0.1300,0.2888888889,,,,,,,,,,,,,,
1991-01-09,0.1300,0.2888888889,,,,,,,,,,,,,,
1991-01-10,0.1300,0.2888888889,,,,,,,,,,,,,,
1991-01-11,0.1300,0.2888888889,,,,,,,,,,,,,,
1991-01-14,0.1300,0.2888888889,,,,,,,,,,,,,,
1991-01-15,0.1300,0.2888888889,,,,,,,,,,,,,,
1991-01-16,0.1300,0.2888888889,,,,,,,,,,,,,,
1991-01-17,0.1300,0.2888888889,,,,,,,,,,,,,,
1991-01-18,0.1300,0.2888888889,,,,,,,,,,,,,,
1991-01-21,0.1300,0.2888888889,,,,,,,,,,,,,,
1991-01-22,0.1300,0.2888888889,,,,,,,,,,,,,,
1991-01-23,0.1300,0.2888888889,,,,,,,,,,,,,,
1991-01-24,0.1300,0.2888888889,,,,,,,,,,,,,,
1991-01-25,0.1300,0.2888888889,,,,,,,,,,,,,,
1991-01-28,0.1300,0.2888888889,,,,,,,,,,,,,,
1991-01-29,0.1300,0.2888888889,,,,,,,,,,,,,,
1991-01-30,0.1300,0.2888888889,,,,,,,,,,,,,,
1991-01-31,0.1300,0.2888888889,,,,,,,,,,,,,,
1991-02-01,0.1300,0.2888888889,,,,,,,,,,,,,,
1991-02-04,0.1300,0.2888888889,,,,,,,,,,,,,,
1991-02-05,0.1300,0.2888888889,,,,,,,,,,,,,,
1991-02-06,0.1300,0.2888888889,,,,,,,,,,,,,,
1991-02-07,0.1300,0.2888888889,,,,,,,,,,,,,,
1991-02-08,0.1300,0.2888888889,,,,,,,,,,,,,,
1991-02-11,0.1300,0.2888888889,,,,,,,,,,,,,,
1991-02-12,0.1300,0.2888888889,,,,,,,,,,,,,,
1991-02-13,0.1300,0.2888888889,,,,,,,,,,,,,,
1991-02-14,0.1300,0.2888888889,,,,,,,,,,,,,,
1991-02-15,0.1300,0.2888888889,,,,,,,,,,,,,,
1991-02-19,0.1300,0.2888888889,,,,,,,,,,,,,,
1991-02-20,0.1300,0.2888888889,,,,,,,,,,,,,,
1991-02-21,0.1300,0.2888888889,,,,,,,,,,,,,,
1991-02-22,0.1300,0.2888888889,,,,,,,,,,,,,,
1991-02-25,0.1300,0.2888888889,,,,,,,,,,,,,,
1991-02-26,0.1300,0.2888888889,,,,,,,,,,,,,,
1991-02-27,0.1300,0.2888888889,,,,,,,,,,,,,,
1991-02-28,0.1300,0.2888888889,,,,,,,,,,,,,,
1991-03-01,0.1300,0.2888888889,,,,,,,,,,,,,,
1991-03-04,0.1300,0.2888888889,,,,,,,,,,,,,,
1991-03-05,0.1600,0.3555555556,,,,,,,,,,,,,,
1991-03-06,0.1600,0.3555555556,,,,,,,,,,,,,,
1991-03-07,0.1600,0.3555555556,,,,,,,,,,,,,,
1991-03-08,0.1600,0.3555555556,,,,,,,,,,,,,,
1991-03-11,0.1600,0.3555555556,,,,,,,,,,,,,,
1991-03-12,0.1600,0.3555555556,,,,,,,,,,,,,,
1991-03-13,0.1600,0.3555555556,,,,,,,,,,,,,,
1991-03-14,0.1600,0.3555555556,,,,,,,,,,,,,,
1991-03-15,0.1600,0.3555555556,,,,,,,,,,,,,,
1991-03-18,0.1600,0.3555555556,,,,,,,,,,,,,,
1991-03-19,0.1600,0.3555555556,,,,,,,,,,,,,,
1991-03-20,0.1600,0.3555555556,,,,,,,,,,,,,,
1991-03-21,0.1600,0.3555555556,,,,,,,,,,,,,,
1991-03-22,0.1600,0.3555555556,,,,,,,,,,,,,,
1991-03-25,0.1600,0.3555555556,,,,,,,,,,,,,,
1991-03-26,0.1900,0.4222222222,,,,,,,,,,,,,,
1991-03-27,0.2500,0.5555555556,,,,,,,,,,,,,,
1991-03-28,0.3100,0.6888888889,,,,,,,,,,,,,,
1991-04-01,0.3100,0.6888888889,,,,,,,,,,,,,,
1991-04-02,0.3100,0.6888888889,,,,,,,,,,,,,,
1991-04-03,0.3100,0.6888888889,,,,,,,,,,,,,,
1991-04-04,0.3100,0.6888888889,,,,,,,,,,,,,,
1991-04-05,0.3100,0.6888888889,,,,,,,,,,,,,,
1991-04-08,0.3100,0.6888888889,,,,,,,,,,,,,,
1991-04-09,0.3100,0.6888888889,,,,,,,,,,,,,,
1991-04-10,0.3100,0.6888888889,,,,,,,,,,,,,,
1991-04-11,0.3100,0.6888888889,,,,,,,,,,,,,,
1991-04-12,0.3100,0.6888888889,,,,,,,,,,,,,,
1991-04-15,0.3100,0.6888888889,,,,,,,,,,,,,,
1991-04-16,0.3100,0.6888888889,,,,,,,,,,,,,,
1991-04-17,0.3100,0.6888888889,,,,,,,,,,,,,,
1991-04-18,0.3100,0.6888888889,,,,,,,,,,,,,,
1991-04-19,0.1900,0.4222222222,,,,,,,,,,,,,,
1991-04-22,0.1900,0.4222222222,,,,,,,,,,,,,,
1991-04-23,0.1900,0.4222222222,,,,,,,,,,,,,,
1991-04-24,0.1875,0.4166666667,,,,,,,,,,,,,,
1991-04-25,0.1875,0.4166666667,,,,,,,,,,,,,,
1991-04-26,0.1875,0.4166666667,,,,,,,,,,,,,,
1991-04-29,0.1875,0.4166666667,,,,,,,,,,,,,,
1991-04-30,0.1875,0.4166666667,,,,,,,,,,,,,,
1991-05-01,0.1875,0.4166666667,,,,,,,,,,,,,,
1991-05-02,0.1875,0.4166666667,,,,,,,,,,,,,,
1991-05-03,0.1875,0.4166666667,,,,,,,,,,,,,,
1991-05-06,0.1875,0.4166666667,,,,,,,,,,,,,,
1991-05-07,0.1875,0.4166666667,,,,,,,,,,,,,,
1991-05-08,0.1875,0.4166666667,,,,,,,,,,,,,,
1991-05-09,0.1875,0.4166666667,,,,,,,,,,,,,,
1991-05-10,0.1875,0.4166666667,,,,,,,,,,,,,,
1991-05-13,0.1875,0.4166666667,,,,,,,,,,,,,,
1991-05-14,0.1875,0.4166666667,,,,,,,,,,,,,,
1991-05-15,0.1875,0.4166666667,,,,,,,,,,,,,,
1991-05-16,0.1875,0.4166666667,,,,,,,,,,,,,,
1991-05-17,0.1875,0.4166666667,,,,,,,,,,,,,,
1991-05-20,0.1875,0.4166666667,,,,,,,,,,,,,,
1991-05-21,0.1875,0.4166666667,,,,,,,,,,,,,,
1991-05-22,0.1875,0.4166666667,,,,,,,,,,,,,,
1991-05-23,0.1875,0.4166666667,,,,,,,,,,,,,,
1991-05-24,0.1875,0.4166666667,,,,,,,,,,,,,,
1991-05-28,0.1875,0.4166666667,,,,,,,,,,,,,,
1991-05-29,0.1875,0.4166666667,,,,,,,,,,,,,,
1991-05-30,0.1900,0.4222222222,,,,,,,,,,,,,,
1991-05-31,0.1875,0.4166666667,,,,,,,,,,,,,,
1991-06-03,0.1875,0.4166666667,,,,,,,,,,,,,,
1991-06-04,0.1875,0.4166666667,,,,,,,,,,,,,,
1991-06-05,0.1875,0.4166666667,,,,,,,,,,,,,,
1991-06-06,0.1875,0.4166666667,,,,,,,,,,,,,,
1991-06-07,0.1875,0.4166666667,,,,,,,,,,,,,,
1991-06-10,0.1875,0.4166666667,,,,,,,,,,,,,,
1991-06-11,0.1875,0.4166666667,,,,,,,,,,,,,,
1991-06-12,0.1900,0.4222222222,,,,,,,,,,,,,,
1991-06-13,0.1900,0.4222222222,,,,,,,,,,,,,,
1991-06-14,0.1875,0.4166666667,,,,,,,,,,,,,,
1991-06-17,0.1875,0.4166666667,,,,,,,,,,,,,,
1991-06-18,0.1875,0.4166666667,,,,,,,,,,,,,,
1991-06-19,0.1875,0.4166666667,,,,,,,,,,,,,,
1991-06-20,0.1875,0.4166666667,,,,,,,,,,,,,,
1991-06-21,0.1875,0.4166666667,,,,,,,,,,,,,,
1991-06-24,0.1875,0.4166666667,,,,,,,,,,,,,,
1991-06-25,0.1875,0.4166666667,,,,,,,,,,,,,,
1991-06-26,0.1875,0.4166666667,,,,,,,,,,,,,,
1991-06-27,0.1875,0.4166666667,,,,,,,,,,,,,,
1991-06-28,0.1900,0.4222222222,,,,,,,,,,,,,,
1991-07-01,0.1900,0.4222222222,,,,,,,,,,,,,,
1991-07-02,0.1875,0.4166666667,,,,,,,,,,,,,,
1991-07-03,0.1875,0.4166666667,,,,,,,,,,,,,,
1991-07-05,0.1875,0.4166666667,,,,,,,,,,,,,,
1991-07-08,0.1875,0.4166666667,,,,,,,,,,,,,,
1991-07-09,0.1875,0.4166666667,,,,,,,,,,,,,,
1991-07-10,0.1875,0.4166666667,,,,,,,,,,,,,,
1991-07-11,0.1875,0.4166666667,,,,,,,,,,,,,,
1991-07-12,0.1875,0.4166666667,,,,,,,,,,,,,,
1991-07-15,0.1875,0.4166666667,,,,,,,,,,,,,,
1991-07-16,0.1875,0.4166666667,,,,,,,,,,,,,,
1991-07-17,0.1875,0.4166666667,,,,,,,,,,,,,,
1991-07-18,0.1875,0.4166666667,,,,,,,,,,,,,,
1991-07-19,0.1875,0.4166666667,,,,,,,,,,,,,,
1991-07-22,0.1875,0.4166666667,,,,,,,,,,,,,,
1991-07-23,0.1875,0.4166666667,,,,,,,,,,,,,,
1991-07-24,0.1875,0.4166666667,,,,,,,,,,,,,,
1991-07-25,0.1875,0.4166666667,,,,,,,,,,,,,,
1991-07-26,0.1875,0.4166666667,,,,,,,,,,,,,,
1991-07-29,0.1875,0.4166666667,,,,,,,,,,,,,,
1991-07-30,0.1875,0.4166666667,,,,,,,,,,,,,,
1991-07-31,0.1875,0.4166666667,,,,,,,,,,,,,,
1991-08-01,0.1875,0.4166666667,,,,,,,,,,,,,,
1991-08-02,0.1875,0.4166666667,,,,,,,,,,,,,,
1991-08-05,0.1875,0.4166666667,,,,,,,,,,,,,,
1991-08-06,0.1875,0.4166666667,,,,,,,,,,,,,,
1991-08-07,0.1875,0.4166666667,,,,,,,,,,,,,,
1991-08-08,0.1875,0.4166666667,,,,,,,,,,,,,,
1991-08-09,0.1875,0.4166666667,,,,,,,,,,,,,,
1991-08-12,0.1875,0.4166666667,,,,,,,,,,,,,,
1991-08-13,0.1875,0.4166666667,,,,,,,,,,,,,,
1991-08-14,0.1875,0.4166666667,,,,,,,,,,,,,,
1991-08-15,0.1875,0.4166666667,,,,,,,,,,,,,,
1991-08-16,0.1875,0.4166666667,,,,,,,,,,,,,,
1991-08-19,0.1875,0.4166666667,,,,,,,,,,,,,,
1991-08-20,0.1875,0.4166666667,,,,,,,,,,,,,,
1991-08-21,0.1875,0.4166666667,,,,,,,,,,,,,,
1991-08-22,0.1875,0.4166666667,,,,,,,,,,,,,,
1991-08-23,0.1875,0.4166666667,,,,,,,,,,,,,,
1991-08-26,0.1900,0.4222222222,,,,,,,,,,,,,,
1991-08-27,0.1875,0.4166666667,,,,,,,,,,,,,,
1991-08-28,0.1900,0.4222222222,,,,,,,,,,,,,,
1991-08-29,0.1875,0.4166666667,,,,,,,,,,,,,,
1991-08-30,0.1875,0.4166666667,,,,,,,,,,,,,,
1991-09-03,0.1875,0.4166666667,,,,,,,,,,,,,,
1991-09-04,0.1875,0.4166666667,,,,,,,,,,,,,,
1991-09-05,0.1875,0.4166666667,,,,,,,,,,,,,,
1991-09-06,0.1875,0.4166666667,,,,,,,,,,,,,,
1991-09-09,0.1875,0.4166666667,,,,,,,,,,,,,,
1991-09-10,0.1875,0.4166666667,,,,,,,,,,,,,,
1991-09-11,0.1875,0.4166666667,,,,,,,,,,,,,,
1991-09-12,0.1875,0.4166666667,,,,,,,,,,,,,,
1991-09-13,0.1875,0.4166666667,,,,,,,,,,,,,,
1991-09-16,0.1875,0.4166666667,,,,,,,,,,,,,,
1991-09-17,0.1875,0.4166666667,,,,,,,,,,,,,,
1991-09-18,0.1875,0.4166666667,,,,,,,,,,,,,,
1991-09-19,0.1875,0.4166666667,,,,,,,,,,,,,,
1991-09-20,0.1875,0.4166666667,,,,,,,,,,,,,,
1991-09-23,0.1875,0.4166666667,,,,,,,,,,,,,,
1991-09-24,0.1875,0.4166666667,,,,,,,,,,,,,,
1991-09-25,0.1875,0.4166666667,,,,,,,,,,,,,,
1991-09-26,0.1875,0.4166666667,,,,,,,,,,,,,,
1991-09-27,0.1875,0.4166666667,,,,,,,,,,,,,,
1991-09-30,0.1875,0.4166666667,,,,,,,,,,,,,,
1991-10-01,0.1875,0.4166666667,,,,,,,,,,,,,,
1991-10-02,0.1875,0.4166666667,,,,,,,,,,,,,,
1991-10-03,0.1875,0.4166666667,,,,,,,,,,,,,,
1991-10-04,0.1875,0.4166666667,,,,,,,,,,,,,,
1991-10-07,0.1875,0.4166666667,,,,,,,,,,,,,,
1991-10-08,0.1875,0.4166666667,,,,,,,,,,,,,,
1991-10-09,0.1875,0.4166666667,,,,,,,,,,,,,,
1991-10-10,0.1875,0.4166666667,,,,,,,,,,,,,,
1991-10-11,0.1875,0.4166666667,,,,,,,,,,,,,,
1991-10-14,0.1875,0.4166666667,,,,,,,,,,,,,,
1991-10-15,0.1875,0.4166666667,,,,,,,,,,,,,,
1991-10-16,0.1875,0.4166666667,,,,,,,,,,,,,,
1991-10-17,0.1875,0.4166666667,,,,,,,,,,,,,,
1991-10-18,0.1875,0.4166666667,,,,,,,,,,,,,,
1991-10-21,0.1875,0.4166666667,,,,,,,,,,,,,,
1991-10-22,0.1875,0.4166666667,,,,,,,,,,,,,,
1991-10-23,0.1875,0.4166666667,,,,,,,,,,,,,,
1991-10-24,0.1875,0.4166666667,,,,,,,,,,,,,,
1991-10-25,0.1875,0.4166666667,,,,,,,,,,,,,,
1991-10-28,0.1900,0.4222222222,,,,,,,,,,,,,,
1991-10-29,0.1875,0.4166666667,,,,,,,,,,,,,,
1991-10-30,0.1875,0.4166666667,,,,,,,,,,,,,,
1991-10-31,0.1875,0.4166666667,,,,,,,,,,,,,,
1991-11-01,0.1875,0.4166666667,,,,,,,,,,,,,,
1991-11-04,0.1875,0.4166666667,,,,,,,,,,,,,,
1991-11-05,0.1875,0.4166666667,,,,,,,,,,,,,,
1991-11-06,0.1875,0.4166666667,,,,,,,,,,,,,,
1991-11-07,0.1875,0.4166666667,,,,,,,,,,,,,,
1991-11-08,0.1875,0.4166666667,,,,,,,,,,,,,,
1991-11-11,0.1875,0.4166666667,,,,,,,,,,,,,,
1991-11-12,0.1875,0.4166666667,,,,,,,,,,,,,,
1991-11-13,0.1875,0.4166666667,,,,,,,,,,,,,,
1991-11-14,0.1875,0.4166666667,,,,,,,,,,,,,,
1991-11-15,0.1875,0.4166666667,,,,,,,,,,,,,,
1991-11-18,0.1875,0.4166666667,,,,,,,,,,,,,,
1991-11-19,0.1875,0.4166666667,,,,,,,,,,,,,,
1991-11-20,0.2500,0.5555555556,,,,,,,,,,,,,,
1991-11-21,0.2500,0.5555555556,,,,,,,,,,,,,,
1991-11-22,0.2500,0.5555555556,,,,,,,,,,,,,,
1991-11-25,0.2500,0.5555555556,,,,,,,,,,,,,,
1991-11-26,0.2500,0.5555555556,,,,,,,,,,,,,,
1991-11-27,0.2500,0.5555555556,,,,,,,,,,,,,,
1991-11-29,0.2500,0.5555555556,,,,,,,,,,,,,,
1991-12-02,0.2500,0.5555555556,,,,,,,,,,,,,,
1991-12-03,0.2500,0.5555555556,,,,,,,,,,,,,,
1991-12-04,0.2500,0.5555555556,,,,,,,,,,,,,,
1991-12-05,0.2500,0.5555555556,,,,,,,,,,,,,,
1991-12-06,0.2500,0.5555555556,,,,,,,,,,,,,,
1991-12-09,0.2500,0.5555555556,,,,,,,,,,,,,,
1991-12-10,0.2500,0.5555555556,,,,,,,,,,,,,,
1991-12-11,0.2500,0.5555555556,,,,,,,,,,,,,,
1991-12-12,0.2500,0.5555555556,,,,,,,,,,,,,,
1991-12-13,0.2500,0.5555555556,,,,,,,,,,,,,,
1991-12-16,0.2500,0.5555555556,,,,,,,,,,,,,,
1991-12-17,0.2500,0.5555555556,,,,,,,,,,,,,,
1991-12-18,0.2500,0.5555555556,,,,,,,,,,,,,,
1991-12-19,0.2500,0.5555555556,,,,,,,,,,,,,,
1991-12-20,0.2500,0.5555555556,,,,,,,,,,,,,,
1991-12-23,0.2500,0.5555555556,,,,,,,,,,,,,,
1991-12-24,0.2500,0.5555555556,,,,,,,,,,,,,,
1991-12-26,0.2500,0.5555555556,,,,,,,,,,,,,,
1991-12-27,0.2500,0.5555555556,,,,,,,,,,,,,,
1991-12-30,0.2500,0.5555555556,,,,,,,,,,,,,,
1991-12-31,0.2500,0.5555555556,,,,,,,,,,,,,,
1992-01-02,0.2500,0.5555555556,,,,,,,,,,,,,,
1992-01-03,0.2500,0.5555555556,,,,,,,,,,,,,,
1992-01-06,0.2500,0.5555555556,,,,,,,,,,,,,,
1992-01-07,0.2500,0.5555555556,,,,,,,,,,,,,,
1992-01-08,0.2500,0.5555555556,,,,,,,,,,,,,,
1992-01-09,0.2500,0.5555555556,,,,,,,,,,,,,,
1992-01-10,0.2500,0.5555555556,,,,,,,,,,,,,,
1992-01-13,0.2500,0.5555555556,,,,,,,,,,,,,,
1992-01-14,0.2500,0.5555555556,,,,,,,,,,,,,,
1992-01-15,0.2500,0.5555555556,,,,,,,,,,,,,,
1992-01-16,0.2500,0.5555555556,,,,,,,,,,,,,,
1992-01-17,0.2500,0.5555555556,,,,,,,,,,,,,,
1992-01-20,0.2500,0.5555555556,,,,,,,,,,,,,,
1992-01-21,0.2500,0.5555555556,,,,,,,,,,,,,,
1992-01-22,0.2500,0.5555555556,,,,,,,,,,,,,,
1992-01-23,0.2500,0.5555555556,,,,,,,,,,,,,,
1992-01-24,0.2500,0.5555555556,,,,,,,,,,,,,,
1992-01-27,0.2500,0.5555555556,,,,,,,,,,,,,,
1992-01-28,0.2500,0.5555555556,,,,,,,,,,,,,,
1992-01-29,0.2500,0.5555555556,,,,,,,,,,,,,,
1992-01-30,0.2500,0.5555555556,,,,,,,,,,,,,,
1992-01-31,0.2500,0.5555555556,,,,,,,,,,,,,,
1992-02-03,0.2500,0.5555555556,,,,,,,,,,,,,,
1992-02-04,0.2500,0.5555555556,,,,,,,,,,,,,,
1992-02-05,0.2500,0.5555555556,,,,,,,,,,,,,,
1992-02-06,0.2500,0.5555555556,,,,,,,,,,,,,,
1992-02-07,0.2500,0.5555555556,,,,,,,,,,,,,,
1992-02-10,0.2500,0.5555555556,,,,,,,,,,,,,,
1992-02-11,0.3125,0.6944444444,,,,,,,,,,,,,,
1992-02-12,0.3125,0.6944444444,,,,,,,,,,,,,,
1992-02-13,0.3125,0.6944444444,,,,,,,,,,,,,,
1992-02-14,0.3750,0.8333333333,,,,,,,,,,,,,,
1992-02-18,0.5000,1.1111111111,,,,,,,,,,,,,,
1992-02-19,0.5000,1.1111111111,,,,,,,,,,,,,,
1992-02-20,0.5000,1.1111111111,,,,,,,,,,,,,,
1992-02-21,0.5000,1.1111111111,,,,,,,,,,,,,,
1992-02-24,0.5000,1.1111111111,,,,,,,,,,,,,,
1992-02-25,0.5000,1.1111111111,,,,,,,,,,,,,,
1992-02-26,0.5000,1.1111111111,,,,,,,,,,,,,,
1992-02-27,0.5000,1.1111111111,,,,,,,,,,,,,,
1992-02-28,0.5000,1.1111111111,,,,,,,,,,,,,,
1992-03-02,0.5000,1.1111111111,,,,,,,,,,,,,,
1992-03-03,0.5000,1.1111111111,,,,,,,,,,,,,,
1992-03-04,0.5000,1.1111111111,,,,,,,,,,,,,,
1992-03-05,0.5000,1.1111111111,,,,,,,,,,,,,,
1992-03-06,0.5000,1.1111111111,,,,,,,,,,,,,,
1992-03-09,0.3750,0.8333333333,,,,,,,,,,,,,,
1992-03-10,0.2500,0.5555555556,,,,,,,,,,,,,,
1992-03-11,0.2500,0.5555555556,,,,,,,,,,,,,,
1992-03-12,0.3125,0.6944444444,,,,,,,,,,,,,,
1992-03-13,0.3125,0.6944444444,,,,,,,,,,,,,,
1992-03-16,0.3125,0.6944444444,,,,,,,,,,,,,,
1992-03-17,0.3125,0.6944444444,,,,,,,,,,,,,,
1992-03-18,0.3125,0.6944444444,,,,,,,,,,,,,,
1992-03-19,0.3100,0.6888888889,,,,,,,,,,,,,,
1992-03-20,0.3125,0.6944444444,,,,,,,,,,,,,,
1992-03-23,0.3125,0.6944444444,,,,,,,,,,,,,,
1992-03-24,0.3125,0.6944444444,,,,,,,,,,,,,,
1992-03-25,0.3125,0.6944444444,,,,,,,,,,,,,,
1992-03-26,0.3125,0.6944444444,,,,,,,,,,,,,,
1992-03-27,0.3125,0.6944444444,,,,,,,,,,,,,,
1992-03-30,0.3125,0.6944444444,,,,,,,,,,,,,,
1992-03-31,0.3125,0.6944444444,,,,,,,,,,,,,,
1992-04-01,0.3125,0.6944444444,,,,,,,,,,,,,,
1992-04-02,0.3125,0.6944444444,,,,,,,,,,,,,,
1992-04-03,0.3125,0.6944444444,,,,,,,,,,,,,,
1992-04-06,0.3125,0.6944444444,,,,,,,,,,,,,,
1992-04-07,0.3125,0.6944444444,,,,,,,,,,,,,,
1992-04-08,0.3125,0.6944444444,,,,,,,,,,,,,,
1992-04-09,0.2500,0.5555555556,,,,,,,,,,,,,,
1992-04-10,0.2500,0.5555555556,,,,,,,,,,,,,,
1992-04-13,0.2500,0.5555555556,,,,,,,,,,,,,,
1992-04-14,0.2500,0.5555555556,,,,,,,,,,,,,,
1992-04-15,0.2500,0.5555555556,,,,,,,,,,,,,,
1992-04-16,0.2500,0.5555555556,,,,,,,,,,,,,,
1992-04-20,0.2500,0.5555555556,,,,,,,,,,,,,,
1992-04-21,0.2500,0.5555555556,,,,,,,,,,,,,,
1992-04-22,0.2500,0.5555555556,,,,,,,,,,,,,,
1992-04-23,0.2500,0.5555555556,,,,,,,,,,,,,,
1992-04-24,0.2500,0.5555555556,,,,,,,,,,,,,,
1992-04-27,0.2500,0.5555555556,,,,,,,,,,,,,,
1992-04-28,0.2500,0.5555555556,,,,,,,,,,,,,,
1992-04-29,0.2500,0.5555555556,,,,,,,,,,,,,,
1992-04-30,0.2500,0.5555555556,,,,,,,,,,,,,,
1992-05-01,0.2500,0.5555555556,,,,,,,,,,,,,,
1992-05-04,0.2500,0.5555555556,,,,,,,,,,,,,,
1992-05-05,0.2500,0.5555555556,,,,,,,,,,,,,,
1992-05-06,0.2500,0.5555555556,,,,,,,,,,,,,,
1992-05-07,0.2500,0.5555555556,,,,,,,,,,,,,,
1992-05-08,0.2500,0.5555555556,,,,,,,,,,,,,,
1992-05-11,0.2500,0.5555555556,,,,,,,,,,,,,,
1992-05-12,0.2500,0.5555555556,,,,,,,,,,,,,,
1992-05-13,0.2500,0.5555555556,,,,,,,,,,,,,,
1992-05-14,0.2500,0.5555555556,,,,,,,,,,,,,,
1992-05-15,0.2500,0.5555555556,,,,,,,,,,,,,,
1992-05-18,0.1875,0.4166666667,,,,,,,,,,,,,,
1992-05-19,0.1875,0.4166666667,,,,,,,,,,,,,,
1992-05-20,0.1875,0.4166666667,,,,,,,,,,,,,,
1992-05-21,0.1875,0.4166666667,,,,,,,,,,,,,,
1992-05-22,0.1875,0.4166666667,,,,,,,,,,,,,,
1992-05-26,0.1875,0.4166666667,,,,,,,,,,,,,,
1992-05-27,0.1875,0.4166666667,,,,,,,,,,,,,,
1992-05-28,0.1875,0.4166666667,,,,,,,,,,,,,,
1992-05-29,0.1875,0.4166666667,,,,,,,,,,,,,,
1992-06-01,0.1875,0.4166666667,,,,,,,,,,,,,,
1992-06-02,0.1875,0.4166666667,,,,,,,,,,,,,,
1992-06-03,0.1875,0.4166666667,,,,,,,,,,,,,,
1992-06-04,0.1875,0.4166666667,,,,,,,,,,,,,,
1992-06-05,0.1875,0.4166666667,,,,,,,,,,,,,,
1992-06-08,0.1875,0.4166666667,,,,,,,,,,,,,,
1992-06-09,0.1875,0.4166666667,,,,,,,,,,,,,,
1992-06-10,0.1875,0.4166666667,,,,,,,,,,,,,,
1992-06-11,0.1875,0.4166666667,,,,,,,,,,,,,,
1992-06-12,0.1875,0.4166666667,,,,,,,,,,,,,,
1992-06-15,0.1875,0.4166666667,,,,,,,,,,,,,,
1992-06-16,0.2188,0.4862222222,,,,,,,,,,,,,,
1992-06-17,0.2500,0.5555555556,,,,,,,,,,,,,,
1992-06-18,0.2500,0.5555555556,,,,,,,,,,,,,,
1992-06-19,0.2500,0.5555555556,,,,,,,,,,,,,,
1992-06-22,0.2500,0.5555555556,,,,,,,,,,,,,,
1992-06-23,0.2500,0.5555555556,,,,,,,,,,,,,,
1992-06-24,0.2500,0.5555555556,,,,,,,,,,,,,,
1992-06-25,0.2500,0.5555555556,,,,,,,,,,,,,,
1992-06-26,0.2500,0.5555555556,,,,,,,,,,,,,,
1992-06-29,0.2500,0.5555555556,,,,,,,,,,,,,,
1992-06-30,0.2500,0.5555555556,,,,,,,,,,,,,,
1992-07-01,0.3125,0.6944444444,,,,,,,,,,,,,,
1992-07-02,0.2188,0.4862222222,,,,,,,,,,,,,,
1992-07-06,0.2200,0.4888888889,,,,,,,,,,,,,,
1992-07-07,0.3125,0.6944444444,,,,,,,,,,,,,,
1992-07-08,0.3100,0.6888888889,,,,,,,,,,,,,,
1992-07-09,0.3100,0.6888888889,,,,,,,,,,,,,,
1992-07-10,0.3125,0.6944444444,,,,,,,,,,,,,,
1992-07-13,0.3130,0.6955555556,,,,,,,,,,,,,,
1992-07-14,0.3100,0.6888888889,,,,,,,,,,,,,,
1992-07-15,0.3100,0.6888888889,,,,,,,,,,,,,,
1992-07-16,0.4375,0.9722222222,,,,,,,,,,,,,,
1992-07-17,0.4400,0.9777777778,,,,,,,,,,,,,,
1992-07-20,0.4400,0.9777777778,,,,,,,,,,,,,,
1992-07-21,0.4400,0.9777777778,,,,,,,,,,,,,,
1992-07-22,0.4375,0.9722222222,,,,,,,,,,,,,,
1992-07-23,0.4400,0.9777777778,,,,,,,,,,,,,,
1992-07-24,0.4375,0.9722222222,,,,,,,,,,,,,,
1992-07-27,0.4375,0.9722222222,,,,,,,,,,,,,,
1992-07-28,0.4375,0.9722222222,,,,,,,,,,,,,,
1992-07-29,0.4380,0.9733333333,,,,,,,,,,,,,,
1992-07-30,0.4400,0.9777777778,,,,,,,,,,,,,,
1992-07-31,0.5313,1.1806666667,,,,,,,,,,,,,,
1992-08-03,0.5300,1.1777777778,,,,,,,,,,,,,,
1992-08-04,0.5000,1.1111111111,,,,,,,,,,,,,,
1992-08-05,0.5000,1.1111111111,,,,,,,,,,,,,,
1992-08-06,0.5000,1.1111111111,,,,,,,,,,,,,,
1992-08-07,0.3750,0.8333333333,,,,,,,,,,,,,,
1992-08-10,0.1900,0.4222222222,,,,,,,,,,,,,,
1992-08-11,0.1875,0.4166666667,,,,,,,,,,,,,,
1992-08-12,0.5313,1.1806666667,,,,,,,,,,,,,,
1992-08-13,0.5300,1.1777777778,,,,,,,,,,,,,,
1992-08-14,0.5300,1.1777777778,,,,,,,,,,,,,,
1992-08-17,0.5300,1.1777777778,,,,,,,,,,,,,,
1992-08-18,0.5300,1.1777777778,,,,,,,,,,,,,,
1992-08-19,0.5300,1.1777777778,,,,,,,,,,,,,,
1992-08-20,0.5313,1.1806666667,,,,,,,,,,,,,,
1992-08-21,0.5313,1.1806666667,,,,,,,,,,,,,,
1992-08-24,0.5313,1.1806666667,,,,,,,,,,,,,,
1992-08-25,0.4375,0.9722222222,,,,,,,,,,,,,,
1992-08-26,0.4400,0.9777777778,,,,,,,,,,,,,,
1992-08-27,0.4400,0.9777777778,,,,,,,,,,,,,,
1992-08-28,0.4400,0.9777777778,,,,,,,,,,,,,,
1992-08-31,0.4375,0.9722222222,,,,,,,,,,,,,,
1992-09-01,0.4375,0.9722222222,,,,,,,,,,,,,,
1992-09-02,0.4400,0.9777777778,,,,,,,,,,,,,,
1992-09-03,0.4400,0.9777777778,,,,,,,,,,,,,,
1992-09-04,0.5000,1.1111111111,,,,,,,,,,,,,,
1992-09-08,0.5000,1.1111111111,,,,,,,,,,,,,,
1992-09-09,0.5000,1.1111111111,,,,,,,,,,,,,,
1992-09-10,0.5000,1.1111111111,,,,,,,,,,,,,,
1992-09-11,0.5000,1.1111111111,,,,,,,,,,,,,,
1992-09-14,0.5000,1.1111111111,,,,,,,,,,,,,,
1992-09-15,0.5000,1.1111111111,,,,,,,,,,,,,,
1992-09-16,0.5000,1.1111111111,,,,,,,,,,,,,,
1992-09-17,0.5000,1.1111111111,,,,,,,,,,,,,,
1992-09-18,0.5000,1.1111111111,,,,,,,,,,,,,,
1992-09-21,0.5000,1.1111111111,,,,,,,,,,,,,,
1992-09-22,0.5000,1.1111111111,,,,,,,,,,,,,,
1992-09-23,0.5000,1.1111111111,,,,,,,,,,,,,,
1992-09-24,0.5000,1.1111111111,,,,,,,,,,,,,,
1992-09-25,0.5000,1.1111111111,,,,,,,,,,,,,,
1992-09-28,0.4375,0.9722222222,,,,,,,,,,,,,,
1992-09-29,0.4400,0.9777777778,,,,,,,,,,,,,,
1992-09-30,0.4400,0.9777777778,,,,,,,,,,,,,,
1992-10-01,0.4400,0.9777777778,,,,,,,,,,,,,,
1992-10-02,0.4400,0.9777777778,,,,,,,,,,,,,,
1992-10-05,0.4400,0.9777777778,,,,,,,,,,,,,,
1992-10-06,0.3750,0.8333333333,,,,,,,,,,,,,,
1992-10-07,0.3800,0.8444444444,,,,,,,,,,,,,,
1992-10-08,0.3800,0.8444444444,,,,,,,,,,,,,,
1992-10-09,0.5000,1.1111111111,,,,,,,,,,,,,,
1992-10-12,0.5000,1.1111111111,,,,,,,,,,,,,,
1992-10-13,0.4063,0.9028888889,,,,,,,,,,,,,,
1992-10-14,0.3750,0.8333333333,,,,,,,,,,,,,,
1992-10-15,0.3800,0.8444444444,,,,,,,,,,,,,,
1992-10-16,0.3800,0.8444444444,,,,,,,,,,,,,,
1992-10-19,0.3125,0.6944444444,,,,,,,,,,,,,,
1992-10-20,0.3100,0.6888888889,,,,,,,,,,,,,,
1992-10-21,0.3100,0.6888888889,,,,,,,,,,,,,,
1992-10-22,0.3100,0.6888888889,,,,,,,,,,,,,,
1992-10-23,0.3125,0.6944444444,,,,,,,,,,,,,,
1992-10-26,0.3100,0.6888888889,,,,,,,,,,,,,,
1992-10-27,0.3100,0.6888888889,,,,,,,,,,,,,,
1992-10-28,0.3100,0.6888888889,,,,,,,,,,,,,,
1992-10-29,0.3750,0.8333333333,,,,,,,,,,,,,,
1992-10-30,0.3800,0.8444444444,,,,,,,,,,,,,,
1992-11-02,0.3800,0.8444444444,,,,,,,,,,,,,,
1992-11-03,0.3750,0.8333333333,,,,,,,,,,,,,,
1992-11-04,0.3800,0.8444444444,,,,,,,,,,,,,,
1992-11-05,0.3800,0.8444444444,,,,,,,,,,,,,,
1992-11-06,0.3125,0.6944444444,,,,,,,,,,,,,,
1992-11-09,0.3100,0.6888888889,,,,,,,,,,,,,,
1992-11-10,0.3100,0.6888888889,,,,,,,,,,,,,,
1992-11-11,0.3125,0.6944444444,,,,,,,,,,,,,,
1992-11-12,0.3100,0.6888888889,,,,,,,,,,,,,,
1992-11-13,0.3750,0.8333333333,,,,,,,,,,,,,,
1992-11-16,0.3750,0.8333333333,,,,,,,,,,,,,,
1992-11-17,0.3800,0.8444444444,,,,,,,,,,,,,,
1992-11-18,0.3800,0.8444444444,,,,,,,,,,,,,,
1992-11-19,0.3800,0.8444444444,,,,,,,,,,,,,,
1992-11-20,0.3125,0.6944444444,,,,,,,,,,,,,,
1992-11-23,0.5000,1.1111111111,,,,,,,,,,,,,,
1992-11-24,0.5000,1.1111111111,,,,,,,,,,,,,,
1992-11-25,0.4688,1.0417777778,,,,,,,,,,,,,,
1992-11-27,0.4700,1.0444444444,,,,,,,,,,,,,,
1992-11-30,0.4700,1.0444444444,,,,,,,,,,,,,,
1992-12-01,0.4700,1.0444444444,,,,,,,,,,,,,,
1992-12-02,0.4700,1.0444444444,,,,,,,,,,,,,,
1992-12-03,0.4700,1.0444444444,,,,,,,,,,,,,,
1992-12-04,0.4700,1.0444444444,,,,,,,,,,,,,,
1992-12-07,0.4700,1.0444444444,,,,,,,,,,,,,,
1992-12-08,0.4700,1.0444444444,,,,,,,,,,,,,,
1992-12-09,0.4700,1.0444444444,,,,,,,,,,,,,,
1992-12-10,0.4700,1.0444444444,,,,,,,,,,,,,,
1992-12-11,0.3438,0.7640000000,,,,,,,,,,,,,,
1992-12-14,0.3438,0.7640000000,,,,,,,,,,,,,,
1992-12-15,0.3400,0.7555555556,,,,,,,,,,,,,,
1992-12-16,0.3438,0.7640000000,,,,,,,,,,,,,,
1992-12-17,0.3400,0.7555555556,,,,,,,,,,,,,,
1992-12-18,0.3750,0.8333333333,,,,,,,,,,,,,,
1992-12-21,0.3800,0.8444444444,,,,,,,,,,,,,,
1992-12-22,0.3800,0.8444444444,,,,,,,,,,,,,,
1992-12-23,0.3750,0.8333333333,,,,,,,,,,,,,,
1992-12-24,0.3800,0.8444444444,,,,,,,,,,,,,,
1992-12-28,0.3800,0.8444444444,,,,,,,,,,,,,,
1992-12-29,0.3800,0.8444444444,,,,,,,,,,,,,,
1992-12-30,0.3800,0.8444444444,,,,,,,,,,,,,,
1992-12-31,0.3800,0.8444444444,,,,,,,,,,,,,,
1993-01-04,0.3750,0.8333333333,,,,,,,,,,,,,,
1993-01-05,0.3800,0.8444444444,,,,,,,,,,,,,,
1993-01-06,0.3750,0.8333333333,,,,,,,,,,,,,,
1993-01-07,0.3800,0.8444444444,,,,,,,,,,,,,,
1993-01-08,0.3800,0.8444444444,,,,,,,,,,,,,,
1993-01-11,0.3800,0.8444444444,,,,,,,,,,,,,,
1993-01-12,0.4375,0.9722222222,,,,,,,,,,,,,,
1993-01-13,0.5625,1.2500000000,,,,,,,,,,,,,,
1993-01-14,0.5625,1.2500000000,,,,,,,,,,,,,,
1993-01-15,0.5600,1.2444444444,,,,,,,,,,,,,,
1993-01-18,0.5625,1.2500000000,,,,,,,,,,,,,,
1993-01-19,0.5600,1.2444444444,,,,,,,,,,,,,,
1993-01-20,0.5600,1.2444444444,,,,,,,,,,,,,,
1993-01-21,0.5625,1.2500000000,,,,,,,,,,,,,,
1993-01-22,0.5000,1.1111111111,,,,,,,,,,,,,,
1993-01-25,0.4063,0.9028888889,,,,,,,,,,,,,,
1993-01-26,0.5000,1.1111111111,,,,,,,,,,,,,,
1993-01-27,0.5625,1.2500000000,,,,,,,,,,,,,,
1993-01-28,0.5600,1.2444444444,,,,,,,,,,,,,,
1993-01-29,0.5600,1.2444444444,,,,,,,,,,,,,,
1993-02-01,0.5600,1.2444444444,,,,,,,,,,,,,,
1993-02-02,0.4063,0.9028888889,,,,,,,,,,,,,,
1993-02-03,0.4063,0.9028888889,,,,,,,,,,,,,,
1993-02-04,0.4375,0.9722222222,,,,,,,,,,,,,,
1993-02-05,0.4375,0.9722222222,,,,,,,,,,,,,,
1993-02-08,0.4400,0.9777777778,,,,,,,,,,,,,,
1993-02-09,0.4400,0.9777777778,,,,,,,,,,,,,,
1993-02-10,0.5000,1.1111111111,,,,,,,,,,,,,,
1993-02-11,0.4375,0.9722222222,,,,,,,,,,,,,,
1993-02-12,0.4400,0.9777777778,,,,,,,,,,,,,,
1993-02-16,0.5000,1.1111111111,,,,,,,,,,,,,,
1993-02-17,0.5000,1.1111111111,,,,,,,,,,,,,,
1993-02-18,0.5000,1.1111111111,,,,,,,,,,,,,,
1993-02-19,0.5000,1.1111111111,,,,,,,,,,,,,,
1993-02-22,0.4375,0.9722222222,,,,,,,,,,,,,,
1993-02-23,0.4400,0.9777777778,,,,,,,,,,,,,,
1993-02-24,0.4400,0.9777777778,,,,,,,,,,,,,,
1993-02-25,0.4400,0.9777777778,,,,,,,,,,,,,,
1993-02-26,0.4375,0.9722222222,,,,,,,,,,,,,,
1993-03-01,0.4400,0.9777777778,,,,,,,,,,,,,,
1993-03-02,0.5313,1.1806666667,,,,,,,,,,,,,,
1993-03-03,0.5000,1.1111111111,,,,,,,,,,,,,,
1993-03-04,0.5000,1.1111111111,,,,,,,,,,,,,,
1993-03-05,0.5000,1.1111111111,,,,,,,,,,,,,,
1993-03-08,0.5000,1.1111111111,,,,,,,,,,,,,,
1993-03-09,0.5000,1.1111111111,,,,,,,,,,,,,,
1993-03-10,0.5625,1.2500000000,,,,,,,,,,,,,,
1993-03-11,0.5625,1.2500000000,,,,,,,,,,,,,,
1993-03-12,0.4375,0.9722222222,,,,,,,,,,,,,,
1993-03-15,0.5000,1.1111111111,,,,,,,,,,,,,,
1993-03-16,0.5000,1.1111111111,,,,,,,,,,,,,,
1993-03-17,0.5000,1.1111111111,,,,,,,,,,,,,,
1993-03-18,0.5000,1.1111111111,,,,,,,,,,,,,,
1993-03-19,0.5000,1.1111111111,,,,,,,,,,,,,,
1993-03-22,0.5000,1.1111111111,,,,,,,,,,,,,,
1993-03-23,0.5625,1.2500000000,,,,,,,,,,,,,,
1993-03-24,0.5313,1.1806666667,,,,,,,,,,,,,,
1993-03-25,0.5300,1.1777777778,,,,,,,,,,,,,,
1993-03-26,0.5300,1.1777777778,,,,,,,,,,,,,,
1993-03-29,0.5300,1.1777777778,,,,,,,,,,,,,,
1993-03-30,0.5300,1.1777777778,,,,,,,,,,,,,,
1993-03-31,0.5300,1.1777777778,,,,,,,,,,,,,,
1993-04-01,0.5000,1.1111111111,,,,,,,,,,,,,,
1993-04-02,0.5625,1.2500000000,,,,,,,,,,,,,,
1993-04-05,0.5625,1.2500000000,,,,,,,,,,,,,,
1993-04-06,0.5600,1.2444444444,,,,,,,,,,,,,,
1993-04-07,0.5600,1.2444444444,,,,,,,,,,,,,,
1993-04-08,0.5313,1.1806666667,,,,,,,,,,,,,,
1993-04-12,0.5000,1.1111111111,,,,,,,,,,,,,,
1993-04-13,0.5000,1.1111111111,,,,,,,,,,,,,,
1993-04-14,0.4375,0.9722222222,,,,,,,,,,,,,,
1993-04-15,0.4400,0.9777777778,,,,,,,,,,,,,,
1993-04-16,0.5000,1.1111111111,,,,,,,,,,,,,,
1993-04-19,0.5625,1.2500000000,,,,,,,,,,,,,,
1993-04-20,0.5000,1.1111111111,,,,,,,,,,,,,,
1993-04-21,0.5000,1.1111111111,,,,,,,,,,,,,,
1993-04-22,0.5000,1.1111111111,,,,,,,,,,,,,,
1993-04-23,0.5000,1.1111111111,,,,,,,,,,,,,,
1993-04-26,0.4375,0.9722222222,,,,,,,,,,,,,,
1993-04-27,0.4400,0.9777777778,,,,,,,,,,,,,,
1993-04-28,0.5000,1.1111111111,,,,,,,,,,,,,,
1993-04-29,0.5000,1.1111111111,,,,,,,,,,,,,,
1993-04-30,0.5000,1.1111111111,,,,,,,,,,,,,,
1993-05-03,0.5000,1.1111111111,,,,,,,,,,,,,,
1993-05-04,0.5000,1.1111111111,,,,,,,,,,,,,,
1993-05-05,0.5625,1.2500000000,,,,,,,,,,,,,,
1993-05-06,0.5600,1.2444444444,,,,,,,,,,,,,,
1993-05-07,0.5600,1.2444444444,,,,,,,,,,,,,,
1993-05-10,0.5000,1.1111111111,,,,,,,,,,,,,,
1993-05-11,0.5625,1.2500000000,,,,,,,,,,,,,,
1993-05-12,0.5625,1.2500000000,,,,,,,,,,,,,,
1993-05-13,0.5600,1.2444444444,,,,,,,,,,,,,,
1993-05-14,0.5600,1.2444444444,,,,,,,,,,,,,,
1993-05-17,0.5600,1.2444444444,,,,,,,,,,,,,,
1993-05-18,0.5625,1.2500000000,,,,,,,,,,,,,,
1993-05-19,0.5600,1.2444444444,,,,,,,,,,,,,,
1993-05-20,0.5000,1.1111111111,,,,,,,,,,,,,,
1993-05-21,0.5625,1.2500000000,,,,,,,,,,,,,,
1993-05-24,0.5600,1.2444444444,,,,,,,,,,,,,,
1993-05-25,0.5625,1.2500000000,,,,,,,,,,,,,,
1993-05-26,0.7500,1.6666666667,,,,,,,,,,,,,,
1993-05-27,0.8125,1.8055555556,,,,,,,,,,,,,,
1993-05-28,1.0630,2.3622222222,,,,,,,,,,,,,,
1993-06-01,1.0000,2.2222222222,,,,,,,,,,,,,,
1993-06-02,1.0000,2.2222222222,,,,,,,,,,,,,,
1993-06-03,1.0000,2.2222222222,,,,,,,,,,,,,,
1993-06-04,0.9375,2.0833333333,,,,,,,,,,,,,,
1993-06-07,1.0000,2.2222222222,,,,,,,,,,,,,,
1993-06-08,0.8750,1.9444444444,,,,,,,,,,,,,,
1993-06-09,0.9375,2.0833333333,,,,,,,,,,,,,,
1993-06-10,0.8750,1.9444444444,,,,,,,,,,,,,,
1993-06-11,0.8750,1.9444444444,,,,,,,,,,,,,,
1993-06-14,0.8750,1.9444444444,,,,,,,,,,,,,,
1993-06-15,0.8800,1.9555555556,,,,,,,,,,,,,,
1993-06-16,0.8800,1.9555555556,,,,,,,,,,,,,,
1993-06-17,0.8800,1.9555555556,,,,,,,,,,,,,,
1993-06-18,0.8125,1.8055555556,,,,,,,,,,,,,,
1993-06-21,0.8100,1.8000000000,,,,,,,,,,,,,,
1993-06-22,0.8125,1.8055555556,,,,,,,,,,,,,,
1993-06-23,0.8125,1.8055555556,,,,,,,,,,,,,,
1993-06-24,0.8125,1.8055555556,,,,,,,,,,,,,,
1993-06-25,1.0000,2.2222222222,,,,,,,,,,,,,,
1993-06-28,1.0000,2.2222222222,,,,,,,,,,,,,,
1993-06-29,0.9375,2.0833333333,,,,,,,,,,,,,,
1993-06-30,0.8750,1.9444444444,,,,,,,,,,,,,,
1993-07-01,0.8750,1.9444444444,,,,,,,,,,,,,,
1993-07-02,1.0000,2.2222222222,,,,,,,,,,,,,,
1993-07-06,1.0000,2.2222222222,,,,,,,,,,,,,,
1993-07-07,1.0000,2.2222222222,,,,,,,,,,,,,,
1993-07-08,1.0000,2.2222222222,,,,,,,,,,,,,,
1993-07-09,1.0000,2.2222222222,,,,,,,,,,,,,,
1993-07-12,1.0000,2.2222222222,,,,,,,,,,,,,,
1993-07-13,0.8750,1.9444444444,,,,,,,,,,,,,,
1993-07-14,0.9375,2.0833333333,,,,,,,,,,,,,,
1993-07-15,0.8750,1.9444444444,,,,,,,,,,,,,,
1993-07-16,0.8750,1.9444444444,,,,,,,,,,,,,,
1993-07-19,0.8800,1.9555555556,,,,,,,,,,,,,,
1993-07-20,1.0000,2.2222222222,,,,,,,,,,,,,,
1993-07-21,1.0000,2.2222222222,,,,,,,,,,,,,,
1993-07-22,1.0000,2.2222222222,,,,,,,,,,,,,,
1993-07-23,0.8125,1.8055555556,,,,,,,,,,,,,,
1993-07-26,0.7500,1.6666666667,,,,,,,,,,,,,,
1993-07-27,0.7500,1.6666666667,,,,,,,,,,,,,,
1993-07-28,0.7500,1.6666666667,,,,,,,,,,,,,,
1993-07-29,0.8750,1.9444444444,,,,,,,,,,,,,,
1993-07-30,0.8800,1.9555555556,,,,,,,,,,,,,,
1993-08-02,0.7500,1.6666666667,,,,,,,,,,,,,,
1993-08-03,0.7813,1.7362222222,,,,,,,,,,,,,,
1993-08-04,0.7500,1.6666666667,,,,,,,,,,,,,,
1993-08-05,0.8750,1.9444444444,,,,,,,,,,,,,,
1993-08-06,0.7500,1.6666666667,,,,,,,,,,,,,,
1993-08-09,0.6875,1.5277777778,,,,,,,,,,,,,,
1993-08-10,0.6875,1.5277777778,,,,,,,,,,,,,,
1993-08-11,0.7500,1.6666666667,,,,,,,,,,,,,,
1993-08-12,0.6250,1.3888888889,,,,,,,,,,,,,,
1993-08-13,0.6300,1.4000000000,,,,,,,,,,,,,,
1993-08-16,0.6250,1.3888888889,,,,,,,,,,,,,,
1993-08-17,0.6875,1.5277777778,,,,,,,,,,,,,,
1993-08-18,0.6900,1.5333333333,,,,,,,,,,,,,,
1993-08-19,0.8125,1.8055555556,,,,,,,,,,,,,,
1993-08-20,0.8750,1.9444444444,,,,,,,,,,,,,,
1993-08-23,0.8800,1.9555555556,,,,,,,,,,,,,,
1993-08-24,0.7500,1.6666666667,,,,,,,,,,,,,,
1993-08-25,0.7500,1.6666666667,,,,,,,,,,,,,,
1993-08-26,0.7500,1.6666666667,,,,,,,,,,,,,,
1993-08-27,0.6875,1.5277777778,,,,,,,,,,,,,,
1993-08-30,0.6900,1.5333333333,,,,,,,,,,,,,,
1993-08-31,0.7500,1.6666666667,,,,,,,,,,,,,,
1993-09-01,0.7500,1.6666666667,,,,,,,,,,,,,,
1993-09-02,0.8750,1.9444444444,,,,,,,,,,,,,,
1993-09-03,0.8750,1.9444444444,,,,,,,,,,,,,,
1993-09-07,0.8800,1.9555555556,,,,,,,,,,,,,,
1993-09-08,0.8800,1.9555555556,,,,,,,,,,,,,,
1993-09-09,0.8750,1.9444444444,,,,,,,,,,,,,,
1993-09-10,0.8800,1.9555555556,,,,,,,,,,,,,,
1993-09-13,0.8125,1.8055555556,,,,,,,,,,,,,,
1993-09-14,0.9375,2.0833333333,,,,,,,,,,,,,,
1993-09-15,0.8750,1.9444444444,,,,,,,,,,,,,,
1993-09-16,0.8125,1.8055555556,,,,,,,,,,,,,,
1993-09-17,0.8100,1.8000000000,,,,,,,,,,,,,,
1993-09-20,0.9375,2.0833333333,,,,,,,,,,,,,,
1993-09-21,0.8125,1.8055555556,,,,,,,,,,,,,,
1993-09-22,0.8100,1.8000000000,,,,,,,,,,,,,,
1993-09-23,0.8125,1.8055555556,,,,,,,,,,,,,,
1993-09-24,0.8100,1.8000000000,,,,,,,,,,,,,,
1993-09-27,0.7500,1.6666666667,,,,,,,,,,,,,,
1993-09-28,0.7500,1.6666666667,,,,,,,,,,,,,,
1993-09-29,0.7500,1.6666666667,,,,,,,,,,,,,,
1993-09-30,0.7500,1.6666666667,,,,,,,,,,,,,,
1993-10-01,0.7500,1.6666666667,,,,,,,,,,,,,,
1993-10-04,0.7500,1.6666666667,,,,,,,,,,,,,,
1993-10-05,0.9375,2.0833333333,,,,,,,,,,,,,,
1993-10-06,0.8750,1.9444444444,,,,,,,,,,,,,,
1993-10-07,0.8800,1.9555555556,,,,,,,,,,,,,,
1993-10-08,0.8125,1.8055555556,,,,,,,,,,,,,,
1993-10-11,0.8130,1.8066666667,,,,,,,,,,,,,,
1993-10-12,0.8100,1.8000000000,,,,,,,,,,,,,,
1993-10-13,0.8100,1.8000000000,,,,,,,,,,,,,,
1993-10-14,1.0000,2.2222222222,,,,,,,,,,,,,,
1993-10-15,1.0630,2.3622222222,,,,,,,,,,,,,,
1993-10-18,0.8750,1.9444444444,,,,,,,,,,,,,,
1993-10-19,0.8125,1.8055555556,,,,,,,,,,,,,,
1993-10-20,0.9375,2.0833333333,,,,,,,,,,,,,,
1993-10-21,1.0000,2.2222222222,,,,,,,,,,,,,,
1993-10-22,1.0000,2.2222222222,,,,,,,,,,,,,,
1993-10-25,1.0000,2.2222222222,,,,,,,,,,,,,,
1993-10-26,0.9375,2.0833333333,,,,,,,,,,,,,,
1993-10-27,0.9400,2.0888888889,,,,,,,,,,,,,,
1993-10-28,1.0000,2.2222222222,,,,,,,,,,,,,,
1993-10-29,1.0000,2.2222222222,,,,,,,,,,,,,,
1993-11-01,0.8750,1.9444444444,,,,,,,,,,,,,,
1993-11-02,0.8750,1.9444444444,,,,,,,,,,,,,,
1993-11-03,0.8800,1.9555555556,,,,,,,,,,,,,,
1993-11-04,0.9375,2.0833333333,,,,,,,,,,,,,,
1993-11-05,0.9400,2.0888888889,,,,,,,,,,,,,,
1993-11-08,0.8750,1.9444444444,,,,,,,,,,,,,,
1993-11-09,0.8800,1.9555555556,,,,,,,,,,,,,,
1993-11-10,1.0630,2.3622222222,,,,,,,,,,,,,,
1993-11-11,0.8750,1.9444444444,,,,,,,,,,,,,,
1993-11-12,0.8750,1.9444444444,,,,,,,,,,,,,,
1993-11-15,0.8800,1.9555555556,,,,,,,,,,,,,,
1993-11-16,1.0000,2.2222222222,,,,,,,,,,,,,,
1993-11-17,0.9375,2.0833333333,,,,,,,,,,,,,,
1993-11-18,0.8750,1.9444444444,,,,,,,,,,,,,,
1993-11-19,0.8750,1.9444444444,,,,,,,,,,,,,,
1993-11-22,1.0000,2.2222222222,,,,,,,,,,,,,,
1993-11-23,0.9688,2.1528888889,,,,,,,,,,,,,,
1993-11-24,0.8750,1.9444444444,,,,,,,,,,,,,,
1993-11-26,0.8750,1.9444444444,,,,,,,,,,,,,,
1993-11-29,0.8800,1.9555555556,,,,,,,,,,,,,,
1993-11-30,0.8750,1.9444444444,,,,,,,,,,,,,,
1993-12-01,1.0630,2.3622222222,,,,,,,,,,,,,,
1993-12-02,1.0630,2.3622222222,,,,,,,,,,,,,,
1993-12-03,1.0600,2.3555555556,,,,,,,,,,,,,,
1993-12-06,1.0600,2.3555555556,,,,,,,,,,,,,,
1993-12-07,0.8750,1.9444444444,,,,,,,,,,,,,,
1993-12-08,0.8750,1.9444444444,,,,,,,,,,,,,,
1993-12-09,0.8800,1.9555555556,,,,,,,,,,,,,,
1993-12-10,0.8750,1.9444444444,,,,,,,,,,,,,,
1993-12-13,0.8750,1.9444444444,,,,,,,,,,,,,,
1993-12-14,0.8800,1.9555555556,,,,,,,,,,,,,,
1993-12-15,0.8800,1.9555555556,,,,,,,,,,,,,,
1993-12-16,0.8750,1.9444444444,,,,,,,,,,,,,,
1993-12-17,0.8800,1.9555555556,,,,,,,,,,,,,,
1993-12-20,0.8800,1.9555555556,,,,,,,,,,,,,,
1993-12-21,0.8750,1.9444444444,,,,,,,,,,,,,,
1993-12-22,0.8800,1.9555555556,,,,,,,,,,,,,,
1993-12-23,0.8800,1.9555555556,,,,,,,,,,,,,,
1993-12-27,0.8750,1.9444444444,,,,,,,,,,,,,,
1993-12-28,0.8800,1.9555555556,,,,,,,,,,,,,,
1993-12-29,0.8800,1.9555555556,,,,,,,,,,,,,,
1993-12-30,0.8800,1.9555555556,,,,,,,,,,,,,,
1993-12-31,0.8800,1.9555555556,,,,,,,,,,,,,,
1994-01-03,0.8800,1.9555555556,,,,,,,,,,,,,,
1994-01-04,0.8750,1.9444444444,,,,,,,,,,,,,,
1994-01-05,0.8800,1.9555555556,,,,,,,,,,,,,,
1994-01-06,0.8750,1.9444444444,,,,,,,,,,,,,,
1994-01-07,0.8800,1.9555555556,,,,,,,,,,,,,,
1994-01-10,0.8750,1.9444444444,,,,,,,,,,,,,,
1994-01-11,0.8750,1.9444444444,,,,,,,,,,,,,,
1994-01-12,0.8125,1.8055555556,,,,,,,,,,,,,,
1994-01-13,0.8100,1.8000000000,,,,,,,,,,,,,,
1994-01-14,0.8125,1.8055555556,,,,,,,,,,,,,,
1994-01-17,1.0000,2.2222222222,,,,,,,,,,,,,,
1994-01-18,1.0000,2.2222222222,,,,,,,,,,,,,,
1994-01-19,1.0000,2.2222222222,,,,,,,,,,,,,,
1994-01-20,1.0000,2.2222222222,,,,,,,,,,,,,,
1994-01-21,1.0000,2.2222222222,,,,,,,,,,,,,,
1994-01-24,1.0000,2.2222222222,,,,,,,,,,,,,,
1994-01-25,1.0000,2.2222222222,,,,,,,,,,,,,,
1994-01-26,1.0000,2.2222222222,,,,,,,,,,,,,,
1994-01-27,0.9375,2.0833333333,,,,,,,,,,,,,,
1994-01-28,1.0000,2.2222222222,,,,,,,,,,,,,,
1994-01-31,1.0000,2.2222222222,,,,,,,,,,,,,,
1994-02-01,1.0000,2.2222222222,,,,,,,,,,,,,,
1994-02-02,1.0000,2.2222222222,,,,,,,,,,,,,,
1994-02-03,1.0000,2.2222222222,,,,,,,,,,,,,,
1994-02-04,0.8750,1.9444444444,,,,,,,,,,,,,,
1994-02-07,0.8800,1.9555555556,,,,,,,,,,,,,,
1994-02-08,0.8750,1.9444444444,,,,,,,,,,,,,,
1994-02-09,0.9375,2.0833333333,,,,,,,,,,,,,,
1994-02-10,0.9375,2.0833333333,,,,,,,,,,,,,,
1994-02-11,0.9375,2.0833333333,,,,,,,,,,,,,,
1994-02-14,1.0000,2.2222222222,,,,,,,,,,,,,,
1994-02-15,1.0000,2.2222222222,,,,,,,,,,,,,,
1994-02-16,1.0000,2.2222222222,,,,,,,,,,,,,,
1994-02-17,1.0000,2.2222222222,,,,,,,,,,,,,,
1994-02-18,1.0000,2.2222222222,,,,,,,,,,,,,,
1994-02-22,0.8750,1.9444444444,,,,,,,,,,,,,,
1994-02-23,0.9688,2.1528888889,,,,,,,,,,,,,,
1994-02-24,0.9700,2.1555555556,,,,,,,,,,,,,,
1994-02-25,0.9700,2.1555555556,,,,,,,,,,,,,,
1994-02-28,1.0000,2.2222222222,,,,,,,,,,,,,,
1994-03-01,1.0000,2.2222222222,,,,,,,,,,,,,,
1994-03-02,1.0000,2.2222222222,,,,,,,,,,,,,,
1994-03-03,0.9375,2.0833333333,,,,,,,,,,,,,,
1994-03-04,0.9400,2.0888888889,,,,,,,,,,,,,,
1994-03-07,0.9375,2.0833333333,,,,,,,,,,,,,,
1994-03-08,1.0000,2.2222222222,,,,,,,,,,,,,,
1994-03-09,0.9375,2.0833333333,,,,,,,,,,,,,,
1994-03-10,0.9400,2.0888888889,,,,,,,,,,,,,,
1994-03-11,0.9375,2.0833333333,,,,,,,,,,,,,,
1994-03-14,1.0000,2.2222222222,,,,,,,,,,,,,,
1994-03-15,0.9375,2.0833333333,,,,,,,,,,,,,,
1994-03-16,1.0000,2.2222222222,,,,,,,,,,,,,,
1994-03-17,1.0000,2.2222222222,,,,,,,,,,,,,,
1994-03-18,1.0000,2.2222222222,,,,,,,,,,,,,,
1994-03-21,1.0000,2.2222222222,,,,,,,,,,,,,,
1994-03-22,0.9375,2.0833333333,,,,,,,,,,,,,,
1994-03-23,1.0000,2.2222222222,,,,,,,,,,,,,,
1994-03-24,0.8750,1.9444444444,,,,,,,,,,,,,,
1994-03-25,1.0000,2.2222222222,,,,,,,,,,,,,,
1994-03-28,1.0000,2.2222222222,,,,,,,,,,,,,,
1994-03-29,1.0000,2.2222222222,,,,,,,,,,,,,,
1994-03-30,0.8750,1.9444444444,,,,,,,,,,,,,,
1994-03-31,0.8800,1.9555555556,,,,,,,,,,,,,,
1994-04-04,0.8800,1.9555555556,,,,,,,,,,,,,,
1994-04-05,0.8800,1.9555555556,,,,,,,,,,,,,,
1994-04-06,0.8800,1.9555555556,,,,,,,,,,,,,,
1994-04-07,1.0000,2.2222222222,,,,,,,,,,,,,,
1994-04-08,1.0000,2.2222222222,,,,,,,,,,,,,,
1994-04-11,1.1250,2.5000000000,,,,,,,,,,,,,,
1994-04-12,1.5000,3.3333333333,,,,,,,,,,,,,,
1994-04-13,1.2500,2.7777777778,,,,,,,,,,,,,,
1994-04-14,1.3130,2.9177777778,,,,,,,,,,,,,,
1994-04-15,1.2500,2.7777777778,,,,,,,,,,,,,,
1994-04-18,1.1250,2.5000000000,,,,,,,,,,,,,,
1994-04-19,1.0630,2.3622222222,,,,,,,,,,,,,,
1994-04-20,1.1880,2.6400000000,,,,,,,,,,,,,,
1994-04-21,1.1250,2.5000000000,,,,,,,,,,,,,,
1994-04-22,1.1300,2.5111111111,,,,,,,,,,,,,,
1994-04-25,1.0000,2.2222222222,,,,,,,,,,,,,,
1994-04-26,1.1250,2.5000000000,,,,,,,,,,,,,,
1994-04-28,1.1250,2.5000000000,,,,,,,,,,,,,,
1994-04-29,1.1250,2.5000000000,,,,,,,,,,,,,,
1994-05-02,1.1250,2.5000000000,,,,,,,,,,,,,,
1994-05-03,1.1250,2.5000000000,,,,,,,,,,,,,,
1994-05-04,1.0000,2.2222222222,,,,,,,,,,,,,,
1994-05-05,1.1880,2.6400000000,,,,,,,,,,,,,,
1994-05-06,1.1880,2.6400000000,,,,,,,,,,,,,,
1994-05-09,1.1880,2.6400000000,,,,,,,,,,,,,,
1994-05-10,1.1880,2.6400000000,,,,,,,,,,,,,,
1994-05-11,1.1250,2.5000000000,,,,,,,,,,,,,,
1994-05-12,1.3750,3.0555555556,,,,,,,,,,,,,,
1994-05-13,1.2500,2.7777777778,,,,,,,,,,,,,,
1994-05-16,6.7500,3.0000000000,5,1,,,,,,,,,,,,
1994-05-17,5.8800,2.6133333333,,,,,,,,,,,,,,
1994-05-18,5.6200,2.4977777778,,,,,,,,,,,,,,
1994-05-19,5.3800,2.3911111111,,,,,,,,,,,,,,
1994-05-20,5.3800,2.3911111111,,,,,,,,,,,,,,
1994-05-23,5.3800,2.3911111111,,,,,,,,,,,,,,
1994-05-24,5.3800,2.3911111111,,,,,,,,,,,,,,
1994-05-25,5.3800,2.3911111111,,,,,,,,,,,,,,
1994-05-26,5.3800,2.3911111111,,,,,,,,,,,,,,
1994-05-27,4.7500,2.1111111111,,,,,,,,,,,,,,
1994-05-31,4.7500,2.1111111111,,,,,,,,,,,,,,
1994-06-01,4.7500,2.1111111111,,,,,,,,,,,,,,
1994-06-02,5.5000,2.4444444444,,,,,,,,,,,,,,
1994-06-03,5.5000,2.4444444444,,,,,,,,,,,,,,
1994-06-06,5.5000,2.4444444444,,,,,,,,,,,,,,
1994-06-07,5.7500,2.5555555556,,,,,,,,,,,,,,
1994-06-08,4.8800,2.1688888889,,,,,,,,,,,,,,
1994-06-09,4.7500,2.1111111111,,,,,,,,,,,,,,
1994-06-10,5.2500,2.3333333333,,,,,,,,,,,,,,
1994-06-13,5.2500,2.3333333333,,,,,,,,,,,,,,
1994-06-14,4.7500,2.1111111111,,,,,,,,,,,,,,
1994-06-15,4.7500,2.1111111111,,,,,,,,,,,,,,
1994-06-16,4.7500,2.1111111111,,,,,,,,,,,,,,
1994-06-17,4.7500,2.1111111111,,,,,,,,,,,,,,
1994-06-20,4.7500,2.1111111111,,,,,,,,,,,,,,
1994-06-21,4.8750,2.1666666667,,,,,,,,,,,,,,
1994-06-22,5.0000,2.2222222222,,,,,,,,,,,,,,
1994-06-23,5.0000,2.2222222222,,,,,,,,,,,,,,
1994-06-24,5.0000,2.2222222222,,,,,,,,,,,,,,
1994-06-27,4.7500,2.1111111111,,,,,,,,,,,,,,
1994-06-28,4.7500,2.1111111111,,,,,,,,,,,,,,
1994-06-29,4.7500,2.1111111111,,,,,,,,,,,,,,
1994-06-30,4.7500,2.1111111111,,,,,,,,,,,,,,
1994-07-01,4.7500,2.1111111111,,,,,,,,,,,,,,
1994-07-05,4.8750,2.1666666667,,,,,,,,,,,,,,
1994-07-06,4.8130,2.1391111111,,,,,,,,,,,,,,
1994-07-07,4.8130,2.1391111111,,,,,,,,,,,,,,
1994-07-08,5.0000,2.2222222222,,,,,,,,,,,,,,
1994-07-11,4.7500,2.1111111111,,,,,,,,,,,,,,
1994-07-12,4.7500,2.1111111111,,,,,,,,,,,,,,
1994-07-13,5.0000,2.2222222222,,,,,,,,,,,,,,
1994-07-14,5.0000,2.2222222222,,,,,,,,,,,,,,
1994-07-15,4.7500,2.1111111111,,,,,,,,,,,,,,
1994-07-18,4.7500,2.1111111111,,,,,,,,,,,,,,
1994-07-19,4.7500,2.1111111111,,,,,,,,,,,,,,
1994-07-20,4.7500,2.1111111111,,,,,,,,,,,,,,
1994-07-21,4.8750,2.1666666667,,,,,,,,,,,,,,
1994-07-22,5.0000,2.2222222222,,,,,,,,,,,,,,
1994-07-25,5.0000,2.2222222222,,,,,,,,,,,,,,
1994-07-26,4.7500,2.1111111111,,,,,,,,,,,,,,
1994-07-27,4.7500,2.1111111111,,,,,,,,,,,,,,
1994-07-28,5.0000,2.2222222222,,,,,,,,,,,,,,
1994-07-29,4.7500,2.1111111111,,,,,,,,,,,,,,
1994-08-01,4.7500,2.1111111111,,,,,,,,,,,,,,
1994-08-02,5.0000,2.2222222222,,,,,,,,,,,,,,
1994-08-03,5.0000,2.2222222222,,,,,,,,,,,,,,
1994-08-04,5.0000,2.2222222222,,,,,,,,,,,,,,
1994-08-05,5.0000,2.2222222222,,,,,,,,,,,,,,
1994-08-08,4.7500,2.1111111111,,,,,,,,,,,,,,
1994-08-09,4.7500,2.1111111111,,,,,,,,,,,,,,
1994-08-10,4.7500,2.1111111111,,,,,,,,,,,,,,
1994-08-11,5.0000,2.2222222222,,,,,,,,,,,,,,
1994-08-12,4.7500,2.1111111111,,,,,,,,,,,,,,
1994-08-15,4.7500,2.1111111111,,,,,,,,,,,,,,
1994-08-16,4.5000,2.0000000000,,,,,,,,,,,,,,
1994-08-17,4.5000,2.0000000000,,,,,,,,,,,,,,
1994-08-18,4.5000,2.0000000000,,,,,,,,,,,,,,
1994-08-19,4.5000,2.0000000000,,,,,,,,,,,,,,
1994-08-22,4.5000,2.0000000000,,,,,,,,,,,,,,
1994-08-23,4.5000,2.0000000000,,,,,,,,,,,,,,
1994-08-24,5.0000,2.2222222222,,,,,,,,,,,,,,
1994-08-25,5.0000,2.2222222222,,,,,,,,,,,,,,
1994-08-26,4.5000,2.0000000000,,,,,,,,,,,,,,
1994-08-29,4.5000,2.0000000000,,,,,,,,,,,,,,
1994-08-30,4.5000,2.0000000000,,,,,,,,,,,,,,
1994-08-31,4.5000,2.0000000000,,,,,,,,,,,,,,
1994-09-01,4.5000,2.0000000000,,,,,,,,,,,,,,
1994-09-02,4.5000,2.0000000000,,,,,,,,,,,,,,
1994-09-06,4.5000,2.0000000000,,,,,,,,,,,,,,
1994-09-07,4.5000,2.0000000000,,,,,,,,,,,,,,
1994-09-08,4.5000,2.0000000000,,,,,,,,,,,,,,
1994-09-09,4.5000,2.0000000000,,,,,,,,,,,,,,
1994-09-12,4.5000,2.0000000000,,,,,,,,,,,,,,
1994-09-13,4.5000,2.0000000000,,,,,,,,,,,,,,
1994-09-14,4.5000,2.0000000000,,,,,,,,,,,,,,
1994-09-15,4.2500,1.8888888889,,,,,,,,,,,,,,
1994-09-16,4.2500,1.8888888889,,,,,,,,,,,,,,
1994-09-19,4.2500,1.8888888889,,,,,,,,,,,,,,
1994-09-20,4.2500,1.8888888889,,,,,,,,,,,,,,
1994-09-21,4.2500,1.8888888889,,,,,,,,,,,,,,
1994-09-22,4.5000,2.0000000000,,,,,,,,,,,,,,
1994-09-23,4.5000,2.0000000000,,,,,,,,,,,,,,
1994-09-26,4.7500,2.1111111111,,,,,,,,,,,,,,
1994-09-27,4.2500,1.8888888889,,,,,,,,,,,,,,
1994-09-28,4.5000,2.0000000000,,,,,,,,,,,,,,
1994-09-29,4.2500,1.8888888889,,,,,,,,,,,,,,
1994-09-30,4.2500,1.8888888889,,,,,,,,,,,,,,
1994-10-03,4.6250,2.0555555556,,,,,,,,,,,,,,
1994-10-04,4.7500,2.1111111111,,,,,,,,,,,,,,
1994-10-05,4.3750,1.9444444444,,,,,,,,,,,,,,
1994-10-06,4.3750,1.9444444444,,,,,,,,,,,,,,
1994-10-07,4.3800,1.9466666667,,,,,,,,,,,,,,
1994-10-10,4.6250,2.0555555556,,,,,,,,,,,,,,
1994-10-11,4.5000,2.0000000000,,,,,,,,,,,,,,
1994-10-12,4.5000,2.0000000000,,,,,,,,,,,,,,
1994-10-13,4.5000,2.0000000000,,,,,,,,,,,,,,
1994-10-14,4.5000,2.0000000000,,,,,,,,,,,,,,
1994-10-17,4.5000,2.0000000000,,,,,,,,,,,,,,
1994-10-18,2.2500,1.0000000000,,,,,,,,,,,,,,
1994-10-19,2.2500,1.0000000000,,,,,,,,,,,,,,
1994-10-20,4.5000,2.0000000000,,,,,,,,,,,,,,
1994-10-21,4.5000,2.0000000000,,,,,,,,,,,,,,
1994-10-24,2.2500,1.0000000000,,,,,,,,,,,,,,
1994-10-25,4.5000,2.0000000000,,,,,,,,,,,,,,
1994-10-26,4.5000,2.0000000000,,,,,,,,,,,,,,
1994-10-27,4.5000,2.0000000000,,,,,,,,,,,,,,
1994-10-28,4.5000,2.0000000000,,,,,,,,,,,,,,
1994-10-31,4.5000,2.0000000000,,,,,,,,,,,,,,
1994-11-01,4.5000,2.0000000000,,,,,,,,,,,,,,
1994-11-02,4.2500,1.8888888889,,,,,,,,,,,,,,
1994-11-03,4.2500,1.8888888889,,,,,,,,,,,,,,
1994-11-04,2.1250,0.9444444444,,,,,,,,,,,,,,
1994-11-07,4.2500,1.8888888889,,,,,,,,,,,,,,
1994-11-08,4.2500,1.8888888889,,,,,,,,,,,,,,
1994-11-09,4.2500,1.8888888889,,,,,,,,,,,,,,
1994-11-10,4.3750,1.9444444444,,,,,,,,,,,,,,
1994-11-11,4.3750,1.9444444444,,,,,,,,,,,,,,
1994-11-14,2.1900,0.9733333333,,,,,,,,,,,,,,
1994-11-15,2.1900,0.9733333333,,,,,,,,,,,,,,
1994-11-16,2.1900,0.9733333333,,,,,,,,,,,,,,
1994-11-17,4.3750,1.9444444444,,,,,,,,,,,,,,
1994-11-18,4.6250,2.0555555556,,,,,,,,,,,,,,
1994-11-21,4.6250,2.0555555556,,,,,,,,,,,,,,
1994-11-22,4.0000,1.7777777778,,,,,,,,,,,,,,
1994-11-23,4.0000,1.7777777778,,,,,,,,,,,,,,
1994-11-25,4.0000,1.7777777778,,,,,,,,,,,,,,
1994-11-28,4.2500,1.8888888889,,,,,,,,,,,,,,
1994-11-29,4.0000,1.7777777778,,,,,,,,,,,,,,
1994-11-30,4.0000,1.7777777778,,,,,,,,,,,,,,
1994-12-01,2.0000,0.8888888889,,,,,,,,,,,,,,
1994-12-02,4.0000,1.7777777778,,,,,,,,,,,,,,
1994-12-05,4.0000,1.7777777778,,,,,,,,,,,,,,
1994-12-06,4.0000,1.7777777778,,,,,,,,,,,,,,
1994-12-07,4.0000,1.7777777778,,,,,,,,,,,,,,
1994-12-08,4.0000,1.7777777778,,,,,,,,,,,,,,
1994-12-09,4.0000,1.7777777778,,,,,,,,,,,,,,
1994-12-12,4.0000,1.7777777778,,,,,,,,,,,,,,
1994-12-13,4.0000,1.7777777778,,,,,,,,,,,,,,
1994-12-14,3.9060,1.7360000000,,,,,,,,,,,,,,
1994-12-15,3.7500,1.6666666667,,,,,,,,,,,,,,
1994-12-16,3.7500,1.6666666667,,,,,,,,,,,,,,
1994-12-19,3.7500,1.6666666667,,,,,,,,,,,,,,
1994-12-20,3.7500,1.6666666667,,,,,,,,,,,,,,
1994-12-21,3.7500,1.6666666667,,,,,,,,,,,,,,
1994-12-22,3.7500,1.6666666667,,,,,,,,,,,,,,
1994-12-23,3.7500,1.6666666667,,,,,,,,,,,,,,
1994-12-27,3.7500,1.6666666667,,,,,,,,,,,,,,
1994-12-28,3.7500,1.6666666667,,,,,,,,,,,,,,
1994-12-29,3.7500,1.6666666667,,,,,,,,,,,,,,
1994-12-30,3.7500,1.6666666667,,,,,,,,,,,,,,
1995-01-03,3.7500,1.6666666667,,,,,,,,,,,,,,
1995-01-04,3.7500,1.6666666667,,,,,,,,,,,,,,
1995-01-05,3.7500,1.6666666667,,,,,,,,,,,,,,
1995-01-06,4.2500,1.8888888889,,,,,,,,,,,,,,
1995-01-09,4.0000,1.7777777778,,,,,,,,,,,,,,
1995-01-10,4.0000,1.7777777778,,,,,,,,,,,,,,
1995-01-11,3.7500,1.6666666667,,,,,,,,,,,,,,
1995-01-12,3.7500,1.6666666667,,,,,,,,,,,,,,
1995-01-13,3.7500,1.6666666667,,,,,,,,,,,,,,
1995-01-16,3.7500,1.6666666667,,,,,,,,,,,,,,
1995-01-17,3.7500,1.6666666667,,,,,,,,,,,,,,
1995-01-18,3.7500,1.6666666667,,,,,,,,,,,,,,
1995-01-19,3.7500,1.6666666667,,,,,,,,,,,,,,
1995-01-20,3.7500,1.6666666667,,,,,,,,,,,,,,
1995-01-23,4.2500,1.8888888889,,,,,,,,,,,,,,
1995-01-24,3.7500,1.6666666667,,,,,,,,,,,,,,
1995-01-25,3.8750,1.7222222222,,,,,,,,,,,,,,
1995-01-26,3.8750,1.7222222222,,,,,,,,,,,,,,
1995-01-27,3.7500,1.6666666667,,,,,,,,,,,,,,
1995-01-30,3.7500,1.6666666667,,,,,,,,,,,,,,
1995-01-31,3.7500,1.6666666667,,,,,,,,,,,,,,
1995-02-01,3.7500,1.6666666667,,,,,,,,,,,,,,
1995-02-02,3.7500,1.6666666667,,,,,,,,,,,,,,
1995-02-03,3.7500,1.6666666667,,,,,,,,,,,,,,
1995-02-06,3.7500,1.6666666667,,,,,,,,,,,,,,
1995-02-07,4.2500,1.8888888889,,,,,,,,,,,,,,
1995-02-08,3.7500,1.6666666667,,,,,,,,,,,,,,
1995-02-09,4.2500,1.8888888889,,,,,,,,,,,,,,
1995-02-10,4.2500,1.8888888889,,,,,,,,,,,,,,
1995-02-13,3.7500,1.6666666667,,,,,,,,,,,,,,
1995-02-14,3.7500,1.6666666667,,,,,,,,,,,,,,
1995-02-15,4.2500,1.8888888889,,,,,,,,,,,,,,
1995-02-16,3.7500,1.6666666667,,,,,,,,,,,,,,
1995-02-17,3.7500,1.6666666667,,,,,,,,,,,,,,
1995-02-21,3.7500,1.6666666667,,,,,,,,,,,,,,
1995-02-22,3.7500,1.6666666667,,,,,,,,,,,,,,
1995-02-23,4.0000,1.7777777778,,,,,,,,,,,,,,
1995-02-24,4.0000,1.7777777778,,,,,,,,,,,,,,
1995-02-27,3.7500,1.6666666667,,,,,,,,,,,,,,
1995-02-28,4.0000,1.7777777778,,,,,,,,,,,,,,
1995-03-01,3.7500,1.6666666667,,,,,,,,,,,,,,
1995-03-02,3.7500,1.6666666667,,,,,,,,,,,,,,
1995-03-03,4.0000,1.7777777778,,,,,,,,,,,,,,
1995-03-06,3.7500,1.6666666667,,,,,,,,,,,,,,
1995-03-07,3.7500,1.6666666667,,,,,,,,,,,,,,
1995-03-08,3.7500,1.6666666667,,,,,,,,,,,,,,
1995-03-09,3.7500,1.6666666667,,,,,,,,,,,,,,
1995-03-10,3.7500,1.6666666667,,,,,,,,,,,,,,
1995-03-13,3.7500,1.6666666667,,,,,,,,,,,,,,
1995-03-14,3.7500,1.6666666667,,,,,,,,,,,,,,
1995-03-15,3.7500,1.6666666667,,,,,,,,,,,,,,
1995-03-16,3.7500,1.6666666667,,,,,,,,,,,,,,
1995-03-17,3.7500,1.6666666667,,,,,,,,,,,,,,
1995-03-20,3.7500,1.6666666667,,,,,,,,,,,,,,
1995-03-21,3.7500,1.6666666667,,,,,,,,,,,,,,
1995-03-22,3.7500,1.6666666667,,,,,,,,,,,,,,
1995-03-23,3.7810,1.6804444444,,,,,,,,,,,,,,
1995-03-24,3.8750,1.7222222222,,,,,,,,,,,,,,
1995-03-27,3.8800,1.7244444444,,,,,,,,,,,,,,
1995-03-28,4.2500,1.8888888889,,,,,,,,,,,,,,
1995-03-29,4.2500,1.8888888889,,,,,,,,,,,,,,
1995-03-30,4.2500,1.8888888889,,,,,,,,,,,,,,
1995-03-31,3.8750,1.7222222222,,,,,,,,,,,,,,
1995-04-03,4.0000,1.7777777778,,,,,,,,,,,,,,
1995-04-04,4.2500,1.8888888889,,,,,,,,,,,,,,
1995-04-05,4.2500,1.8888888889,,,,,,,,,,,,,,
1995-04-06,4.2500,1.8888888889,,,,,,,,,,,,,,
1995-04-07,4.0000,1.7777777778,,,,,,,,,,,,,,
1995-04-10,4.0000,1.7777777778,,,,,,,,,,,,,,
1995-04-11,4.3750,1.9444444444,,,,,,,,,,,,,,
1995-04-12,4.0000,1.7777777778,,,,,,,,,,,,,,
1995-04-13,4.0000,1.7777777778,,,,,,,,,,,,,,
1995-04-17,4.0000,1.7777777778,,,,,,,,,,,,,,
1995-04-18,4.0000,1.7777777778,,,,,,,,,,,,,,
1995-04-19,4.0000,1.7777777778,,,,,,,,,,,,,,
1995-04-20,4.0000,1.7777777778,,,,,,,,,,,,,,
1995-04-21,4.0000,1.7777777778,,,,,,,,,,,,,,
1995-04-24,4.2500,1.8888888889,,,,,,,,,,,,,,
1995-04-25,4.0000,1.7777777778,,,,,,,,,,,,,,
1995-04-26,4.0000,1.7777777778,,,,,,,,,,,,,,
1995-04-27,4.0000,1.7777777778,,,,,,,,,,,,,,
1995-04-28,4.2500,1.8888888889,,,,,,,,,,,,,,
1995-05-01,4.1250,1.8333333333,,,,,,,,,,,,,,
1995-05-02,4.1250,1.8333333333,,,,,,,,,,,,,,
1995-05-03,4.1250,1.8333333333,,,,,,,,,,,,,,
1995-05-04,4.1250,1.8333333333,,,,,,,,,,,,,,
1995-05-05,4.1250,1.8333333333,,,,,,,,,,,,,,
1995-05-08,4.3750,1.9444444444,,,,,,,,,,,,,,
1995-05-09,4.3750,1.9444444444,,,,,,,,,,,,,,
1995-05-10,4.1250,1.8333333333,,,,,,,,,,,,,,
1995-05-11,4.2500,1.8888888889,,,,,,,,,,,,,,
1995-05-12,3.8800,1.7244444444,,,,,,,,,,,,,,
1995-05-15,3.8750,1.7222222222,,,,,,,,,,,,,,
1995-05-16,4.0000,1.7777777778,,,,,,,,,,,,,,
1995-05-17,4.0000,1.7777777778,,,,,,,,,,,,,,
1995-05-18,4.0000,1.7777777778,,,,,,,,,,,,,,
1995-05-19,4.0000,1.7777777778,,,,,,,,,,,,,,
1995-05-22,4.0000,1.7777777778,,,,,,,,,,,,,,
1995-05-23,4.0000,1.7777777778,,,,,,,,,,,,,,
1995-05-24,4.0000,1.7777777778,,,,,,,,,,,,,,
1995-05-25,3.8800,1.7244444444,,,,,,,,,,,,,,
1995-05-26,3.8800,1.7244444444,,,,,,,,,,,,,,
1995-05-30,4.0000,1.7777777778,,,,,,,,,,,,,,
1995-05-31,4.0000,1.7777777778,,,,,,,,,,,,,,
1995-06-01,4.0000,1.7777777778,,,,,,,,,,,,,,
1995-06-02,4.0000,1.7777777778,,,,,,,,,,,,,,
1995-06-05,4.0000,1.7777777778,,,,,,,,,,,,,,
1995-06-06,4.0000,1.7777777778,,,,,,,,,,,,,,
1995-06-07,4.0000,1.7777777778,,,,,,,,,,,,,,
1995-06-08,4.5000,2.0000000000,,,,,,,,,,,,,,
1995-06-09,4.0000,1.7777777778,,,,,,,,,,,,,,
1995-06-12,4.0000,1.7777777778,,,,,,,,,,,,,,
1995-06-13,4.0000,1.7777777778,,,,,,,,,,,,,,
1995-06-14,4.0000,1.7777777778,,,,,,,,,,,,,,
1995-06-15,4.0000,1.7777777778,,,,,,,,,,,,,,
1995-06-16,4.0000,1.7777777778,,,,,,,,,,,,,,
1995-06-19,4.0000,1.7777777778,,,,,,,,,,,,,,
1995-06-20,4.1250,1.8333333333,,,,,,,,,,,,,,
1995-06-21,4.0000,1.7777777778,,,,,,,,,,,,,,
1995-06-22,4.0000,1.7777777778,,,,,,,,,,,,,,
1995-06-23,4.0000,1.7777777778,,,,,,,,,,,,,,
1995-06-26,4.0000,1.7777777778,,,,,,,,,,,,,,
1995-06-27,4.0000,1.7777777778,,,,,,,,,,,,,,
1995-06-28,4.0630,1.8057777778,,,,,,,,,,,,,,
1995-06-29,4.0000,1.7777777778,,,,,,,,,,,,,,
1995-06-30,4.1250,1.8333333333,,,,,,,,,,,,,,
1995-07-03,4.0000,1.7777777778,,,,,,,,,,,,,,
1995-07-05,4.0000,1.7777777778,,,,,,,,,,,,,,
1995-07-06,4.0000,1.7777777778,,,,,,,,,,,,,,
1995-07-07,4.0000,1.7777777778,,,,,,,,,,,,,,
1995-07-10,4.0000,1.7777777778,,,,,,,,,,,,,,
1995-07-11,4.1250,1.8333333333,,,,,,,,,,,,,,
1995-07-12,4.0000,1.7777777778,,,,,,,,,,,,,,
1995-07-13,4.0000,1.7777777778,,,,,,,,,,,,,,
1995-07-14,4.0000,1.7777777778,,,,,,,,,,,,,,
1995-07-17,4.0000,1.7777777778,,,,,,,,,,,,,,
1995-07-18,4.2500,1.8888888889,,,,,,,,,,,,,,
1995-07-19,4.0000,1.7777777778,,,,,,,,,,,,,,
1995-07-20,4.1250,1.8333333333,,,,,,,,,,,,,,
1995-07-21,3.8800,1.7244444444,,,,,,,,,,,,,,
1995-07-24,3.8750,1.7222222222,,,,,,,,,,,,,,
1995-07-25,3.8800,1.7244444444,,,,,,,,,,,,,,
1995-07-26,3.8800,1.7244444444,,,,,,,,,,,,,,
1995-07-27,4.0000,1.7777777778,,,,,,,,,,,,,,
1995-07-28,4.0000,1.7777777778,,,,,,,,,,,,,,
1995-07-31,4.0000,1.7777777778,,,,,,,,,,,,,,
1995-08-01,4.0000,1.7777777778,,,,,,,,,,,,,,
1995-08-02,4.0000,1.7777777778,,,,,,,,,,,,,,
1995-08-03,4.3750,1.9444444444,,,,,,,,,,,,,,
1995-08-04,4.0000,1.7777777778,,,,,,,,,,,,,,
1995-08-07,4.3750,1.9444444444,,,,,,,,,,,,,,
1995-08-08,4.0000,1.7777777778,,,,,,,,,,,,,,
1995-08-09,4.0000,1.7777777778,,,,,,,,,,,,,,
1995-08-10,4.0000,1.7777777778,,,,,,,,,,,,,,
1995-08-11,4.0000,1.7777777778,,,,,,,,,,,,,,
1995-08-14,4.0000,1.7777777778,,,,,,,,,,,,,,
1995-08-15,4.0000,1.7777777778,,,,,,,,,,,,,,
1995-08-16,4.0000,1.7777777778,,,,,,,,,,,,,,
1995-08-17,4.0000,1.7777777778,,,,,,,,,,,,,,
1995-08-18,4.0000,1.7777777778,,,,,,,,,,,,,,
1995-08-21,4.0000,1.7777777778,,,,,,,,,,,,,,
1995-08-22,4.2500,1.8888888889,,,,,,,,,,,,,,
1995-08-23,4.0000,1.7777777778,,,,,,,,,,,,,,
1995-08-24,4.0000,1.7777777778,,,,,,,,,,,,,,
1995-08-25,4.0000,1.7777777778,,,,,,,,,,,,,,
1995-08-28,4.0000,1.7777777778,,,,,,,,,,,,,,
1995-08-29,4.0000,1.7777777778,,,,,,,,,,,,,,
1995-08-30,4.2500,1.8888888889,,,,,,,,,,,,,,
1995-08-31,4.5000,2.0000000000,,,,,,,,,,,,,,
1995-09-01,4.5000,2.0000000000,,,,,,,,,,,,,,
1995-09-05,4.5000,2.0000000000,,,,,,,,,,,,,,
1995-09-06,4.5000,2.0000000000,,,,,,,,,,,,,,
1995-09-07,4.5000,2.0000000000,,,,,,,,,,,,,,
1995-09-08,4.5000,2.0000000000,,,,,,,,,,,,,,
1995-09-11,4.5000,2.0000000000,,,,,,,,,,,,,,
1995-09-12,4.5000,2.0000000000,,,,,,,,,,,,,,
1995-09-13,4.5000,2.0000000000,,,,,,,,,,,,,,
1995-09-14,4.5000,2.0000000000,,,,,,,,,,,,,,
1995-09-15,4.7500,2.1111111111,,,,,,,,,,,,,,
1995-09-18,4.7500,2.1111111111,,,,,,,,,,,,,,
1995-09-19,4.2500,1.8888888889,,,,,,,,,,,,,,
1995-09-20,4.2500,1.8888888889,,,,,,,,,,,,,,
1995-09-21,4.2500,1.8888888889,,,,,,,,,,,,,,
1995-09-22,4.2500,1.8888888889,,,,,,,,,,,,,,
1995-09-25,4.3750,1.9444444444,,,,,,,,,,,,,,
1995-09-26,4.2500,1.8888888889,,,,,,,,,,,,,,
1995-09-27,4.2500,1.8888888889,,,,,,,,,,,,,,
1995-09-28,4.0000,1.7777777778,,,,,,,,,,,,,,
1995-09-29,4.0000,1.7777777778,,,,,,,,,,,,,,
1995-10-02,4.3750,1.9444444444,,,,,,,,,,,,,,
1995-10-03,4.5000,2.0000000000,,,,,,,,,,,,,,
1995-10-04,4.5000,2.0000000000,,,,,,,,,,,,,,
1995-10-05,4.5000,2.0000000000,,,,,,,,,,,,,,
1995-10-06,4.5000,2.0000000000,,,,,,,,,,,,,,
1995-10-09,4.5000,2.0000000000,,,,,,,,,,,,,,
1995-10-10,4.5000,2.0000000000,,,,,,,,,,,,,,
1995-10-11,4.5000,2.0000000000,,,,,,,,,,,,,,
1995-10-12,4.5000,2.0000000000,,,,,,,,,,,,,,
1995-10-13,4.8750,2.1666666667,,,,,,,,,,,,,,
1995-10-16,4.5000,2.0000000000,,,,,,,,,,,,,,
1995-10-17,4.5000,2.0000000000,,,,,,,,,,,,,,
1995-10-18,4.8750,2.1666666667,,,,,,,,,,,,,,
1995-10-19,4.8750,2.1666666667,,,,,,,,,,,,,,
1995-10-20,4.8800,2.1688888889,,,,,,,,,,,,,,
1995-10-23,4.5000,2.0000000000,,,,,,,,,,,,,,
1995-10-24,4.5000,2.0000000000,,,,,,,,,,,,,,
1995-10-25,4.5000,2.0000000000,,,,,,,,,,,,,,
1995-10-26,4.5000,2.0000000000,,,,,,,,,,,,,,
1995-10-27,4.5000,2.0000000000,,,,,,,,,,,,,,
1995-10-30,4.5000,2.0000000000,,,,,,,,,,,,,,
1995-10-31,4.5000,2.0000000000,,,,,,,,,,,,,,
1995-11-01,4.5000,2.0000000000,,,,,,,,,,,,,,
1995-11-02,4.5000,2.0000000000,,,,,,,,,,,,,,
1995-11-03,4.5000,2.0000000000,,,,,,,,,,,,,,
1995-11-06,4.7500,2.1111111111,,,,,,,,,,,,,,
1995-11-07,4.7500,2.1111111111,,,,,,,,,,,,,,
1995-11-08,4.5000,2.0000000000,,,,,,,,,,,,,,
1995-11-09,4.5000,2.0000000000,,,,,,,,,,,,,,
1995-11-10,4.8750,2.1666666667,,,,,,,,,,,,,,
1995-11-13,4.8800,2.1688888889,,,,,,,,,,,,,,
1995-11-14,4.8800,2.1688888889,,,,,,,,,,,,,,
1995-11-15,4.8800,2.1688888889,,,,,,,,,,,,,,
1995-11-16,4.8800,2.1688888889,,,,,,,,,,,,,,
1995-11-17,4.8800,2.1688888889,,,,,,,,,,,,,,
1995-11-20,4.5000,2.0000000000,,,,,,,,,,,,,,
1995-11-21,4.5000,2.0000000000,,,,,,,,,,,,,,
1995-11-22,4.8750,2.1666666667,,,,,,,,,,,,,,
1995-11-24,4.5000,2.0000000000,,,,,,,,,,,,,,
1995-11-27,4.3750,1.9444444444,,,,,,,,,,,,,,
1995-11-28,4.3750,1.9444444444,,,,,,,,,,,,,,
1995-11-29,4.5000,2.0000000000,,,,,,,,,,,,,,
1995-11-30,4.5000,2.0000000000,,,,,,,,,,,,,,
1995-12-01,4.5000,2.0000000000,,,,,,,,,,,,,,
1995-12-04,4.2500,1.8888888889,,,,,,,,,,,,,,
1995-12-05,4.2500,1.8888888889,,,,,,,,,,,,,,
1995-12-06,4.1250,1.8333333333,,,,,,,,,,,,,,
1995-12-07,4.0000,1.7777777778,,,,,,,,,,,,,,
1995-12-08,3.8750,1.7222222222,,,,,,,,,,,,,,
1995-12-11,3.8750,1.7222222222,,,,,,,,,,,,,,
1995-12-12,3.8800,1.7244444444,,,,,,,,,,,,,,
1995-12-13,3.8800,1.7244444444,,,,,,,,,,,,,,
1995-12-14,3.8800,1.7244444444,,,,,,,,,,,,,,
1995-12-15,3.8800,1.7244444444,,,,,,,,,,,,,,
1995-12-18,3.8800,1.7244444444,,,,,,,,,,,,,,
1995-12-19,4.0000,1.7777777778,,,,,,,,,,,,,,
1995-12-20,4.0000,1.7777777778,,,,,,,,,,,,,,
1995-12-21,3.7500,1.6666666667,,,,,,,,,,,,,,
1995-12-22,4.0000,1.7777777778,,,,,,,,,,,,,,
1995-12-26,3.8750,1.7222222222,,,,,,,,,,,,,,
1995-12-27,4.1250,1.8333333333,,,,,,,,,,,,,,
1995-12-28,4.1200,1.8311111111,,,,,,,,,,,,,,
1995-12-29,4.1200,1.8311111111,,,,,,,,,,,,,,
1996-01-02,4.1200,1.8311111111,,,,,,,,,,,,,,
1996-01-03,4.1200,1.8311111111,,,,,,,,,,,,,,
1996-01-04,4.1200,1.8311111111,,,,,,,,,,,,,,
1996-01-05,4.1200,1.8311111111,,,,,,,,,,,,,,
1996-01-08,3.7500,1.6666666667,,,,,,,,,,,,,,
1996-01-09,3.7500,1.6666666667,,,,,,,,,,,,,,
1996-01-10,3.7500,1.6666666667,,,,,,,,,,,,,,
1996-01-11,3.7500,1.6666666667,,,,,,,,,,,,,,
1996-01-12,3.7500,1.6666666667,,,,,,,,,,,,,,
1996-01-15,3.7500,1.6666666667,,,,,,,,,,,,,,
1996-01-16,3.7500,1.6666666667,,,,,,,,,,,,,,
1996-01-17,3.7500,1.6666666667,,,,,,,,,,,,,,
1996-01-18,3.7500,1.6666666667,,,,,,,,,,,,,,
1996-01-19,3.7500,1.6666666667,,,,,,,,,,,,,,
1996-01-22,3.7500,1.6666666667,,,,,,,,,,,,,,
1996-01-23,3.7500,1.6666666667,,,,,,,,,,,,,,
1996-01-24,3.7500,1.6666666667,,,,,,,,,,,,,,
1996-01-25,3.7500,1.6666666667,,,,,,,,,,,,,,
1996-01-26,3.7500,1.6666666667,,,,,,,,,,,,,,
1996-01-29,4.1200,1.8311111111,,,,,,,,,,,,,,
1996-01-30,4.1200,1.8311111111,,,,,,,,,,,,,,
1996-01-31,4.1250,1.8333333333,,,,,,,,,,,,,,
1996-02-01,3.7500,1.6666666667,,,,,,,,,,,,,,
1996-02-02,3.9400,1.7511111111,,,,,,,,,,,,,,
1996-02-05,3.9400,1.7511111111,,,,,,,,,,,,,,
1996-02-06,3.9400,1.7511111111,,,,,,,,,,,,,,
1996-02-07,4.3750,1.9444444444,,,,,,,,,,,,,,
1996-02-08,4.1250,1.8333333333,,,,,,,,,,,,,,
1996-02-09,4.1200,1.8311111111,,,,,,,,,,,,,,
1996-02-12,4.1200,1.8311111111,,,,,,,,,,,,,,
1996-02-13,4.1250,1.8333333333,,,,,,,,,,,,,,
1996-02-14,4.1200,1.8311111111,,,,,,,,,,,,,,
1996-02-15,4.1200,1.8311111111,,,,,,,,,,,,,,
1996-02-16,4.1200,1.8311111111,,,,,,,,,,,,,,
1996-02-20,4.1200,1.8311111111,,,,,,,,,,,,,,
1996-02-21,4.1200,1.8311111111,,,,,,,,,,,,,,
1996-02-22,4.1200,1.8311111111,,,,,,,,,,,,,,
1996-02-23,4.2500,1.8888888889,,,,,,,,,,,,,,
1996-02-26,4.5000,2.0000000000,,,,,,,,,,,,,,
1996-02-27,4.5000,2.0000000000,,,,,,,,,,,,,,
1996-02-28,4.5000,2.0000000000,,,,,,,,,,,,,,
1996-02-29,4.5000,2.0000000000,,,,,,,,,,,,,,
1996-03-01,4.5000,2.0000000000,,,,,,,,,,,,,,
1996-03-04,4.5000,2.0000000000,,,,,,,,,,,,,,
1996-03-05,4.0000,1.7777777778,,,,,,,,,,,,,,
1996-03-06,4.0000,1.7777777778,,,,,,,,,,,,,,
1996-03-07,4.0000,1.7777777778,,,,,,,,,,,,,,
1996-03-08,4.0000,1.7777777778,,,,,,,,,,,,,,
1996-03-11,3.8800,1.7244444444,,,,,,,,,,,,,,
1996-03-12,4.0000,1.7777777778,,,,,,,,,,,,,,
1996-03-13,3.8750,1.7222222222,,,,,,,,,,,,,,
1996-03-14,4.0000,1.7777777778,,,,,,,,,,,,,,
1996-03-15,3.8800,1.7244444444,,,,,,,,,,,,,,
1996-03-18,4.1200,1.8311111111,,,,,,,,,,,,,,
1996-03-19,4.0000,1.7777777778,,,,,,,,,,,,,,
1996-03-20,4.1250,1.8333333333,,,,,,,,,,,,,,
1996-03-21,4.0000,1.7777777778,,,,,,,,,,,,,,
1996-03-22,4.0000,1.7777777778,,,,,,,,,,,,,,
1996-03-25,4.0000,1.7777777778,,,,,,,,,,,,,,
1996-03-26,4.0000,1.7777777778,,,,,,,,,,,,,,
1996-03-27,4.2500,1.8888888889,,,,,,,,,,,,,,
1996-03-28,4.0000,1.7777777778,,,,,,,,,,,,,,
1996-03-29,4.2500,1.8888888889,,,,,,,,,,,,,,
1996-04-01,4.0000,1.7777777778,,,,,,,,,,,,,,
1996-04-02,4.0000,1.7777777778,,,,,,,,,,,,,,
1996-04-03,4.1250,1.8333333333,,,,,,,,,,,,,,
1996-04-04,4.2500,1.8888888889,,,,,,,,,,,,,,
1996-04-08,4.1200,1.8311111111,,,,,,,,,,,,,,
1996-04-09,4.1250,1.8333333333,,,,,,,,,,,,,,
1996-04-10,4.1200,1.8311111111,,,,,,,,,,,,,,
1996-04-11,4.0000,1.7777777778,,,,,,,,,,,,,,
1996-04-12,4.0000,1.7777777778,,,,,,,,,,,,,,
1996-04-15,4.2500,1.8888888889,,,,,,,,,,,,,,
1996-04-16,4.2500,1.8888888889,,,,,,,,,,,,,,
1996-04-17,4.2500,1.8888888889,,,,,,,,,,,,,,
1996-04-18,4.2500,1.8888888889,,,,,,,,,,,,,,
1996-04-19,4.1200,1.8311111111,,,,,,,,,,,,,,
1996-04-22,4.1200,1.8311111111,,,,,,,,,,,,,,
1996-04-23,4.1200,1.8311111111,,,,,,,,,,,,,,
1996-04-24,4.1250,1.8333333333,,,,,,,,,,,,,,
1996-04-25,4.1200,1.8311111111,,,,,,,,,,,,,,
1996-04-26,4.2500,1.8888888889,,,,,,,,,,,,,,
1996-04-29,4.2500,1.8888888889,,,,,,,,,,,,,,
1996-04-30,4.2500,1.8888888889,,,,,,,,,,,,,,
1996-05-01,4.2500,1.8888888889,,,,,,,,,,,,,,
1996-05-02,4.1200,1.8311111111,,,,,,,,,,,,,,
1996-05-03,4.3800,1.9466666667,,,,,,,,,,,,,,
1996-05-06,4.3800,1.9466666667,,,,,,,,,,,,,,
1996-05-07,4.1200,1.8311111111,,,,,,,,,,,,,,
1996-05-08,4.1200,1.8311111111,,,,,,,,,,,,,,
1996-05-09,4.1250,1.8333333333,,,,,,,,,,,,,,
1996-05-10,4.1200,1.8311111111,,,,,,,,,,,,,,
1996-05-13,4.1200,1.8311111111,,,,,,,,,,,,,,
1996-05-14,4.1200,1.8311111111,,,,,,,,,,,,,,
1996-05-15,4.1200,1.8311111111,,,,,,,,,,,,,,
1996-05-16,4.1200,1.8311111111,,,,,,,,,,,,,,
1996-05-17,4.2500,1.8888888889,,,,,,,,,,,,,,
1996-05-20,4.2500,1.8888888889,,,,,,,,,,,,,,
1996-05-21,4.2500,1.8888888889,,,,,,,,,,,,,,
1996-05-22,4.2500,1.8888888889,,,,,,,,,,,,,,
1996-05-23,4.2500,1.8888888889,,,,,,,,,,,,,,
1996-05-24,4.0000,1.7777777778,,,,,,,,,,,,,,
1996-05-28,4.0000,1.7777777778,,,,,,,,,,,,,,
1996-05-29,4.0000,1.7777777778,,,,,,,,,,,,,,
1996-05-30,4.0000,1.7777777778,,,,,,,,,,,,,,
1996-05-31,4.0000,1.7777777778,,,,,,,,,,,,,,
1996-06-03,4.0000,1.7777777778,,,,,,,,,,,,,,
1996-06-04,4.0000,1.7777777778,,,,,,,,,,,,,,
1996-06-05,4.0000,1.7777777778,,,,,,,,,,,,,,
1996-06-06,4.0000,1.7777777778,,,,,,,,,,,,,,
1996-06-07,4.0000,1.7777777778,,,,,,,,,,,,,,
1996-06-10,4.0000,1.7777777778,,,,,,,,,,,,,,
1996-06-11,4.3800,1.9466666667,,,,,,,,,,,,,,
1996-06-12,4.3750,1.9444444444,,,,,,,,,,,,,,
1996-06-13,4.1250,1.8333333333,,,,,,,,,,,,,,
1996-06-14,4.1200,1.8311111111,,,,,,,,,,,,,,
1996-06-17,4.0000,1.7777777778,,,,,,,,,,,,,,
1996-06-18,4.0000,1.7777777778,,,,,,,,,,,,,,
1996-06-19,4.0000,1.7777777778,,,,,,,,,,,,,,
1996-06-20,4.0000,1.7777777778,,,,,,,,,,,,,,
1996-06-21,4.0000,1.7777777778,,,,,,,,,,,,,,
1996-06-24,4.0000,1.7777777778,,,,,,,,,,,,,,
1996-06-25,4.0000,1.7777777778,,,,,,,,,,,,,,
1996-06-26,4.0000,1.7777777778,,,,,,,,,,,,,,
1996-06-27,4.1900,1.8622222222,,,,,,,,,,,,,,
1996-06-28,4.1875,1.8611111111,,,,,,,,,,,,,,
1996-07-01,4.3800,1.9466666667,,,,,,,,,,,,,,
1996-07-02,4.3800,1.9466666667,,,,,,,,,,,,,,
1996-07-03,4.3800,1.9466666667,,,,,,,,,,,,,,
1996-07-05,4.3800,1.9466666667,,,,,,,,,,,,,,
1996-07-08,4.3800,1.9466666667,,,,,,,,,,,,,,
1996-07-09,4.3800,1.9466666667,,,,,,,,,,,,,,
1996-07-10,4.3800,1.9466666667,,,,,,,,,,,,,,
1996-07-11,4.1200,1.8311111111,,,,,,,,,,,,,,
1996-07-12,4.3750,1.9444444444,,,,,,,,,,,,,,
1996-07-15,4.1200,1.8311111111,,,,,,,,,,,,,,
1996-07-16,4.3800,1.9466666667,,,,,,,,,,,,,,
1996-07-17,4.1250,1.8333333333,,,,,,,,,,,,,,
1996-07-18,4.3750,1.9444444444,,,,,,,,,,,,,,
1996-07-19,4.3750,1.9444444444,,,,,,,,,,,,,,
1996-07-22,4.6200,2.0533333333,,,,,,,,,,,,,,
1996-07-23,4.6200,2.0533333333,,,,,,,,,,,,,,
1996-07-24,4.6250,2.0555555556,,,,,,,,,,,,,,
1996-07-25,5.0000,2.2222222222,,,,,,,,,,,,,,
1996-07-26,4.6875,2.0833333333,,,,,,,,,,,,,,
1996-07-29,5.0000,2.2222222222,,,,,,,,,,,,,,
1996-07-30,5.0000,2.2222222222,,,,,,,,,,,,,,
1996-07-31,5.0000,2.2222222222,,,,,,,,,,,,,,
1996-08-01,5.0000,2.2222222222,,,,,,,,,,,,,,
1996-08-02,5.3800,2.3911111111,,,,,,,,,,,,,,
1996-08-05,5.3800,2.3911111111,,,,,,,,,,,,,,
1996-08-06,5.5000,2.4444444444,,,,,,,,,,,,,,
1996-08-07,5.3750,2.3888888889,,,,,,,,,,,,,,
1996-08-08,5.5000,2.4444444444,,,,,,,,,,,,,,
1996-08-09,5.8750,2.6111111111,,,,,,,,,,,,,,
1996-08-12,5.7500,2.5555555556,,,,,,,,,,,,,,
1996-08-13,5.7500,2.5555555556,,,,,,,,,,,,,,
1996-08-14,5.7500,2.5555555556,,,,,,,,,,,,,,
1996-08-15,5.7500,2.5555555556,,,,,,,,,,,,,,
1996-08-16,5.7500,2.5555555556,,,,,,,,,,,,,,
1996-08-19,5.5000,2.4444444444,,,,,,,,,,,,,,
1996-08-20,5.5000,2.4444444444,,,,,,,,,,,,,,
1996-08-21,5.5000,2.4444444444,,,,,,,,,,,,,,
1996-08-22,5.5000,2.4444444444,,,,,,,,,,,,,,
1996-08-23,5.5000,2.4444444444,,,,,,,,,,,,,,
1996-08-26,5.5000,2.4444444444,,,,,,,,,,,,,,
1996-08-27,5.3800,2.3911111111,,,,,,,,,,,,,,
1996-08-28,5.7500,2.5555555556,,,,,,,,,,,,,,
1996-08-29,5.3750,2.3888888889,,,,,,,,,,,,,,
1996-08-30,5.7500,2.5555555556,,,,,,,,,,,,,,
1996-09-03,5.3800,2.3911111111,,,,,,,,,,,,,,
1996-09-04,5.3750,2.3888888889,,,,,,,,,,,,,,
1996-09-05,5.3750,2.3888888889,,,,,,,,,,,,,,
1996-09-06,5.3800,2.3911111111,,,,,,,,,,,,,,
1996-09-09,5.3800,2.3911111111,,,,,,,,,,,,,,
1996-09-10,5.3800,2.3911111111,,,,,,,,,,,,,,
1996-09-11,5.3750,2.3888888889,,,,,,,,,,,,,,
1996-09-12,5.3750,2.3888888889,,,,,,,,,,,,,,
1996-09-13,5.3800,2.3911111111,,,,,,,,,,,,,,
1996-09-16,5.3800,2.3911111111,,,,,,,,,,,,,,
1996-09-17,5.6200,2.4977777778,,,,,,,,,,,,,,
1996-09-18,5.6250,2.5000000000,,,,,,,,,,,,,,
1996-09-19,5.6200,2.4977777778,,,,,,,,,,,,,,
1996-09-20,5.3800,2.3911111111,,,,,,,,,,,,,,
1996-09-23,5.3800,2.3911111111,,,,,,,,,,,,,,
1996-09-24,5.3750,2.3888888889,,,,,,,,,,,,,,
1996-09-25,5.0000,2.2222222222,,,,,,,,,,,,,,
1996-09-26,5.0000,2.2222222222,,,,,,,,,,,,,,
1996-09-27,5.0000,2.2222222222,,,,,,,,,,,,,,
1996-09-30,5.0000,2.2222222222,,,,,,,,,,,,,,
1996-10-01,5.0000,2.2222222222,,,,,,,,,,,,,,
1996-10-02,5.0000,2.2222222222,,,,,,,,,,,,,,
1996-10-03,5.0000,2.2222222222,,,,,,,,,,,,,,
1996-10-04,5.0000,2.2222222222,,,,,,,,,,,,,,
1996-10-07,5.0000,2.2222222222,,,,,,,,,,,,,,
1996-10-08,5.0000,2.2222222222,,,,,,,,,,,,,,
1996-10-09,5.0000,2.2222222222,,,,,,,,,,,,,,
1996-10-10,5.0000,2.2222222222,,,,,,,,,,,,,,
1996-10-11,5.2500,2.3333333333,,,,,,,,,,,,,,
1996-10-14,5.2500,2.3333333333,,,,,,,,,,,,,,
1996-10-15,5.2500,2.3333333333,,,,,,,,,,,,,,
1996-10-16,5.2500,2.3333333333,,,,,,,,,,,,,,
1996-10-17,5.2500,2.3333333333,,,,,,,,,,,,,,
1996-10-18,4.8800,2.1688888889,,,,,,,,,,,,,,
1996-10-21,4.6200,2.0533333333,,,,,,,,,,,,,,
1996-10-22,4.6200,2.0533333333,,,,,,,,,,,,,,
1996-10-23,4.6250,2.0555555556,,,,,,,,,,,,,,
1996-10-24,5.1200,2.2755555556,,,,,,,,,,,,,,
1996-10-25,5.1250,2.2777777778,,,,,,,,,,,,,,
1996-10-28,5.1200,2.2755555556,,,,,,,,,,,,,,
1996-10-29,5.1200,2.2755555556,,,,,,,,,,,,,,
1996-10-30,4.6200,2.0533333333,,,,,,,,,,,,,,
1996-10-31,4.6200,2.0533333333,,,,,,,,,,,,,,
1996-11-01,4.6250,2.0555555556,,,,,,,,,,,,,,
1996-11-04,4.6200,2.0533333333,,,,,,,,,,,,,,
1996-11-05,4.6200,2.0533333333,,,,,,,,,,,,,,
1996-11-06,4.6200,2.0533333333,,,,,,,,,,,,,,
1996-11-07,4.6200,2.0533333333,,,,,,,,,,,,,,
1996-11-08,4.6200,2.0533333333,,,,,,,,,,,,,,
1996-11-11,4.6200,2.0533333333,,,,,,,,,,,,,,
1996-11-12,4.6200,2.0533333333,,,,,,,,,,,,,,
1996-11-13,4.6250,2.0555555556,,,,,,,,,,,,,,
1996-11-14,4.6250,2.0555555556,,,,,,,,,,,,,,
1996-11-15,4.1200,1.8311111111,,,,,,,,,,,,,,
1996-11-18,4.1200,1.8311111111,,,,,,,,,,,,,,
1996-11-19,4.1250,1.8333333333,,,,,,,,,,,,,,
1996-11-20,4.1250,1.8333333333,,,,,,,,,,,,,,
1996-11-21,4.1250,1.8333333333,,,,,,,,,,,,,,
1996-11-22,4.1200,1.8311111111,,,,,,,,,,,,,,
1996-11-25,4.1200,1.8311111111,,,,,,,,,,,,,,
1996-11-26,4.1200,1.8311111111,,,,,,,,,,,,,,
1996-11-27,4.1200,1.8311111111,,,,,,,,,,,,,,
1996-11-29,4.1200,1.8311111111,,,,,,,,,,,,,,
1996-12-02,4.1200,1.8311111111,,,,,,,,,,,,,,
1996-12-03,4.5000,2.0000000000,,,,,,,,,,,,,,
1996-12-04,4.3800,1.9466666667,,,,,,,,,,,,,,
1996-12-05,4.3800,1.9466666667,,,,,,,,,,,,,,
1996-12-06,4.3800,1.9466666667,,,,,,,,,,,,,,
1996-12-09,4.3800,1.9466666667,,,,,,,,,,,,,,
1996-12-10,4.1200,1.8311111111,,,,,,,,,,,,,,
1996-12-11,4.1200,1.8311111111,,,,,,,,,,,,,,
1996-12-12,4.1200,1.8311111111,,,,,,,,,,,,,,
1996-12-13,4.3800,1.9466666667,,,,,,,,,,,,,,
1996-12-16,4.1200,1.8311111111,,,,,,,,,,,,,,
1996-12-17,4.1200,1.8311111111,,,,,,,,,,,,,,
1996-12-18,4.1200,1.8311111111,,,,,,,,,,,,,,
1996-12-19,4.1200,1.8311111111,,,,,,,,,,,,,,
1996-12-20,4.1200,1.8311111111,,,,,,,,,,,,,,
1996-12-23,4.1200,1.8311111111,,,,,,,,,,,,,,
1996-12-24,4.1200,1.8311111111,,,,,,,,,,,,,,
1996-12-26,4.1200,1.8311111111,,,,,,,,,,,,,,
1996-12-27,4.0000,1.7777777778,,,,,,,,,,,,,,
1996-12-30,4.0000,1.7777777778,,,,,,,,,,,,,,
1996-12-31,4.0000,1.7777777778,,,,,,,,,,,,,,
1997-01-02,3.8750,1.7222222222,,,,,,,,,,,,,,
1997-01-03,3.8800,1.7244444444,,,,,,,,,,,,,,
1997-01-06,4.1250,1.8333333333,,,,,,,,,,,,,,
1997-01-07,4.1200,1.8311111111,,,,,,,,,,,,,,
1997-01-08,4.1200,1.8311111111,,,,,,,,,,,,,,
1997-01-09,4.3750,1.9444444444,,,,,,,,,,,,,,
1997-01-10,4.1250,1.8333333333,,,,,,,,,,,,,,
1997-01-13,4.3750,1.9444444444,,,,,,,,,,,,,,
1997-01-14,3.8750,1.7222222222,,,,,,,,,,,,,,
1997-01-15,3.8800,1.7244444444,,,,,,,,,,,,,,
1997-01-16,4.1250,1.8333333333,,,,,,,,,,,,,,
1997-01-17,3.8750,1.7222222222,,,,,,,,,,,,,,
1997-01-20,3.8800,1.7244444444,,,,,,,,,,,,,,
1997-01-21,3.8750,1.7222222222,,,,,,,,,,,,,,
1997-01-22,3.8750,1.7222222222,,,,,,,,,,,,,,
1997-01-23,4.1250,1.8333333333,,,,,,,,,,,,,,
1997-01-24,3.8750,1.7222222222,,,,,,,,,,,,,,
1997-01-27,3.8750,1.7222222222,,,,,,,,,,,,,,
1997-01-28,3.8800,1.7244444444,,,,,,,,,,,,,,
1997-01-29,3.8800,1.7244444444,,,,,,,,,,,,,,
1997-01-30,4.1880,1.8613333333,,,,,,,,,,,,,,
1997-01-31,4.1250,1.8333333333,,,,,,,,,,,,,,
1997-02-03,4.1200,1.8311111111,,,,,,,,,,,,,,
1997-02-04,4.1200,1.8311111111,,,,,,,,,,,,,,
1997-02-05,4.2500,1.8888888889,,,,,,,,,,,,,,
1997-02-06,4.2500,1.8888888889,,,,,,,,,,,,,,
1997-02-07,4.2500,1.8888888889,,,,,,,,,,,,,,
1997-02-10,4.0000,1.7777777778,,,,,,,,,,,,,,
1997-02-11,4.0000,1.7777777778,,,,,,,,,,,,,,
1997-02-12,3.9380,1.7502222222,,,,,,,,,,,,,,
1997-02-13,3.9400,1.7511111111,,,,,,,,,,,,,,
1997-02-14,3.9400,1.7511111111,,,,,,,,,,,,,,
1997-02-18,3.9400,1.7511111111,,,,,,,,,,,,,,
1997-02-19,3.5000,1.5555555556,,,,,,,,,,,,,,
1997-02-20,3.5000,1.5555555556,,,,,,,,,,,,,,
1997-02-21,3.3750,1.5000000000,,,,,,,,,,,,,,
1997-02-24,4.0000,1.7777777778,,,,,,,,,,,,,,
1997-02-25,4.0000,1.7777777778,,,,,,,,,,,,,,
1997-02-26,4.0000,1.7777777778,,,,,,,,,,,,,,
1997-02-27,4.0000,1.7777777778,,,,,,,,,,,,,,
1997-02-28,3.7500,1.6666666667,,,,,,,,,,,,,,
1997-03-03,3.7500,1.6666666667,,,,,,,,,,,,,,
1997-03-04,3.7500,1.6666666667,,,,,,,,,,,,,,
1997-03-05,3.7500,1.6666666667,,,,,,,,,,,,,,
1997-03-06,3.7500,1.6666666667,,,,,,,,,,,,,,
1997-03-07,3.7500,1.6666666667,,,,,,,,,,,,,,
1997-03-10,3.7500,1.6666666667,,,,,,,,,,,,,,
1997-03-11,3.7500,1.6666666667,,,,,,,,,,,,,,
1997-03-12,3.6250,1.6111111111,,,,,,,,,,,,,,
1997-03-13,3.3750,1.5000000000,,,,,,,,,,,,,,
1997-03-14,3.6250,1.6111111111,,,,,,,,,,,,,,
1997-03-17,3.6200,1.6088888889,,,,,,,,,,,,,,
1997-03-18,3.6200,1.6088888889,,,,,,,,,,,,,,
1997-03-19,3.6200,1.6088888889,,,,,,,,,,,,,,
1997-03-20,3.3750,1.5000000000,,,,,,,,,,,,,,
1997-03-21,3.5000,1.5555555556,,,,,,,,,,,,,,
1997-03-24,3.4380,1.5280000000,,,,,,,,,,,,,,
1997-03-25,3.4400,1.5288888889,,,,,,,,,,,,,,
1997-03-26,3.3750,1.5000000000,,,,,,,,,,,,,,
1997-03-27,3.5000,1.5555555556,,,,,,,,,,,,,,
1997-03-31,3.5000,1.5555555556,,,,,,,,,,,,,,
1997-04-01,3.1250,1.3888888889,,,,,,,,,,,,,,
1997-04-02,3.3750,1.5000000000,,,,,,,,,,,,,,
1997-04-03,4.7500,2.1111111111,,,,,,,,,,,,,,
1997-04-04,4.8750,2.1666666667,,,,,,,,,,,,,,
1997-04-07,4.8750,2.1666666667,,,,,,,,,,,,,,
1997-04-08,4.6250,2.0555555556,,,,,,,,,,,,,,
1997-04-09,5.0000,2.2222222222,,,,,,,,,,,,,,
1997-04-10,4.6250,2.0555555556,,,,,,,,,,,,,,
1997-04-11,4.6200,2.0533333333,,,,,,,,,,,,,,
1997-04-14,4.8750,2.1666666667,,,,,,,,,,,,,,
1997-04-15,4.5000,2.0000000000,,,,,,,,,,,,,,
1997-04-16,5.0000,2.2222222222,,,,,,,,,,,,,,
1997-04-17,4.6250,2.0555555556,,,,,,,,,,,,,,
1997-04-18,4.7500,2.1111111111,,,,,,,,,,,,,,
1997-04-21,4.6250,2.0555555556,,,,,,,,,,,,,,
1997-04-22,4.6200,2.0533333333,,,,,,,,,,,,,,
1997-04-23,4.6250,2.0555555556,,,,,,,,,,,,,,
1997-04-24,4.6200,2.0533333333,,,,,,,,,,,,,,
1997-04-25,4.6250,2.0555555556,,,,,,,,,,,,,,
1997-04-28,4.6200,2.0533333333,,,,,,,,,,,,,,
1997-04-29,4.6200,2.0533333333,,,,,,,,,,,,,,
1997-04-30,4.6200,2.0533333333,,,,,,,,,,,,,,
1997-05-01,4.6250,2.0555555556,,,,,,,,,,,,,,
1997-05-02,4.6200,2.0533333333,,,,,,,,,,,,,,
1997-05-05,5.0000,2.2222222222,,,,,,,,,,,,,,
1997-05-06,4.8750,2.1666666667,,,,,,,,,,,,,,
1997-05-07,4.6250,2.0555555556,,,,,,,,,,,,,,
1997-05-08,4.6250,2.0555555556,,,,,,,,,,,,,,
1997-05-09,4.6250,2.0555555556,,,,,,,,,,,,,,
1997-05-12,4.1250,1.8333333333,,,,,,,,,,,,,,
1997-05-13,4.2500,1.8888888889,,,,,,,,,,,,,,
1997-05-14,4.1250,1.8333333333,,,,,,,,,,,,,,
1997-05-15,4.5000,2.0000000000,,,,,,,,,,,,,,
1997-05-16,4.5000,2.0000000000,,,,,,,,,,,,,,
1997-05-19,4.1250,1.8333333333,,,,,,,,,,,,,,
1997-05-20,4.5000,2.0000000000,,,,,,,,,,,,,,
1997-05-21,4.1250,1.8333333333,,,,,,,,,,,,,,
1997-05-22,4.1200,1.8311111111,,,,,,,,,,,,,,
1997-05-23,4.6250,2.0555555556,,,,,,,,,,,,,,
1997-05-27,4.8750,2.1666666667,,,,,,,,,,,,,,
1997-05-28,4.5000,2.0000000000,,,,,,,,,,,,,,
1997-05-29,4.5000,2.0000000000,,,,,,,,,,,,,,
1997-05-30,4.5000,2.0000000000,,,,,,,,,,,,,,
1997-06-02,4.5000,2.0000000000,,,,,,,,,,,,,,
1997-06-03,4.5000,2.0000000000,,,,,,,,,,,,,,
1997-06-04,4.5000,2.0000000000,,,,,,,,,,,,,,
1997-06-05,4.5000,2.0000000000,,,,,,,,,,,,,,
1997-06-06,4.7500,2.1111111111,,,,,,,,,,,,,,
1997-06-09,4.7500,2.1111111111,,,,,,,,,,,,,,
1997-06-10,4.5000,2.0000000000,,,,,,,,,,,,,,
1997-06-11,4.5000,2.0000000000,,,,,,,,,,,,,,
1997-06-12,4.5000,2.0000000000,,,,,,,,,,,,,,
1997-06-13,4.5000,2.0000000000,,,,,,,,,,,,,,
1997-06-16,4.3750,1.9444444444,,,,,,,,,,,,,,
1997-06-17,4.3750,1.9444444444,,,,,,,,,,,,,,
1997-06-18,4.3800,1.9466666667,,,,,,,,,,,,,,
1997-06-19,4.3750,1.9444444444,,,,,,,,,,,,,,
1997-06-20,4.3800,1.9466666667,,,,,,,,,,,,,,
1997-06-23,4.3800,1.9466666667,,,,,,,,,,,,,,
1997-06-24,4.3800,1.9466666667,,,,,,,,,,,,,,
1997-06-25,4.3800,1.9466666667,,,,,,,,,,,,,,
1997-06-26,4.3800,1.9466666667,,,,,,,,,,,,,,
1997-06-27,4.7500,2.1111111111,,,,,,,,,,,,,,
1997-06-30,4.7500,2.1111111111,,,,,,,,,,,,,,
1997-07-01,4.6250,2.0555555556,,,,,,,,,,,,,,
1997-07-02,4.6250,2.0555555556,,,,,,,,,,,,,,
1997-07-03,4.8750,2.1666666667,,,,,,,,,,,,,,
1997-07-07,4.6250,2.0555555556,,,,,,,,,,,,,,
1997-07-08,4.8130,2.1391111111,,,,,,,,,,,,,,
1997-07-09,4.8100,2.1377777778,,,,,,,,,,,,,,
1997-07-10,4.8750,2.1666666667,,,,,,,,,,,,,,
1997-07-11,4.8750,2.1666666667,,,,,,,,,,,,,,
1997-07-14,4.7500,2.1111111111,,,,,,,,,,,,,,
1997-07-15,4.7500,2.1111111111,,,,,,,,,,,,,,
1997-07-16,4.6250,2.0555555556,,,,,,,,,,,,,,
1997-07-17,4.5000,2.0000000000,,,,,,,,,,,,,,
1997-07-18,4.5000,2.0000000000,,,,,,,,,,,,,,
1997-07-21,4.7500,2.1111111111,,,,,,,,,,,,,,
1997-07-22,4.5000,2.0000000000,,,,,,,,,,,,,,
1997-07-23,4.5000,2.0000000000,,,,,,,,,,,,,,
1997-07-24,4.5000,2.0000000000,,,,,,,,,,,,,,
1997-07-25,4.5000,2.0000000000,,,,,,,,,,,,,,
1997-07-28,4.5000,2.0000000000,,,,,,,,,,,,,,
1997-07-29,4.5000,2.0000000000,,,,,,,,,,,,,,
1997-07-30,4.5000,2.0000000000,,,,,,,,,,,,,,
1997-07-31,4.5000,2.0000000000,,,,,,,,,,,,,,
1997-08-01,4.5000,2.0000000000,,,,,,,,,,,,,,
1997-08-04,4.5000,2.0000000000,,,,,,,,,,,,,,
1997-08-05,4.5000,2.0000000000,,,,,,,,,,,,,,
1997-08-06,4.5000,2.0000000000,,,,,,,,,,,,,,
1997-08-07,4.5000,2.0000000000,,,,,,,,,,,,,,
1997-08-08,4.7500,2.1111111111,,,,,,,,,,,,,,
1997-08-11,4.7500,2.1111111111,,,,,,,,,,,,,,
1997-08-12,4.7500,2.1111111111,,,,,,,,,,,,,,
1997-08-13,4.7500,2.1111111111,,,,,,,,,,,,,,
1997-08-14,4.5000,2.0000000000,,,,,,,,,,,,,,
1997-08-15,4.5000,2.0000000000,,,,,,,,,,,,,,
1997-08-18,4.5000,2.0000000000,,,,,,,,,,,,,,
1997-08-19,4.2500,1.8888888889,,,,,,,,,,,,,,
1997-08-20,4.2500,1.8888888889,,,,,,,,,,,,,,
1997-08-21,4.2500,1.8888888889,,,,,,,,,,,,,,
1997-08-22,4.2500,1.8888888889,,,,,,,,,,,,,,
1997-08-25,4.2500,1.8888888889,,,,,,,,,,,,,,
1997-08-26,4.2500,1.8888888889,,,,,,,,,,,,,,
1997-08-27,4.2500,1.8888888889,,,,,,,,,,,,,,
1997-08-28,4.5000,2.0000000000,,,,,,,,,,,,,,
1997-08-29,4.5000,2.0000000000,,,,,,,,,,,,,,
1997-09-02,4.5000,2.0000000000,,,,,,,,,,,,,,
1997-09-03,4.2500,1.8888888889,,,,,,,,,,,,,,
1997-09-04,4.1250,1.8333333333,,,,,,,,,,,,,,
1997-09-05,4.1200,1.8311111111,,,,,,,,,,,,,,
1997-09-08,4.1250,1.8333333333,,,,,,,,,,,,,,
1997-09-09,4.3750,1.9444444444,,,,,,,,,,,,,,
1997-09-10,4.3750,1.9444444444,,,,,,,,,,,,,,
1997-09-11,4.1250,1.8333333333,,,,,,,,,,,,,,
1997-09-12,4.1250,1.8333333333,,,,,,,,,,,,,,
1997-09-15,4.1200,1.8311111111,,,,,,,,,,,,,,
1997-09-16,4.1250,1.8333333333,,,,,,,,,,,,,,
1997-09-17,4.1200,1.8311111111,,,,,,,,,,,,,,
1997-09-18,4.1200,1.8311111111,,,,,,,,,,,,,,
1997-09-19,4.1200,1.8311111111,,,,,,,,,,,,,,
1997-09-22,4.1250,1.8333333333,,,,,,,,,,,,,,
1997-09-23,4.1250,1.8333333333,,,,,,,,,,,,,,
1997-09-24,4.5000,2.0000000000,,,,,,,,,,,,,,
1997-09-25,5.0000,2.2222222222,,,,,,,,,,,,,,
1997-09-26,5.0000,2.2222222222,,,,,,,,,,,,,,
1997-09-29,5.0000,2.2222222222,,,,,,,,,,,,,,
1997-09-30,5.0000,2.2222222222,,,,,,,,,,,,,,
1997-10-01,4.5000,2.0000000000,,,,,,,,,,,,,,
1997-10-02,4.5000,2.0000000000,,,,,,,,,,,,,,
1997-10-03,5.0000,2.2222222222,,,,,,,,,,,,,,
1997-10-06,4.5000,2.0000000000,,,,,,,,,,,,,,
1997-10-07,4.8750,2.1666666667,,,,,,,,,,,,,,
1997-10-08,4.9380,2.1946666667,,,,,,,,,,,,,,
1997-10-09,4.9400,2.1955555556,,,,,,,,,,,,,,
1997-10-10,4.9400,2.1955555556,,,,,,,,,,,,,,
1997-10-13,4.5000,2.0000000000,,,,,,,,,,,,,,
1997-10-14,4.5000,2.0000000000,,,,,,,,,,,,,,
1997-10-15,4.5000,2.0000000000,,,,,,,,,,,,,,
1997-10-16,5.0000,2.2222222222,,,,,,,,,,,,,,
1997-10-17,4.5000,2.0000000000,,,,,,,,,,,,,,
1997-10-20,5.1250,2.2777777778,,,,,,,,,,,,,,
1997-10-21,5.1200,2.2755555556,,,,,,,,,,,,,,
1997-10-22,5.1200,2.2755555556,,,,,,,,,,,,,,
1997-10-23,5.0000,2.2222222222,,,,,,,,,,,,,,
1997-10-24,5.0000,2.2222222222,,,,,,,,,,,,,,
1997-10-27,4.1250,1.8333333333,,,,,,,,,,,,,,
1997-10-28,4.3130,1.9168888889,,,,,,,,,,,,,,
1997-10-29,4.7500,2.1111111111,,,,,,,,,,,,,,
1997-10-30,4.7500,2.1111111111,,,,,,,,,,,,,,
1997-10-31,4.7500,2.1111111111,,,,,,,,,,,,,,
1997-11-03,4.2500,1.8888888889,,,,,,,,,,,,,,
1997-11-04,4.2500,1.8888888889,,,,,,,,,,,,,,
1997-11-05,4.5000,2.0000000000,,,,,,,,,,,,,,
1997-11-06,4.1250,1.8333333333,,,,,,,,,,,,,,
1997-11-07,4.1200,1.8311111111,,,,,,,,,,,,,,
1997-11-10,4.4380,1.9724444444,,,,,,,,,,,,,,
1997-11-11,4.5000,2.0000000000,,,,,,,,,,,,,,
1997-11-12,4.5000,2.0000000000,,,,,,,,,,,,,,
1997-11-13,4.5000,2.0000000000,,,,,,,,,,,,,,
1997-11-14,4.1250,1.8333333333,,,,,,,,,,,,,,
1997-11-17,4.5000,2.0000000000,,,,,,,,,,,,,,
1997-11-18,4.5000,2.0000000000,,,,,,,,,,,,,,
1997-11-19,4.3750,1.9444444444,,,,,,,,,,,,,,
1997-11-20,4.3750,1.9444444444,,,,,,,,,,,,,,
1997-11-21,4.8750,2.1666666667,,,,,,,,,,,,,,
1997-11-24,5.0000,2.2222222222,,,,,,,,,,,,,,
1997-11-25,5.0000,2.2222222222,,,,,,,,,,,,,,
1997-11-26,4.5000,2.0000000000,,,,,,,,,,,,,,
1997-11-28,4.5000,2.0000000000,,,,,,,,,,,,,,
1997-12-01,5.5000,2.4444444444,,,,,,,,,,,,,,
1997-12-02,5.5000,2.4444444444,,,,,,,,,,,,,,
1997-12-03,5.0000,2.2222222222,,,,,,,,,,,,,,
1997-12-04,5.5000,2.4444444444,,,,,,,,,,,,,,
1997-12-05,5.5000,2.4444444444,,,,,,,,,,,,,,
1997-12-08,5.0000,2.2222222222,,,,,,,,,,,,,,
1997-12-09,5.0000,2.2222222222,,,,,,,,,,,,,,
1997-12-10,5.1250,2.2777777778,,,,,,,,,,,,,,
1997-12-11,4.5000,2.0000000000,,,,,,,,,,,,,,
1997-12-12,4.1250,1.8333333333,,,,,,,,,,,,,,
1997-12-15,4.5000,2.0000000000,,,,,,,,,,,,,,
1997-12-16,4.5000,2.0000000000,,,,,,,,,,,,,,
1997-12-17,4.2500,1.8888888889,,,,,,,,,,,,,,
1997-12-18,4.8750,2.1666666667,,,,,,,,,,,,,,
1997-12-19,4.8800,2.1688888889,,,,,,,,,,,,,,
1997-12-22,5.0000,2.2222222222,,,,,,,,,,,,,,
1997-12-23,4.2500,1.8888888889,,,,,,,,,,,,,,
1997-12-24,4.2500,1.8888888889,,,,,,,,,,,,,,
1997-12-26,5.0000,2.2222222222,,,,,,,,,,,,,,
1997-12-29,4.5000,2.0000000000,,,,,,,,,,,,,,
1997-12-30,5.0000,2.2222222222,,,,,,,,,,,,,,
1997-12-31,5.0000,2.2222222222,,,,,,,,,,,,,,
1998-01-02,4.5000,2.0000000000,,,,,,,,,,,,,,
1998-01-05,4.5000,2.0000000000,,,,,,,,,,,,,,
1998-01-06,5.0000,2.2222222222,,,,,,,,,,,,,,
1998-01-07,5.5000,2.4444444444,,,,,,,,,,,,,,
1998-01-08,5.3750,2.3888888889,,,,,,,,,,,,,,
1998-01-09,5.5000,2.4444444444,,,,,,,,,,,,,,
1998-01-12,5.2500,2.3333333333,,,,,,,,,,,,,,
1998-01-13,5.5000,2.4444444444,,,,,,,,,,,,,,
1998-01-14,5.2500,2.3333333333,,,,,,,,,,,,,,
1998-01-15,5.1250,2.2777777778,,,,,,,,,,,,,,
1998-01-16,4.8130,2.1391111111,,,,,,,,,,,,,,
1998-01-20,4.6250,2.0555555556,,,,,,,,,,,,,,
1998-01-21,4.5630,2.0280000000,,,,,,,,,,,,,,
1998-01-22,4.7500,2.1111111111,,,,,,,,,,,,,,
1998-01-23,5.0000,2.2222222222,,,,,,,,,,,,,,
1998-01-26,5.0630,2.2502222222,,,,,,,,,,,,,,
1998-01-27,4.8750,2.1666666667,,,,,,,,,,,,,,
1998-01-28,5.0000,2.2222222222,,,,,,,,,,,,,,
1998-01-29,4.6250,2.0555555556,,,,,,,,,,,,,,
1998-01-30,4.6250,2.0555555556,,,,,,,,,,,,,,
1998-02-02,5.2500,2.3333333333,,,,,,,,,,,,,,
1998-02-03,4.8750,2.1666666667,,,,,,,,,,,,,,
1998-02-04,4.7500,2.1111111111,,,,,,,,,,,,,,
1998-02-05,5.2500,2.3333333333,,,,,,,,,,,,,,
1998-02-06,5.2500,2.3333333333,,,,,,,,,,,,,,
1998-02-09,5.2500,2.3333333333,,,,,,,,,,,,,,
1998-02-10,5.0630,2.2502222222,,,,,,,,,,,,,,
1998-02-11,8.9380,3.9724444444,,,,,,,,,,,,,,
1998-02-12,9.6250,4.2777777778,,,,,,,,,,,,,,
1998-02-13,10.0000,4.4444444444,,,,,,,,,,,,,,
1998-02-17,11.1300,4.9466666667,,,,,,,,,,,,,,
1998-02-18,10.7500,4.7777777778,,,,,,,,,,,,,,
1998-02-19,9.8750,4.3888888889,,,,,,,,,,,,,,
1998-02-20,9.5000,4.2222222222,,,,,,,,,,,,,,
1998-02-23,8.9380,3.9724444444,,,,,,,,,,,,,,
1998-02-24,9.0000,4.0000000000,,,,,,,,,,,,,,
1998-02-25,8.7500,3.8888888889,,,,,,,,,,,,,,
1998-02-26,8.8750,3.9444444444,,,,,,,,,,,,,,
1998-02-27,8.7500,3.8888888889,,,,,,,,,,,,,,
1998-03-02,9.2500,4.1111111111,,,,,,,,,,,,,,
1998-03-03,9.2500,4.1111111111,,,,,,,,,,,,,,
1998-03-04,9.2500,4.1111111111,,,,,,,,,,,,,,
1998-03-05,9.0000,4.0000000000,,,,,,,,,,,,,,
1998-03-06,9.0000,4.0000000000,,,,,,,,,,,,,,
1998-03-09,9.1250,4.0555555556,,,,,,,,,,,,,,
1998-03-10,8.6250,3.8333333333,,,,,,,,,,,,,,
1998-03-11,8.6250,3.8333333333,,,,,,,,,,,,,,
1998-03-12,9.7500,4.3333333333,,,,,,,,,,,,,,
1998-03-13,10.2500,4.5555555556,,,,,,,,,,,,,,
1998-03-16,10.3800,4.6133333333,,,,,,,,,,,,,,
1998-03-17,10.7500,4.7777777778,,,,,,,,,,,,,,
1998-03-18,11.0000,4.8888888889,,,,,,,,,,,,,,
1998-03-19,13.0600,5.8044444444,,,,,,,,,,,,,,
1998-03-20,13.6300,6.0577777778,,,,,,,,,,,,,,
1998-03-23,12.7500,5.6666666667,,,,,,,,,,,,,,
1998-03-24,13.8800,6.1688888889,,,,,,,,,,,,,,
1998-03-25,13.5000,6.0000000000,,,,,,,,,,,,,,
1998-03-26,13.5000,6.0000000000,,,,,,,,,,,,,,
1998-03-27,13.7500,6.1111111111,,,,,,,,,,,,,,
1998-03-30,13.5000,6.0000000000,,,,,,,,,,,,,,
1998-03-31,13.5000,6.0000000000,,,,,,,,,,,,,,
1998-04-01,13.5000,6.0000000000,,,,,,,,,,,,,,
1998-04-02,13.2500,5.8888888889,,,,,,,,,,,,,,
1998-04-03,13.2500,5.8888888889,,,,,,,,,,,,,,
1998-04-06,13.2500,5.8888888889,,,,,,,,,,,,,,
1998-04-07,13.2500,5.8888888889,,,,,,,,,,,,,,
1998-04-08,11.8800,5.2800000000,,,,,,,,,,,,,,
1998-04-09,13.1300,5.8355555556,,,,,,,,,,,,,,
1998-04-13,13.1300,5.8355555556,,,,,,,,,,,,,,
1998-04-14,12.3800,5.5022222222,,,,,,,,,,,,,,
1998-04-15,12.7500,5.6666666667,,,,,,,,,,,,,,
1998-04-16,12.7500,5.6666666667,,,,,,,,,,,,,,
1998-04-17,12.7500,5.6666666667,,,,,,,,,,,,,,
1998-04-20,13.2500,5.8888888889,,,,,,,,,,,,,,
1998-04-21,12.6900,5.6400000000,,,,,,,,,,,,,,
1998-04-22,12.7500,5.6666666667,,,,,,,,,,,,,,
1998-04-23,12.1300,5.3911111111,,,,,,,,,,,,,,
1998-04-24,12.1300,5.3911111111,,,,,,,,,,,,,,
1998-04-27,11.8100,5.2488888889,,,,,,,,,,,,,,
1998-04-28,12.5000,5.5555555556,,,,,,,,,,,,,,
1998-04-29,12.3800,5.5022222222,,,,,,,,,,,,,,
1998-04-30,12.7500,5.6666666667,,,,,,,,,,,,,,
1998-05-01,12.1300,5.3911111111,,,,,,,,,,,,,,
1998-05-04,12.5000,5.5555555556,,,,,,,,,,,,,,
1998-05-05,12.1300,5.3911111111,,,,,,,,,,,,,,
1998-05-06,12.0000,5.3333333333,,,,,,,,,,,,,,
1998-05-07,11.5000,5.1111111111,,,,,,,,,,,,,,
1998-05-08,12.0000,5.3333333333,,,,,,,,,,,,,,
1998-05-11,12.2500,5.4444444444,,,,,,,,,,,,,,
1998-05-12,12.0000,5.3333333333,,,,,,,,,,,,,,
1998-05-13,11.7500,5.2222222222,,,,,,,,,,,,,,
1998-05-14,12.0000,5.3333333333,,,,,,,,,,,,,,
1998-05-15,11.5000,5.1111111111,,,,,,,,,,,,,,
1998-05-18,11.5000,5.1111111111,,,,,,,,,,,,,,
1998-05-19,11.2500,5.0000000000,,,,,,,,,,,,,,
1998-05-20,11.2500,5.0000000000,,,,,,,,,,,,,,
1998-05-21,11.2500,5.0000000000,,,,,,,,,,,,,,
1998-05-22,11.2500,5.0000000000,,,,,,,,,,,,,,
1998-05-26,11.8800,5.2800000000,,,,,,,,,,,,,,
1998-05-27,11.0000,4.8888888889,,,,,,,,,,,,,,
1998-05-28,11.7500,5.2222222222,,,,,,,,,,,,,,
1998-05-29,11.0000,4.8888888889,,,,,,,,,,,,,,
1998-06-01,10.7500,4.7777777778,,,,,,,,,,,,,,
1998-06-02,10.6300,4.7244444444,,,,,,,,,,,,,,
1998-06-03,10.5000,4.6666666667,,,,,,,,,,,,,,
1998-06-04,10.5000,4.6666666667,,,,,,,,,,,,,,
1998-06-05,10.5000,4.6666666667,,,,,,,,,,,,,,
1998-06-08,9.7500,4.3333333333,,,,,,,,,,,,,,
1998-06-09,10.0600,4.4711111111,,,,,,,,,,,,,,
1998-06-10,10.5000,4.6666666667,,,,,,,,,,,,,,
1998-06-11,10.2500,4.5555555556,,,,,,,,,,,,,,
1998-06-12,10.2500,4.5555555556,,,,,,,,,,,,,,
1998-06-15,9.6250,4.2777777778,,,,,,,,,,,,,,
1998-06-16,9.6250,4.2777777778,,,,,,,,,,,,,,
1998-06-17,10.0000,4.4444444444,,,,,,,,,,,,,,
1998-06-18,9.4380,4.1946666667,,,,,,,,,,,,,,
1998-06-19,9.1880,4.0835555556,,,,,,,,,,,,,,
1998-06-22,10.4400,4.6400000000,,,,,,,,,,,,,,
1998-06-23,10.0000,4.4444444444,,,,,,,,,,,,,,
1998-06-24,10.1300,4.5022222222,,,,,,,,,,,,,,
1998-06-25,9.8750,4.3888888889,,,,,,,,,,,,,,
1998-06-26,9.8750,4.3888888889,,,,,,,,,,,,,,
1998-06-29,10.0000,4.4444444444,,,,,,,,,,,,,,
1998-06-30,9.8750,4.3888888889,,,,,,,,,,,,,,
1998-07-01,9.8750,4.3888888889,,,,,,,,,,,,,,
1998-07-02,9.8750,4.3888888889,,,,,,,,,,,,,,
1998-07-06,10.0000,4.4444444444,,,,,,,,,,,,,,
1998-07-07,9.5000,4.2222222222,,,,,,,,,,,,,,
1998-07-08,9.5000,4.2222222222,,,,,,,,,,,,,,
1998-07-09,9.1250,4.0555555556,,,,,,,,,,,,,,
1998-07-10,9.7500,4.3333333333,,,,,,,,,,,,,,
1998-07-13,9.7500,4.3333333333,,,,,,,,,,,,,,
1998-07-14,10.0000,4.4444444444,,,,,,,,,,,,,,
1998-07-15,9.7500,4.3333333333,,,,,,,,,,,,,,
1998-07-16,9.7500,4.3333333333,,,,,,,,,,,,,,
1998-07-17,9.7500,4.3333333333,,,,,,,,,,,,,,
1998-07-20,10.0000,4.4444444444,,,,,,,,,,,,,,
1998-07-21,9.5000,4.2222222222,,,,,,,,,,,,,,
1998-07-22,10.0000,4.4444444444,,,,,,,,,,,,,,
1998-07-23,10.0000,4.4444444444,,,,,,,,,,,,,,
1998-07-24,9.5000,4.2222222222,,,,,,,,,,,,,,
1998-07-27,9.5000,4.2222222222,,,,,,,,,,,,,,
1998-07-28,9.5000,4.2222222222,,,,,,,,,,,,,,
1998-07-29,9.5000,4.2222222222,,,,,,,,,,,,,,
1998-07-30,9.5000,4.2222222222,,,,,,,,,,,,,,
1998-07-31,9.5000,4.2222222222,,,,,,,,,,,,,,
1998-08-03,8.6250,3.8333333333,,,,,,,,,,,,,,
1998-08-04,8.8750,3.9444444444,,,,,,,,,,,,,,
1998-08-05,8.2500,3.6666666667,,,,,,,,,,,,,,
1998-08-06,8.0000,3.5555555556,,,,,,,,,,,,,,
1998-08-07,8.0000,3.5555555556,,,,,,,,,,,,,,
1998-08-10,7.0000,3.1111111111,,,,,,,,,,,,,,
1998-08-11,6.5000,2.8888888889,,,,,,,,,,,,,,
1998-08-12,6.5000,2.8888888889,,,,,,,,,,,,,,
1998-08-13,6.3750,2.8333333333,,,,,,,,,,,,,,
1998-08-14,6.3800,2.8355555556,,,,,,,,,,,,,,
1998-08-17,6.5000,2.8888888889,,,,,,,,,,,,,,
1998-08-18,6.7500,3.0000000000,,,,,,,,,,,,,,
1998-08-19,6.7500,3.0000000000,,,,,,,,,,,,,,
1998-08-20,6.7500,3.0000000000,,,,,,,,,,,,,,
1998-08-21,6.3750,2.8333333333,,,,,,,,,,,,,,
1998-08-24,5.8750,2.6111111111,,,,,,,,,,,,,,
1998-08-25,6.6250,2.9444444444,,,,,,,,,,,,,,
1998-08-26,7.0000,3.1111111111,,,,,,,,,,,,,,
1998-08-27,7.0000,3.1111111111,,,,,,,,,,,,,,
1998-08-28,6.0000,2.6666666667,,,,,,,,,,,,,,
1998-08-31,7.0000,3.1111111111,,,,,,,,,,,,,,
1998-09-01,7.0000,3.1111111111,,,,,,,,,,,,,,
1998-09-02,6.0000,2.6666666667,,,,,,,,,,,,,,
1998-09-03,7.0000,3.1111111111,,,,,,,,,,,,,,
1998-09-04,7.0000,3.1111111111,,,,,,,,,,,,,,
1998-09-08,6.5000,2.8888888889,,,,,,,,,,,,,,
1998-09-09,6.5000,2.8888888889,,,,,,,,,,,,,,
1998-09-10,6.1250,2.7222222222,,,,,,,,,,,,,,
1998-09-11,7.0000,3.1111111111,,,,,,,,,,,,,,
1998-09-14,6.0000,2.6666666667,,,,,,,,,,,,,,
1998-09-15,6.0000,2.6666666667,,,,,,,,,,,,,,
1998-09-16,6.0000,2.6666666667,,,,,,,,,,,,,,
1998-09-17,6.0000,2.6666666667,,,,,,,,,,,,,,
1998-09-18,6.0000,2.6666666667,,,,,,,,,,,,,,
1998-09-21,6.2500,2.7777777778,,,,,,,,,,,,,,
1998-09-22,6.2500,2.7777777778,,,,,,,,,,,,,,
1998-09-23,6.5000,2.8888888889,,,,,,,,,,,,,,
1998-09-24,6.4380,2.8613333333,,,,,,,,,,,,,,
1998-09-25,6.4400,2.8622222222,,,,,,,,,,,,,,
1998-09-28,6.7500,3.0000000000,,,,,,,,,,,,,,
1998-09-29,6.8750,3.0555555556,,,,,,,,,,,,,,
1998-09-30,6.8800,3.0577777778,,,,,,,,,,,,,,
1998-10-01,7.0000,3.1111111111,,,,,,,,,,,,,,
1998-10-02,7.0000,3.1111111111,,,,,,,,,,,,,,
1998-10-05,6.7500,3.0000000000,,,,,,,,,,,,,,
1998-10-06,6.7500,3.0000000000,,,,,,,,,,,,,,
1998-10-07,6.6250,2.9444444444,,,,,,,,,,,,,,
1998-10-08,6.5000,2.8888888889,,,,,,,,,,,,,,
1998-10-09,6.5000,2.8888888889,,,,,,,,,,,,,,
1998-10-12,6.5000,2.8888888889,,,,,,,,,,,,,,
1998-10-13,6.5000,2.8888888889,,,,,,,,,,,,,,
1998-10-14,6.5000,2.8888888889,,,,,,,,,,,,,,
1998-10-15,7.0000,3.1111111111,,,,,,,,,,,,,,
1998-10-16,7.0000,3.1111111111,,,,,,,,,,,,,,
1998-10-19,7.0000,3.1111111111,,,,,,,,,,,,,,
1998-10-20,6.8750,3.0555555556,,,,,,,,,,,,,,
1998-10-21,6.8800,3.0577777778,,,,,,,,,,,,,,
1998-10-22,6.6250,2.9444444444,,,,,,,,,,,,,,
1998-10-23,7.0000,3.1111111111,,,,,,,,,,,,,,
1998-10-26,6.8750,3.0555555556,,,,,,,,,,,,,,
1998-10-27,6.8750,3.0555555556,,,,,,,,,,,,,,
1998-10-28,6.7500,3.0000000000,,,,,,,,,,,,,,
1998-10-29,6.6250,2.9444444444,,,,,,,,,,,,,,
1998-10-30,6.5000,2.8888888889,,,,,,,,,,,,,,
1998-11-02,6.0000,2.6666666667,,,,,,,,,,,,,,
1998-11-03,6.0000,2.6666666667,,,,,,,,,,,,,,
1998-11-04,6.0000,2.6666666667,,,,,,,,,,,,,,
1998-11-05,6.0000,2.6666666667,,,,,,,,,,,,,,
1998-11-06,6.0000,2.6666666667,,,,,,,,,,,,,,
1998-11-09,6.0000,2.6666666667,,,,,,,,,,,,,,
1998-11-10,6.1250,2.7222222222,,,,,,,,,,,,,,
1998-11-11,6.1250,2.7222222222,,,,,,,,,,,,,,
1998-11-12,6.1250,2.7222222222,,,,,,,,,,,,,,
1998-11-13,5.7500,2.5555555556,,,,,,,,,,,,,,
1998-11-16,5.2500,2.3333333333,,,,,,,,,,,,,,
1998-11-17,4.7500,2.1111111111,,,,,,,,,,,,,,
1998-11-18,5.3750,2.3888888889,,,,,,,,,,,,,,
1998-11-19,5.2500,2.3333333333,,,,,,,,,,,,,,
1998-11-20,5.1410,2.2848888889,,,,,,,,,,,,,,
1998-11-23,5.2500,2.3333333333,,,,,,,,,,,,,,
1998-11-24,5.0000,2.2222222222,,,,,,,,,,,,,,
1998-11-25,5.2500,2.3333333333,,,,,,,,,,,,,,
1998-11-27,5.5000,2.4444444444,,,,,,,,,,,,,,
1998-11-30,5.5000,2.4444444444,,,,,,,,,,,,,,
1998-12-01,5.5000,2.4444444444,,,,,,,,,,,,,,
1998-12-02,5.5000,2.4444444444,,,,,,,,,,,,,,
1998-12-03,5.4380,2.4168888889,,,,,,,,,,,,,,
1998-12-04,5.4380,2.4168888889,,,,,,,,,,,,,,
1998-12-07,5.5000,2.4444444444,,,,,,,,,,,,,,
1998-12-08,5.2500,2.3333333333,,,,,,,,,,,,,,
1998-12-09,5.5000,2.4444444444,,,,,,,,,,,,,,
1998-12-10,5.3750,2.3888888889,,,,,,,,,,,,,,
1998-12-11,5.3800,2.3911111111,,,,,,,,,,,,,,
1998-12-14,5.2500,2.3333333333,,,,,,,,,,,,,,
1998-12-15,5.2500,2.3333333333,,,,,,,,,,,,,,
1998-12-16,5.0000,2.2222222222,,,,,,,,,,,,,,
1998-12-17,5.0000,2.2222222222,,,,,,,,,,,,,,
1998-12-18,5.0000,2.2222222222,,,,,,,,,,,,,,
1998-12-21,5.0000,2.2222222222,,,,,,,,,,,,,,
1998-12-22,5.0000,2.2222222222,,,,,,,,,,,,,,
1998-12-23,5.3750,2.3888888889,,,,,,,,,,,,,,
1998-12-24,5.1250,2.2777777778,,,,,,,,,,,,,,
1998-12-28,5.3750,2.3888888889,,,,,,,,,,,,,,
1998-12-29,5.0630,2.2502222222,,,,,,,,,,,,,,
1998-12-30,5.0000,2.2222222222,,,,,,,,,,,,,,
1998-12-31,5.1250,2.2777777778,,,,,,,,,,,,,,
1999-01-04,5.4380,2.4168888889,,,,,,,,,,,,,,
1999-01-05,5.5000,2.4444444444,,,,,,,,,,,,,,
1999-01-06,6.1250,2.7222222222,,,,,,,,,,,,,,
1999-01-07,6.0000,2.6666666667,,,,,,,,,,,,,,
1999-01-08,6.0000,2.6666666667,,,,,,,,,,,,,,
1999-01-11,5.8750,2.6111111111,,,,,,,,,,,,,,
1999-01-12,5.2500,2.3333333333,,,,,,,,,,,,,,
1999-01-13,5.2500,2.3333333333,,,,,,,,,,,,,,
1999-01-14,5.3750,2.3888888889,,,,,,,,,,,,,,
1999-01-15,5.3800,2.3911111111,,,,,,,,,,,,,,
1999-01-19,5.2500,2.3333333333,,,,,,,,,,,,,,
1999-01-20,5.0630,2.2502222222,,,,,,,,,,,,,,
1999-01-21,5.0630,2.2502222222,,,,,,,,,,,,,,
1999-01-22,4.9380,2.1946666667,,,,,,,,,,,,,,
1999-01-25,5.3750,2.3888888889,,,,,,,,,,,,,,
1999-01-26,5.0000,2.2222222222,,,,,,,,,,,,,,
1999-01-27,5.0000,2.2222222222,,,,,,,,,,,,,,
1999-01-28,5.0000,2.2222222222,,,,,,,,,,,,,,
1999-01-29,5.2500,2.3333333333,,,,,,,,,,,,,,
1999-02-01,5.7500,2.5555555556,,,,,,,,,,,,,,
1999-02-02,5.5000,2.4444444444,,,,,,,,,,,,,,
1999-02-03,5.3750,2.3888888889,,,,,,,,,,,,,,
1999-02-04,5.2500,2.3333333333,,,,,,,,,,,,,,
1999-02-05,5.3750,2.3888888889,,,,,,,,,,,,,,
1999-02-08,5.2500,2.3333333333,,,,,,,,,,,,,,
1999-02-09,5.0000,2.2222222222,,,,,,,,,,,,,,
1999-02-10,5.5000,2.4444444444,,,,,,,,,,,,,,
1999-02-11,5.6250,2.5000000000,,,,,,,,,,,,,,
1999-02-12,4.7500,2.1111111111,,,,,,,,,,,,,,
1999-02-16,4.3750,1.9444444444,,,,,,,,,,,,,,
1999-02-17,4.0000,1.7777777778,,,,,,,,,,,,,,
1999-02-18,3.7500,1.6666666667,,,,,,,,,,,,,,
1999-02-19,3.7500,1.6666666667,,,,,,,,,,,,,,
1999-02-22,3.7500,1.6666666667,,,,,,,,,,,,,,
1999-02-23,4.1250,1.8333333333,,,,,,,,,,,,,,
1999-02-24,3.0000,1.3333333333,,,,,,,,,,,,,,
1999-02-25,3.5000,1.5555555556,,,,,,,,,,,,,,
1999-02-26,3.7500,1.6666666667,,,,,,,,,,,,,,
1999-03-01,3.1250,1.3888888889,,,,,,,,,,,,,,
1999-03-02,3.1250,1.3888888889,,,,,,,,,,,,,,
1999-03-03,3.3750,1.5000000000,,,,,,,,,,,,,,
1999-03-04,3.3750,1.5000000000,,,,,,,,,,,,,,
1999-03-05,3.3750,1.5000000000,,,,,,,,,,,,,,
1999-03-08,3.2500,1.4444444444,,,,,,,,,,,,,,
1999-03-09,2.8750,1.2777777778,,,,,,,,,,,,,,
1999-03-10,3.0000,1.3333333333,,,,,,,,,,,,,,
1999-03-11,3.0630,1.3613333333,,,,,,,,,,,,,,
1999-03-12,3.1250,1.3888888889,,,,,,,,,,,,,,
1999-03-15,2.7500,1.2222222222,,,,,,,,,,,,,,
1999-03-16,3.0000,1.3333333333,,,,,,,,,,,,,,
1999-03-17,2.7500,1.2222222222,,,,,,,,,,,,,,
1999-03-18,2.8750,1.2777777778,,,,,,,,,,,,,,
1999-03-19,2.6250,1.1666666667,,,,,,,,,,,,,,
1999-03-22,2.6250,1.1666666667,,,,,,,,,,,,,,
1999-03-23,2.5000,1.1111111111,,,,,,,,,,,,,,
1999-03-24,2.4380,1.0835555556,,,,,,,,,,,,,,
1999-03-25,2.7500,1.2222222222,,,,,,,,,,,,,,
1999-03-26,2.4530,1.0902222222,,,,,,,,,,,,,,
1999-03-29,2.2500,1.0000000000,,,,,,,,,,,,,,
1999-03-30,2.9690,1.3195555556,,,,,,,,,,,,,,
1999-03-31,3.6250,1.6111111111,,,,,,,,,,,,,,
1999-04-01,3.8750,1.7222222222,,,,,,,,,,,,,,
1999-04-05,3.3750,1.5000000000,,,,,,,,,,,,,,
1999-04-06,3.2500,1.4444444444,,,,,,,,,,,,,,
1999-04-07,3.0000,1.3333333333,,,,,,,,,,,,,,
1999-04-08,3.0000,1.3333333333,,,,,,,,,,,,,,
1999-04-09,3.1250,1.3888888889,,,,,,,,,,,,,,
1999-04-12,3.2500,1.4444444444,,,,,,,,,,,,,,
1999-04-13,3.5000,1.5555555556,,,,,,,,,,,,,,
1999-04-14,3.5000,1.5555555556,,,,,,,,,,,,,,
1999-04-15,3.0000,1.3333333333,,,,,,,,,,,,,,
1999-04-16,3.3750,1.5000000000,,,,,,,,,,,,,,
1999-04-19,3.2500,1.4444444444,,,,,,,,,,,,,,
1999-04-20,3.5000,1.5555555556,,,,,,,,,,,,,,
1999-04-21,3.7500,1.6666666667,,,,,,,,,,,,,,
1999-04-22,3.4380,1.5280000000,,,,,,,,,,,,,,
1999-04-23,3.2500,1.4444444444,,,,,,,,,,,,,,
1999-04-26,3.6250,1.6111111111,,,,,,,,,,,,,,
1999-04-27,3.6250,1.6111111111,,,,,,,,,,,,,,
1999-04-28,3.6250,1.6111111111,,,,,,,,,,,,,,
1999-04-29,3.6250,1.6111111111,,,,,,,,,,,,,,
1999-04-30,3.6250,1.6111111111,,,,,,,,,,,,,,
1999-05-03,3.3130,1.4724444444,,,,,,,,,,,,,,
1999-05-04,3.7500,1.6666666667,,,,,,,,,,,,,,
1999-05-05,3.3750,1.5000000000,,,,,,,,,,,,,,
1999-05-06,3.2500,1.4444444444,,,,,,,,,,,,,,
1999-05-07,3.3130,1.4724444444,,,,,,,,,,,,,,
1999-05-10,3.5000,1.5555555556,,,,,,,,,,,,,,
1999-05-11,4.7500,2.1111111111,,,,,,,,,,,,,,
1999-05-12,5.7500,2.5555555556,,,,,,,,,,,,,,
1999-05-13,5.5000,2.4444444444,,,,,,,,,,,,,,
1999-05-14,4.7500,2.1111111111,,,,,,,,,,,,,,
1999-05-17,5.0000,2.2222222222,,,,,,,,,,,,,,
1999-05-18,5.0000,2.2222222222,,,,,,,,,,,,,,
1999-05-19,4.7500,2.1111111111,,,,,,,,,,,,,,
1999-05-20,4.6250,2.0555555556,,,,,,,,,,,,,,
1999-05-21,5.0000,2.2222222222,,,,,,,,,,,,,,
1999-05-24,5.2500,2.3333333333,,,,,,,,,,,,,,
1999-05-25,5.0000,2.2222222222,,,,,,,,,,,,,,
1999-05-26,5.0000,2.2222222222,,,,,,,,,,,,,,
1999-05-27,5.0000,2.2222222222,,,,,,,,,,,,,,
1999-05-28,4.9380,2.1946666667,,,,,,,,,,,,,,
1999-06-01,5.0000,2.2222222222,,,,,,,,,,,,,,
1999-06-02,4.6250,2.0555555556,,,,,,,,,,,,,,
1999-06-03,4.6200,2.0533333333,,,,,,,,,,,,,,
1999-06-04,5.1250,2.2777777778,,,,,,,,,,,,,,
1999-06-07,5.1250,2.2777777778,,,,,,,,,,,,,,
1999-06-08,5.2500,2.3333333333,,,,,,,,,,,,,,
1999-06-09,5.1250,2.2777777778,,,,,,,,,,,,,,
1999-06-10,5.3750,2.3888888889,,,,,,,,,,,,,,
1999-06-11,5.3750,2.3888888889,,,,,,,,,,,,,,
1999-06-14,5.0000,2.2222222222,,,,,,,,,,,,,,
1999-06-15,5.3750,2.3888888889,,,,,,,,,,,,,,
1999-06-16,5.5000,2.4444444444,,,,,,,,,,,,,,
1999-06-17,5.4690,2.4306666667,,,,,,,,,,,,,,
1999-06-18,5.1250,2.2777777778,,,,,,,,,,,,,,
1999-06-21,5.1250,2.2777777778,,,,,,,,,,,,,,
1999-06-22,5.3750,2.3888888889,,,,,,,,,,,,,,
1999-06-23,5.0000,2.2222222222,,,,,,,,,,,,,,
1999-06-24,5.0000,2.2222222222,,,,,,,,,,,,,,
1999-06-25,5.0000,2.2222222222,,,,,,,,,,,,,,
1999-06-28,5.0000,2.2222222222,,,,,,,,,,,,,,
1999-06-29,5.1250,2.2777777778,,,,,,,,,,,,,,
1999-06-30,5.1250,2.2777777778,,,,,,,,,,,,,,
1999-07-01,4.5000,2.0000000000,,,,,,,,,,,,,,
1999-07-02,5.0000,2.2222222222,,,,,,,,,,,,,,
1999-07-06,5.0000,2.2222222222,,,,,,,,,,,,,,
1999-07-07,5.1250,2.2777777778,,,,,,,,,,,,,,
1999-07-08,5.1200,2.2755555556,,,,,,,,,,,,,,
1999-07-09,5.1250,2.2777777778,,,,,,,,,,,,,,
1999-07-12,5.0000,2.2222222222,,,,,,,,,,,,,,
1999-07-13,4.6250,2.0555555556,,,,,,,,,,,,,,
1999-07-14,5.0000,2.2222222222,,,,,,,,,,,,,,
1999-07-15,5.0630,2.2502222222,,,,,,,,,,,,,,
1999-07-16,5.1250,2.2777777778,,,,,,,,,,,,,,
1999-07-19,4.6880,2.0835555556,,,,,,,,,,,,,,
1999-07-20,4.6880,2.0835555556,,,,,,,,,,,,,,
1999-07-21,5.0000,2.2222222222,,,,,,,,,,,,,,
1999-07-22,5.0000,2.2222222222,,,,,,,,,,,,,,
1999-07-23,4.6250,2.0555555556,,,,,,,,,,,,,,
1999-07-26,4.3750,1.9444444444,,,,,,,,,,,,,,
1999-07-27,4.2500,1.8888888889,,,,,,,,,,,,,,
1999-07-28,4.1250,1.8333333333,,,,,,,,,,,,,,
1999-07-29,4.1200,1.8311111111,,,,,,,,,,,,,,
1999-07-30,3.8750,1.7222222222,,,,,,,,,,,,,,
1999-08-02,3.5000,1.5555555556,,,,,,,,,,,,,,
1999-08-03,3.7500,1.6666666667,,,,,,,,,,,,,,
1999-08-04,3.7500,1.6666666667,,,,,,,,,,,,,,
1999-08-05,3.9380,1.7502222222,,,,,,,,,,,,,,
1999-08-06,4.0000,1.7777777778,,,,,,,,,,,,,,
1999-08-09,4.8750,2.1666666667,,,,,,,,,,,,,,
1999-08-10,4.3130,1.9168888889,,,,,,,,,,,,,,
1999-08-11,4.5000,2.0000000000,,,,,,,,,,,,,,
1999-08-12,4.5000,2.0000000000,,,,,,,,,,,,,,
1999-08-13,4.5000,2.0000000000,,,,,,,,,,,,,,
1999-08-16,4.5000,2.0000000000,,,,,,,,,,,,,,
1999-08-17,4.5000,2.0000000000,,,,,,,,,,,,,,
1999-08-18,4.5000,2.0000000000,,,,,,,,,,,,,,
1999-08-19,4.5000,2.0000000000,,,,,,,,,,,,,,
1999-08-20,4.6250,2.0555555556,,,,,,,,,,,,,,
1999-08-23,4.2500,1.8888888889,,,,,,,,,,,,,,
1999-08-24,4.2500,1.8888888889,,,,,,,,,,,,,,
1999-08-25,4.2500,1.8888888889,,,,,,,,,,,,,,
1999-08-26,4.2500,1.8888888889,,,,,,,,,,,,,,
1999-08-27,4.2500,1.8888888889,,,,,,,,,,,,,,
1999-08-30,4.2500,1.8888888889,,,,,,,,,,,,,,
1999-08-31,4.1250,1.8333333333,,,,,,,,,,,,,,
1999-09-01,4.1250,1.8333333333,,,,,,,,,,,,,,
1999-09-02,4.1250,1.8333333333,,,,,,,,,,,,,,
1999-09-03,4.0630,1.8057777778,,,,,,,,,,,,,,
1999-09-07,4.5000,2.0000000000,,,,,,,,,,,,,,
1999-09-08,4.0000,1.7777777778,,,,,,,,,,,,,,
1999-09-09,4.0630,1.8057777778,,,,,,,,,,,,,,
1999-09-10,4.2500,1.8888888889,,,,,,,,,,,,,,
1999-09-13,4.0000,1.7777777778,,,,,,,,,,,,,,
1999-09-14,4.0000,1.7777777778,,,,,,,,,,,,,,
1999-09-15,4.0000,1.7777777778,,,,,,,,,,,,,,
1999-09-16,4.0000,1.7777777778,,,,,,,,,,,,,,
1999-09-17,4.0000,1.7777777778,,,,,,,,,,,,,,
1999-09-20,4.0000,1.7777777778,,,,,,,,,,,,,,
1999-09-21,4.2500,1.8888888889,,,,,,,,,,,,,,
1999-09-22,4.2500,1.8888888889,,,,,,,,,,,,,,
1999-09-23,4.1250,1.8333333333,,,,,,,,,,,,,,
1999-09-24,4.1250,1.8333333333,,,,,,,,,,,,,,
1999-09-27,4.1250,1.8333333333,,,,,,,,,,,,,,
1999-09-28,4.0000,1.7777777778,,,,,,,,,,,,,,
1999-09-29,4.0000,1.7777777778,,,,,,,,,,,,,,
1999-09-30,4.0000,1.7777777778,,,,,,,,,,,,,,
1999-10-01,4.1250,1.8333333333,,,,,,,,,,,,,,
1999-10-04,3.7500,1.6666666667,,,,,,,,,,,,,,
1999-10-05,3.7500,1.6666666667,,,,,,,,,,,,,,
1999-10-06,4.0000,1.7777777778,,,,,,,,,,,,,,
1999-10-07,4.0940,1.8195555556,,,,,,,,,,,,,,
1999-10-08,4.0000,1.7777777778,,,,,,,,,,,,,,
1999-10-11,3.8440,1.7084444444,,,,,,,,,,,,,,
1999-10-12,3.8400,1.7066666667,,,,,,,,,,,,,,
1999-10-13,3.9380,1.7502222222,,,,,,,,,,,,,,
1999-10-14,3.9380,1.7502222222,,,,,,,,,,,,,,
1999-10-15,3.9400,1.7511111111,,,,,,,,,,,,,,
1999-10-18,3.5630,1.5835555556,,,,,,,,,,,,,,
1999-10-19,3.5600,1.5822222222,,,,,,,,,,,,,,
1999-10-20,3.5000,1.5555555556,,,,,,,,,,,,,,
1999-10-21,3.5000,1.5555555556,,,,,,,,,,,,,,
1999-10-22,3.5000,1.5555555556,,,,,,,,,,,,,,
1999-10-25,3.5000,1.5555555556,,,,,,,,,,,,,,
1999-10-26,3.5000,1.5555555556,,,,,,,,,,,,,,
1999-10-27,3.5000,1.5555555556,,,,,,,,,,,,,,
1999-10-28,3.5000,1.5555555556,,,,,,,,,,,,,,
1999-10-29,3.5000,1.5555555556,,,,,,,,,,,,,,
1999-11-01,3.5000,1.5555555556,,,,,,,,,,,,,,
1999-11-02,3.6250,1.6111111111,,,,,,,,,,,,,,
1999-11-03,3.6250,1.6111111111,,,,,,,,,,,,,,
1999-11-04,3.6200,1.6088888889,,,,,,,,,,,,,,
1999-11-05,3.0000,1.3333333333,,,,,,,,,,,,,,
1999-11-08,3.0310,1.3471111111,,,,,,,,,,,,,,
1999-11-09,3.0000,1.3333333333,,,,,,,,,,,,,,
1999-11-10,3.0000,1.3333333333,,,,,,,,,,,,,,
1999-11-11,3.0000,1.3333333333,,,,,,,,,,,,,,
1999-11-12,3.0000,1.3333333333,,,,,,,,,,,,,,
1999-11-15,3.0630,1.3613333333,,,,,,,,,,,,,,
1999-11-16,3.5000,1.5555555556,,,,,,,,,,,,,,
1999-11-17,3.0630,1.3613333333,,,,,,,,,,,,,,
1999-11-18,3.3750,1.5000000000,,,,,,,,,,,,,,
1999-11-19,3.3750,1.5000000000,,,,,,,,,,,,,,
1999-11-22,3.5000,1.5555555556,,,,,,,,,,,,,,
1999-11-23,3.3750,1.5000000000,,,,,,,,,,,,,,
1999-11-24,3.3750,1.5000000000,,,,,,,,,,,,,,
1999-11-26,3.3800,1.5022222222,,,,,,,,,,,,,,
1999-11-29,3.0630,1.3613333333,,,,,,,,,,,,,,
1999-11-30,3.0600,1.3600000000,,,,,,,,,,,,,,
1999-12-01,3.3750,1.5000000000,,,,,,,,,,,,,,
1999-12-02,3.1880,1.4168888889,,,,,,,,,,,,,,
1999-12-03,3.1900,1.4177777778,,,,,,,,,,,,,,
1999-12-06,3.0000,1.3333333333,,,,,,,,,,,,,,
1999-12-07,3.0630,1.3613333333,,,,,,,,,,,,,,
1999-12-08,3.0000,1.3333333333,,,,,,,,,,,,,,
1999-12-09,3.0000,1.3333333333,,,,,,,,,,,,,,
1999-12-10,3.0630,1.3613333333,,,,,,,,,,,,,,
1999-12-13,2.6880,1.1946666667,,,,,,,,,,,,,,
1999-12-14,3.0630,1.3613333333,,,,,,,,,,,,,,
1999-12-15,3.0630,1.3613333333,,,,,,,,,,,,,,
1999-12-16,3.0600,1.3600000000,,,,,,,,,,,,,,
1999-12-17,3.1880,1.4168888889,,,,,,,,,,,,,,
1999-12-20,3.1900,1.4177777778,,,,,,,,,,,,,,
1999-12-21,3.1880,1.4168888889,,,,,,,,,,,,,,
1999-12-22,3.1880,1.4168888889,,,,,,,,,,,,,,
1999-12-23,3.1880,1.4168888889,,,,,,,,,,,,,,
1999-12-27,3.1880,1.4168888889,,,,,,,,,,,,,,
1999-12-28,3.1880,1.4168888889,,,,,,,,,,,,,,
1999-12-29,3.1880,1.4168888889,,,,,,,,,,,,,,
1999-12-30,3.1880,1.4168888889,,,,,,,,,,,,,,
1999-12-31,3.1880,1.4168888889,,,,,,,,,,,,,,
2000-01-03,3.1900,1.4177777778,,,,,,,,,,,,,,
2000-01-04,3.2500,1.4444444444,,,,,,,,,,,,,,
2000-01-05,3.2500,1.4444444444,,,,,,,,,,,,,,
2000-01-06,3.2500,1.4444444444,,,,,,,,,,,,,,
2000-01-07,3.5630,1.5835555556,,,,,,,,,,,,,,
2000-01-10,3.3750,1.5000000000,,,,,,,,,,,,,,
2000-01-11,3.3750,1.5000000000,,,,,,,,,,,,,,
2000-01-12,3.3750,1.5000000000,,,,,,,,,,,,,,
2000-01-13,3.5000,1.5555555556,,,,,,,,,,,,,,
2000-01-14,3.2500,1.4444444444,,,,,,,,,,,,,,
2000-01-18,3.2500,1.4444444444,,,,,,,,,,,,,,
2000-01-19,3.2500,1.4444444444,,,,,,,,,,,,,,
2000-01-20,3.5630,1.5835555556,,,,,,,,,,,,,,
2000-01-21,3.1880,1.4168888889,,,,,,,,,,,,,,
2000-01-24,3.1880,1.4168888889,,,,,,,,,,,,,,
2000-01-25,3.5630,1.5835555556,,,,,,,,,,,,,,
2000-01-26,3.1880,1.4168888889,,,,,,,,,,,,,,
2000-01-27,3.1880,1.4168888889,,,,,,,,,,,,,,
2000-01-28,3.1900,1.4177777778,,,,,,,,,,,,,,
2000-01-31,3.1880,1.4168888889,,,,,,,,,,,,,,
2000-02-01,3.1880,1.4168888889,,,,,,,,,,,,,,
2000-02-02,3.1900,1.4177777778,,,,,,,,,,,,,,
2000-02-03,3.1880,1.4168888889,,,,,,,,,,,,,,
2000-02-04,3.5000,1.5555555556,,,,,,,,,,,,,,
2000-02-07,3.1880,1.4168888889,,,,,,,,,,,,,,
2000-02-08,3.5000,1.5555555556,,,,,,,,,,,,,,
2000-02-09,3.2500,1.4444444444,,,,,,,,,,,,,,
2000-02-10,3.5000,1.5555555556,,,,,,,,,,,,,,
2000-02-11,3.5000,1.5555555556,,,,,,,,,,,,,,
2000-02-14,3.5000,1.5555555556,,,,,,,,,,,,,,
2000-02-15,3.5000,1.5555555556,,,,,,,,,,,,,,
2000-02-16,3.7500,1.6666666667,,,,,,,,,,,,,,
2000-02-17,3.6250,1.6111111111,,,,,,,,,,,,,,
2000-02-18,3.5000,1.5555555556,,,,,,,,,,,,,,
2000-02-22,3.5000,1.5555555556,,,,,,,,,,,,,,
2000-02-23,3.5000,1.5555555556,,,,,,,,,,,,,,
2000-02-24,3.5000,1.5555555556,,,,,,,,,,,,,,
2000-02-25,3.5000,1.5555555556,,,,,,,,,,,,,,
2000-02-28,3.1880,1.4168888889,,,,,,,,,,,,,,
2000-02-29,3.2500,1.4444444444,,,,,,,,,,,,,,
2000-03-01,3.1880,1.4168888889,,,,,,,,,,,,,,
2000-03-02,3.2500,1.4444444444,,,,,,,,,,,,,,
2000-03-03,3.2500,1.4444444444,,,,,,,,,,,,,,
2000-03-06,3.3750,1.5000000000,,,,,,,,,,,,,,
2000-03-07,3.6250,1.6111111111,,,,,,,,,,,,,,
2000-03-08,3.5630,1.5835555556,,,,,,,,,,,,,,
2000-03-09,3.5630,1.5835555556,,,,,,,,,,,,,,
2000-03-10,3.3130,1.4724444444,,,,,,,,,,,,,,
2000-03-13,3.3130,1.4724444444,,,,,,,,,,,,,,
2000-03-14,3.6250,1.6111111111,,,,,,,,,,,,,,
2000-03-15,3.6250,1.6111111111,,,,,,,,,,,,,,
2000-03-16,3.5000,1.5555555556,,,,,,,,,,,,,,
2000-03-17,3.5000,1.5555555556,,,,,,,,,,,,,,
2000-03-20,3.5000,1.5555555556,,,,,,,,,,,,,,
2000-03-21,3.6250,1.6111111111,,,,,,,,,,,,,,
2000-03-22,3.7500,1.6666666667,,,,,,,,,,,,,,
2000-03-23,3.3750,1.5000000000,,,,,,,,,,,,,,
2000-03-24,3.5000,1.5555555556,,,,,,,,,,,,,,
2000-03-27,3.5000,1.5555555556,,,,,,,,,,,,,,
2000-03-28,3.5000,1.5555555556,,,,,,,,,,,,,,
2000-03-29,3.5000,1.5555555556,,,,,,,,,,,,,,
2000-03-30,3.5000,1.5555555556,,,,,,,,,,,,,,
2000-03-31,3.5000,1.5555555556,,,,,,,,,,,,,,
2000-04-03,3.7500,1.6666666667,,,,,,,,,,,,,,
2000-04-04,3.5000,1.5555555556,,,,,,,,,,,,,,
2000-04-05,3.5000,1.5555555556,,,,,,,,,,,,,,
2000-04-06,3.5000,1.5555555556,,,,,,,,,,,,,,
2000-04-07,3.5630,1.5835555556,,,,,,,,,,,,,,
2000-04-10,3.5000,1.5555555556,,,,,,,,,,,,,,
2000-04-11,3.5000,1.5555555556,,,,,,,,,,,,,,
2000-04-12,3.5000,1.5555555556,,,,,,,,,,,,,,
2000-04-13,3.5000,1.5555555556,,,,,,,,,,,,,,
2000-04-14,3.1880,1.4168888889,,,,,,,,,,,,,,
2000-04-17,3.1880,1.4168888889,,,,,,,,,,,,,,
2000-04-18,3.5000,1.5555555556,,,,,,,,,,,,,,
2000-04-19,3.1880,1.4168888889,,,,,,,,,,,,,,
2000-04-20,3.5000,1.5555555556,,,,,,,,,,,,,,
2000-04-24,3.5000,1.5555555556,,,,,,,,,,,,,,
2000-04-25,3.3750,1.5000000000,,,,,,,,,,,,,,
2000-04-26,3.3800,1.5022222222,,,,,,,,,,,,,,
2000-04-27,3.1880,1.4168888889,,,,,,,,,,,,,,
2000-04-28,3.1880,1.4168888889,,,,,,,,,,,,,,
2000-05-01,3.1880,1.4168888889,,,,,,,,,,,,,,
2000-05-02,3.1880,1.4168888889,,,,,,,,,,,,,,
2000-05-03,3.1900,1.4177777778,,,,,,,,,,,,,,
2000-05-04,3.1900,1.4177777778,,,,,,,,,,,,,,
2000-05-05,3.1880,1.4168888889,,,,,,,,,,,,,,
2000-05-08,3.5000,1.5555555556,,,,,,,,,,,,,,
2000-05-09,3.5000,1.5555555556,,,,,,,,,,,,,,
2000-05-10,3.5000,1.5555555556,,,,,,,,,,,,,,
2000-05-11,3.5000,1.5555555556,,,,,,,,,,,,,,
2000-05-12,3.1880,1.4168888889,,,,,,,,,,,,,,
2000-05-15,3.3130,1.4724444444,,,,,,,,,,,,,,
2000-05-16,3.4380,1.5280000000,,,,,,,,,,,,,,
2000-05-17,3.5000,1.5555555556,,,,,,,,,,,,,,
2000-05-18,3.5630,1.5835555556,,,,,,,,,,,,,,
2000-05-19,3.5630,1.5835555556,,,,,,,,,,,,,,
2000-05-22,3.7500,1.6666666667,,,,,,,,,,,,,,
2000-05-23,3.7500,1.6666666667,,,,,,,,,,,,,,
2000-05-24,3.7500,1.6666666667,,,,,,,,,,,,,,
2000-05-25,3.2500,1.4444444444,,,,,,,,,,,,,,
2000-05-26,3.3750,1.5000000000,,,,,,,,,,,,,,
2000-05-30,3.7500,1.6666666667,,,,,,,,,,,,,,
2000-05-31,3.5000,1.5555555556,,,,,,,,,,,,,,
2000-06-01,3.2500,1.4444444444,,,,,,,,,,,,,,
2000-06-02,3.2500,1.4444444444,,,,,,,,,,,,,,
2000-06-05,3.2500,1.4444444444,,,,,,,,,,,,,,
2000-06-06,3.2500,1.4444444444,,,,,,,,,,,,,,
2000-06-07,3.2500,1.4444444444,,,,,,,,,,,,,,
2000-06-08,3.5000,1.5555555556,,,,,,,,,,,,,,
2000-06-09,3.7500,1.6666666667,,,,,,,,,,,,,,
2000-06-12,3.7500,1.6666666667,,,,,,,,,,,,,,
2000-06-13,3.5000,1.5555555556,,,,,,,,,,,,,,
2000-06-14,3.3130,1.4724444444,,,,,,,,,,,,,,
2000-06-15,3.3100,1.4711111111,,,,,,,,,,,,,,
2000-06-16,3.7500,1.6666666667,,,,,,,,,,,,,,
2000-06-19,3.7500,1.6666666667,,,,,,,,,,,,,,
2000-06-20,3.7500,1.6666666667,,,,,,,,,,,,,,
2000-06-21,3.7500,1.6666666667,,,,,,,,,,,,,,
2000-06-22,3.7500,1.6666666667,,,,,,,,,,,,,,
2000-06-23,3.7500,1.6666666667,,,,,,,,,,,,,,
2000-06-26,3.5000,1.5555555556,,,,,,,,,,,,,,
2000-06-27,3.5000,1.5555555556,,,,,,,,,,,,,,
2000-06-28,3.5000,1.5555555556,,,,,,,,,,,,,,
2000-06-29,3.6250,1.6111111111,,,,,,,,,,,,,,
2000-06-30,3.7500,1.6666666667,,,,,,,,,,,,,,
2000-07-03,3.6250,1.6111111111,,,,,,,,,,,,,,
2000-07-05,3.5000,1.5555555556,,,,,,,,,,,,,,
2000-07-06,3.5000,1.5555555556,,,,,,,,,,,,,,
2000-07-07,3.6250,1.6111111111,,,,,,,,,,,,,,
2000-07-10,3.5000,1.5555555556,,,,,,,,,,,,,,
2000-07-11,3.5000,1.5555555556,,,,,,,,,,,,,,
2000-07-12,2.7500,1.2222222222,,,,,,,,,,,,,,
2000-07-13,3.6250,1.6111111111,,,,,,,,,,,,,,
2000-07-14,3.7500,1.6666666667,,,,,,,,,,,,,,
2000-07-17,3.5000,1.5555555556,,,,,,,,,,,,,,
2000-07-18,3.7500,1.6666666667,,,,,,,,,,,,,,
2000-07-19,3.7500,1.6666666667,,,,,,,,,,,,,,
2000-07-20,3.4380,1.5280000000,,,,,,,,,,,,,,
2000-07-21,3.4380,1.5280000000,,,,,,,,,,,,,,
2000-07-24,3.6250,1.6111111111,,,,,,,,,,,,,,
2000-07-25,3.6200,1.6088888889,,,,,,,,,,,,,,
2000-07-26,3.6200,1.6088888889,,,,,,,,,,,,,,
2000-07-27,3.6200,1.6088888889,,,,,,,,,,,,,,
2000-07-28,3.6200,1.6088888889,,,,,,,,,,,,,,
2000-07-31,3.5000,1.5555555556,,,,,,,,,,,,,,
2000-08-01,3.5000,1.5555555556,,,,,,,,,,,,,,
2000-08-02,3.5000,1.5555555556,,,,,,,,,,,,,,
2000-08-03,3.4380,1.5280000000,,,,,,,,,,,,,,
2000-08-04,3.4400,1.5288888889,,,,,,,,,,,,,,
2000-08-07,3.4400,1.5288888889,,,,,,,,,,,,,,
2000-08-08,3.4380,1.5280000000,,,,,,,,,,,,,,
2000-08-09,3.4380,1.5280000000,,,,,,,,,,,,,,
2000-08-10,3.4380,1.5280000000,,,,,,,,,,,,,,
2000-08-11,3.4380,1.5280000000,,,,,,,,,,,,,,
2000-08-14,3.4690,1.5417777778,,,,,,,,,,,,,,
2000-08-15,3.4380,1.5280000000,,,,,,,,,,,,,,
2000-08-16,3.4380,1.5280000000,,,,,,,,,,,,,,
2000-08-17,3.4400,1.5288888889,,,,,,,,,,,,,,
2000-08-18,3.4400,1.5288888889,,,,,,,,,,,,,,
2000-08-21,3.4400,1.5288888889,,,,,,,,,,,,,,
2000-08-22,3.4380,1.5280000000,,,,,,,,,,,,,,
2000-08-23,3.4400,1.5288888889,,,,,,,,,,,,,,
2000-08-24,3.4400,1.5288888889,,,,,,,,,,,,,,
2000-08-25,3.3750,1.5000000000,,,,,,,,,,,,,,
2000-08-28,3.2500,1.4444444444,,,,,,,,,,,,,,
2000-08-29,3.2500,1.4444444444,,,,,,,,,,,,,,
2000-08-30,3.2500,1.4444444444,,,,,,,,,,,,,,
2000-08-31,3.2500,1.4444444444,,,,,,,,,,,,,,
2000-09-01,3.2500,1.4444444444,,,,,,,,,,,,,,
2000-09-05,3.2500,1.4444444444,,,,,,,,,,,,,,
2000-09-06,3.0000,1.3333333333,,,,,,,,,,,,,,
2000-09-07,3.0000,1.3333333333,,,,,,,,,,,,,,
2000-09-08,3.2190,1.4306666667,,,,,,,,,,,,,,
2000-09-11,3.2500,1.4444444444,,,,,,,,,,,,,,
2000-09-12,3.0000,1.3333333333,,,,,,,,,,,,,,
2000-09-13,3.0000,1.3333333333,,,,,,,,,,,,,,
2000-09-14,3.1250,1.3888888889,,,,,,,,,,,,,,
2000-09-15,3.1200,1.3866666667,,,,,,,,,,,,,,
2000-09-18,3.1250,1.3888888889,,,,,,,,,,,,,,
2000-09-19,3.1250,1.3888888889,,,,,,,,,,,,,,
2000-09-20,3.1200,1.3866666667,,,,,,,,,,,,,,
2000-09-21,3.1250,1.3888888889,,,,,,,,,,,,,,
2000-09-22,3.1250,1.3888888889,,,,,,,,,,,,,,
2000-09-25,3.1200,1.3866666667,,,,,,,,,,,,,,
2000-09-26,3.1200,1.3866666667,,,,,,,,,,,,,,
2000-09-27,3.1200,1.3866666667,,,,,,,,,,,,,,
2000-09-28,3.1250,1.3888888889,,,,,,,,,,,,,,
2000-09-29,3.1200,1.3866666667,,,,,,,,,,,,,,
2000-10-02,3.0000,1.3333333333,,,,,,,,,,,,,,
2000-10-03,3.0000,1.3333333333,,,,,,,,,,,,,,
2000-10-04,3.0000,1.3333333333,,,,,,,,,,,,,,
2000-10-05,3.0000,1.3333333333,,,,,,,,,,,,,,
2000-10-06,3.0000,1.3333333333,,,,,,,,,,,,,,
2000-10-09,3.0160,1.3404444444,,,,,,,,,,,,,,
2000-10-10,3.0200,1.3422222222,,,,,,,,,,,,,,
2000-10-11,3.0200,1.3422222222,,,,,,,,,,,,,,
2000-10-12,3.0200,1.3422222222,,,,,,,,,,,,,,
2000-10-13,3.0200,1.3422222222,,,,,,,,,,,,,,
2000-10-16,3.4380,1.5280000000,,,,,,,,,,,,,,
2000-10-17,3.5000,1.5555555556,,,,,,,,,,,,,,
2000-10-18,3.7500,1.6666666667,,,,,,,,,,,,,,
2000-10-19,3.8130,1.6946666667,,,,,,,,,,,,,,
2000-10-20,4.0000,1.7777777778,,,,,,,,,,,,,,
2000-10-23,4.0000,1.7777777778,,,,,,,,,,,,,,
2000-10-24,3.0000,1.3333333333,,,,,,,,,,,,,,
2000-10-25,3.0000,1.3333333333,,,,,,,,,,,,,,
2000-10-26,3.0000,1.3333333333,,,,,,,,,,,,,,
2000-10-27,3.0000,1.3333333333,,,,,,,,,,,,,,
2000-10-30,3.0000,1.3333333333,,,,,,,,,,,,,,
2000-10-31,3.0000,1.3333333333,,,,,,,,,,,,,,
2000-11-01,3.0000,1.3333333333,,,,,,,,,,,,,,
2000-11-02,3.9380,1.7502222222,,,,,,,,,,,,,,
2000-11-03,3.1250,1.3888888889,,,,,,,,,,,,,,
2000-11-06,3.2500,1.4444444444,,,,,,,,,,,,,,
2000-11-07,3.1250,1.3888888889,,,,,,,,,,,,,,
2000-11-08,3.1200,1.3866666667,,,,,,,,,,,,,,
2000-11-09,3.0000,1.3333333333,,,,,,,,,,,,,,
2000-11-10,3.0630,1.3613333333,,,,,,,,,,,,,,
2000-11-13,2.5000,1.1111111111,,,,,,,,,,,,,,
2000-11-14,3.1250,1.3888888889,,,,,,,,,,,,,,
2000-11-15,3.1250,1.3888888889,,,,,,,,,,,,,,
2000-11-16,3.1200,1.3866666667,,,,,,,,,,,,,,
2000-11-17,3.0000,1.3333333333,,,,,,,,,,,,,,
2000-11-20,3.0000,1.3333333333,,,,,,,,,,,,,,
2000-11-21,3.5000,1.5555555556,,,,,,,,,,,,,,
2000-11-22,3.0000,1.3333333333,,,,,,,,,,,,,,
2000-11-24,3.0000,1.3333333333,,,,,,,,,,,,,,
2000-11-27,3.0000,1.3333333333,,,,,,,,,,,,,,
2000-11-28,3.0000,1.3333333333,,,,,,,,,,,,,,
2000-11-29,3.0000,1.3333333333,,,,,,,,,,,,,,
2000-11-30,3.0000,1.3333333333,,,,,,,,,,,,,,
2000-12-01,3.0000,1.3333333333,,,,,,,,,,,,,,
2000-12-04,2.9380,1.3057777778,,,,,,,,,,,,,,
2000-12-05,2.9400,1.3066666667,,,,,,,,,,,,,,
2000-12-06,2.9400,1.3066666667,,,,,,,,,,,,,,
2000-12-07,3.0000,1.3333333333,,,,,,,,,,,,,,
2000-12-08,3.5000,1.5555555556,,,,,,,,,,,,,,
2000-12-11,3.4690,1.5417777778,,,,,,,,,,,,,,
2000-12-12,3.3750,1.5000000000,,,,,,,,,,,,,,
2000-12-13,3.3800,1.5022222222,,,,,,,,,,,,,,
2000-12-14,3.0000,1.3333333333,,,,,,,,,,,,,,
2000-12-15,3.4380,1.5280000000,,,,,,,,,,,,,,
2000-12-18,3.4380,1.5280000000,,,,,,,,,,,,,,
2000-12-19,3.3750,1.5000000000,,,,,,,,,,,,,,
2000-12-20,3.3800,1.5022222222,,,,,,,,,,,,,,
2000-12-21,2.9380,1.3057777778,,,,,,,,,,,,,,
2000-12-22,3.0000,1.3333333333,,,,,,,,,,,,,,
2000-12-26,3.0000,1.3333333333,,,,,,,,,,,,,,
2000-12-27,2.3750,1.0555555556,,,,,,,,,,,,,,
2000-12-28,2.5000,1.1111111111,,,,,,,,,,,,,,
2000-12-29,3.3750,1.5000000000,,,,,,,,,,,,,,
2001-01-02,3.1250,1.3888888889,,,,,,,,,,,,,,
2001-01-03,3.1200,1.3866666667,,,,,,,,,,,,,,
2001-01-04,3.2500,1.4444444444,,,,,,,,,,,,,,
2001-01-05,3.2500,1.4444444444,,,,,,,,,,,,,,
2001-01-08,3.0000,1.3333333333,,,,,,,,,,,,,,
2001-01-09,3.0000,1.3333333333,,,,,,,,,,,,,,
2001-01-10,3.0000,1.3333333333,,,,,,,,,,,,,,
2001-01-11,3.0000,1.3333333333,,,,,,,,,,,,,,
2001-01-12,3.0310,1.3471111111,,,,,,,,,,,,,,
2001-01-16,3.0300,1.3466666667,,,,,,,,,,,,,,
2001-01-17,3.1250,1.3888888889,,,,,,,,,,,,,,
2001-01-18,3.1200,1.3866666667,,,,,,,,,,,,,,
2001-01-19,3.1200,1.3866666667,,,,,,,,,,,,,,
2001-01-22,3.1880,1.4168888889,,,,,,,,,,,,,,
2001-01-23,3.1250,1.3888888889,,,,,,,,,,,,,,
2001-01-24,3.1200,1.3866666667,,,,,,,,,,,,,,
2001-01-25,3.1880,1.4168888889,,,,,,,,,,,,,,
2001-01-26,3.1900,1.4177777778,,,,,,,,,,,,,,
2001-01-29,3.6250,1.6111111111,,,,,,,,,,,,,,
2001-01-30,3.2500,1.4444444444,,,,,,,,,,,,,,
2001-01-31,3.7500,1.6666666667,,,,,,,,,,,,,,
2001-02-01,4.0000,1.7777777778,,,,,,,,,,,,,,
2001-02-02,4.0000,1.7777777778,,,,,,,,,,,,,,
2001-02-05,3.8750,1.7222222222,,,,,,,,,,,,,,
2001-02-06,3.7500,1.6666666667,,,,,,,,,,,,,,
2001-02-07,3.7500,1.6666666667,,,,,,,,,,,,,,
2001-02-08,3.7500,1.6666666667,,,,,,,,,,,,,,
2001-02-09,3.7500,1.6666666667,,,,,,,,,,,,,,
2001-02-12,3.7500,1.6666666667,,,,,,,,,,,,,,
2001-02-13,4.0000,1.7777777778,,,,,,,,,,,,,,
2001-02-14,4.1880,1.8613333333,,,,,,,,,,,,,,
2001-02-15,4.3750,1.9444444444,,,,,,,,,,,,,,
2001-02-16,4.4380,1.9724444444,,,,,,,,,,,,,,
2001-02-20,4.3750,1.9444444444,,,,,,,,,,,,,,
2001-02-21,4.1250,1.8333333333,,,,,,,,,,,,,,
2001-02-22,4.1200,1.8311111111,,,,,,,,,,,,,,
2001-02-23,4.3750,1.9444444444,,,,,,,,,,,,,,
2001-02-26,4.4060,1.9582222222,,,,,,,,,,,,,,
2001-02-27,4.3750,1.9444444444,,,,,,,,,,,,,,
2001-02-28,4.3800,1.9466666667,,,,,,,,,,,,,,
2001-03-01,4.3800,1.9466666667,,,,,,,,,,,,,,
2001-03-02,3.9690,1.7640000000,,,,,,,,,,,,,,
2001-03-05,3.9700,1.7644444444,,,,,,,,,,,,,,
2001-03-06,4.2500,1.8888888889,,,,,,,,,,,,,,
2001-03-07,4.2500,1.8888888889,,,,,,,,,,,,,,
2001-03-08,4.2500,1.8888888889,,,,,,,,,,,,,,
2001-03-09,4.2500,1.8888888889,,,,,,,,,,,,,,
2001-03-12,4.2500,1.8888888889,,,,,,,,,,,,,,
2001-03-13,4.3750,1.9444444444,,,,,,,,,,,,,,
2001-03-14,4.3800,1.9466666667,,,,,,,,,,,,,,
2001-03-15,4.4380,1.9724444444,,,,,,,,,,,,,,
2001-03-16,4.3750,1.9444444444,,,,,,,,,,,,,,
2001-03-19,4.3800,1.9466666667,,,,,,,,,,,,,,
2001-03-20,4.3800,1.9466666667,,,,,,,,,,,,,,
2001-03-21,4.0000,1.7777777778,,,,,,,,,,,,,,
2001-03-22,4.0000,1.7777777778,,,,,,,,,,,,,,
2001-03-23,4.0000,1.7777777778,,,,,,,,,,,,,,
2001-03-26,4.0000,1.7777777778,,,,,,,,,,,,,,
2001-03-27,4.0000,1.7777777778,,,,,,,,,,,,,,
2001-03-28,4.0000,1.7777777778,,,,,,,,,,,,,,
2001-03-29,4.0000,1.7777777778,,,,,,,,,,,,,,
2001-03-30,4.0000,1.7777777778,,,,,,,,,,,,,,
2001-04-02,4.3750,1.9444444444,,,,,,,,,,,,,,
2001-04-03,4.3800,1.9466666667,,,,,,,,,,,,,,
2001-04-04,4.3800,1.9466666667,,,,,,,,,,,,,,
2001-04-05,4.0000,1.7777777778,,,,,,,,,,,,,,
2001-04-06,4.0000,1.7777777778,,,,,,,,,,,,,,
2001-04-09,4.0000,1.7777777778,,,,,,,,,,,,,,
2001-04-10,4.0000,1.7777777778,,,,,,,,,,,,,,
2001-04-11,4.0000,1.7777777778,,,,,,,,,,,,,,
2001-04-12,4.0700,1.8088888889,,,,,,,,,,,,,,
2001-04-16,3.8000,1.6888888889,,,,,,,,,,,,,,
2001-04-17,3.8000,1.6888888889,,,,,,,,,,,,,,
2001-04-18,4.0700,1.8088888889,,,,,,,,,,,,,,
2001-04-19,4.0000,1.7777777778,,,,,,,,,,,,,,
2001-04-20,4.0000,1.7777777778,,,,,,,,,,,,,,
2001-04-23,4.0000,1.7777777778,,,,,,,,,,,,,,
2001-04-24,4.0000,1.7777777778,,,,,,,,,,,,,,
2001-04-25,4.0000,1.7777777778,,,,,,,,,,,,,,
2001-04-26,3.8000,1.6888888889,,,,,,,,,,,,,,
2001-04-27,3.8000,1.6888888889,,,,,,,,,,,,,,
2001-04-30,3.7900,1.6844444444,,,,,,,,,,,,,,
2001-05-01,3.5500,1.5777777778,,,,,,,,,,,,,,
2001-05-02,3.5500,1.5777777778,,,,,,,,,,,,,,
2001-05-03,3.5500,1.5777777778,,,,,,,,,,,,,,
2001-05-04,3.7500,1.6666666667,,,,,,,,,,,,,,
2001-05-07,3.7500,1.6666666667,,,,,,,,,,,,,,
2001-05-08,3.8000,1.6888888889,,,,,,,,,,,,,,
2001-05-09,3.7000,1.6444444444,,,,,,,,,,,,,,
2001-05-10,3.7100,1.6488888889,,,,,,,,,,,,,,
2001-05-11,3.7100,1.6488888889,,,,,,,,,,,,,,
2001-05-14,3.4100,1.5155555556,,,,,,,,,,,,,,
2001-05-15,3.7100,1.6488888889,,,,,,,,,,,,,,
2001-05-16,3.2000,1.4222222222,,,,,,,,,,,,,,
2001-05-17,3.5000,1.5555555556,,,,,,,,,,,,,,
2001-05-18,3.5000,1.5555555556,,,,,,,,,,,,,,
2001-05-21,3.2000,1.4222222222,,,,,,,,,,,,,,
2001-05-22,3.3000,1.4666666667,,,,,,,,,,,,,,
2001-05-23,3.3000,1.4666666667,,,,,,,,,,,,,,
2001-05-24,4.0000,1.7777777778,,,,,,,,,,,,,,
2001-05-25,4.0100,1.7822222222,,,,,,,,,,,,,,
2001-05-29,4.0000,1.7777777778,,,,,,,,,,,,,,
2001-05-30,4.0400,1.7955555556,,,,,,,,,,,,,,
2001-05-31,3.8500,1.7111111111,,,,,,,,,,,,,,
2001-06-01,3.8500,1.7111111111,,,,,,,,,,,,,,
2001-06-04,3.9000,1.7333333333,,,,,,,,,,,,,,
2001-06-05,4.0500,1.8000000000,,,,,,,,,,,,,,
2001-06-06,4.0500,1.8000000000,,,,,,,,,,,,,,
2001-06-07,4.2000,1.8666666667,,,,,,,,,,,,,,
2001-06-08,4.1700,1.8533333333,,,,,,,,,,,,,,
2001-06-11,4.1700,1.8533333333,,,,,,,,,,,,,,
2001-06-12,4.1700,1.8533333333,,,,,,,,,,,,,,
2001-06-13,4.1700,1.8533333333,,,,,,,,,,,,,,
2001-06-14,4.0000,1.7777777778,,,,,,,,,,,,,,
2001-06-15,4.0000,1.7777777778,,,,,,,,,,,,,,
2001-06-18,3.9400,1.7511111111,,,,,,,,,,,,,,
2001-06-19,3.9500,1.7555555556,,,,,,,,,,,,,,
2001-06-20,4.2500,1.8888888889,,,,,,,,,,,,,,
2001-06-21,4.0000,1.7777777778,,,,,,,,,,,,,,
2001-06-22,4.0000,1.7777777778,,,,,,,,,,,,,,
2001-06-25,3.8100,1.6933333333,,,,,,,,,,,,,,
2001-06-26,3.5000,1.5555555556,,,,,,,,,,,,,,
2001-06-27,3.3300,1.4800000000,,,,,,,,,,,,,,
2001-06-28,4.3100,1.9155555556,,,,,,,,,,,,,,
2001-06-29,4.2900,1.9066666667,,,,,,,,,,,,,,
2001-07-02,4.2900,1.9066666667,,,,,,,,,,,,,,
2001-07-03,4.2900,1.9066666667,,,,,,,,,,,,,,
2001-07-05,4.2900,1.9066666667,,,,,,,,,,,,,,
2001-07-06,3.8000,1.6888888889,,,,,,,,,,,,,,
2001-07-09,3.6500,1.6222222222,,,,,,,,,,,,,,
2001-07-10,3.6500,1.6222222222,,,,,,,,,,,,,,
2001-07-11,3.6000,1.6000000000,,,,,,,,,,,,,,
2001-07-12,3.8000,1.6888888889,,,,,,,,,,,,,,
2001-07-13,3.8000,1.6888888889,,,,,,,,,,,,,,
2001-07-16,3.8000,1.6888888889,,,,,,,,,,,,,,
2001-07-17,3.8000,1.6888888889,,,,,,,,,,,,,,
2001-07-18,3.8000,1.6888888889,,,,,,,,,,,,,,
2001-07-19,3.8000,1.6888888889,,,,,,,,,,,,,,
2001-07-20,3.8000,1.6888888889,,,,,,,,,,,,,,
2001-07-23,3.8000,1.6888888889,,,,,,,,,,,,,,
2001-07-24,3.8000,1.6888888889,,,,,,,,,,,,,,
2001-07-25,3.8000,1.6888888889,,,,,,,,,,,,,,
2001-07-26,3.8000,1.6888888889,,,,,,,,,,,,,,
2001-07-27,3.8000,1.6888888889,,,,,,,,,,,,,,
2001-07-30,3.5500,1.5777777778,,,,,,,,,,,,,,
2001-07-31,3.8000,1.6888888889,,,,,,,,,,,,,,
2001-08-01,3.8000,1.6888888889,,,,,,,,,,,,,,
2001-08-02,3.6500,1.6222222222,,,,,,,,,,,,,,
2001-08-03,3.8000,1.6888888889,,,,,,,,,,,,,,
2001-08-06,3.8000,1.6888888889,,,,,,,,,,,,,,
2001-08-07,3.7200,1.6533333333,,,,,,,,,,,,,,
2001-08-08,3.7000,1.6444444444,,,,,,,,,,,,,,
2001-08-09,3.7000,1.6444444444,,,,,,,,,,,,,,
2001-08-10,3.7000,1.6444444444,,,,,,,,,,,,,,
2001-08-13,3.7000,1.6444444444,,,,,,,,,,,,,,
2001-08-14,4.0000,1.7777777778,,,,,,,,,,,,,,
2001-08-15,4.0000,1.7777777778,,,,,,,,,,,,,,
2001-08-16,3.5000,1.5555555556,,,,,,,,,,,,,,
2001-08-17,3.5000,1.5555555556,,,,,,,,,,,,,,
2001-08-20,3.5000,1.5555555556,,,,,,,,,,,,,,
2001-08-21,3.7000,1.6444444444,,,,,,,,,,,,,,
2001-08-22,3.5500,1.5777777778,,,,,,,,,,,,,,
2001-08-23,3.8200,1.6977777778,,,,,,,,,,,,,,
2001-08-24,3.5500,1.5777777778,,,,,,,,,,,,,,
2001-08-27,3.5600,1.5822222222,,,,,,,,,,,,,,
2001-08-28,3.5600,1.5822222222,,,,,,,,,,,,,,
2001-08-29,3.5600,1.5822222222,,,,,,,,,,,,,,
2001-08-30,3.5600,1.5822222222,,,,,,,,,,,,,,
2001-08-31,3.5600,1.5822222222,,,,,,,,,,,,,,
2001-09-04,3.5100,1.5600000000,,,,,,,,,,,,,,
2001-09-05,3.5100,1.5600000000,,,,,,,,,,,,,,
2001-09-06,3.4500,1.5333333333,,,,,,,,,,,,,,
2001-09-07,3.4500,1.5333333333,,,,,,,,,,,,,,
2001-09-10,3.2500,1.4444444444,,,,,,,,,,,,,,
2001-09-17,3.1500,1.4000000000,,,,,,,,,,,,,,
2001-09-18,3.1000,1.3777777778,,,,,,,,,,,,,,
2001-09-19,2.7500,1.2222222222,,,,,,,,,,,,,,
2001-09-20,2.7000,1.2000000000,,,,,,,,,,,,,,
2001-09-21,2.9500,1.3111111111,,,,,,,,,,,,,,
2001-09-24,2.5000,1.1111111111,,,,,,,,,,,,,,
2001-09-25,2.8000,1.2444444444,,,,,,,,,,,,,,
2001-09-26,2.8000,1.2444444444,,,,,,,,,,,,,,
2001-09-27,2.8000,1.2444444444,,,,,,,,,,,,,,
2001-09-28,2.6900,1.1955555556,,,,,,,,,,,,,,
2001-10-01,2.5000,1.1111111111,,,,,,,,,,,,,,
2001-10-02,2.5000,1.1111111111,,,,,,,,,,,,,,
2001-10-03,2.5000,1.1111111111,,,,,,,,,,,,,,
2001-10-04,2.5000,1.1111111111,,,,,,,,,,,,,,
2001-10-05,2.5100,1.1155555556,,,,,,,,,,,,,,
2001-10-08,2.7000,1.2000000000,,,,,,,,,,,,,,
2001-10-09,2.7000,1.2000000000,,,,,,,,,,,,,,
2001-10-10,2.7000,1.2000000000,,,,,,,,,,,,,,
2001-10-11,2.5200,1.1200000000,,,,,,,,,,,,,,
2001-10-12,2.8600,1.2711111111,,,,,,,,,,,,,,
2001-10-15,3.0900,1.3733333333,,,,,,,,,,,,,,
2001-10-16,3.1000,1.3777777778,,,,,,,,,,,,,,
2001-10-17,3.1000,1.3777777778,,,,,,,,,,,,,,
2001-10-18,3.2200,1.4311111111,,,,,,,,,,,,,,
2001-10-19,3.2200,1.4311111111,,,,,,,,,,,,,,
2001-10-22,3.2200,1.4311111111,,,,,,,,,,,,,,
2001-10-23,3.2200,1.4311111111,,,,,,,,,,,,,,
2001-10-24,3.2200,1.4311111111,,,,,,,,,,,,,,
2001-10-25,3.0100,1.3377777778,,,,,,,,,,,,,,
2001-10-26,3.3000,1.4666666667,,,,,,,,,,,,,,
2001-10-29,3.3000,1.4666666667,,,,,,,,,,,,,,
2001-10-30,4.3000,1.9111111111,,,,,,,,,,,,,,
2001-10-31,4.8000,2.1333333333,,,,,,,,,,,,,,
2001-11-01,4.3100,1.9155555556,,,,,,,,,,,,,,
2001-11-02,4.2000,1.8666666667,,,,,,,,,,,,,,
2001-11-05,4.9800,2.2133333333,,,,,,,,,,,,,,
2001-11-06,5.2900,2.3511111111,,,,,,,,,,,,,,
2001-11-07,5.2500,2.3333333333,,,,,,,,,,,,,,
2001-11-08,5.7800,2.5688888889,,,,,,,,,,,,,,
2001-11-09,5.1600,2.2933333333,,,,,,,,,,,,,,
2001-11-12,5.4900,2.4400000000,,,,,,,,,,,,,,
2001-11-13,5.5000,2.4444444444,,,,,,,,,,,,,,
2001-11-14,5.3900,2.3955555556,,,,,,,,,,,,,,
2001-11-15,5.5000,2.4444444444,,,,,,,,,,,,,,
2001-11-16,5.5000,2.4444444444,,,,,,,,,,,,,,
2001-11-19,5.0000,2.2222222222,,,,,,,,,,,,,,
2001-11-20,5.0000,2.2222222222,,,,,,,,,,,,,,
2001-11-21,5.1000,2.2666666667,,,,,,,,,,,,,,
2001-11-23,5.2500,2.3333333333,,,,,,,,,,,,,,
2001-11-26,4.9500,2.2000000000,,,,,,,,,,,,,,
2001-11-27,4.6900,2.0844444444,,,,,,,,,,,,,,
2001-11-28,4.7000,2.0888888889,,,,,,,,,,,,,,
2001-11-29,4.7500,2.1111111111,,,,,,,,,,,,,,
2001-11-30,4.6500,2.0666666667,,,,,,,,,,,,,,
2001-12-03,4.7500,2.1111111111,,,,,,,,,,,,,,
2001-12-04,4.9500,2.2000000000,,,,,,,,,,,,,,
2001-12-05,5.2300,2.3244444444,,,,,,,,,,,,,,
2001-12-06,5.1500,2.2888888889,,,,,,,,,,,,,,
2001-12-07,5.1500,2.2888888889,,,,,,,,,,,,,,
2001-12-10,5.0000,2.2222222222,,,,,,,,,,,,,,
2001-12-11,5.0000,2.2222222222,,,,,,,,,,,,,,
2001-12-12,4.9400,2.1955555556,,,,,,,,,,,,,,
2001-12-13,4.9400,2.1955555556,,,,,,,,,,,,,,
2001-12-14,4.9000,2.1777777778,,,,,,,,,,,,,,
2001-12-17,4.9100,2.1822222222,,,,,,,,,,,,,,
2001-12-18,4.5100,2.0044444444,,,,,,,,,,,,,,
2001-12-19,5.4400,2.4177777778,,,,,,,,,,,,,,
2001-12-20,5.1000,2.2666666667,,,,,,,,,,,,,,
2001-12-21,5.0000,2.2222222222,,,,,,,,,,,,,,
2001-12-24,4.9400,2.1955555556,,,,,,,,,,,,,,
2001-12-26,4.8000,2.1333333333,,,,,,,,,,,,,,
2001-12-27,4.7500,2.1111111111,,,,,,,,,,,,,,
2001-12-28,4.7500,2.1111111111,,,,,,,,,,,,,,
2001-12-31,4.8000,2.1333333333,,,,,,,,,,,,,,
2002-01-02,5.0000,2.2222222222,,,,,,,,,,,,,,
2002-01-03,4.9000,2.1777777778,,,,,,,,,,,,,,
2002-01-04,5.3500,2.3777777778,,,,,,,,,,,,,,
2002-01-07,5.8000,2.5777777778,,,,,,,,,,,,,,
2002-01-08,5.1000,2.2666666667,,,,,,,,,,,,,,
2002-01-09,5.4500,2.4222222222,,,,,,,,,,,,,,
2002-01-10,5.5700,2.4755555556,,,,,,,,,,,,,,
2002-01-11,5.5000,2.4444444444,,,,,,,,,,,,,,
2002-01-14,5.3000,2.3555555556,,,,,,,,,,,,,,
2002-01-15,5.2000,2.3111111111,,,,,,,,,,,,,,
2002-01-16,5.4700,2.4311111111,,,,,,,,,,,,,,
2002-01-17,6.2500,2.7777777778,,,,,,,,,,,,,,
2002-01-18,5.9500,2.6444444444,,,,,,,,,,,,,,
2002-01-22,5.5200,2.4533333333,,,,,,,,,,,,,,
2002-01-23,5.5000,2.4444444444,,,,,,,,,,,,,,
2002-01-24,5.5000,2.4444444444,,,,,,,,,,,,,,
2002-01-25,5.5000,2.4444444444,,,,,,,,,,,,,,
2002-01-28,4.6500,2.0666666667,,,,,,,,,,,,,,
2002-01-29,5.0000,2.2222222222,,,,,,,,,,,,,,
2002-01-30,5.7200,2.5422222222,,,,,,,,,,,,,,
2002-01-31,5.7600,2.5600000000,,,,,,,,,,,,,,
2002-02-01,5.7600,2.5600000000,,,,,,,,,,,,,,
2002-02-04,5.7600,2.5600000000,,,,,,,,,,,,,,
2002-02-05,5.5000,2.4444444444,,,,,,,,,,,,,,
2002-02-06,5.4000,2.4000000000,,,,,,,,,,,,,,
2002-02-07,5.0000,2.2222222222,,,,,,,,,,,,,,
2002-02-08,4.7400,2.1066666667,,,,,,,,,,,,,,
2002-02-11,4.7300,2.1022222222,,,,,,,,,,,,,,
2002-02-12,4.6800,2.0800000000,,,,,,,,,,,,,,
2002-02-13,3.4500,1.5333333333,,,,,,,,,,,,,,
2002-02-14,3.3500,1.4888888889,,,,,,,,,,,,,,
2002-02-15,3.1500,1.4000000000,,,,,,,,,,,,,,
2002-02-19,3.2300,1.4355555556,,,,,,,,,,,,,,
2002-02-20,3.3000,1.4666666667,,,,,,,,,,,,,,
2002-02-21,3.1000,1.3777777778,,,,,,,,,,,,,,
2002-02-22,2.7000,1.2000000000,,,,,,,,,,,,,,
2002-02-25,2.7100,1.2044444444,,,,,,,,,,,,,,
2002-02-26,2.8500,1.2666666667,,,,,,,,,,,,,,
2002-02-27,3.2400,1.4400000000,,,,,,,,,,,,,,
2002-02-28,3.2900,1.4622222222,,,,,,,,,,,,,,
2002-03-01,3.0600,1.3600000000,,,,,,,,,,,,,,
2002-03-04,2.8100,1.2488888889,,,,,,,,,,,,,,
2002-03-05,3.1900,1.4177777778,,,,,,,,,,,,,,
2002-03-06,3.2000,1.4222222222,,,,,,,,,,,,,,
2002-03-07,3.2000,1.4222222222,,,,,,,,,,,,,,
2002-03-08,3.0500,1.3555555556,,,,,,,,,,,,,,
2002-03-11,3.3100,1.4711111111,,,,,,,,,,,,,,
2002-03-12,3.1000,1.3777777778,,,,,,,,,,,,,,
2002-03-13,3.2000,1.4222222222,,,,,,,,,,,,,,
2002-03-14,3.3500,1.4888888889,,,,,,,,,,,,,,
2002-03-15,3.4700,1.5422222222,,,,,,,,,,,,,,
2002-03-18,3.7600,1.6711111111,,,,,,,,,,,,,,
2002-03-19,3.7500,1.6666666667,,,,,,,,,,,,,,
2002-03-20,3.7000,1.6444444444,,,,,,,,,,,,,,
2002-03-21,3.5000,1.5555555556,,,,,,,,,,,,,,
2002-03-22,3.4600,1.5377777778,,,,,,,,,,,,,,
2002-03-25,3.4700,1.5422222222,,,,,,,,,,,,,,
2002-03-26,3.4700,1.5422222222,,,,,,,,,,,,,,
2002-03-27,3.4700,1.5422222222,,,,,,,,,,,,,,
2002-03-28,3.5000,1.5555555556,,,,,,,,,,,,,,
2002-04-01,3.5100,1.5600000000,,,,,,,,,,,,,,
2002-04-02,3.7000,1.6444444444,,,,,,,,,,,,,,
2002-04-03,3.4700,1.5422222222,,,,,,,,,,,,,,
2002-04-04,3.5100,1.5600000000,,,,,,,,,,,,,,
2002-04-05,3.6100,1.6044444444,,,,,,,,,,,,,,
2002-04-08,3.6100,1.6044444444,,,,,,,,,,,,,,
2002-04-09,3.5900,1.5955555556,,,,,,,,,,,,,,
2002-04-10,3.4100,1.5155555556,,,,,,,,,,,,,,
2002-04-11,3.5700,1.5866666667,,,,,,,,,,,,,,
2002-04-12,3.7000,1.6444444444,,,,,,,,,,,,,,
2002-04-15,3.7000,1.6444444444,,,,,,,,,,,,,,
2002-04-16,3.5700,1.5866666667,,,,,,,,,,,,,,
2002-04-17,3.5600,1.5822222222,,,,,,,,,,,,,,
2002-04-18,3.4610,1.5382222222,,,,,,,,,,,,,,
2002-04-19,3.4600,1.5377777778,,,,,,,,,,,,,,
2002-04-22,3.4600,1.5377777778,,,,,,,,,,,,,,
2002-04-23,3.4600,1.5377777778,,,,,,,,,,,,,,
2002-04-24,3.5010,1.5560000000,,,,,,,,,,,,,,
2002-04-25,3.4600,1.5377777778,,,,,,,,,,,,,,
2002-04-26,3.5300,1.5688888889,,,,,,,,,,,,,,
2002-04-29,3.5200,1.5644444444,,,,,,,,,,,,,,
2002-04-30,3.5900,1.5955555556,,,,,,,,,,,,,,
2002-05-01,3.6900,1.6400000000,,,,,,,,,,,,,,
2002-05-02,3.5000,1.5555555556,,,,,,,,,,,,,,
2002-05-03,3.5100,1.5600000000,,,,,,,,,,,,,,
2002-05-06,3.5100,1.5600000000,,,,,,,,,,,,,,
2002-05-07,3.4100,1.5155555556,,,,,,,,,,,,,,
2002-05-08,3.4100,1.5155555556,,,,,,,,,,,,,,
2002-05-09,3.4000,1.5111111111,,,,,,,,,,,,,,
2002-05-10,3.4000,1.5111111111,,,,,,,,,,,,,,
2002-05-13,3.2000,1.4222222222,,,,,,,,,,,,,,
2002-05-14,3.2000,1.4222222222,,,,,,,,,,,,,,
2002-05-15,3.4500,1.5333333333,,,,,,,,,,,,,,
2002-05-16,3.4010,1.5115555556,,,,,,,,,,,,,,
2002-05-17,3.4000,1.5111111111,,,,,,,,,,,,,,
2002-05-20,3.4000,1.5111111111,,,,,,,,,,,,,,
2002-05-21,3.4000,1.5111111111,,,,,,,,,,,,,,
2002-05-22,3.2990,1.4662222222,,,,,,,,,,,,,,
2002-05-23,3.2400,1.4400000000,,,,,,,,,,,,,,
2002-05-24,3.1100,1.3822222222,,,,,,,,,,,,,,
2002-05-28,3.1610,1.4048888889,,,,,,,,,,,,,,
2002-05-29,3.1610,1.4048888889,,,,,,,,,,,,,,
2002-05-30,3.4000,1.5111111111,,,,,,,,,,,,,,
2002-05-31,3.4500,1.5333333333,,,,,,,,,,,,,,
2002-06-03,3.2800,1.4577777778,,,,,,,,,,,,,,
2002-06-04,3.2800,1.4577777778,,,,,,,,,,,,,,
2002-06-05,3.2800,1.4577777778,,,,,,,,,,,,,,
2002-06-06,3.2000,1.4222222222,,,,,,,,,,,,,,
2002-06-07,3.3100,1.4711111111,,,,,,,,,,,,,,
2002-06-10,3.3090,1.4706666667,,,,,,,,,,,,,,
2002-06-11,3.2000,1.4222222222,,,,,,,,,,,,,,
2002-06-12,3.3100,1.4711111111,,,,,,,,,,,,,,
2002-06-13,3.1000,1.3777777778,,,,,,,,,,,,,,
2002-06-14,3.1000,1.3777777778,,,,,,,,,,,,,,
2002-06-17,3.3100,1.4711111111,,,,,,,,,,,,,,
2002-06-18,3.0800,1.3688888889,,,,,,,,,,,,,,
2002-06-19,3.3500,1.4888888889,,,,,,,,,,,,,,
2002-06-20,3.1500,1.4000000000,,,,,,,,,,,,,,
2002-06-21,3.3500,1.4888888889,,,,,,,,,,,,,,
2002-06-24,3.2500,1.4444444444,,,,,,,,,,,,,,
2002-06-25,3.2000,1.4222222222,,,,,,,,,,,,,,
2002-06-26,3.1500,1.4000000000,,,,,,,,,,,,,,
2002-06-27,3.2000,1.4222222222,,,,,,,,,,,,,,
2002-06-28,3.2000,1.4222222222,,,,,,,,,,,,,,
2002-07-01,3.2000,1.4222222222,,,,,,,,,,,,,,
2002-07-02,3.2000,1.4222222222,,,,,,,,,,,,,,
2002-07-03,3.0100,1.3377777778,,,,,,,,,,,,,,
2002-07-05,3.0090,1.3373333333,,,,,,,,,,,,,,
2002-07-08,3.0900,1.3733333333,,,,,,,,,,,,,,
2002-07-09,2.9400,1.3066666667,,,,,,,,,,,,,,
2002-07-10,3.4000,1.5111111111,,,,,,,,,,,,,,
2002-07-11,3.3490,1.4884444444,,,,,,,,,,,,,,
2002-07-12,3.1000,1.3777777778,,,,,,,,,,,,,,
2002-07-15,3.1000,1.3777777778,,,,,,,,,,,,,,
2002-07-16,3.0000,1.3333333333,,,,,,,,,,,,,,
2002-07-17,3.0100,1.3377777778,,,,,,,,,,,,,,
2002-07-18,3.0100,1.3377777778,,,,,,,,,,,,,,
2002-07-19,3.1000,1.3777777778,,,,,,,,,,,,,,
2002-07-22,3.0000,1.3333333333,,,,,,,,,,,,,,
2002-07-23,3.0000,1.3333333333,,,,,,,,,,,,,,
2002-07-24,3.1900,1.4177777778,,,,,,,,,,,,,,
2002-07-25,3.1700,1.4088888889,,,,,,,,,,,,,,
2002-07-26,3.1700,1.4088888889,,,,,,,,,,,,,,
2002-07-29,3.2000,1.4222222222,,,,,,,,,,,,,,
2002-07-30,3.2000,1.4222222222,,,,,,,,,,,,,,
2002-07-31,3.2000,1.4222222222,,,,,,,,,,,,,,
2002-08-01,3.1800,1.4133333333,,,,,,,,,,,,,,
2002-08-02,3.2490,1.4440000000,,,,,,,,,,,,,,
2002-08-05,3.0100,1.3377777778,,,,,,,,,,,,,,
2002-08-06,3.0100,1.3377777778,,,,,,,,,,,,,,
2002-08-07,3.0100,1.3377777778,,,,,,,,,,,,,,
2002-08-08,3.0100,1.3377777778,,,,,,,,,,,,,,
2002-08-09,3.0100,1.3377777778,,,,,,,,,,,,,,
2002-08-12,3.0400,1.3511111111,,,,,,,,,,,,,,
2002-08-13,3.1000,1.3777777778,,,,,,,,,,,,,,
2002-08-14,3.0500,1.3555555556,,,,,,,,,,,,,,
2002-08-15,3.0400,1.3511111111,,,,,,,,,,,,,,
2002-08-16,3.3500,1.4888888889,,,,,,,,,,,,,,
2002-08-19,3.3500,1.4888888889,,,,,,,,,,,,,,
2002-08-20,3.1010,1.3782222222,,,,,,,,,,,,,,
2002-08-21,3.1000,1.3777777778,,,,,,,,,,,,,,
2002-08-22,3.0300,1.3466666667,,,,,,,,,,,,,,
2002-08-23,3.0400,1.3511111111,,,,,,,,,,,,,,
2002-08-26,3.0400,1.3511111111,,,,,,,,,,,,,,
2002-08-27,3.0400,1.3511111111,,,,,,,,,,,,,,
2002-08-28,3.1510,1.4004444444,,,,,,,,,,,,,,
2002-08-29,3.1500,1.4000000000,,,,,,,,,,,,,,
2002-08-30,3.0500,1.3555555556,,,,,,,,,,,,,,
2002-09-03,3.0400,1.3511111111,,,,,,,,,,,,,,
2002-09-04,3.0300,1.3466666667,,,,,,,,,,,,,,
2002-09-05,3.0300,1.3466666667,,,,,,,,,,,,,,
2002-09-06,3.0310,1.3471111111,,,,,,,,,,,,,,
2002-09-09,3.0300,1.3466666667,,,,,,,,,,,,,,
2002-09-10,3.0300,1.3466666667,,,,,,,,,,,,,,
2002-09-11,3.0300,1.3466666667,,,,,,,,,,,,,,
2002-09-12,3.0100,1.3377777778,,,,,,,,,,,,,,
2002-09-13,3.0100,1.3377777778,,,,,,,,,,,,,,
2002-09-16,2.9610,1.3160000000,,,,,,,,,,,,,,
2002-09-17,2.9610,1.3160000000,,,,,,,,,,,,,,
2002-09-18,2.9600,1.3155555556,,,,,,,,,,,,,,
2002-09-19,3.1890,1.4173333333,,,,,,,,,,,,,,
2002-09-20,3.1800,1.4133333333,,,,,,,,,,,,,,
2002-09-23,2.9700,1.3200000000,,,,,,,,,,,,,,
2002-09-24,2.9700,1.3200000000,,,,,,,,,,,,,,
2002-09-25,2.9700,1.3200000000,,,,,,,,,,,,,,
2002-09-26,2.9700,1.3200000000,,,,,,,,,,,,,,
2002-09-27,2.9700,1.3200000000,,,,,,,,,,,,,,
2002-09-30,2.9700,1.3200000000,,,,,,,,,,,,,,
2002-10-01,2.9450,1.3088888889,,,,,,,,,,,,,,
2002-10-02,2.9000,1.2888888889,,,,,,,,,,,,,,
2002-10-03,2.9000,1.2888888889,,,,,,,,,,,,,,
2002-10-04,2.9000,1.2888888889,,,,,,,,,,,,,,
2002-10-07,2.9000,1.2888888889,,,,,,,,,,,,,,
2002-10-08,2.7000,1.2000000000,,,,,,,,,,,,,,
2002-10-09,2.4000,1.0666666667,,,,,,,,,,,,,,
2002-10-10,2.4000,1.0666666667,,,,,,,,,,,,,,
2002-10-11,2.3500,1.0444444444,,,,,,,,,,,,,,
2002-10-14,2.3500,1.0444444444,,,,,,,,,,,,,,
2002-10-15,2.3500,1.0444444444,,,,,,,,,,,,,,
2002-10-16,2.6900,1.1955555556,,,,,,,,,,,,,,
2002-10-17,2.6800,1.1911111111,,,,,,,,,,,,,,
2002-10-18,2.6700,1.1866666667,,,,,,,,,,,,,,
2002-10-21,2.5500,1.1333333333,,,,,,,,,,,,,,
2002-10-22,2.5500,1.1333333333,,,,,,,,,,,,,,
2002-10-23,2.5800,1.1466666667,,,,,,,,,,,,,,
2002-10-24,2.6800,1.1911111111,,,,,,,,,,,,,,
2002-10-25,2.6800,1.1911111111,,,,,,,,,,,,,,
2002-10-28,2.6800,1.1911111111,,,,,,,,,,,,,,
2002-10-29,2.6800,1.1911111111,,,,,,,,,,,,,,
2002-10-30,2.6800,1.1911111111,,,,,,,,,,,,,,
2002-10-31,2.7900,1.2400000000,,,,,,,,,,,,,,
2002-11-01,2.8000,1.2444444444,,,,,,,,,,,,,,
2002-11-04,2.8000,1.2444444444,,,,,,,,,,,,,,
2002-11-05,2.8000,1.2444444444,,,,,,,,,,,,,,
2002-11-06,2.7510,1.2226666667,,,,,,,,,,,,,,
2002-11-07,2.7500,1.2222222222,,,,,,,,,,,,,,
2002-11-08,2.7500,1.2222222222,,,,,,,,,,,,,,
2002-11-11,2.2000,0.9777777778,,,,,,,,,,,,,,
2002-11-12,2.2600,1.0044444444,,,,,,,,,,,,,,
2002-11-13,2.3000,1.0222222222,,,,,,,,,,,,,,
2002-11-14,2.3000,1.0222222222,,,,,,,,,,,,,,
2002-11-15,2.3000,1.0222222222,,,,,,,,,,,,,,
2002-11-18,2.3000,1.0222222222,,,,,,,,,,,,,,
2002-11-19,2.3500,1.0444444444,,,,,,,,,,,,,,
2002-11-20,2.2700,1.0088888889,,,,,,,,,,,,,,
2002-11-21,2.2700,1.0088888889,,,,,,,,,,,,,,
2002-11-22,2.2700,1.0088888889,,,,,,,,,,,,,,
2002-11-25,2.2900,1.0177777778,,,,,,,,,,,,,,
2002-11-26,2.2900,1.0177777778,,,,,,,,,,,,,,
2002-11-27,2.2900,1.0177777778,,,,,,,,,,,,,,
2002-11-29,2.2900,1.0177777778,,,,,,,,,,,,,,
2002-12-02,2.2700,1.0088888889,,,,,,,,,,,,,,
2002-12-03,2.2700,1.0088888889,,,,,,,,,,,,,,
2002-12-04,2.3200,1.0311111111,,,,,,,,,,,,,,
2002-12-05,2.2000,0.9777777778,,,,,,,,,,,,,,
2002-12-06,2.1200,0.9422222222,,,,,,,,,,,,,,
2002-12-09,2.2500,1.0000000000,,,,,,,,,,,,,,
2002-12-10,2.2300,0.9911111111,,,,,,,,,,,,,,
2002-12-11,2.0310,0.9026666667,,,,,,,,,,,,,,
2002-12-12,2.2000,0.9777777778,,,,,,,,,,,,,,
2002-12-13,2.2100,0.9822222222,,,,,,,,,,,,,,
2002-12-16,2.2100,0.9822222222,,,,,,,,,,,,,,
2002-12-17,2.3100,1.0266666667,,,,,,,,,,,,,,
2002-12-18,2.3100,1.0266666667,,,,,,,,,,,,,,
2002-12-19,2.3100,1.0266666667,,,,,,,,,,,,,,
2002-12-20,2.1760,0.9671111111,,,,,,,,,,,,,,
2002-12-23,2.1800,0.9688888889,,,,,,,,,,,,,,
2002-12-24,2.1800,0.9688888889,,,,,,,,,,,,,,
2002-12-26,2.1800,0.9688888889,,,,,,,,,,,,,,
2002-12-27,1.9200,0.8533333333,,,,,,,,,,,,,,
2002-12-30,1.9000,0.8444444444,,,,,,,,,,,,,,
2002-12-31,2.0010,0.8893333333,,,,,,,,,,,,,,
2003-01-02,2.0000,0.8888888889,,,,,,,,,,,,,,
2003-01-03,1.7100,0.7600000000,,,,,,,,,,,,,,
2003-01-06,1.8290,0.8128888889,,,,,,,,,,,,,,
2003-01-07,1.8200,0.8088888889,,,,,,,,,,,,,,
2003-01-08,1.8200,0.8088888889,,,,,,,,,,,,,,
2003-01-09,1.8200,0.8088888889,,,,,,,,,,,,,,
2003-01-10,1.6400,0.7288888889,,,,,,,,,,,,,,
2003-01-13,1.6400,0.7288888889,,,,,,,,,,,,,,
2003-01-14,1.6200,0.7200000000,,,,,,,,,,,,,,
2003-01-15,1.6200,0.7200000000,,,,,,,,,,,,,,
2003-01-16,2.0100,0.8933333333,,,,,,,,,,,,,,
2003-01-17,2.0100,0.8933333333,,,,,,,,,,,,,,
2003-01-21,1.7500,0.7777777778,,,,,,,,,,,,,,
2003-01-22,1.7500,0.7777777778,,,,,,,,,,,,,,
2003-01-23,1.7500,0.7777777778,,,,,,,,,,,,,,
2003-01-24,1.7500,0.7777777778,,,,,,,,,,,,,,
2003-01-27,1.7500,0.7777777778,,,,,,,,,,,,,,
2003-01-28,1.7500,0.7777777778,,,,,,,,,,,,,,
2003-01-29,1.7200,0.7644444444,,,,,,,,,,,,,,
2003-01-30,1.7200,0.7644444444,,,,,,,,,,,,,,
2003-01-31,1.8300,0.8133333333,,,,,,,,,,,,,,
2003-02-03,1.8300,0.8133333333,,,,,,,,,,,,,,
2003-02-04,1.8300,0.8133333333,,,,,,,,,,,,,,
2003-02-05,1.8300,0.8133333333,,,,,,,,,,,,,,
2003-02-06,1.8300,0.8133333333,,,,,,,,,,,,,,
2003-02-07,1.7100,0.7600000000,,,,,,,,,,,,,,
2003-02-10,1.7100,0.7600000000,,,,,,,,,,,,,,
2003-02-11,1.7100,0.7600000000,,,,,,,,,,,,,,
2003-02-12,1.7100,0.7600000000,,,,,,,,,,,,,,
2003-02-13,1.7000,0.7555555556,,,,,,,,,,,,,,
2003-02-14,1.6900,0.7511111111,,,,,,,,,,,,,,
2003-02-18,1.6800,0.7466666667,,,,,,,,,,,,,,
2003-02-19,1.8000,0.8000000000,,,,,,,,,,,,,,
2003-02-20,1.7500,0.7777777778,,,,,,,,,,,,,,
2003-02-21,1.6700,0.7422222222,,,,,,,,,,,,,,
2003-02-24,1.6700,0.7422222222,,,,,,,,,,,,,,
2003-02-25,1.6700,0.7422222222,,,,,,,,,,,,,,
2003-02-26,1.6200,0.7200000000,,,,,,,,,,,,,,
2003-02-27,1.6200,0.7200000000,,,,,,,,,,,,,,
2003-02-28,1.6200,0.7200000000,,,,,,,,,,,,,,
2003-03-03,1.6200,0.7200000000,,,,,,,,,,,,,,
2003-03-04,1.6200,0.7200000000,,,,,,,,,,,,,,
2003-03-05,1.5600,0.6933333333,,,,,,,,,,,,,,
2003-03-06,1.5600,0.6933333333,,,,,,,,,,,,,,
2003-03-07,1.5600,0.6933333333,,,,,,,,,,,,,,
2003-03-10,1.5200,0.6755555556,,,,,,,,,,,,,,
2003-03-11,1.5200,0.6755555556,,,,,,,,,,,,,,
2003-03-12,1.5100,0.6711111111,,,,,,,,,,,,,,
2003-03-13,1.5100,0.6711111111,,,,,,,,,,,,,,
2003-03-14,1.5100,0.6711111111,,,,,,,,,,,,,,
2003-03-17,1.4500,0.6444444444,,,,,,,,,,,,,,
2003-03-18,1.4100,0.6266666667,,,,,,,,,,,,,,
2003-03-19,1.5100,0.6711111111,,,,,,,,,,,,,,
2003-03-20,1.5500,0.6888888889,,,,,,,,,,,,,,
2003-03-21,1.5500,0.6888888889,,,,,,,,,,,,,,
2003-03-24,1.5500,0.6888888889,,,,,,,,,,,,,,
2003-03-25,1.5500,0.6888888889,,,,,,,,,,,,,,
2003-03-26,1.5500,0.6888888889,,,,,,,,,,,,,,
2003-03-27,1.5500,0.6888888889,,,,,,,,,,,,,,
2003-03-28,1.5000,0.6666666667,,,,,,,,,,,,,,
2003-03-31,1.4100,0.6266666667,,,,,,,,,,,,,,
2003-04-01,1.4100,0.6266666667,,,,,,,,,,,,,,
2003-04-02,1.4100,0.6266666667,,,,,,,,,,,,,,
2003-04-03,1.4100,0.6266666667,,,,,,,,,,,,,,
2003-04-04,1.4300,0.6355555556,,,,,,,,,,,,,,
2003-04-07,1.4300,0.6355555556,,,,,,,,,,,,,,
2003-04-08,1.4300,0.6355555556,,,,,,,,,,,,,,
2003-04-09,1.4300,0.6355555556,,,,,,,,,,,,,,
2003-04-10,1.4300,0.6355555556,,,,,,,,,,,,,,
2003-04-11,1.4300,0.6355555556,,,,,,,,,,,,,,
2003-04-14,1.4300,0.6355555556,,,,,,,,,,,,,,
2003-04-15,1.4500,0.6444444444,,,,,,,,,,,,,,
2003-04-16,1.4600,0.6488888889,,,,,,,,,,,,,,
2003-04-17,1.5000,0.6666666667,,,,,,,,,,,,,,
2003-04-21,1.5000,0.6666666667,,,,,,,,,,,,,,
2003-04-22,1.4300,0.6355555556,,,,,,,,,,,,,,
2003-04-23,1.5700,0.6977777778,,,,,,,,,,,,,,
2003-04-24,1.5200,0.6755555556,,,,,,,,,,,,,,
2003-04-25,1.7500,0.7777777778,,,,,,,,,,,,,,
2003-04-28,1.7500,0.7777777778,,,,,,,,,,,,,,
2003-04-29,1.7500,0.7777777778,,,,,,,,,,,,,,
2003-04-30,1.6500,0.7333333333,,,,,,,,,,,,,,
2003-05-01,1.6500,0.7333333333,,,,,,,,,,,,,,
2003-05-02,1.6500,0.7333333333,,,,,,,,,,,,,,
2003-05-05,1.6600,0.7377777778,,,,,,,,,,,,,,
2003-05-06,1.6600,0.7377777778,,,,,,,,,,,,,,
2003-05-07,1.6600,0.7377777778,,,,,,,,,,,,,,
2003-05-08,1.6600,0.7377777778,,,,,,,,,,,,,,
2003-05-09,1.6600,0.7377777778,,,,,,,,,,,,,,
2003-05-12,1.6600,0.7377777778,,,,,,,,,,,,,,
2003-05-13,1.6600,0.7377777778,,,,,,,,,,,,,,
2003-05-14,1.6600,0.7377777778,,,,,,,,,,,,,,
2003-05-15,1.7000,0.7555555556,,,,,,,,,,,,,,
2003-05-16,1.8000,0.8000000000,,,,,,,,,,,,,,
2003-05-19,1.8000,0.8000000000,,,,,,,,,,,,,,
2003-05-20,1.8000,0.8000000000,,,,,,,,,,,,,,
2003-05-21,1.6500,0.7333333333,,,,,,,,,,,,,,
2003-05-22,1.6400,0.7288888889,,,,,,,,,,,,,,
2003-05-23,1.6400,0.7288888889,,,,,,,,,,,,,,
2003-05-27,1.7700,0.7866666667,,,,,,,,,,,,,,
2003-05-28,1.5200,0.6755555556,,,,,,,,,,,,,,
2003-05-29,1.5200,0.6755555556,,,,,,,,,,,,,,
2003-05-30,1.8000,0.8000000000,,,,,,,,,,,,,,
2003-06-02,1.5500,0.6888888889,,,,,,,,,,,,,,
2003-06-03,1.5000,0.6666666667,,,,,,,,,,,,,,
2003-06-04,1.5000,0.6666666667,,,,,,,,,,,,,,
2003-06-05,1.5000,0.6666666667,,,,,,,,,,,,,,
2003-06-06,1.5000,0.6666666667,,,,,,,,,,,,,,
2003-06-09,1.5000,0.6666666667,,,,,,,,,,,,,,
2003-06-10,1.5000,0.6666666667,,,,,,,,,,,,,,
2003-06-11,1.5000,0.6666666667,,,,,,,,,,,,,,
2003-06-12,1.5100,0.6711111111,,,,,,,,,,,,,,
2003-06-13,1.5100,0.6711111111,,,,,,,,,,,,,,
2003-06-16,1.5100,0.6711111111,,,,,,,,,,,,,,
2003-06-17,1.5000,0.6666666667,,,,,,,,,,,,,,
2003-06-18,2.0490,0.9106666667,,,,,,,,,,,,,,
2003-06-19,1.8610,0.8271111111,,,,,,,,,,,,,,
2003-06-20,2.3000,1.0222222222,,,,,,,,,,,,,,
2003-06-23,2.4500,1.0888888889,,,,,,,,,,,,,,
2003-06-24,2.3500,1.0444444444,,,,,,,,,,,,,,
2003-06-25,2.1500,0.9555555556,,,,,,,,,,,,,,
2003-06-26,2.3660,1.0515555556,,,,,,,,,,,,,,
2003-06-27,2.3700,1.0533333333,,,,,,,,,,,,,,
2003-06-30,2.4500,1.0888888889,,,,,,,,,,,,,,
2003-07-01,2.0500,0.9111111111,,,,,,,,,,,,,,
2003-07-02,2.0500,0.9111111111,,,,,,,,,,,,,,
2003-07-03,2.0700,0.9200000000,,,,,,,,,,,,,,
2003-07-07,2.1500,0.9555555556,,,,,,,,,,,,,,
2003-07-08,2.1000,0.9333333333,,,,,,,,,,,,,,
2003-07-09,2.1000,0.9333333333,,,,,,,,,,,,,,
2003-07-10,2.1000,0.9333333333,,,,,,,,,,,,,,
2003-07-11,2.1000,0.9333333333,,,,,,,,,,,,,,
2003-07-14,2.1500,0.9555555556,,,,,,,,,,,,,,
2003-07-15,2.4500,1.0888888889,,,,,,,,,,,,,,
2003-07-16,2.7700,1.2311111111,,,,,,,,,,,,,,
2003-07-17,2.3300,1.0355555556,,,,,,,,,,,,,,
2003-07-18,2.3500,1.0444444444,,,,,,,,,,,,,,
2003-07-21,2.4900,1.1066666667,,,,,,,,,,,,,,
2003-07-22,2.4990,1.1106666667,,,,,,,,,,,,,,
2003-07-23,2.5000,1.1111111111,,,,,,,,,,,,,,
2003-07-24,2.5000,1.1111111111,,,,,,,,,,,,,,
2003-07-25,2.5000,1.1111111111,,,,,,,,,,,,,,
2003-07-28,2.2100,0.9822222222,,,,,,,,,,,,,,
2003-07-29,2.4500,1.0888888889,,,,,,,,,,,,,,
2003-07-30,2.2500,1.0000000000,,,,,,,,,,,,,,
2003-07-31,3.9990,1.7773333333,,,,,,,,,,,,,,
2003-08-01,4.7000,2.0888888889,,,,,,,,,,,,,,
2003-08-04,4.6490,2.0662222222,,,,,,,,,,,,,,
2003-08-05,4.0100,1.7822222222,,,,,,,,,,,,,,
2003-08-06,4.1500,1.8444444444,,,,,,,,,,,,,,
2003-08-07,4.0510,1.8004444444,,,,,,,,,,,,,,
2003-08-08,4.1000,1.8222222222,,,,,,,,,,,,,,
2003-08-11,4.0000,1.7777777778,,,,,,,,,,,,,,
2003-08-12,4.0000,1.7777777778,,,,,,,,,,,,,,
2003-08-13,4.0200,1.7866666667,,,,,,,,,,,,,,
2003-08-14,4.0000,1.7777777778,,,,,,,,,,,,,,
2003-08-15,4.0000,1.7777777778,,,,,,,,,,,,,,
2003-08-18,4.0500,1.8000000000,,,,,,,,,,,,,,
2003-08-19,4.1000,1.8222222222,,,,,,,,,,,,,,
2003-08-20,4.0600,1.8044444444,,,,,,,,,,,,,,
2003-08-21,4.2110,1.8715555556,,,,,,,,,,,,,,
2003-08-22,4.5900,2.0400000000,,,,,,,,,,,,,,
2003-08-25,4.2500,1.8888888889,,,,,,,,,,,,,,
2003-08-26,4.1500,1.8444444444,,,,,,,,,,,,,,
2003-08-27,4.1000,1.8222222222,,,,,,,,,,,,,,
2003-08-28,4.0600,1.8044444444,,,,,,,,,,,,,,
2003-08-29,4.1310,1.8360000000,,,,,,,,,,,,,,
2003-09-02,4.0500,1.8000000000,,,,,,,,,,,,,,
2003-09-03,4.2200,1.8755555556,,,,,,,,,,,,,,
2003-09-04,4.0900,1.8177777778,,,,,,,,,,,,,,
2003-09-05,4.6000,2.0444444444,,,,,,,,,,,,,,
2003-09-08,4.6800,2.0800000000,,,,,,,,,,,,,,
2003-09-09,4.3700,1.9422222222,,,,,,,,,,,,,,
2003-09-10,4.2500,1.8888888889,,,,,,,,,,,,,,
2003-09-11,4.6500,2.0666666667,,,,,,,,,,,,,,
2003-09-12,4.3100,1.9155555556,,,,,,,,,,,,,,
2003-09-15,4.2100,1.8711111111,,,,,,,,,,,,,,
2003-09-16,4.2200,1.8755555556,,,,,,,,,,,,,,
2003-09-17,4.3290,1.9240000000,,,,,,,,,,,,,,
2003-09-18,4.6500,2.0666666667,,,,,,,,,,,,,,
2003-09-19,4.2500,1.8888888889,,,,,,,,,,,,,,
2003-09-22,4.4400,1.9733333333,,,,,,,,,,,,,,
2003-09-23,4.3000,1.9111111111,,,,,,,,,,,,,,
2003-09-24,4.4900,1.9955555556,,,,,,,,,,,,,,
2003-09-25,4.4500,1.9777777778,,,,,,,,,,,,,,
2003-09-26,4.4370,1.9720000000,,,,,,,,,,,,,,
2003-09-29,4.2500,1.8888888889,,,,,,,,,,,,,,
2003-09-30,4.2000,1.8666666667,,,,,,,,,,,,,,
2003-10-01,4.2600,1.8933333333,,,,,,,,,,,,,,
2003-10-02,4.2000,1.8666666667,,,,,,,,,,,,,,
2003-10-03,4.2410,1.8848888889,,,,,,,,,,,,,,
2003-10-06,4.3400,1.9288888889,,,,,,,,,,,,,,
2003-10-07,4.3100,1.9155555556,,,,,,,,,,,,,,
2003-10-08,4.2600,1.8933333333,,,,,,,,,,,,,,
2003-10-09,4.2500,1.8888888889,,,,,,,,,,,,,,
2003-10-10,4.2900,1.9066666667,,,,,,,,,,,,,,
2003-10-13,4.3300,1.9244444444,,,,,,,,,,,,,,
2003-10-14,4.4700,1.9866666667,,,,,,,,,,,,,,
2003-10-15,4.4600,1.9822222222,,,,,,,,,,,,,,
2003-10-16,4.4700,1.9866666667,,,,,,,,,,,,,,
2003-10-17,4.3000,1.9111111111,,,,,,,,,,,,,,
2003-10-20,4.5200,2.0088888889,,,,,,,,,,,,,,
2003-10-21,4.6590,2.0706666667,,,,,,,,,,,,,,
2003-10-22,4.6600,2.0711111111,,,,,,,,,,,,,,
2003-10-23,4.5240,2.0106666667,,,,,,,,,,,,,,
2003-10-24,4.5080,2.0035555556,,,,,,,,,,,,,,
2003-10-27,4.4000,1.9555555556,,,,,,,,,,,,,,
2003-10-28,4.5000,2.0000000000,,,,,,,,,,,,,,
2003-10-29,4.6400,2.0622222222,,,,,,,,,,,,,,
2003-10-30,4.9000,2.1777777778,,,,,,,,,,,,,,
2003-10-31,5.0000,2.2222222222,,,,,,,,,,,,,,
2003-11-03,5.1500,2.2888888889,,,,,,,,,,,,,,
2003-11-04,5.1600,2.2933333333,,,,,,,,,,,,,,
2003-11-05,5.2400,2.3288888889,,,,,,,,,,,,,,
2003-11-06,5.4680,2.4302222222,,,,,,,,,,,,,,
2003-11-07,5.2400,2.3288888889,,,,,,,,,,,,,,
2003-11-10,5.2300,2.3244444444,,,,,,,,,,,,,,
2003-11-11,5.2000,2.3111111111,,,,,,,,,,,,,,
2003-11-12,4.7000,2.0888888889,,,,,,,,,,,,,,
2003-11-13,6.1900,2.7511111111,,,,,,,,,,,,,,
2003-11-14,5.5500,2.4666666667,,,,,,,,,,,,,,
2003-11-17,5.2100,2.3155555556,,,,,,,,,,,,,,
2003-11-18,5.2500,2.3333333333,,,,,,,,,,,,,,
2003-11-19,5.4490,2.4217777778,,,,,,,,,,,,,,
2003-11-20,5.3400,2.3733333333,,,,,,,,,,,,,,
2003-11-21,5.2000,2.3111111111,,,,,,,,,,,,,,
2003-11-24,5.2000,2.3111111111,,,,,,,,,,,,,,
2003-11-25,5.2000,2.3111111111,,,,,,,,,,,,,,
2003-11-26,5.1900,2.3066666667,,,,,,,,,,,,,,
2003-11-28,5.3700,2.3866666667,,,,,,,,,,,,,,
2003-12-01,5.8000,2.5777777778,,,,,,,,,,,,,,
2003-12-02,5.4000,2.4000000000,,,,,,,,,,,,,,
2003-12-03,5.4000,2.4000000000,,,,,,,,,,,,,,
2003-12-04,5.2500,2.3333333333,,,,,,,,,,,,,,
2003-12-05,5.4000,2.4000000000,,,,,,,,,,,,,,
2003-12-08,5.4000,2.4000000000,,,,,,,,,,,,,,
2003-12-09,5.4000,2.4000000000,,,,,,,,,,,,,,
2003-12-10,5.4000,2.4000000000,,,,,,,,,,,,,,
2003-12-11,5.4000,2.4000000000,,,,,,,,,,,,,,
2003-12-12,5.5000,2.4444444444,,,,,,,,,,,,,,
2003-12-15,5.5000,2.4444444444,,,,,,,,,,,,,,
2003-12-16,5.6290,2.5017777778,,,,,,,,,,,,,,
2003-12-17,5.4000,2.4000000000,,,,,,,,,,,,,,
2003-12-18,5.4000,2.4000000000,,,,,,,,,,,,,,
2003-12-19,5.4000,2.4000000000,,,,,,,,,,,,,,
2003-12-22,5.4000,2.4000000000,,,,,,,,,,,,,,
2003-12-23,5.4000,2.4000000000,,,,,,,,,,,,,,
2003-12-24,5.4000,2.4000000000,,,,,,,,,,,,,,
2003-12-26,5.4000,2.4000000000,,,,,,,,,,,,,,
2003-12-29,5.2500,2.3333333333,,,,,,,,,,,,,,
2003-12-30,5.1500,2.2888888889,,,,,,,,,,,,,,
2003-12-31,5.1500,2.2888888889,,,,,,,,,,,,,,
2004-01-02,5.4200,2.4088888889,,,,,,,,,,,,,,
2004-01-05,5.6790,2.5240000000,,,,,,,,,,,,,,
2004-01-06,5.6600,2.5155555556,,,,,,,,,,,,,,
2004-01-07,5.4500,2.4222222222,,,,,,,,,,,,,,
2004-01-08,5.6000,2.4888888889,,,,,,,,,,,,,,
2004-01-09,5.5200,2.4533333333,,,,,,,,,,,,,,
2004-01-12,5.5100,2.4488888889,,,,,,,,,,,,,,
2004-01-13,5.5110,2.4493333333,,,,,,,,,,,,,,
2004-01-14,5.5110,2.4493333333,,,,,,,,,,,,,,
2004-01-15,5.5100,2.4488888889,,,,,,,,,,,,,,
2004-01-16,5.7000,2.5333333333,,,,,,,,,,,,,,
2004-01-20,5.5300,2.4577777778,,,,,,,,,,,,,,
2004-01-21,6.0000,2.6666666667,,,,,,,,,,,,,,
2004-01-22,6.0500,2.6888888889,,,,,,,,,,,,,,
2004-01-23,6.2500,2.7777777778,,,,,,,,,,,,,,
2004-01-26,6.1400,2.7288888889,,,,,,,,,,,,,,
2004-01-27,6.1000,2.7111111111,,,,,,,,,,,,,,
2004-01-28,6.1000,2.7111111111,,,,,,,,,,,,,,
2004-01-29,5.7400,2.5511111111,,,,,,,,,,,,,,
2004-01-30,5.7410,2.5515555556,,,,,,,,,,,,,,
2004-02-02,5.7100,2.5377777778,,,,,,,,,,,,,,
2004-02-03,5.8400,2.5955555556,,,,,,,,,,,,,,
2004-02-04,5.8300,2.5911111111,,,,,,,,,,,,,,
2004-02-05,5.9100,2.6266666667,,,,,,,,,,,,,,
2004-02-06,5.9790,2.6573333333,,,,,,,,,,,,,,
2004-02-09,5.5200,2.4533333333,,,,,,,,,,,,,,
2004-02-10,6.0900,2.7066666667,,,,,,,,,,,,,,
2004-02-11,5.7010,2.5337777778,,,,,,,,,,,,,,
2004-02-12,5.8900,2.6177777778,,,,,,,,,,,,,,
2004-02-13,5.6400,2.5066666667,,,,,,,,,,,,,,
2004-02-17,5.5600,2.4711111111,,,,,,,,,,,,,,
2004-02-18,5.3500,2.3777777778,,,,,,,,,,,,,,
2004-02-19,5.1800,2.3022222222,,,,,,,,,,,,,,
2004-02-20,5.3000,2.3555555556,,,,,,,,,,,,,,
2004-02-23,5.3000,2.3555555556,,,,,,,,,,,,,,
2004-02-24,5.2300,2.3244444444,,,,,,,,,,,,,,
2004-02-25,5.2000,2.3111111111,,,,,,,,,,,,,,
2004-02-26,5.1700,2.2977777778,,,,,,,,,,,,,,
2004-02-27,5.0300,2.2355555556,,,,,,,,,,,,,,
2004-03-01,5.0000,2.2222222222,,,,,,,,,,,,,,
2004-03-02,5.0000,2.2222222222,,,,,,,,,,,,,,
2004-03-03,5.0400,2.2400000000,,,,,,,,,,,,,,
2004-03-04,5.3800,2.3911111111,,,,,,,,,,,,,,
2004-03-05,5.1900,2.3066666667,,,,,,,,,,,,,,
2004-03-08,5.1600,2.2933333333,,,,,,,,,,,,,,
2004-03-09,5.5500,2.4666666667,,,,,,,,,,,,,,
2004-03-10,5.5000,2.4444444444,,,,,,,,,,,,,,
2004-03-11,5.3200,2.3644444444,,,,,,,,,,,,,,
2004-03-12,5.3200,2.3644444444,,,,,,,,,,,,,,
2004-03-15,5.2600,2.3377777778,,,,,,,,,,,,,,
2004-03-16,5.2900,2.3511111111,,,,,,,,,,,,,,
2004-03-17,5.4290,2.4128888889,,,,,,,,,,,,,,
2004-03-18,5.4000,2.4000000000,,,,,,,,,,,,,,
2004-03-19,5.4000,2.4000000000,,,,,,,,,,,,,,
2004-03-22,5.3710,2.3871111111,,,,,,,,,,,,,,
2004-03-23,5.3700,2.3866666667,,,,,,,,,,,,,,
2004-03-24,5.3900,2.3955555556,,,,,,,,,,,,,,
2004-03-25,5.3000,2.3555555556,,,,,,,,,,,,,,
2004-03-26,5.2000,2.3111111111,,,,,,,,,,,,,,
2004-03-29,5.1010,2.2671111111,,,,,,,,,,,,,,
2004-03-30,5.0000,2.2222222222,,,,,,,,,,,,,,
2004-03-31,5.3000,2.3555555556,,,,,,,,,,,,,,
2004-04-01,5.5000,2.4444444444,,,,,,,,,,,,,,
2004-04-02,5.8500,2.6000000000,,,,,,,,,,,,,,
2004-04-05,5.7300,2.5466666667,,,,,,,,,,,,,,
2004-04-06,5.6000,2.4888888889,,,,,,,,,,,,,,
2004-04-07,5.6000,2.4888888889,,,,,,,,,,,,,,
2004-04-08,5.8290,2.5906666667,,,,,,,,,,,,,,
2004-04-12,5.4310,2.4137777778,,,,,,,,,,,,,,
2004-04-13,5.4300,2.4133333333,,,,,,,,,,,,,,
2004-04-14,5.4300,2.4133333333,,,,,,,,,,,,,,
2004-04-15,5.4300,2.4133333333,,,,,,,,,,,,,,
2004-04-16,5.5100,2.4488888889,,,,,,,,,,,,,,
2004-04-19,5.6300,2.5022222222,,,,,,,,,,,,,,
2004-04-20,5.6300,2.5022222222,,,,,,,,,,,,,,
2004-04-21,5.8090,2.5817777778,,,,,,,,,,,,,,
2004-04-22,5.7500,2.5555555556,,,,,,,,,,,,,,
2004-04-23,5.5000,2.4444444444,,,,,,,,,,,,,,
2004-04-26,5.5100,2.4488888889,,,,,,,,,,,,,,
2004-04-27,5.3600,2.3822222222,,,,,,,,,,,,,,
2004-04-28,5.3500,2.3777777778,,,,,,,,,,,,,,
2004-04-29,5.3600,2.3822222222,,,,,,,,,,,,,,
2004-04-30,5.3600,2.3822222222,,,,,,,,,,,,,,
2004-05-03,5.3600,2.3822222222,,,,,,,,,,,,,,
2004-05-04,5.4850,2.4377777778,,,,,,,,,,,,,,
2004-05-05,5.4900,2.4400000000,,,,,,,,,,,,,,
2004-05-06,5.4900,2.4400000000,,,,,,,,,,,,,,
2004-05-07,5.4900,2.4400000000,,,,,,,,,,,,,,
2004-05-10,5.4100,2.4044444444,,,,,,,,,,,,,,
2004-05-11,5.5300,2.4577777778,,,,,,,,,,,,,,
2004-05-12,5.4600,2.4266666667,,,,,,,,,,,,,,
2004-05-13,5.4900,2.4400000000,,,,,,,,,,,,,,
2004-05-14,5.4000,2.4000000000,,,,,,,,,,,,,,
2004-05-17,5.1400,2.2844444444,,,,,,,,,,,,,,
2004-05-18,5.1300,2.2800000000,,,,,,,,,,,,,,
2004-05-19,4.9900,2.2177777778,,,,,,,,,,,,,,
2004-05-20,5.0000,2.2222222222,,,,,,,,,,,,,,
2004-05-21,5.0000,2.2222222222,,,,,,,,,,,,,,
2004-05-24,5.0500,2.2444444444,,,,,,,,,,,,,,
2004-05-25,5.1400,2.2844444444,,,,,,,,,,,,,,
2004-05-26,5.0210,2.2315555556,,,,,,,,,,,,,,
2004-05-27,4.9600,2.2044444444,,,,,,,,,,,,,,
2004-05-28,5.1000,2.2666666667,,,,,,,,,,,,,,
2004-06-01,5.0600,2.2488888889,,,,,,,,,,,,,,
2004-06-02,5.2500,2.3333333333,,,,,,,,,,,,,,
2004-06-03,5.2500,2.3333333333,,,,,,,,,,,,,,
2004-06-04,5.3500,2.3777777778,,,,,,,,,,,,,,
2004-06-07,5.3500,2.3777777778,,,,,,,,,,,,,,
2004-06-08,5.4500,2.4222222222,,,,,,,,,,,,,,
2004-06-09,5.2500,2.3333333333,,,,,,,,,,,,,,
2004-06-10,5.3100,2.3600000000,,,,,,,,,,,,,,
2004-06-14,5.2100,2.3155555556,,,,,,,,,,,,,,
2004-06-15,5.2100,2.3155555556,,,,,,,,,,,,,,
2004-06-16,5.2700,2.3422222222,,,,,,,,,,,,,,
2004-06-17,5.2900,2.3511111111,,,,,,,,,,,,,,
2004-06-18,5.2100,2.3155555556,,,,,,,,,,,,,,
2004-06-21,5.2500,2.3333333333,,,,,,,,,,,,,,
2004-06-22,5.3800,2.3911111111,,,,,,,,,,,,,,
2004-06-23,5.3700,2.3866666667,,,,,,,,,,,,,,
2004-06-24,5.2700,2.3422222222,,,,,,,,,,,,,,
2004-06-25,7.5500,3.3555555556,,,,,,,,,,,,,,
2004-06-28,11.3000,5.0222222222,,,,,,,,,,,,,,
2004-06-29,13.1200,5.8311111111,,,,,,,,,,,,,,
2004-06-30,12.6000,5.6000000000,,,,,,,,,,,,,,
2004-07-01,11.3700,5.0533333333,,,,,,,,,,,,,,
2004-07-02,12.7700,5.6755555556,,,,,,,,,,,,,,
2004-07-06,18.9000,8.4000000000,,,,,,,,,,,,,,
2004-07-07,16.0500,7.1333333333,,,,,,,,,,,,,,
2004-07-08,15.5000,6.8888888889,,,,,,,,,,,,,,
2004-07-09,18.8900,8.3955555556,,,,,,,,,,,,,,
2004-07-12,17.4000,7.7333333333,,,,,,,,,,,,,,
2004-07-13,17.1700,7.6311111111,,,,,,,,,,,,,,
2004-07-14,17.1000,7.6000000000,,,,,,,,,,,,,,
2004-07-15,16.5100,7.3377777778,,,,,,,,,,,,,,
2004-07-16,16.0500,7.1333333333,,,,,,,,,,,,,,
2004-07-19,16.4800,7.3244444444,,,,,,,,,,,,,,
2004-07-20,16.0820,7.1475555556,,,,,,,,,,,,,,
2004-07-21,14.1800,6.3022222222,,,,,,,,,,,,,,
2004-07-22,13.0500,5.8000000000,,,,,,,,,,,,,,
2004-07-23,13.0300,5.7911111111,,,,,,,,,,,,,,
2004-07-26,12.1500,5.4000000000,,,,,,,,,,,,,,
2004-07-27,12.4900,5.5511111111,,,,,,,,,,,,,,
2004-07-28,11.7100,5.2044444444,,,,,,,,,,,,,,
2004-07-29,16.2000,7.2000000000,,,,,,,,,,,,,,
2004-07-30,15.0300,6.6800000000,,,,,,,,,,,,,,
2004-08-02,12.5400,5.5733333333,,,,,,,,,,,,,,
2004-08-03,12.4600,5.5377777778,,,,,,,,,,,,,,
2004-08-04,12.3900,5.5066666667,,,,,,,,,,,,,,
2004-08-05,12.0600,5.3600000000,,,,,,,,,,,,,,
2004-08-06,11.5700,5.1422222222,,,,,,,,,,,,,,
2004-08-09,11.9300,5.3022222222,,,,,,,,,,,,,,
2004-08-10,11.8100,5.2488888889,,,,,,,,,,,,,,
2004-08-11,11.9000,5.2888888889,,,,,,,,,,,,,,
2004-08-12,11.9000,5.2888888889,,,,,,,,,,,,,,
2004-08-13,11.6700,5.1866666667,,,,,,,,,,,,,,
2004-08-16,11.5900,5.1511111111,,,,,,,,,,,,,,
2004-08-17,11.1200,4.9422222222,,,,,,,,,,,,,,
2004-08-18,10.9800,4.8800000000,,,,,,,,,,,,,,
2004-08-19,10.3180,4.5857777778,,,,,,,,,,,,,,
2004-08-20,13.0000,5.7777777778,,,,,,,,,,,,,,
2004-08-23,12.8700,5.7200000000,,,,,,,,,,,,,,
2004-08-24,13.6100,6.0488888889,,,,,,,,,,,,,,
2004-08-25,13.1500,5.8444444444,,,,,,,,,,,,,,
2004-08-26,13.4100,5.9600000000,,,,,,,,,,,,,,
2004-08-27,13.1890,5.8617777778,,,,,,,,,,,,,,
2004-08-30,12.7400,5.6622222222,,,,,,,,,,,,,,
2004-08-31,12.6000,5.6000000000,,,,,,,,,,,,,,
2004-09-01,12.2810,5.4582222222,,,,,,,,,,,,,,
2004-09-02,12.2300,5.4355555556,,,,,,,,,,,,,,
2004-09-03,11.9400,5.3066666667,,,,,,,,,,,,,,
2004-09-07,15.1900,6.7511111111,,,,,,,,,,,,,,
2004-09-08,13.5300,6.0133333333,,,,,,,,,,,,,,
2004-09-09,13.5300,6.0133333333,,,,,,,,,,,,,,
2004-09-10,14.2400,6.3288888889,,,,,,,,,,,,,,
2004-09-13,13.9400,6.1955555556,,,,,,,,,,,,,,
2004-09-14,14.2000,6.3111111111,,,,,,,,,,,,,,
2004-09-15,14.0300,6.2355555556,,,,,,,,,,,,,,
2004-09-16,13.8300,6.1466666667,,,,,,,,,,,,,,
2004-09-17,15.1000,6.7111111111,,,,,,,,,,,,,,
2004-09-20,19.0300,8.4577777778,,,,,,,,,,,,,,
2004-09-21,17.0900,7.5955555556,,,,,,,,,,,,,,
2004-09-22,18.5100,8.2266666667,,,,,,,,,,,,,,
2004-09-23,20.3300,9.0355555556,,,,,,,,,,,,,,
2004-09-24,21.7600,9.6711111111,,,,,,,,,,,,,,
2004-09-27,25.4400,11.3066666667,,,,,,,,,,,,,,
2004-09-28,23.1700,10.2977777778,,,,,,,,,,,,,,
2004-09-29,23.8500,10.6000000000,,,,,,,,,,,,,,
2004-09-30,23.4500,10.4222222222,,,,,,,,,,,,,,
2004-10-01,23.3400,10.3733333333,,,,,,,,,,,,,,
2004-10-04,21.8300,9.7022222222,,,,,,,,,,,,,,
2004-10-05,25.0500,11.1333333333,,,,,,,,,,,,,,
2004-10-06,27.7500,12.3333333333,,,,,,,,,,,,,,
2004-10-07,27.5500,12.2444444444,,,,,,,,,,,,,,
2004-10-08,27.5300,12.2355555556,,,,,,,,,,,,,,
2004-10-11,26.8000,11.9111111111,,,,,,,,,,,,,,
2004-10-12,28.9300,12.8577777778,,,,,,,,,,,,,,
2004-10-13,32.0000,14.2222222222,,,,,,,,,,,,,,
2004-10-14,28.7700,12.7866666667,,,,,,,,,,,,,,
2004-10-15,29.3100,13.0266666667,,,,,,,,,,,,,,
2004-10-18,30.9500,13.7555555556,,,,,,,,,,,,,,
2004-10-19,29.6900,13.1955555556,,,,,,,,,,,,,,
2004-10-20,30.7900,13.6844444444,,,,,,,,,,,,,,
2004-10-21,30.1500,13.4000000000,,,,,,,,,,,,,,
2004-10-22,28.4270,12.6342222222,,,,,,,,,,,,,,
2004-10-25,27.7300,12.3244444444,,,,,,,,,,,,,,
2004-10-26,28.0000,12.4444444444,,,,,,,,,,,,,,
2004-10-27,27.8500,12.3777777778,,,,,,,,,,,,,,
2004-10-28,27.8400,12.3733333333,,,,,,,,,,,,,,
2004-10-29,28.1300,12.5022222222,,,,,,,,,,,,,,
2004-11-01,33.9100,15.0711111111,,,,,,,,,,,,,,
2004-11-02,32.0600,14.2488888889,,,,,,,,,,,,,,
2004-11-03,33.0600,14.6933333333,,,,,,,,,,,,,,
2004-11-04,33.7000,14.9777777778,,,,,,,,,,,,,,
2004-11-05,30.1700,13.4088888889,,,,,,,,,,,,,,
2004-11-08,27.8400,12.3733333333,,,,,,,,,,,,,,
2004-11-09,28.5000,12.6666666667,,,,,,,,,,,,,,
2004-11-10,28.7900,12.7955555556,,,,,,,,,,,,,,
2004-11-11,30.1200,13.3866666667,,,,,,,,,,,,,,
2004-11-12,29.6000,13.1555555556,,,,,,,,,,,,,,
2004-11-15,29.1600,12.9600000000,,,,,,,,,,,,,,
2004-11-16,28.1000,12.4888888889,,,,,,,,,,,,,,
2004-11-17,23.3700,10.3866666667,,,,,,,,,,,,,,
2004-11-18,25.5000,11.3333333333,,,,,,,,,,,,,,
2004-11-19,24.2300,10.7688888889,,,,,,,,,,,,,,
2004-11-22,23.3600,10.3822222222,,,,,,,,,,,,,,
2004-11-23,23.3600,10.3822222222,,,,,,,,,,,,,,
2004-11-24,23.0000,10.2222222222,,,,,,,,,,,,,,
2004-11-26,24.2900,10.7955555556,,,,,,,,,,,,,,
2004-11-29,23.8500,10.6000000000,,,,,,,,,,,,,,
2004-11-30,23.0500,10.2444444444,,,,,,,,,,,,,,
2004-12-01,23.8300,10.5911111111,,,,,,,,,,,,,,
2004-12-02,24.5000,10.8888888889,,,,,,,,,,,,,,
2004-12-03,23.8100,10.5822222222,,,,,,,,,,,,,,
2004-12-06,23.7300,10.5466666667,,,,,,,,,,,,,,
2004-12-07,21.4200,9.5200000000,,,,,,,,,,,,,,
2004-12-08,21.9200,9.7422222222,,,,,,,,,,,,,,
2004-12-09,21.9500,9.7555555556,,,,,,,,,,,,,,
2004-12-10,22.0000,9.7777777778,,,,,,,,,,,,,,
2004-12-13,22.0000,9.7777777778,,,,,,,,,,,,,,
2004-12-14,21.5500,9.5777777778,,,,,,,,,,,,,,
2004-12-15,21.2800,9.4577777778,,,,,,,,,,,,,,
2004-12-16,19.5700,8.6977777778,,,,,,,,,,,,,,
2004-12-17,18.7460,8.3315555556,,,,,,,,,,,,,,
2004-12-20,19.1900,8.5288888889,,,,,,,,,,,,,,
2004-12-21,19.3000,8.5777777778,,,,,,,,,,,,,,
2004-12-22,18.4900,8.2177777778,,,,,,,,,,,,,,
2004-12-23,17.9000,7.9555555556,,,,,,,,,,,,,,
2004-12-27,19.1900,8.5288888889,,,,,,,,,,,,,,
2004-12-28,18.6800,8.3022222222,,,,,,,,,,,,,,
2004-12-29,18.7900,8.3511111111,,,,,,,,,,,,,,
2004-12-30,18.7500,8.3333333333,,,,,,,,,,,,,,
2004-12-31,18.1690,8.0751111111,,,,,,,,,,,,,,
2005-01-03,17.2310,7.6582222222,,,,,,,,,,,,,,
2005-01-04,16.3200,7.2533333333,,,,,,,,,,,,,,
2005-01-05,16.2400,7.2177777778,,,,,,,,,,,,,,
2005-01-06,16.0800,7.1466666667,,,,,,,,,,,,,,
2005-01-07,15.3600,6.8266666667,,,,,,,,,,,,,,
2005-01-10,13.9900,6.2177777778,,,,,,,,,,,,,,
2005-01-11,12.8100,5.6933333333,,,,,,,,,,,,,,
2005-01-12,14.2200,6.3200000000,,,,,,,,,,,,,,
2005-01-13,13.1500,5.8444444444,,,,,,,,,,,,,,
2005-01-14,13.4500,5.9777777778,,,,,,,,,,,,,,
2005-01-18,13.9500,6.2000000000,,,,,,,,,,,,,,
2005-01-19,13.9000,6.1777777778,,,,,,,,,,,,,,
2005-01-20,12.9490,5.7551111111,,,,,,,,,,,,,,
2005-01-21,12.2000,5.4222222222,,,,,,,,,,,,,,
2005-01-24,12.1200,5.3866666667,,,,,,,,,,,,,,
2005-01-25,12.2400,5.4400000000,,,,,,,,,,,,,,
2005-01-26,13.0000,5.7777777778,,,,,,,,,,,,,,
2005-01-27,13.1200,5.8311111111,,,,,,,,,,,,,,
2005-01-28,16.0700,7.1422222222,,,,,,,,,,,,,,
2005-01-31,19.0200,8.4533333333,,,,,,,,,,,,,,
2005-02-01,18.2300,8.1022222222,,,,,,,,,,,,,,
2005-02-02,18.4000,8.1777777778,,,,,,,,,,,,,,
2005-02-03,17.6500,7.8444444444,,,,,,,,,,,,,,
2005-02-04,17.6200,7.8311111111,,,,,,,,,,,,,,
2005-02-07,21.5000,9.5555555556,,,,,,,,,,,,,,
2005-02-08,19.8600,8.8266666667,,,,,,,,,,,,,,
2005-02-09,19.9500,8.8666666667,,,,,,,,,,,,,,
2005-02-10,19.3000,8.5777777778,,,,,,,,,,,,,,
2005-02-11,20.7700,9.2311111111,,,,,,,,,,,,,,
2005-02-14,20.4700,9.0977777778,,,,,,,,,,,,,,
2005-02-15,20.4800,9.1022222222,,,,,,,,,,,,,,
2005-02-16,20.7400,9.2177777778,,,,,,,,,,,,,,
2005-02-17,20.6900,9.1955555556,,,,,,,,,,,,,,
2005-02-18,18.8500,8.3777777778,,,,,,,,,,,,,,
2005-02-22,17.3300,7.7022222222,,,,,,,,,,,,,,
2005-02-23,17.6100,7.8266666667,,,,,,,,,,,,,,
2005-02-24,16.5400,7.3511111111,,,,,,,,,,,,,,
2005-02-25,16.4500,7.3111111111,,,,,,,,,,,,,,
2005-02-28,16.8100,7.4711111111,,,,,,,,,,,,,,
2005-03-01,16.6000,7.3777777778,,,,,,,,,,,,,,
2005-03-02,16.7600,7.4488888889,,,,,,,,,,,,,,
2005-03-03,16.6000,7.3777777778,,,,,,,,,,,,,,
2005-03-04,16.2500,7.2222222222,,,,,,,,,,,,,,
2005-03-07,15.7100,6.9822222222,,,,,,,,,,,,,,
2005-03-08,14.9200,6.6311111111,,,,,,,,,,,,,,
2005-03-09,14.3300,6.3688888889,,,,,,,,,,,,,,
2005-03-10,14.0000,6.2222222222,,,,,,,,,,,,,,
2005-03-11,17.4100,7.7377777778,,,,,,,,,,,,,,
2005-03-14,16.3500,7.2666666667,,,,,,,,,,,,,,
2005-03-15,16.0700,7.1422222222,,,,,,,,,,,,,,
2005-03-16,15.6000,6.9333333333,,,,,,,,,,,,,,
2005-03-17,16.3500,7.2666666667,,,,,,,,,,,,,,
2005-03-18,17.0000,7.5555555556,,,,,,,,,,,,,,
2005-03-21,16.6100,7.3822222222,,,,,,,,,,,,,,
2005-03-22,18.0900,8.0400000000,,,,,,,,,,,,,,
2005-03-23,18.1000,8.0444444444,,,,,,,,,,,,,,
2005-03-24,17.8600,7.9377777778,,,,,,,,,,,,,,
2005-03-28,17.9300,7.9688888889,,,,,,,,,,,,,,
2005-03-29,16.9400,7.5288888889,,,,,,,,,,,,,,
2005-03-30,16.7200,7.4311111111,,,,,,,,,,,,,,
2005-03-31,17.3100,7.6933333333,,,,,,,,,,,,,,
2005-04-01,16.6100,7.3822222222,,,,,,,,,,,,,,
2005-04-04,16.3700,7.2755555556,,,,,,,,,,,,,,
2005-04-05,16.6000,7.3777777778,,,,,,,,,,,,,,
2005-04-06,16.5100,7.3377777778,,,,,,,,,,,,,,
2005-04-07,16.5800,7.3688888889,,,,,,,,,,,,,,
2005-04-08,17.6300,7.8355555556,,,,,,,,,,,,,,
2005-04-11,16.8600,7.4933333333,,,,,,,,,,,,,,
2005-04-12,16.6000,7.3777777778,,,,,,,,,,,,,,
2005-04-13,15.9600,7.0933333333,,,,,,,,,,,,,,
2005-04-14,15.3500,6.8222222222,,,,,,,,,,,,,,
2005-04-15,14.3220,6.3653333333,,,,,,,,,,,,,,
2005-04-18,14.0000,6.2222222222,,,,,,,,,,,,,,
2005-04-19,14.3500,6.3777777778,,,,,,,,,,,,,,
2005-04-20,16.4000,7.2888888889,,,,,,,,,,,,,,
2005-04-21,15.5100,6.8933333333,,,,,,,,,,,,,,
2005-04-22,15.5200,6.8977777778,,,,,,,,,,,,,,
2005-04-25,15.2000,6.7555555556,,,,,,,,,,,,,,
2005-04-26,15.0800,6.7022222222,,,,,,,,,,,,,,
2005-04-27,14.8500,6.6000000000,,,,,,,,,,,,,,
2005-04-28,14.4800,6.4355555556,,,,,,,,,,,,,,
2005-04-29,14.6400,6.5066666667,,,,,,,,,,,,,,
2005-05-02,14.4600,6.4266666667,,,,,,,,,,,,,,
2005-05-03,14.4700,6.4311111111,,,,,,,,,,,,,,
2005-05-04,14.9200,6.6311111111,,,,,,,,,,,,,,
2005-05-05,15.0700,6.6977777778,,,,,,,,,,,,,,
2005-05-06,15.1000,6.7111111111,,,,,,,,,,,,,,
2005-05-09,14.9400,6.6400000000,,,,,,,,,,,,,,
2005-05-10,14.5300,6.4577777778,,,,,,,,,,,,,,
2005-05-11,15.6800,6.9688888889,,,,,,,,,,,,,,
2005-05-12,16.0800,7.1466666667,,,,,,,,,,,,,,
2005-05-13,15.2500,6.7777777778,,,,,,,,,,,,,,
2005-05-16,15.5600,6.9155555556,,,,,,,,,,,,,,
2005-05-17,15.5400,6.9066666667,,,,,,,,,,,,,,
2005-05-18,16.2000,7.2000000000,,,,,,,,,,,,,,
2005-05-19,16.0100,7.1155555556,,,,,,,,,,,,,,
2005-05-20,17.8800,7.9466666667,,,,,,,,,,,,,,
2005-05-23,17.1400,7.6177777778,,,,,,,,,,,,,,
2005-05-24,17.9000,7.9555555556,,,,,,,,,,,,,,
2005-05-25,17.8000,7.9111111111,,,,,,,,,,,,,,
2005-05-26,18.4101,8.1822666667,,,,,,,,,,,,,,
2005-05-27,18.4300,8.1911111111,,,,,,,,,,,,,,
2005-05-31,19.0500,8.4666666667,,,,,,,,,,,,,,
2005-06-01,17.9600,7.9822222222,,,,,,,,,,,,,,
2005-06-02,17.9500,7.9777777778,,,,,,,,,,,,,,
2005-06-03,17.6200,7.8311111111,,,,,,,,,,,,,,
2005-06-06,17.9700,7.9866666667,,,,,,,,,,,,,,
2005-06-07,17.4800,7.7688888889,,,,,,,,,,,,,,
2005-06-08,17.2300,7.6577777778,,,,,,,,,,,,,,
2005-06-09,17.1000,7.6000000000,,,,,,,,,,,,,,
2005-06-10,17.1400,7.6177777778,,,,,,,,,,,,,,
2005-06-13,16.7120,7.4275555556,,,,,,,,,,,,,,
2005-06-14,16.6600,7.4044444444,,,,,,,,,,,,,,
2005-06-15,16.3000,7.2444444444,,,,,,,,,,,,,,
2005-06-16,17.0300,7.5688888889,,,,,,,,,,,,,,
2005-06-17,16.9300,7.5244444444,,,,,,,,,,,,,,
2005-06-20,15.4001,6.8444888889,,,,,,,,,,,,,,
2005-06-21,15.4200,6.8533333333,,,,,,,,,,,,,,
2005-06-22,14.9000,6.6222222222,,,,,,,,,,,,,,
2005-06-23,15.1000,6.7111111111,,,,,,,,,,,,,,
2005-06-24,15.0200,6.6755555556,,,,,,,,,,,,,,
2005-06-27,14.5700,6.4755555556,,,,,,,,,,,,,,
2005-06-28,14.9999,6.6666222222,,,,,,,,,,,,,,
2005-06-29,14.6500,6.5111111111,,,,,,,,,,,,,,
2005-06-30,14.7900,6.5733333333,,,,,,,,,,,,,,
2005-07-01,14.8800,6.6133333333,,,,,,,,,,,,,,
2005-07-05,15.3900,6.8400000000,,,,,,,,,,,,,,
2005-07-06,15.2000,6.7555555556,,,,,,,,,,,,,,
2005-07-07,15.3000,6.8000000000,,,,,,,,,,,,,,
2005-07-08,15.0100,6.6711111111,,,,,,,,,,,,,,
2005-07-11,15.1000,6.7111111111,,,,,,,,,,,,,,
2005-07-12,15.2500,6.7777777778,,,,,,,,,,,,,,
2005-07-13,15.0900,6.7066666667,,,,,,,,,,,,,,
2005-07-14,15.6100,6.9377777778,,,,,,,,,,,,,,
2005-07-15,15.3700,6.8311111111,,,,,,,,,,,,,,
2005-07-18,15.2000,6.7555555556,,,,,,,,,,,,,,
2005-07-19,15.3700,6.8311111111,,,,,,,,,,,,,,
2005-07-20,15.1400,6.7288888889,,,,,,,,,,,,,,
2005-07-21,15.4000,6.8444444444,,,,,,,,,,,,,,
2005-07-22,15.2500,6.7777777778,,,,,,,,,,,,,,
2005-07-25,15.0200,6.6755555556,,,,,,,,,,,,,,
2005-07-26,14.6900,6.5288888889,,,,,,,,,,,,,,
2005-07-27,14.8000,6.5777777778,,,,,,,,,,,,,,
2005-07-28,14.5500,6.4666666667,,,,,,,,,,,,,,
2005-07-29,14.6900,6.5288888889,,,,,,,,,,,,,,
2005-08-01,14.6100,6.4933333333,,,,,,,,,,,,,,
2005-08-02,14.1800,6.3022222222,,,,,,,,,,,,,,
2005-08-03,13.8400,6.1511111111,,,,,,,,,,,,,,
2005-08-04,13.9900,6.2177777778,,,,,,,,,,,,,,
2005-08-05,13.8000,6.1333333333,,,,,,,,,,,,,,
2005-08-08,11.3100,5.0266666667,,,,,,,,,,,,,,
2005-08-09,10.9900,4.8844444444,,,,,,,,,,,,,,
2005-08-10,10.8300,4.8133333333,,,,,,,,,,,,,,
2005-08-11,10.4500,4.6444444444,,,,,,,,,,,,,,
2005-08-12,10.7800,4.7911111111,,,,,,,,,,,,,,
2005-08-15,10.4900,4.6622222222,,,,,,,,,,,,,,
2005-08-16,11.1200,4.9422222222,,,,,,,,,,,,,,
2005-08-17,11.3400,5.0400000000,,,,,,,,,,,,,,
2005-08-18,11.1100,4.9377777778,,,,,,,,,,,,,,
2005-08-19,11.0700,4.9200000000,,,,,,,,,,,,,,
2005-08-22,10.6300,4.7244444444,,,,,,,,,,,,,,
2005-08-23,10.5400,4.6844444444,,,,,,,,,,,,,,
2005-08-24,10.5100,4.6711111111,,,,,,,,,,,,,,
2005-08-25,10.3800,4.6133333333,,,,,,,,,,,,,,
2005-08-26,10.3240,4.5884444444,,,,,,,,,,,,,,
2005-08-29,10.2400,4.5511111111,,,,,,,,,,,,,,
2005-08-30,10.0000,4.4444444444,,,,,,,,,,,,,,
2005-08-31,10.5200,4.6755555556,,,,,,,,,,,,,,
2005-09-01,10.5300,4.6800000000,,,,,,,,,,,,,,
2005-09-02,10.2599,4.5599555556,,,,,,,,,,,,,,
2005-09-06,10.0100,4.4488888889,,,,,,,,,,,,,,
2005-09-07,10.1100,4.4933333333,,,,,,,,,,,,,,
2005-09-08,10.1000,4.4888888889,,,,,,,,,,,,,,
2005-09-09,10.0100,4.4488888889,,,,,,,,,,,,,,
2005-09-12,10.2400,4.5511111111,,,,,,,,,,,,,,
2005-09-13,10.7700,4.7866666667,,,,,,,,,,,,,,
2005-09-14,10.6000,4.7111111111,,,,,,,,,,,,,,
2005-09-15,10.2500,4.5555555556,,,,,,,,,,,,,,
2005-09-16,10.2100,4.5377777778,,,,,,,,,,,,,,
2005-09-19,10.1900,4.5288888889,,,,,,,,,,,,,,
2005-09-20,10.2600,4.5600000000,,,,,,,,,,,,,,
2005-09-21,10.2500,4.5555555556,,,,,,,,,,,,,,
2005-09-22,10.1200,4.4977777778,,,,,,,,,,,,,,
2005-09-23,10.1100,4.4933333333,,,,,,,,,,,,,,
2005-09-26,10.0500,4.4666666667,,,,,,,,,,,,,,
2005-09-27,10.1000,4.4888888889,,,,,,,,,,,,,,
2005-09-28,10.1500,4.5111111111,,,,,,,,,,,,,,
2005-09-29,10.2600,4.5600000000,,,,,,,,,,,,,,
2005-09-30,10.0400,4.4622222222,,,,,,,,,,,,,,
2005-10-03,10.1700,4.5200000000,,,,,,,,,,,,,,
2005-10-04,10.5500,4.6888888889,,,,,,,,,,,,,,
2005-10-05,10.2000,4.5333333333,,,,,,,,,,,,,,
2005-10-06,10.2400,4.5511111111,,,,,,,,,,,,,,
2005-10-07,10.1500,4.5111111111,,,,,,,,,,,,,,
2005-10-10,10.4000,4.6222222222,,,,,,,,,,,,,,
2005-10-11,10.2600,4.5600000000,,,,,,,,,,,,,,
2005-10-12,10.1700,4.5200000000,,,,,,,,,,,,,,
2005-10-13,10.1400,4.5066666667,,,,,,,,,,,,,,
2005-10-14,10.0000,4.4444444444,,,,,,,,,,,,,,
2005-10-17,10.1340,4.5040000000,,,,,,,,,,,,,,
2005-10-18,9.7500,4.3333333333,,,,,,,,,,,,,,
2005-10-19,10.0100,4.4488888889,,,,,,,,,,,,,,
2005-10-20,9.9500,4.4222222222,,,,,,,,,,,,,,
2005-10-21,9.8700,4.3866666667,,,,,,,,,,,,,,
2005-10-24,10.0300,4.4577777778,,,,,,,,,,,,,,
2005-10-25,9.9000,4.4000000000,,,,,,,,,,,,,,
2005-10-26,10.4000,4.6222222222,,,,,,,,,,,,,,
2005-10-27,10.1400,4.5066666667,,,,,,,,,,,,,,
2005-10-28,10.1500,4.5111111111,,,,,,,,,,,,,,
2005-10-31,10.4700,4.6533333333,,,,,,,,,,,,,,
2005-11-01,10.3600,4.6044444444,,,,,,,,,,,,,,
2005-11-02,10.2800,4.5688888889,,,,,,,,,,,,,,
2005-11-03,11.2900,5.0177777778,,,,,,,,,,,,,,
2005-11-04,10.8000,4.8000000000,,,,,,,,,,,,,,
2005-11-07,11.2000,4.9777777778,,,,,,,,,,,,,,
2005-11-08,10.9899,4.8844000000,,,,,,,,,,,,,,
2005-11-09,10.9100,4.8488888889,,,,,,,,,,,,,,
2005-11-10,11.2400,4.9955555556,,,,,,,,,,,,,,
2005-11-11,11.3700,5.0533333333,,,,,,,,,,,,,,
2005-11-14,11.2600,5.0044444444,,,,,,,,,,,,,,
2005-11-15,11.0000,4.8888888889,,,,,,,,,,,,,,
2005-11-16,10.6000,4.7111111111,,,,,,,,,,,,,,
2005-11-17,10.5700,4.6977777778,,,,,,,,,,,,,,
2005-11-18,10.8900,4.8400000000,,,,,,,,,,,,,,
2005-11-21,10.9500,4.8666666667,,,,,,,,,,,,,,
2005-11-22,10.9100,4.8488888889,,,,,,,,,,,,,,
2005-11-23,11.2500,5.0000000000,,,,,,,,,,,,,,
2005-11-25,12.7000,5.6444444444,,,,,,,,,,,,,,
2005-11-28,12.2600,5.4488888889,,,,,,,,,,,,,,
2005-11-29,12.1300,5.3911111111,,,,,,,,,,,,,,
2005-11-30,12.1499,5.3999555556,,,,,,,,,,,,,,
2005-12-01,11.8500,5.2666666667,,,,,,,,,,,,,,
2005-12-02,11.8800,5.2800000000,,,,,,,,,,,,,,
2005-12-05,11.7200,5.2088888889,,,,,,,,,,,,,,
2005-12-06,11.9200,5.2977777778,,,,,,,,,,,,,,
2005-12-07,11.7400,5.2177777778,,,,,,,,,,,,,,
2005-12-08,11.7500,5.2222222222,,,,,,,,,,,,,,
2005-12-09,11.9499,5.3110666667,,,,,,,,,,,,,,
2005-12-12,12.1400,5.3955555556,,,,,,,,,,,,,,
2005-12-13,11.9500,5.3111111111,,,,,,,,,,,,,,
2005-12-14,11.6800,5.1911111111,,,,,,,,,,,,,,
2005-12-15,11.3200,5.0311111111,,,,,,,,,,,,,,
2005-12-16,11.2500,5.0000000000,,,,,,,,,,,,,,
2005-12-19,11.2512,5.0005333333,,,,,,,,,,,,,,
2005-12-20,11.2600,5.0044444444,,,,,,,,,,,,,,
2005-12-21,11.5700,5.1422222222,,,,,,,,,,,,,,
2005-12-22,12.3800,5.5022222222,,,,,,,,,,,,,,
2005-12-23,12.0700,5.3644444444,,,,,,,,,,,,,,
2005-12-27,11.8000,5.2444444444,,,,,,,,,,,,,,
2005-12-28,11.6000,5.1555555556,,,,,,,,,,,,,,
2005-12-29,11.1800,4.9688888889,,,,,,,,,,,,,,
2005-12-30,10.7600,4.7822222222,,,,,,,,,,,,,,
2006-01-03,10.8000,4.8000000000,,,,,,,,,,,,,,
2006-01-04,10.7200,4.7644444444,,,,,,,,,,,,,,
2006-01-05,10.7000,4.7555555556,,,,,,,,,,,,,,
2006-01-06,10.8800,4.8355555556,,,,,,,,,,,,,,
2006-01-09,11.3200,5.0311111111,,,,,,,,,,,,,,
2006-01-10,11.4000,5.0666666667,,,,,,,,,,,,,,
2006-01-11,11.4500,5.0888888889,,,,,,,,,,,,,,
2006-01-12,11.2500,5.0000000000,,,,,,,,,,,,,,
2006-01-13,11.4500,5.0888888889,,,,,,,,,,,,,,
2006-01-17,11.5800,5.1466666667,,,,,,,,,,,,,,
2006-01-18,11.4600,5.0933333333,,,,,,,,,,,,,,
2006-01-19,11.4100,5.0711111111,,,,,,,,,,,,,,
2006-01-20,11.2500,5.0000000000,,,,,,,,,,,,,,
2006-01-23,11.1300,4.9466666667,,,,,,,,,,,,,,
2006-01-24,11.2100,4.9822222222,,,,,,,,,,,,,,
2006-01-25,11.4480,5.0880000000,,,,,,,,,,,,,,
2006-01-26,11.3900,5.0622222222,,,,,,,,,,,,,,
2006-01-27,11.4700,5.0977777778,,,,,,,,,,,,,,
2006-01-30,11.3500,5.0444444444,,,,,,,,,,,,,,
2006-01-31,11.4300,5.0800000000,,,,,,,,,,,,,,
2006-02-01,11.5000,5.1111111111,,,,,,,,,,,,,,
2006-02-02,11.5700,5.1422222222,,,,,,,,,,,,,,
2006-02-03,11.5000,5.1111111111,,,,,,,,,,,,,,
2006-02-06,11.3532,5.0458666667,,,,,,,,,,,,,,
2006-02-07,11.2600,5.0044444444,,,,,,,,,,,,,,
2006-02-08,10.7400,4.7733333333,,,,,,,,,,,,,,
2006-02-09,10.6600,4.7377777778,,,,,,,,,,,,,,
2006-02-10,13.8500,6.1555555556,,,,,,,,,,,,,,
2006-02-13,12.2600,5.4488888889,,,,,,,,,,,,,,
2006-02-14,12.0401,5.3511555556,,,,,,,,,,,,,,
2006-02-15,11.8800,5.2800000000,,,,,,,,,,,,,,
2006-02-16,11.9500,5.3111111111,,,,,,,,,,,,,,
2006-02-17,11.7100,5.2044444444,,,,,,,,,,,,,,
2006-02-21,11.6400,5.1733333333,,,,,,,,,,,,,,
2006-02-22,11.8000,5.2444444444,,,,,,,,,,,,,,
2006-02-23,12.0200,5.3422222222,,,,,,,,,,,,,,
2006-02-24,11.8100,5.2488888889,,,,,,,,,,,,,,
2006-02-27,11.7200,5.2088888889,,,,,,,,,,,,,,
2006-02-28,11.8300,5.2577777778,,,,,,,,,,,,,,
2006-03-01,11.7500,5.2222222222,,,,,,,,,,,,,,
2006-03-02,11.5000,5.1111111111,,,,,,,,,,,,,,
2006-03-03,11.2400,4.9955555556,,,,,,,,,,,,,,
2006-03-06,11.1200,4.9422222222,,,,,,,,,,,,,,
2006-03-07,10.7900,4.7955555556,,,,,,,,,,,,,,
2006-03-08,11.2900,5.0177777778,,,,,,,,,,,,,,
2006-03-09,11.1200,4.9422222222,,,,,,,,,,,,,,
2006-03-10,11.0500,4.9111111111,,,,,,,,,,,,,,
2006-03-13,11.5500,5.1333333333,,,,,,,,,,,,,,
2006-03-14,11.4000,5.0666666667,,,,,,,,,,,,,,
2006-03-15,11.6000,5.1555555556,,,,,,,,,,,,,,
2006-03-16,11.6600,5.1822222222,,,,,,,,,,,,,,
2006-03-17,11.6600,5.1822222222,,,,,,,,,,,,,,
2006-03-20,11.6700,5.1866666667,,,,,,,,,,,,,,
2006-03-21,11.4900,5.1066666667,,,,,,,,,,,,,,
2006-03-22,11.7900,5.2400000000,,,,,,,,,,,,,,
2006-03-23,11.5100,5.1155555556,,,,,,,,,,,,,,
2006-03-24,11.5800,5.1466666667,,,,,,,,,,,,,,
2006-03-27,11.4700,5.0977777778,,,,,,,,,,,,,,
2006-03-28,11.4500,5.0888888889,,,,,,,,,,,,,,
2006-03-29,11.3300,5.0355555556,,,,,,,,,,,,,,
2006-03-30,11.3400,5.0400000000,,,,,,,,,,,,,,
2006-03-31,11.3100,5.0266666667,,,,,,,,,,,,,,
2006-04-03,11.2900,5.0177777778,,,,,,,,,,,,,,
2006-04-04,11.3600,5.0488888889,,,,,,,,,,,,,,
2006-04-05,11.2100,4.9822222222,,,,,,,,,,,,,,
2006-04-06,11.4700,5.0977777778,,,,,,,,,,,,,,
2006-04-07,11.4700,5.0977777778,,,,,,,,,,,,,,
2006-04-10,11.2300,4.9911111111,,,,,,,,,,,,,,
2006-04-11,11.1200,4.9422222222,,,,,,,,,,,,,,
2006-04-12,11.2900,5.0177777778,,,,,,,,,,,,,,
2006-04-13,11.2893,5.0174666667,,,,,,,,,,,,,,
2006-04-17,11.1800,4.9688888889,,,,,,,,,,,,,,
2006-04-18,11.2600,5.0044444444,,,,,,,,,,,,,,
2006-04-19,11.3100,5.0266666667,,,,,,,,,,,,,,
2006-04-20,11.3500,5.0444444444,,,,,,,,,,,,,,
2006-04-21,11.1800,4.9688888889,,,,,,,,,,,,,,
2006-04-24,11.2300,4.9911111111,,,,,,,,,,,,,,
2006-04-25,11.9400,5.3066666667,,,,,,,,,,,,,,
2006-04-26,11.6000,5.1555555556,,,,,,,,,,,,,,
2006-04-27,11.5000,5.1111111111,,,,,,,,,,,,,,
2006-04-28,11.2700,5.0088888889,,,,,,,,,,,,,,
2006-05-01,11.0200,4.8977777778,,,,,,,,,,,,,,
2006-05-02,11.1200,4.9422222222,,,,,,,,,,,,,,
2006-05-03,11.1200,4.9422222222,,,,,,,,,,,,,,
2006-05-04,11.1300,4.9466666667,,,,,,,,,,,,,,
2006-05-05,11.4300,5.0800000000,,,,,,,,,,,,,,
2006-05-08,11.5100,5.1155555556,,,,,,,,,,,,,,
2006-05-09,11.4100,5.0711111111,,,,,,,,,,,,,,
2006-05-10,11.2000,4.9777777778,,,,,,,,,,,,,,
2006-05-11,11.1500,4.9555555556,,,,,,,,,,,,,,
2006-05-12,11.0600,4.9155555556,,,,,,,,,,,,,,
2006-05-15,11.1000,4.9333333333,,,,,,,,,,,,,,
2006-05-16,11.1000,4.9333333333,,,,,,,,,,,,,,
2006-05-17,11.0300,4.9022222222,,,,,,,,,,,,,,
2006-05-18,11.1000,4.9333333333,,,,,,,,,,,,,,
2006-05-19,11.0500,4.9111111111,,,,,,,,,,,,,,
2006-05-22,11.1000,4.9333333333,,,,,,,,,,,,,,
2006-05-23,11.0400,4.9066666667,,,,,,,,,,,,,,
2006-05-24,11.0100,4.8933333333,,,,,,,,,,,,,,
2006-05-25,11.0980,4.9324444444,,,,,,,,,,,,,,
2006-05-26,11.2500,5.0000000000,,,,,,,,,,,,,,
2006-05-30,11.3800,5.0577777778,,,,,,,,,,,,,,
2006-05-31,11.5900,5.1511111111,,,,,,,,,,,,,,
2006-06-01,12.0000,5.3333333333,,,,,,,,,,,,,,
2006-06-02,11.9200,5.2977777778,,,,,,,,,,,,,,
2006-06-05,11.7700,5.2311111111,,,,,,,,,,,,,,
2006-06-06,11.9700,5.3200000000,,,,,,,,,,,,,,
2006-06-07,11.7000,5.2000000000,,,,,,,,,,,,,,
2006-06-08,11.6000,5.1555555556,,,,,,,,,,,,,,
2006-06-09,11.6500,5.1777777778,,,,,,,,,,,,,,
2006-06-12,11.3100,5.0266666667,,,,,,,,,,,,,,
2006-06-13,11.2200,4.9866666667,,,,,,,,,,,,,,
2006-06-14,10.9900,4.8844444444,,,,,,,,,,,,,,
2006-06-15,11.8400,5.2622222222,,,,,,,,,,,,,,
2006-06-16,11.7300,5.2133333333,,,,,,,,,,,,,,
2006-06-19,11.6900,5.1955555556,,,,,,,,,,,,,,
2006-06-20,11.5500,5.1333333333,,,,,,,,,,,,,,
2006-06-21,11.7700,5.2311111111,,,,,,,,,,,,,,
2006-06-22,11.7000,5.2000000000,,,,,,,,,,,,,,
2006-06-23,11.7000,5.2000000000,,,,,,,,,,,,,,
2006-06-26,11.8200,5.2533333333,,,,,,,,,,,,,,
2006-06-27,11.0500,4.9111111111,,,,,,,,,,,,,,
2006-06-28,11.2000,4.9777777778,,,,,,,,,,,,,,
2006-06-29,11.2000,4.9777777778,,,,,,,,,,,,,,
2006-06-30,11.0900,4.9288888889,,,,,,,,,,,,,,
2006-07-03,11.0000,4.8888888889,,,,,,,,,,,,,,
2006-07-05,11.0500,4.9111111111,,,,,,,,,,,,,,
2006-07-06,10.8300,4.8133333333,,,,,,,,,,,,,,
2006-07-07,10.5900,4.7066666667,,,,,,,,,,,,,,
2006-07-10,10.6200,4.7200000000,,,,,,,,,,,,,,
2006-07-11,10.6700,4.7422222222,,,,,,,,,,,,,,
2006-07-12,11.0100,4.8933333333,,,,,,,,,,,,,,
2006-07-13,10.8500,4.8222222222,,,,,,,,,,,,,,
2006-07-14,10.7100,4.7600000000,,,,,,,,,,,,,,
2006-07-17,10.8800,4.8355555556,,,,,,,,,,,,,,
2006-07-18,10.8480,4.8213333333,,,,,,,,,,,,,,
2006-07-19,10.6100,4.7155555556,,,,,,,,,,,,,,
2006-07-20,10.7200,4.7644444444,,,,,,,,,,,,,,
2006-07-21,10.4500,4.6444444444,,,,,,,,,,,,,,
2006-07-24,10.3000,4.5777777778,,,,,,,,,,,,,,
2006-07-25,10.1200,4.4977777778,,,,,,,,,,,,,,
2006-07-26,10.0200,4.4533333333,,,,,,,,,,,,,,
2006-07-27,9.9200,4.4088888889,,,,,,,,,,,,,,
2006-07-28,9.9400,4.4177777778,,,,,,,,,,,,,,
2006-07-31,9.5900,4.2622222222,,,,,,,,,,,,,,
2006-08-01,9.5700,4.2533333333,,,,,,,,,,,,,,
2006-08-02,9.9700,4.4311111111,,,,,,,,,,,,,,
2006-08-03,10.8000,4.8000000000,,,,,,,,,,,,,,
2006-08-04,10.5700,4.6977777778,,,,,,,,,,,,,,
2006-08-07,9.8200,4.3644444444,,,,,,,,,,,,,,
2006-08-08,9.1300,4.0577777778,,,,,,,,,,,,,,
2006-08-09,9.1400,4.0622222222,,,,,,,,,,,,,,
2006-08-10,9.0600,4.0266666667,,,,,,,,,,,,,,
2006-08-11,9.0000,4.0000000000,,,,,,,,,,,,,,
2006-08-14,8.8800,3.9466666667,,,,,,,,,,,,,,
2006-08-15,8.2900,3.6844444444,,,,,,,,,,,,,,
2006-08-16,8.5500,3.8000000000,,,,,,,,,,,,,,
2006-08-17,8.6600,3.8488888889,,,,,,,,,,,,,,
2006-08-18,8.2400,3.6622222222,,,,,,,,,,,,,,
2006-08-21,7.9900,3.5511111111,,,,,,,,,,,,,,
2006-08-22,7.9500,3.5333333333,,,,,,,,,,,,,,
2006-08-23,8.3399,3.7066222222,,,,,,,,,,,,,,
2006-08-24,8.5200,3.7866666667,,,,,,,,,,,,,,
2006-08-25,8.5200,3.7866666667,,,,,,,,,,,,,,
2006-08-28,8.6900,3.8622222222,,,,,,,,,,,,,,
2006-08-29,9.1000,4.0444444444,,,,,,,,,,,,,,
2006-08-30,9.1000,4.0444444444,,,,,,,,,,,,,,
2006-08-31,9.1600,4.0711111111,,,,,,,,,,,,,,
2006-09-01,9.1700,4.0755555556,,,,,,,,,,,,,,
2006-09-05,9.6400,4.2844444444,,,,,,,,,,,,,,
2006-09-06,9.4900,4.2177777778,,,,,,,,,,,,,,
2006-09-07,9.8000,4.3555555556,,,,,,,,,,,,,,
2006-09-08,9.4940,4.2195555556,,,,,,,,,,,,,,
2006-09-11,9.4200,4.1866666667,,,,,,,,,,,,,,
2006-09-12,9.4500,4.2000000000,,,,,,,,,,,,,,
2006-09-13,9.5800,4.2577777778,,,,,,,,,,,,,,
2006-09-14,9.4400,4.1955555556,,,,,,,,,,,,,,
2006-09-15,9.4400,4.1955555556,,,,,,,,,,,,,,
2006-09-18,9.5100,4.2266666667,,,,,,,,,,,,,,
2006-09-19,9.4900,4.2177777778,,,,,,,,,,,,,,
2006-09-20,9.5700,4.2533333333,,,,,,,,,,,,,,
2006-09-21,9.7900,4.3511111111,,,,,,,,,,,,,,
2006-09-22,9.6600,4.2933333333,,,,,,,,,,,,,,
2006-09-25,9.7800,4.3466666667,,,,,,,,,,,,,,
2006-09-26,9.5900,4.2622222222,,,,,,,,,,,,,,
2006-09-27,9.8500,4.3777777778,,,,,,,,,,,,,,
2006-09-28,10.3703,4.6090222222,,,,,,,,,,,,,,
2006-09-29,10.1800,4.5244444444,,,,,,,,,,,,,,
2006-10-02,9.8000,4.3555555556,,,,,,,,,,,,,,
2006-10-03,10.1400,4.5066666667,,,,,,,,,,,,,,
2006-10-04,10.1500,4.5111111111,,,,,,,,,,,,,,
2006-10-05,10.5000,4.6666666667,,,,,,,,,,,,,,
2006-10-06,10.2300,4.5466666667,,,,,,,,,,,,,,
2006-10-09,10.4100,4.6266666667,,,,,,,,,,,,,,
2006-10-10,10.4100,4.6266666667,,,,,,,,,,,,,,
2006-10-11,10.2700,4.5644444444,,,,,,,,,,,,,,
2006-10-12,10.1000,4.4888888889,,,,,,,,,,,,,,
2006-10-13,9.7500,4.3333333333,,,,,,,,,,,,,,
2006-10-16,9.7600,4.3377777778,,,,,,,,,,,,,,
2006-10-17,9.5100,4.2266666667,,,,,,,,,,,,,,
2006-10-18,9.3800,4.1688888889,,,,,,,,,,,,,,
2006-10-19,9.4700,4.2088888889,,,,,,,,,,,,,,
2006-10-20,9.5800,4.2577777778,,,,,,,,,,,,,,
2006-10-23,9.6800,4.3022222222,,,,,,,,,,,,,,
2006-10-24,9.7800,4.3466666667,,,,,,,,,,,,,,
2006-10-25,9.6800,4.3022222222,,,,,,,,,,,,,,
2006-10-26,9.6000,4.2666666667,,,,,,,,,,,,,,
2006-10-27,9.6600,4.2933333333,,,,,,,,,,,,,,
2006-10-30,9.8500,4.3777777778,,,,,,,,,,,,,,
2006-10-31,9.7000,4.3111111111,,,,,,,,,,,,,,
2006-11-01,9.6000,4.2666666667,,,,,,,,,,,,,,
2006-11-02,9.4800,4.2133333333,,,,,,,,,,,,,,
2006-11-03,9.4800,4.2133333333,,,,,,,,,,,,,,
2006-11-06,9.6400,4.2844444444,,,,,,,,,,,,,,
2006-11-07,10.0000,4.4444444444,,,,,,,,,,,,,,
2006-11-08,9.9000,4.4000000000,,,,,,,,,,,,,,
2006-11-09,9.7899,4.3510666667,,,,,,,,,,,,,,
2006-11-10,8.8200,3.9200000000,,,,,,,,,,,,,,
2006-11-13,8.8000,3.9111111111,,,,,,,,,,,,,,
2006-11-14,8.9900,3.9955555556,,,,,,,,,,,,,,
2006-11-15,8.8500,3.9333333333,,,,,,,,,,,,,,
2006-11-16,8.6800,3.8577777778,,,,,,,,,,,,,,
2006-11-17,8.5600,3.8044444444,,,,,,,,,,,,,,
2006-11-20,8.5600,3.8044444444,,,,,,,,,,,,,,
2006-11-21,8.6100,3.8266666667,,,,,,,,,,,,,,
2006-11-22,8.9500,3.9777777778,,,,,,,,,,,,,,
2006-11-24,8.8800,3.9466666667,,,,,,,,,,,,,,
2006-11-27,8.8700,3.9422222222,,,,,,,,,,,,,,
2006-11-28,8.9310,3.9693333333,,,,,,,,,,,,,,
2006-11-29,9.0700,4.0311111111,,,,,,,,,,,,,,
2006-11-30,9.1600,4.0711111111,,,,,,,,,,,,,,
2006-12-01,9.1800,4.0800000000,,,,,,,,,,,,,,
2006-12-04,9.2400,4.1066666667,,,,,,,,,,,,,,
2006-12-05,9.2800,4.1244444444,,,,,,,,,,,,,,
2006-12-06,9.3000,4.1333333333,,,,,,,,,,,,,,
2006-12-07,9.0900,4.0400000000,,,,,,,,,,,,,,
2006-12-08,9.1000,4.0444444444,,,,,,,,,,,,,,
2006-12-11,9.0000,4.0000000000,,,,,,,,,,,,,,
2006-12-12,9.0100,4.0044444444,,,,,,,,,,,,,,
2006-12-13,9.0300,4.0133333333,,,,,,,,,,,,,,
2006-12-14,9.0000,4.0000000000,,,,,,,,,,,,,,
2006-12-15,8.9100,3.9600000000,,,,,,,,,,,,,,
2006-12-18,9.0000,4.0000000000,,,,,,,,,,,,,,
2006-12-19,8.9200,3.9644444444,,,,,,,,,,,,,,
2006-12-20,8.8000,3.9111111111,,,,,,,,,,,,,,
2006-12-21,8.7900,3.9066666667,,,,,,,,,,,,,,
2006-12-22,8.8800,3.9466666667,,,,,,,,,,,,,,
2006-12-26,8.8500,3.9333333333,,,,,,,,,,,,,,
2006-12-27,8.8000,3.9111111111,,,,,,,,,,,,,,
2006-12-28,8.6600,3.8488888889,,,,,,,,,,,,,,
2006-12-29,8.8000,3.9111111111,,,,,,,,,,,,,,
2007-01-03,8.8300,3.9244444444,,,,,,,,,,,,,,
2007-01-04,8.8900,3.9511111111,,,,,,,,,,,,,,
2007-01-05,8.9000,3.9555555556,,,,,,,,,,,,,,
2007-01-08,8.8000,3.9111111111,,,,,,,,,,,,,,
2007-01-09,8.8101,3.9156000000,,,,,,,,,,,,,,
2007-01-10,8.8170,3.9186666667,,,,,,,,,,,,,,
2007-01-11,8.8700,3.9422222222,,,,,,,,,,,,,,
2007-01-12,8.8500,3.9333333333,,,,,,,,,,,,,,
2007-01-16,9.0400,4.0177777778,,,,,,,,,,,,,,
2007-01-17,9.0200,4.0088888889,,,,,,,,,,,,,,
2007-01-18,9.0400,4.0177777778,,,,,,,,,,,,,,
2007-01-19,8.8500,3.9333333333,,,,,,,,,,,,,,
2007-01-22,8.9100,3.9600000000,,,,,,,,,,,,,,
2007-01-23,8.9500,3.9777777778,,,,,,,,,,,,,,
2007-01-24,8.9000,3.9555555556,,,,,,,,,,,,,,
2007-01-25,8.8000,3.9111111111,,,,,,,,,,,,,,
2007-01-26,8.8100,3.9155555556,,,,,,,,,,,,,,
2007-01-29,8.8000,3.9111111111,,,,,,,,,,,,,,
2007-01-30,8.7100,3.8711111111,,,,,,,,,,,,,,
2007-01-31,8.8900,3.9511111111,,,,,,,,,,,,,,
2007-02-01,8.9400,3.9733333333,,,,,,,,,,,,,,
2007-02-02,9.0000,4.0000000000,,,,,,,,,,,,,,
2007-02-05,8.9800,3.9911111111,,,,,,,,,,,,,,
2007-02-06,8.9400,3.9733333333,,,,,,,,,,,,,,
2007-02-07,9.3000,4.1333333333,,,,,,,,,,,,,,
2007-02-08,7.9500,3.5333333333,,,,,,,,,,,,,,
2007-02-09,7.9400,3.5288888889,,,,,,,,,,,,,,
2007-02-12,7.7400,3.4400000000,,,,,,,,,,,,,,
2007-02-13,7.8122,3.4720888889,,,,,,,,,,,,,,
2007-02-14,7.7100,3.4266666667,,,,,,,,,,,,,,
2007-02-15,7.8300,3.4800000000,,,,,,,,,,,,,,
2007-02-16,7.8300,3.4800000000,,,,,,,,,,,,,,
2007-02-20,7.7700,3.4533333333,,,,,,,,,,,,,,
2007-02-21,7.9300,3.5244444444,,,,,,,,,,,,,,
2007-02-22,7.8900,3.5066666667,,,,,,,,,,,,,,
2007-02-23,7.7900,3.4622222222,,,,,,,,,,,,,,
2007-02-26,8.0000,3.5555555556,,,,,,,,,,,,,,
2007-02-27,7.8700,3.4977777778,,,,,,,,,,,,,,
2007-02-28,7.8100,3.4711111111,,,,,,,,,,,,,,
2007-03-01,7.7600,3.4488888889,,,,,,,,,,,,,,
2007-03-02,7.7500,3.4444444444,,,,,,,,,,,,,,
2007-03-05,7.7000,3.4222222222,,,,,,,,,,,,,,
2007-03-06,7.7400,3.4400000000,,,,,,,,,,,,,,
2007-03-07,7.6500,3.4000000000,,,,,,,,,,,,,,
2007-03-08,7.7500,3.4444444444,,,,,,,,,,,,,,
2007-03-09,7.7301,3.4356000000,,,,,,,,,,,,,,
2007-03-12,7.7720,3.4542222222,,,,,,,,,,,,,,
2007-03-13,7.5300,3.3466666667,,,,,,,,,,,,,,
2007-03-14,7.8000,3.4666666667,,,,,,,,,,,,,,
2007-03-15,7.8900,3.5066666667,,,,,,,,,,,,,,
2007-03-16,7.9000,3.5111111111,,,,,,,,,,,,,,
2007-03-19,7.9800,3.5466666667,,,,,,,,,,,,,,
2007-03-20,7.9200,3.5200000000,,,,,,,,,,,,,,
2007-03-21,7.9200,3.5200000000,,,,,,,,,,,,,,
2007-03-22,7.9000,3.5111111111,,,,,,,,,,,,,,
2007-03-23,7.9400,3.5288888889,,,,,,,,,,,,,,
2007-03-26,7.9700,3.5422222222,,,,,,,,,,,,,,
2007-03-27,7.9600,3.5377777778,,,,,,,,,,,,,,
2007-03-28,7.8800,3.5022222222,,,,,,,,,,,,,,
2007-03-29,7.9305,3.5246666667,,,,,,,,,,,,,,
2007-03-30,7.9900,3.5511111111,,,,,,,,,,,,,,
2007-04-02,8.0000,3.5555555556,,,,,,,,,,,,,,
2007-04-03,8.0600,3.5822222222,,,,,,,,,,,,,,
2007-04-04,8.0800,3.5911111111,,,,,,,,,,,,,,
2007-04-05,8.0400,3.5733333333,,,,,,,,,,,,,,
2007-04-09,8.0800,3.5911111111,,,,,,,,,,,,,,
2007-04-10,8.0900,3.5955555556,,,,,,,,,,,,,,
2007-04-11,8.0600,3.5822222222,,,,,,,,,,,,,,
2007-04-12,8.1000,3.6000000000,,,,,,,,,,,,,,
2007-04-13,8.0900,3.5955555556,,,,,,,,,,,,,,
2007-04-16,8.0200,3.5644444444,,,,,,,,,,,,,,
2007-04-17,8.0900,3.5955555556,,,,,,,,,,,,,,
2007-04-18,8.0900,3.5955555556,,,,,,,,,,,,,,
2007-04-19,8.0000,3.5555555556,,,,,,,,,,,,,,
2007-04-20,8.0200,3.5644444444,,,,,,,,,,,,,,
2007-04-23,8.0500,3.5777777778,,,,,,,,,,,,,,
2007-04-24,8.0600,3.5822222222,,,,,,,,,,,,,,
2007-04-25,7.9800,3.5466666667,,,,,,,,,,,,,,
2007-04-26,7.9300,3.5244444444,,,,,,,,,,,,,,
2007-04-27,8.0000,3.5555555556,,,,,,,,,,,,,,
2007-04-30,8.0800,3.5911111111,,,,,,,,,,,,,,
2007-05-01,8.0300,3.5688888889,,,,,,,,,,,,,,
2007-05-02,8.0300,3.5688888889,,,,,,,,,,,,,,
2007-05-03,8.0700,3.5866666667,,,,,,,,,,,,,,
2007-05-04,8.0500,3.5777777778,,,,,,,,,,,,,,
2007-05-07,7.9600,3.5377777778,,,,,,,,,,,,,,
2007-05-08,8.0000,3.5555555556,,,,,,,,,,,,,,
2007-05-09,7.9900,3.5511111111,,,,,,,,,,,,,,
2007-05-10,7.8300,3.4800000000,,,,,,,,,,,,,,
2007-05-11,7.9500,3.5333333333,,,,,,,,,,,,,,
2007-05-14,7.8200,3.4755555556,,,,,,,,,,,,,,
2007-05-15,7.8800,3.5022222222,,,,,,,,,,,,,,
2007-05-16,7.8300,3.4800000000,,,,,,,,,,,,,,
2007-05-17,7.8200,3.4755555556,,,,,,,,,,,,,,
2007-05-18,7.8400,3.4844444444,,,,,,,,,,,,,,
2007-05-21,7.9300,3.5244444444,,,,,,,,,,,,,,
2007-05-22,7.9101,3.5156000000,,,,,,,,,,,,,,
2007-05-23,8.2000,3.6444444444,,,,,,,,,,,,,,
2007-05-24,8.2200,3.6533333333,,,,,,,,,,,,,,
2007-05-25,8.3200,3.6977777778,,,,,,,,,,,,,,
2007-05-29,8.4500,3.7555555556,,,,,,,,,,,,,,
2007-05-30,8.7800,3.9022222222,,,,,,,,,,,,,,
2007-05-31,8.7900,3.9066666667,,,,,,,,,,,,,,
2007-06-01,8.7100,3.8711111111,,,,,,,,,,,,,,
2007-06-04,8.5200,3.7866666667,,,,,,,,,,,,,,
2007-06-05,8.3100,3.6933333333,,,,,,,,,,,,,,
2007-06-06,8.2800,3.6800000000,,,,,,,,,,,,,,
2007-06-07,8.3600,3.7155555556,,,,,,,,,,,,,,
2007-06-08,8.4200,3.7422222222,,,,,,,,,,,,,,
2007-06-11,8.4300,3.7466666667,,,,,,,,,,,,,,
2007-06-12,8.4200,3.7422222222,,,,,,,,,,,,,,
2007-06-13,8.2100,3.6488888889,,,,,,,,,,,,,,
2007-06-14,10.5400,4.6844444444,,,,,,,,,,,,,,
2007-06-15,10.4900,4.6622222222,,,,,,,,,,,,,,
2007-06-18,10.4500,4.6444444444,,,,,,,,,,,,,,
2007-06-19,11.1500,4.9555555556,,,,,,,,,,,,,,
2007-06-20,10.8500,4.8222222222,,,,,,,,,,,,,,
2007-06-21,10.6600,4.7377777778,,,,,,,,,,,,,,
2007-06-22,10.3100,4.5822222222,,,,,,,,,,,,,,
2007-06-25,9.8600,4.3822222222,,,,,,,,,,,,,,
2007-06-26,9.7400,4.3288888889,,,,,,,,,,,,,,
2007-06-27,9.6300,4.2800000000,,,,,,,,,,,,,,
2007-06-28,10.0200,4.4533333333,,,,,,,,,,,,,,
2007-06-29,10.0100,4.4488888889,,,,,,,,,,,,,,
2007-07-02,9.8430,4.3746666667,,,,,,,,,,,,,,
2007-07-03,9.6500,4.2888888889,,,,,,,,,,,,,,
2007-07-05,9.8300,4.3688888889,,,,,,,,,,,,,,
2007-07-06,10.1199,4.4977333333,,,,,,,,,,,,,,
2007-07-09,10.0799,4.4799555556,,,,,,,,,,,,,,
2007-07-10,9.9500,4.4222222222,,,,,,,,,,,,,,
2007-07-11,10.0100,4.4488888889,,,,,,,,,,,,,,
2007-07-12,9.8600,4.3822222222,,,,,,,,,,,,,,
2007-07-13,10.2780,4.5680000000,,,,,,,,,,,,,,
2007-07-16,10.2400,4.5511111111,,,,,,,,,,,,,,
2007-07-17,10.2700,4.5644444444,,,,,,,,,,,,,,
2007-07-18,10.3000,4.5777777778,,,,,,,,,,,,,,
2007-07-19,10.4200,4.6311111111,,,,,,,,,,,,,,
2007-07-20,10.4800,4.6577777778,,,,,,,,,,,,,,
2007-07-23,10.4000,4.6222222222,,,,,,,,,,,,,,
2007-07-24,10.2800,4.5688888889,,,,,,,,,,,,,,
2007-07-25,10.4300,4.6355555556,,,,,,,,,,,,,,
2007-07-26,10.0500,4.4666666667,,,,,,,,,,,,,,
2007-07-27,9.9600,4.4266666667,,,,,,,,,,,,,,
2007-07-30,9.7600,4.3377777778,,,,,,,,,,,,,,
2007-07-31,9.7100,4.3155555556,,,,,,,,,,,,,,
2007-08-01,9.9700,4.4311111111,,,,,,,,,,,,,,
2007-08-02,9.8600,4.3822222222,,,,,,,,,,,,,,
2007-08-03,9.5600,4.2488888889,,,,,,,,,,,,,,
2007-08-06,9.5000,4.2222222222,,,,,,,,,,,,,,
2007-08-07,9.6000,4.2666666667,,,,,,,,,,,,,,
2007-08-08,9.5300,4.2355555556,,,,,,,,,,,,,,
2007-08-09,9.6000,4.2666666667,,,,,,,,,,,,,,
2007-08-10,8.3290,3.7017777778,,,,,,,,,,,,,,
2007-08-13,8.3500,3.7111111111,,,,,,,,,,,,,,
2007-08-14,7.9500,3.5333333333,,,,,,,,,,,,,,
2007-08-15,8.2300,3.6577777778,,,,,,,,,,,,,,
2007-08-16,8.1200,3.6088888889,,,,,,,,,,,,,,
2007-08-17,8.1516,3.6229333333,,,,,,,,,,,,,,
2007-08-20,8.5050,3.7800000000,,,,,,,,,,,,,,
2007-08-21,8.4820,3.7697777778,,,,,,,,,,,,,,
2007-08-22,8.6400,3.8400000000,,,,,,,,,,,,,,
2007-08-23,8.7800,3.9022222222,,,,,,,,,,,,,,
2007-08-24,8.9200,3.9644444444,,,,,,,,,,,,,,
2007-08-27,9.1100,4.0488888889,,,,,,,,,,,,,,
2007-08-28,9.0600,4.0266666667,,,,,,,,,,,,,,
2007-08-29,9.3000,4.1333333333,,,,,,,,,,,,,,
2007-08-30,9.1600,4.0711111111,,,,,,,,,,,,,,
2007-08-31,9.3701,4.1644888889,,,,,,,,,,,,,,
2007-09-04,9.3500,4.1555555556,,,,,,,,,,,,,,
2007-09-05,9.2200,4.0977777778,,,,,,,,,,,,,,
2007-09-06,9.2600,4.1155555556,,,,,,,,,,,,,,
2007-09-07,9.3600,4.1600000000,,,,,,,,,,,,,,
2007-09-10,8.9700,3.9866666667,,,,,,,,,,,,,,
2007-09-11,9.0500,4.0222222222,,,,,,,,,,,,,,
2007-09-12,9.2300,4.1022222222,,,,,,,,,,,,,,
2007-09-13,9.2000,4.0888888889,,,,,,,,,,,,,,
2007-09-14,9.0800,4.0355555556,,,,,,,,,,,,,,
2007-09-17,9.1500,4.0666666667,,,,,,,,,,,,,,
2007-09-18,9.2500,4.1111111111,,,,,,,,,,,,,,
2007-09-19,9.4200,4.1866666667,,,,,,,,,,,,,,
2007-09-20,9.5900,4.2622222222,,,,,,,,,,,,,,
2007-09-21,9.3400,4.1511111111,,,,,,,,,,,,,,
2007-09-24,9.5400,4.2400000000,,,,,,,,,,,,,,
2007-09-25,9.7200,4.3200000000,,,,,,,,,,,,,,
2007-09-26,9.7200,4.3200000000,,,,,,,,,,,,,,
2007-09-27,10.0200,4.4533333333,,,,,,,,,,,,,,
2007-09-28,10.2500,4.5555555556,,,,,,,,,,,,,,
2007-10-01,10.1800,4.5244444444,,,,,,,,,,,,,,
2007-10-02,10.0200,4.4533333333,,,,,,,,,,,,,,
2007-10-03,9.7000,4.3111111111,,,,,,,,,,,,,,
2007-10-04,9.5000,4.2222222222,,,,,,,,,,,,,,
2007-10-05,9.6000,4.2666666667,,,,,,,,,,,,,,
2007-10-08,10.0600,4.4711111111,,,,,,,,,,,,,,
2007-10-09,10.1000,4.4888888889,,,,,,,,,,,,,,
2007-10-10,10.0600,4.4711111111,,,,,,,,,,,,,,
2007-10-11,9.9700,4.4311111111,,,,,,,,,,,,,,
2007-10-12,9.9400,4.4177777778,,,,,,,,,,,,,,
2007-10-15,9.8600,4.3822222222,,,,,,,,,,,,,,
2007-10-16,10.0500,4.4666666667,,,,,,,,,,,,,,
2007-10-17,10.0400,4.4622222222,,,,,,,,,,,,,,
2007-10-18,10.0000,4.4444444444,,,,,,,,,,,,,,
2007-10-19,9.8500,4.3777777778,,,,,,,,,,,,,,
2007-10-22,9.8600,4.3822222222,,,,,,,,,,,,,,
2007-10-23,9.9000,4.4000000000,,,,,,,,,,,,,,
2007-10-24,9.7400,4.3288888889,,,,,,,,,,,,,,
2007-10-25,9.8000,4.3555555556,,,,,,,,,,,,,,
2007-10-26,9.9000,4.4000000000,,,,,,,,,,,,,,
2007-10-29,9.8400,4.3733333333,,,,,,,,,,,,,,
2007-10-30,9.8400,4.3733333333,,,,,,,,,,,,,,
2007-10-31,9.7800,4.3466666667,,,,,,,,,,,,,,
2007-11-01,9.8400,4.3733333333,,,,,,,,,,,,,,
2007-11-02,9.8300,4.3688888889,,,,,,,,,,,,,,
2007-11-05,9.8500,4.3777777778,,,,,,,,,,,,,,
2007-11-06,9.9700,4.4311111111,,,,,,,,,,,,,,
2007-11-07,9.8600,4.3822222222,,,,,,,,,,,,,,
2007-11-08,9.8430,4.3746666667,,,,,,,,,,,,,,
2007-11-09,9.4200,4.1866666667,,,,,,,,,,,,,,
2007-11-12,9.7000,4.3111111111,,,,,,,,,,,,,,
2007-11-13,9.7200,4.3200000000,,,,,,,,,,,,,,
2007-11-14,9.6200,4.2755555556,,,,,,,,,,,,,,
2007-11-15,9.3000,4.1333333333,,,,,,,,,,,,,,
2007-11-16,9.2100,4.0933333333,,,,,,,,,,,,,,
2007-11-19,9.1500,4.0666666667,,,,,,,,,,,,,,
2007-11-20,9.1000,4.0444444444,,,,,,,,,,,,,,
2007-11-21,8.9800,3.9911111111,,,,,,,,,,,,,,
2007-11-22,8.9800,3.9911111111,,,,,,,,,,,,,,
2007-11-23,9.3200,4.1422222222,,,,,,,,,,,,,,
2007-11-26,9.0000,4.0000000000,,,,,,,,,,,,,,
2007-11-27,9.1300,4.0577777778,,,,,,,,,,,,,,
2007-11-28,8.9700,3.9866666667,,,,,,,,,,,,,,
2007-11-29,9.0500,4.0222222222,,,,,,,,,,,,,,
2007-11-30,9.0800,4.0355555556,,,,,,,,,,,,,,
2007-12-03,9.2600,4.1155555556,,,,,,,,,,,,,,
2007-12-04,9.1100,4.0488888889,,,,,,,,,,,,,,
2007-12-05,8.9400,3.9733333333,,,,,,,,,,,,,,
2007-12-06,9.4600,4.2044444444,,,,,,,,,,,,,,
2007-12-07,9.4600,4.2044444444,,,,,,,,,,,,,,
2007-12-10,9.4500,4.2000000000,,,,,,,,,,,,,,
2007-12-11,9.2760,4.1226666667,,,,,,,,,,,,,,
2007-12-12,9.4000,4.1777777778,,,,,,,,,,,,,,
2007-12-13,9.3500,4.1555555556,,,,,,,,,,,,,,
2007-12-14,9.1800,4.0800000000,,,,,,,,,,,,,,
2007-12-17,9.2500,4.1111111111,,,,,,,,,,,,,,
2007-12-18,9.3300,4.1466666667,,,,,,,,,,,,,,
2007-12-19,9.1500,4.0666666667,,,,,,,,,,,,,,
2007-12-20,9.1000,4.0444444444,,,,,,,,,,,,,,
2007-12-21,8.9500,3.9777777778,,,,,,,,,,,,,,
2007-12-24,8.8300,3.9244444444,,,,,,,,,,,,,,
2007-12-26,8.9800,3.9911111111,,,,,,,,,,,,,,
2007-12-27,8.9400,3.9733333333,,,,,,,,,,,,,,
2007-12-28,8.8800,3.9466666667,,,,,,,,,,,,,,
2007-12-31,9.0500,4.0222222222,,,,,,,,,,,,,,
2008-01-02,8.9200,3.9644444444,,,,,,,,,,,,,,
2008-01-03,9.1000,4.0444444444,,,,,,,,,,,,,,
2008-01-04,8.9501,3.9778222222,,,,,,,,,,,,,,
2008-01-07,8.8300,3.9244444444,,,,,,,,,,,,,,
2008-01-08,8.8400,3.9288888889,,,,,,,,,,,,,,
2008-01-09,8.6600,3.8488888889,,,,,,,,,,,,,,
2008-01-10,8.7000,3.8666666667,,,,,,,,,,,,,,
2008-01-11,8.9000,3.9555555556,,,,,,,,,,,,,,
2008-01-14,8.9500,3.9777777778,,,,,,,,,,,,,,
2008-01-15,8.8501,3.9333777778,,,,,,,,,,,,,,
2008-01-16,8.9500,3.9777777778,,,,,,,,,,,,,,
2008-01-17,8.8200,3.9200000000,,,,,,,,,,,,,,
2008-01-18,8.8400,3.9288888889,,,,,,,,,,,,,,
2008-01-22,8.6000,3.8222222222,,,,,,,,,,,,,,
2008-01-23,8.8801,3.9467111111,,,,,,,,,,,,,,
2008-01-24,9.0300,4.0133333333,,,,,,,,,,,,,,
2008-01-25,9.2500,4.1111111111,,,,,,,,,,,,,,
2008-01-28,9.1900,4.0844444444,,,,,,,,,,,,,,
2008-01-29,9.3200,4.1422222222,,,,,,,,,,,,,,
2008-01-30,9.4500,4.2000000000,,,,,,,,,,,,,,
2008-01-31,9.5900,4.2622222222,,,,,,,,,,,,,,
2008-02-01,10.4100,4.6266666667,,,,,,,,,,,,,,
2008-02-04,11.1400,4.9511111111,,,,,,,,,,,,,,
2008-02-05,10.8300,4.8133333333,,,,,,,,,,,,,,
2008-02-06,11.1400,4.9511111111,,,,,,,,,,,,,,
2008-02-07,11.2000,4.9777777778,,,,,,,,,,,,,,
2008-02-08,11.3000,5.0222222222,,,,,,,,,,,,,,
2008-02-11,11.5400,5.1288888889,,,,,,,,,,,,,,
2008-02-12,11.6900,5.1955555556,,,,,,,,,,,,,,
2008-02-13,11.9400,5.3066666667,,,,,,,,,,,,,,
2008-02-14,11.9800,5.3244444444,,,,,,,,,,,,,,
2008-02-15,11.9000,5.2888888889,,,,,,,,,,,,,,
2008-02-19,11.9200,5.2977777778,,,,,,,,,,,,,,
2008-02-20,12.3400,5.4844444444,,,,,,,,,,,,,,
2008-02-21,12.0300,5.3466666667,,,,,,,,,,,,,,
2008-02-22,11.6400,5.1733333333,,,,,,,,,,,,,,
2008-02-25,11.6400,5.1733333333,,,,,,,,,,,,,,
2008-02-26,11.6300,5.1688888889,,,,,,,,,,,,,,
2008-02-27,11.4768,5.1008000000,,,,,,,,,,,,,,
2008-02-28,11.5800,5.1466666667,,,,,,,,,,,,,,
2008-02-29,11.4668,5.0963555556,,,,,,,,,,,,,,
2008-03-03,11.7499,5.2221777778,,,,,,,,,,,,,,
2008-03-04,11.7500,5.2222222222,,,,,,,,,,,,,,
2008-03-05,11.5500,5.1333333333,,,,,,,,,,,,,,
2008-03-06,11.2900,5.0177777778,,,,,,,,,,,,,,
2008-03-07,10.9284,4.8570666667,,,,,,,,,,,,,,
2008-03-10,10.0590,4.4706666667,,,,,,,,,,,,,,
2008-03-11,9.9800,4.4355555556,,,,,,,,,,,,,,
2008-03-12,9.9200,4.4088888889,,,,,,,,,,,,,,
2008-03-13,9.5600,4.2488888889,,,,,,,,,,,,,,
2008-03-14,9.5390,4.2395555556,,,,,,,,,,,,,,
2008-03-17,8.9700,3.9866666667,,,,,,,,,,,,,,
2008-03-18,8.8600,3.9377777778,,,,,,,,,,,,,,
2008-03-19,8.9601,3.9822666667,,,,,,,,,,,,,,
2008-03-20,8.8300,3.9244444444,,,,,,,,,,,,,,
2008-03-24,9.2500,4.1111111111,,,,,,,,,,,,,,
2008-03-25,9.5100,4.2266666667,,,,,,,,,,,,,,
2008-03-26,9.7601,4.3378222222,,,,,,,,,,,,,,
2008-03-27,9.8100,4.3600000000,,,,,,,,,,,,,,
2008-03-28,9.3800,4.1688888889,,,,,,,,,,,,,,
2008-03-31,9.6130,4.2724444444,,,,,,,,,,,,,,
2008-04-01,9.8500,4.3777777778,,,,,,,,,,,,,,
2008-04-02,9.8800,4.3911111111,,,,,,,,,,,,,,
2008-04-03,9.5500,4.2444444444,,,,,,,,,,,,,,
2008-04-04,9.8000,4.3555555556,,,,,,,,,,,,,,
2008-04-07,9.6200,4.2755555556,,,,,,,,,,,,,,
2008-04-08,9.8000,4.3555555556,,,,,,,,,,,,,,
2008-04-09,9.7000,4.3111111111,,,,,,,,,,,,,,
2008-04-10,9.5600,4.2488888889,,,,,,,,,,,,,,
2008-04-11,9.6800,4.3022222222,,,,,,,,,,,,,,
2008-04-14,9.5600,4.2488888889,,,,,,,,,,,,,,
2008-04-15,9.5500,4.2444444444,,,,,,,,,,,,,,
2008-04-16,9.5200,4.2311111111,,,,,,,,,,,,,,
2008-04-17,9.5200,4.2311111111,,,,,,,,,,,,,,
2008-04-18,9.3500,4.1555555556,,,,,,,,,,,,,,
2008-04-21,9.3500,4.1555555556,,,,,,,,,,,,,,
2008-04-22,9.6200,4.2755555556,,,,,,,,,,,,,,
2008-04-23,9.6200,4.2755555556,,,,,,,,,,,,,,
2008-04-24,9.3900,4.1733333333,,,,,,,,,,,,,,
2008-04-25,9.3188,4.1416888889,,,,,,,,,,,,,,
2008-04-28,9.3200,4.1422222222,,,,,,,,,,,,,,
2008-04-29,9.2700,4.1200000000,,,,,,,,,,,,,,
2008-04-30,9.5000,4.2222222222,,,,,,,,,,,,,,
2008-05-01,9.4800,4.2133333333,,,,,,,,,,,,,,
2008-05-02,9.3000,4.1333333333,,,,,,,,,,,,,,
2008-05-05,9.1800,4.0800000000,,,,,,,,,,,,,,
2008-05-06,9.2570,4.1142222222,,,,,,,,,,,,,,
2008-05-07,9.2000,4.0888888889,,,,,,,,,,,,,,
2008-05-08,9.2900,4.1288888889,,,,,,,,,,,,,,
2008-05-09,9.0500,4.0222222222,,,,,,,,,,,,,,
2008-05-12,9.2800,4.1244444444,,,,,,,,,,,,,,
2008-05-13,9.3600,4.1600000000,,,,,,,,,,,,,,
2008-05-14,9.0901,4.0400444444,,,,,,,,,,,,,,
2008-05-15,9.1600,4.0711111111,,,,,,,,,,,,,,
2008-05-16,8.9300,3.9688888889,,,,,,,,,,,,,,
2008-05-19,8.8900,3.9511111111,,,,,,,,,,,,,,
2008-05-20,9.1700,4.0755555556,,,,,,,,,,,,,,
2008-05-21,8.9500,3.9777777778,,,,,,,,,,,,,,
2008-05-22,9.0700,4.0311111111,,,,,,,,,,,,,,
2008-05-23,9.0300,4.0133333333,,,,,,,,,,,,,,
2008-05-27,8.8900,3.9511111111,,,,,,,,,,,,,,
2008-05-28,9.2200,4.0977777778,,,,,,,,,,,,,,
2008-05-29,9.1200,4.0533333333,,,,,,,,,,,,,,
2008-05-30,9.1900,4.0844444444,,,,,,,,,,,,,,
2008-06-02,9.0400,4.0177777778,,,,,,,,,,,,,,
2008-06-03,9.1900,4.0844444444,,,,,,,,,,,,,,
2008-06-04,8.9000,3.9555555556,,,,,,,,,,,,,,
2008-06-05,9.5001,4.2222666667,,,,,,,,,,,,,,
2008-06-06,9.5000,4.2222222222,,,,,,,,,,,,,,
2008-06-09,9.4600,4.2044444444,,,,,,,,,,,,,,
2008-06-10,9.2900,4.1288888889,,,,,,,,,,,,,,
2008-06-11,9.4205,4.1868888889,,,,,,,,,,,,,,
2008-06-12,10.3500,4.6000000000,,,,,,,,,,,,,,
2008-06-13,10.5300,4.6800000000,,,,,,,,,,,,,,
2008-06-16,11.2000,4.9777777778,,,,,,,,,,,,,,
2008-06-17,10.9300,4.8577777778,,,,,,,,,,,,,,
2008-06-18,10.5000,4.6666666667,,,,,,,,,,,,,,
2008-06-19,10.4001,4.6222666667,,,,,,,,,,,,,,
2008-06-20,10.6100,4.7155555556,,,,,,,,,,,,,,
2008-06-23,10.5100,4.6711111111,,,,,,,,,,,,,,
2008-06-24,10.4800,4.6577777778,,,,,,,,,,,,,,
2008-06-25,10.3400,4.5955555556,,,,,,,,,,,,,,
2008-06-26,10.1700,4.5200000000,,,,,,,,,,,,,,
2008-06-27,10.0280,4.4568888889,,,,,,,,,,,,,,
2008-06-30,10.0350,4.4600000000,,,,,,,,,,,,,,
2008-07-01,10.1400,4.5066666667,,,,,,,,,,,,,,
2008-07-02,9.8800,4.3911111111,,,,,,,,,,,,,,
2008-07-03,9.9800,4.4355555556,,,,,,,,,,,,,,
2008-07-07,9.7500,4.3333333333,,,,,,,,,,,,,,
2008-07-08,9.8400,4.3733333333,,,,,,,,,,,,,,
2008-07-09,9.7700,4.3422222222,,,,,,,,,,,,,,
2008-07-10,10.0001,4.4444888889,,,,,,,,,,,,,,
2008-07-11,10.0500,4.4666666667,,,,,,,,,,,,,,
2008-07-14,9.9400,4.4177777778,,,,,,,,,,,,,,
2008-07-15,9.7500,4.3333333333,,,,,,,,,,,,,,
2008-07-16,10.5700,4.6977777778,,,,,,,,,,,,,,
2008-07-17,10.3500,4.6000000000,,,,,,,,,,,,,,
2008-07-18,10.1800,4.5244444444,,,,,,,,,,,,,,
2008-07-21,9.9900,4.4400000000,,,,,,,,,,,,,,
2008-07-22,10.1500,4.5111111111,,,,,,,,,,,,,,
2008-07-23,10.7000,4.7555555556,,,,,,,,,,,,,,
2008-07-24,10.4300,4.6355555556,,,,,,,,,,,,,,
2008-07-25,10.2600,4.5600000000,,,,,,,,,,,,,,
2008-07-28,10.4800,4.6577777778,,,,,,,,,,,,,,
2008-07-29,10.4100,4.6266666667,,,,,,,,,,,,,,
2008-07-30,10.3500,4.6000000000,,,,,,,,,,,,,,
2008-07-31,10.1500,4.5111111111,,,,,,,,,,,,,,
2008-08-01,9.9900,4.4400000000,,,,,,,,,,,,,,
2008-08-04,10.2400,4.5511111111,,,,,,,,,,,,,,
2008-08-05,10.3300,4.5911111111,,,,,,,,,,,,,,
2008-08-06,10.5900,4.7066666667,,,,,,,,,,,,,,
2008-08-07,10.4500,4.6444444444,,,,,,,,,,,,,,
2008-08-08,11.2300,4.9911111111,,,,,,,,,,,,,,
2008-08-11,11.0300,4.9022222222,,,,,,,,,,,,,,
2008-08-12,12.1000,5.3777777778,,,,,,,,,,,,,,
2008-08-13,11.3100,5.0266666667,,,,,,,,,,,,,,
2008-08-14,11.3300,5.0355555556,,,,,,,,,,,,,,
2008-08-15,11.1400,4.9511111111,,,,,,,,,,,,,,
2008-08-18,11.1500,4.9555555556,,,,,,,,,,,,,,
2008-08-19,10.8800,4.8355555556,,,,,,,,,,,,,,
2008-08-20,11.0300,4.9022222222,,,,,,,,,,,,,,
2008-08-21,11.1600,4.9600000000,,,,,,,,,,,,,,
2008-08-22,11.3900,5.0622222222,,,,,,,,,,,,,,
2008-08-25,11.2300,4.9911111111,,,,,,,,,,,,,,
2008-08-26,11.1200,4.9422222222,,,,,,,,,,,,,,
2008-08-27,11.2000,4.9777777778,,,,,,,,,,,,,,
2008-08-28,11.2500,5.0000000000,,,,,,,,,,,,,,
2008-08-29,11.3400,5.0400000000,,,,,,,,,,,,,,
2008-09-02,11.5500,5.1333333333,,,,,,,,,,,,,,
2008-09-03,11.2800,5.0133333333,,,,,,,,,,,,,,
2008-09-04,10.9600,4.8711111111,,,,,,,,,,,,,,
2008-09-05,10.7900,4.7955555556,,,,,,,,,,,,,,
2008-09-08,10.7900,4.7955555556,,,,,,,,,,,,,,
2008-09-09,10.5600,4.6933333333,,,,,,,,,,,,,,
2008-09-10,10.6400,4.7288888889,,,,,,,,,,,,,,
2008-09-11,10.4500,4.6444444444,,,,,,,,,,,,,,
2008-09-12,10.4900,4.6622222222,,,,,,,,,,,,,,
2008-09-15,10.3899,4.6177333333,,,,,,,,,,,,,,
2008-09-16,10.2500,4.5555555556,,,,,,,,,,,,,,
2008-09-17,10.1800,4.5244444444,,,,,,,,,,,,,,
2008-09-18,10.0500,4.4666666667,,,,,,,,,,,,,,
2008-09-19,9.7500,4.3333333333,,,,,,,,,,,,,,
2008-09-22,9.9300,4.4133333333,,,,,,,,,,,,,,
2008-09-23,9.8200,4.3644444444,,,,,,,,,,,,,,
2008-09-24,9.9000,4.4000000000,,,,,,,,,,,,,,
2008-09-25,9.9700,4.4311111111,,,,,,,,,,,,,,
2008-09-26,9.7101,4.3156000000,,,,,,,,,,,,,,
2008-09-29,9.5000,4.2222222222,,,,,,,,,,,,,,
2008-09-30,9.0000,4.0000000000,,,,,,,,,,,,,,
2008-10-01,8.9799,3.9910666667,,,,,,,,,,,,,,
2008-10-02,8.8999,3.9555111111,,,,,,,,,,,,,,
2008-10-03,8.4100,3.7377777778,,,,,,,,,,,,,,
2008-10-06,8.1000,3.6000000000,,,,,,,,,,,,,,
2008-10-07,7.9000,3.5111111111,,,,,,,,,,,,,,
2008-10-08,7.6600,3.4044444444,,,,,,,,,,,,,,
2008-10-09,7.2500,3.2222222222,,,,,,,,,,,,,,
2008-10-10,7.1600,3.1822222222,,,,,,,,,,,,,,
2008-10-13,7.4900,3.3288888889,,,,,,,,,,,,,,
2008-10-14,7.5500,3.3555555556,,,,,,,,,,,,,,
2008-10-15,7.5000,3.3333333333,,,,,,,,,,,,,,
2008-10-16,7.5960,3.3760000000,,,,,,,,,,,,,,
2008-10-17,7.4999,3.3332888889,,,,,,,,,,,,,,
2008-10-20,7.6000,3.3777777778,,,,,,,,,,,,,,
2008-10-21,7.5100,3.3377777778,,,,,,,,,,,,,,
2008-10-22,7.4000,3.2888888889,,,,,,,,,,,,,,
2008-10-23,7.3700,3.2755555556,,,,,,,,,,,,,,
2008-10-24,7.1800,3.1911111111,,,,,,,,,,,,,,
2008-10-27,7.0500,3.1333333333,,,,,,,,,,,,,,
2008-10-28,8.0000,3.5555555556,,,,,,,,,,,,,,
2008-10-29,7.4800,3.3244444444,,,,,,,,,,,,,,
2008-10-30,7.8299,3.4799555556,,,,,,,,,,,,,,
2008-10-31,7.9200,3.5200000000,,,,,,,,,,,,,,
2008-11-03,8.1400,3.6177777778,,,,,,,,,,,,,,
2008-11-04,8.0000,3.5555555556,,,,,,,,,,,,,,
2008-11-05,8.2000,3.6444444444,,,,,,,,,,,,,,
2008-11-06,7.9658,3.5403555556,,,,,,,,,,,,,,
2008-11-07,7.9100,3.5155555556,,,,,,,,,,,,,,
2008-11-10,7.8600,3.4933333333,,,,,,,,,,,,,,
2008-11-11,7.7000,3.4222222222,,,,,,,,,,,,,,
2008-11-12,7.5500,3.3555555556,,,,,,,,,,,,,,
2008-11-13,7.6000,3.3777777778,,,,,,,,,,,,,,
2008-11-14,7.2600,3.2266666667,,,,,,,,,,,,,,
2008-11-17,7.2100,3.2044444444,,,,,,,,,,,,,,
2008-11-18,7.1199,3.1644000000,,,,,,,,,,,,,,
2008-11-19,6.8000,3.0222222222,,,,,,,,,,,,,,
2008-11-20,6.5299,2.9021777778,,,,,,,,,,,,,,
2008-11-21,5.6501,2.5111555556,,,,,,,,,,,,,,
2008-11-24,5.6501,2.5111555556,,,,,,,,,,,,,,
2008-11-25,5.5600,2.4711111111,,,,,,,,,,,,,,
2008-11-26,5.9900,2.6622222222,,,,,,,,,,,,,,
2008-11-28,6.0800,2.7022222222,,,,,,,,,,,,,,
2008-12-01,5.9200,2.6311111111,,,,,,,,,,,,,,
2008-12-02,6.1000,2.7111111111,,,,,,,,,,,,,,
2008-12-03,5.9500,2.6444444444,,,,,,,,,,,,,,
2008-12-04,5.9540,2.6462222222,,,,,,,,,,,,,,
2008-12-05,5.8660,2.6071111111,,,,,,,,,,,,,,
2008-12-08,5.8399,2.5955111111,,,,,,,,,,,,,,
2008-12-09,5.7800,2.5688888889,,,,,,,,,,,,,,
2008-12-10,6.0300,2.6800000000,,,,,,,,,,,,,,
2008-12-11,6.1600,2.7377777778,,,,,,,,,,,,,,
2008-12-12,5.9000,2.6222222222,,,,,,,,,,,,,,
2008-12-15,6.0100,2.6711111111,,,,,,,,,,,,,,
2008-12-16,6.1000,2.7111111111,,,,,,,,,,,,,,
2008-12-17,6.4233,2.8548000000,,,,,,,,,,,,,,
2008-12-18,6.1500,2.7333333333,,,,,,,,,,,,,,
2008-12-19,6.1000,2.7111111111,,,,,,,,,,,,,,
2008-12-22,6.1900,2.7511111111,,,,,,,,,,,,,,
2008-12-23,6.2500,2.7777777778,,,,,,,,,,,,,,
2008-12-24,6.1000,2.7111111111,,,,,,,,,,,,,,
2008-12-26,6.1800,2.7466666667,,,,,,,,,,,,,,
2008-12-29,6.0500,2.6888888889,,,,,,,,,,,,,,
2008-12-30,5.6400,2.5066666667,,,,,,,,,,,,,,
2008-12-31,5.8700,2.6088888889,,,,,,,,,,,,,,
2009-01-02,6.2500,2.7777777778,,,,,,,,,,,,,,
2009-01-05,6.1500,2.7333333333,,,,,,,,,,,,,,
2009-01-06,6.3900,2.8400000000,,,,,,,,,,,,,,
2009-01-07,6.3900,2.8400000000,,,,,,,,,,,,,,
2009-01-08,6.6000,2.9333333333,,,,,,,,,,,,,,
2009-01-09,6.5499,2.9110666667,,,,,,,,,,,,,,
2009-01-12,6.3700,2.8311111111,,,,,,,,,,,,,,
2009-01-13,6.3200,2.8088888889,,,,,,,,,,,,,,
2009-01-14,6.0600,2.6933333333,,,,,,,,,,,,,,
2009-01-15,6.1000,2.7111111111,,,,,,,,,,,,,,
2009-01-16,6.1000,2.7111111111,,,,,,,,,,,,,,
2009-01-20,5.6800,2.5244444444,,,,,,,,,,,,,,
2009-01-21,6.1400,2.7288888889,,,,,,,,,,,,,,
2009-01-22,5.8000,2.5777777778,,,,,,,,,,,,,,
2009-01-23,5.8301,2.5911555556,,,,,,,,,,,,,,
2009-01-26,5.9100,2.6266666667,,,,,,,,,,,,,,
2009-01-27,6.1900,2.7511111111,,,,,,,,,,,,,,
2009-01-28,6.2401,2.7733777778,,,,,,,,,,,,,,
2009-01-29,6.3500,2.8222222222,,,,,,,,,,,,,,
2009-01-30,5.8876,2.6167111111,,,,,,,,,,,,,,
2009-02-02,5.8000,2.5777777778,,,,,,,,,,,,,,
2009-02-03,5.9500,2.6444444444,,,,,,,,,,,,,,
2009-02-04,5.8300,2.5911111111,,,,,,,,,,,,,,
2009-02-05,5.9200,2.6311111111,,,,,,,,,,,,,,
2009-02-06,6.2400,2.7733333333,,,,,,,,,,,,,,
2009-02-09,6.2100,2.7600000000,,,,,,,,,,,,,,
2009-02-10,6.0000,2.6666666667,,,,,,,,,,,,,,
2009-02-11,5.9900,2.6622222222,,,,,,,,,,,,,,
2009-02-12,6.0900,2.7066666667,,,,,,,,,,,,,,
2009-02-13,5.9600,2.6488888889,,,,,,,,,,,,,,
2009-02-17,5.8800,2.6133333333,,,,,,,,,,,,,,
2009-02-18,5.9201,2.6311555556,,,,,,,,,,,,,,
2009-02-19,5.9500,2.6444444444,,,,,,,,,,,,,,
2009-02-20,5.9100,2.6266666667,,,,,,,,,,,,,,
2009-02-23,5.8200,2.5866666667,,,,,,,,,,,,,,
2009-02-24,5.9200,2.6311111111,,,,,,,,,,,,,,
2009-02-25,5.9322,2.6365333333,,,,,,,,,,,,,,
2009-02-26,5.9300,2.6355555556,,,,,,,,,,,,,,
2009-02-27,5.9200,2.6311111111,,,,,,,,,,,,,,
2009-03-02,6.1300,2.7244444444,,,,,,,,,,,,,,
2009-03-03,6.0400,2.6844444444,,,,,,,,,,,,,,
2009-03-04,5.8200,2.5866666667,,,,,,,,,,,,,,
2009-03-05,5.8100,2.5822222222,,,,,,,,,,,,,,
2009-03-06,5.9900,2.6622222222,,,,,,,,,,,,,,
2009-03-09,5.7700,2.5644444444,,,,,,,,,,,,,,
2009-03-10,5.8200,2.5866666667,,,,,,,,,,,,,,
2009-03-11,5.8900,2.6177777778,,,,,,,,,,,,,,
2009-03-12,5.8500,2.6000000000,,,,,,,,,,,,,,
2009-03-13,5.8600,2.6044444444,,,,,,,,,,,,,,
2009-03-16,5.8802,2.6134222222,,,,,,,,,,,,,,
2009-03-17,6.0300,2.6800000000,,,,,,,,,,,,,,
2009-03-18,6.0000,2.6666666667,,,,,,,,,,,,,,
2009-03-19,5.9500,2.6444444444,,,,,,,,,,,,,,
2009-03-20,6.0800,2.7022222222,,,,,,,,,,,,,,
2009-03-23,5.9000,2.6222222222,,,,,,,,,,,,,,
2009-03-24,5.9000,2.6222222222,,,,,,,,,,,,,,
2009-03-25,5.8550,2.6022222222,,,,,,,,,,,,,,
2009-03-26,5.8600,2.6044444444,,,,,,,,,,,,,,
2009-03-27,5.9499,2.6444000000,,,,,,,,,,,,,,
2009-03-30,5.9900,2.6622222222,,,,,,,,,,,,,,
2009-03-31,5.7200,2.5422222222,,,,,,,,,,,,,,
2009-04-01,5.8300,2.5911111111,,,,,,,,,,,,,,
2009-04-02,6.0800,2.7022222222,,,,,,,,,,,,,,
2009-04-03,5.9200,2.6311111111,,,,,,,,,,,,,,
2009-04-06,5.8600,2.6044444444,,,,,,,,,,,,,,
2009-04-07,5.8100,2.5822222222,,,,,,,,,,,,,,
2009-04-08,6.0250,2.6777777778,,,,,,,,,,,,,,
2009-04-09,6.0500,2.6888888889,,,,,,,,,,,,,,
2009-04-13,5.8600,2.6044444444,,,,,,,,,,,,,,
2009-04-14,5.9100,2.6266666667,,,,,,,,,,,,,,
2009-04-15,6.3200,2.8088888889,,,,,,,,,,,,,,
2009-04-16,6.2300,2.7688888889,,,,,,,,,,,,,,
2009-04-17,6.5201,2.8978222222,,,,,,,,,,,,,,
2009-04-20,6.4500,2.8666666667,,,,,,,,,,,,,,
2009-04-21,6.5100,2.8933333333,,,,,,,,,,,,,,
2009-04-22,6.7400,2.9955555556,,,,,,,,,,,,,,
2009-04-23,7.0500,3.1333333333,,,,,,,,,,,,,,
2009-04-24,7.0589,3.1372888889,,,,,,,,,,,,,,
2009-04-27,7.0800,3.1466666667,,,,,,,,,,,,,,
2009-04-28,6.9380,3.0835555556,,,,,,,,,,,,,,
2009-04-29,6.9000,3.0666666667,,,,,,,,,,,,,,
2009-04-30,7.1200,3.1644444444,,,,,,,,,,,,,,
2009-05-01,7.0900,3.1511111111,,,,,,,,,,,,,,
2009-05-04,7.8000,3.4666666667,,,,,,,,,,,,,,
2009-05-05,8.2000,3.6444444444,,,,,,,,,,,,,,
2009-05-06,7.9800,3.5466666667,,,,,,,,,,,,,,
2009-05-07,8.2300,3.6577777778,,,,,,,,,,,,,,
2009-05-08,7.8200,3.4755555556,,,,,,,,,,,,,,
2009-05-11,8.1000,3.6000000000,,,,,,,,,,,,,,
2009-05-12,8.0000,3.5555555556,,,,,,,,,,,,,,
2009-05-13,7.5500,3.3555555556,,,,,,,,,,,,,,
2009-05-14,7.6100,3.3822222222,,,,,,,,,,,,,,
2009-05-15,7.7600,3.4488888889,,,,,,,,,,,,,,
2009-05-18,7.8999,3.5110666667,,,,,,,,,,,,,,
2009-05-19,7.8300,3.4800000000,,,,,,,,,,,,,,
2009-05-20,7.9900,3.5511111111,,,,,,,,,,,,,,
2009-05-21,7.9619,3.5386222222,,,,,,,,,,,,,,
2009-05-22,8.3000,3.6888888889,,,,,,,,,,,,,,
2009-05-26,8.4100,3.7377777778,,,,,,,,,,,,,,
2009-05-27,8.5700,3.8088888889,,,,,,,,,,,,,,
2009-05-28,8.7500,3.8888888889,,,,,,,,,,,,,,
2009-05-29,8.9200,3.9644444444,,,,,,,,,,,,,,
2009-06-01,9.6900,4.3066666667,,,,,,,,,,,,,,
2009-06-02,9.2300,4.1022222222,,,,,,,,,,,,,,
2009-06-03,8.7000,3.8666666667,,,,,,,,,,,,,,
2009-06-04,8.9177,3.9634222222,,,,,,,,,,,,,,
2009-06-05,8.9300,3.9688888889,,,,,,,,,,,,,,
2009-06-08,9.1400,4.0622222222,,,,,,,,,,,,,,
2009-06-09,9.0700,4.0311111111,,,,,,,,,,,,,,
2009-06-10,9.1400,4.0622222222,,,,,,,,,,,,,,
2009-06-11,8.9180,3.9635555556,,,,,,,,,,,,,,
2009-06-12,8.9800,3.9911111111,,,,,,,,,,,,,,
2009-06-15,9.0100,4.0044444444,,,,,,,,,,,,,,
2009-06-16,8.6700,3.8533333333,,,,,,,,,,,,,,
2009-06-17,8.5300,3.7911111111,,,,,,,,,,,,,,
2009-06-18,8.6000,3.8222222222,,,,,,,,,,,,,,
2009-06-19,8.5700,3.8088888889,,,,,,,,,,,,,,
2009-06-22,8.1700,3.6311111111,,,,,,,,,,,,,,
2009-06-23,7.6800,3.4133333333,,,,,,,,,,,,,,
2009-06-24,7.8000,3.4666666667,,,,,,,,,,,,,,
2009-06-25,7.7800,3.4577777778,,,,,,,,,,,,,,
2009-06-26,8.5200,3.7866666667,,,,,,,,,,,,,,
2009-06-29,8.2900,3.6844444444,,,,,,,,,,,,,,
2009-06-30,8.2100,3.6488888889,,,,,,,,,,,,,,
2009-07-01,8.0899,3.5955111111,,,,,,,,,,,,,,
2009-07-02,7.7800,3.4577777778,,,,,,,,,,,,,,
2009-07-03,7.7800,3.4577777778,,,,,,,,,,,,,,
2009-07-06,7.8000,3.4666666667,,,,,,,,,,,,,,
2009-07-07,7.6200,3.3866666667,,,,,,,,,,,,,,
2009-07-08,7.6200,3.3866666667,,,,,,,,,,,,,,
2009-07-09,7.7300,3.4355555556,,,,,,,,,,,,,,
2009-07-10,7.9500,3.5333333333,,,,,,,,,,,,,,
2009-07-13,7.8500,3.4888888889,,,,,,,,,,,,,,
2009-07-14,8.4000,3.7333333333,,,,,,,,,,,,,,
2009-07-15,8.5300,3.7911111111,,,,,,,,,,,,,,
2009-07-16,8.4500,3.7555555556,,,,,,,,,,,,,,
2009-07-17,8.3600,3.7155555556,,,,,,,,,,,,,,
2009-07-20,8.0500,3.5777777778,,,,,,,,,,,,,,
2009-07-21,8.2500,3.6666666667,,,,,,,,,,,,,,
2009-07-22,8.4000,3.7333333333,,,,,,,,,,,,,,
2009-07-23,8.2400,3.6622222222,,,,,,,,,,,,,,
2009-07-24,8.2700,3.6755555556,,,,,,,,,,,,,,
2009-07-27,8.5000,3.7777777778,,,,,,,,,,,,,,
2009-07-28,8.6500,3.8444444444,,,,,,,,,,,,,,
2009-07-29,8.9900,3.9955555556,,,,,,,,,,,,,,
2009-07-30,8.9500,3.9777777778,,,,,,,,,,,,,,
2009-07-31,8.4400,3.7511111111,,,,,,,,,,,,,,
2009-08-03,8.9800,3.9911111111,,,,,,,,,,,,,,
2009-08-04,8.9200,3.9644444444,,,,,,,,,,,,,,
2009-08-05,8.8200,3.9200000000,,,,,,,,,,,,,,
2009-08-06,8.9500,3.9777777778,,,,,,,,,,,,,,
2009-08-07,8.9700,3.9866666667,,,,,,,,,,,,,,
2009-08-10,9.0000,4.0000000000,,,,,,,,,,,,,,
2009-08-11,9.0000,4.0000000000,,,,,,,,,,,,,,
2009-08-12,9.0000,4.0000000000,,,,,,,,,,,,,,
2009-08-13,9.0000,4.0000000000,,,,,,,,,,,,,,
2009-08-14,9.0000,4.0000000000,,,,,,,,,,,,,,
2009-08-17,8.6900,3.8622222222,,,,,,,,,,,,,,
2009-08-18,8.6500,3.8444444444,,,,,,,,,,,,,,
2009-08-19,8.4700,3.7644444444,,,,,,,,,,,,,,
2009-08-20,8.6400,3.8400000000,,,,,,,,,,,,,,
2009-08-21,8.8500,3.9333333333,,,,,,,,,,,,,,
2009-08-24,9.0500,4.0222222222,,,,,,,,,,,,,,
2009-08-25,9.0300,4.0133333333,,,,,,,,,,,,,,
2009-08-26,8.8601,3.9378222222,,,,,,,,,,,,,,
2009-08-27,8.7600,3.8933333333,,,,,,,,,,,,,,
2009-08-28,8.9100,3.9600000000,,,,,,,,,,,,,,
2009-08-31,8.7799,3.9021777778,,,,,,,,,,,,,,
2009-09-01,8.7950,3.9088888889,,,,,,,,,,,,,,
2009-09-02,8.8201,3.9200444444,,,,,,,,,,,,,,
2009-09-03,8.9100,3.9600000000,,,,,,,,,,,,,,
2009-09-04,8.9500,3.9777777778,,,,,,,,,,,,,,
2009-09-08,8.9200,3.9644444444,,,,,,,,,,,,,,
2009-09-09,8.7500,3.8888888889,,,,,,,,,,,,,,
2009-09-10,8.8600,3.9377777778,,,,,,,,,,,,,,
2009-09-11,9.0400,4.0177777778,,,,,,,,,,,,,,
2009-09-14,8.9775,3.9900000000,,,,,,,,,,,,,,
2009-09-15,8.8600,3.9377777778,,,,,,,,,,,,,,
2009-09-16,8.7500,3.8888888889,,,,,,,,,,,,,,
2009-09-17,8.8900,3.9511111111,,,,,,,,,,,,,,
2009-09-18,8.9500,3.9777777778,,,,,,,,,,,,,,
2009-09-21,9.2700,4.1200000000,,,,,,,,,,,,,,
2009-09-22,9.2000,4.0888888889,,,,,,,,,,,,,,
2009-09-23,9.2000,4.0888888889,,,,,,,,,,,,,,
2009-09-24,9.2500,4.1111111111,,,,,,,,,,,,,,
2009-09-25,9.3199,4.1421777778,,,,,,,,,,,,,,
2009-09-28,9.7300,4.3244444444,,,,,,,,,,,,,,
2009-09-29,9.8500,4.3777777778,,,,,,,,,,,,,,
2009-09-30,9.6600,4.2933333333,,,,,,,,,,,,,,
2009-10-01,9.6200,4.2755555556,,,,,,,,,,,,,,
2009-10-02,9.9700,4.4311111111,,,,,,,,,,,,,,
2009-10-05,10.0899,4.4844000000,,,,,,,,,,,,,,
2009-10-06,10.1999,4.5332888889,,,,,,,,,,,,,,
2009-10-07,10.3510,4.6004444444,,,,,,,,,,,,,,
2009-10-08,10.6600,4.7377777778,,,,,,,,,,,,,,
2009-10-09,11.1400,4.9511111111,,,,,,,,,,,,,,
2009-10-12,11.1400,4.9511111111,,,,,,,,,,,,,,
2009-10-13,11.0507,4.9114222222,,,,,,,,,,,,,,
2009-10-14,11.7000,5.2000000000,,,,,,,,,,,,,,
2009-10-15,10.9400,4.8622222222,,,,,,,,,,,,,,
2009-10-16,11.0700,4.9200000000,,,,,,,,,,,,,,
2009-10-19,10.7001,4.7556000000,,,,,,,,,,,,,,
2009-10-20,10.3000,4.5777777778,,,,,,,,,,,,,,
2009-10-21,10.2800,4.5688888889,,,,,,,,,,,,,,
2009-10-22,10.8899,4.8399555556,,,,,,,,,,,,,,
2009-10-23,10.6100,4.7155555556,,,,,,,,,,,,,,
2009-10-26,10.5000,4.6666666667,,,,,,,,,,,,,,
2009-10-27,10.3500,4.6000000000,,,,,,,,,,,,,,
2009-10-28,9.6600,4.2933333333,,,,,,,,,,,,,,
2009-10-29,9.4300,4.1911111111,,,,,,,,,,,,,,
2009-10-30,9.9800,4.4355555556,,,,,,,,,,,,,,
2009-11-02,9.6500,4.2888888889,,,,,,,,,,,,,,
2009-11-03,9.2500,4.1111111111,,,,,,,,,,,,,,
2009-11-04,9.2750,4.1222222222,,,,,,,,,,,,,,
2009-11-05,9.1200,4.0533333333,,,,,,,,,,,,,,
2009-11-06,9.1700,4.0755555556,,,,,,,,,,,,,,
2009-11-09,9.2900,4.1288888889,,,,,,,,,,,,,,
2009-11-10,9.3300,4.1466666667,,,,,,,,,,,,,,
2009-11-11,9.8100,4.3600000000,,,,,,,,,,,,,,
2009-11-12,9.7100,4.3155555556,,,,,,,,,,,,,,
2009-11-13,9.9600,4.4266666667,,,,,,,,,,,,,,
2009-11-16,9.8800,4.3911111111,,,,,,,,,,,,,,
2009-11-17,10.0825,4.4811111111,,,,,,,,,,,,,,
2009-11-18,10.1100,4.4933333333,,,,,,,,,,,,,,
2009-11-19,10.7600,4.7822222222,,,,,,,,,,,,,,
2009-11-20,9.6700,4.2977777778,,,,,,,,,,,,,,
2009-11-23,9.7900,4.3511111111,,,,,,,,,,,,,,
2009-11-24,9.7300,4.3244444444,,,,,,,,,,,,,,
2009-11-25,9.7500,4.3333333333,,,,,,,,,,,,,,
2009-11-27,9.4200,4.1866666667,,,,,,,,,,,,,,
2009-11-30,9.5500,4.2444444444,,,,,,,,,,,,,,
2009-12-01,9.8000,4.3555555556,,,,,,,,,,,,,,
2009-12-02,9.9800,4.4355555556,,,,,,,,,,,,,,
2009-12-03,9.7100,4.3155555556,,,,,,,,,,,,,,
2009-12-04,9.8000,4.3555555556,,,,,,,,,,,,,,
2009-12-07,9.8100,4.3600000000,,,,,,,,,,,,,,
2009-12-08,9.8800,4.3911111111,,,,,,,,,,,,,,
2009-12-09,10.0000,4.4444444444,,,,,,,,,,,,,,
2009-12-10,10.0500,4.4666666667,,,,,,,,,,,,,,
2009-12-11,10.1340,4.5040000000,,,,,,,,,,,,,,
2009-12-14,9.8100,4.3600000000,,,,,,,,,,,,,,
2009-12-15,9.9900,4.4400000000,,,,,,,,,,,,,,
2009-12-16,9.6800,4.3022222222,,,,,,,,,,,,,,
2009-12-17,9.7500,4.3333333333,,,,,,,,,,,,,,
2009-12-18,9.7600,4.3377777778,,,,,,,,,,,,,,
2009-12-21,9.7600,4.3377777778,,,,,,,,,,,,,,
2009-12-22,9.8500,4.3777777778,,,,,,,,,,,,,,
2009-12-23,9.8000,4.3555555556,,,,,,,,,,,,,,
2009-12-24,9.7000,4.3111111111,,,,,,,,,,,,,,
2009-12-28,9.7380,4.3280000000,,,,,,,,,,,,,,
2009-12-29,9.4300,4.1911111111,,,,,,,,,,,,,,
2009-12-30,9.4000,4.1777777778,,,,,,,,,,,,,,
2009-12-31,9.4466,4.1984888889,,,,,,,,,,,,,,
2010-01-04,9.4490,4.1995555556,,,,,,,,,,,,,,
2010-01-05,9.5900,4.2622222222,,,,,,,,,,,,,,
2010-01-06,9.5900,4.2622222222,,,,,,,,,,,,,,
2010-01-07,9.5500,4.2444444444,,,,,,,,,,,,,,
2010-01-08,9.6075,4.2700000000,,,,,,,,,,,,,,
2010-01-11,9.8100,4.3600000000,,,,,,,,,,,,,,
2010-01-12,9.7954,4.3535111111,,,,,,,,,,,,,,
2010-01-13,10.3700,4.6088888889,,,,,,,,,,,,,,
2010-01-14,11.0800,4.9244444444,,,,,,,,,,,,,,
2010-01-15,11.4841,5.1040444444,,,,,,,,,,,,,,
2010-01-18,11.4841,5.1040444444,,,,,,,,,,,,,,
2010-01-19,10.9100,4.8488888889,,,,,,,,,,,,,,
2010-01-20,10.9400,4.8622222222,,,,,,,,,,,,,,
2010-01-21,10.5601,4.6933777778,,,,,,,,,,,,,,
2010-01-22,10.4100,4.6266666667,,,,,,,,,,,,,,
2010-01-25,10.4000,4.6222222222,,,,,,,,,,,,,,
2010-01-26,10.6000,4.7111111111,,,,,,,,,,,,,,
2010-01-27,10.3300,4.5911111111,,,,,,,,,,,,,,
2010-01-28,10.5700,4.6977777778,,,,,,,,,,,,,,
2010-01-29,10.2300,4.5466666667,,,,,,,,,,,,,,
2010-02-01,9.5000,4.2222222222,,,,,,,,,,,,,,
2010-02-02,9.7600,4.3377777778,,,,,,,,,,,,,,
2010-02-03,9.9000,4.4000000000,,,,,,,,,,,,,,
2010-02-04,9.9400,4.4177777778,,,,,,,,,,,,,,
2010-02-05,10.1000,4.4888888889,,,,,,,,,,,,,,
2010-02-08,10.2000,4.5333333333,,,,,,,,,,,,,,
2010-02-09,10.1200,4.4977777778,,,,,,,,,,,,,,
2010-02-10,10.4000,4.6222222222,,,,,,,,,,,,,,
2010-02-11,10.9500,4.8666666667,,,,,,,,,,,,,,
2010-02-12,10.9200,4.8533333333,,,,,,,,,,,,,,
2010-02-16,10.9200,4.8533333333,,,,,,,,,,,,,,
2010-02-17,11.0000,4.8888888889,,,,,,,,,,,,,,
2010-02-18,10.8900,4.8400000000,,,,,,,,,,,,,,
2010-02-19,10.8300,4.8133333333,,,,,,,,,,,,,,
2010-02-22,10.8900,4.8400000000,,,,,,,,,,,,,,
2010-02-23,10.9500,4.8666666667,,,,,,,,,,,,,,
2010-02-24,10.9400,4.8622222222,,,,,,,,,,,,,,
2010-02-25,10.9299,4.8577333333,,,,,,,,,,,,,,
2010-02-26,10.7300,4.7688888889,,,,,,,,,,,,,,
2010-03-01,10.6000,4.7111111111,,,,,,,,,,,,,,
2010-03-02,11.0000,4.8888888889,,,,,,,,,,,,,,
2010-03-03,11.1600,4.9600000000,,,,,,,,,,,,,,
2010-03-04,11.2601,5.0044888889,,,,,,,,,,,,,,
2010-03-05,11.2500,5.0000000000,,,,,,,,,,,,,,
2010-03-08,11.3401,5.0400444444,,,,,,,,,,,,,,
2010-03-09,11.6801,5.1911555556,,,,,,,,,,,,,,
2010-03-10,12.1900,5.4177777778,,,,,,,,,,,,,,
2010-03-11,12.2301,5.4356000000,,,,,,,,,,,,,,
2010-03-12,12.3300,5.4800000000,,,,,,,,,,,,,,
2010-03-15,12.4700,5.5422222222,,,,,,,,,,,,,,
2010-03-16,12.4200,5.5200000000,,,,,,,,,,,,,,
2010-03-17,12.2100,5.4266666667,,,,,,,,,,,,,,
2010-03-18,12.4000,5.5111111111,,,,,,,,,,,,,,
2010-03-19,11.7199,5.2088444444,,,,,,,,,,,,,,
2010-03-22,12.1000,5.3777777778,,,,,,,,,,,,,,
2010-03-23,11.6500,5.1777777778,,,,,,,,,,,,,,
2010-03-24,11.9800,5.3244444444,,,,,,,,,,,,,,
2010-03-25,11.7500,5.2222222222,,,,,,,,,,,,,,
2010-03-26,11.6600,5.1822222222,,,,,,,,,,,,,,
2010-03-29,11.5100,5.1155555556,,,,,,,,,,,,,,
2010-03-30,11.6000,5.1555555556,,,,,,,,,,,,,,
2010-03-31,11.4000,5.0666666667,,,,,,,,,,,,,,
2010-04-01,11.4200,5.0755555556,,,,,,,,,,,,,,
2010-04-05,11.5700,5.1422222222,,,,,,,,,,,,,,
2010-04-06,11.8999,5.2888444444,,,,,,,,,,,,,,
2010-04-07,11.9900,5.3288888889,,,,,,,,,,,,,,
2010-04-08,11.9136,5.2949333333,,,,,,,,,,,,,,
2010-04-09,11.9300,5.3022222222,,,,,,,,,,,,,,
2010-04-12,11.8800,5.2800000000,,,,,,,,,,,,,,
2010-04-13,11.8450,5.2644444444,,,,,,,,,,,,,,
2010-04-14,11.8000,5.2444444444,,,,,,,,,,,,,,
2010-04-15,12.1000,5.3777777778,,,,,,,,,,,,,,
2010-04-16,11.9700,5.3200000000,,,,,,,,,,,,,,
2010-04-19,11.9000,5.2888888889,,,,,,,,,,,,,,
2010-04-20,12.0600,5.3600000000,,,,,,,,,,,,,,
2010-04-21,12.2000,5.4222222222,,,,,,,,,,,,,,
2010-04-22,12.1901,5.4178222222,,,,,,,,,,,,,,
2010-04-23,12.2400,5.4400000000,,,,,,,,,,,,,,
2010-04-26,12.2400,5.4400000000,,,,,,,,,,,,,,
2010-04-27,12.2000,5.4222222222,,,,,,,,,,,,,,
2010-04-28,12.0600,5.3600000000,,,,,,,,,,,,,,
2010-04-29,12.1100,5.3822222222,,,,,,,,,,,,,,
2010-04-30,12.1100,5.3822222222,,,,,,,,,,,,,,
2010-05-03,12.2000,5.4222222222,,,,,,,,,,,,,,
2010-05-04,12.2900,5.4622222222,,,,,,,,,,,,,,
2010-05-05,12.0000,5.3333333333,,,,,,,,,,,,,,
2010-05-06,12.1000,5.3777777778,,,,,,,,,,,,,,
2010-05-07,11.9150,5.2955555556,,,,,,,,,,,,,,
2010-05-10,12.4200,5.5200000000,,,,,,,,,,,,,,
2010-05-11,12.3300,5.4800000000,,,,,,,,,,,,,,
2010-05-12,12.3900,5.5066666667,,,,,,,,,,,,,,
2010-05-13,12.3200,5.4755555556,,,,,,,,,,,,,,
2010-05-14,12.4000,5.5111111111,,,,,,,,,,,,,,
2010-05-17,12.6100,5.6044444444,,,,,,,,,,,,,,
2010-05-18,13.0699,5.8088444444,,,,,,,,,,,,,,
2010-05-19,13.2400,5.8844444444,,,,,,,,,,,,,,
2010-05-20,13.0900,5.8177777778,,,,,,,,,,,,,,
2010-05-21,13.0500,5.8000000000,,,,,,,,,,,,,,
2010-05-24,13.4500,5.9777777778,,,,,,,,,,,,,,
2010-05-25,13.1200,5.8311111111,,,,,,,,,,,,,,
2010-05-26,13.2200,5.8755555556,,,,,,,,,,,,,,
2010-05-27,13.2900,5.9066666667,,,,,,,,,,,,,,
2010-05-28,13.2600,5.8933333333,,,,,,,,,,,,,,
2010-06-01,13.1000,5.8222222222,,,,,,,,,,,,,,
2010-06-02,13.1300,5.8355555556,,,,,,,,,,,,,,
2010-06-03,13.1600,5.8488888889,,,,,,,,,,,,,,
2010-06-04,13.0400,5.7955555556,,,,,,,,,,,,,,
2010-06-07,12.6600,5.6266666667,,,,,,,,,,,,,,
2010-06-08,11.2200,4.9866666667,,,,,,,,,,,,,,
2010-06-09,11.0000,4.8888888889,,,,,,,,,,,,,,
2010-06-10,10.9400,4.8622222222,,,,,,,,,,,,,,
2010-06-11,11.6600,5.1822222222,,,,,,,,,,,,,,
2010-06-14,11.8400,5.2622222222,,,,,,,,,,,,,,
2010-06-15,11.9250,5.3000000000,,,,,,,,,,,,,,
2010-06-16,11.8800,5.2800000000,,,,,,,,,,,,,,
2010-06-17,11.4000,5.0666666667,,,,,,,,,,,,,,
2010-06-18,11.1500,4.9555555556,,,,,,,,,,,,,,
2010-06-21,11.1900,4.9733333333,,,,,,,,,,,,,,
2010-06-22,11.0880,4.9280000000,,,,,,,,,,,,,,
2010-06-23,11.1100,4.9377777778,,,,,,,,,,,,,,
2010-06-24,10.7800,4.7911111111,,,,,,,,,,,,,,
2010-06-25,10.9100,4.8488888889,,,,,,,,,,,,,,
2010-06-28,10.8100,4.8044444444,,,,,,,,,,,,,,
2010-06-29,10.6200,4.7200000000,,,,,,,,,,,,,,
2010-06-30,10.4600,4.6488888889,,,3743318.9624874060,17402273.93231637765958319340,,,,,,,,,,
2010-07-01,10.3000,4.5777777778,,,3743319.0567968210,17136082.79341974322348437380,,,,,,,,,,
2010-07-02,10.1900,4.5288888889,,,3743319.0629659920,16953076.11187424064736628880,,,,,,,,,,
2010-07-06,9.7800,4.3466666667,,,3743318.8823455707,16270959.40872019127207818569,,,,,,,,,,
2010-07-07,10.1000,4.4888888889,,,3743319.0973064790,16803343.50350623150108118310,,,,,,,,,,
2010-07-08,9.9000,4.4000000000,,,3743319.0572857360,16470603.85205723840000000000,,,,,,,,,,
2010-07-09,10.0300,4.4577777778,,,3743318.9981673793,16686884.24524710236840371954,,,,,,,,,,
2010-07-12,9.7700,4.3422222222,,,3743319.0347180413,16254323.09733693224411737686,,,,,,,,,,
2010-07-13,10.1200,4.4977777778,,,3743319.0448513030,16836617.21514771213877447340,,,,,,,,,,
2010-07-14,9.8400,4.3733333333,,,3743319.0535491910,16370781.99406368467154836030,,,,,,,,,,
2010-07-15,9.9200,4.4088888889,,,3743319.0038541355,16503877.56370071428226504595,,,,,,,,,,
2010-07-16,10.0200,4.4533333333,,,3743318.9022600530,16670246.84460665872992466490,,,,,,,,,,
2010-07-19,9.8000,4.3555555556,,,3743318.9116190667,16304233.48188497135607195852,,,,,,,,,,
2010-07-20,9.8800,4.3911111111,,,3743319.0286011957,16437329.77888276912901554227,,,,,,,,,,
2010-07-21,9.8000,4.3555555556,,,3743318.9116190667,16304233.48188497135607195852,,,,,,,,,,
2010-07-22,9.8800,4.3911111111,,,3743319.0286011957,16437329.77888276912901554227,,,,,,,,,,
2010-07-23,10.1900,4.5288888889,,,3743319.0629659920,16953076.11187424064736628880,,,,,,,,,,
2010-07-26,10.2900,4.5733333333,,,3743318.9634640120,17119445.39278397091455119960,,,,,,,,,,
2010-07-27,10.2100,4.5377777778,,,3743319.0907126910,16986350.18505055158423805980,,,,,,,,,,
2010-07-28,10.2800,4.5688888889,,,3743319.1083561810,17102809.08177561051453729090,,,,,,,,,,
2010-07-29,10.3499,4.5999555556,,,3743318.9675586080,17219100.88120407503820260480,,,,,,,,,,
2010-07-30,10.1100,4.4933333333,,,3743318.9498436404,16819979.81450598023233854532,,,,,,,,,,
2010-08-02,10.2500,4.5555555556,,,3743318.9871601750,17052897.60834050028831823000,,,,,,,,,,
2010-08-03,10.2700,4.5644444444,,,3743319.0148911797,17086171.68113692605222705868,,,,,,,,,,
2010-08-04,8.6600,3.8488888889,,,3743319.0887222300,14407619.24819026434543024700,,,,,,,,,,
2010-08-05,8.8800,3.9466666667,,,3743319.0737725277,14773632.61128035329179241759,,,,,,,,,,
2010-08-06,9.0000,4.0000000000,,,3743318.9913403406,14973275.96536136240000000000,,,,,,,,,,
2010-08-09,8.9100,3.9600000000,,,3743318.9382478340,14823542.99546142264000000000,,,,,,,,,,
2010-08-10,8.6700,3.8533333333,,,3743318.9167797380,14424255.55919981312944067540,,,,,,,,,,
2010-08-11,8.7000,3.8666666667,,,3743319.0602287455,14474167.03300925990200762485,,,,,,,,,,
2010-08-12,8.6400,3.8400000000,,,3743318.8664794485,14374344.44728108224000000000,,,,,,,,,,
2010-08-13,8.7568,3.8919111111,,,3743319.0596137700,14568665.04050323473755984700,,,,,,,,,,
2010-08-16,8.7600,3.8933333333,,,3743318.9715468762,14573988.52909772737294843746,,,,,,,,,,
2010-08-17,8.8600,3.9377777778,,,3743319.1336339240,14740358.89963721448741408720,,,,,,,,,,
2010-08-18,8.8700,3.9422222222,,,3743318.9655172410,14756995.21064478298743295020,,,,,,,,,,
2010-08-19,8.8999,3.9555111111,,,3743319.1055791155,14806740.31451110536036023205,,,,,,,,,,
2010-08-20,8.8600,3.9377777778,,,3743319.1336339240,14740358.89963721448741408720,,,,,,,,,,
2010-08-23,8.8900,3.9511111111,,,3743318.9976015217,14790269.28381508663913776087,,,,,,,,,,
2010-08-24,8.9900,3.9955555556,,,3743318.8844360840,14956638.56509098979930827040,,,,,,,,,,
2010-08-25,8.9400,3.9733333333,,,3743319.0777750365,14873454.46890136772407416545,,,,,,,,,,
2010-08-26,8.8600,3.9377777778,,,3743319.1336339240,14740358.89963721448741408720,,,,,,,,,,
2010-08-27,8.8350,3.9266666667,,,3743319.0934561290,14698766.30709584384311520430,,,,,,,,,,
2010-08-30,9.0100,4.0044444444,,,3743319.0980061474,14989913.36562713607297750456,,,,,,,,,,
2010-08-31,8.9000,3.9555555556,,,3743319.1055791155,14806906.68445709327135907180,,,,,,,,,,
2010-09-01,8.9200,3.9644444444,,,3743319.0460490160,14840180.39572572925128671040,,,,,,,,,,
2010-09-02,8.9800,3.9911111111,,,3743318.9596353810,14940001.89219206151378182910,,,,,,,,,,
2010-09-03,8.9536,3.9793777778,,,3743318.9171434045,14896080.11409882332313652010,,,,,,,,,,
2010-09-07,8.7400,3.8844444444,,,3743319.0319957375,14540714.81745262837635574500,,,,,,,,,,
2010-09-08,8.9100,3.9600000000,,,3743318.9382478340,14823542.99546142264000000000,,,,,,,,,,
2010-09-09,8.9999,3.9999555556,,,3743318.9913403406,14973109.59579478367336623736,,,,,,,,,,
2010-09-10,8.9132,3.9614222222,,,3743319.1267047953,14828867.57331467356072211566,,,,,,,,,,
2010-09-13,8.9900,3.9955555556,,,3743318.8844360840,14956638.56509098979930827040,,,,,,,,,,
2010-09-14,8.9800,3.9911111111,,,3743318.9596353810,14940001.89219206151378182910,,,,,,,,,,
2010-09-15,8.9000,3.9555555556,,,3743319.1055791155,14806906.68445709327135907180,,,,,,,,,,
2010-09-16,9.0900,4.0400000000,,,3743319.0433821350,15123008.93526382540000000000,,,,,,,,,,
2010-09-17,8.9600,3.9822222222,,,3743319.0185727184,14906728.18054417373914282848,,,,,,,,,,
2010-09-20,8.9699,3.9866222222,,,3743318.9431405230,14923198.48350622724913021060,,,,,,,,,,
2010-09-21,8.9401,3.9733777778,,,3743318.9867865560,14873620.47731451344219525680,,,,,,,,,,
2010-09-22,8.9200,3.9644444444,,,3743319.0460490160,14840180.39572572925128671040,,,,,,,,,,
2010-09-23,8.8500,3.9333333333,,,3743319.0252007754,14723721.49899827260582664082,,,,,,,,,,
2010-09-24,8.9600,3.9822222222,,,3743319.0185727184,14906728.18054417373914282848,,,,,,,,,,
2010-09-27,8.9600,3.9822222222,,,3743319.0185727184,14906728.18054417373914282848,,,,,,,,,,
2010-09-28,8.8800,3.9466666667,,,3743319.0737725277,14773632.61128035329179241759,,,,,,,,,,
2010-09-29,8.8200,3.9200000000,,,3743318.8840724680,14673810.02556407456000000000,,,,,,,,,,
2010-09-30,8.9300,3.9688888889,,,3677905.4258034416,14597197.97889630272162003824,,,,,,,,,,
2010-10-01,8.8100,3.9155555556,,,3677905.5275822740,14401043.42149672199678143440,,,,,,,,,,
2010-10-04,8.7500,3.8888888889,,,3677905.4394711780,14302965.59798433561599412420,,,,,,,,,,
2010-10-05,8.7000,3.8666666667,,,3677905.5158037073,14221234.66123026507719345691,,,,,,,,,,
2010-10-06,8.7100,3.8711111111,,,3677905.3997017360,14237580.45836007685555886960,,,,,,,,,,
2010-10-07,8.7200,3.8755555556,,,3677905.5649241150,14253927.34511381038066329400,,,,,,,,,,
2010-10-08,8.7200,3.8755555556,,,3677905.5649241150,14253927.34511381038066329400,,,,,,,,,,
2010-10-11,8.7200,3.8755555556,,,3677905.5649241150,14253927.34511381038066329400,,,,,,,,,,
2010-10-12,8.7500,3.8888888889,,,3677905.4394711780,14302965.59798433561599412420,,,,,,,,,,
2010-10-13,8.7400,3.8844444444,,,3677905.5550881918,14286619.80049022478955163592,,,,,,,,,,
2010-10-14,8.7799,3.9021777778,,,3677905.5940151857,14351841.47781236631428033746,,,,,,,,,,
2010-10-15,8.7500,3.8888888889,,,3677905.4394711780,14302965.59798433561599412420,,,,,,,,,,
2010-10-18,8.7196,3.8753777778,,,3677905.4471864635,14253273.03887599218087081030,,,,,,,,,,
2010-10-19,8.7100,3.8711111111,,,3677905.3997017360,14237580.45836007685555886960,,,,,,,,,,
2010-10-20,8.7400,3.8844444444,,,3677905.5550881918,14286619.80049022478955163592,,,,,,,,,,
2010-10-21,8.6700,3.8533333333,,,3677905.3595658075,14172195.31873764805468113975,,,,,,,,,,
2010-10-22,8.6900,3.8622222222,,,3677905.6321741827,14204888.86373766772506279594,,,,,,,,,,
2010-10-25,8.7500,3.8888888889,,,3677905.4394711780,14302965.59798433561599412420,,,,,,,,,,
2010-10-26,8.6400,3.8400000000,,,3677905.4264885257,14123156.83771593868800000000,,,,,,,,,,
2010-10-27,8.6400,3.8400000000,,,3677905.4264885257,14123156.83771593868800000000,,,,,,,,,,
2010-10-28,8.6900,3.8622222222,,,3677905.6321741827,14204888.86373766772506279594,,,,,,,,,,
2010-10-29,8.7200,3.8755555556,,,3677905.5649241150,14253927.34511381038066329400,,,,,,,,,,
2010-11-01,8.6600,3.8488888889,,,3677905.4761567850,14155849.52160431366084618650,,,,,,,,,,
2010-11-02,8.7500,3.8888888889,,,3677905.4394711780,14302965.59798433561599412420,,,,,,,,,,
2010-11-03,8.8200,3.9200000000,,,3677905.4129154160,14417389.21862843072000000000,,,,,,,,,,
2010-11-04,8.8900,3.9511111111,,,3677905.6047197640,14531813.70038522414216978040,,,,,,,,,,
2010-11-05,9.0500,4.0222222222,,,3677905.5408113524,14793353.39740393064131530328,,,,,,,,,,
2010-11-08,8.8699,3.9421777778,,,3677905.5566301015,14498957.55419432558785844670,,,,,,,,,,
2010-11-09,9.0800,4.0355555556,,,3677905.4765310804,14842391.87878666692429027024,,,,,,,,,,
2010-11-10,9.5600,4.2488888889,,,3677905.5041402825,15627011.83096579926115711425,,,,,,,,,,
2010-11-11,9.4300,4.1911111111,,,3677905.5019882005,15414510.61495857025664457555,,,,,,,,,,
2010-11-12,9.5200,4.2311111111,,,3677905.4680259502,15561626.69134004367435526722,,,,,,,,,,
2010-11-15,9.5500,4.2444444444,,,3677905.6100189910,15610666.03347269932844360040,,,,,,,,,,
2010-11-16,9.4600,4.2044444444,,,3677905.3861499000,15463548.86782678376061556000,,,,,,,,,,
2010-11-17,9.4000,4.1777777778,,,3677905.5639568230,15365472.13394579176808792940,,,,,,,,,,
2010-11-18,9.6600,4.2933333333,,,3677905.6196879363,15790474.79373760966067706879,,,,,,,,,,
2010-11-19,9.4000,4.1777777778,,,3677905.5639568230,15365472.13394579176808792940,,,,,,,,,,
2010-11-22,9.6500,4.2888888889,,,3677905.4706151270,15774127.90734574363856239030,,,,,,,,,,
2010-11-23,9.9000,4.4000000000,,,3677905.3819874240,16182783.68074466560000000000,,,,,,,,,,
2010-11-24,9.9900,4.4400000000,,,3677905.4020901820,16329899.98528040808000000000,,,,,,,,,,
2010-11-26,9.7600,4.3377777778,,,3677905.4817567740,15953936.66761333756181681720,,,,,,,,,,
2010-11-29,9.7700,4.3422222222,,,3677905.3782861726,15970282.46474311601470475172,,,,,,,,,,
2010-11-30,9.9100,4.4044444444,,,3677905.5273896377,16199130.56713934180189379388,,,,,,,,,,
2010-12-01,9.8400,4.3733333333,,,3677905.6039850563,16084707.17463871603186716479,,,,,,,,,,
2010-12-02,9.7800,4.3466666667,,,3677905.5256233555,15986629.35149878209085411185,,,,,,,,,,
2010-12-03,9.8100,4.3600000000,,,3677905.4138456540,16035667.60436705144000000000,,,,,,,,,,
2010-12-06,9.8900,4.3955555556,,,3677905.5360063436,16166438.11176467944782250416,,,,,,,,,,
2010-12-07,9.9300,4.4133333333,,,3677905.5705012707,16231823.25102301117031662431,,,,,,,,,,
2010-12-08,9.8800,4.3911111111,,,3677905.3903207400,16150091.22501198380677421400,,,,,,,,,,
2010-12-09,9.7900,4.3511111111,,,3677905.4223201320,16002975.14863206428641866520,,,,,,,,,,
2010-12-10,9.8700,4.3866666667,,,3677905.4926499804,16133745.42788051087108833268,,,,,,,,,,
2010-12-13,9.9400,4.4177777778,,,3677905.4687114754,16248169.04852264922197136612,,,,,,,,,,
2010-12-14,9.9301,4.4133777778,,,3677905.5705012707,16231986.71369713931404225046,,,,,,,,,,
2010-12-15,9.9200,4.4088888889,,,3677905.4254372963,16215476.36463552308072708107,,,,,,,,,,
2010-12-16,10.0000,4.4444444444,,,3677905.4948286850,16346246.64351958197800761400,,,,,,,,,,
2010-12-17,9.9900,4.4400000000,,,3677905.4020901820,16329899.98528040808000000000,,,,,,,,,,
2010-12-20,9.8100,4.3600000000,,,3677905.4138456540,16035667.60436705144000000000,,,,,,,,,,
2010-12-21,9.9900,4.4400000000,,,3677905.4020901820,16329899.98528040808000000000,,,,,,,,,,
2010-12-22,9.8600,4.3822222222,,,3677905.5951877900,16117399.63038565072010693800,,,,,,,,,,
2010-12-23,9.9200,4.4088888889,,,3677905.4254372963,16215476.36463552308072708107,,,,,,,,,,
2010-12-27,9.7200,4.3200000000,,,3677905.4462934947,15888551.52798789710400000000,,,,,,,,,,
2010-12-28,9.7500,4.3333333333,,,3677905.5854406515,15937590.87012022631381864495,,,,,,,,,,
2010-12-29,9.7000,4.3111111111,,,3677905.4019910050,15855858.84409813371775565550,,,,,,,,,,
2010-12-30,9.6600,4.2933333333,,,3677905.6196879363,15790474.79373760966067706879,,,,,,,,,,
2010-12-31,9.7400,4.3288888889,,,3678883.5488903425,15925478.11834840357276544825,,,,,,,,,,
2011-01-03,9.7500,4.3333333333,,,3678883.4146096220,15941828.12985239921951301260,,,,,,,,,,
2011-01-04,9.9200,4.4088888889,,,3678883.5359225217,16219788.74508594993439913913,,,,,,,,,,
2011-01-05,9.9800,4.4355555556,,,3678883.6227008180,16317892.69107646755656448080,,,,,,,,,,
2011-01-06,9.9400,4.4177777778,,,3678883.5741407370,16252490.10095238664831423860,,,,,,,,,,
2011-01-07,10.1200,4.4977777778,,,3678883.5609803353,16546800.72769108329513289634,,,,,,,,,,
2011-01-10,10.1000,4.4888888889,,,3678883.5234166460,16514099.37182226519470462940,,,,,,,,,,
2011-01-11,10.1650,4.5177777778,,,3678883.4506702675,16620377.90055431702668156150,,,,,,,,,,
2011-01-12,10.4200,4.6311111111,,,3678883.4791607866,17037318.15678374412667599126,,,,,,,,,,
2011-01-13,10.4900,4.6622222222,,,3678883.4633895615,17151772.23589891376081356530,,,,,,,,,,
2011-01-14,10.3500,4.6000000000,,,3678883.5215836710,16922864.19928488660000000000,,,,,,,,,,
2011-01-18,10.4000,4.6222222222,,,3678883.4688346884,17004616.92253191786069256248,,,,,,,,,,
2011-01-19,10.3700,4.6088888889,,,3678883.5318585740,16955565.43354017087479842860,,,,,,,,,,
2011-01-20,10.4720,4.6542222222,,,3678883.4019846470,17122340.88239967965062256340,,,,,,,,,,
2011-01-21,10.3300,4.5911111111,,,3678883.4847801845,16890162.84341659279905799795,,,,,,,,,,
2011-01-24,10.2499,4.5555111111,,,3678883.6019319976,16759195.12504480449341853336,,,,,,,,,,
2011-01-25,10.1700,4.5200000000,,,3678883.5068440330,16628553.45093502916000000000,,,,,,,,,,
2011-01-26,10.2300,4.5466666667,,,3678883.5916724564,16726657.39692673121838908188,,,,,,,,,,
2011-01-27,9.8100,4.3600000000,,,3678883.5036350465,16039932.07584880274000000000,,,,,,,,,,
2011-01-28,9.6600,4.2933333333,,,3678883.4200177600,15794672.81648695348599940800,,,,,,,,,,
2011-01-31,9.8100,4.3600000000,,,3678883.5036350465,16039932.07584880274000000000,,,,,,,,,,
2011-02-01,9.8900,4.3955555556,,,3678883.3820686920,16170736.28845655654142527520,,,,,,,,,,
2011-02-02,9.7850,4.3488888889,,,3678883.4063869757,15999055.16959490191540429973,,,,,,,,,,
2011-02-03,9.8800,4.3911111111,,,3678883.4867164440,16154386.15496288650348092840,,,,,,,,,,
2011-02-04,9.9630,4.4280000000,,,3678883.4223020340,16290095.79395340655200000000,,,,,,,,,,
2011-02-07,9.9099,4.4044000000,,,3678883.3931000372,16203274.01656980384368000000,,,,,,,,,,
2011-02-08,9.8300,4.3688888889,,,3678883.5423471040,16072633.43171733529269274560,,,,,,,,,,
2011-02-09,9.8200,4.3644444444,,,3678883.3982230206,16056282.20896985508985675464,,,,,,,,,,
2011-02-10,9.7600,4.3377777778,,,3678883.5597519022,15958179.35260555984443893116,,,,,,,,,,
2011-02-11,9.7800,4.3466666667,,,3678883.5985465483,15990880.70847162606395155161,,,,,,,,,,
2011-02-14,9.4600,4.2044444444,,,3678883.3907614187,15467660.83388228113907727028,,,,,,,,,,
2011-02-15,9.5000,4.2222222222,,,3678883.4425468245,15533063.42400483936794340390,,,,,,,,,,
2011-02-16,9.7700,4.3422222222,,,3678883.4537427253,15974529.48572554755925016166,,,,,,,,,,
2011-02-17,9.8500,4.3777777778,,,3678883.5531226670,16105334.66597431739006939260,,,,,,,,,,
2011-02-18,9.7001,4.3111555556,,,3678883.4988251347,15860239.03436514553482333932,,,,,,,,,,
2011-02-22,9.6200,4.2755555556,,,3678883.6237643943,15729271.31599171623483397308,,,,,,,,,,
2011-02-23,9.4401,4.1956000000,,,3678883.3791993354,15435123.10576873160424000000,,,,,,,,,,
2011-02-24,9.4500,4.2000000000,,,3678883.5001815446,15451310.70076248732000000000,,,,,,,,,,
2011-02-25,9.5900,4.2622222222,,,3678883.4653718380,15680218.85899199210965840360,,,,,,,,,,
2011-02-28,9.5500,4.2444444444,,,3678883.3855155776,15614816.14724705677397708544,,,,,,,,,,
2011-03-01,9.6900,4.3066666667,,,3678883.6056452020,15843725.39510129940018817340,,,,,,,,,,
2011-03-02,9.5800,4.2577777778,,,3678883.5733838165,15663868.72586706944385297370,,,,,,,,,,
2011-03-03,9.7000,4.3111111111,,,3678883.4706149880,15860075.40661040511699316680,,,,,,,,,,
2011-03-04,9.8410,4.3737777778,,,3678883.5483388957,16090619.11083867411605197546,,,,,,,,,,
2011-03-07,9.8185,4.3637777778,,,3678883.4806050626,16053829.97977988947205789028,,,,,,,,,,
2011-03-08,9.8400,4.3733333333,,,3678883.4371108348,16088983.56484208807742963884,,,,,,,,,,
2011-03-09,9.7500,4.3333333333,,,3678883.4146096220,15941828.12985239921951301260,,,,,,,,,,
2011-03-10,9.8199,4.3644000000,,,3678883.3982230206,16056118.70320455110664000000,,,,,,,,,,
2011-03-11,9.6610,4.2937777778,,,3678883.5333214947,15796308.36249017976594047766,,,,,,,,,,
2011-03-14,9.6500,4.2888888889,,,3678883.5272006910,15778322.68336828455030222990,,,,,,,,,,
2011-03-15,9.6500,4.2888888889,,,3678883.5272006910,15778322.68336828455030222990,,,,,,,,,,
2011-03-16,9.1900,4.0844444444,,,3678883.3773368536,15026194.77215902055389613984,,,,,,,,,,
2011-03-17,9.3200,4.1422222222,,,3678883.4542968340,15238752.79727224386990451480,,,,,,,,,,
2011-03-18,9.5600,4.2488888889,,,3678883.5337247160,15631167.37000011424370805240,,,,,,,,,,
2011-03-21,9.4626,4.2056000000,,,3678883.4498834500,15471912.23682983732000000000,,,,,,,,,,
2011-03-22,9.3700,4.1644444444,,,3678883.3961079726,15320505.52051725107661742344,,,,,,,,,,
2011-03-23,9.4799,4.2132888889,,,3678883.4022750775,15500198.56236421301213638975,,,,,,,,,,
2011-03-24,9.3200,4.1422222222,,,3678883.4542968340,15238752.79727224386990451480,,,,,,,,,,
2011-03-25,9.3900,4.1733333333,,,3678883.4368638100,15353206.87638900428543787300,,,,,,,,,,
2011-03-28,9.4700,4.2088888889,,,3678883.5403726710,15484012.05663162953711525190,,,,,,,,,,
2011-03-29,9.4799,4.2132888889,,,3678883.4022750775,15500198.56236421301213638975,,,,,,,,,,
2011-03-30,9.4800,4.2133333333,,,3678883.4311419040,15500362.18975525940562860320,,,,,,,,,,
2011-03-31,9.4001,4.1778222222,,,3696531.0911224090,15443449.73754441346059727980,,,,,,,,,,
2011-04-01,9.3701,4.1644888889,,,3696530.9165097303,15394161.92928010540308566367,,,,,,,,,,
2011-04-04,9.4500,4.2000000000,,,3696530.9404014730,15525429.94968618660000000000,,,,,,,,,,
2011-04-05,9.4656,4.2069333333,,,3696530.9926984617,15551059.45075969744136338461,,,,,,,,,,
2011-04-06,9.4001,4.1778222222,,,3696531.0911224090,15443449.73754441346059727980,,,,,,,,,,
2011-04-07,9.4500,4.2000000000,,,3696530.9404014730,15525429.94968618660000000000,,,,,,,,,,
2011-04-08,9.4300,4.1911111111,,,3696530.9145723420,15492571.78858878746094919620,,,,,,,,,,
2011-04-11,9.5110,4.2271111111,,,3696531.0382147552,15625647.42416361041388650272,,,,,,,,,,
2011-04-12,9.5090,4.2262222222,,,3696531.0961622720,15622361.86365431906364083840,,,,,,,,,,
2011-04-13,9.5000,4.2222222222,,,3696530.8807595070,15607574.82979132886931645540,,,,,,,,,,
2011-04-14,9.4200,4.1866666667,,,3696531.1166614634,15476143.60854587780522204878,,,,,,,,,,
2011-04-15,9.4190,4.1862222222,,,3696531.0158201500,15474500.28347785168853733000,,,,,,,,,,
2011-04-18,9.4200,4.1866666667,,,3696531.1166614634,15476143.60854587780522204878,,,,,,,,,,
2011-04-19,9.3858,4.1714666667,,,3696530.9692918320,15419955.72082511849257639440,,,,,,,,,,
2011-04-20,9.4101,4.1822666667,,,3696530.8886342330,15459877.91796188256442114110,,,,,,,,,,
2011-04-21,9.4900,4.2177777778,,,3696530.9126594700,15591145.93836586526472576600,,,,,,,,,,
2011-04-22,9.4900,4.2177777778,,,3696530.9126594700,15591145.93836586526472576600,,,,,,,,,,
2011-04-25,9.4200,4.1866666667,,,3696531.1166614634,15476143.60854587780522204878,,,,,,,,,,
2011-04-26,9.5500,4.2444444444,,,3696531.0783760203,15689720.79916504033651662132,,,,,,,,,,
2011-04-27,9.4300,4.1911111111,,,3696530.9145723420,15492571.78858878746094919620,,,,,,,,,,
2011-04-28,9.5300,4.2355555556,,,3696531.0531053105,15656862.63842811652013801380,,,,,,,,,,
2011-04-29,9.4900,4.2177777778,,,3696530.9126594700,15591145.93836586526472576600,,,,,,,,,,
2011-05-02,9.5699,4.2532888889,,,3696530.9362835490,15722413.95876993282155870610,,,,,,,,,,
2011-05-03,9.6100,4.2711111111,,,3696531.0754635180,15788294.94893866431249484980,,,,,,,,,,
2011-05-04,9.4261,4.1893777778,,,3696531.0314344400,15486164.95803955619358743200,,,,,,,,,,
2011-05-05,9.4261,4.1893777778,,,3696531.0314344400,15486164.95803955619358743200,,,,,,,,,,
2011-05-06,9.5699,4.2532888889,,,3696530.9362835490,15722413.95876993282155870610,,,,,,,,,,
2011-05-09,9.6300,4.2800000000,,,3696530.9342631004,15821152.39864606971200000000,,,,,,,,,,
2011-05-10,9.7000,4.3111111111,,,3696530.9010056090,15936155.43984977512332215990,,,,,,,,,,
2011-05-11,9.6828,4.3034666667,,,3696531.0823124430,15907898.29515207240514374810,,,,,,,,,,
2011-05-12,9.6500,4.2888888889,,,3696530.9595164320,15854010.55974488092177240480,,,,,,,,,,
2011-05-13,9.6309,4.2804000000,,,3696530.9446254070,15822631.05537459212280000000,,,,,,,,,,
2011-05-16,9.5400,4.2400000000,,,3696531.1103118740,15673291.90772234576000000000,,,,,,,,,,
2011-05-17,9.4200,4.1866666667,,,3696531.1166614634,15476143.60854587780522204878,,,,,,,,,,
2011-05-18,9.5200,4.2311111111,,,3696530.9957779837,15640433.36876177402182468907,,,,,,,,,,
2011-05-19,9.7100,4.3155555556,,,3696530.9573689390,15952584.70952091146032750840,,,,,,,,,,
2011-05-20,9.5000,4.2222222222,,,3696530.8807595070,15607574.82979132886931645540,,,,,,,,,,
2011-05-23,9.5000,4.2222222222,,,3696530.8807595070,15607574.82979132886931645540,,,,,,,,,,
2011-05-24,9.5100,4.2266666667,,,3696530.9383295104,15624004.09946261498861098368,,,,,,,,,,
2011-05-25,9.5100,4.2266666667,,,3696530.9383295104,15624004.09946261498861098368,,,,,,,,,,
2011-05-26,9.6009,4.2670666667,,,3696531.1175779854,15773344.71423631993807926618,,,,,,,,,,
2011-05-27,9.7000,4.3111111111,,,3696530.9010056090,15936155.43984977512332215990,,,,,,,,,,
2011-05-31,9.6000,4.2666666667,,,3696531.0186367120,15771865.67963985556728789040,,,,,,,,,,
2011-06-01,9.4599,4.2044000000,,,3696530.9984608010,15541694.92992859172440000000,,,,,,,,,,
2011-06-02,9.6170,4.2742222222,,,3696531.0630693240,15799795.21482349437993179280,,,,,,,,,,
2011-06-03,9.1300,4.0577777778,,,3696530.8896964625,14999700.89916156851977103250,,,,,,,,,,
2011-06-06,9.1000,4.0444444444,,,3696530.9655588490,14950414.12720705457930849560,,,,,,,,,,
2011-06-07,9.1000,4.0444444444,,,3696530.9655588490,14950414.12720705457930849560,,,,,,,,,,
2011-06-08,9.0500,4.0222222222,,,3696531.0966925146,14868269.52216996914451794412,,,,,,,,,,
2011-06-09,9.3300,4.1466666667,,,3696531.0717118224,15328282.17748824125439039408,,,,,,,,,,
2011-06-10,9.1400,4.0622222222,,,3696531.0386252645,15016130.53015559599025277190,,,,,,,,,,
2011-06-13,9.0500,4.0222222222,,,3696531.0966925146,14868269.52216996914451794412,,,,,,,,,,
2011-06-14,9.0200,4.0088888889,,,3696530.9092833702,14818981.68970151665632537078,,,,,,,,,,
2011-06-15,9.0500,4.0222222222,,,3696531.0966925146,14868269.52216996914451794412,,,,,,,,,,
2011-06-16,9.1199,4.0532888889,,,3696530.9113751766,14983107.67055239393205527974,,,,,,,,,,
2011-06-17,9.1100,4.0488888889,,,3696531.1148958470,14966843.75857492419905439830,,,,,,,,,,
2011-06-20,9.0200,4.0088888889,,,3696530.9092833702,14818981.68970151665632537078,,,,,,,,,,
2011-06-21,9.0999,4.0444000000,,,3696530.9655588490,14950249.83710620889560000000,,,,,,,,,,
2011-06-22,8.9800,3.9911111111,,,3696531.1004784690,14753266.34764632815221690590,,,,,,,,,,
2011-06-23,9.1700,4.0755555556,,,3696530.8725531027,15065416.93408071326500236012,,,,,,,,,,
2011-06-24,8.8500,3.9333333333,,,3696530.9094832237,14539688.24384412885635055921,,,,,,,,,,
2011-06-27,8.8400,3.9288888889,,,3696531.0255440950,14523259.67373431692250604550,,,,,,,,,,
2011-06-28,8.8500,3.9333333333,,,3696530.9094832237,14539688.24384412885635055921,,,,,,,,,,
2011-06-29,8.8965,3.9540000000,,,3696530.9900724445,14616083.53474644555300000000,,,,,,,,,,
2011-06-30,9.1200,4.0533333333,,,3681049.5458947313,14920520.82590394255113684229,,,,,,,,,,
2011-07-01,9.0400,4.0177777778,,,3681049.5880861850,14789639.23399251772417969300,,,,,,,,,,
2011-07-05,9.1500,4.0666666667,,,3681049.5147657306,14969601.36017000609049219102,,,,,,,,,,
2011-07-06,9.1500,4.0666666667,,,3681049.5147657306,14969601.36017000609049219102,,,,,,,,,,
2011-07-07,9.1900,4.0844444444,,,3681049.6103896103,15035042.63071662830931601732,,,,,,,,,,
2011-07-08,9.1608,4.0714666667,,,3681049.5596435457,14987270.58055940985134811819,,,,,,,,,,
2011-07-11,9.1000,4.0444444444,,,3681049.4976785667,14887800.19044748978676984148,,,,,,,,,,
2011-07-12,9.0500,4.0222222222,,,3681049.4804030173,14805999.02109477959599104406,,,,,,,,,,
2011-07-13,9.1300,4.0577777778,,,3681049.4392010250,14936880.61337307143198224500,,,,,,,,,,
2011-07-14,8.9500,3.9777777778,,,3681049.4732631020,14642396.79372836238829473560,,,,,,,,,,
2011-07-15,8.8200,3.9200000000,,,3681049.5263870100,14429714.14343707920000000000,,,,,,,,,,
2011-07-18,9.0000,4.0000000000,,,3681049.4907702100,14724197.96308084000000000000,,,,,,,,,,
2011-07-19,9.1200,4.0533333333,,,3681049.5458947313,14920520.82590394255113684229,,,,,,,,,,
2011-07-20,8.9100,3.9600000000,,,3681049.3744474510,14576955.52281190596000000000,,,,,,,,,,
2011-07-21,8.8870,3.9497777778,,,3681049.3943219357,14539327.09667693112694048746,,,,,,,,,,
2011-07-22,8.9800,3.9911111111,,,3681049.4417862840,14691477.32762169070398015240,,,,,,,,,,
2011-07-25,8.9265,3.9673333333,,,3681049.5774949193,14603950.69032547485028350269,,,,,,,,,,
2011-07-26,8.9499,3.9777333333,,,3681049.5012535336,14642233.30266352073513154888,,,,,,,,,,
2011-07-27,8.9100,3.9600000000,,,3681049.3744474510,14576955.52281190596000000000,,,,,,,,,,
2011-07-28,8.7000,3.8666666667,,,3681049.4690921064,14233391.28061217972896973688,,,,,,,,,,
2011-07-29,8.7800,3.9022222222,,,3681049.4263498452,14364272.87251892817097000344,,,,,,,,,,
2011-08-01,8.8600,3.9377777778,,,3681049.6255186163,14495155.41434621906634485814,,,,,,,,,,
2011-08-02,8.8000,3.9111111111,,,3681049.4764823960,14396993.50797913713915019560,,,,,,,,,,
2011-08-03,8.7800,3.9022222222,,,3681049.4263498452,14364272.87251892817097000344,,,,,,,,,,
2011-08-04,8.6000,3.8222222222,,,3681049.4615299213,14069789.05287700920307711286,,,,,,,,,,
2011-08-05,8.0600,3.5822222222,,,3681049.5764970680,13186337.59394769582274450960,,,,,,,,,,
2011-08-08,7.7000,3.4222222222,,,3681049.3520987043,12597368.89376709806328669546,,,,,,,,,,
2011-08-09,8.4792,3.7685333333,,,3681049.4904566184,13872157.70631274667799811272,,,,,,,,,,
2011-08-10,8.0000,3.5555555556,,,3681049.3808742350,13088175.57660532663914996600,2436231,2454033,5481520,5521574,5504143,3654346.5,3681049.5,3654346.6666666665,3681049.333333333,3669428.6666666665
2011-08-11,7.7000,3.4222222222,,,3681049.3520987043,12597368.89376709806328669546,2436231,2454033,5481520,5521574,5504143,3654346.5,3681049.5,3654346.6666666665,3681049.333333333,3669428.6666666665
2011-08-12,7.8000,3.4666666667,,,3681049.3619365300,12760971.12150267231206455100,2436231,2454033,5481520,5521574,5504143,3654346.5,3681049.5,3654346.6666666665,3681049.333333333,3669428.6666666665
2011-08-15,7.8205,3.4757777778,,,3681049.3544547204,12794509.54519875260263232712,2436231,2454033,5481520,5521574,5504143,3654346.5,3681049.5,3654346.6666666665,3681049.333333333,3669428.6666666665
2011-08-16,7.8000,3.4666666667,,,3681049.3619365300,12760971.12150267231206455100,2436231,2454033,5481520,5521574,5504143,3654346.5,3681049.5,3654346.6666666665,3681049.333333333,3669428.6666666665
2011-08-17,8.0600,3.5822222222,,,3681049.5764970680,13186337.59394769582274450960,2436231,2454033,5481520,5521574,5504143,3654346.5,3681049.5,3654346.6666666665,3681049.333333333,3669428.6666666665
2011-08-18,7.9900,3.5511111111,,,3681049.5025841720,13071815.78913578135219350920,2436231,2454033,5481520,5521574,5504143,3654346.5,3681049.5,3654346.6666666665,3681049.333333333,3669428.6666666665
2011-08-19,7.8048,3.4688000000,,,3681049.6375814300,12768824.98284246438400000000,2436231,2454033,5481520,5521574,5504143,3654346.5,3681049.5,3654346.6666666665,3681049.333333333,3669428.6666666665
2011-08-22,7.7543,3.4463555556,,,3681049.4074188090,12686205.07569590025308528040,2436231,2454033,5481520,5521574,5504143,3654346.5,3681049.5,3654346.6666666665,3681049.333333333,3669428.6666666665
2011-08-23,7.7000,3.4222222222,,,3681049.3520987043,12597368.89376709806328669546,2436231,2454033,5481520,5521574,5504143,3654346.5,3681049.5,3654346.6666666665,3681049.333333333,3669428.6666666665
2011-08-24,7.7300,3.4355555556,,,3681049.5923913040,12646450.37757905994632850240,2436231,2454033,5481520,5521574,5504143,3654346.5,3681049.5,3654346.6666666665,3681049.333333333,3669428.6666666665
2011-08-25,7.7800,3.4577777778,,,3681049.6118798510,12728251.54693746367137510780,2436231,2454033,5481520,5521574,5504143,3654346.5,3681049.5,3654346.6666666665,3681049.333333333,3669428.6666666665
2011-08-26,7.6704,3.4090666667,,,3681049.3558224933,12548942.65741196947111408311,2436231,2454033,5481520,5521574,5504143,3654346.5,3681049.5,3654346.6666666665,3681049.333333333,3669428.6666666665
2011-08-29,7.8440,3.4862222222,,,3681049.5724414964,12832956.82046535345910130008,2436231,2454033,5481520,5521574,5504143,3654346.5,3681049.5,3654346.6666666665,3681049.333333333,3669428.6666666665
2011-08-30,7.9801,3.5467111111,,,3681049.6245999220,13055619.60407902724959333420,2436231,2454033,5481520,5521574,5504143,3654346.5,3681049.5,3654346.6666666665,3681049.333333333,3669428.6666666665
2011-08-31,7.9800,3.5466666667,,,3681049.6245999220,13055456.00203709168081999740,2436231,2454033,5481520,5521574,5504143,3654346.5,3681049.5,3654346.6666666665,3681049.333333333,3669428.6666666665
2011-09-01,7.9100,3.5155555556,,,3681049.5503651397,12940934.19722504888090511732,2436231,2454033,5481520,5521574,5504143,3654346.5,3681049.5,3654346.6666666665,3681049.333333333,3669428.6666666665
2011-09-02,7.9800,3.5466666667,,,3681049.6245999220,13055456.00203709168081999740,2436231,2454033,5481520,5521574,5504143,3654346.5,3681049.5,3654346.6666666665,3681049.333333333,3669428.6666666665
2011-09-06,7.8900,3.5066666667,,,3681049.4947661404,12908213.56176930065249220468,2436231,2454033,5481520,5521574,5504143,3654346.5,3681049.5,3654346.6666666665,3681049.333333333,3669428.6666666665
2011-09-07,7.8400,3.4844444444,,,3681049.5067592254,12826412.50338854319347736776,2436231,2454033,5481520,5521574,5504143,3654346.5,3681049.5,3654346.6666666665,3681049.333333333,3669428.6666666665
2011-09-08,7.8000,3.4666666667,,,3681049.3619365300,12760971.12150267231206455100,2436231,2454033,5481520,5521574,5504143,3654346.5,3681049.5,3654346.6666666665,3681049.333333333,3669428.6666666665
2011-09-09,7.8000,3.4666666667,,,3681049.3619365300,12760971.12150267231206455100,2436231,2454033,5481520,5521574,5504143,3654346.5,3681049.5,3654346.6666666665,3681049.333333333,3669428.6666666665
2011-09-12,7.6920,3.4186666667,,,3681049.5283018867,12584281.32087741831601006289,2436231,2454033,5481520,5521574,5504143,3654346.5,3681049.5,3654346.6666666665,3681049.333333333,3669428.6666666665
2011-09-13,7.6600,3.4044444444,,,3681049.5481458400,12531928.68374623530897129600,2436231,2454033,5481520,5521574,5504143,3654346.5,3681049.5,3654346.6666666665,3681049.333333333,3669428.6666666665
2011-09-14,7.6600,3.4044444444,,,3681049.5481458400,12531928.68374623530897129600,2436231,2454033,5481520,5521574,5504143,3654346.5,3681049.5,3654346.6666666665,3681049.333333333,3669428.6666666665
2011-09-15,7.7500,3.4444444444,,,3681049.3732097205,12679170.06311432397230179020,2436231,2454033,5481520,5521574,5504143,3654346.5,3681049.5,3654346.6666666665,3681049.333333333,3669428.6666666665
2011-09-16,7.7100,3.4266666667,,,3681049.5356037150,12613729.74212476505118679050,2436231,2454033,5481520,5521574,5504143,3654346.5,3681049.5,3654346.6666666665,3681049.333333333,3669428.6666666665
2011-09-19,7.7100,3.4266666667,,,3681049.5356037150,12613729.74212476505118679050,2436231,2454033,5481520,5521574,5504143,3654346.5,3681049.5,3654346.6666666665,3681049.333333333,3669428.6666666665
2011-09-20,7.7100,3.4266666667,,,3681049.5356037150,12613729.74212476505118679050,2436231,2454033,5481520,5521574,5504143,3654346.5,3681049.5,3654346.6666666665,3681049.333333333,3669428.6666666665
2011-09-21,7.6500,3.4000000000,,,3681049.3634548180,12515567.83574638120000000000,2436231,2454033,5481520,5521574,5504143,3654346.5,3681049.5,3654346.6666666665,3681049.333333333,3669428.6666666665
2011-09-22,7.5101,3.3378222222,,,3681049.5200559410,12286688.88906136445693209020,2436231,2454033,5481520,5521574,5504143,3654346.5,3681049.5,3654346.6666666665,3681049.333333333,3669428.6666666665
2011-09-23,7.6700,3.4088888889,,,3681049.4211378065,12548288.47120844537356819785,2436231,2454033,5481520,5521574,5504143,3654346.5,3681049.5,3654346.6666666665,3681049.333333333,3669428.6666666665
2011-09-26,7.7000,3.4222222222,,,3681049.3520987043,12597368.89376709806328669546,2436231,2454033,5481520,5521574,5504143,3654346.5,3681049.5,3654346.6666666665,3681049.333333333,3669428.6666666665
2011-09-27,7.7000,3.4222222222,,,3681049.3520987043,12597368.89376709806328669546,2436231,2454033,5481520,5521574,5504143,3654346.5,3681049.5,3654346.6666666665,3681049.333333333,3669428.6666666665
2011-09-28,7.6700,3.4088888889,,,3681049.4211378065,12548288.47120844537356819785,2436231,2454033,5481520,5521574,5504143,3654346.5,3681049.5,3654346.6666666665,3681049.333333333,3669428.6666666665
2011-09-29,7.5701,3.3644888889,,,3681049.3788232324,12384849.73454301236698248036,2436231,2454033,5481520,5521574,5504143,3654346.5,3681049.5,3654346.6666666665,3681049.333333333,3669428.6666666665
2011-09-30,7.5000,3.3333333333,,,3669429.0260980270,12231430.08687110903246339910,2436231,2454033,5481520,5521574,5504143,3654346.5,3681049.5,3654346.6666666665,3681049.333333333,3669428.6666666665
2011-10-03,7.4500,3.3111111111,,,3669429.0474512190,12149887.29040882036613943090,2436231,2454033,5481520,5521574,5504143,3654346.5,3681049.5,3654346.6666666665,3681049.333333333,3669428.6666666665
2011-10-04,7.4000,3.2888888889,,,3669429.0506757847,12068344.43337446333611861983,2436231,2454033,5481520,5521574,5504143,3654346.5,3681049.5,3654346.6666666665,3681049.333333333,3669428.6666666665
2011-10-05,7.3992,3.2885333333,,,3669428.9954190590,12067039.56561310852361936470,2436231,2454033,5481520,5521574,5504143,3654346.5,3681049.5,3654346.6666666665,3681049.333333333,3669428.6666666665
2011-10-06,7.3450,3.2644444444,,,3669429.0078320494,11978647.13873753775209635336,2436231,2454033,5481520,5521574,5504143,3654346.5,3681049.5,3654346.6666666665,3681049.333333333,3669428.6666666665
2011-10-07,7.3500,3.2666666667,,,3669429.0724863600,11986801.63691109030241621200,2436231,2454033,5481520,5521574,5504143,3654346.5,3681049.5,3654346.6666666665,3681049.333333333,3669428.6666666665
2011-10-10,7.5000,3.3333333333,,,3669429.0260980270,12231430.08687110903246339910,2436231,2454033,5481520,5521574,5504143,3654346.5,3681049.5,3654346.6666666665,3681049.333333333,3669428.6666666665
2011-10-11,7.5200,3.3422222222,,,3669428.9614017270,12264047.01758111804085773940,2436231,2454033,5481520,5521574,5504143,3654346.5,3681049.5,3654346.6666666665,3681049.333333333,3669428.6666666665
2011-10-12,7.7800,3.4577777778,,,3669429.0185009050,12688070.11738689437818890900,2436231,2454033,5481520,5521574,5504143,3654346.5,3681049.5,3654346.6666666665,3681049.333333333,3669428.6666666665
2011-10-13,7.7700,3.4533333333,,,3669428.8961936650,12671761.12139980883679354450,2436231,2454033,5481520,5521574,5504143,3654346.5,3681049.5,3654346.6666666665,3681049.333333333,3669428.6666666665
2011-10-14,7.7300,3.4355555556,,,3669429.0390316206,12606527.32092505339640140536,2436231,2454033,5481520,5521574,5504143,3654346.5,3681049.5,3654346.6666666665,3681049.333333333,3669428.6666666665
2011-10-17,7.7300,3.4355555556,,,3669429.0390316206,12606527.32092505339640140536,2436231,2454033,5481520,5521574,5504143,3654346.5,3681049.5,3654346.6666666665,3681049.333333333,3669428.6666666665
2011-10-18,7.7100,3.4266666667,,,3669429.1021671826,12573910.39021519334607223942,2436231,2454033,5481520,5521574,5504143,3654346.5,3681049.5,3654346.6666666665,3681049.333333333,3669428.6666666665
2011-10-19,7.7500,3.4444444444,,,3669428.9586349213,12639144.19069053207961622572,2436231,2454033,5481520,5521574,5504143,3654346.5,3681049.5,3654346.6666666665,3681049.333333333,3669428.6666666665
2011-10-20,7.8700,3.4977777778,,,3669428.8747346070,12834846.77526436823721632460,2436231,2454033,5481520,5521574,5504143,3654346.5,3681049.5,3654346.6666666665,3681049.333333333,3669428.6666666665
2011-10-21,7.9200,3.5200000000,,,3669428.8728149487,12916389.63230861942400000000,2436231,2454033,5481520,5521574,5504143,3654346.5,3681049.5,3654346.6666666665,3681049.333333333,3669428.6666666665
2011-10-24,7.9800,3.5466666667,,,3669428.9731087910,13014241.42474815971243695970,2436231,2454033,5481520,5521574,5504143,3654346.5,3681049.5,3654346.6666666665,3681049.333333333,3669428.6666666665
2011-10-25,7.9800,3.5466666667,,,3669428.9731087910,13014241.42474815971243695970,2436231,2454033,5481520,5521574,5504143,3654346.5,3681049.5,3654346.6666666665,3681049.333333333,3669428.6666666665
2011-10-26,8.0200,3.5644444444,,,3669428.8520491680,13079475.28580772643324225920,2436231,2454033,5481520,5521574,5504143,3654346.5,3681049.5,3654346.6666666665,3681049.333333333,3669428.6666666665
2011-10-27,8.2099,3.6488444444,,,3669428.9701692155,13389175.51192235530508136820,2436231,2454033,5481520,5521574,5504143,3654346.5,3681049.5,3654346.6666666665,3681049.333333333,3669428.6666666665
2011-10-28,8.0400,3.5733333333,,,3669429.0719078440,13112093.21682838159093640520,2436231,2454033,5481520,5521574,5504143,3654346.5,3681049.5,3654346.6666666665,3681049.333333333,3669428.6666666665
2011-10-31,8.1000,3.6000000000,,,3669428.8913773790,13209944.00895856440000000000,2436231,2454033,5481520,5521574,5504143,3654346.5,3681049.5,3654346.6666666665,3681049.333333333,3669428.6666666665
2011-11-01,7.9960,3.5537777778,,,3669428.9211296197,13040334.95712707136322510266,2436231,2454033,5481520,5521574,5504143,3654346.5,3681049.5,3654346.6666666665,3681049.333333333,3669428.6666666665
2011-11-02,8.3600,3.7155555556,,,3669428.9466921740,13633967.10876156334874187440,2446286,2446286,5504143,5504143,5504143,3669429,3669429,3669428.6666666665,3669428.6666666665,3669428.6666666665
2011-11-03,8.1400,3.6177777778,,,3669429.0490014960,13275178.87069139950775558880,2446286,2446286,5504143,5504143,5504143,3669429,3669429,3669428.6666666665,3669428.6666666665,3669428.6666666665
2011-11-04,8.0400,3.5733333333,,,3669429.0719078440,13112093.21682838159093640520,2446286,2446286,5504143,5504143,5504143,3669429,3669429,3669428.6666666665,3669428.6666666665,3669428.6666666665
2011-11-07,8.0801,3.5911555556,,,3669428.9512555394,13177490.16418081191158469064,2446286,2446286,5504143,5504143,5504143,3669429,3669429,3669428.6666666665,3669428.6666666665,3669428.6666666665
2011-11-08,8.1201,3.6089333333,,,3669429.1257569520,13242725.08612614166700810160,2446286,2446286,5504143,5504143,5504143,3669429,3669429,3669428.6666666665,3669428.6666666665,3669428.6666666665
2011-11-09,7.9999,3.5555111111,,,3669428.8953870027,13046695.20893988763437569997,2446286,2446286,5504143,5504143,5504143,3669429,3669429,3669428.6666666665,3669428.6666666665,3669428.6666666665
2011-11-10,8.0400,3.5733333333,,,3669429.0719078440,13112093.21682838159093640520,2446286,2446286,5504143,5504143,5504143,3669429,3669429,3669428.6666666665,3669428.6666666665,3669428.6666666665
2011-11-11,8.0100,3.5600000000,,,3669429.0312006436,13063167.35107429121600000000,2446286,2446286,5504143,5504143,5504143,3669429,3669429,3669428.6666666665,3669428.6666666665,3669428.6666666665
2011-11-14,8.1000,3.6000000000,,,3669428.8913773790,13209944.00895856440000000000,2446286,2446286,5504143,5504143,5504143,3669429,3669429,3669428.6666666665,3669428.6666666665,3669428.6666666665
2011-11-15,8.2000,3.6444444444,,,3669428.8708409746,13373029.66245735503685151224,2446286,2446286,5504143,5504143,5504143,3669429,3669429,3669428.6666666665,3669428.6666666665,3669428.6666666665
2011-11-16,8.2500,3.6666666667,,,3669429.1418320700,13454573.52017323763806106900,2446286,2446286,5504143,5504143,5504143,3669429,3669429,3669428.6666666665,3669428.6666666665,3669428.6666666665
2011-11-17,8.0600,3.5822222222,,,3669429.0114316177,13144710.14753571876063485294,2446286,2446286,5504143,5504143,5504143,3669429,3669429,3669428.6666666665,3669428.6666666665,3669428.6666666665
2011-11-18,8.3900,3.7288888889,,,3669429.0022475747,13682893.03508839442580275083,2446286,2446286,5504143,5504143,5504143,3669429,3669429,3669428.6666666665,3669428.6666666665,3669428.6666666665
2011-11-21,8.2500,3.6666666667,,,3669429.1418320700,13454573.52017323763806106900,2446286,2446286,5504143,5504143,5504143,3669429,3669429,3669428.6666666665,3669428.6666666665,3669428.6666666665
2011-11-22,8.3000,3.6888888889,,,3669429.1383872083,13536116.37720247316375985787,2446286,2446286,5504143,5504143,5504143,3669429,3669429,3669428.6666666665,3669428.6666666665,3669428.6666666665
2011-11-23,8.3721,3.7209333333,,,3669428.9217083880,13653700.38895981689140972040,2446286,2446286,5504143,5504143,5504143,3669429,3669429,3669428.6666666665,3669428.6666666665,3669428.6666666665
2011-11-25,8.4232,3.7436444444,,,3669428.9843572886,13737037.43140949797203745384,2446286,2446286,5504143,5504143,5504143,3669429,3669429,3669428.6666666665,3669428.6666666665,3669428.6666666665
2011-11-28,8.4700,3.7644444444,,,3669429.0384398600,13813361.75787496502051378400,2446286,2446286,5504143,5504143,5504143,3669429,3669429,3669428.6666666665,3669428.6666666665,3669428.6666666665
2011-11-29,8.4700,3.7644444444,,,3669429.0384398600,13813361.75787496502051378400,2446286,2446286,5504143,5504143,5504143,3669429,3669429,3669428.6666666665,3669428.6666666665,3669428.6666666665
2011-11-30,8.5100,3.7822222222,,,3669428.9080250203,13878595.55871531169226611066,2446286,2446286,5504143,5504143,5504143,3669429,3669429,3669428.6666666665,3669428.6666666665,3669428.6666666665
2011-12-01,8.4100,3.7377777778,,,3669428.9282470480,13715509.90521828672284993440,2446286,2446286,5504143,5504143,5504143,3669429,3669429,3669428.6666666665,3669428.6666666665,3669428.6666666665
2011-12-02,8.3000,3.6888888889,,,3669429.1383872083,13536116.37720247316375985787,2446286,2446286,5504143,5504143,5504143,3669429,3669429,3669428.6666666665,3669428.6666666665,3669428.6666666665
2011-12-05,8.5200,3.7866666667,,,3669429.0196957383,13894904.55470350999665652461,2446286,2446286,5504143,5504143,5504143,3669429,3669429,3669428.6666666665,3669428.6666666665,3669428.6666666665
2011-12-06,8.4800,3.7688888889,,,3669428.8689973540,13829669.69297302117409997060,2446286,2446286,5504143,5504143,5504143,3669429,3669429,3669428.6666666665,3669428.6666666665,3669428.6666666665
2011-12-07,8.4700,3.7644444444,,,3669429.0384398600,13813361.75787496502051378400,2446286,2446286,5504143,5504143,5504143,3669429,3669429,3669428.6666666665,3669428.6666666665,3669428.6666666665
2011-12-08,8.2100,3.6488888889,,,3669428.9867713335,13389338.65843750389318634815,2446286,2446286,5504143,5504143,5504143,3669429,3669429,3669428.6666666665,3669428.6666666665,3669428.6666666665
2011-12-09,8.2000,3.6444444444,,,3669428.8708409746,13373029.66245735503685151224,2446286,2446286,5504143,5504143,5504143,3669429,3669429,3669428.6666666665,3669428.6666666665,3669428.6666666665
2011-12-12,8.6300,3.8355555556,,,3669429.1088123030,14074299.20418538568928054680,2446286,2446286,5504143,5504143,5504143,3669429,3669429,3669428.6666666665,3669428.6666666665,3669428.6666666665
2011-12-13,8.6500,3.8444444444,,,3669429.0523759588,14106916.13452671142878329072,2446286,2446286,5504143,5504143,5504143,3669429,3669429,3669428.6666666665,3669428.6666666665,3669428.6666666665
2011-12-14,8.6700,3.8533333333,,,3669428.9962006495,14139533.06523752177345997835,2446286,2446286,5504143,5504143,5504143,3669429,3669429,3669428.6666666665,3669428.6666666665,3669428.6666666665
2011-12-15,8.5600,3.8044444444,,,3669428.9060539305,13960138.41575764541750871420,2446286,2446286,5504143,5504143,5504143,3669429,3669429,3669428.6666666665,3669428.6666666665,3669428.6666666665
2011-12-16,8.1000,3.6000000000,,,3669428.8913773790,13209944.00895856440000000000,2446286,2446286,5504143,5504143,5504143,3669429,3669429,3669428.6666666665,3669428.6666666665,3669428.6666666665
2011-12-19,8.2000,3.6444444444,,,3669428.8708409746,13373029.66245735503685151224,2446286,2446286,5504143,5504143,5504143,3669429,3669429,3669428.6666666665,3669428.6666666665,3669428.6666666665
2011-12-20,8.2100,3.6488888889,,,3669428.9867713335,13389338.65843750389318634815,2446286,2446286,5504143,5504143,5504143,3669429,3669429,3669428.6666666665,3669428.6666666665,3669428.6666666665
2011-12-21,8.2100,3.6488888889,,,3669428.9867713335,13389338.65843750389318634815,2446286,2446286,5504143,5504143,5504143,3669429,3669429,3669428.6666666665,3669428.6666666665,3669428.6666666665
2011-12-22,8.3600,3.7155555556,,,3669428.9466921740,13633967.10876156334874187440,2446286,2446286,5504143,5504143,5504143,3669429,3669429,3669428.6666666665,3669428.6666666665,3669428.6666666665
2011-12-23,8.3500,3.7111111111,,,3669429.1186644180,13617659.17366940203201483980,2446286,2446286,5504143,5504143,5504143,3669429,3669429,3669428.6666666665,3669428.6666666665,3669428.6666666665
2011-12-27,8.1700,3.6311111111,,,3669429.1056768050,13324104.79701678272104803550,2446286,2446286,5504143,5504143,5504143,3669429,3669429,3669428.6666666665,3669428.6666666665,3669428.6666666665
2011-12-28,8.2800,3.6800000000,,,3669428.9091328415,13503498.38560885672000000000,2446286,2446286,5504143,5504143,5504143,3669429,3669429,3669428.6666666665,3669428.6666666665,3669428.6666666665
2011-12-29,8.4300,3.7466666667,,,3669428.8707667910,13748126.83592855790902555970,2446286,2446286,5504143,5504143,5504143,3669429,3669429,3669428.6666666665,3669428.6666666665,3669428.6666666665
2011-12-30,8.4900,3.7733333333,,,3669428.9811066130,13845978.68858663875396311290,2446286,2446286,5504143,5504143,5504143,3669429,3669429,3669428.6666666665,3669428.6666666665,3669428.6666666665
2012-01-03,8.4900,3.7733333333,,,3669428.9811066130,13845978.68858663875396311290,2446286,2446286,5504143,5504143,5504143,3669429,3669429,3669428.6666666665,3669428.6666666665,3669428.6666666665
2012-01-04,8.3500,3.7111111111,,,3669429.1186644180,13617659.17366940203201483980,2446286,2446286,5504143,5504143,5504143,3669429,3669429,3669428.6666666665,3669428.6666666665,3669428.6666666665
2012-01-05,8.4100,3.7377777778,,,3669428.9282470480,13715509.90521828672284993440,2446286,2446286,5504143,5504143,5504143,3669429,3669429,3669428.6666666665,3669428.6666666665,3669428.6666666665
2012-01-06,8.3600,3.7155555556,,,3669428.9466921740,13633967.10876156334874187440,2446286,2446286,5504143,5504143,5504143,3669429,3669429,3669428.6666666665,3669428.6666666665,3669428.6666666665
2012-01-09,8.5000,3.7777777778,,,3669429.0769187560,13862287.62399684331282041680,2446286,2446286,5504143,5504143,5504143,3669429,3669429,3669428.6666666665,3669428.6666666665,3669428.6666666665
2012-01-10,8.5270,3.7897777778,,,3669428.9393388014,13906320.25152241377100752892,2446286,2446286,5504143,5504143,5504143,3669429,3669429,3669428.6666666665,3669428.6666666665,3669428.6666666665
2012-01-11,8.6000,3.8222222222,,,3669429.0551793054,14025373.27749269110544045988,2446286,2446286,5504143,5504143,5504143,3669429,3669429,3669428.6666666665,3669428.6666666665,3669428.6666666665
2012-01-12,8.6700,3.8533333333,,,3669428.9962006495,14139533.06523752177345997835,2446286,2446286,5504143,5504143,5504143,3669429,3669429,3669428.6666666665,3669428.6666666665,3669428.6666666665
2012-01-13,8.5210,3.7871111111,,,3669429.0836764993,13896535.65418476213698137223,2446286,2446286,5504143,5504143,5504143,3669429,3669429,3669428.6666666665,3669428.6666666665,3669428.6666666665
2012-01-17,8.7500,3.8888888889,,,3669429.0312900674,14270001.78839103354479211186,2446286,2446286,5504143,5504143,5504143,3669429,3669429,3669428.6666666665,3669428.6666666665,3669428.6666666665
2012-01-18,8.6808,3.8581333333,,,3669428.8778288010,14157145.86772491046887237330,2446286,2446286,5504143,5504143,5504143,3669429,3669429,3669428.6666666665,3669428.6666666665,3669428.6666666665
2012-01-19,9.0300,4.0133333333,,,3669429.0245836640,14726641.81854012388584721120,2446286,2446286,5504143,5504143,5504143,3669429,3669429,3669428.6666666665,3669428.6666666665,3669428.6666666665
2012-01-20,9.0800,4.0355555556,,,3669429.0070716897,14808184.61536794905631429732,2446286,2446286,5504143,5504143,5504143,3669429,3669429,3669428.6666666665,3669428.6666666665,3669428.6666666665
2012-01-23,8.9300,3.9688888889,,,3669429.0449333084,14563556.16504274655027703676,2446286,2446286,5504143,5504143,5504143,3669429,3669429,3669428.6666666665,3669428.6666666665,3669428.6666666665
2012-01-24,9.0000,4.0000000000,,,3669428.9730532570,14677715.89221302800000000000,2446286,2446286,5504143,5504143,5504143,3669429,3669429,3669428.6666666665,3669428.6666666665,3669428.6666666665
2012-01-25,9.1092,4.0485333333,,,3669429.0131544470,14855805.67393390286062818510,2446286,2446286,5504143,5504143,5504143,3669429,3669429,3669428.6666666665,3669428.6666666665,3669428.6666666665
2012-01-26,9.2000,4.0888888889,,,3669428.9346686730,15003887.19957490103260742970,2446286,2446286,5504143,5504143,5504143,3669429,3669429,3669428.6666666665,3669428.6666666665,3669428.6666666665
2012-01-27,9.2180,4.0968888889,,,3669429.0079498670,15033242.93127715988053277630,2446286,2446286,5504143,5504143,5504143,3669429,3669429,3669428.6666666665,3669428.6666666665,3669428.6666666665
2012-01-30,9.0100,4.0044444444,,,3669429.0785778626,14694024.88783093294139653944,2446286,2446286,5504143,5504143,5504143,3669429,3669429,3669428.6666666665,3669428.6666666665,3669428.6666666665
2012-01-31,9.0400,4.0177777778,,,3669429.1297000423,14742950.81452082393266000094,2446286,2446286,5504143,5504143,5504143,3669429,3669429,3669428.6666666665,3669428.6666666665,3669428.6666666665
2012-02-01,9.1000,4.0444444444,,,3669428.9536500275,14840801.54571035882428222100,2446286,2446286,5504143,5504143,5504143,3669429,3669429,3669428.6666666665,3669428.6666666665,3669428.6666666665
2012-02-02,9.3700,4.1644444444,,,3669429.1027665970,15281133.64113603154654370680,2446286,2446286,5504143,5504143,5504143,3669429,3669429,3669428.6666666665,3669428.6666666665,3669428.6666666665
2012-02-03,8.8000,3.9111111111,,,3669429.0131828785,14351544.58485226447763130135,2446286,2446286,5504143,5504143,5504143,3669429,3669429,3669428.6666666665,3669428.6666666665,3669428.6666666665
2012-02-06,8.8200,3.9200000000,,,3669428.9580514210,14384161.51556157032000000000,2446286,2446286,5504143,5504143,5504143,3669429,3669429,3669428.6666666665,3669428.6666666665,3669428.6666666665
2012-02-07,8.8700,3.9422222222,,,3669428.9404989370,14465704.31201871099687780140,2446286,2446286,5504143,5504143,5504143,3669429,3669429,3669428.6666666665,3669428.6666666665,3669428.6666666665
2012-02-08,8.8900,3.9511111111,,,3669428.8859651480,14498321.24272819111015594280,2446286,2446286,5504143,5504143,5504143,3669429,3669429,3669428.6666666665,3669428.6666666665,3669428.6666666665
2012-02-09,8.9900,3.9955555556,,,3669428.8672932930,14661406.89659273198076859080,2446286,2446286,5504143,5504143,5504143,3669429,3669429,3669428.6666666665,3669428.6666666665,3669428.6666666665
2012-02-10,9.1400,4.0622222222,,,3669429.1086678333,14906036.46801801106958515926,2446286,2446286,5504143,5504143,5504143,3669429,3669429,3669428.6666666665,3669428.6666666665,3669428.6666666665
2012-02-13,9.2100,4.0933333333,,,3669429.0379431890,15020196.19519180600540189370,2446286,2446286,5504143,5504143,5504143,3669429,3669429,3669428.6666666665,3669428.6666666665,3669428.6666666665
2012-02-14,9.1400,4.0622222222,,,3669429.1086678333,14906036.46801801106958515926,2446286,2446286,5504143,5504143,5504143,3669429,3669429,3669428.6666666665,3669428.6666666665,3669428.6666666665
2012-02-15,9.3300,4.1466666667,,,3669428.9661524290,15215898.77976771988553841430,2446286,2446286,5504143,5504143,5504143,3669429,3669429,3669428.6666666665,3669428.6666666665,3669428.6666666665
2012-02-16,9.1400,4.0622222222,,,3669429.1086678333,14906036.46801801106958515926,2446286,2446286,5504143,5504143,5504143,3669429,3669429,3669428.6666666665,3669428.6666666665,3669428.6666666665
2012-02-17,9.3400,4.1511111111,,,3669429.0533633204,15232207.71480963413762929644,2446286,2446286,5504143,5504143,5504143,3669429,3669429,3669428.6666666665,3669428.6666666665,3669428.6666666665
2012-02-21,9.2300,4.1022222222,,,3669428.9852074070,15052813.12590262007143983540,2446286,2446286,5504143,5504143,5504143,3669429,3669429,3669428.6666666665,3669428.6666666665,3669428.6666666665
2012-02-22,9.2284,4.1015111111,,,3669428.8818188873,15050203.33017141503878867903,2446286,2446286,5504143,5504143,5504143,3669429,3669429,3669428.6666666665,3669428.6666666665,3669428.6666666665
2012-02-23,9.2000,4.0888888889,,,3669428.9346686730,15003887.19957490103260742970,2446286,2446286,5504143,5504143,5504143,3669429,3669429,3669428.6666666665,3669428.6666666665,3669428.6666666665
2012-02-24,9.2000,4.0888888889,,,3669428.9346686730,15003887.19957490103260742970,2446286,2446286,5504143,5504143,5504143,3669429,3669429,3669428.6666666665,3669428.6666666665,3669428.6666666665
2012-02-27,9.3500,4.1555555556,,,3669428.8996681133,15248515.64989502321998524948,2446286,2446286,5504143,5504143,5504143,3669429,3669429,3669428.6666666665,3669428.6666666665,3669428.6666666665
2012-02-28,9.3200,4.1422222222,,,3669429.1202458700,15199590.84467023864177231400,2446286,2446286,5504143,5504143,5504143,3669429,3669429,3669428.6666666665,3669428.6666666665,3669428.6666666665
2012-02-29,9.2900,4.1288888889,,,3669429.0706338803,15150664.91834688165056259867,2446286,2446286,5504143,5504143,5504143,3669429,3669429,3669428.6666666665,3669428.6666666665,3669428.6666666665
2012-03-01,9.3600,4.1600000000,,,3669429.0013261246,15264824.64551667833600000000,2446286,2446286,5504143,5504143,5504143,3669429,3669429,3669428.6666666665,3669428.6666666665,3669428.6666666665
2012-03-02,9.4300,4.1911111111,,,3669428.9475016454,15378984.43326612462147220394,2446286,2446286,5504143,5504143,5504143,3669429,3669429,3669428.6666666665,3669428.6666666665,3669428.6666666665
2012-03-05,9.3500,4.1555555556,,,3669428.8996681133,15248515.64989502321998524948,2446286,2446286,5504143,5504143,5504143,3669429,3669429,3669428.6666666665,3669428.6666666665,3669428.6666666665
2012-03-06,9.4300,4.1911111111,,,3669428.9475016454,15378984.43326612462147220394,2446286,2446286,5504143,5504143,5504143,3669429,3669429,3669428.6666666665,3669428.6666666665,3669428.6666666665
2012-03-07,9.4800,4.2133333333,,,3669428.9311343324,15460527.22972367288096218892,2446286,2446286,5504143,5504143,5504143,3669429,3669429,3669428.6666666665,3669428.6666666665,3669428.6666666665
2012-03-08,9.4700,4.2088888889,,,3669429.0827514934,15444219.29499927921114168326,2446286,2446286,5504143,5504143,5504143,3669429,3669429,3669428.6666666665,3669428.6666666665,3669428.6666666665
2012-03-09,9.4300,4.1911111111,,,3669428.9475016454,15378984.43326612462147220394,2446286,2446286,5504143,5504143,5504143,3669429,3669429,3669428.6666666665,3669428.6666666665,3669428.6666666665
2012-03-12,9.4324,4.1921777778,,,3669429.0920133620,15382899.09675124763706696360,2446286,2446286,5504143,5504143,5504143,3669429,3669429,3669428.6666666665,3669428.6666666665,3669428.6666666665
2012-03-13,9.4900,4.2177777778,,,3669429.0313655460,15476836.22570777910736367880,2446286,2446286,5504143,5504143,5504143,3669429,3669429,3669428.6666666665,3669428.6666666665,3669428.6666666665
2012-03-14,9.4400,4.1955555556,,,3669429.0338078740,15395293.36867256598372479440,2446286,2446286,5504143,5504143,5504143,3669429,3669429,3669428.6666666665,3669428.6666666665,3669428.6666666665
2012-03-15,9.4300,4.1911111111,,,3669428.9475016454,15378984.43326612462147220394,2446286,2446286,5504143,5504143,5504143,3669429,3669429,3669428.6666666665,3669428.6666666665,3669428.6666666665
2012-03-16,9.3452,4.1534222222,,,3669429.1187739465,15240688.44470347261149391230,2446286,2446286,5504143,5504143,5504143,3669429,3669429,3669428.6666666665,3669428.6666666665,3669428.6666666665
2012-03-19,9.5400,4.2400000000,,,3669429.0146624630,15558379.02216884312000000000,2446286,2446286,5504143,5504143,5504143,3669429,3669429,3669428.6666666665,3669428.6666666665,3669428.6666666665
2012-03-20,9.4750,4.2111111111,,,3669428.8809391850,15452372.73191424095687845350,2446286,2446286,5504143,5504143,5504143,3669429,3669429,3669428.6666666665,3669428.6666666665,3669428.6666666665
2012-03-21,9.4700,4.2088888889,,,3669429.0827514934,15444219.29499927921114168326,2446286,2446286,5504143,5504143,5504143,3669429,3669429,3669428.6666666665,3669428.6666666665,3669428.6666666665
2012-03-22,9.5150,4.2288888889,,,3669429.0301540312,15517607.65422548559722393368,2446286,2446286,5504143,5504143,5504143,3669429,3669429,3669428.6666666665,3669428.6666666665,3669428.6666666665
2012-03-23,9.5000,4.2222222222,,,3669428.8801226160,15493144.16043616913599727520,2446286,2446286,5504143,5504143,5504143,3669429,3669429,3669428.6666666665,3669428.6666666665,3669428.6666666665
2012-03-26,9.5100,4.2266666667,,,3669428.9801962800,15509453.15641859109933987600,2446286,2446286,5504143,5504143,5504143,3669429,3669429,3669428.6666666665,3669428.6666666665,3669428.6666666665
2012-03-27,9.4801,4.2133777778,,,3669428.9311343324,15460690.31565780268079854072,2446286,2446286,5504143,5504143,5504143,3669429,3669429,3669428.6666666665,3669428.6666666665,3669428.6666666665
2012-03-28,9.4200,4.1866666667,,,3669429.0999391847,15362676.49853436758066463949,2446286,2446286,5504143,5504143,5504143,3669429,3669429,3669428.6666666665,3669428.6666666665,3669428.6666666665
2012-03-29,9.4000,4.1777777778,,,3669428.8979177247,15330058.50693781494439817166,2446286,2446286,5504143,5504143,5504143,3669429,3669429,3669428.6666666665,3669428.6666666665,3669428.6666666665
2012-03-30,9.5500,4.2444444444,,,3669429.1141771646,15574688.01778887956381434824,2446286,2446286,5504143,5504143,5504143,3669429,3669429,3669428.6666666665,3669428.6666666665,3669428.6666666665
2012-04-02,9.5401,4.2400444444,,,3676813.6212375206,15589853.16782239507286055464,2446286,2446286,5504143,5504143,5504143,3669429,3669429,3669428.6666666665,3669428.6666666665,3669428.6666666665
2012-04-03,9.5500,4.2444444444,,,3676813.3873225357,15606030.15491668204278566508,2446286,2446286,5504143,5504143,5504143,3669429,3669429,3669428.6666666665,3669428.6666666665,3669428.6666666665
2012-04-04,9.6100,4.2711111111,,,3676813.4624937903,15704078.83309929086508340233,2446286,2446286,5504143,5504143,5504143,3669429,3669429,3669428.6666666665,3669428.6666666665,3669428.6666666665
2012-04-05,9.4800,4.2133333333,,,3676813.5465189475,15491641.07587727168178270175,2446286,2446286,5504143,5504143,5504143,3669429,3669429,3669428.6666666665,3669428.6666666665,3669428.6666666665
2012-04-09,9.5000,4.2222222222,,,3676813.4877760746,15524323.61497283023360497612,2446286,2446286,5504143,5504143,5504143,3669429,3669429,3669428.6666666665,3669428.6666666665,3669428.6666666665
2012-04-10,9.6992,4.3107555556,,,3676813.4275096600,15849843.90954194471766709600,2446286,2446286,5504143,5504143,5504143,3669429,3669429,3669428.6666666665,3669428.6666666665,3669428.6666666665
2012-04-11,9.5600,4.2488888889,,,3676813.4831460677,15622371.95509703446625717853,2446286,2446286,5504143,5504143,5504143,3669429,3669429,3669428.6666666665,3669428.6666666665,3669428.6666666665
2012-04-12,9.4501,4.2000444444,,,3676813.5892902250,15442780.48879283285047599000,2446286,2446286,5504143,5504143,5504143,3669429,3669429,3669428.6666666665,3669428.6666666665,3669428.6666666665
2012-04-13,9.5000,4.2222222222,,,3676813.4877760746,15524323.61497283023360497612,2446286,2446286,5504143,5504143,5504143,3669429,3669429,3669428.6666666665,3669428.6666666665,3669428.6666666665
2012-04-16,9.5000,4.2222222222,,,3676813.4877760746,15524323.61497283023360497612,2446286,2446286,5504143,5504143,5504143,3669429,3669429,3669428.6666666665,3669428.6666666665,3669428.6666666665
2012-04-17,9.6500,4.2888888889,,,3676813.5157196920,15769444.63412753250573021880,2446286,2446286,5504143,5504143,5504143,3669429,3669429,3669428.6666666665,3669428.6666666665,3669428.6666666665
2012-04-18,9.5500,4.2444444444,,,3676813.3873225357,15606030.15491668204278566508,2446286,2446286,5504143,5504143,5504143,3669429,3669429,3669428.6666666665,3669428.6666666665,3669428.6666666665
2012-04-19,9.5800,4.2577777778,,,3676813.4250261625,15655054.49419310107611169250,2446286,2446286,5504143,5504143,5504143,3669429,3669429,3669428.6666666665,3669428.6666666665,3669428.6666666665
2012-04-20,9.4600,4.2044444444,,,3676813.6055108374,15458958.53678437353042174056,2446286,2446286,5504143,5504143,5504143,3669429,3669429,3669428.6666666665,3669428.6666666665,3669428.6666666665
2012-04-23,9.6000,4.2666666667,,,3676813.6157939234,15687738.09417663362719313078,2446286,2446286,5504143,5504143,5504143,3669429,3669429,3669428.6666666665,3669428.6666666665,3669428.6666666665
2012-04-24,9.6692,4.2974222222,,,3676813.4689444060,15800819.90832595992077901320,2446286,2446286,5504143,5504143,5504143,3669429,3669429,3669428.6666666665,3669428.6666666665,3669428.6666666665
2012-04-25,9.4308,4.1914666667,,,3676813.3842921867,15411240.73993711792630307289,2446286,2446286,5504143,5504143,5504143,3669429,3669429,3669428.6666666665,3669428.6666666665,3669428.6666666665
2012-04-26,9.4300,4.1911111111,,,3676813.3954336047,15409933.47504309866049518217,2446286,2446286,5504143,5504143,5504143,3669429,3669429,3669428.6666666665,3669428.6666666665,3669428.6666666665
2012-04-27,9.4850,4.2155555556,,,3676813.4688947050,15499811.44570398145417309800,2446286,2446286,5504143,5504143,5504143,3669429,3669429,3669428.6666666665,3669428.6666666665,3669428.6666666665
2012-04-30,9.5348,4.2376888889,,,3676813.6187257480,15581192.21863030327594139720,2446286,2446286,5504143,5504143,5504143,3669429,3669429,3669428.6666666665,3669428.6666666665,3669428.6666666665
2012-05-01,9.6392,4.2840888889,,,3676813.4317270075,15751795.56941995156879696675,2446286,2446286,5504143,5504143,5504143,3669429,3669429,3669428.6666666665,3669428.6666666665,3669428.6666666665
2012-05-02,9.6500,4.2888888889,,,3676813.5157196920,15769444.63412753250573021880,2446286,2446286,5504143,5504143,5504143,3669429,3669429,3669428.6666666665,3669428.6666666665,3669428.6666666665
2012-05-03,9.6350,4.2822222222,,,3676813.4971757005,15744932.46449068161895165110,2446286,2446286,5504143,5504143,5504143,3669429,3669429,3669428.6666666665,3669428.6666666665,3669428.6666666665
2012-05-04,9.3800,4.1688888889,,,3676813.4161237780,15328226.59703687021129026420,2446286,2446286,5504143,5504143,5504143,3669429,3669429,3669428.6666666665,3669428.6666666665,3669428.6666666665
2012-05-07,9.6699,4.2977333333,,,3676813.4580731160,15801963.75908687262179756280,2446286,2446286,5504143,5504143,5504143,3669429,3669429,3669428.6666666665,3669428.6666666665,3669428.6666666665
2012-05-08,9.5500,4.2444444444,,,3676813.3873225357,15606030.15491668204278566508,2446286,2446286,5504143,5504143,5504143,3669429,3669429,3669428.6666666665,3669428.6666666665,3669428.6666666665
2012-05-09,9.5000,4.2222222222,,,3676813.4877760746,15524323.61497283023360497612,2446286,2446286,5504143,5504143,5504143,3669429,3669429,3669428.6666666665,3669428.6666666665,3669428.6666666665
2012-05-10,9.5500,4.2444444444,,,3676813.3873225357,15606030.15491668204278566508,2446286,2446286,5504143,5504143,5504143,3669429,3669429,3669428.6666666665,3669428.6666666665,3669428.6666666665
2012-05-11,9.5000,4.2222222222,,,3676813.4877760746,15524323.61497283023360497612,2446286,2446286,5504143,5504143,5504143,3669429,3669429,3669428.6666666665,3669428.6666666665,3669428.6666666665
2012-05-14,9.4500,4.2000000000,,,3676813.5088029504,15442616.73697239168000000000,2446286,2446286,5504143,5504143,5504143,3669429,3669429,3669428.6666666665,3669428.6666666665,3669428.6666666665
2012-05-15,9.5700,4.2533333333,,,3676813.5787688317,15638713.75490753704470770561,2446286,2446286,5504143,5504143,5504143,3669429,3669429,3669428.6666666665,3669428.6666666665,3669428.6666666665
2012-05-16,9.5700,4.2533333333,,,3676813.5787688317,15638713.75490753704470770561,2446286,2446286,5504143,5504143,5504143,3669429,3669429,3669428.6666666665,3669428.6666666665,3669428.6666666665
2012-05-17,9.4500,4.2000000000,,,3676813.5088029504,15442616.73697239168000000000,2446286,2446286,5504143,5504143,5504143,3669429,3669429,3669428.6666666665,3669428.6666666665,3669428.6666666665
2012-05-18,9.3600,4.1600000000,,,3676813.4754666940,15295544.05794144704000000000,2446286,2446286,5504143,5504143,5504143,3669429,3669429,3669428.6666666665,3669428.6666666665,3669428.6666666665
2012-05-21,9.2100,4.0933333333,,,3676813.4459879743,15050423.03878821435313373419,2446286,2446286,5504143,5504143,5504143,3669429,3669429,3669428.6666666665,3669428.6666666665,3669428.6666666665
2012-05-22,9.1981,4.0880444444,,,3676813.4634348885,15030976.85229011847355844940,2446286,2446286,5504143,5504143,5504143,3669429,3669429,3669428.6666666665,3669428.6666666665,3669428.6666666665
2012-05-23,9.0501,4.0222666667,,,3676813.5780978003,14789124.69485273933928326001,2446286,2446286,5504143,5504143,5504143,3669429,3669429,3669428.6666666665,3669428.6666666665,3669428.6666666665
2012-05-24,9.0800,4.0355555556,,,3676813.5334787980,14837985.28193562986371016880,2446286,2446286,5504143,5504143,5504143,3669429,3669429,3669428.6666666665,3669428.6666666665,3669428.6666666665
2012-05-25,9.2499,4.1110666667,,,3676813.5015870556,15115625.42604705182535956852,2446286,2446286,5504143,5504143,5504143,3669429,3669429,3669428.6666666665,3669428.6666666665,3669428.6666666665
2012-05-29,9.2500,4.1111111111,,,3676813.5015870556,15115788.83981704176109347716,2446286,2446286,5504143,5504143,5504143,3669429,3669429,3669428.6666666665,3669428.6666666665,3669428.6666666665
2012-05-30,9.2500,4.1111111111,,,3676813.5015870556,15115788.83981704176109347716,2446286,2446286,5504143,5504143,5504143,3669429,3669429,3669428.6666666665,3669428.6666666665,3669428.6666666665
2012-05-31,9.1000,4.0444444444,,,3676813.4721821470,14870667.82066215837901412680,2446286,2446286,5504143,5504143,5504143,3669429,3669429,3669428.6666666665,3669428.6666666665,3669428.6666666665
2012-06-01,9.4700,4.2088888889,,,3676813.4499533690,15475299.27606681100722170410,2446286,2446286,5504143,5504143,5504143,3669429,3669429,3669428.6666666665,3669428.6666666665,3669428.6666666665
2012-06-04,9.2600,4.1155555556,,,3676813.6003918230,15132130.63999820548446185880,2446286,2446286,5504143,5504143,5504143,3669429,3669429,3669428.6666666665,3669428.6666666665,3669428.6666666665
2012-06-05,8.7400,3.8844444444,,,3676813.6009832034,14282378.16543356282484519096,2443786,2451209,5498518,5515220,5504143,3665679,3676813.5,3665678.6666666665,3676813.333333333,3669428.6666666665
2012-06-06,8.2600,3.6711111111,,,3676813.5754989753,13497991.17045760695049445583,2443786,2451209,5498518,5515220,5504143,3665679,3676813.5,3665678.6666666665,3676813.333333333,3669428.6666666665
2012-06-07,8.2500,3.6666666667,,,3676813.3783024170,13481649.05389808944594341390,2443786,2451209,5498518,5515220,5504143,3665679,3676813.5,3665678.6666666665,3676813.333333333,3669428.6666666665
2012-06-08,8.0600,3.5822222222,,,3676813.5788262370,13171163.30895805757380386140,2443786,2451209,5498518,5515220,5504143,3665679,3676813.5,3665678.6666666665,3676813.333333333,3669428.6666666665
2012-06-11,8.1700,3.6311111111,,,3676813.3957712500,13350917.97482630762893587500,2443786,2451209,5498518,5515220,5504143,3665679,3676813.5,3665678.6666666665,3676813.333333333,3669428.6666666665
2012-06-12,8.2300,3.6577777778,,,3676813.5459514284,13448966.88149515395968780952,2443786,2451209,5498518,5515220,5504143,3665679,3676813.5,3665678.6666666665,3676813.333333333,3669428.6666666665
2012-06-13,8.2300,3.6577777778,,,3676813.5459514284,13448966.88149515395968780952,2443786,2451209,5498518,5515220,5504143,3665679,3676813.5,3665678.6666666665,3676813.333333333,3669428.6666666665
2012-06-14,8.2000,3.6444444444,,,3676813.4260830223,13399942.26378360067439631012,2443786,2451209,5498518,5515220,5504143,3665679,3676813.5,3665678.6666666665,3676813.333333333,3669428.6666666665
2012-06-15,8.1200,3.6088888889,,,3676813.4441303294,13269211.18508008669515700366,2443786,2451209,5498518,5515220,5504143,3665679,3676813.5,3665678.6666666665,3676813.333333333,3669428.6666666665
2012-06-18,8.1500,3.6222222222,,,3676813.5651085380,13318235.80242255289855314360,2443786,2451209,5498518,5515220,5504143,3665679,3676813.5,3665678.6666666665,3676813.333333333,3669428.6666666665
2012-06-19,8.1600,3.6266666667,,,3676813.4803364400,13334576.88880938284934454800,2443786,2451209,5498518,5515220,5504143,3665679,3676813.5,3665678.6666666665,3676813.333333333,3669428.6666666665
2012-06-20,8.2100,3.6488888889,,,3676813.6244245490,13416284.38071887450249360610,2443786,2451209,5498518,5515220,5504143,3665679,3676813.5,3665678.6666666665,3676813.333333333,3669428.6666666665
2012-06-21,8.2100,3.6488888889,,,3676813.6244245490,13416284.38071887450249360610,2443786,2451209,5498518,5515220,5504143,3665679,3676813.5,3665678.6666666665,3676813.333333333,3669428.6666666665
2012-06-22,8.2911,3.6849333333,,,3676813.4910646870,13548812.59355140683283117710,2443786,2451209,5498518,5515220,5504143,3665679,3676813.5,3665678.6666666665,3676813.333333333,3669428.6666666665
2012-06-25,8.3400,3.7066666667,,,3676813.5564946620,13628722.24952944093188315540,2443786,2451209,5498518,5515220,5504143,3665679,3676813.5,3665678.6666666665,3676813.333333333,3669428.6666666665
2012-06-26,8.3900,3.7288888889,,,3676813.5087331417,13710429.03927243520031925713,2443786,2451209,5498518,5515220,5504143,3665679,3676813.5,3665678.6666666665,3676813.333333333,3669428.6666666665
2012-06-27,8.4999,3.7777333333,,,3676813.5195591687,13890020.99316676311962802771,2443786,2451209,5498518,5515220,5504143,3665679,3676813.5,3665678.6666666665,3676813.333333333,3669428.6666666665
2012-06-28,8.4400,3.7511111111,,,3676813.3739937910,13792135.50062918920251118010,2443786,2451209,5498518,5515220,5504143,3665679,3676813.5,3665678.6666666665,3676813.333333333,3669428.6666666665
2012-06-29,8.7460,3.8871111111,,,3676813.5422466130,14292182.77350975864864170430,2443786,2451209,5498518,5515220,5504143,3665679,3676813.5,3665678.6666666665,3676813.333333333,3669428.6666666665
2012-07-02,8.2500,3.6666666667,,,3687337.5491849356,13520237.68046767511830616452,2443786,2451209,5498518,5515220,5504143,3665679,3676813.5,3665678.6666666665,3676813.333333333,3669428.6666666665
2012-07-03,8.6001,3.8222666667,,,3687337.5572930710,14093987.43411230676617643570,2443786,2451209,5498518,5515220,5504143,3665679,3676813.5,3665678.6666666665,3676813.333333333,3669428.6666666665
2012-07-05,8.6800,3.8577777778,,,3687337.4472404770,14224928.46321409210327201060,2443786,2451209,5498518,5515220,5504143,3665679,3676813.5,3665678.6666666665,3676813.333333333,3669428.6666666665
2012-07-06,8.7700,3.8977777778,,,3687337.5284226113,14372422.27753363021218716914,2443786,2451209,5498518,5515220,5504143,3665679,3676813.5,3665678.6666666665,3676813.333333333,3669428.6666666665
2012-07-09,8.4800,3.7688888889,,,3687337.5806628023,13897165.63738344308600736447,2443786,2451209,5498518,5515220,5504143,3665679,3676813.5,3665678.6666666665,3676813.333333333,3669428.6666666665
2012-07-10,8.8500,3.9333333333,,,3687337.4905022660,14503527.46251933501698325780,2443786,2451209,5498518,5515220,5504143,3665679,3676813.5,3665678.6666666665,3676813.333333333,3669428.6666666665
2012-07-11,8.8800,3.9466666667,,,3687337.3893516464,14552691.56343074237164505488,2443786,2451209,5498518,5515220,5504143,3665679,3676813.5,3665678.6666666665,3676813.333333333,3669428.6666666665
2012-07-12,8.7501,3.8889333333,,,3687337.6262024010,14339810.20566981274139325330,2443786,2451209,5498518,5515220,5504143,3665679,3676813.5,3665678.6666666665,3676813.333333333,3669428.6666666665
2012-07-13,8.7500,3.8888888889,,,3687337.5556497774,14339646.04979010475061833086,2443786,2451209,5498518,5515220,5504143,3665679,3676813.5,3665678.6666666665,3676813.333333333,3669428.6666666665
2012-07-16,8.0700,3.5866666667,,,3687337.3750143660,13225250.05184110396583381220,2443786,2451209,5498518,5515220,5504143,3665679,3676813.5,3665678.6666666665,3676813.333333333,3669428.6666666665
2012-07-17,8.2100,3.6488888889,,,3687337.5321264155,13454684.95060002430813473795,2443786,2451209,5498518,5515220,5504143,3665679,3676813.5,3665678.6666666665,3676813.333333333,3669428.6666666665
2012-07-18,8.5000,3.7777777778,,,3687337.5525124120,13929941.86512883061227805360,2443786,2451209,5498518,5515220,5504143,3665679,3676813.5,3665678.6666666665,3676813.333333333,3669428.6666666665
2012-07-19,8.6101,3.8267111111,,,3687337.4087738670,14110375.03252963947621362370,2443786,2451209,5498518,5515220,5504143,3665679,3676813.5,3665678.6666666665,3676813.333333333,3669428.6666666665
2012-07-20,8.6500,3.8444444444,,,3687337.6223026400,14175764.63668848988345321600,2443786,2451209,5498518,5515220,5504143,3665679,3676813.5,3665678.6666666665,3676813.333333333,3669428.6666666665
2012-07-23,8.5000,3.7777777778,,,3687337.5525124120,13929941.86512883061227805360,2443786,2451209,5498518,5515220,5504143,3665679,3676813.5,3665678.6666666665,3676813.333333333,3669428.6666666665
2012-07-24,8.6209,3.8315111111,,,3687337.4754565750,14128074.50758729065805048250,2443786,2451209,5498518,5515220,5504143,3665679,3676813.5,3665678.6666666665,3676813.333333333,3669428.6666666665
2012-07-25,8.5000,3.7777777778,,,3687337.5525124120,13929941.86512883061227805360,2443786,2451209,5498518,5515220,5504143,3665679,3676813.5,3665678.6666666665,3676813.333333333,3669428.6666666665
2012-07-26,8.5280,3.7902222222,,,3687337.6111367900,13975828.95448452366197473800,2443786,2451209,5498518,5515220,5504143,3665679,3676813.5,3665678.6666666665,3676813.333333333,3669428.6666666665
2012-07-27,8.5000,3.7777777778,,,3687337.5525124120,13929941.86512883061227805360,2443786,2451209,5498518,5515220,5504143,3665679,3676813.5,3665678.6666666665,3676813.333333333,3669428.6666666665
2012-07-30,8.6400,3.8400000000,,,3687337.5020127743,14159376.00772905331200000000,2443786,2451209,5498518,5515220,5504143,3665679,3676813.5,3665678.6666666665,3676813.333333333,3669428.6666666665
2012-07-31,8.6400,3.8400000000,,,3687337.5020127743,14159376.00772905331200000000,2443786,2451209,5498518,5515220,5504143,3665679,3676813.5,3665678.6666666665,3676813.333333333,3669428.6666666665
2012-08-01,8.6500,3.8444444444,,,3687337.6223026400,14175764.63668848988345321600,2443786,2451209,5498518,5515220,5504143,3665679,3676813.5,3665678.6666666665,3676813.333333333,3669428.6666666665
2012-08-02,8.5200,3.7866666667,,,3687337.5244937950,13962718.09287274831748312650,2443786,2451209,5498518,5515220,5504143,3665679,3676813.5,3665678.6666666665,3676813.333333333,3669428.6666666665
2012-08-03,8.4100,3.7377777778,,,3687337.4689826304,13782448.05081257268331072512,2443786,2451209,5498518,5515220,5504143,3665679,3676813.5,3665678.6666666665,3676813.333333333,3669428.6666666665
2012-08-06,8.3900,3.7288888889,,,3687337.4972363478,13749671.82306895176863595942,2443786,2451209,5498518,5515220,5504143,3665679,3676813.5,3665678.6666666665,3676813.333333333,3669428.6666666665
2012-08-07,8.6500,3.8444444444,,,3687337.6223026400,14175764.63668848988345321600,2446286,2458225,5504143,5531006,5504143,3669429,3687337.5,3669428.6666666665,3687337.333333333,3669428.6666666665
2012-08-08,8.7700,3.8977777778,,,3687337.5284226113,14372422.27753363021218716914,2446286,2458225,5504143,5531006,5504143,3669429,3687337.5,3669428.6666666665,3687337.333333333,3669428.6666666665
2012-08-09,8.6000,3.8222222222,,,3687337.4855078330,14093823.27785910974476649260,2446286,2458225,5504143,5531006,5504143,3669429,3687337.5,3669428.6666666665,3687337.333333333,3669428.6666666665
2012-08-10,8.4400,3.7511111111,,,3687337.5642187973,13831612.90751754034350868003,2446286,2458225,5504143,5531006,5504143,3669429,3687337.5,3669428.6666666665,3687337.333333333,3669428.6666666665
2012-08-13,8.5000,3.7777777778,,,3687337.5525124120,13929941.86512883061227805360,2446286,2458225,5504143,5531006,5504143,3669429,3687337.5,3669428.6666666665,3687337.333333333,3669428.6666666665
2012-08-14,8.5500,3.8000000000,,,3687337.4193198460,14011882.19341541480000000000,2446286,2458225,5504143,5531006,5504143,3669429,3687337.5,3669428.6666666665,3687337.333333333,3669428.6666666665
2012-08-15,8.6000,3.8222222222,,,3687337.4855078330,14093823.27785910974476649260,2446286,2458225,5504143,5531006,5504143,3669429,3687337.5,3669428.6666666665,3687337.333333333,3669428.6666666665
2012-08-16,8.2400,3.6622222222,,,3687337.4229676113,13503849.05114166677371183086,2446286,2458225,5504143,5531006,5504143,3669429,3687337.5,3669428.6666666665,3687337.333333333,3669428.6666666665
2012-08-17,8.3200,3.6977777778,,,3687337.3836463965,13634954.23649883811074769770,2446286,2458225,5504143,5531006,5504143,3669429,3687337.5,3669428.6666666665,3687337.333333333,3669428.6666666665
2012-08-20,8.5100,3.7822222222,,,3687337.4022506196,13946329.46354151374483887512,2446286,2458225,5504143,5531006,5504143,3669429,3687337.5,3669428.6666666665,3687337.333333333,3669428.6666666665
2012-08-21,8.5900,3.8177777778,,,3687337.6342925010,14077435.67944753354298427780,2446286,2458225,5504143,5531006,5504143,3669429,3687337.5,3669428.6666666665,3687337.333333333,3669428.6666666665
2012-08-22,8.6500,3.8444444444,,,3687337.6223026400,14175764.63668848988345321600,2446286,2458225,5504143,5531006,5504143,3669429,3687337.5,3669428.6666666665,3687337.333333333,3669428.6666666665
2012-08-23,8.6100,3.8266666667,,,3687337.6063772487,14110211.90719318294554590829,2446286,2458225,5504143,5531006,5504143,3669429,3687337.5,3669428.6666666665,3687337.333333333,3669428.6666666665
2012-08-24,8.6730,3.8546666667,,,3687337.4505400490,14213456.75947128679368466830,2446286,2458225,5504143,5531006,5504143,3669429,3687337.5,3669428.6666666665,3687337.333333333,3669428.6666666665
2012-08-27,8.6000,3.8222222222,,,3687337.4855078330,14093823.27785910974476649260,2446286,2458225,5504143,5531006,5504143,3669429,3687337.5,3669428.6666666665,3687337.333333333,3669428.6666666665
2012-08-28,8.7000,3.8666666667,,,3687337.4910050370,14257704.96534238764970016790,2446286,2458225,5504143,5531006,5504143,3669429,3687337.5,3669428.6666666665,3687337.333333333,3669428.6666666665
2012-08-29,8.6200,3.8311111111,,,3687337.5295889820,14126599.77998437395633790020,2446286,2458225,5504143,5531006,5504143,3669429,3687337.5,3669428.6666666665,3687337.333333333,3669428.6666666665
2012-08-30,8.6200,3.8311111111,,,3687337.5295889820,14126599.77998437395633790020,2446286,2458225,5504143,5531006,5504143,3669429,3687337.5,3669428.6666666665,3687337.333333333,3669428.6666666665
2012-08-31,8.5199,3.7866222222,,,3687337.5244937950,13962554.21100014095301124900,2446286,2458225,5504143,5531006,5504143,3669429,3687337.5,3669428.6666666665,3687337.333333333,3669428.6666666665
2012-09-04,8.0500,3.5777777778,,,3687337.6155773830,13192474.58025880001367949740,2446286,2458225,5504143,5531006,5504143,3669429,3687337.5,3669428.6666666665,3687337.333333333,3669428.6666666665
2012-09-05,8.0800,3.5911111111,,,3687337.5039458200,13241638.68079557429440060200,2446286,2458225,5504143,5531006,5504143,3669429,3687337.5,3669428.6666666665,3687337.333333333,3669428.6666666665
2012-09-06,8.1200,3.6088888889,,,3687337.4453867900,13307191.13628129699383763100,2446286,2458225,5504143,5531006,5504143,3669429,3687337.5,3669428.6666666665,3687337.333333333,3669428.6666666665
2012-09-07,8.2883,3.6836888889,,,3687337.5297244370,13583004.28786988205570804930,2446286,2458225,5504143,5531006,5504143,3669429,3687337.5,3669428.6666666665,3687337.333333333,3669428.6666666665
2012-09-10,8.2500,3.6666666667,,,3687337.5491849356,13520237.68046767511830616452,2446286,2458225,5504143,5531006,5504143,3669429,3687337.5,3669428.6666666665,3687337.333333333,3669428.6666666665
2012-09-11,8.2660,3.6737777778,,,3687337.3727173270,13546458.09914035193361594060,2446286,2458225,5504143,5531006,5504143,3669429,3687337.5,3669428.6666666665,3687337.333333333,3669428.6666666665
2012-09-12,8.4100,3.7377777778,,,3687337.4689826304,13782448.05081257268331072512,2446286,2458225,5504143,5531006,5504143,3669429,3687337.5,3669428.6666666665,3687337.333333333,3669428.6666666665
2012-09-13,8.5800,3.8133333333,,,3687337.5131746074,14061047.05011625830156084642,2446286,2458225,5504143,5531006,5504143,3669429,3687337.5,3669428.6666666665,3687337.333333333,3669428.6666666665
2012-09-14,8.5400,3.7955555556,,,3687337.5688957670,13995494.59499492619417314520,2446286,2458225,5504143,5531006,5504143,3669429,3687337.5,3669428.6666666665,3687337.333333333,3669428.6666666665
2012-09-17,8.4800,3.7688888889,,,3687337.5806628023,13897165.63738344308600736447,2446286,2458225,5504143,5531006,5504143,3669429,3687337.5,3669428.6666666665,3687337.333333333,3669428.6666666665
2012-09-18,8.4800,3.7688888889,,,3687337.5806628023,13897165.63738344308600736447,2446286,2458225,5504143,5531006,5504143,3669429,3687337.5,3669428.6666666665,3687337.333333333,3669428.6666666665
2012-09-19,8.4217,3.7429777778,,,3687337.5550660794,13801622.52785971900477035732,2446286,2458225,5504143,5531006,5504143,3669429,3687337.5,3669428.6666666665,3687337.333333333,3669428.6666666665
2012-09-20,8.4399,3.7510666667,,,3687337.5642187973,13831449.02601190117759395991,2446286,2458225,5504143,5531006,5504143,3669429,3687337.5,3669428.6666666665,3687337.333333333,3669428.6666666665
2012-09-21,8.3700,3.7200000000,,,3687337.4518658060,13716895.32094079832000000000,2446286,2458225,5504143,5531006,5504143,3669429,3687337.5,3669428.6666666665,3687337.333333333,3669428.6666666665
2012-09-24,8.5000,3.7777777778,,,3687337.5525124120,13929941.86512883061227805360,2446286,2458225,5504143,5531006,5504143,3669429,3687337.5,3669428.6666666665,3687337.333333333,3669428.6666666665
2012-09-25,8.5000,3.7777777778,,,3687337.5525124120,13929941.86512883061227805360,2446286,2458225,5504143,5531006,5504143,3669429,3687337.5,3669428.6666666665,3687337.333333333,3669428.6666666665
2012-09-26,8.3200,3.6977777778,,,3687337.3836463965,13634954.23649883811074769770,2446286,2458225,5504143,5531006,5504143,3669429,3687337.5,3669428.6666666665,3687337.333333333,3669428.6666666665
2012-09-27,8.3600,3.7155555556,,,3687337.6047040550,13700507.72253094824909795800,2446286,2458225,5504143,5531006,5504143,3669429,3687337.5,3669428.6666666665,3687337.333333333,3669428.6666666665
2012-09-28,8.4000,3.7333333333,,,3687337.6211113260,13766060.45202603914596295580,2446286,2458225,5504143,5531006,5504143,3669429,3687337.5,3669428.6666666665,3687337.333333333,3669428.6666666665
2012-10-01,8.2800,3.6800000000,,,3675247.4166176594,13524910.49315298659200000000,2446286,2458225,5504143,5531006,5504143,3669429,3687337.5,3669428.6666666665,3687337.333333333,3669428.6666666665
2012-10-02,8.2800,3.6800000000,,,3675247.4166176594,13524910.49315298659200000000,2446286,2458225,5504143,5531006,5504143,3669429,3687337.5,3669428.6666666665,3687337.333333333,3669428.6666666665
2012-10-03,8.2800,3.6800000000,,,3675247.4166176594,13524910.49315298659200000000,2446286,2458225,5504143,5531006,5504143,3669429,3687337.5,3669428.6666666665,3687337.333333333,3669428.6666666665
2012-10-04,8.2800,3.6800000000,,,3675247.4166176594,13524910.49315298659200000000,2446286,2458225,5504143,5531006,5504143,3669429,3687337.5,3669428.6666666665,3687337.333333333,3669428.6666666665
2012-10-05,8.7400,3.8844444444,,,3675247.3934152233,14276294.31914734529007043452,2446286,2458225,5504143,5531006,5504143,3669429,3687337.5,3669428.6666666665,3687337.333333333,3669428.6666666665
2012-10-08,8.6400,3.8400000000,,,3675247.4370672535,14112950.15833825344000000000,2446286,2458225,5504143,5531006,5504143,3669429,3687337.5,3669428.6666666665,3687337.333333333,3669428.6666666665
2012-10-09,8.7200,3.8755555556,,,3675247.4273406547,14243625.58523468165632625132,2446286,2458225,5504143,5531006,5504143,3669429,3687337.5,3669428.6666666665,3687337.333333333,3669428.6666666665
2012-10-10,8.7200,3.8755555556,,,3675247.4273406547,14243625.58523468165632625132,2446286,2458225,5504143,5531006,5504143,3669429,3687337.5,3669428.6666666665,3687337.333333333,3669428.6666666665
2012-10-11,8.4300,3.7466666667,,,3675247.5519859167,13769927.49489640948773286389,2446286,2458225,5504143,5531006,5504143,3669429,3687337.5,3669428.6666666665,3687337.333333333,3669428.6666666665
2012-10-12,8.4000,3.7333333333,,,3675247.4673586000,13720923.87801626508442138000,2446286,2458225,5504143,5531006,5504143,3669429,3687337.5,3669428.6666666665,3687337.333333333,3669428.6666666665
2012-10-15,8.4100,3.7377777778,,,3675247.5875379103,13737258.76061226133438973134,2446286,2458225,5504143,5531006,5504143,3669429,3687337.5,3669428.6666666665,3687337.333333333,3669428.6666666665
2012-10-16,8.4800,3.7688888889,,,3675247.4570709835,13851599.30491280945174523315,2446286,2458225,5504143,5531006,5504143,3669429,3687337.5,3669428.6666666665,3687337.333333333,3669428.6666666665
2012-10-17,8.5500,3.8000000000,,,3675247.5999349137,13965940.87975267206000000000,2446286,2458225,5504143,5531006,5504143,3669429,3687337.5,3669428.6666666665,3687337.333333333,3669428.6666666665
2012-10-18,8.6000,3.8222222222,,,3675247.3779287660,14047612.20000161121382380520,2446286,2458225,5504143,5531006,5504143,3669429,3687337.5,3669428.6666666665,3687337.333333333,3669428.6666666665
2012-10-19,8.6001,3.8222666667,,,3675247.5060663250,14047776.03430962008686887750,2446286,2458225,5504143,5531006,5504143,3669429,3687337.5,3669428.6666666665,3687337.333333333,3669428.6666666665
2012-10-22,8.6000,3.8222222222,,,3675247.3779287660,14047612.20000161121382380520,2446286,2458225,5504143,5531006,5504143,3669429,3687337.5,3669428.6666666665,3687337.333333333,3669428.6666666665
2012-10-23,8.6100,3.8266666667,,,3675247.4954217390,14063947.08260302948984739130,2446286,2458225,5504143,5531006,5504143,3669429,3687337.5,3669428.6666666665,3687337.333333333,3669428.6666666665
2012-10-24,8.7500,3.8888888889,,,3675247.5090099640,14292629.20174625163898899960,2446286,2458225,5504143,5531006,5504143,3669429,3687337.5,3669428.6666666665,3687337.333333333,3669428.6666666665
2012-10-25,8.7000,3.8666666667,,,3675247.4614216040,14210956.85095271038204738680,2446286,2458225,5504143,5531006,5504143,3669429,3687337.5,3669428.6666666665,3687337.333333333,3669428.6666666665
2012-10-26,8.4576,3.7589333333,,,3675247.4297464015,13815010.07179889856407511995,2446286,2458225,5504143,5531006,5504143,3669429,3687337.5,3669428.6666666665,3687337.333333333,3669428.6666666665
2012-10-30,8.4576,3.7589333333,,,3675247.4297464015,13815010.07179889856407511995,2446286,2458225,5504143,5531006,5504143,3669429,3687337.5,3669428.6666666665,3687337.333333333,3669428.6666666665
2012-10-31,8.7800,3.9022222222,,,3675247.4515396400,14341632.27748190081218800800,2446286,2458225,5504143,5531006,5504143,3669429,3687337.5,3669428.6666666665,3687337.333333333,3669428.6666666665
2012-11-01,8.5100,3.7822222222,,,3675247.5409389390,13900602.92142515933909024580,2446286,2458225,5504143,5531006,5504143,3669429,3687337.5,3669428.6666666665,3687337.333333333,3669428.6666666665
2012-11-02,8.4500,3.7555555556,,,3675247.5166017230,13802596.22917870404518229880,2446286,2450165,5504143,5512871,5504143,3669429,3675247.5,3669428.6666666665,3675247.333333333,3669428.6666666665
2012-11-05,8.5000,3.7777777778,,,3675247.4221179550,13884268.03919394660938039900,2446286,2450165,5504143,5512871,5504143,3669429,3675247.5,3669428.6666666665,3675247.333333333,3669428.6666666665
2012-11-06,8.5000,3.7777777778,,,3675247.4221179550,13884268.03919394660938039900,2446286,2450165,5504143,5512871,5504143,3669429,3675247.5,3669428.6666666665,3675247.333333333,3669428.6666666665
2012-11-07,8.4700,3.7644444444,,,3675247.6114867640,13835265.45285571836393392160,2446286,2450165,5504143,5512871,5504143,3669429,3675247.5,3669428.6666666665,3675247.333333333,3669428.6666666665
2012-11-08,8.5700,3.8088888889,,,3675247.5649350650,13998609.61403795032849927850,2446286,2450165,5504143,5512871,5504143,3669429,3675247.5,3669428.6666666665,3675247.333333333,3669428.6666666665
2012-11-09,8.5999,3.8221777778,,,3675247.3779287660,14047448.85583704759657619480,2446286,2450165,5504143,5512871,5504143,3669429,3675247.5,3669428.6666666665,3675247.333333333,3669428.6666666665
2012-11-12,8.3500,3.7111111111,,,3675247.5632445640,13639252.06800010142707506040,2446286,2450165,5504143,5512871,5504143,3669429,3675247.5,3669428.6666666665,3675247.333333333,3669428.6666666665
2012-11-13,8.3300,3.7022222222,,,3675247.5991649270,13606583.33371559090224077940,2446286,2450165,5504143,5512871,5504143,3669429,3675247.5,3669428.6666666665,3675247.333333333,3669428.6666666665
2012-11-14,8.2500,3.6666666667,,,3675247.6110174255,13475907.90718640175370058085,2446286,2450165,5504143,5512871,5504143,3669429,3675247.5,3669428.6666666665,3675247.333333333,3669428.6666666665
2012-11-15,8.2360,3.6604444444,,,3675247.6139530960,13453039.71028896617537986240,2446286,2450165,5504143,5512871,5504143,3669429,3675247.5,3669428.6666666665,3675247.333333333,3669428.6666666665
2012-11-16,8.2200,3.6533333333,,,3675247.3906911140,13426903.80053569490031029620,2446286,2450165,5504143,5512871,5504143,3669429,3675247.5,3669428.6666666665,3675247.333333333,3669428.6666666665
2012-11-19,8.2115,3.6495555556,,,3675247.3598012086,13413019.42016673295772449816,2446286,2450165,5504143,5512871,5504143,3669429,3675247.5,3669428.6666666665,3675247.333333333,3669428.6666666665
2012-11-20,8.2100,3.6488888889,,,3675247.5499195075,13410569.94885823900611021675,2446286,2450165,5504143,5512871,5504143,3669429,3675247.5,3669428.6666666665,3675247.333333333,3669428.6666666665
2012-11-21,8.2100,3.6488888889,,,3675247.5499195075,13410569.94885823900611021675,2446286,2450165,5504143,5512871,5504143,3669429,3675247.5,3669428.6666666665,3675247.333333333,3669428.6666666665
2012-11-23,8.1900,3.6400000000,,,3675247.5864216755,13377901.21457489882000000000,2446286,2450165,5504143,5512871,5504143,3669429,3675247.5,3669428.6666666665,3675247.333333333,3669428.6666666665
2012-11-26,8.2200,3.6533333333,,,3675247.3906911140,13426903.80053569490031029620,2446286,2450165,5504143,5512871,5504143,3669429,3675247.5,3669428.6666666665,3675247.333333333,3669428.6666666665
2012-11-27,8.2200,3.6533333333,,,3675247.3906911140,13426903.80053569490031029620,2446286,2450165,5504143,5512871,5504143,3669429,3675247.5,3669428.6666666665,3675247.333333333,3669428.6666666665
2012-11-28,8.4500,3.7555555556,,,3675247.5166017230,13802596.22917870404518229880,2446286,2450165,5504143,5512871,5504143,3669429,3675247.5,3669428.6666666665,3675247.333333333,3669428.6666666665
2012-11-29,8.5400,3.7955555556,,,3675247.4817409245,13949605.99752667554585515220,2446286,2450165,5504143,5512871,5504143,3669429,3675247.5,3669428.6666666665,3675247.333333333,3669428.6666666665
2012-11-30,8.5400,3.7955555556,,,3675247.4817409245,13949605.99752667554585515220,2446286,2450165,5504143,5512871,5504143,3669429,3675247.5,3669428.6666666665,3675247.333333333,3669428.6666666665
2012-12-03,8.4500,3.7555555556,,,3675247.5166017230,13802596.22917870404518229880,2446286,2450165,5504143,5512871,5504143,3669429,3675247.5,3669428.6666666665,3675247.333333333,3669428.6666666665
2012-12-04,8.2800,3.6800000000,,,3675247.4166176594,13524910.49315298659200000000,2446286,2450165,5504143,5512871,5504143,3669429,3675247.5,3669428.6666666665,3675247.333333333,3669428.6666666665
2012-12-05,8.3000,3.6888888889,,,3675247.3809191230,13557579.22743137870423243470,2446286,2450165,5504143,5512871,5504143,3669429,3675247.5,3669428.6666666665,3675247.333333333,3669428.6666666665
2012-12-06,8.3000,3.6888888889,,,3675247.3809191230,13557579.22743137870423243470,2446286,2450165,5504143,5512871,5504143,3669429,3675247.5,3669428.6666666665,3675247.333333333,3669428.6666666665
2012-12-07,8.4000,3.7333333333,,,3675247.4673586000,13720923.87801626508442138000,2446286,2450165,5504143,5512871,5504143,3669429,3675247.5,3669428.6666666665,3675247.333333333,3669428.6666666665
2012-12-10,8.4000,3.7333333333,,,3675247.4673586000,13720923.87801626508442138000,2446286,2450165,5504143,5512871,5504143,3669429,3675247.5,3669428.6666666665,3675247.333333333,3669428.6666666665
2012-12-11,8.3300,3.7022222222,,,3675247.5991649270,13606583.33371559090224077940,2446286,2450165,5504143,5512871,5504143,3669429,3675247.5,3669428.6666666665,3675247.333333333,3669428.6666666665
2012-12-12,8.4000,3.7333333333,,,3675247.4673586000,13720923.87801626508442138000,2446286,2450165,5504143,5512871,5504143,3669429,3675247.5,3669428.6666666665,3675247.333333333,3669428.6666666665
2012-12-13,8.5000,3.7777777778,,,3675247.4221179550,13884268.03919394660938039900,2446286,2450165,5504143,5512871,5504143,3669429,3675247.5,3669428.6666666665,3675247.333333333,3669428.6666666665
2012-12-14,8.5400,3.7955555556,,,3675247.4817409245,13949605.99752667554585515220,2446286,2450165,5504143,5512871,5504143,3669429,3675247.5,3669428.6666666665,3675247.333333333,3669428.6666666665
2012-12-17,8.5400,3.7955555556,,,3675247.4817409245,13949605.99752667554585515220,2446286,2450165,5504143,5512871,5504143,3669429,3675247.5,3669428.6666666665,3675247.333333333,3669428.6666666665
2012-12-18,8.4000,3.7333333333,,,3675247.4673586000,13720923.87801626508442138000,2446286,2450165,5504143,5512871,5504143,3669429,3675247.5,3669428.6666666665,3675247.333333333,3669428.6666666665
2012-12-19,8.4000,3.7333333333,,,3675247.4673586000,13720923.87801626508442138000,2446286,2450165,5504143,5512871,5504143,3669429,3675247.5,3669428.6666666665,3675247.333333333,3669428.6666666665
2012-12-20,8.3200,3.6977777778,,,3675247.4778440440,13590248.45148720375728542320,2446286,2450165,5504143,5512871,5504143,3669429,3675247.5,3669428.6666666665,3675247.333333333,3669428.6666666665
2012-12-21,8.4800,3.7688888889,,,3675247.4570709835,13851599.30491280945174523315,2446286,2450165,5504143,5512871,5504143,3669429,3675247.5,3669428.6666666665,3675247.333333333,3669428.6666666665
2012-12-24,8.4915,3.7740000000,,,3675247.5355670243,13870384.19922994970820000000,2446286,2450165,5504143,5512871,5504143,3669429,3675247.5,3669428.6666666665,3675247.333333333,3669428.6666666665
2012-12-26,8.4900,3.7733333333,,,3675247.5761300013,13867934.18714136331946233329,2446286,2450165,5504143,5512871,5504143,3669429,3675247.5,3669428.6666666665,3675247.333333333,3669428.6666666665
2012-12-27,8.4900,3.7733333333,,,3675247.5761300013,13867934.18714136331946233329,2446286,2450165,5504143,5512871,5504143,3669429,3675247.5,3669428.6666666665,3675247.333333333,3669428.6666666665
2012-12-28,8.3324,3.7032888889,,,3675247.5302629746,13610503.34278004033124292194,2446286,2450165,5504143,5512871,5504143,3669429,3675247.5,3669428.6666666665,3675247.333333333,3669428.6666666665
2012-12-31,8.4690,3.7640000000,,,3671023.4366443980,13817732.21552951407200000000,2446286,2450165,5504143,5512871,5504143,3669429,3675247.5,3669428.6666666665,3675247.333333333,3669428.6666666665
2013-01-02,8.4800,3.7688888889,,,3671023.4605709286,13835679.53143700005089523254,2446286,2450165,5504143,5512871,5504143,3669429,3675247.5,3669428.6666666665,3675247.333333333,3669428.6666666665
2013-01-03,8.4000,3.7333333333,,,3671023.5459739970,13705154.57151388801513420010,2446286,2450165,5504143,5512871,5504143,3669429,3675247.5,3669428.6666666665,3675247.333333333,3669428.6666666665
2013-01-04,8.4000,3.7333333333,,,3671023.5459739970,13705154.57151388801513420010,2446286,2450165,5504143,5512871,5504143,3669429,3675247.5,3669428.6666666665,3675247.333333333,3669428.6666666665
2013-01-07,8.4100,3.7377777778,,,3671023.4353460160,13721469.81841935365856324480,2446286,2450165,5504143,5512871,5504143,3669429,3675247.5,3669428.6666666665,3675247.333333333,3669428.6666666665
2013-01-08,8.7100,3.8711111111,,,3671023.5864125225,14210940.19447168683792874975,2446286,2450165,5504143,5512871,5504143,3669429,3675247.5,3669428.6666666665,3675247.333333333,3669428.6666666665
2013-01-09,8.6700,3.8533333333,,,3671023.5083308816,14145677.25197929631505563728,2446286,2450165,5504143,5512871,5504143,3669429,3675247.5,3669428.6666666665,3675247.333333333,3669428.6666666665
2013-01-10,8.6500,3.8444444444,,,3671023.4553008980,14113045.72799362904643107120,2446286,2450165,5504143,5512871,5504143,3669429,3675247.5,3669428.6666666665,3675247.333333333,3669428.6666666665
2013-01-11,8.7100,3.8711111111,,,3671023.5864125225,14210940.19447168683792874975,2446286,2450165,5504143,5512871,5504143,3669429,3675247.5,3669428.6666666665,3675247.333333333,3669428.6666666665
2013-01-14,8.7000,3.8666666667,,,3671023.4268809470,14194623.91739536251422936490,2446286,2450165,5504143,5512871,5504143,3669429,3675247.5,3669428.6666666665,3675247.333333333,3669428.6666666665
2013-01-15,8.6500,3.8444444444,,,3671023.4553008980,14113045.72799362904643107120,2446286,2450165,5504143,5512871,5504143,3669429,3675247.5,3669428.6666666665,3675247.333333333,3669428.6666666665
2013-01-16,8.7000,3.8666666667,,,3671023.4268809470,14194623.91739536251422936490,2446286,2450165,5504143,5512871,5504143,3669429,3675247.5,3669428.6666666665,3675247.333333333,3669428.6666666665
2013-01-17,8.6000,3.8222222222,,,3671023.4840518753,14031467.53896114506924329166,2446286,2450165,5504143,5512871,5504143,3669429,3675247.5,3669428.6666666665,3675247.333333333,3669428.6666666665
2013-01-18,8.7200,3.8755555556,,,3671023.4796713376,14227255.44137829609776317056,2446286,2450165,5504143,5512871,5504143,3669429,3675247.5,3669428.6666666665,3675247.333333333,3669428.6666666665
2013-01-21,8.7200,3.8755555556,,,3671023.4796713376,14227255.44137829609776317056,2446286,2450165,5504143,5512871,5504143,3669429,3675247.5,3669428.6666666665,3675247.333333333,3669428.6666666665
2013-01-22,8.7500,3.8888888889,,,3671023.4259062964,14276202.21189860848251006996,2446286,2450165,5504143,5512871,5504143,3669429,3675247.5,3669428.6666666665,3675247.333333333,3669428.6666666665
2013-01-23,8.8100,3.9155555556,,,3671023.5557310170,14374096.67838104983358804520,2446286,2450165,5504143,5512871,5504143,3669429,3675247.5,3669428.6666666665,3675247.333333333,3669428.6666666665
2013-01-24,8.8100,3.9155555556,,,3671023.5557310170,14374096.67838104983358804520,2446286,2450165,5504143,5512871,5504143,3669429,3675247.5,3669428.6666666665,3675247.333333333,3669428.6666666665
2013-01-25,8.9000,3.9555555556,,,3671023.6302529770,14520937.91538604340578902120,2446286,2450165,5504143,5512871,5504143,3669429,3675247.5,3669428.6666666665,3675247.333333333,3669428.6666666665
2013-01-28,8.8874,3.9499555556,,,3671023.5070051397,14500379.69623314707576911732,2446286,2450165,5504143,5512871,5504143,3669429,3675247.5,3669428.6666666665,3675247.333333333,3669428.6666666665
2013-01-29,8.8900,3.9511111111,,,3671023.4741784036,14504621.63793521440762023996,2446286,2450165,5504143,5512871,5504143,3669429,3675247.5,3669428.6666666665,3675247.333333333,3669428.6666666665
2013-01-30,8.8700,3.9422222222,,,3671023.4223872013,14471990.11395152193772472886,2446286,2450165,5504143,5512871,5504143,3669429,3675247.5,3669428.6666666665,3675247.333333333,3669428.6666666665
2013-01-31,8.6900,3.8622222222,,,3671023.5611174850,14178308.77596773043197516700,2446286,2450165,5504143,5512871,5504143,3669429,3675247.5,3669428.6666666665,3675247.333333333,3669428.6666666665
2013-02-01,9.0000,4.0000000000,,,3671023.5997320553,14684094.39892822120000000000,2446286,2447349,5504143,5506535,5504143,3669429,3671023.5,3669428.6666666665,3671023.333333333,3669428.6666666665
2013-02-04,9.0301,4.0133777778,,,3671023.5209531635,14733204.22077453906551007030,2446286,2447349,5504143,5506535,5504143,3669429,3671023.5,3669428.6666666665,3671023.333333333,3669428.6666666665
2013-02-05,9.2500,4.1111111111,,,3671023.4878299450,15091985.44992676251680188950,2446286,2447349,5504143,5506535,5504143,3669429,3671023.5,3669428.6666666665,3671023.333333333,3669428.6666666665
2013-02-06,9.3400,4.1511111111,,,3671023.5594945503,15238826.68692769965022783833,2446286,2447349,5504143,5506535,5504143,3669429,3671023.5,3669428.6666666665,3671023.333333333,3669428.6666666665
2013-02-07,9.4400,4.1955555556,,,3671023.5311456080,15401983.17083628527693980480,2446286,2447349,5504143,5506535,5504143,3669429,3671023.5,3669428.6666666665,3671023.333333333,3669428.6666666665
2013-02-08,9.4900,4.2177777778,,,3671023.5046911645,15483561.35986786768010424810,2446286,2447349,5504143,5506535,5504143,3669429,3671023.5,3669428.6666666665,3671023.333333333,3669428.6666666665
2013-02-11,9.4300,4.1911111111,,,3671023.3839042020,15385666.89338882190017884220,2446286,2447349,5504143,5506535,5504143,3669429,3671023.5,3669428.6666666665,3671023.333333333,3669428.6666666665
2013-02-12,9.4900,4.2177777778,,,3671023.5046911645,15483561.35986786768010424810,2446286,2447349,5504143,5506535,5504143,3669429,3671023.5,3669428.6666666665,3671023.333333333,3669428.6666666665
2013-02-13,9.5500,4.2444444444,,,3671023.4060117520,15581454.90090894633751058880,2446286,2447349,5504143,5506535,5504143,3669429,3671023.5,3669428.6666666665,3671023.333333333,3669428.6666666665
2013-02-14,9.5800,4.2577777778,,,3671023.5744021690,15630402.59686948008832004820,2446286,2447349,5504143,5506535,5504143,3669429,3671023.5,3669428.6666666665,3671023.333333333,3669428.6666666665
2013-02-15,9.5300,4.2355555556,,,3671023.6009732360,15548824.40784090730670992160,2446286,2447349,5504143,5506535,5504143,3669429,3671023.5,3669428.6666666665,3671023.333333333,3669428.6666666665
2013-02-18,9.5300,4.2355555556,,,3671023.6009732360,15548824.40784090730670992160,2446286,2447349,5504143,5506535,5504143,3669429,3671023.5,3669428.6666666665,3671023.333333333,3669428.6666666665
2013-02-19,9.6400,4.2844444444,,,3671023.4762110934,15728296.13791459467927950696,2446286,2447349,5504143,5506535,5504143,3669429,3671023.5,3669428.6666666665,3671023.333333333,3669428.6666666665
2013-02-20,9.1600,4.0711111111,,,3671023.4406642364,14945144.31839672437243706404,2446286,2447349,5504143,5506535,5504143,3669429,3671023.5,3669428.6666666665,3671023.333333333,3669428.6666666665
2013-02-21,9.2500,4.1111111111,,,3671023.4878299450,15091985.44992676251680188950,2446286,2447349,5504143,5506535,5504143,3669429,3671023.5,3669428.6666666665,3671023.333333333,3669428.6666666665
2013-02-22,9.6800,4.3022222222,,,3671023.5466021514,15793559.08041123305540884108,2446286,2447349,5504143,5506535,5504143,3669429,3671023.5,3669428.6666666665,3671023.333333333,3669428.6666666665
2013-02-25,9.5500,4.2444444444,,,3671023.4060117520,15581454.90090894633751058880,2446286,2447349,5504143,5506535,5504143,3669429,3671023.5,3669428.6666666665,3671023.333333333,3669428.6666666665
2013-02-26,9.6000,4.2666666667,,,3671023.3805130185,15663033.09031124637935043395,2446286,2447349,5504143,5506535,5504143,3669429,3671023.5,3669428.6666666665,3671023.333333333,3669428.6666666665
2013-02-27,9.6400,4.2844444444,,,3671023.4762110934,15728296.13791459467927950696,2446286,2447349,5504143,5506535,5504143,3669429,3671023.5,3669428.6666666665,3671023.333333333,3669428.6666666665
2013-02-28,9.6300,4.2800000000,,,3671023.5727528830,15711980.89138233924000000000,2446286,2447349,5504143,5506535,5504143,3669429,3671023.5,3669428.6666666665,3671023.333333333,3669428.6666666665
2013-03-01,9.5000,4.2222222222,,,3671023.4067999315,15499876.60640702136873777930,2446286,2447349,5504143,5506535,5504143,3669429,3671023.5,3669428.6666666665,3671023.333333333,3669428.6666666665
2013-03-04,9.5500,4.2444444444,,,3671023.4060117520,15581454.90090894633751058880,2446286,2447349,5504143,5506535,5504143,3669429,3671023.5,3669428.6666666665,3671023.333333333,3669428.6666666665
2013-03-05,9.6000,4.2666666667,,,3671023.3805130185,15663033.09031124637935043395,2446286,2447349,5504143,5506535,5504143,3669429,3671023.5,3669428.6666666665,3671023.333333333,3669428.6666666665
2013-03-06,9.5001,4.2222666667,,,3671023.4067999315,15500039.76320682488829333105,2446286,2447349,5504143,5506535,5504143,3669429,3671023.5,3669428.6666666665,3671023.333333333,3669428.6666666665
2013-03-07,9.5000,4.2222222222,,,3671023.4067999315,15499876.60640702136873777930,2446286,2447349,5504143,5506535,5504143,3669429,3671023.5,3669428.6666666665,3671023.333333333,3669428.6666666665
2013-03-08,9.6000,4.2666666667,,,3671023.3805130185,15663033.09031124637935043395,2446286,2447349,5504143,5506535,5504143,3669429,3671023.5,3669428.6666666665,3671023.333333333,3669428.6666666665
2013-03-11,9.5784,4.2570666667,,,3671023.5057735606,15627791.79910079982843245202,2446286,2447349,5504143,5506535,5504143,3669429,3671023.5,3669428.6666666665,3671023.333333333,3669428.6666666665
2013-03-12,9.5500,4.2444444444,,,3671023.4060117520,15581454.90090894633751058880,2446286,2447349,5504143,5506535,5504143,3669429,3671023.5,3669428.6666666665,3671023.333333333,3669428.6666666665
2013-03-13,9.6000,4.2666666667,,,3671023.3805130185,15663033.09031124637935043395,2446286,2447349,5504143,5506535,5504143,3669429,3671023.5,3669428.6666666665,3671023.333333333,3669428.6666666665
2013-03-14,9.6000,4.2666666667,,,3671023.3805130185,15663033.09031124637935043395,2446286,2447349,5504143,5506535,5504143,3669429,3671023.5,3669428.6666666665,3671023.333333333,3669428.6666666665
2013-03-15,9.5000,4.2222222222,,,3671023.4067999315,15499876.60640702136873777930,2446286,2447349,5504143,5506535,5504143,3669429,3671023.5,3669428.6666666665,3671023.333333333,3669428.6666666665
2013-03-18,9.3100,4.1377777778,,,3671023.3867151500,15189878.99133404340859367000,2446286,2447349,5504143,5506535,5504143,3669429,3671023.5,3669428.6666666665,3671023.333333333,3669428.6666666665
2013-03-19,9.2501,4.1111555556,,,3671023.4878299450,15092148.60673016737479244200,2446286,2447349,5504143,5506535,5504143,3669429,3671023.5,3669428.6666666665,3671023.333333333,3669428.6666666665
2013-03-20,9.5499,4.2444000000,,,3671023.4060117520,15581291.74447628018880000000,2446286,2447349,5504143,5506535,5504143,3669429,3671023.5,3669428.6666666665,3671023.333333333,3669428.6666666665
2013-03-21,9.6500,4.2888888889,,,3671023.5955596133,15744612.30988535285995066237,2446286,2447349,5504143,5506535,5504143,3669429,3671023.5,3669428.6666666665,3671023.333333333,3669428.6666666665
2013-03-22,9.6500,4.2888888889,,,3671023.5955596133,15744612.30988535285995066237,2446286,2447349,5504143,5506535,5504143,3669429,3671023.5,3669428.6666666665,3671023.333333333,3669428.6666666665
2013-03-25,9.6100,4.2711111111,,,3671023.5251538185,15679349.36739396453194273535,2446286,2447349,5504143,5506535,5504143,3669429,3671023.5,3669428.6666666665,3671023.333333333,3669428.6666666665
2013-03-26,9.6001,4.2667111111,,,3671023.3805130185,15663196.24674277925214985535,2446286,2447349,5504143,5506535,5504143,3669429,3671023.5,3669428.6666666665,3671023.333333333,3669428.6666666665
2013-03-27,9.5000,4.2222222222,,,3671023.4067999315,15499876.60640702136873777930,2446286,2447349,5504143,5506535,5504143,3669429,3671023.5,3669428.6666666665,3671023.333333333,3669428.6666666665
2013-03-28,9.4990,4.2217777778,,,3671023.5317092226,15498245.56795086962399353828,2446286,2447349,5504143,5506535,5504143,3669429,3671023.5,3669428.6666666665,3671023.333333333,3669428.6666666665
2013-03-29,9.4990,4.2217777778,,,3671023.5317092226,15498245.56795086962399353828,2446286,2447349,5504143,5506535,5504143,3669429,3671023.5,3669428.6666666665,3671023.333333333,3669428.6666666665
2013-04-01,9.2200,4.0977777778,,,3681551.9452757590,15086181.74916736692322835020,2446286,2447349,5504143,5506535,5504143,3669429,3671023.5,3669428.6666666665,3671023.333333333,3669428.6666666665
2013-04-02,9.3400,4.1511111111,,,3681552.0965219330,15282531.81396569574114975630,2446286,2447349,5504143,5506535,5504143,3669429,3671023.5,3669428.6666666665,3671023.333333333,3669428.6666666665
2013-04-03,9.3468,4.1541333333,,,3681551.9722153316,15293657.76605606444487282228,2446286,2447349,5504143,5506535,5504143,3669429,3671023.5,3669428.6666666665,3671023.333333333,3669428.6666666665
2013-04-04,9.4500,4.2000000000,,,3681551.9568151147,15462518.21862348174000000000,2446286,2447349,5504143,5506535,5504143,3669429,3671023.5,3669428.6666666665,3671023.333333333,3669428.6666666665
2013-04-05,9.4200,4.1866666667,,,3681551.9617978637,15413430.88018310775605992879,2446286,2447349,5504143,5506535,5504143,3669429,3671023.5,3669428.6666666665,3671023.333333333,3669428.6666666665
2013-04-08,9.2000,4.0888888889,,,3681552.0326637602,15053457.20026605895147404178,2446286,2447349,5504143,5506535,5504143,3669429,3671023.5,3669428.6666666665,3671023.333333333,3669428.6666666665
2013-04-09,9.2500,4.1111111111,,,3681551.9013360740,15135268.92767406475665182140,2446286,2447349,5504143,5506535,5504143,3669429,3671023.5,3669428.6666666665,3671023.333333333,3669428.6666666665
2013-04-10,9.3500,4.1555555556,,,3681551.9293720860,15298893.57333207079686098160,2446286,2447349,5504143,5506535,5504143,3669429,3671023.5,3669428.6666666665,3671023.333333333,3669428.6666666665
2013-04-11,9.1500,4.0666666667,,,3681551.9120143940,14971644.44231458733040047980,2446286,2447349,5504143,5506535,5504143,3669429,3671023.5,3669428.6666666665,3671023.333333333,3669428.6666666665
2013-04-12,9.2999,4.1332888889,,,3681552.0594395134,15216918.22118825309784266126,2446286,2447349,5504143,5506535,5504143,3669429,3671023.5,3669428.6666666665,3671023.333333333,3669428.6666666665
2013-04-15,9.3000,4.1333333333,,,3681552.0594395134,15217081.84556060365135201622,2446286,2447349,5504143,5506535,5504143,3669429,3671023.5,3669428.6666666665,3671023.333333333,3669428.6666666665
2013-04-16,9.4800,4.2133333333,,,3681551.9518638100,15511605.55706346773493787300,2446286,2447349,5504143,5506535,5504143,3669429,3671023.5,3669428.6666666665,3671023.333333333,3669428.6666666665
2013-04-17,9.2001,4.0889333333,,,3681552.0326637602,15053620.82463721947269787466,2446286,2447349,5504143,5506535,5504143,3669429,3671023.5,3669428.6666666665,3671023.333333333,3669428.6666666665
2013-04-18,9.2900,4.1288888889,,,3681551.9780356920,15200719.05601938554642261880,2446286,2447349,5504143,5506535,5504143,3669429,3671023.5,3669428.6666666665,3671023.333333333,3669428.6666666665
2013-04-19,9.2900,4.1288888889,,,3681551.9780356920,15200719.05601938554642261880,2446286,2447349,5504143,5506535,5504143,3669429,3671023.5,3669428.6666666665,3671023.333333333,3669428.6666666665
2013-04-22,9.2500,4.1111111111,,,3681551.9013360740,15135268.92767406475665182140,2446286,2447349,5504143,5506535,5504143,3669429,3671023.5,3669428.6666666665,3671023.333333333,3669428.6666666665
2013-04-23,9.2500,4.1111111111,,,3681551.9013360740,15135268.92767406475665182140,2446286,2447349,5504143,5506535,5504143,3669429,3671023.5,3669428.6666666665,3671023.333333333,3669428.6666666665
2013-04-24,9.2050,4.0911111111,,,3681551.9673535190,15061638.15973204604258496090,2446286,2447349,5504143,5506535,5504143,3669429,3671023.5,3669428.6666666665,3671023.333333333,3669428.6666666665
2013-04-25,9.3700,4.1644444444,,,3681552.0910665670,15331619.15241136781373037480,2446286,2447349,5504143,5506535,5504143,3669429,3671023.5,3669428.6666666665,3671023.333333333,3669428.6666666665
2013-04-26,9.1800,4.0800000000,,,3681552.1204314115,15020732.65136015892000000000,2446286,2447349,5504143,5506535,5504143,3669429,3671023.5,3669428.6666666665,3671023.333333333,3669428.6666666665
2013-04-29,9.2400,4.1066666667,,,3681552.1092122760,15118907.32862113184364040920,2446286,2447349,5504143,5506535,5504143,3669429,3671023.5,3669428.6666666665,3671023.333333333,3669428.6666666665
2013-04-30,9.1900,4.0844444444,,,3681551.9503456630,15037094.41035932789998463720,2446286,2447349,5504143,5506535,5504143,3669429,3671023.5,3669428.6666666665,3671023.333333333,3669428.6666666665
2013-05-01,9.4900,4.2177777778,,,3681551.9937451130,15527968.18703342220874989140,2446286,2447349,5504143,5506535,5504143,3669429,3671023.5,3669428.6666666665,3671023.333333333,3669428.6666666665
2013-05-02,9.6300,4.2800000000,,,3681552.0936168160,15757042.96067997248000000000,2446286,2447349,5504143,5506535,5504143,3669429,3671023.5,3669428.6666666665,3671023.333333333,3669428.6666666665
2013-05-03,9.6900,4.3066666667,,,3681552.0459440057,15855217.47798823628286480019,2446286,2447349,5504143,5506535,5504143,3669429,3671023.5,3669428.6666666665,3671023.333333333,3669428.6666666665
2013-05-06,9.6000,4.2666666667,,,3681552.0989324185,15707955.62223437066996441395,2446286,2447349,5504143,5506535,5504143,3669429,3671023.5,3669428.6666666665,3671023.333333333,3669428.6666666665
2013-05-07,9.7400,4.3288888889,,,3681551.9211541210,15937029.20539252326134615690,2446286,2447349,5504143,5506535,5504143,3669429,3671023.5,3669428.6666666665,3671023.333333333,3669428.6666666665
2013-05-08,9.8600,4.3822222222,,,3681552.1012158130,16133379.43013503936663964860,2446286,2447349,5504143,5506535,5504143,3669429,3671023.5,3669428.6666666665,3671023.333333333,3669428.6666666665
2013-05-09,10.1000,4.4888888889,,,3681551.9537168830,16526077.65894780315504129870,2446286,2447349,5504143,5506535,5504143,3669429,3671023.5,3669428.6666666665,3671023.333333333,3669428.6666666665
2013-05-10,9.9500,4.4222222222,,,3681552.0495910137,16280641.28588733720556464414,2446286,2447349,5504143,5506535,5504143,3669429,3671023.5,3669428.6666666665,3671023.333333333,3669428.6666666665
2013-05-13,9.9200,4.4088888889,,,3681552.0546024027,16231553.94744349937127336003,2446286,2447349,5504143,5506535,5504143,3669429,3671023.5,3669428.6666666665,3671023.333333333,3669428.6666666665
2013-05-14,9.9000,4.4000000000,,,3681551.9018175006,16198828.36799700264000000000,2446286,2447349,5504143,5506535,5504143,3669429,3671023.5,3669428.6666666665,3671023.333333333,3669428.6666666665
2013-05-15,10.2300,4.5466666667,,,3681551.9390738680,16738789.48311190490463579560,2446286,2447349,5504143,5506535,5504143,3669429,3671023.5,3669428.6666666665,3671023.333333333,3669428.6666666665
2013-05-16,10.0000,4.4444444444,,,3681551.9280265260,16362453.01328760213653215440,2446286,2447349,5504143,5506535,5504143,3669429,3671023.5,3669428.6666666665,3671023.333333333,3669428.6666666665
2013-05-17,10.0100,4.4488888889,,,3681552.0037062773,16378815.80319638869915229197,2446286,2447349,5504143,5506535,5504143,3669429,3671023.5,3669428.6666666665,3671023.333333333,3669428.6666666665
2013-05-20,9.9001,4.4000444444,,,3681551.9018175006,16198991.99236234777772366664,2446286,2447349,5504143,5506535,5504143,3669429,3671023.5,3669428.6666666665,3671023.333333333,3669428.6666666665
2013-05-21,10.0900,4.4844444444,,,3681552.1084683444,16509715.89958997323784585136,2446286,2447349,5504143,5506535,5504143,3669429,3671023.5,3669428.6666666665,3671023.333333333,3669428.6666666665
2013-05-22,10.1300,4.5022222222,,,3681551.9135689433,16575164.83745303023703180126,2446286,2447349,5504143,5506535,5504143,3669429,3671023.5,3669428.6666666665,3671023.333333333,3669428.6666666665
2013-05-23,10.0600,4.4711111111,,,3681552.1135850280,16460628.56114370794540461080,2446286,2447349,5504143,5506535,5504143,3669429,3671023.5,3669428.6666666665,3671023.333333333,3669428.6666666665
2013-05-24,10.1500,4.5111111111,,,3681552.0628683697,16607890.41689862829041257367,2446286,2447349,5504143,5506535,5504143,3669429,3671023.5,3669428.6666666665,3671023.333333333,3669428.6666666665
2013-05-28,10.0600,4.4711111111,,,3681552.1135850280,16460628.56114370794540461080,2446286,2447349,5504143,5506535,5504143,3669429,3671023.5,3669428.6666666665,3671023.333333333,3669428.6666666665
2013-05-29,10.1000,4.4888888889,,,3681551.9537168830,16526077.65894780315504129870,2446286,2447349,5504143,5506535,5504143,3669429,3671023.5,3669428.6666666665,3671023.333333333,3669428.6666666665
2013-05-30,10.0000,4.4444444444,,,3681551.9280265260,16362453.01328760213653215440,2446286,2447349,5504143,5506535,5504143,3669429,3671023.5,3669428.6666666665,3671023.333333333,3669428.6666666665
2013-05-31,10.3800,4.6133333333,,,3681552.0707679930,16984226.88635362263764106690,2446286,2447349,5504143,5506535,5504143,3669429,3671023.5,3669428.6666666665,3671023.333333333,3669428.6666666665
2013-06-03,10.2800,4.5688888889,,,3681552.0469155293,16820602.24105941333563239477,2446286,2447349,5504143,5506535,5504143,3669429,3671023.5,3669428.6666666665,3671023.333333333,3669428.6666666665
2013-06-04,10.1210,4.4982222222,,,3681551.9255882152,16560438.68386411041907581744,2446286,2454368,5504143,5522328,5504143,3669429,3681552,3669428.6666666665,3681552,3669428.6666666665
2013-06-05,9.7500,4.3333333333,,,3681551.9350148845,15953391.71827511443549950385,2446286,2454368,5504143,5522328,5504143,3669429,3681552,3669428.6666666665,3681552,3669428.6666666665
2013-06-06,9.8100,4.3600000000,,,3681552.0642201830,16051566.99999999788000000000,2446286,2454368,5504143,5522328,5504143,3669429,3681552,3669428.6666666665,3681552,3669428.6666666665
2013-06-07,10.1300,4.5022222222,,,3681551.9079561103,16575164.81218280877493430866,2446286,2454368,5504143,5522328,5504143,3669429,3681552,3669428.6666666665,3681552,3669428.6666666665
2013-06-10,10.2000,4.5333333333,,,3681552.0702358107,16689702.71827962343765880631,2446286,2454368,5504143,5522328,5504143,3669429,3681552,3669428.6666666665,3681552,3669428.6666666665
2013-06-11,10.0500,4.4666666667,,,3681551.9287169497,16444265.28172509372429056499,2446286,2454368,5504143,5522328,5504143,3669429,3681552,3669428.6666666665,3681552,3669428.6666666665
2013-06-12,10.0000,4.4444444444,,,3681552.0655206554,16362453.62437262168597685976,2446286,2454368,5504143,5522328,5504143,3669429,3681552,3669428.6666666665,3681552,3669428.6666666665
2013-06-13,10.3250,4.5888888889,,,3681552.0059273466,16894233.09390750775339919274,2446286,2454368,5504143,5522328,5504143,3669429,3681552,3669428.6666666665,3681552,3669428.6666666665
2013-06-14,10.2600,4.5600000000,,,3681551.9736842110,16787877.00000000216000000000,2446286,2454368,5504143,5522328,5504143,3669429,3681552,3669428.6666666665,3681552,3669428.6666666665
2013-06-17,10.0510,4.4671111111,,,3681552.0136106196,16445901.90609257724411543756,2446286,2454368,5504143,5522328,5504143,3669429,3681552,3669428.6666666665,3681552,3669428.6666666665
2013-06-18,10.3500,4.6000000000,,,3681551.9565217393,16935139.00000000078000000000,2446286,2454368,5504143,5522328,5504143,3669429,3681552,3669428.6666666665,3681552,3669428.6666666665
2013-06-19,10.2800,4.5688888889,,,3681552.0147081353,16820602.09390740874860786817,2446286,2454368,5504143,5522328,5504143,3669429,3681552,3669428.6666666665,3681552,3669428.6666666665
2013-06-20,9.8500,4.3777777778,,,3681551.9210562385,16117016.18781690080935680530,2446286,2454368,5504143,5522328,5504143,3669429,3681552,3669428.6666666665,3681552,3669428.6666666665
2013-06-21,10.0400,4.4622222222,,,3681551.9250593875,16427902.81218318795722090250,2446286,2454368,5504143,5522328,5504143,3669429,3681552,3669428.6666666665,3681552,3669428.6666666665
2013-06-24,10.2400,4.5511111111,,,3681551.9324998353,16755151.90609167763275000183,2446286,2454368,5504143,5522328,5504143,3669429,3681552,3669428.6666666665,3681552,3669428.6666666665
2013-06-25,10.2500,4.5555555556,,,3681551.9360786723,16771514.37563313167493682988,2446286,2454368,5504143,5522328,5504143,3669429,3681552,3669428.6666666665,3681552,3669428.6666666665
2013-06-26,10.0200,4.4533333333,,,3681552.1074259540,16395178.71828086340975246820,2446286,2454368,5504143,5522328,5504143,3669429,3681552,3669428.6666666665,3681552,3669428.6666666665
2013-06-27,10.2300,4.5466666667,,,3681551.8947808295,16738789.28172622318982602765,2446286,2454368,5504143,5522328,5504143,3669429,3681552,3669428.6666666665,3681552,3669428.6666666665
2013-06-28,10.2800,4.5688888889,,,3681552.0147081353,16820602.09390740874860786817,2446286,2454368,5504143,5522328,5504143,3669429,3681552,3669428.6666666665,3681552,3669428.6666666665
2013-07-01,10.3900,4.6177777778,,,3705080.9909480710,17109240.66494920521757662380,2446286,2454368,5504143,5522328,5504143,3669429,3681552,3669428.6666666665,3681552,3669428.6666666665
2013-07-02,10.0700,4.4755555556,,,3705081.1064438290,16582296.32989327384028639240,2446286,2454368,5504143,5522328,5504143,3669429,3681552,3669428.6666666665,3681552,3669428.6666666665
2013-07-03,9.7010,4.3115555556,,,3705080.9444289820,15974662.32990047221175239920,2446286,2454368,5504143,5522328,5504143,3669429,3681552,3669428.6666666665,3681552,3669428.6666666665
2013-07-04,9.7010,4.3115555556,,,3705080.9444289820,15974662.32990047221175239920,2446286,2454368,5504143,5522328,5504143,3669429,3681552,3669428.6666666665,3681552,3669428.6666666665
2013-07-05,10.1000,4.4888888889,,,3705080.9775223327,16631696.83247474990863913703,2446286,2454368,5504143,5522328,5504143,3669429,3681552,3669428.6666666665,3681552,3669428.6666666665
2013-07-08,9.8510,4.3782222222,,,3705081.0835503177,16221668.33505285582600999294,2446286,2454368,5504143,5522328,5504143,3669429,3681552,3669428.6666666665,3681552,3669428.6666666665
2013-07-09,10.3200,4.5866666667,,,3705080.9950509076,16993971.49742366555850169692,2446286,2454368,5504143,5522328,5504143,3669429,3681552,3669428.6666666665,3681552,3669428.6666666665
2013-07-10,10.3800,4.6133333333,,,3705080.9615676417,17092773.50257521767728107861,2446286,2454368,5504143,5522328,5504143,3669429,3681552,3669428.6666666665,3681552,3669428.6666666665
2013-07-11,10.3500,4.6000000000,,,3705081.0869565220,17043373.00000000120000000000,2446286,2454368,5504143,5522328,5504143,3669429,3681552,3669428.6666666665,3681552,3669428.6666666665
2013-07-12,10.3500,4.6000000000,,,3705081.0869565220,17043373.00000000120000000000,2446286,2454368,5504143,5522328,5504143,3669429,3681552,3669428.6666666665,3681552,3669428.6666666665
2013-07-15,10.4000,4.6222222222,,,3705080.9138505473,17125707.33504908349969221006,2446286,2454368,5504143,5522328,5504143,3669429,3681552,3669428.6666666665,3681552,3669428.6666666665
2013-07-16,10.2001,4.5333777778,,,3705080.9546918427,16796531.66495000834311315206,2446286,2454368,5504143,5522328,5504143,3669429,3681552,3669428.6666666665,3681552,3669428.6666666665
2013-07-17,10.4900,4.6622222222,,,3705081.0776028480,17273911.33505272065160882560,2446286,2454368,5504143,5522328,5504143,3669429,3681552,3669428.6666666665,3681552,3669428.6666666665
2013-07-18,10.4900,4.6622222222,,,3705081.0776028480,17273911.33505272065160882560,2446286,2454368,5504143,5522328,5504143,3669429,3681552,3669428.6666666665,3681552,3669428.6666666665
2013-07-19,10.5500,4.6888888889,,,3705080.9358271660,17372712.83247521258817585740,2446286,2454368,5504143,5522328,5504143,3669429,3681552,3669428.6666666665,3681552,3669428.6666666665
2013-07-22,10.3100,4.5822222222,,,3705080.9654750990,16977504.33505022961854499780,2446286,2454368,5504143,5522328,5504143,3669429,3681552,3669428.6666666665,3681552,3669428.6666666665
2013-07-23,10.3700,4.6088888889,,,3705081.0388595974,17076306.83247406758398732886,2446286,2454368,5504143,5522328,5504143,3669429,3681552,3669428.6666666665,3681552,3669428.6666666665
2013-07-24,10.4500,4.6444444444,,,3705080.9577125140,17208042.67010011697965722160,2446286,2454368,5504143,5522328,5504143,3669429,3681552,3669428.6666666665,3681552,3669428.6666666665
2013-07-25,10.4200,4.6311111111,,,3705081.0822482780,17158642.16752641321464168580,2446286,2454368,5504143,5522328,5504143,3669429,3681552,3669428.6666666665,3681552,3669428.6666666665
2013-07-26,10.3000,4.5777777778,,,3705081.0432959064,16961037.66494803998762879792,2446286,2454368,5504143,5522328,5504143,3669429,3681552,3669428.6666666665,3681552,3669428.6666666665
2013-07-29,10.3510,4.6004444444,,,3705081.0799060953,17045019.67010554859658195132,2446286,2454368,5504143,5522328,5504143,3669429,3681552,3669428.6666666665,3681552,3669428.6666666665
2013-07-30,10.3800,4.6133333333,,,3705080.9615676417,17092773.50257521767728107861,2446286,2454368,5504143,5522328,5504143,3669429,3681552,3669428.6666666665,3681552,3669428.6666666665
2013-07-31,10.5110,4.6715555556,,,3705080.9144618550,17308491.32990180710953163800,2446286,2454368,5504143,5522328,5504143,3669429,3681552,3669428.6666666665,3681552,3669428.6666666665
2013-08-01,10.6100,4.7155555556,,,3705081.0077190600,17471515.32989765986700973600,2446286,2454368,5504143,5522328,5504143,3669429,3681552,3669428.6666666665,3681552,3669428.6666666665
2013-08-02,10.7699,4.7866222222,,,3705081.0596247860,17734823.33505232386151944920,2446286,2454368,5504143,5522328,5504143,3669429,3681552,3669428.6666666665,3681552,3669428.6666666665
2013-08-05,10.9299,4.8577333333,,,3705081.0054140845,17998295.50257667604495286385,2446286,2454368,5504143,5522328,5504143,3669429,3681552,3669428.6666666665,3681552,3669428.6666666665
2013-08-06,10.9760,4.8782222222,,,3705080.9724898530,18074208.33505038776861133660,2446286,2454368,5504143,5522328,5504143,3669429,3681552,3669428.6666666665,3681552,3669428.6666666665
2013-08-07,10.3200,4.5866666667,,,3705080.9950509076,16993971.49742366555850169692,2446286,2470054,5504143,5557621,5504143,3669429,3705081,3669428.6666666665,3705080.6666666665,3669428.6666666665
2013-08-08,10.3000,4.5777777778,,,3705081.0432959064,16961037.66494803998762879792,2446286,2470054,5504143,5557621,5504143,3669429,3705081,3669428.6666666665,3705080.6666666665,3669428.6666666665
2013-08-09,10.2399,4.5510666667,,,3705080.9694359605,16862070.49742452133184786535,2446286,2470054,5504143,5557621,5504143,3669429,3705081,3669428.6666666665,3705080.6666666665,3669428.6666666665
2013-08-12,9.8689,4.3861777778,,,3705080.9356618486,16251143.66495043186458804108,2446286,2470054,5504143,5557621,5504143,3669429,3705081,3669428.6666666665,3705080.6666666665,3669428.6666666665
2013-08-13,10.0000,4.4444444444,,,3705081.0008100080,16467026.67010203195551955520,2446286,2470054,5504143,5557621,5504143,3669429,3705081,3669428.6666666665,3705080.6666666665,3669428.6666666665
2013-08-14,9.9801,4.4356000000,,,3705080.9360627650,16434257.00000000043400000000,2446286,2470054,5504143,5557621,5504143,3669429,3705081,3669428.6666666665,3705080.6666666665,3669428.6666666665
2013-08-15,9.9800,4.4355555556,,,3705080.9360627650,16434092.32990084568604723400,2446286,2470054,5504143,5557621,5504143,3669429,3705081,3669428.6666666665,3705080.6666666665,3669428.6666666665
2013-08-16,10.3000,4.5777777778,,,3705081.0432959064,16961037.66494803998762879792,2446286,2470054,5504143,5557621,5504143,3669429,3705081,3669428.6666666665,3705080.6666666665,3669428.6666666665
2013-08-19,10.5100,4.6711111111,,,3705081.0301642013,17306845.16752583494988706443,2446286,2470054,5504143,5557621,5504143,3669429,3705081,3669428.6666666665,3705080.6666666665,3669428.6666666665
2013-08-20,10.6500,4.7333333333,,,3705081.0216973360,17537383.50257722103261008880,2446286,2470054,5504143,5557621,5504143,3669429,3705081,3669428.6666666665,3705080.6666666665,3669428.6666666665
2013-08-21,10.3300,4.5911111111,,,3705080.9174271960,17010438.16752458118091747560,2446286,2470054,5504143,5557621,5504143,3669429,3705081,3669428.6666666665,3705080.6666666665,3669428.6666666665
2013-08-22,10.4900,4.6622222222,,,3705081.0776028480,17273911.33505272065160882560,2446286,2470054,5504143,5557621,5504143,3669429,3705081,3669428.6666666665,3705080.6666666665,3669428.6666666665
2013-08-23,10.7500,4.7777777778,,,3705080.9996232577,17702053.66494901081110273906,2446286,2470054,5504143,5557621,5504143,3669429,3705081,3669428.6666666665,3705080.6666666665,3669428.6666666665
2013-08-26,10.7900,4.7955555556,,,3705080.9074985400,17767921.32990211319588882400,2446286,2470054,5504143,5557621,5504143,3669429,3705081,3669428.6666666665,3705080.6666666665,3669428.6666666665
2013-08-27,10.8500,4.8222222222,,,3705081.0833229650,17866724.33505285164259282300,2446286,2470054,5504143,5557621,5504143,3669429,3705081,3669428.6666666665,3705080.6666666665,3669428.6666666665
2013-08-28,10.7000,4.7555555556,,,3705080.9571873160,17619718.32989990635365276960,2446286,2470054,5504143,5557621,5504143,3669429,3705081,3669428.6666666665,3705080.6666666665,3669428.6666666665
2013-08-29,10.6500,4.7333333333,,,3705081.0216973360,17537383.50257722103261008880,2446286,2470054,5504143,5557621,5504143,3669429,3705081,3669428.6666666665,3705080.6666666665,3669428.6666666665
2013-08-30,10.5600,4.6933333333,,,3705081.0730189850,17389180.50257893356423270050,2446286,2470054,5504143,5557621,5504143,3669429,3705081,3669428.6666666665,3705080.6666666665,3669428.6666666665
2013-09-03,10.5300,4.6800000000,,,3705080.9829059830,17339779.00000000044000000000,2446286,2470054,5504143,5557621,5504143,3669429,3705081,3669428.6666666665,3705080.6666666665,3669428.6666666665
2013-09-04,10.6500,4.7333333333,,,3705081.0216973360,17537383.50257722103261008880,2446286,2470054,5504143,5557621,5504143,3669429,3705081,3669428.6666666665,3705080.6666666665,3669428.6666666665
2013-09-05,10.6300,4.7244444444,,,3705081.0684954700,17504449.67010503910806686800,2446286,2470054,5504143,5557621,5504143,3669429,3705081,3669428.6666666665,3705080.6666666665,3669428.6666666665
2013-09-06,10.7500,4.7777777778,,,3705080.9996232577,17702053.66494901081110273906,2446286,2470054,5504143,5557621,5504143,3669429,3705081,3669428.6666666665,3705080.6666666665,3669428.6666666665
2013-09-09,10.8600,4.8266666667,,,3705080.9041374030,17883190.49742670117680458010,2446286,2470054,5504143,5557621,5504143,3669429,3705081,3669428.6666666665,3705080.6666666665,3669428.6666666665
2013-09-10,10.7500,4.7777777778,,,3705080.9996232577,17702053.66494901081110273906,2446286,2470054,5504143,5557621,5504143,3669429,3705081,3669428.6666666665,3705080.6666666665,3669428.6666666665
2013-09-11,10.7700,4.7866666667,,,3705080.9534752546,17734987.49742505471711584182,2446286,2470054,5504143,5557621,5504143,3669429,3705081,3669428.6666666665,3705080.6666666665,3669428.6666666665
2013-09-12,10.9200,4.8533333333,,,3705081.0788535634,17981993.50257912499870488122,2446286,2470054,5504143,5557621,5504143,3669429,3705081,3669428.6666666665,3705080.6666666665,3669428.6666666665
2013-09-13,10.7900,4.7955555556,,,3705080.9074985400,17767921.32990211319588882400,2446286,2470054,5504143,5557621,5504143,3669429,3705081,3669428.6666666665,3705080.6666666665,3669428.6666666665
2013-09-16,10.7300,4.7688888889,,,3705081.0459435090,17669119.83247399048717715010,2446286,2470054,5504143,5557621,5504143,3669429,3705081,3669428.6666666665,3705080.6666666665,3669428.6666666665
2013-09-17,10.8350,4.8155555556,,,3705080.9867929230,17842023.32989859057941301880,2446286,2470054,5504143,5557621,5504143,3669429,3705081,3669428.6666666665,3705080.6666666665,3669428.6666666665
2013-09-18,10.8500,4.8222222222,,,3705081.0833229650,17866724.33505285164259282300,2446286,2470054,5504143,5557621,5504143,3669429,3705081,3669428.6666666665,3705080.6666666665,3669428.6666666665
2013-09-19,10.7500,4.7777777778,,,3705080.9996232577,17702053.66494901081110273906,2446286,2470054,5504143,5557621,5504143,3669429,3705081,3669428.6666666665,3705080.6666666665,3669428.6666666665
2013-09-20,11.0000,4.8888888889,,,3705081.1020884050,18113729.83247336979002320450,2446286,2470054,5504143,5557621,5504143,3669429,3705081,3669428.6666666665,3705080.6666666665,3669428.6666666665
2013-09-23,11.0500,4.9111111111,,,3705080.9390971470,18196064.16752482103401003170,2446286,2470054,5504143,5557621,5504143,3669429,3705081,3669428.6666666665,3705080.6666666665,3669428.6666666665
2013-09-24,10.8750,4.8333333333,,,3705081.0005586240,17907891.50257651329998137920,2446286,2470054,5504143,5557621,5504143,3669429,3705081,3669428.6666666665,3705080.6666666665,3669428.6666666665
2013-09-25,10.9000,4.8444444444,,,3705080.9181735610,17949058.67009835858141450840,2446286,2470054,5504143,5557621,5504143,3669429,3705081,3669428.6666666665,3705080.6666666665,3669428.6666666665
2013-09-26,10.9800,4.8800000000,,,3705080.9426229508,18080794.99999999990400000000,2446286,2470054,5504143,5557621,5504143,3669429,3705081,3669428.6666666665,3705080.6666666665,3669428.6666666665
2013-09-27,11.2300,4.9911111111,,,3705081.0442587803,18492471.16752598921906379133,2446286,2470054,5504143,5557621,5504143,3669429,3705081,3669428.6666666665,3705080.6666666665,3669428.6666666665
2013-09-30,11.2500,5.0000000000,,,3727869.0000000000,18639345.00000000000000000000,2446286,2470054,5504143,5557621,5504143,3669429,3705081,3669428.6666666665,3705080.6666666665,3669428.6666666665
2013-10-01,11.2500,5.0000000000,,,3727869.0000000000,18639345.00000000000000000000,2446286,2470054,5504143,5557621,5504143,3669429,3705081,3669428.6666666665,3705080.6666666665,3669428.6666666665
2013-10-02,11.4000,5.0666666667,,,3727869.0271774526,18887869.73782335547423924842,2446286,2470054,5504143,5557621,5504143,3669429,3705081,3669428.6666666665,3705080.6666666665,3669428.6666666665
2013-10-03,11.3390,5.0395555556,,,3727869.0769108660,18786803.31709559843630714960,2446286,2470054,5504143,5557621,5504143,3669429,3705081,3669428.6666666665,3705080.6666666665,3669428.6666666665
2013-10-04,11.2890,5.0173333333,,,3727868.9733522017,18703961.26217485103035492661,2446286,2470054,5504143,5557621,5504143,3669429,3705081,3669428.6666666665,3705080.6666666665,3669428.6666666665
2013-10-07,10.9300,4.8577777778,,,3727868.9941949030,18109159.15854963699542655340,2446286,2470054,5504143,5557621,5504143,3669429,3705081,3669428.6666666665,3705080.6666666665,3669428.6666666665
2013-10-08,11.0000,4.8888888889,,,3727869.0502976133,18225137.57927419690055886237,2446286,2470054,5504143,5557621,5504143,3669429,3705081,3669428.6666666665,3705080.6666666665,3669428.6666666665
2013-10-09,11.0000,4.8888888889,,,3727869.0502976133,18225137.57927419690055886237,2446286,2470054,5504143,5557621,5504143,3669429,3705081,3669428.6666666665,3705080.6666666665,3669428.6666666665
2013-10-10,11.0000,4.8888888889,,,3727869.0502976133,18225137.57927419690055886237,2446286,2470054,5504143,5557621,5504143,3669429,3705081,3669428.6666666665,3705080.6666666665,3669428.6666666665
2013-10-11,11.2596,5.0042666667,,,3727869.0326319370,18655250.73782317689895439790,2446286,2470054,5504143,5557621,5504143,3669429,3705081,3669428.6666666665,3705080.6666666665,3669428.6666666665
2013-10-14,11.2000,4.9777777778,,,3727868.9380850980,18556503.15855088490973522440,2446286,2470054,5504143,5557621,5504143,3669429,3705081,3669428.6666666665,3705080.6666666665,3669428.6666666665
2013-10-15,11.2200,4.9866666667,,,3727868.9313574107,18589639.73782655032171191369,2446286,2470054,5504143,5557621,5504143,3669429,3705081,3669428.6666666665,3705080.6666666665,3669428.6666666665
2013-10-16,11.1500,4.9555555556,,,3727869.0774073780,18473662.31709557849232921680,2446286,2470054,5504143,5557621,5504143,3669429,3705081,3669428.6666666665,3705080.6666666665,3669428.6666666665
2013-10-17,11.1000,4.9333333333,,,3727868.9720876490,18390820.26217480610093041170,2446286,2470054,5504143,5557621,5504143,3669429,3705081,3669428.6666666665,3705080.6666666665,3669428.6666666665
2013-10-18,11.3110,5.0271111111,,,3727868.9502894315,18740411.42072469465455233965,2446286,2470054,5504143,5557621,5504143,3669429,3705081,3669428.6666666665,3705080.6666666665,3669428.6666666665
2013-10-21,11.0988,4.9328000000,,,3727868.9588063573,18388831.99999999928944000000,2446286,2470054,5504143,5557621,5504143,3669429,3705081,3669428.6666666665,3705080.6666666665,3669428.6666666665
2013-10-22,11.1000,4.9333333333,,,3727868.9720876490,18390820.26217480610093041170,2446286,2470054,5504143,5557621,5504143,3669429,3705081,3669428.6666666665,3705080.6666666665,3669428.6666666665
2013-10-23,11.1000,4.9333333333,,,3727868.9720876490,18390820.26217480610093041170,2446286,2470054,5504143,5557621,5504143,3669429,3705081,3669428.6666666665,3705080.6666666665,3669428.6666666665
2013-10-24,11.1001,4.9333777778,,,3727869.0152835776,18390986.15854917029712185728,2446286,2470054,5504143,5557621,5504143,3669429,3705081,3669428.6666666665,3705080.6666666665,3669428.6666666665
2013-10-25,11.0201,4.8978222222,,,3727869.0432439055,18258439.84145145313261680210,2446286,2470054,5504143,5557621,5504143,3669429,3705081,3669428.6666666665,3705080.6666666665,3669428.6666666665
2013-10-28,11.2300,4.9911111111,,,3727869.0068321610,18606208.42072532057992408710,2446286,2470054,5504143,5557621,5504143,3669429,3705081,3669428.6666666665,3705080.6666666665,3669428.6666666665
2013-10-29,11.0610,4.9160000000,,,3727868.9991863300,18326203.99999999828000000000,2446286,2470054,5504143,5557621,5504143,3669429,3705081,3669428.6666666665,3705080.6666666665,3669428.6666666665
2013-10-30,11.1144,4.9397333333,,,3727868.8989209870,18414678.26217236788683596710,2446286,2470054,5504143,5557621,5504143,3669429,3705081,3669428.6666666665,3705080.6666666665,3669428.6666666665
2013-10-31,11.1300,4.9466666667,,,3727869.0844401317,18440525.73782144711214800439,2446286,2470054,5504143,5557621,5504143,3669429,3705081,3669428.6666666665,3705080.6666666665,3669428.6666666665
2013-11-01,11.2500,5.0000000000,,,3727869.0000000000,18639345.00000000000000000000,2446286,2470054,5504143,5557621,5504143,3669429,3705081,3669428.6666666665,3705080.6666666665,3669428.6666666665
2013-11-04,11.1999,4.9777333333,,,3727869.0961689140,18556338.26217894654506103620,2446286,2470054,5504143,5557621,5504143,3669429,3705081,3669428.6666666665,3705080.6666666665,3669428.6666666665
2013-11-05,11.5000,5.1111111111,,,3727868.9518890255,19053552.42072470956720123305,2446286,2470054,5504143,5557621,5504143,3669429,3705081,3669428.6666666665,3705080.6666666665,3669428.6666666665
2013-11-06,11.3500,5.0444444444,,,3727868.9239552766,18805027.68289760111893532104,2446286,2470054,5504143,5557621,5504143,3669429,3705081,3669428.6666666665,3705080.6666666665,3669428.6666666665
2013-11-07,11.2210,4.9871111111,,,3727868.9017665577,18591296.42072415432406926047,2446286,2485246,5504143,5591803,5504143,3669429,3727869,3669428.6666666665,3727868.6666666665,3669428.6666666665
2013-11-08,11.4650,5.0955555556,,,3727868.9457571236,18995563.31710142620825587216,2446286,2485246,5504143,5591803,5504143,3669429,3727869,3669428.6666666665,3727868.6666666665,3669428.6666666665
2013-11-11,11.4501,5.0889333333,,,3727869.0876220795,18970877.26217865880061259735,2446286,2485246,5504143,5591803,5504143,3669429,3727869,3669428.6666666665,3727868.6666666665,3669428.6666666665
2013-11-12,11.2700,5.0088888889,,,3727868.9931921180,18672481.57927482959325769020,2446286,2485246,5504143,5591803,5504143,3669429,3727869,3669428.6666666665,3727868.6666666665,3669428.6666666665
2013-11-13,11.2500,5.0000000000,,,3727869.0000000000,18639345.00000000000000000000,2446286,2485246,5504143,5591803,5504143,3669429,3727869,3669428.6666666665,3727868.6666666665,3669428.6666666665
2013-11-14,11.2500,5.0000000000,,,3727869.0000000000,18639345.00000000000000000000,2446286,2485246,5504143,5591803,5504143,3669429,3727869,3669428.6666666665,3727868.6666666665,3669428.6666666665
2013-11-15,11.2500,5.0000000000,,,3727869.0000000000,18639345.00000000000000000000,2446286,2485246,5504143,5591803,5504143,3669429,3727869,3669428.6666666665,3727868.6666666665,3669428.6666666665
2013-11-18,11.4300,5.0800000000,,,3727869.0944881890,18937575.00000000012000000000,2446286,2485246,5504143,5591803,5504143,3669429,3727869,3669428.6666666665,3727868.6666666665,3669428.6666666665
2013-11-19,11.4290,5.0795555556,,,3727868.9266871405,18935917.31710227362985276180,2446286,2485246,5504143,5591803,5504143,3669429,3727869,3669428.6666666665,3727868.6666666665,3669428.6666666665
2013-11-20,11.4672,5.0965333333,,,3727868.9296576083,18999208.26217339365690474639,2446286,2485246,5504143,5591803,5504143,3669429,3727869,3669428.6666666665,3727868.6666666665,3669428.6666666665
2013-11-21,11.4600,5.0933333333,,,3727868.9651110280,18987279.26217457364782963240,2446286,2485246,5504143,5591803,5504143,3669429,3727869,3669428.6666666665,3727868.6666666665,3669428.6666666665
2013-11-22,11.3400,5.0400000000,,,3727869.0476190476,18788459.99999999990400000000,2446286,2485246,5504143,5591803,5504143,3669429,3727869,3669428.6666666665,3727868.6666666665,3669428.6666666665
2013-11-25,11.2500,5.0000000000,,,3727869.0000000000,18639345.00000000000000000000,2446286,2485246,5504143,5591803,5504143,3669429,3727869,3669428.6666666665,3727868.6666666665,3669428.6666666665
2013-11-26,11.2600,5.0044444444,,,3727869.0752138114,18655913.68290432420287938616,2446286,2485246,5504143,5591803,5504143,3669429,3727869,3669428.6666666665,3727868.6666666665,3669428.6666666665
2013-11-27,11.3200,5.0311111111,,,3727869.0544811273,18755323.42072585080428354303,2446286,2485246,5504143,5591803,5504143,3669429,3727869,3669428.6666666665,3727868.6666666665,3669428.6666666665
2013-11-29,11.2501,5.0000444444,,,3727869.0000000000,18639510.68290098360000000000,2446286,2485246,5504143,5591803,5504143,3669429,3727869,3669428.6666666665,3727868.6666666665,3669428.6666666665
2013-12-02,11.3200,5.0311111111,,,3727869.0544811273,18755323.42072585080428354303,2446286,2485246,5504143,5591803,5504143,3669429,3727869,3669428.6666666665,3727868.6666666665,3669428.6666666665
2013-12-03,11.3000,5.0222222222,,,3727869.0613675285,18722186.84145185715419183270,2446286,2485246,5504143,5591803,5504143,3669429,3727869,3669428.6666666665,3727868.6666666665,3669428.6666666665
2013-12-04,11.2600,5.0044444444,,,3727869.0752138114,18655913.68290432420287938616,2446286,2485246,5504143,5591803,5504143,3669429,3727869,3669428.6666666665,3727868.6666666665,3669428.6666666665
2013-12-05,11.2500,5.0000000000,,,3727869.0000000000,18639345.00000000000000000000,2446286,2485246,5504143,5591803,5504143,3669429,3727869,3669428.6666666665,3727868.6666666665,3669428.6666666665
2013-12-06,11.4900,5.1066666667,,,3727869.0739616584,19036984.73782179786513205528,2446286,2485246,5504143,5591803,5504143,3669429,3727869,3669428.6666666665,3727868.6666666665,3669428.6666666665
2013-12-09,11.2500,5.0000000000,,,3727869.0000000000,18639345.00000000000000000000,2446286,2485246,5504143,5591803,5504143,3669429,3727869,3669428.6666666665,3727868.6666666665,3669428.6666666665
2013-12-10,11.3000,5.0222222222,,,3727869.0613675285,18722186.84145185715419183270,2446286,2485246,5504143,5591803,5504143,3669429,3727869,3669428.6666666665,3727868.6666666665,3669428.6666666665
2013-12-11,11.3000,5.0222222222,,,3727869.0613675285,18722186.84145185715419183270,2446286,2485246,5504143,5591803,5504143,3669429,3727869,3669428.6666666665,3727868.6666666665,3669428.6666666665
2013-12-12,11.2600,5.0044444444,,,3727869.0752138114,18655913.68290432420287938616,2446286,2485246,5504143,5591803,5504143,3669429,3727869,3669428.6666666665,3727868.6666666665,3669428.6666666665
2013-12-13,11.2500,5.0000000000,,,3727869.0000000000,18639345.00000000000000000000,2446286,2485246,5504143,5591803,5504143,3669429,3727869,3669428.6666666665,3727868.6666666665,3669428.6666666665
2013-12-16,11.2900,5.0177777778,,,3727868.9864083860,18705618.15854980950636463080,2446286,2485246,5504143,5591803,5504143,3669429,3727869,3669428.6666666665,3727868.6666666665,3669428.6666666665
2013-12-17,11.3760,5.0560000000,,,3727869.0664556962,18848105.99999999998720000000,2446286,2485246,5504143,5591803,5504143,3669429,3727869,3669428.6666666665,3727868.6666666665,3669428.6666666665
2013-12-18,11.4300,5.0800000000,,,3727869.0944881890,18937575.00000000012000000000,2446286,2485246,5504143,5591803,5504143,3669429,3727869,3669428.6666666665,3727868.6666666665,3669428.6666666665
2013-12-19,11.3800,5.0577777778,,,3727869.0339673376,18854733.15854875348431038528,2446286,2485246,5504143,5591803,5504143,3669429,3727869,3669428.6666666665,3727868.6666666665,3669428.6666666665
2013-12-20,11.3100,5.0266666667,,,3727868.9796486762,18738754.73782494133132162254,2446286,2485246,5504143,5591803,5504143,3669429,3727869,3669428.6666666665,3727868.6666666665,3669428.6666666665
2013-12-23,11.4800,5.1022222222,,,3727868.9584884950,19020415.84144956851203358900,2446286,2485246,5504143,5591803,5504143,3669429,3727869,3669428.6666666665,3727868.6666666665,3669428.6666666665
2013-12-24,11.4899,5.1066222222,,,3727869.0322327970,19036818.84145120924386149340,2446286,2485246,5504143,5591803,5504143,3669429,3727869,3669428.6666666665,3727868.6666666665,3669428.6666666665
2013-12-26,11.3600,5.0488888889,,,3727869.0407811604,18821596.57927430172000867956,2446286,2485246,5504143,5591803,5504143,3669429,3727869,3669428.6666666665,3727868.6666666665,3669428.6666666665
2013-12-27,11.9299,5.3021777778,,,3727868.9977745090,19765824.15854955927510610020,2446286,2485246,5504143,5591803,5504143,3669429,3727869,3669428.6666666665,3727868.6666666665,3669428.6666666665
2013-12-30,11.9200,5.2977777778,,,3727868.9267243007,19749421.15855113679570498446,2446286,2485246,5504143,5591803,5504143,3669429,3727869,3669428.6666666665,3727868.6666666665,3669428.6666666665
2013-12-31,11.9700,5.3200000000,,,3662353.5714285714,19483720.99999999984800000000,2446286,2485246,5504143,5591803,5504143,3669429,3727869,3669428.6666666665,3727868.6666666665,3669428.6666666665
2014-01-02,11.9600,5.3155555556,,,3662353.4502219884,19467443.22889831849289875504,2446286,2485246,5504143,5591803,5504143,3669429,3727869,3669428.6666666665,3727868.6666666665,3669428.6666666665
2014-01-03,11.9500,5.3111111111,,,3662353.5614091246,19451166.69277665783598434306,2446286,2485246,5504143,5591803,5504143,3669429,3727869,3669428.6666666665,3727868.6666666665,3669428.6666666665
2014-01-06,11.9200,5.2977777778,,,3662353.4297255470,19402334.61444961684954945660,2446286,2485246,5504143,5591803,5504143,3669429,3727869,3669428.6666666665,3727868.6666666665,3669428.6666666665
2014-01-07,11.4100,5.0711111111,,,3662353.5327640944,18572201.69277633700696928784,2446286,2485246,5504143,5591803,5504143,3669429,3727869,3669428.6666666665,3727868.6666666665,3669428.6666666665
2014-01-08,11.7100,5.2044444444,,,3662353.5854277154,19060515.77110769421131432376,2446286,2485246,5504143,5591803,5504143,3669429,3727869,3669428.6666666665,3727868.6666666665,3669428.6666666665
2014-01-09,11.5100,5.1155555556,,,3662353.5851122060,18734973.22889232285267165360,2446286,2485246,5504143,5591803,5504143,3669429,3727869,3669428.6666666665,3727868.6666666665,3669428.6666666665
2014-01-10,11.4600,5.0933333333,,,3662353.4839887694,18653587.07832738702786704102,2446286,2485246,5504143,5591803,5504143,3669429,3727869,3669428.6666666665,3727868.6666666665,3669428.6666666665
2014-01-13,11.3200,5.0311111111,,,3662353.5608515030,18425707.69277664672043498330,2446286,2485246,5504143,5591803,5504143,3669429,3727869,3669428.6666666665,3727868.6666666665,3669428.6666666665
2014-01-14,11.4300,5.0800000000,,,3662353.5433070865,18604755.99999999942000000000,2446286,2485246,5504143,5591803,5504143,3669429,3727869,3669428.6666666665,3727868.6666666665,3669428.6666666665
2014-01-15,11.4500,5.0888888889,,,3662353.5538132014,18637310.30722342883059792446,2446286,2485246,5504143,5591803,5504143,3669429,3727869,3669428.6666666665,3727868.6666666665,3669428.6666666665
2014-01-16,11.8000,5.2444444444,,,3662353.5580810010,19207009.77110647841964084440,2446286,2485246,5504143,5591803,5504143,3669429,3727869,3669428.6666666665,3727868.6666666665,3669428.6666666665
2014-01-17,11.5600,5.1377777778,,,3662353.5365331460,18816358.61444723797192295880,2446286,2485246,5504143,5591803,5504143,3669429,3727869,3669428.6666666665,3727868.6666666665,3669428.6666666665
2014-01-21,11.3500,5.0444444444,,,3662353.5009119020,18474538.77110393437773724880,2446286,2485246,5504143,5591803,5504143,3669429,3727869,3669428.6666666665,3727868.6666666665,3669428.6666666665
2014-01-22,11.4900,5.1066666667,,,3662353.5747155696,18702418.92166958720982385232,2446286,2485246,5504143,5591803,5504143,3669429,3727869,3669428.6666666665,3727868.6666666665,3669428.6666666665
2014-01-23,11.4600,5.0933333333,,,3662353.4839887694,18653587.07832738702786704102,2446286,2485246,5504143,5591803,5504143,3669429,3727869,3669428.6666666665,3727868.6666666665,3669428.6666666665
2014-01-24,11.5100,5.1155555556,,,3662353.5851122060,18734973.22889232285267165360,2446286,2485246,5504143,5591803,5504143,3669429,3727869,3669428.6666666665,3727868.6666666665,3669428.6666666665
2014-01-27,11.3600,5.0488888889,,,3662353.5819683500,18490816.30722311770646631500,2446286,2485246,5504143,5591803,5504143,3669429,3727869,3669428.6666666665,3727868.6666666665,3669428.6666666665
2014-01-28,11.5550,5.1355555556,,,3662353.5711504010,18808220.22889294173871779560,2446286,2485246,5504143,5591803,5504143,3669429,3727869,3669428.6666666665,3727868.6666666665,3669428.6666666665
2014-01-29,11.5600,5.1377777778,,,3662353.5365331460,18816358.61444723797192295880,2446286,2485246,5504143,5591803,5504143,3669429,3727869,3669428.6666666665,3727868.6666666665,3669428.6666666665
2014-01-30,11.5810,5.1471111111,,,3662353.5583143905,18850540.69277662112957428455,2446286,2485246,5504143,5591803,5504143,3669429,3727869,3669428.6666666665,3727868.6666666665,3669428.6666666665
2014-01-31,11.5699,5.1421777778,,,3662353.4673874998,18832472.61444877849306194444,2446286,2485246,5504143,5591803,5504143,3669429,3727869,3669428.6666666665,3727868.6666666665,3669428.6666666665
2014-02-03,11.4500,5.0888888889,,,3662353.5538132014,18637310.30722342883059792446,2446286,2485246,5504143,5591803,5504143,3669429,3727869,3669428.6666666665,3727868.6666666665,3669428.6666666665
2014-02-04,11.2701,5.0089333333,,,3662353.4109285474,18344484.07832495357640904842,2446286,2485246,5504143,5591803,5504143,3669429,3727869,3669428.6666666665,3727868.6666666665,3669428.6666666665
2014-02-05,11.3300,5.0355555556,,,3662353.4434824055,18441984.22889861762637699580,2446286,2485246,5504143,5591803,5504143,3669429,3727869,3669428.6666666665,3727868.6666666665,3669428.6666666665
2014-02-06,11.2700,5.0088888889,,,3662353.4109285474,18344321.30722501690367698386,2446286,2485246,5504143,5591803,5504143,3669429,3727869,3669428.6666666665,3727868.6666666665,3669428.6666666665
2014-02-07,11.5500,5.1333333333,,,3662353.4568406288,18800081.07832648272477197904,2446286,2485246,5504143,5591803,5504143,3669429,3727869,3669428.6666666665,3727868.6666666665,3669428.6666666665
2014-02-10,11.6500,5.1777777778,,,3662353.5092124064,18962852.61444784543798249792,2408198,2441569,5418445,5493530,5298813,3612297,3662353.5,3612296.6666666665,3662353.333333333,3532542
2014-02-11,11.5555,5.1357777778,,,3662353.4794968655,18809033.61444850975965548590,2408198,2441569,5418445,5493530,5298813,3612297,3662353.5,3612296.6666666665,3662353.333333333,3532542
2014-02-12,11.5600,5.1377777778,,,3662353.5365331460,18816358.61444723797192295880,2408198,2441569,5418445,5493530,5298813,3612297,3662353.5,3612296.6666666665,3662353.333333333,3532542
2014-02-13,11.4500,5.0888888889,,,3662353.5538132014,18637310.30722342883059792446,2408198,2441569,5418445,5493530,5298813,3612297,3662353.5,3612296.6666666665,3662353.333333333,3532542
2014-02-14,11.5700,5.1422222222,,,3662353.4673874998,18832635.38555122445005805556,2408198,2441569,5418445,5493530,5298813,3612297,3662353.5,3612296.6666666665,3662353.333333333,3532542
2014-02-18,11.9500,5.3111111111,,,3662353.5614091246,19451166.69277665783598434306,2408198,2441569,5418445,5493530,5298813,3612297,3662353.5,3612296.6666666665,3662353.333333333,3532542
2014-02-19,11.8900,5.2844444444,,,3662353.5311482856,19353503.77110528019150452064,2408198,2441569,5418445,5493530,5298813,3612297,3662353.5,3612296.6666666665,3662353.333333333,3532542
2014-02-20,11.9900,5.3288888889,,,3662353.5814145510,19516275.30722312236868238390,2408198,2441569,5418445,5493530,5298813,3612297,3662353.5,3612296.6666666665,3662353.333333333,3532542
2014-02-21,12.0000,5.3333333333,,,3662353.5147094666,19532552.07832841008284301778,2408198,2441569,5418445,5493530,5298813,3612297,3662353.5,3612296.6666666665,3662353.333333333,3532542
2014-02-24,12.0100,5.3377777778,,,3662353.5913672303,19548829.61444602381447482734,2408198,2441569,5418445,5493530,5298813,3612297,3662353.5,3612296.6666666665,3662353.333333333,3532542
2014-02-25,12.3000,5.4666666667,,,3662353.5222346205,20020865.92167133718407448735,2408198,2441569,5418445,5493530,5298813,3612297,3662353.5,3612296.6666666665,3662353.333333333,3532542
2014-02-26,12.0600,5.3600000000,,,3662353.5447761193,19630214.99999999944800000000,2408198,2441569,5418445,5493530,5298813,3612297,3662353.5,3612296.6666666665,3662353.333333333,3532542
2014-02-27,12.3800,5.5022222222,,,3662353.4222674565,20151082.38555021946617183430,2408198,2441569,5418445,5493530,5298813,3612297,3662353.5,3612296.6666666665,3662353.333333333,3532542
2014-02-28,12.4300,5.5244444444,,,3662353.5587575124,20232468.77110650834494411056,2408198,2441569,5418445,5493530,5298813,3612297,3662353.5,3612296.6666666665,3662353.333333333,3532542
2014-03-03,12.1900,5.4177777778,,,3662353.5383365946,19841817.61444720260040747988,2408198,2441569,5418445,5493530,5298813,3612297,3662353.5,3612296.6666666665,3662353.333333333,3532542
2014-03-04,12.2440,5.4417777778,,,3662353.4492263590,19929713.61444918100820503020,2408198,2441569,5418445,5493530,5298813,3612297,3662353.5,3612296.6666666665,3662353.333333333,3532542
2014-03-05,12.3000,5.4666666667,,,3662353.5222346205,20020865.92167133718407448735,2408198,2441569,5418445,5493530,5298813,3612297,3662353.5,3612296.6666666665,3662353.333333333,3532542
2014-03-06,12.3000,5.4666666667,,,3662353.5222346205,20020865.92167133718407448735,2408198,2441569,5418445,5493530,5298813,3612297,3662353.5,3612296.6666666665,3662353.333333333,3532542
2014-03-07,12.4500,5.5333333333,,,3662353.5683949906,20265023.07833020286772016698,2408198,2441569,5418445,5493530,5298813,3612297,3662353.5,3612296.6666666665,3662353.333333333,3532542
2014-03-10,12.5100,5.5600000000,,,3662353.4172661873,20362685.00000000138800000000,2408198,2441569,5418445,5493530,5298813,3612297,3662353.5,3612296.6666666665,3662353.333333333,3532542
2014-03-11,12.7875,5.6833333333,,,3662353.5621909807,20814376.07832999519292696731,2408198,2441569,5418445,5493530,5298813,3612297,3662353.5,3612296.6666666665,3662353.333333333,3532542
2014-03-12,12.1400,5.3955555556,,,3662353.5844021053,19760432.22889235275575120468,2408198,2441569,5418445,5493530,5298813,3612297,3662353.5,3612296.6666666665,3662353.333333333,3532542
2014-03-13,12.9400,5.7511111111,,,3662353.4628158090,21062601.69277555983263537990,2408198,2441569,5418445,5493530,5298813,3612297,3662353.5,3612296.6666666665,3662353.333333333,3532542
2014-03-14,12.6620,5.6275555556,,,3662353.5787902480,20610098.22889260245950178880,2408198,2441569,5418445,5493530,5298813,3612297,3662353.5,3612296.6666666665,3662353.333333333,3532542
2014-03-17,12.9100,5.7377777778,,,3662353.5152846040,21013770.61444771347367299120,2408198,2441569,5418445,5493530,5298813,3612297,3662353.5,3612296.6666666665,3662353.333333333,3532542
2014-03-18,12.9640,5.7617777778,,,3662353.4312194106,21101666.61444958075109376468,2408198,2441569,5418445,5493530,5298813,3612297,3662353.5,3612296.6666666665,3662353.333333333,3532542
2014-03-19,12.8100,5.6933333333,,,3662353.4681116403,20850999.07832686032572961199,2408198,2441569,5418445,5493530,5298813,3612297,3662353.5,3612296.6666666665,3662353.333333333,3532542
2014-03-20,12.6900,5.6400000000,,,3662353.5460992910,20655674.00000000124000000000,2408198,2441569,5418445,5493530,5298813,3612297,3662353.5,3612296.6666666665,3662353.333333333,3532542
2014-03-21,12.6600,5.6266666667,,,3662353.4220768837,20606841.92167467739940256279,2408198,2441569,5418445,5493530,5298813,3612297,3662353.5,3612296.6666666665,3662353.333333333,3532542
2014-03-24,12.1200,5.3866666667,,,3662353.5745447120,19727877.92166959375915149040,2408198,2441569,5418445,5493530,5298813,3612297,3662353.5,3612296.6666666665,3662353.333333333,3532542
2014-03-25,12.1200,5.3866666667,,,3662353.5745447120,19727877.92166959375915149040,2408198,2441569,5418445,5493530,5298813,3612297,3662353.5,3612296.6666666665,3662353.333333333,3532542
2014-03-26,12.1000,5.3777777778,,,3662353.5646546916,19695323.61444661601699232648,2408198,2441569,5418445,5493530,5298813,3612297,3662353.5,3612296.6666666665,3662353.333333333,3532542
2014-03-27,12.4600,5.5377777778,,,3662353.4616634767,20281299.61444890549114807726,2408198,2441569,5418445,5493530,5298813,3612297,3662353.5,3612296.6666666665,3662353.333333333,3532542
2014-03-28,12.4300,5.5244444444,,,3662353.5587575124,20232468.77110650834494411056,2408198,2441569,5418445,5493530,5298813,3612297,3662353.5,3612296.6666666665,3662353.333333333,3532542
2014-03-31,12.1000,5.3777777778,,,3649587.0058388190,19626667.89814763966679641820,2408198,2441569,5418445,5493530,5298813,3612297,3662353.5,3612296.6666666665,3662353.333333333,3532542
2014-04-01,12.2000,5.4222222222,,,3649587.0679797865,19788872.10185374042071156030,2408198,2441569,5418445,5493530,5298813,3612297,3662353.5,3612296.6666666665,3662353.333333333,3532542
2014-04-02,12.1700,5.4088888889,,,3649586.9770193570,19740210.44907413971752243730,2408198,2441569,5418445,5493530,5298813,3612297,3662353.5,3612296.6666666665,3662353.333333333,3532542
2014-04-03,12.1200,5.3866666667,,,3649586.9456253364,19659108.34722346497285417788,2408198,2441569,5418445,5493530,5298813,3612297,3662353.5,3612296.6666666665,3662353.333333333,3532542
2014-04-04,12.0500,5.3555555556,,,3649586.9743819553,19545565.79629667558330586468,2408198,2441569,5418445,5493530,5298813,3612297,3662353.5,3612296.6666666665,3662353.333333333,3532542
2014-04-07,11.9100,5.2933333333,,,3649587.0251072110,19318480.65277918399249642630,2408198,2441569,5418445,5493530,5298813,3612297,3662353.5,3612296.6666666665,3662353.333333333,3532542
2014-04-08,12.1899,5.4177333333,,,3649586.9095741734,19772488.65277533213797419422,2408198,2441569,5418445,5493530,5298813,3612297,3662353.5,3612296.6666666665,3662353.333333333,3532542
2014-04-09,12.0400,5.3511111111,,,3649587.0008035730,19529345.55092612410887996030,2408198,2441569,5418445,5493530,5298813,3612297,3662353.5,3612296.6666666665,3662353.333333333,3532542
2014-04-10,12.2300,5.4355555556,,,3649586.9821178894,19837532.79629633158231635064,2408198,2441569,5418445,5493530,5298813,3612297,3662353.5,3612296.6666666665,3662353.333333333,3532542
2014-04-11,12.1555,5.4024444444,,,3649587.0353916776,19716691.20370603482811592544,2408198,2441569,5418445,5493530,5298813,3612297,3662353.5,3612296.6666666665,3662353.333333333,3532542
2014-04-14,12.0300,5.3466666667,,,3649587.0349935475,19513125.34722048686783311825,2408198,2441569,5418445,5493530,5298813,3612297,3662353.5,3612296.6666666665,3662353.333333333,3532542
2014-04-15,12.0700,5.3644444444,,,3649587.0926851095,19578007.20370858353588066180,2408198,2441569,5418445,5493530,5298813,3612297,3662353.5,3612296.6666666665,3662353.333333333,3532542
2014-04-16,12.0300,5.3466666667,,,3649587.0349935475,19513125.34722048686783311825,2408198,2441569,5418445,5493530,5298813,3612297,3662353.5,3612296.6666666665,3662353.333333333,3532542
2014-04-17,12.1400,5.3955555556,,,3649587.0709466970,19691549.79629238234981985320,2408198,2441569,5418445,5493530,5298813,3612297,3662353.5,3612296.6666666665,3662353.333333333,3532542
2014-04-21,12.2000,5.4222222222,,,3649587.0679797865,19788872.10185374042071156030,2408198,2441569,5418445,5493530,5298813,3612297,3662353.5,3612296.6666666665,3662353.333333333,3532542
2014-04-22,12.2000,5.4222222222,,,3649587.0679797865,19788872.10185374042071156030,2408198,2441569,5418445,5493530,5298813,3612297,3662353.5,3612296.6666666665,3662353.333333333,3532542
2014-04-23,12.0100,5.3377777778,,,3649586.9084641617,19480683.89814980504996587026,2408198,2441569,5418445,5493530,5298813,3612297,3662353.5,3612296.6666666665,3662353.333333333,3532542
2014-04-24,12.0000,5.3333333333,,,3649586.9349183430,19464463.65277617643550272190,2408198,2441569,5418445,5493530,5298813,3612297,3662353.5,3612296.6666666665,3662353.333333333,3532542
2014-04-25,12.1200,5.3866666667,,,3649586.9456253364,19659108.34722346497285417788,2408198,2441569,5418445,5493530,5298813,3612297,3662353.5,3612296.6666666665,3662353.333333333,3532542
2014-04-28,12.0500,5.3555555556,,,3649586.9743819553,19545565.79629667558330586468,2408198,2441569,5418445,5493530,5298813,3612297,3662353.5,3612296.6666666665,3662353.333333333,3532542
2014-04-29,11.9800,5.3244444444,,,3649586.9957178277,19432023.20370427428730142988,2408198,2441569,5418445,5493530,5298813,3612297,3662353.5,3612296.6666666665,3662353.333333333,3532542
2014-04-30,12.2199,5.4310666667,,,3649587.0081567270,19821150.34722138101907189090,2408198,2441569,5418445,5493530,5298813,3612297,3662353.5,3612296.6666666665,3662353.333333333,3532542
2014-05-01,12.2199,5.4310666667,,,3649587.0081567270,19821150.34722138101907189090,2408198,2441569,5418445,5493530,5298813,3612297,3662353.5,3612296.6666666665,3662353.333333333,3532542
2014-05-02,12.1900,5.4177777778,,,3649586.9171988633,19772650.89814961021015997474,2408198,2441569,5418445,5493530,5298813,3612297,3662353.5,3612296.6666666665,3662353.333333333,3532542
2014-05-05,12.1390,5.3951111111,,,3649587.0326778000,19689927.55092647756630358000,2408198,2441569,5418445,5493530,5298813,3612297,3662353.5,3612296.6666666665,3662353.333333333,3532542
2014-05-06,11.8600,5.2711111111,,,3649586.9932272200,19237378.55092603978896414200,2408198,2441569,5418445,5493530,5298813,3612297,3662353.5,3612296.6666666665,3662353.333333333,3532542
2014-05-07,11.9400,5.3066666667,,,3649586.9372679820,19367141.34722374404457559940,2408198,2441569,5418445,5493530,5298813,3612297,3662353.5,3612296.6666666665,3662353.333333333,3532542
2014-05-08,12.1400,5.3955555556,,,3649587.0709466970,19691549.79629238234981985320,2408198,2441569,5418445,5493530,5298813,3612297,3662353.5,3612296.6666666665,3662353.333333333,3532542
2014-05-09,11.8400,5.2622222222,,,3649587.0548439818,19204938.10185345118189235596,2408198,2441569,5418445,5493530,5298813,3612297,3662353.5,3612296.6666666665,3662353.333333333,3532542
2014-05-12,11.7500,5.2222222222,,,3649586.9556891730,19058954.10185124595654024060,2408198,2441569,5418445,5493530,5298813,3612297,3662353.5,3612296.6666666665,3662353.333333333,3532542
2014-05-13,11.9000,5.2888888889,,,3649587.0596910510,19302260.44907322070066323390,2408198,2441569,5418445,5493530,5298813,3612297,3662353.5,3612296.6666666665,3662353.333333333,3532542
2014-05-14,12.1880,5.4168888889,,,3649587.0331739555,19769407.44907351524881304395,2408198,2441569,5418445,5493530,5298813,3612297,3662353.5,3612296.6666666665,3662353.333333333,3532542
2014-05-15,11.8695,5.2753333333,,,3649586.9429226780,19252787.65277644777790257740,2408198,2441569,5418445,5493530,5298813,3612297,3662353.5,3612296.6666666665,3662353.333333333,3532542
2014-05-16,11.9830,5.3257777778,,,3649586.9165195837,19436888.89814962258796710186,2408198,2441569,5418445,5493530,5298813,3612297,3662353.5,3612296.6666666665,3662353.333333333,3532542
2014-05-19,12.0800,5.3688888889,,,3649587.0662519326,19594227.44907314910429168814,2408198,2441569,5418445,5493530,5298813,3612297,3662353.5,3612296.6666666665,3662353.333333333,3532542
2014-05-20,11.8400,5.2622222222,,,3649587.0548439818,19204938.10185345118189235596,2408198,2441569,5418445,5493530,5298813,3612297,3662353.5,3612296.6666666665,3662353.333333333,3532542
2014-05-21,11.8400,5.2622222222,,,3649587.0548439818,19204938.10185345118189235596,2408198,2441569,5418445,5493530,5298813,3612297,3662353.5,3612296.6666666665,3662353.333333333,3532542
2014-05-22,11.7500,5.2222222222,,,3649586.9556891730,19058954.10185124595654024060,2408198,2441569,5418445,5493530,5298813,3612297,3662353.5,3612296.6666666665,3662353.333333333,3532542
2014-05-23,11.7699,5.2310666667,,,3649587.0849343350,19091233.34721882157683114450,2408198,2441569,5418445,5493530,5298813,3612297,3662353.5,3612296.6666666665,3662353.333333333,3532542
2014-05-27,11.4500,5.0888888889,,,3649586.9441333100,18572342.44907450629937925900,2408198,2441569,5418445,5493530,5298813,3612297,3662353.5,3612296.6666666665,3662353.333333333,3532542
2014-05-28,11.6001,5.1556000000,,,3649587.0509736985,18815810.99999999998660000000,2408198,2441569,5418445,5493530,5298813,3612297,3662353.5,3612296.6666666665,3662353.333333333,3532542
2014-05-29,11.7700,5.2311111111,,,3649587.0849343350,19091395.55092705923238961850,2408198,2441569,5418445,5493530,5298813,3612297,3662353.5,3612296.6666666665,3662353.333333333,3532542
2014-05-30,11.7300,5.2133333333,,,3649587.0178198070,19026513.65277894092607267310,2408198,2441569,5418445,5493530,5298813,3612297,3662353.5,3612296.6666666665,3662353.333333333,3532542
2014-06-02,11.7000,5.2000000000,,,3649586.9230769230,18977851.99999999960000000000,2414184,2433058,5431914,5474380,5298813,3621276,3649587,3621276,3649586.6666666665,3532542
2014-06-03,11.5000,5.1111111111,,,3649586.9773629940,18653444.55092586281136263340,2414184,2433058,5431914,5474380,5298813,3621276,3649587,3621276,3649586.6666666665,3532542
2014-06-04,11.8101,5.2489333333,,,3649586.9610775593,19156438.65277705069637741469,2414184,2433058,5431914,5474380,5298813,3621276,3649587,3621276,3649586.6666666665,3532542
2014-06-05,12.2100,5.4266666667,,,3649587.0418486370,19805092.34722025635472828790,2414184,2433058,5431914,5474380,5298813,3621276,3649587,3621276,3649586.6666666665,3532542
2014-06-06,12.4100,5.5155555556,,,3649586.9896294150,20129499.79629599948842797400,2414184,2433058,5431914,5474380,5298813,3621276,3649587,3621276,3649586.6666666665,3532542
2014-06-09,12.3000,5.4666666667,,,3649586.9537380870,19951075.34722319516512460290,2414184,2433058,5431914,5474380,5298813,3621276,3649587,3621276,3649586.6666666665,3532542
2014-06-10,12.1500,5.4000000000,,,3649587.0370370370,19707769.99999999980000000000,2414184,2433058,5431914,5474380,5298813,3621276,3649587,3621276,3649586.6666666665,3532542
2014-06-11,12.3100,5.4711111111,,,3649586.9203633640,19967295.55092523162977374040,2414184,2433058,5431914,5474380,5298813,3621276,3649587,3621276,3649586.6666666665,3532542
2014-06-12,12.2750,5.4555555556,,,3649587.0298408980,19910524.79629421406799292880,2414184,2433058,5431914,5474380,5298813,3621276,3649587,3621276,3649586.6666666665,3532542
2014-06-13,12.3500,5.4888888889,,,3649586.9846417313,20032177.44907405387982935257,2414184,2433058,5431914,5474380,5298813,3621276,3649587,3621276,3649586.6666666665,3532542
2014-06-16,12.6900,5.6400000000,,,3649587.0567375887,20583671.00000000026800000000,2414184,2433058,5431914,5474380,5298813,3621276,3649587,3621276,3649586.6666666665,3532542
2014-06-17,12.7300,5.6577777778,,,3649586.9419208880,20648551.89814905937204268640,2414184,2433058,5431914,5474380,5298813,3621276,3649587,3621276,3649586.6666666665,3532542
2014-06-18,12.8000,5.6888888889,,,3649586.9148693066,20762094.44907482851238743674,2414184,2433058,5431914,5474380,5298813,3621276,3649587,3621276,3649586.6666666665,3532542
2014-06-19,12.9200,5.7422222222,,,3649586.9179060287,20956739.10185040509249097714,2414184,2433058,5431914,5474380,5298813,3621276,3649587,3621276,3649586.6666666665,3532542
2014-06-20,12.9600,5.7600000000,,,3649586.9791666670,21021621.00000000192000000000,2414184,2433058,5431914,5474380,5298813,3621276,3649587,3621276,3649586.6666666665,3532542
2014-06-23,12.9600,5.7600000000,,,3649586.9791666670,21021621.00000000192000000000,2414184,2433058,5431914,5474380,5298813,3621276,3649587,3621276,3649586.6666666665,3532542
2014-06-24,13.2000,5.8666666667,,,3649586.9909830060,21410910.34722195476636610020,2414184,2433058,5431914,5474380,5298813,3621276,3649587,3621276,3649586.6666666665,3532542
2014-06-25,12.6800,5.6355555556,,,3649586.9117751440,20567449.79629945982719000640,2414184,2433058,5431914,5474380,5298813,3621276,3649587,3621276,3649586.6666666665,3532542
2014-06-26,13.0590,5.8040000000,,,3649587.0089593380,21182202.99999999775200000000,2414184,2433058,5431914,5474380,5298813,3621276,3649587,3621276,3649586.6666666665,3532542
2014-06-27,12.7800,5.6800000000,,,3649586.9718309860,20729654.00000000048000000000,2414184,2433058,5431914,5474380,5298813,3621276,3649587,3621276,3649586.6666666665,3532542
2014-06-30,13.0000,5.7777777778,,,3569363.9447540585,20622991.68088054608766120130,2414184,2433058,5431914,5474380,5298813,3621276,3649587,3621276,3649586.6666666665,3532542
2014-07-01,13.1550,5.8466666667,,,3569363.9146869173,20868881.02132182194448956391,2414184,2433058,5431914,5474380,5298813,3621276,3649587,3621276,3649586.6666666665,3532542
2014-07-02,12.8599,5.7155111111,,,3569364.0101478440,20400739.65956045553570946840,2414184,2433058,5431914,5474380,5298813,3621276,3649587,3621276,3649586.6666666665,3532542
2014-07-03,12.9510,5.7560000000,,,3569363.9680333560,20545258.99999999713600000000,2414184,2433058,5431914,5474380,5298813,3621276,3649587,3621276,3649586.6666666665,3532542
2014-07-07,12.7000,5.6444444444,,,3569363.9713698532,20147076.63824008855238356208,2414184,2433058,5431914,5474380,5298813,3621276,3649587,3621276,3649586.6666666665,3532542
2014-07-08,12.5000,5.5555555556,,,3569364.0650874790,19829800.36175574395844833240,2414184,2433058,5431914,5474380,5298813,3621276,3649587,3621276,3649586.6666666665,3532542
2014-07-09,12.5800,5.5911111111,,,3569363.9891971170,19956710.65956022122678669870,2414184,2433058,5431914,5474380,5298813,3621276,3649587,3621276,3649586.6666666665,3532542
2014-07-10,12.2500,5.4444444444,,,3569363.9335831315,19433203.63823841088072963860,2414184,2433058,5431914,5474380,5298813,3621276,3649587,3621276,3649586.6666666665,3532542
2014-07-11,12.1675,5.4077777778,,,3569364.0667184438,19302327.68087783695103818764,2414184,2433058,5431914,5474380,5298813,3621276,3649587,3621276,3649586.6666666665,3532542
2014-07-14,12.2180,5.4302222222,,,3569363.9276638060,19382439.31911907267182969320,2414184,2433058,5431914,5474380,5298813,3621276,3649587,3621276,3649586.6666666665,3532542
2014-07-15,12.7400,5.6622222222,,,3569364.0281162797,20210532.31912130452293074934,2414184,2433058,5431914,5474380,5298813,3621276,3649587,3621276,3649586.6666666665,3532542
2014-07-16,12.3700,5.4977777778,,,3569363.9273891374,19623569.68088093237083086972,2414184,2433058,5431914,5474380,5298813,3621276,3649587,3621276,3649586.6666666665,3532542
2014-07-17,12.5100,5.5600000000,,,3569364.0287769786,19845664.00000000101600000000,2414184,2433058,5431914,5474380,5298813,3621276,3649587,3621276,3649586.6666666665,3532542
2014-07-18,12.5300,5.5688888889,,,3569363.9677494657,19877391.34044001747564166073,2414184,2433058,5431914,5474380,5298813,3621276,3649587,3621276,3649586.6666666665,3532542
2014-07-21,12.3195,5.4753333333,,,3569364.0531112450,19543457.97868279132156295850,2414184,2433058,5431914,5474380,5298813,3621276,3649587,3621276,3649586.6666666665,3532542
2014-07-22,12.5400,5.5733333333,,,3569363.9316024617,19893254.97867874107694658461,2414184,2433058,5431914,5474380,5298813,3621276,3649587,3621276,3649586.6666666665,3532542
2014-07-23,12.2200,5.4311111111,,,3569364.0330688073,19385612.65956070715785479103,2414184,2433058,5431914,5474380,5298813,3621276,3649587,3621276,3649586.6666666665,3532542
2014-07-24,12.1900,5.4177777778,,,3569363.9484661673,19338020.68088046559307702594,2414184,2433058,5431914,5474380,5298813,3621276,3649587,3621276,3649586.6666666665,3532542
2014-07-25,11.8760,5.2782222222,,,3569363.9877230874,18839896.31912040789467282028,2414184,2433058,5431914,5474380,5298813,3621276,3649587,3621276,3649586.6666666665,3532542
2014-07-28,11.8200,5.2533333333,,,3569364.0188072260,18751058.97868164845270642580,2414184,2433058,5431914,5474380,5298813,3621276,3649587,3621276,3649586.6666666665,3532542
2014-07-29,11.7500,5.2222222222,,,3569364.0611236645,18640012.31912203985419725190,2414184,2433058,5431914,5474380,5298813,3621276,3649587,3621276,3649586.6666666665,3532542
2014-07-30,11.9400,5.3066666667,,,3569364.0115325907,18941425.02131859344838441969,2414184,2433058,5431914,5474380,5298813,3621276,3649587,3621276,3649586.6666666665,3532542
2014-07-31,11.5800,5.1466666667,,,3569364.0585229370,18370327.02131702789528409790,2414184,2433058,5431914,5474380,5298813,3621276,3649587,3621276,3649586.6666666665,3532542
2014-08-01,11.5200,5.1200000000,,,3569364.0625000000,18275144.00000000000000000000,2414184,2433058,5431914,5474380,5298813,3621276,3649587,3621276,3649586.6666666665,3532542
2014-08-04,11.6600,5.1822222222,,,3569363.9766894370,18497237.31912016320940690140,2414184,2433058,5431914,5474380,5298813,3621276,3649587,3621276,3649586.6666666665,3532542
2014-08-05,11.3100,5.0266666667,,,3569363.9962599720,17942003.02131910471987533240,2414184,2433058,5431914,5474380,5298813,3621276,3649587,3621276,3649586.6666666665,3532542
2014-08-06,11.7300,5.2133333333,,,3569363.9345520110,18608283.97867883854884826630,2414184,2433058,5431914,5474380,5298813,3621276,3649587,3621276,3649586.6666666665,3532542
2014-08-07,11.6300,5.1688888889,,,3569364.0813325853,18449646.34043875606268147317,2355028,2379576,5298813,5354046,5298813,3532542,3569364,3532542,3569364,3532542
2014-08-08,11.6400,5.1733333333,,,3569364.0422940870,18465509.97868243127859019710,2355028,2379576,5298813,5354046,5298813,3532542,3569364,3532542,3569364,3532542
2014-08-11,11.5300,5.1244444444,,,3569364.0231051445,18291007.63824239097008421580,2355028,2379576,5298813,5354046,5298813,3532542,3569364,3532542,3569364,3532542
2014-08-12,11.4000,5.0666666667,,,3569364.0831310320,18084778.02131620760277103440,2355028,2379576,5298813,5354046,5298813,3532542,3569364,3532542,3569364,3532542
2014-08-13,11.2500,5.0000000000,,,3569364.0000000000,17846820.00000000000000000000,2355028,2379576,5298813,5354046,5298813,3532542,3569364,3532542,3569364,3532542
2014-08-14,11.2900,5.0177777778,,,3569364.0639324007,17910275.68087789871386516446,2355028,2379576,5298813,5354046,5298813,3532542,3569364,3532542,3569364,3532542
2014-08-15,11.0200,4.8977777778,,,3569364.0001633386,17481951.68087931536533696308,2355028,2379576,5298813,5354046,5298813,3532542,3569364,3532542,3569364,3532542
2014-08-18,11.0405,4.9068888889,,,3569363.9568770505,17514472.34044013784185418945,2355028,2379576,5298813,5354046,5298813,3532542,3569364,3532542,3569364,3532542
2014-08-19,11.0405,4.9068888889,,,3569363.9568770505,17514472.34044013784185418945,2355028,2379576,5298813,5354046,5298813,3532542,3569364,3532542,3569364,3532542
2014-08-20,11.1300,4.9466666667,,,3569364.0204580830,17656454.02131829604068193610,2355028,2379576,5298813,5354046,5298813,3532542,3569364,3532542,3569364,3532542
2014-08-21,11.1300,4.9466666667,,,3569364.0204580830,17656454.02131829604068193610,2355028,2379576,5298813,5354046,5298813,3532542,3569364,3532542,3569364,3532542
2014-08-22,11.2550,5.0022222222,,,3569364.0798048857,17854752.31912245348867100254,2355028,2379576,5298813,5354046,5298813,3532542,3569364,3532542,3569364,3532542
2014-08-25,11.0900,4.9288888889,,,3569363.9554464486,17592998.34044015514350496054,2355028,2379576,5298813,5354046,5298813,3532542,3569364,3532542,3569364,3532542
2014-08-26,11.1600,4.9600000000,,,3569363.9112903224,17704044.99999999910400000000,2355028,2379576,5298813,5354046,5298813,3532542,3569364,3532542,3569364,3532542
2014-08-27,11.4700,5.0977777778,,,3569364.0393895404,18195824.68087844292887532312,2355028,2379576,5298813,5354046,5298813,3532542,3569364,3532542,3569364,3532542
2014-08-28,11.5500,5.1333333333,,,3569363.9569088110,18322734.97867958433476970630,2355028,2379576,5298813,5354046,5298813,3532542,3569364,3532542,3569364,3532542
2014-08-29,11.6100,5.1600000000,,,3569363.9534883720,18417917.99999999952000000000,2355028,2379576,5298813,5354046,5298813,3532542,3569364,3532542,3569364,3532542
2014-09-01,11.7800,5.2355555556,,,3569363.9697455880,18687603.36175998357198869280,2355028,2379576,5298813,5354046,5298813,3532542,3569364,3532542,3569364,3532542
2014-09-02,11.7800,5.2355555556,,,3569363.9697455880,18687603.36175998357198869280,2355028,2379576,5298813,5354046,5298813,3532542,3569364,3532542,3569364,3532542
2014-09-03,11.8800,5.2800000000,,,3569364.0151515150,18846241.99999999920000000000,2355028,2379576,5298813,5354046,5298813,3532542,3569364,3532542,3569364,3532542
2014-09-04,11.7000,5.2000000000,,,3569364.0384615385,18560693.00000000020000000000,2355028,2379576,5298813,5354046,5298813,3532542,3569364,3532542,3569364,3532542
2014-09-05,11.7505,5.2224444444,,,3569364.0854779407,18640805.63824515812746764708,2355028,2379576,5298813,5354046,5298813,3532542,3569364,3532542,3569364,3532542
2014-09-08,11.5300,5.1244444444,,,3569364.0231051445,18291007.63824239097008421580,2355028,2379576,5298813,5354046,5298813,3532542,3569364,3532542,3569364,3532542
2014-09-09,12.0050,5.3355555556,,,3569364.0827648250,19044540.36175496023701177000,2355028,2379576,5298813,5354046,5298813,3532542,3569364,3532542,3569364,3532542
2014-09-10,12.0100,5.3377777778,,,3569363.9701749785,19052471.68087998221489277730,2355028,2379576,5298813,5354046,5298813,3532542,3569364,3532542,3569364,3532542
2014-09-11,12.0500,5.3555555556,,,3569364.0301740235,19115927.36175729759022995660,2355028,2379576,5298813,5354046,5298813,3532542,3569364,3532542,3569364,3532542
2014-09-12,12.3300,5.4800000000,,,3569364.0510948900,19560114.99999999720000000000,2355028,2379576,5298813,5354046,5298813,3532542,3569364,3532542,3569364,3532542
2014-09-15,12.5000,5.5555555556,,,3569364.0650874790,19829800.36175574395844833240,2355028,2379576,5298813,5354046,5298813,3532542,3569364,3532542,3569364,3532542
2014-09-16,12.3995,5.5108888889,,,3569363.9877334010,19670368.34043979546630814890,2355028,2379576,5298813,5354046,5298813,3532542,3569364,3532542,3569364,3532542
2014-09-17,12.6900,5.6400000000,,,3569364.0070921990,20131213.00000000236000000000,2355028,2379576,5298813,5354046,5298813,3532542,3569364,3532542,3569364,3532542
2014-09-18,12.6900,5.6400000000,,,3569364.0070921990,20131213.00000000236000000000,2355028,2379576,5298813,5354046,5298813,3532542,3569364,3532542,3569364,3532542
2014-09-19,13.0000,5.7777777778,,,3569363.9447540585,20622991.68088054608766120130,2355028,2379576,5298813,5354046,5298813,3532542,3569364,3532542,3569364,3532542
2014-09-22,12.9600,5.7600000000,,,3569364.0625000000,20559537.00000000000000000000,2355028,2379576,5298813,5354046,5298813,3532542,3569364,3532542,3569364,3532542
2014-09-23,12.9499,5.7555111111,,,3569364.0865259320,20543514.65956130342428304520,2355028,2379576,5298813,5354046,5298813,3532542,3569364,3532542,3569364,3532542
2014-09-24,12.9800,5.7688888889,,,3569364.0035362025,20591264.34043961891115040225,2355028,2379576,5298813,5354046,5298813,3532542,3569364,3532542,3569364,3532542
2014-09-25,12.9600,5.7600000000,,,3569364.0625000000,20559537.00000000000000000000,2355028,2379576,5298813,5354046,5298813,3532542,3569364,3532542,3569364,3532542
2014-09-26,13.0400,5.7955555556,,,3569364.0002760715,20686447.36175862611556782540,2355028,2379576,5298813,5354046,5298813,3532542,3569364,3532542,3569364,3532542
2014-09-29,13.0500,5.8000000000,,,3569363.9655172415,20702311.00000000070000000000,2355028,2379576,5298813,5354046,5298813,3532542,3569364,3532542,3569364,3532542
2014-09-30,13.0200,5.7866666667,,,3563096.9291651547,20618454.23022113176163883849,2355028,2379576,5298813,5354046,5298813,3532542,3569364,3532542,3569364,3532542
2014-10-01,12.9000,5.7333333333,,,3563096.9947499700,20428422.76978105810017500100,2355028,2379576,5298813,5354046,5298813,3532542,3569364,3532542,3569364,3532542
2014-10-02,12.8100,5.6933333333,,,3563096.9736356772,20285898.76978035229287881076,2355028,2379576,5298813,5354046,5298813,3532542,3569364,3532542,3569364,3532542
2014-10-03,13.1900,5.8622222222,,,3563096.9601855963,20887666.17985327126621809786,2355028,2379576,5298813,5354046,5298813,3532542,3569364,3532542,3569364,3532542
2014-10-06,12.9900,5.7733333333,,,3563097.0155716836,20570946.76978175008348094388,2355028,2379576,5298813,5354046,5298813,3532542,3569364,3532542,3569364,3532542
2014-10-07,12.9999,5.7777333333,,,3563097.0801530020,20586624.76978390151946156660,2355028,2379576,5298813,5354046,5298813,3532542,3569364,3532542,3569364,3532542
2014-10-08,12.9000,5.7333333333,,,3563096.9947499700,20428422.76978105810017500100,2355028,2379576,5298813,5354046,5298813,3532542,3569364,3532542,3569364,3532542
2014-10-09,12.8500,5.7111111111,,,3563096.9515504893,20349242.58992653781387166123,2355028,2379576,5298813,5354046,5298813,3532542,3569364,3532542,3569364,3532542
2014-10-10,12.8500,5.7111111111,,,3563096.9515504893,20349242.58992653781387166123,2355028,2379576,5298813,5354046,5298813,3532542,3569364,3532542,3569364,3532542
2014-10-13,12.5100,5.5600000000,,,3563096.9424460432,19810819.00000000019200000000,2355028,2379576,5298813,5354046,5298813,3532542,3569364,3532542,3569364,3532542
2014-10-14,12.7600,5.6711111111,,,3563096.9300488443,20206718.58992630037544390173,2355028,2379576,5298813,5354046,5298813,3532542,3569364,3532542,3569364,3532542
2014-10-15,12.5700,5.5866666667,,,3563096.9982279340,19905835.23021882784660759780,2355028,2379576,5298813,5354046,5298813,3532542,3569364,3532542,3569364,3532542
2014-10-16,12.7100,5.6488888889,,,3563097.0631450370,20127539.41007222119847938930,2355028,2379576,5298813,5354046,5298813,3532542,3569364,3532542,3569364,3532542
2014-10-17,12.9200,5.7422222222,,,3563097.0708090975,20460095.17985572659842646450,2355028,2379576,5298813,5354046,5298813,3532542,3569364,3532542,3569364,3532542
2014-10-20,12.8100,5.6933333333,,,3563096.9736356772,20285898.76978035229287881076,2355028,2379576,5298813,5354046,5298813,3532542,3569364,3532542,3569364,3532542
2014-10-21,13.0300,5.7911111111,,,3563096.9936626893,20634290.58992700629073708123,2355028,2379576,5298813,5354046,5298813,3532542,3569364,3532542,3569364,3532542
2014-10-22,12.9300,5.7466666667,,,3563097.0818034700,20475931.23021604416939344900,2355028,2379576,5298813,5354046,5298813,3532542,3569364,3532542,3569364,3532542
2014-10-23,12.9900,5.7733333333,,,3563097.0155716836,20570946.76978175008348094388,2355028,2379576,5298813,5354046,5298813,3532542,3569364,3532542,3569364,3532542
2014-10-24,12.9900,5.7733333333,,,3563097.0155716836,20570946.76978175008348094388,2355028,2379576,5298813,5354046,5298813,3532542,3569364,3532542,3569364,3532542
2014-10-27,12.9800,5.7688888889,,,3563096.9508918510,20555110.41007346817945435390,2355028,2379576,5298813,5354046,5298813,3532542,3569364,3532542,3569364,3532542
2014-10-28,12.9700,5.7644444444,,,3563096.9398376240,20539274.35970563270489610560,2355028,2379576,5298813,5354046,5298813,3532542,3569364,3532542,3569364,3532542
2014-10-29,12.9700,5.7644444444,,,3563096.9398376240,20539274.35970563270489610560,2355028,2379576,5298813,5354046,5298813,3532542,3569364,3532542,3569364,3532542
2014-10-30,13.0100,5.7822222222,,,3563096.9181280485,20602618.17985233606181937670,2355028,2379576,5298813,5354046,5298813,3532542,3569364,3532542,3569364,3532542
2014-10-31,13.4000,5.9555555556,,,3563096.9171871855,21220221.64029537572965276380,2355028,2379576,5298813,5354046,5298813,3532542,3569364,3532542,3569364,3532542
2014-11-03,13.6699,6.0755111111,,,3563097.0290511070,21647635.58992740006825498770,2355028,2379576,5298813,5354046,5298813,3532542,3569364,3532542,3569364,3532542
2014-11-04,13.3100,5.9155555556,,,3563097.0653864355,21077698.64028878498290606380,2355028,2379576,5298813,5354046,5298813,3532542,3569364,3532542,3569364,3532542
2014-11-05,13.7100,6.0933333333,,,3563097.0081893224,21711137.76978150125706035592,2355028,2379576,5298813,5354046,5298813,3532542,3569364,3532542,3569364,3532542
2014-11-06,13.5000,6.0000000000,,,3563097.0000000000,21378582.00000000000000000000,2355028,2379576,5298813,5354046,5298813,3532542,3569364,3532542,3569364,3532542
2014-11-07,14.7200,6.5422222222,,,3563096.9704380790,23310572.17985349690287915380,2355028,2375398,5298813,5344645,5298813,3532542,3563097,3532542,3563096.6666666665,3532542
2014-11-10,15.6600,6.9600000000,,,3563096.9827586208,24799155.00000000076800000000,2355028,2375398,5298813,5344645,5298813,3532542,3563097,3532542,3563096.6666666665,3532542
2014-11-11,15.9700,7.0977777778,,,3563097.0159767815,25290070.82014549129146615070,2355028,2375398,5298813,5344645,5298813,3532542,3563097,3532542,3563096.6666666665,3532542
2014-11-12,15.5400,6.9066666667,,,3563096.9927751315,24609123.23021901145975917105,2355028,2375398,5298813,5344645,5298813,3532542,3563097,3532542,3563096.6666666665,3532542
2014-11-13,15.5100,6.8933333333,,,3563097.0652662730,24561615.76978340531115779090,2355028,2375398,5298813,5344645,5298813,3532542,3563097,3532542,3563096.6666666665,3532542
2014-11-14,16.0900,7.1511111111,,,3563097.0060550130,25480102.58992714744215494430,2355028,2375398,5298813,5344645,5298813,3532542,3563097,3532542,3563096.6666666665,3532542
2014-11-17,16.3200,7.2533333333,,,3563096.9351881210,25844329.76977906775549372930,2355028,2375398,5298813,5344645,5298813,3532542,3563097,3532542,3563096.6666666665,3532542
2014-11-18,16.5000,7.3333333333,,,3563096.9686225844,26129377.76978018236771258052,2355028,2375398,5298813,5344645,5298813,3532542,3563097,3532542,3563096.6666666665,3532542
2014-11-19,16.3300,7.2577777778,,,3563096.9439775143,25860165.82014709482942172254,2355028,2375398,5298813,5344645,5298813,3532542,3563097,3532542,3563096.6666666665,3532542
2014-11-20,16.5100,7.3377777778,,,3563096.9772956474,26145213.82014635263238434772,2355028,2375398,5298813,5344645,5298813,3532542,3563097,3532542,3563096.6666666665,3532542
2014-11-21,16.5100,7.3377777778,,,3563096.9772956474,26145213.82014635263238434772,2355028,2375398,5298813,5344645,5298813,3532542,3563097,3532542,3563096.6666666665,3532542
2014-11-24,16.5600,7.3600000000,,,3563097.0108695650,26224393.99999999840000000000,2355028,2375398,5298813,5344645,5298813,3532542,3563097,3532542,3563096.6666666665,3532542
2014-11-25,16.5301,7.3467111111,,,3563097.0367648057,26177044.58992748323362261327,2355028,2375398,5298813,5344645,5298813,3532542,3563097,3532542,3563096.6666666665,3532542
2014-11-26,16.3900,7.2844444444,,,3563097.0292680250,25955182.35970960890981031000,2355028,2375398,5298813,5344645,5298813,3532542,3563097,3532542,3563096.6666666665,3532542
2014-11-28,16.5928,7.3745777778,,,3563096.9815312020,26276335.82014625928652291560,2355028,2375398,5298813,5344645,5298813,3532542,3563097,3532542,3563096.6666666665,3532542
2014-12-01,16.4800,7.3244444444,,,3563097.0454917810,26097706.35971032941131147640,2355028,2375398,5298813,5344645,5298813,3532542,3563097,3532542,3563096.6666666665,3532542
2014-12-02,17.8550,7.9355555556,,,3563097.0563032413,28275154.64028919249650236628,2355028,2375398,5298813,5344645,5298813,3532542,3563097,3532542,3563096.6666666665,3532542
2014-12-03,18.0999,8.0444000000,,,3563097.0613097310,28662978.00000000005640000000,2355028,2375398,5298813,5344645,5298813,3532542,3563097,3532542,3563096.6666666665,3532542
2014-12-04,18.4000,8.1777777778,,,3563097.0432145568,29138215.82014488887651587904,2355028,2375398,5298813,5344645,5298813,3532542,3563097,3532542,3563096.6666666665,3532542
2014-12-05,20.0200,8.8977777778,,,3563096.9453123244,31703644.82014706192678471832,2355028,2375398,5298813,5344645,5298813,3532542,3563097,3532542,3563096.6666666665,3532542
2014-12-08,20.0200,8.8977777778,,,3563096.9453123244,31703644.82014706192678471832,2355028,2375398,5298813,5344645,5298813,3532542,3563097,3532542,3563096.6666666665,3532542
2014-12-09,19.8100,8.8044444444,,,3563096.9742401530,31371089.35970716499225599320,2355028,2375398,5298813,5344645,5298813,3532542,3563097,3532542,3563096.6666666665,3532542
2014-12-10,21.6700,9.6311111111,,,3563097.0501811840,34316583.58992763549055354240,2355028,2375398,5298813,5344645,5298813,3532542,3563097,3532542,3563096.6666666665,3532542
2014-12-11,22.3100,9.9155555556,,,3563097.0390092380,35330086.64028995977062263280,2355028,2375398,5298813,5344645,5298813,3532542,3563097,3532542,3563096.6666666665,3532542
2014-12-12,23.1600,10.2933333333,,,3563096.9659875840,36676144.76978009474113374720,2355028,2375398,5298813,5344645,5298813,3532542,3563097,3532542,3563096.6666666665,3532542
2014-12-15,26.7700,11.8977777778,,,3563096.9591016825,42392935.82014675349909114850,2355028,2375398,5298813,5344645,5298813,3532542,3563097,3532542,3563096.6666666665,3532542
2014-12-16,26.7800,11.9022222222,,,3563096.9904723493,42408772.17985393751310061446,2355028,2375398,5298813,5344645,5298813,3532542,3563097,3532542,3563096.6666666665,3532542
2014-12-17,27.1200,12.0533333333,,,3563096.9941841653,42947195.76978103584952719449,2355028,2375398,5298813,5344645,5298813,3532542,3563097,3532542,3563096.6666666665,3532542
2014-12-18,26.8400,11.9288888889,,,3563097.0164893660,42503788.41007273816240543740,2355028,2375398,5298813,5344645,5298813,3532542,3563097,3532542,3563096.6666666665,3532542
2014-12-19,22.2500,9.8888888889,,,3563097.0077561713,35235070.41007283948897506857,2355028,2375398,5298813,5344645,5298813,3532542,3563097,3532542,3563096.6666666665,3532542
2014-12-22,23.6500,10.5111111111,,,3563097.0117304563,37452108.58992720625320299493,2355028,2375398,5298813,5344645,5298813,3532542,3563097,3532542,3563096.6666666665,3532542
2014-12-23,24.1400,10.7288888889,,,3563096.9624099396,38228071.41007334194136011044,2355028,2375398,5298813,5344645,5298813,3532542,3563097,3532542,3563096.6666666665,3532542
2014-12-24,24.1700,10.7422222222,,,3563097.0378507194,38275580.17985499246493665068,2355028,2375398,5298813,5344645,5298813,3532542,3563097,3532542,3563096.6666666665,3532542
2014-12-26,24.3300,10.8133333333,,,3563097.0194112808,38528955.76978187981668629064,2355028,2375398,5298813,5344645,5298813,3532542,3563097,3532542,3563096.6666666665,3532542
2014-12-29,25.3100,11.2488888889,,,3563097.0139302510,40080882.41007276899348811390,2355028,2375398,5298813,5344645,5298813,3532542,3563097,3532542,3563096.6666666665,3532542
2014-12-30,25.7800,11.4577777778,,,3563097.0168793310,40825173.82014547023593065180,2355028,2375398,5298813,5344645,5298813,3532542,3563097,3532542,3563096.6666666665,3532542
2014-12-31,25.5700,11.3644444444,,,3571821.0376262716,40591761.74744292564810549904,2355028,2375398,5298813,5344645,5298813,3532542,3563097,3532542,3563096.6666666665,3532542
2015-01-02,25.6500,11.4000000000,,,3571820.9649122804,40718758.99999999656000000000,2355028,2375398,5298813,5344645,5298813,3532542,3563097,3532542,3563096.6666666665,3532542
2015-01-05,24.4200,10.8533333333,,,3571821.0129637990,38766164.06058137111290120670,2355028,2375398,5298813,5344645,5298813,3532542,3563097,3532542,3563096.6666666665,3532542
2015-01-06,23.7200,10.5422222222,,,3571820.9671605550,37654930.37371989935628532100,2355028,2375398,5298813,5344645,5298813,3532542,3563097,3532542,3563096.6666666665,3532542
2015-01-07,22.9900,10.2177777778,,,3571821.0377967860,36496073.62627853386306215080,2355028,2375398,5298813,5344645,5298813,3532542,3563097,3532542,3563096.6666666665,3532542
2015-01-08,21.6500,9.6222222222,,,3571820.9972771304,34368855.37372056982672717488,2355028,2375398,5298813,5344645,5298813,3532542,3563097,3532542,3563096.6666666665,3532542
2015-01-09,22.5100,10.0044444444,,,3571820.9987605450,35734084.74744119371116619800,2355028,2375398,5298813,5344645,5298813,3532542,3563097,3532542,3563096.6666666665,3532542
2015-01-12,22.6200,10.0533333333,,,3571820.9941014390,35908707.06058073938019661870,2355028,2375398,5298813,5344645,5298813,3532542,3563097,3532542,3563096.6666666665,3532542
2015-01-13,21.4700,9.5422222222,,,3571820.9637190590,34083109.37371982474747290980,2355028,2375398,5298813,5344645,5298813,3532542,3563097,3532542,3563096.6666666665,3532542
2015-01-14,20.8400,9.2622222222,,,3571820.9496663860,33082999.37371950808556296920,2355028,2375398,5298813,5344645,5298813,3532542,3563097,3532542,3563096.6666666665,3532542
2015-01-15,21.2700,9.4533333333,,,3571820.9514137916,33765614.06057931589361954028,2355028,2375398,5298813,5344645,5298813,3532542,3563097,3532542,3563096.6666666665,3532542
2015-01-16,21.4800,9.5466666667,,,3571821.0481108655,34098984.93941745667493702885,2355028,2375398,5298813,5344645,5298813,3532542,3563097,3532542,3563096.6666666665,3532542
2015-01-20,20.2100,8.9822222222,,,3571821.0460688914,32082890.37372164628519846908,2355028,2375398,5298813,5344645,5298813,3532542,3563097,3532542,3563096.6666666665,3532542
2015-01-21,20.7700,9.2311111111,,,3571821.0180801856,32971876.68686051528291022016,2355028,2375398,5298813,5344645,5298813,3532542,3563097,3532542,3563096.6666666665,3532542
2015-01-22,20.6950,9.1977777778,,,3571820.9789297436,32852815.62627983771153177208,2355028,2375398,5298813,5344645,5298813,3532542,3563097,3532542,3563096.6666666665,3532542
2015-01-23,19.3000,8.5777777778,,,3571820.9797383947,30638286.62627982611510529766,2355028,2375398,5298813,5344645,5298813,3532542,3563097,3532542,3563096.6666666665,3532542
2015-01-26,18.9900,8.4400000000,,,3571820.9715639814,30146169.00000000301600000000,2355028,2375398,5298813,5344645,5298813,3532542,3563097,3532542,3563096.6666666665,3532542
2015-01-27,19.4900,8.6622222222,,,3571821.0154464220,30939907.37372096610187896840,2355028,2375398,5298813,5344645,5298813,3532542,3563097,3532542,3563096.6666666665,3532542
2015-01-28,19.7000,8.7555555556,,,3571821.0059847413,31273277.25255848253804376628,2355028,2375398,5298813,5344645,5298813,3532542,3563097,3532542,3563096.6666666665,3532542
2015-01-29,19.9500,8.8666666667,,,3571820.9705978550,31670145.93942004169901992850,2355028,2375398,5298813,5344645,5298813,3532542,3563097,3532542,3563096.6666666665,3532542
2015-01-30,20.3100,9.0266666667,,,3571821.0420197860,32241637.93941766232806732620,2355028,2375398,5298813,5344645,5298813,3532542,3563097,3532542,3563096.6666666665,3532542
2015-02-02,21.0000,9.3333333333,,,3571821.0065035950,33336996.06058115929978321350,2355028,2375398,5298813,5344645,5298813,3532542,3563097,3532542,3563096.6666666665,3532542
2015-02-03,20.7000,9.2000000000,,,3555040.5434782610,32706373.00000000120000000000,2357637,2381214,5304683,5357731,5332561,3536455.5,3571821,3536455.333333333,3571820.6666666665,3555040.6666666665
2015-02-04,18.3100,8.1377777778,,,3555040.5515004050,28930129.99917785225670000900,2357637,2381214,5304683,5357731,5332561,3536455.5,3571821,3536455.333333333,3571820.6666666665,3555040.6666666665
2015-02-05,17.9300,7.9688888889,,,3555040.4698264506,28329722.49958983789766473834,2357637,2381214,5304683,5357731,5332561,3536455.5,3571821,3536455.333333333,3571820.6666666665,3555040.6666666665
2015-02-06,17.3700,7.7200000000,,,3555040.5440414510,27444913.00000000172000000000,2357637,2381214,5304683,5357731,5332561,3536455.5,3571821,3536455.333333333,3571820.6666666665,3555040.6666666665
2015-02-09,17.5200,7.7866666667,,,3555040.5178060030,27681915.49876791137726020010,2357637,2381214,5304683,5357731,5332561,3536455.5,3571821,3536455.333333333,3571820.6666666665,3555040.6666666665
2015-02-10,19.1500,8.5111111111,,,3555040.4765541465,30257344.50041023531692717615,2357637,2381214,5304683,5357731,5332561,3536455.5,3571821,3536455.333333333,3571820.6666666665,3555040.6666666665
2015-02-11,19.0800,8.4800000000,,,3555040.4481132072,30146742.99999999705600000000,2357637,2381214,5304683,5357731,5332561,3536455.5,3571821,3536455.333333333,3571820.6666666665,3555040.6666666665
2015-02-12,19.0600,8.4711111111,,,3555040.5496334597,30115143.50041105149700407267,2357637,2381214,5304683,5357731,5332561,3536455.5,3571821,3536455.333333333,3571820.6666666665,3555040.6666666665
2015-02-13,19.4500,8.6444444444,,,3555040.4886400450,30731350.00164149831161599800,2357637,2381214,5304683,5357731,5332561,3536455.5,3571821,3536455.333333333,3571820.6666666665,3555040.6666666665
2015-02-17,19.5900,8.7066666667,,,3555040.4860624580,30952552.49876896900286874860,2357637,2381214,5304683,5357731,5332561,3536455.5,3571821,3536455.333333333,3571820.6666666665,3555040.6666666665
2015-02-18,19.8800,8.8355555556,,,3555040.5179048400,31410757.99835721033412910400,2357637,2381214,5304683,5357731,5332561,3536455.5,3571821,3536455.333333333,3571820.6666666665,3555040.6666666665
2015-02-19,19.6500,8.7333333333,,,3555040.4772537300,31047353.50123074065075820900,2357637,2381214,5304683,5357731,5332561,3536455.5,3571821,3536455.333333333,3571820.6666666665,3555040.6666666665
2015-02-20,19.8100,8.8044444444,,,3555040.5479078647,31300157.00164413140098187268,2357637,2381214,5304683,5357731,5332561,3536455.5,3571821,3536455.333333333,3571820.6666666665,3555040.6666666665
2015-02-23,19.6600,8.7377777778,,,3555040.5136304335,31063153.99917869983808067630,2357637,2381214,5304683,5357731,5332561,3536455.5,3571821,3536455.333333333,3571820.6666666665,3555040.6666666665
2015-02-24,20.0000,8.8888888889,,,3555040.5561993048,31600360.49958887645062443672,2357637,2381214,5304683,5357731,5332561,3536455.5,3571821,3536455.333333333,3571820.6666666665,3555040.6666666665
2015-02-25,19.8100,8.8044444444,,,3555040.5479078647,31300157.00164413140098187268,2357637,2381214,5304683,5357731,5332561,3536455.5,3571821,3536455.333333333,3571820.6666666665,3555040.6666666665
2015-02-26,19.8400,8.8177777778,,,3555040.4862890970,31347556.99917930511302864660,2357637,2381214,5304683,5357731,5332561,3536455.5,3571821,3536455.333333333,3571820.6666666665,3555040.6666666665
2015-02-27,19.8400,8.8177777778,,,3555040.4862890970,31347556.99917930511302864660,2357637,2381214,5304683,5357731,5332561,3536455.5,3571821,3536455.333333333,3571820.6666666665,3555040.6666666665
2015-03-02,19.7900,8.7955555556,,,3555040.4747828460,31268555.99835912283887923760,2357637,2381214,5304683,5357731,5332561,3536455.5,3571821,3536455.333333333,3571820.6666666665,3555040.6666666665
2015-03-03,20.1160,8.9404444444,,,3555040.4903583730,31783642.00164156765287296120,2357637,2381214,5304683,5357731,5332561,3536455.5,3571821,3536455.333333333,3571820.6666666665,3555040.6666666665
2015-03-04,20.1100,8.9377777778,,,3555040.5021369914,31774161.99917895514626971092,2357637,2381214,5304683,5357731,5332561,3536455.5,3571821,3536455.333333333,3571820.6666666665,3555040.6666666665
2015-03-05,19.6300,8.7244444444,,,3555040.4612351567,31015753.00164027643327843748,2357637,2381214,5304683,5357731,5332561,3536455.5,3571821,3536455.333333333,3571820.6666666665,3555040.6666666665
2015-03-06,19.6300,8.7244444444,,,3555040.4612351567,31015753.00164027643327843748,2357637,2381214,5304683,5357731,5332561,3536455.5,3571821,3536455.333333333,3571820.6666666665,3555040.6666666665
2015-03-09,19.8200,8.8088888889,,,3555040.4704333120,31315956.49958983104522703680,2357637,2381214,5304683,5357731,5332561,3536455.5,3571821,3536455.333333333,3571820.6666666665,3555040.6666666665
2015-03-10,20.1150,8.9400000000,,,3555040.4921700230,31782062.00000000562000000000,2357637,2381214,5304683,5357731,5332561,3536455.5,3571821,3536455.333333333,3571820.6666666665,3555040.6666666665
2015-03-11,20.5900,9.1511111111,,,3555040.4869359970,32532570.50041035654125626670,2357637,2381214,5304683,5357731,5332561,3536455.5,3571821,3536455.333333333,3571820.6666666665,3555040.6666666665
2015-03-12,21.4805,9.5468888889,,,3555040.4843457034,33939576.49958967017591495226,2357637,2381214,5304683,5357731,5332561,3536455.5,3571821,3536455.333333333,3571820.6666666665,3555040.6666666665
2015-03-13,22.1300,9.8355555556,,,3555040.4652486886,34965797.99835954789534438616,2357637,2381214,5304683,5357731,5332561,3536455.5,3571821,3536455.333333333,3571820.6666666665,3555040.6666666665
2015-03-16,23.9600,10.6488888889,,,3555040.5206171530,37857231.49958927195245130170,2357637,2381214,5304683,5357731,5332561,3536455.5,3571821,3536455.333333333,3571820.6666666665,3555040.6666666665
2015-03-17,22.5500,10.0222222222,,,3555040.5100676500,35629406.00082122465533183000,2357637,2381214,5304683,5357731,5332561,3536455.5,3571821,3536455.333333333,3571820.6666666665,3555040.6666666665
2015-03-18,22.8500,10.1555555556,,,3555040.4702824060,36103410.99835932495423477360,2357637,2381214,5304683,5357731,5332561,3536455.5,3571821,3536455.333333333,3571820.6666666665,3555040.6666666665
2015-03-19,24.1280,10.7235555556,,,3555040.4714834574,38122673.99835927297526593144,2357637,2381214,5304683,5357731,5332561,3536455.5,3571821,3536455.333333333,3571820.6666666665,3555040.6666666665
2015-03-20,23.2800,10.3466666667,,,3555040.5443281434,36782819.49876702506347760478,2357637,2381214,5304683,5357731,5332561,3536455.5,3571821,3536455.333333333,3571820.6666666665,3555040.6666666665
2015-03-23,24.4900,10.8844444444,,,3555040.5167028042,38694641.00164274258059098648,2357637,2381214,5304683,5357731,5332561,3536455.5,3571821,3536455.333333333,3571820.6666666665,3555040.6666666665
2015-03-24,24.6100,10.9377777778,,,3555040.5017462380,38884242.99917896409114991640,2357637,2381214,5304683,5357731,5332561,3536455.5,3571821,3536455.333333333,3571820.6666666665,3555040.6666666665
2015-03-25,23.7500,10.5555555556,,,3555040.5471976960,37525427.99835590402431989760,2357637,2381214,5304683,5357731,5332561,3536455.5,3571821,3536455.333333333,3571820.6666666665,3555040.6666666665
2015-03-26,23.5500,10.4666666667,,,3555040.4616545810,37209423.49876978248205515270,2357637,2381214,5304683,5357731,5332561,3536455.5,3571821,3536455.333333333,3571820.6666666665,3555040.6666666665
2015-03-27,24.6500,10.9555555556,,,3555040.5272189565,38947443.99835679190120973140,2357637,2381214,5304683,5357731,5332561,3536455.5,3571821,3536455.333333333,3571820.6666666665,3555040.6666666665
2015-03-30,24.4900,10.8844444444,,,3555040.5167028042,38694641.00164274258059098648,2357637,2381214,5304683,5357731,5332561,3536455.5,3571821,3536455.333333333,3571820.6666666665,3555040.6666666665
2015-03-31,24.6000,10.9333333333,,,3555040.4726843680,38868442.50123058878424385440,2357637,2381214,5304683,5357731,5332561,3536455.5,3571821,3536455.333333333,3571820.6666666665,3555040.6666666665
2015-04-01,24.4500,10.8666666667,,,3555040.5366854705,38631440.49876728078455618235,2357637,2381214,5304683,5357731,5332561,3536455.5,3571821,3536455.333333333,3571820.6666666665,3555040.6666666665
2015-04-02,24.3300,10.8133333333,,,3555040.4594342154,38441837.50123014784335219282,2357637,2381214,5304683,5357731,5332561,3536455.5,3571821,3536455.333333333,3571820.6666666665,3555040.6666666665
2015-04-06,23.5600,10.4711111111,,,3555040.5401533744,37225224.50041094437799829584,2357637,2381214,5304683,5357731,5332561,3536455.5,3571821,3536455.333333333,3571820.6666666665,3555040.6666666665
2015-04-07,24.3400,10.8177777778,,,3555040.4888239754,38457637.99917925033797386612,2357637,2381214,5304683,5357731,5332561,3536455.5,3571821,3536455.333333333,3571820.6666666665,3555040.6666666665
2015-04-08,24.4500,10.8666666667,,,3555040.5366854705,38631440.49876728078455618235,2357637,2381214,5304683,5357731,5332561,3536455.5,3571821,3536455.333333333,3571820.6666666665,3555040.6666666665
2015-04-09,24.1500,10.7333333333,,,3555040.4814921785,38157434.50123088121728359405,2357637,2381214,5304683,5357731,5332561,3536455.5,3571821,3536455.333333333,3571820.6666666665,3555040.6666666665
2015-04-10,23.4600,10.4266666667,,,3555040.5209702016,37067222.49876780336669900672,2357637,2381214,5304683,5357731,5332561,3536455.5,3571821,3536455.333333333,3571820.6666666665,3555040.6666666665
2015-04-13,23.5400,10.4622222222,,,3555040.5268490375,37193624.00082159587718113250,2357637,2381214,5304683,5357731,5332561,3536455.5,3571821,3536455.333333333,3571820.6666666665,3555040.6666666665
2015-04-14,23.2500,10.3333333333,,,3555040.5001306460,36735418.50123150731666231180,2357637,2381214,5304683,5357731,5332561,3536455.5,3571821,3536455.333333333,3571820.6666666665,3555040.6666666665
2015-04-15,22.8400,10.1511111111,,,3555040.5374786970,36087611.50041091709625023670,2357637,2381214,5304683,5357731,5332561,3536455.5,3571821,3536455.333333333,3571820.6666666665,3555040.6666666665
2015-04-16,22.6300,10.0577777778,,,3555040.4661059077,35755806.99917975256635790906,2357637,2381214,5304683,5357731,5332561,3536455.5,3571821,3536455.333333333,3571820.6666666665,3555040.6666666665
2015-04-17,22.8000,10.1333333333,,,3555040.5100016776,36024410.50123183166299994408,2357637,2381214,5304683,5357731,5332561,3536455.5,3571821,3536455.333333333,3571820.6666666665,3555040.6666666665
2015-04-20,22.5000,10.0000000000,,,3555040.5000000000,35550405.00000000000000000000,2357637,2381214,5304683,5357731,5332561,3536455.5,3571821,3536455.333333333,3571820.6666666665,3555040.6666666665
2015-04-21,22.2400,9.8844444444,,,3555040.4678078590,35139600.00164056893920853960,2357637,2381214,5304683,5357731,5332561,3536455.5,3571821,3536455.333333333,3571820.6666666665,3555040.6666666665
2015-04-22,21.6000,9.6000000000,,,3555040.5208333335,34128389.00000000160000000000,2357637,2381214,5304683,5357731,5332561,3536455.5,3571821,3536455.333333333,3571820.6666666665,3555040.6666666665
2015-04-23,21.8200,9.6977777778,,,3555040.5246550760,34475992.99917844904277011280,2357637,2381214,5304683,5357731,5332561,3536455.5,3571821,3536455.333333333,3571820.6666666665,3555040.6666666665
2015-04-24,22.3300,9.9244444444,,,3555040.5062270765,35281802.00164227297527879660,2357637,2381214,5304683,5357731,5332561,3536455.5,3571821,3536455.333333333,3571820.6666666665,3555040.6666666665
2015-04-27,20.0399,8.9066222222,,,3555040.5317405076,31663403.00082170943406798872,2357637,2381214,5304683,5357731,5332561,3536455.5,3571821,3536455.333333333,3571820.6666666665,3555040.6666666665
2015-04-28,19.9900,8.8844444444,,,3555040.5204628340,31584560.00164291004797942960,2357637,2381214,5304683,5357731,5332561,3536455.5,3571821,3536455.333333333,3571820.6666666665,3555040.6666666665
2015-04-29,20.4500,9.0888888889,,,3555040.5439602150,32311368.49958901011715511350,2357637,2381214,5304683,5357731,5332561,3536455.5,3571821,3536455.333333333,3571820.6666666665,3555040.6666666665
2015-04-30,20.0400,8.9066666667,,,3555040.4751479220,31663560.49876932662917159740,2357637,2381214,5304683,5357731,5332561,3536455.5,3571821,3536455.333333333,3571820.6666666665,3555040.6666666665
2015-05-01,20.3000,9.0222222222,,,3555040.4557646695,32074365.00082001725653856290,2357637,2381214,5304683,5357731,5332561,3536455.5,3571821,3536455.333333333,3571820.6666666665,3555040.6666666665
2015-05-04,20.4400,9.0844444444,,,3555040.5090044470,32295568.00164239672404424680,2357637,2381214,5304683,5357731,5332561,3536455.5,3571821,3536455.333333333,3571820.6666666665,3555040.6666666665
2015-05-05,20.4000,9.0666666667,,,3555040.5329392166,32232367.49876739852443130722,2357637,2381214,5304683,5357731,5332561,3536455.5,3571821,3536455.333333333,3571820.6666666665,3555040.6666666665
2015-05-06,19.8200,8.8088888889,,,3555040.4704333120,31315956.49958983104522703680,2357637,2381214,5304683,5357731,5332561,3536455.5,3571821,3536455.333333333,3571820.6666666665,3555040.6666666665
2015-05-07,19.8800,8.8355555556,,,3555040.5179048400,31410757.99835721033412910400,2357637,2381214,5304683,5357731,5332561,3536455.5,3571821,3536455.333333333,3571820.6666666665,3555040.6666666665
2015-05-08,20.0200,8.8977777778,,,3555040.4594394118,31631959.99917990055954309804,2357637,2381214,5304683,5357731,5332561,3536455.5,3571821,3536455.333333333,3571820.6666666665,3555040.6666666665
2015-05-11,19.5900,8.7066666667,,,3555040.4860624580,30952552.49876896900286874860,2357637,2381214,5304683,5357731,5332561,3536455.5,3571821,3536455.333333333,3571820.6666666665,3555040.6666666665
2015-05-12,19.5150,8.6733333333,,,3555040.5266738150,30834051.50123238741577753950,2357637,2381214,5304683,5357731,5332561,3536455.5,3571821,3536455.333333333,3571820.6666666665,3555040.6666666665
2015-05-13,19.2800,8.5688888889,,,3555040.5536299880,30462747.49958890873504033320,2357637,2381214,5304683,5357731,5332561,3536455.5,3571821,3536455.333333333,3571820.6666666665,3555040.6666666665
2015-05-14,19.9290,8.8573333333,,,3555040.4750883450,31488178.50123066643083038850,2357637,2381214,5304683,5357731,5332561,3536455.5,3571821,3536455.333333333,3571820.6666666665,3555040.6666666665
2015-05-15,19.4100,8.6266666667,,,3555040.5137538110,30668149.49876804424379179370,2357637,2381214,5304683,5357731,5332561,3536455.5,3571821,3536455.333333333,3571820.6666666665,3555040.6666666665
2015-05-18,19.6100,8.7155555556,,,3555040.5020882096,30984152.99835790858053725376,2357637,2381214,5304683,5357731,5332561,3536455.5,3571821,3536455.333333333,3571820.6666666665,3555040.6666666665
2015-05-19,20.0600,8.9155555556,,,3555040.4908250710,31695160.99835841258181444760,2357637,2381214,5304683,5357731,5332561,3536455.5,3571821,3536455.333333333,3571820.6666666665,3555040.6666666665
2015-05-20,20.2100,8.9822222222,,,3555040.5245930837,31932164.00082154202256459814,2357637,2381214,5304683,5357731,5332561,3536455.5,3571821,3536455.333333333,3571820.6666666665,3555040.6666666665
2015-05-21,20.3800,9.0577777778,,,3555040.5175649715,32200766.99917860942039033270,2357637,2381214,5304683,5357731,5332561,3536455.5,3571821,3536455.333333333,3571820.6666666665,3555040.6666666665
2015-05-22,20.1500,8.9555555556,,,3555040.5332976010,31837362.99835651742370211560,2357637,2381214,5304683,5357731,5332561,3536455.5,3571821,3536455.333333333,3571820.6666666665,3555040.6666666665
2015-05-26,20.0000,8.8888888889,,,3555040.5561993048,31600360.49958887645062443672,2357637,2381214,5304683,5357731,5332561,3536455.5,3571821,3536455.333333333,3571820.6666666665,3555040.6666666665
2015-05-27,19.4000,8.6222222222,,,3555040.4769084460,30652349.00082048905606870120,2357637,2381214,5304683,5357731,5332561,3536455.5,3571821,3536455.333333333,3571820.6666666665,3555040.6666666665
2015-05-28,19.0900,8.4844444444,,,3555040.5450002356,30162544.00164399713311110064,2357637,2381214,5304683,5357731,5332561,3536455.5,3571821,3536455.333333333,3571820.6666666665,3555040.6666666665
2015-05-29,19.6700,8.7422222222,,,3555040.4932396878,31078954.00082084755615022916,2357637,2381214,5304683,5357731,5332561,3536455.5,3571821,3536455.333333333,3571820.6666666665,3555040.6666666665
2015-06-01,19.5900,8.7066666667,,,3555040.4860624580,30952552.49876896900286874860,2357637,2381214,5304683,5357731,5332561,3536455.5,3571821,3536455.333333333,3571820.6666666665,3555040.6666666665
2015-06-02,19.6500,8.7333333333,,,3555040.4772537300,31047353.50123074065075820900,2357637,2381214,5304683,5357731,5332561,3536455.5,3571821,3536455.333333333,3571820.6666666665,3555040.6666666665
2015-06-03,19.7000,8.7555555556,,,3555040.5454794650,31126354.99835598424646575400,2357637,2381214,5304683,5357731,5332561,3536455.5,3571821,3536455.333333333,3571820.6666666665,3555040.6666666665
2015-06-04,19.7700,8.7866666667,,,3555040.4588753460,31236955.49876987486862917820,2357637,2381214,5304683,5357731,5332561,3536455.5,3571821,3536455.333333333,3571820.6666666665,3555040.6666666665
2015-06-05,19.8800,8.8355555556,,,3555040.5179048400,31410757.99835721033412910400,2357637,2381214,5304683,5357731,5332561,3536455.5,3571821,3536455.333333333,3571820.6666666665,3555040.6666666665
2015-06-08,18.8500,8.3777777778,,,3558790.4939244190,29814755.91584588341097609820,2359610,2379928,5309122,5354838,5400000,3539415,3569892,3539414.6666666665,3569892,3600000
2015-06-09,19.3300,8.5911111111,,,3558790.4924864100,30573964.54207703801675015100,2359610,2379928,5309122,5354838,5400000,3539415,3569892,3539414.6666666665,3569892,3600000
2015-06-10,19.1000,8.4888888889,,,3558790.5382322800,30210177.45792245233931369200,2359610,2379928,5309122,5354838,5400000,3539415,3569892,3539414.6666666665,3569892,3600000
2015-06-11,19.0700,8.4755555556,,,3558790.5281042050,30162726.83169025262347129800,2359610,2379928,5309122,5354838,5400000,3539415,3569892,3539414.6666666665,3569892,3600000
2015-06-12,19.8950,8.8422222222,,,3558790.4593879350,31467616.08415334546756915700,2359610,2379928,5309122,5354838,5400000,3539415,3569892,3539414.6666666665,3569892,3600000
2015-06-15,19.4000,8.6222222222,,,3558790.4479135256,30684682.08415309205226858832,2359610,2379928,5309122,5354838,5400000,3539415,3569892,3539414.6666666665,3569892,3600000
2015-06-16,19.5500,8.6888888889,,,3558790.5258433170,30921935.45792258538362048130,2359610,2379928,5309122,5354838,5400000,3539415,3569892,3539414.6666666665,3569892,3600000
2015-06-17,20.0000,8.8888888889,,,3558790.5140118576,31633693.45792272078348902064,2359610,2379928,5309122,5354838,5400000,3539415,3569892,3539414.6666666665,3569892,3600000
2015-06-18,19.9900,8.8844444444,,,3558790.4641844130,31617876.16830690525492513720,2359610,2379928,5309122,5354838,5400000,3539415,3569892,3539414.6666666665,3569892,3600000
2015-06-19,19.6000,8.7111111111,,,3558790.5086613633,31001019.54207722262990376263,2359610,2379928,5309122,5354838,5400000,3539415,3569892,3539414.6666666665,3569892,3600000
2015-06-22,20.1600,8.9600000000,,,3558790.5133928570,31886762.99999999872000000000,2359610,2379928,5309122,5354838,5400000,3539415,3569892,3539414.6666666665,3569892,3600000
2015-06-23,20.4800,9.1022222222,,,3558790.5121838680,32392902.08415452316195146960,2359610,2379928,5309122,5354838,5400000,3539415,3569892,3539414.6666666665,3569892,3600000
2015-06-24,19.4500,8.6444444444,,,3558790.5464809593,30763767.16831056859126751292,2359610,2379928,5309122,5354838,5400000,3539415,3569892,3539414.6666666665,3569892,3600000
2015-06-25,19.7100,8.7600000000,,,3558790.5251141554,31175005.00000000130400000000,2359610,2379928,5309122,5354838,5400000,3539415,3569892,3539414.6666666665,3569892,3600000
2015-06-26,19.8500,8.8222222222,,,3558790.5511097005,31396441.08415538462108645110,2359610,2379928,5309122,5354838,5400000,3539415,3569892,3539414.6666666665,3569892,3600000
2015-06-29,20.6600,9.1822222222,,,3558790.4859401886,32677605.08415393642297910692,2359610,2379928,5309122,5354838,5400000,3539415,3569892,3539414.6666666665,3569892,3600000
2015-06-30,20.9500,9.3111111111,,,3558790.4758836227,33136293.54207685591249018197,2359610,2379928,5309122,5354838,5400000,3539415,3569892,3539414.6666666665,3569892,3600000
2015-07-01,25.6600,11.4044444444,,,3558790.4668373610,40586028.16830702409480722840,2359610,2379928,5309122,5354838,5400000,3539415,3569892,3539414.6666666665,3569892,3600000
2015-07-02,25.1000,11.1555555556,,,3558790.4729463230,39700284.83169270504324205880,2359610,2379928,5309122,5354838,5400000,3539415,3569892,3539414.6666666665,3569892,3600000
2015-07-06,25.5000,11.3333333333,,,3558790.4670307855,40332958.62623027598443230715,2359610,2379928,5309122,5354838,5400000,3539415,3569892,3539414.6666666665,3569892,3600000
2015-07-07,25.7100,11.4266666667,,,3558790.4644385516,40665112.37376980929814795172,2359610,2379928,5309122,5354838,5400000,3539415,3569892,3539414.6666666665,3569892,3600000
2015-07-08,26.0100,11.5600000000,,,3558790.4844290656,41139617.99999999833600000000,2359610,2379928,5309122,5354838,5400000,3539415,3569892,3539414.6666666665,3569892,3600000
2015-07-09,26.7800,11.9022222222,,,3558790.4757103730,42357515.08415371085165088060,2359610,2379928,5309122,5354838,5400000,3539415,3569892,3539414.6666666665,3569892,3600000
2015-07-10,25.8600,11.4933333333,,,3558790.5127335056,40902365.62623179801224221648,2359610,2379928,5309122,5354838,5400000,3539415,3569892,3539414.6666666665,3569892,3600000
2015-07-13,26.1800,11.6355555556,,,3558790.5221905187,41408504.83169051494143068972,2359610,2379928,5309122,5354838,5400000,3539415,3569892,3539414.6666666665,3569892,3600000
2015-07-14,26.0800,11.5911111111,,,3558790.5375676164,41250336.54207754042158258204,2359610,2379928,5309122,5354838,5400000,3539415,3569892,3539414.6666666665,3569892,3600000
2015-07-15,25.9600,11.5377777778,,,3558790.4973218464,41060533.91584580980838492992,2359610,2379928,5309122,5354838,5400000,3539415,3569892,3539414.6666666665,3569892,3600000
2015-07-16,24.7000,10.9777777778,,,3558790.4680354900,39067610.91584646334373412200,2359610,2379928,5309122,5354838,5400000,3539415,3569892,3539414.6666666665,3569892,3600000
2015-07-17,24.9200,11.0755555556,,,3558790.4944201670,39415581.83169175141752978520,2359610,2379928,5309122,5354838,5400000,3539415,3569892,3539414.6666666665,3569892,3600000
2015-07-20,24.1500,10.7333333333,,,3558790.4931381773,38197684.62623114333689539409,2359610,2379928,5309122,5354838,5400000,3539415,3569892,3539414.6666666665,3569892,3600000
2015-07-21,23.9900,10.6622222222,,,3558790.4935191610,37944615.08415410349569957420,2359610,2379928,5309122,5354838,5400000,3539415,3569892,3539414.6666666665,3569892,3600000
2015-07-22,23.0200,10.2311111111,,,3558790.4526395010,36410380.54207659700385956110,2359610,2379928,5309122,5354838,5400000,3539415,3569892,3539414.6666666665,3569892,3600000
2015-07-23,23.0200,10.2311111111,,,3558790.4526395010,36410380.54207659700385956110,2359610,2379928,5309122,5354838,5400000,3539415,3569892,3539414.6666666665,3569892,3600000
2015-07-24,23.1700,10.2977777778,,,3558790.5183631450,36647633.91584533741151918100,2359610,2379928,5309122,5354838,5400000,3539415,3569892,3539414.6666666665,3569892,3600000
2015-07-27,23.0000,10.2222222222,,,3558790.4756314685,36378747.08415370487831930070,2359610,2379928,5309122,5354838,5400000,3539415,3569892,3539414.6666666665,3569892,3600000
2015-07-28,23.0000,10.2222222222,,,3558790.4756314685,36378747.08415370487831930070,2359610,2379928,5309122,5354838,5400000,3539415,3569892,3539414.6666666665,3569892,3600000
2015-07-29,23.0200,10.2311111111,,,3558790.4526395010,36410380.54207659700385956110,2359610,2379928,5309122,5354838,5400000,3539415,3569892,3539414.6666666665,3569892,3600000
2015-07-30,22.0184,9.7859555556,,,3558790.5170651954,34826165.83169074553202956424,2359610,2379928,5309122,5354838,5400000,3539415,3569892,3539414.6666666665,3569892,3600000
2015-07-31,22.1600,9.8488888889,,,3558790.5248301840,35050132.45792259875694255760,2359610,2379928,5309122,5354838,5400000,3539415,3569892,3539414.6666666665,3569892,3600000
2015-08-03,22.1500,9.8444444444,,,3558790.4798667263,35034315.16830760377645036772,2359610,2379928,5309122,5354838,5400000,3539415,3569892,3539414.6666666665,3569892,3600000
2015-08-04,23.0000,10.2222222222,,,3558790.4756314685,36378747.08415370487831930070,2359610,2379928,5309122,5354838,5400000,3539415,3569892,3539414.6666666665,3569892,3600000
2015-08-05,23.1600,10.2933333333,,,3558790.4753577570,36631816.62623055237082140810,2372527,2372527,5338186,5338186,5338186,3558790.5,3558790.5,3558790.6666666665,3558790.6666666665,3558790.6666666665
2015-08-06,22.4200,9.9644444444,,,3558790.4941592067,35461370.16830823785092625748,2372527,2372527,5338186,5338186,5338186,3558790.5,3558790.5,3558790.6666666665,3558790.6666666665,3558790.6666666665
2015-08-07,22.1600,9.8488888889,,,3558790.5248301840,35050132.45792259875694255760,2372527,2372527,5338186,5338186,5338186,3558790.5,3558790.5,3558790.6666666665,3558790.6666666665,3558790.6666666665
2015-08-10,22.7500,10.1111111111,,,3558790.5371324583,35983326.54207753624958741713,2372527,2372527,5338186,5338186,5338186,3558790.5,3558790.5,3558790.6666666665,3558790.6666666665,3558790.6666666665
2015-08-11,22.1520,9.8453333333,,,3558790.4888627060,35037478.62623100178903790980,2372527,2372527,5338186,5338186,5338186,3558790.5,3558790.5,3558790.6666666665,3558790.6666666665,3558790.6666666665
2015-08-12,23.1400,10.2844444444,,,3558790.4982303297,36600183.16830842231474531868,2372527,2372527,5338186,5338186,5338186,3558790.5,3558790.5,3558790.6666666665,3558790.6666666665,3558790.6666666665
2015-08-13,23.1600,10.2933333333,,,3558790.4753577570,36631816.62623055237082140810,2372527,2372527,5338186,5338186,5338186,3558790.5,3558790.5,3558790.6666666665,3558790.6666666665,3558790.6666666665
2015-08-14,22.1300,9.8355555556,,,3558790.5160844284,35002681.83169079090827041904,2372527,2372527,5338186,5338186,5338186,3558790.5,3558790.5,3558790.6666666665,3558790.6666666665,3558790.6666666665
2015-08-17,22.1800,9.8577777778,,,3558790.5009231270,35081765.91584573172668718060,2372527,2372527,5338186,5338186,5338186,3558790.5,3558790.5,3558790.6666666665,3558790.6666666665,3558790.6666666665
2015-08-18,23.2500,10.3333333333,,,3558790.5122274590,36774168.62623178331625908470,2372527,2372527,5338186,5338186,5338186,3558790.5,3558790.5,3558790.6666666665,3558790.6666666665,3558790.6666666665
2015-08-19,22.7400,10.1066666667,,,3558790.5053083600,35967509.37376845141684361200,2372527,2372527,5338186,5338186,5338186,3558790.5,3558790.5,3558790.6666666665,3558790.6666666665,3558790.6666666665
2015-08-20,22.8100,10.1377777778,,,3558790.4673597820,36078226.91584647419705243960,2372527,2372527,5338186,5338186,5338186,3558790.5,3558790.5,3558790.6666666665,3558790.6666666665,3558790.6666666665
2015-08-21,22.1000,9.8222222222,,,3558790.4950011196,34955231.08415413494899997512,2372527,2372527,5338186,5338186,5338186,3558790.5,3558790.5,3558790.6666666665,3558790.6666666665,3558790.6666666665
2015-08-24,21.8000,9.6888888889,,,3558790.4715705602,34480725.45792319205412856178,2372527,2372527,5338186,5338186,5338186,3558790.5,3558790.5,3558790.6666666665,3558790.6666666665,3558790.6666666665
2015-08-25,21.4300,9.5244444444,,,3558790.4749905504,33895502.16830738489977819776,2372527,2372527,5338186,5338186,5338186,3558790.5,3558790.5,3558790.6666666665,3558790.6666666665,3558790.6666666665
2015-08-26,21.3200,9.4755555556,,,3558790.4723711430,33721516.83169273235877205080,2372527,2372527,5338186,5338186,5338186,3558790.5,3558790.5,3558790.6666666665,3558790.6666666665,3558790.6666666665
2015-08-27,21.4900,9.5511111111,,,3558790.5058056140,33990403.54207718893215771540,2372527,2372527,5338186,5338186,5338186,3558790.5,3558790.5,3558790.6666666665,3558790.6666666665,3558790.6666666665
2015-08-28,22.7100,10.0933333333,,,3558790.4847770305,35920058.62623086816384076565,2372527,2372527,5338186,5338186,5338186,3558790.5,3558790.5,3558790.6666666665,3558790.6666666665,3558790.6666666665
2015-08-31,22.4850,9.9933333333,,,3558790.4896280510,35564179.62623102997701239830,2372527,2372527,5338186,5338186,5338186,3558790.5,3558790.5,3558790.6666666665,3558790.6666666665,3558790.6666666665
2015-09-01,22.3000,9.9111111111,,,3558790.5479714666,35271568.54207766018502253926,2372527,2372527,5338186,5338186,5338186,3558790.5,3558790.5,3558790.6666666665,3558790.6666666665,3558790.6666666665
2015-09-02,22.6500,10.0666666667,,,3558790.4675812330,35825157.37376970521558604110,2372527,2372527,5338186,5338186,5338186,3558790.5,3558790.5,3558790.6666666665,3558790.6666666665,3558790.6666666665
2015-09-03,22.6500,10.0666666667,,,3558790.4675812330,35825157.37376970521558604110,2372527,2372527,5338186,5338186,5338186,3558790.5,3558790.5,3558790.6666666665,3558790.6666666665,3558790.6666666665
2015-09-04,22.6500,10.0666666667,,,3558790.4675812330,35825157.37376970521558604110,2372527,2372527,5338186,5338186,5338186,3558790.5,3558790.5,3558790.6666666665,3558790.6666666665,3558790.6666666665
2015-09-08,22.7060,10.0915555556,,,3558790.4792104326,35913731.83169242740600935256,2372527,2372527,5338186,5338186,5338186,3558790.5,3558790.5,3558790.6666666665,3558790.6666666665,3558790.6666666665
2015-09-09,23.4500,10.4222222222,,,3558790.4665041930,37090505.08415350503407768460,2372527,2372527,5338186,5338186,5338186,3558790.5,3558790.5,3558790.6666666665,3558790.6666666665,3558790.6666666665
2015-09-10,23.4500,10.4222222222,,,3558790.4665041930,37090505.08415350503407768460,2372527,2372527,5338186,5338186,5338186,3558790.5,3558790.5,3558790.6666666665,3558790.6666666665,3558790.6666666665
2015-09-11,23.4500,10.4222222222,,,3558790.4665041930,37090505.08415350503407768460,2372527,2372527,5338186,5338186,5338186,3558790.5,3558790.5,3558790.6666666665,3558790.6666666665,3558790.6666666665
2015-09-14,22.0450,9.7977777778,,,3558790.5448161830,34868238.91584475278321813740,2372527,2372527,5338186,5338186,5338186,3558790.5,3558790.5,3558790.6666666665,3558790.6666666665,3558790.6666666665
2015-09-15,21.7500,9.6666666667,,,3558790.4869293550,34401641.37376905801623097850,2372527,2372527,5338186,5338186,5338186,3558790.5,3558790.5,3558790.6666666665,3558790.6666666665,3558790.6666666665
2015-09-16,21.8800,9.7244444444,,,3558790.4652215050,34607260.16830695571265682200,2372527,2372527,5338186,5338186,5338186,3558790.5,3558790.5,3558790.6666666665,3558790.6666666665,3558790.6666666665
2015-09-17,21.5100,9.5600000000,,,3558790.4811715480,34022036.99999999888000000000,2372527,2372527,5338186,5338186,5338186,3558790.5,3558790.5,3558790.6666666665,3558790.6666666665,3558790.6666666665
2015-09-18,21.0100,9.3377777778,,,3558790.5074000303,33231194.91584558939038666734,2372527,2372527,5338186,5338186,5338186,3558790.5,3558790.5,3558790.6666666665,3558790.6666666665,3558790.6666666665
2015-09-21,21.0100,9.3377777778,,,3558790.5074000303,33231194.91584558939038666734,2372527,2372527,5338186,5338186,5338186,3558790.5,3558790.5,3558790.6666666665,3558790.6666666665,3558790.6666666665
2015-09-22,20.8200,9.2533333333,,,3558790.4855565040,32930674.62623089066381478320,2372527,2372527,5338186,5338186,5338186,3558790.5,3558790.5,3558790.6666666665,3558790.6666666665,3558790.6666666665
2015-09-23,19.6535,8.7348888889,,,3558790.4841497900,31085639.45792305223426833100,2372527,2372527,5338186,5338186,5338186,3558790.5,3558790.5,3558790.6666666665,3558790.6666666665,3558790.6666666665
2015-09-24,19.6600,8.7377777778,,,3558790.5422417540,31095920.91584481029649426120,2372527,2372527,5338186,5338186,5338186,3558790.5,3558790.5,3558790.6666666665,3558790.6666666665,3558790.6666666665
2015-09-25,19.7100,8.7600000000,,,3558790.5251141554,31175005.00000000130400000000,2372527,2372527,5338186,5338186,5338186,3558790.5,3558790.5,3558790.6666666665,3558790.6666666665,3558790.6666666665
2015-09-28,18.4700,8.2088888889,,,3558790.4591358160,29213715.45792332945843484240,2372527,2372527,5338186,5338186,5338186,3558790.5,3558790.5,3558790.6666666665,3558790.6666666665,3558790.6666666665
2015-09-29,17.5001,7.7778222222,,,3558790.5320270513,27679640.08415496041267939886,2372527,2372527,5338186,5338186,5338186,3558790.5,3558790.5,3558790.6666666665,3558790.6666666665,3558790.6666666665
2015-09-30,17.8000,7.9111111111,,,3558790.5600991010,28153987.54207779023822112110,2372527,2372527,5338186,5338186,5338186,3558790.5,3558790.5,3558790.6666666665,3558790.6666666665,3558790.6666666665
2015-10-01,17.1051,7.6022666667,,,3558790.4976125650,27054874.37376870883058708550,2372527,2372527,5338186,5338186,5338186,3558790.5,3558790.5,3558790.6666666665,3558790.6666666665,3558790.6666666665
2015-10-02,16.6000,7.3777777778,,,3558790.5608718046,26255965.91584439817246381788,2372527,2372527,5338186,5338186,5338186,3558790.5,3558790.5,3558790.6666666665,3558790.6666666665,3558790.6666666665
2015-10-05,17.2600,7.6711111111,,,3558790.5254787450,27299877.54207740841638356950,2372527,2372527,5338186,5338186,5338186,3558790.5,3558790.5,3558790.6666666665,3558790.6666666665,3558790.6666666665
2015-10-06,17.0001,7.5556000000,,,3558790.5659378474,26888797.99999999981544000000,2372527,2372527,5338186,5338186,5338186,3558790.5,3558790.5,3558790.6666666665,3558790.6666666665,3558790.6666666665
2015-10-07,17.5100,7.7822222222,,,3558790.4448613506,27695298.08415302643722530332,2372527,2372527,5338186,5338186,5338186,3558790.5,3558790.5,3558790.6666666665,3558790.6666666665,3558790.6666666665
2015-10-08,17.5100,7.7822222222,,,3558790.4448613506,27695298.08415302643722530332,2372527,2372527,5338186,5338186,5338186,3558790.5,3558790.5,3558790.6666666665,3558790.6666666665,3558790.6666666665
2015-10-09,19.2495,8.5553333333,,,3558790.4573772980,30446638.62622995047408742340,2372527,2372527,5338186,5338186,5338186,3558790.5,3558790.5,3558790.6666666665,3558790.6666666665,3558790.6666666665
2015-10-12,19.2495,8.5553333333,,,3558790.4573772980,30446638.62622995047408742340,2372527,2372527,5338186,5338186,5338186,3558790.5,3558790.5,3558790.6666666665,3558790.6666666665,3558790.6666666665
2015-10-13,19.2495,8.5553333333,,,3558790.4573772980,30446638.62622995047408742340,2372527,2372527,5338186,5338186,5338186,3558790.5,3558790.5,3558790.6666666665,3558790.6666666665,3558790.6666666665
2015-10-14,19.2495,8.5553333333,,,3558790.4573772980,30446638.62622995047408742340,2372527,2372527,5338186,5338186,5338186,3558790.5,3558790.5,3558790.6666666665,3558790.6666666665,3558790.6666666665
2015-10-15,20.3900,9.0622222222,,,3558790.4703052235,32250550.08415358561843766170,2372527,2372527,5338186,5338186,5338186,3558790.5,3558790.5,3558790.6666666665,3558790.6666666665,3558790.6666666665
2015-10-16,19.4999,8.6666222222,,,3558790.5291579160,30842693.08415489185864093520,2372527,2372527,5338186,5338186,5338186,3558790.5,3558790.5,3558790.6666666665,3558790.6666666665,3558790.6666666665
2015-10-19,19.5000,8.6666666667,,,3558790.5431132955,30842851.37376718735143710985,2372527,2372527,5338186,5338186,5338186,3558790.5,3558790.5,3558790.6666666665,3558790.6666666665,3558790.6666666665
2015-10-20,20.4000,9.0666666667,,,3558790.5191525030,32266367.37376798688397175010,2372527,2372527,5338186,5338186,5338186,3558790.5,3558790.5,3558790.6666666665,3558790.6666666665,3558790.6666666665
2015-10-21,20.1900,8.9733333333,,,3558790.5229959990,31934213.62623213800923346670,2372527,2372527,5338186,5338186,5338186,3558790.5,3558790.5,3558790.6666666665,3558790.6666666665,3558790.6666666665
2015-10-22,20.7000,9.2000000000,,,3558790.5434782610,32740873.00000000120000000000,2372527,2372527,5338186,5338186,5338186,3558790.5,3558790.5,3558790.6666666665,3558790.6666666665,3558790.6666666665
2015-10-23,20.2500,9.0000000000,,,3558790.4444444445,32029114.00000000050000000000,2372527,2372527,5338186,5338186,5338186,3558790.5,3558790.5,3558790.6666666665,3558790.6666666665,3558790.6666666665
2015-10-26,21.2500,9.4444444444,,,3558790.5001905890,33610799.16830850542221375160,2372527,2372527,5338186,5338186,5338186,3558790.5,3558790.5,3558790.6666666665,3558790.6666666665,3558790.6666666665
2015-10-27,21.5095,9.5597777778,,,3558790.4558672780,34021245.91584673585057482840,2372527,2372527,5338186,5338186,5338186,3558790.5,3558790.5,3558790.6666666665,3558790.6666666665,3558790.6666666665
2015-10-28,22.1800,9.8577777778,,,3558790.5009231270,35081765.91584573172668718060,2372527,2372527,5338186,5338186,5338186,3558790.5,3558790.5,3558790.6666666665,3558790.6666666665,3558790.6666666665
2015-10-29,21.9200,9.7422222222,,,3558790.5195951630,34670528.08415468152623121860,2372527,2372527,5338186,5338186,5338186,3558790.5,3558790.5,3558790.6666666665,3558790.6666666665,3558790.6666666665
2015-10-30,21.9900,9.7733333333,,,3558790.4801858120,34781245.62623070959732713960,2372527,2372527,5338186,5338186,5338186,3558790.5,3558790.5,3558790.6666666665,3558790.6666666665,3558790.6666666665
2015-11-02,21.9900,9.7733333333,,,3558790.4801858120,34781245.62623070959732713960,2372527,2372527,5338186,5338186,5338186,3558790.5,3558790.5,3558790.6666666665,3558790.6666666665,3558790.6666666665
2015-11-03,22.0000,9.7777777778,,,3558790.5254760790,34797062.91584519001167724620,2372527,2372527,5338186,5338186,5338186,3558790.5,3558790.5,3558790.6666666665,3558790.6666666665,3558790.6666666665
2015-11-04,22.0000,9.7777777778,,,3558790.5254760790,34797062.91584519001167724620,2372527,2372527,5338186,5338186,5338186,3558790.5,3558790.5,3558790.6666666665,3558790.6666666665,3558790.6666666665
2015-11-05,21.5000,9.5555555556,,,3558790.5521369670,34006220.83168918646898386520,2372527,2372527,5338186,5338186,5338186,3558790.5,3558790.5,3558790.6666666665,3558790.6666666665,3558790.6666666665
2015-11-06,24.1400,10.7288888889,,,3558790.4631416085,38181867.45792328842292379565,2372527,2397163,5338186,5393617,5338186,3558790.5,3595744.5,3558790.6666666665,3595744.6666666665,3558790.6666666665
2015-11-09,24.2500,10.7777777778,,,3558790.4767206670,38355852.91584627301059379260,2372527,2397163,5338186,5393617,5338186,3558790.5,3595744.5,3558790.6666666665,3595744.6666666665,3558790.6666666665
2015-11-10,24.7250,10.9888888889,,,3558790.5067841187,39107153.45792280205340871243,2372527,2397163,5338186,5393617,5338186,3558790.5,3595744.5,3558790.6666666665,3595744.6666666665,3558790.6666666665
2015-11-11,26.1000,11.6000000000,,,3558790.5172413792,41281969.99999999872000000000,2372527,2397163,5338186,5393617,5338186,3558790.5,3595744.5,3558790.6666666665,3595744.6666666665,3558790.6666666665
2015-11-12,25.9000,11.5111111111,,,3558790.4718054743,40965632.54207680649253549473,2372527,2397163,5338186,5393617,5338186,3558790.5,3595744.5,3558790.6666666665,3595744.6666666665,3558790.6666666665
2015-11-13,23.4200,10.4088888889,,,3558790.4581656083,37043054.45792334050997961787,2372527,2397163,5338186,5393617,5338186,3558790.5,3595744.5,3558790.6666666665,3595744.6666666665,3558790.6666666665
2015-11-16,25.4600,11.3155555556,,,3558790.5192831135,40269691.83169064389419036060,2372527,2397163,5338186,5393617,5338186,3558790.5,3595744.5,3558790.6666666665,3595744.6666666665,3558790.6666666665
2015-11-17,25.0600,11.1377777778,,,3558790.5151825314,39637017.91584541173767072292,2372527,2397163,5338186,5393617,5338186,3558790.5,3595744.5,3558790.6666666665,3595744.6666666665,3558790.6666666665
2015-11-18,25.0500,11.1333333333,,,3558790.4754205850,39621200.62623055331748598050,2372527,2397163,5338186,5393617,5338186,3558790.5,3595744.5,3558790.6666666665,3595744.6666666665,3558790.6666666665
2015-11-19,25.6700,11.4088888889,,,3558790.5056578640,40601845.45792281717450730960,2372527,2397163,5338186,5393617,5338186,3558790.5,3595744.5,3558790.6666666665,3595744.6666666665,3558790.6666666665
2015-11-20,25.1200,11.1644444444,,,3558790.5306151696,39731919.16830985835508377024,2372527,2397163,5338186,5393617,5338186,3558790.5,3595744.5,3558790.6666666665,3595744.6666666665,3558790.6666666665
2015-11-23,25.1500,11.1777777778,,,3558790.4596611140,39779368.91584664738799246920,2372527,2397163,5338186,5393617,5338186,3558790.5,3595744.5,3558790.6666666665,3595744.6666666665,3558790.6666666665
2015-11-24,25.0000,11.1111111111,,,3558790.4887904890,39542116.54207700232790232790,2372527,2397163,5338186,5393617,5338186,3558790.5,3595744.5,3558790.6666666665,3595744.6666666665,3558790.6666666665
2015-11-25,25.2000,11.2000000000,,,3558790.5357142860,39858454.00000000320000000000,2372527,2397163,5338186,5393617,5338186,3558790.5,3595744.5,3558790.6666666665,3595744.6666666665,3558790.6666666665
2015-11-27,25.2700,11.2311111111,,,3558790.5013756445,39969171.54207714077887360395,2372527,2397163,5338186,5393617,5338186,3558790.5,3595744.5,3558790.6666666665,3595744.6666666665,3558790.6666666665
2015-11-30,25.2600,11.2266666667,,,3558790.4727123734,39953354.37376953838642374578,2372527,2397163,5338186,5393617,5338186,3558790.5,3595744.5,3558790.6666666665,3595744.6666666665,3558790.6666666665
2015-12-01,24.0000,10.6666666667,,,3558790.5350295780,37960432.37376745835116765260,2372527,2397163,5338186,5393617,5338186,3558790.5,3595744.5,3558790.6666666665,3595744.6666666665,3558790.6666666665
2015-12-02,25.0800,11.1466666667,,,3558790.4940475660,39668651.37376882869646825220,2372527,2397163,5338186,5393617,5338186,3558790.5,3595744.5,3558790.6666666665,3595744.6666666665,3558790.6666666665
2015-12-03,24.4990,10.8884444444,,,3558790.4558980195,38749692.16830653363773786580,2372527,2397163,5338186,5393617,5338186,3558790.5,3595744.5,3558790.6666666665,3595744.6666666665,3558790.6666666665
2015-12-04,24.6000,10.9333333333,,,3558790.4841173300,38909442.62623084831719608900,2372527,2397163,5338186,5393617,5338186,3558790.5,3595744.5,3558790.6666666665,3595744.6666666665,3558790.6666666665
2015-12-07,24.8000,11.0222222222,,,3558790.5318357497,39225780.08415495690373698334,2372527,2397163,5338186,5393617,5338186,3558790.5,3595744.5,3558790.6666666665,3595744.6666666665,3558790.6666666665
2015-12-08,24.8000,11.0222222222,,,3558790.5318357497,39225780.08415495690373698334,2372527,2397163,5338186,5393617,5338186,3558790.5,3595744.5,3558790.6666666665,3595744.6666666665,3558790.6666666665
2015-12-09,23.2000,10.3111111111,,,3558790.5267139296,36695084.54207742086970317856,2372527,2397163,5338186,5393617,5338186,3558790.5,3595744.5,3558790.6666666665,3595744.6666666665,3558790.6666666665
2015-12-10,23.5700,10.4755555556,,,3558790.5227385545,37280307.83169049271878838020,2372527,2397163,5338186,5393617,5338186,3558790.5,3595744.5,3558790.6666666665,3595744.6666666665,3558790.6666666665
2015-12-11,23.5700,10.4755555556,,,3558790.5227385545,37280307.83169049271878838020,2372527,2397163,5338186,5393617,5338186,3558790.5,3595744.5,3558790.6666666665,3595744.6666666665,3558790.6666666665
2015-12-14,22.5700,10.0311111111,,,3558790.4616642240,35698622.54207669596375928640,2372527,2397163,5338186,5393617,5338186,3558790.5,3595744.5,3558790.6666666665,3595744.6666666665,3558790.6666666665
2015-12-15,23.0000,10.2222222222,,,3558790.4756314685,36378747.08415370487831930070,2372527,2397163,5338186,5393617,5338186,3558790.5,3595744.5,3558790.6666666665,3595744.6666666665,3558790.6666666665
2015-12-16,23.0000,10.2222222222,,,3558790.4756314685,36378747.08415370487831930070,2372527,2397163,5338186,5393617,5338186,3558790.5,3595744.5,3558790.6666666665,3595744.6666666665,3558790.6666666665
2015-12-17,23.0000,10.2222222222,,,3558790.4756314685,36378747.08415370487831930070,2372527,2397163,5338186,5393617,5338186,3558790.5,3595744.5,3558790.6666666665,3595744.6666666665,3558790.6666666665
2015-12-18,23.6500,10.5111111111,,,3558790.5166918780,37406842.54207730886092564580,2372527,2397163,5338186,5393617,5338186,3558790.5,3595744.5,3558790.6666666665,3595744.6666666665,3558790.6666666665
2015-12-21,23.7200,10.5422222222,,,3558790.4801654310,37517560.08415381502044076820,2372527,2397163,5338186,5393617,5338186,3558790.5,3595744.5,3558790.6666666665,3595744.6666666665,3558790.6666666665
2015-12-22,23.3500,10.3777777778,,,3558790.4950952996,36932336.91584586008211322888,2372527,2397163,5338186,5393617,5338186,3558790.5,3595744.5,3558790.6666666665,3595744.6666666665,3558790.6666666665
2015-12-23,22.6900,10.0844444444,,,3558790.5081115384,35888425.16830885655341726496,2372527,2397163,5338186,5393617,5338186,3558790.5,3595744.5,3558790.6666666665,3595744.6666666665,3558790.6666666665
2015-12-24,22.7999,10.1332888889,,,3558790.5223372444,36062252.45792262593716374716,2372527,2397163,5338186,5393617,5338186,3558790.5,3595744.5,3558790.6666666665,3595744.6666666665,3558790.6666666665
2015-12-28,23.5000,10.4444444444,,,3558790.4522997970,37169589.16830637797989778680,2372527,2397163,5338186,5393617,5338186,3558790.5,3595744.5,3558790.6666666665,3595744.6666666665,3558790.6666666665
2015-12-29,24.1630,10.7391111111,,,3558790.4945479600,38218246.54207706120783835600,2372527,2397163,5338186,5393617,5338186,3558790.5,3595744.5,3558790.6666666665,3595744.6666666665,3558790.6666666665
2015-12-30,24.2500,10.7777777778,,,3558790.4767206670,38355852.91584627301059379260,2372527,2397163,5338186,5393617,5338186,3558790.5,3595744.5,3558790.6666666665,3595744.6666666665,3558790.6666666665
2015-12-31,24.4700,10.8755555556,,,3558790.5035124496,38703823.83169134256104499776,2372527,2397163,5338186,5393617,5338186,3558790.5,3595744.5,3558790.6666666665,3595744.6666666665,3558790.6666666665
2016-01-04,23.5300,10.4577777778,,,3558790.4721834417,37217039.91584636565538185426,2372527,2397163,5338186,5393617,5338186,3558790.5,3595744.5,3558790.6666666665,3595744.6666666665,3558790.6666666665
2016-01-05,23.3800,10.3911111111,,,3558790.5034115734,36979787.54207716281307320474,2372527,2397163,5338186,5393617,5338186,3558790.5,3595744.5,3558790.6666666665,3595744.6666666665,3558790.6666666665
2016-01-06,23.3700,10.3866666667,,,3558790.4724310900,36963970.37376954781574770300,2372527,2397163,5338186,5393617,5338186,3558790.5,3595744.5,3558790.6666666665,3595744.6666666665,3558790.6666666665
2016-01-07,23.0200,10.2311111111,,,3558790.4526395010,36410380.54207659700385956110,2372527,2397163,5338186,5393617,5338186,3558790.5,3595744.5,3558790.6666666665,3595744.6666666665,3558790.6666666665
2016-01-08,23.0200,10.2311111111,,,3558790.4526395010,36410380.54207659700385956110,2372527,2397163,5338186,5393617,5338186,3558790.5,3595744.5,3558790.6666666665,3595744.6666666665,3558790.6666666665
2016-01-11,22.2101,9.8711555556,,,3558790.5219223600,35129374.83169052750586321600,2372527,2397163,5338186,5393617,5338186,3558790.5,3595744.5,3558790.6666666665,3595744.6666666665,3558790.6666666665
2016-01-12,21.8500,9.7111111111,,,3558790.4562819866,34559809.54207663886604131126,2372527,2397163,5338186,5393617,5338186,3558790.5,3595744.5,3558790.6666666665,3595744.6666666665,3558790.6666666665
2016-01-13,20.4825,9.1033333333,,,3558790.5484824180,32396856.62623298550838391940,2372527,2397163,5338186,5393617,5338186,3558790.5,3595744.5,3558790.6666666665,3595744.6666666665,3558790.6666666665
2016-01-14,20.5000,9.1111111111,,,3558790.4863298610,32424535.54207696921681855710,2372527,2397163,5338186,5393617,5338186,3558790.5,3595744.5,3558790.6666666665,3595744.6666666665,3558790.6666666665
2016-01-15,19.5300,8.6800000000,,,3558790.5529953917,30890301.99999999995600000000,2372527,2397163,5338186,5393617,5338186,3558790.5,3595744.5,3558790.6666666665,3595744.6666666665,3558790.6666666665
2016-01-19,19.5100,8.6711111111,,,3558790.4648775820,30858667.54207673558150136020,2372527,2397163,5338186,5393617,5338186,3558790.5,3595744.5,3558790.6666666665,3595744.6666666665,3558790.6666666665
2016-01-20,19.0100,8.4488888889,,,3558790.4934370155,30067825.45792294862992707795,2372527,2397163,5338186,5393617,5338186,3558790.5,3595744.5,3558790.6666666665,3595744.6666666665,3558790.6666666665
2016-01-21,20.9000,9.2888888889,,,3558790.4918774020,33057209.45792296513879863780,2372527,2397163,5338186,5393617,5338186,3558790.5,3595744.5,3558790.6666666665,3595744.6666666665,3558790.6666666665
2016-01-22,21.0000,9.3333333333,,,3558790.4599659285,33215377.62623003965133446905,2372527,2397163,5338186,5393617,5338186,3558790.5,3595744.5,3558790.6666666665,3595744.6666666665,3558790.6666666665
2016-01-25,19.6900,8.7511111111,,,3558790.5520448860,31143371.54207770470053283460,2372527,2397163,5338186,5393617,5338186,3558790.5,3595744.5,3558790.6666666665,3595744.6666666665,3558790.6666666665
2016-01-26,19.6900,8.7511111111,,,3558790.5520448860,31143371.54207770470053283460,2372527,2397163,5338186,5393617,5338186,3558790.5,3595744.5,3558790.6666666665,3595744.6666666665,3558790.6666666665
2016-01-27,20.2900,9.0177777778,,,3558790.5032269510,32092381.91584567791784948780,2372527,2397163,5338186,5393617,5338186,3558790.5,3595744.5,3558790.6666666665,3595744.6666666665,3558790.6666666665
2016-01-28,19.7600,8.7822222222,,,3558790.5080731483,31254089.08415443150337615226,2372527,2397163,5338186,5393617,5338186,3558790.5,3595744.5,3558790.6666666665,3595744.6666666665,3558790.6666666665
2016-01-29,20.6500,9.1777777778,,,3558790.4508705790,32661787.91584684261001934620,2372527,2397163,5338186,5393617,5338186,3558790.5,3595744.5,3558790.6666666665,3595744.6666666665,3558790.6666666665
2016-02-01,20.1400,8.9511111111,,,3558790.5397102030,31855129.54207756384733655330,2372527,2397163,5338186,5393617,5338186,3558790.5,3595744.5,3558790.6666666665,3595744.6666666665,3558790.6666666665
2016-02-02,20.1400,8.9511111111,,,3558790.5397102030,31855129.54207756384733655330,2372527,2397163,5338186,5393617,5338186,3558790.5,3595744.5,3558790.6666666665,3595744.6666666665,3558790.6666666665
2016-02-03,19.8800,8.8355555556,,,3558790.4613155870,31443890.83169322160272513720,2372527,2397163,5338186,5393617,5338186,3558790.5,3595744.5,3558790.6666666665,3595744.6666666665,3558790.6666666665
2016-02-04,20.1105,8.9380000000,,,3558790.4452897740,31808469.00000000001200000000,2372527,2397163,5338186,5393617,5338186,3558790.5,3595744.5,3558790.6666666665,3595744.6666666665,3558790.6666666665
2016-02-05,21.9700,9.7644444444,,,3558790.5042808570,34749612.16830868855092085080,2372527,2396999,5338186,5393248,5338186,3558790.5,3595498.5,3558790.6666666665,3595498.6666666665,3558790.6666666665
2016-02-08,21.9500,9.7555555556,,,3558790.5408175820,34717978.83168969064625855920,2372527,2396999,5338186,5393248,5338186,3558790.5,3595498.5,3558790.6666666665,3595498.6666666665,3558790.6666666665
2016-02-09,22.0900,9.8177777778,,,3558790.4622216790,34939413.91584659050360492620,2372527,2396999,5338186,5393248,5338186,3558790.5,3595498.5,3558790.6666666665,3595498.6666666665,3558790.6666666665
2016-02-10,21.8000,9.6888888889,,,3558790.4715705602,34480725.45792319205412856178,2372527,2396999,5338186,5393248,5338186,3558790.5,3595498.5,3558790.6666666665,3595498.6666666665,3558790.6666666665
2016-02-11,20.5200,9.1200000000,,,3558790.4605263160,32456169.00000000192000000000,2372527,2396999,5338186,5393248,5338186,3558790.5,3595498.5,3558790.6666666665,3595498.6666666665,3558790.6666666665
2016-02-12,20.7000,9.2000000000,,,3558790.5434782610,32740873.00000000120000000000,2372527,2396999,5338186,5393248,5338186,3558790.5,3595498.5,3558790.6666666665,3595498.6666666665,3558790.6666666665
2016-02-16,21.6400,9.6177777778,,,3558790.4718334750,34227655.91584637267715185500,2372527,2396999,5338186,5393248,5338186,3558790.5,3595498.5,3558790.6666666665,3595498.6666666665,3558790.6666666665
2016-02-17,23.2600,10.3377777778,,,3558790.4583180174,36789984.91584667744307373372,2372527,2396999,5338186,5393248,5338186,3558790.5,3595498.5,3558790.6666666665,3595498.6666666665,3558790.6666666665
2016-02-18,23.4660,10.4293333333,,,3558790.5228538830,37115812.62623213741723820390,2372527,2396999,5338186,5393248,5338186,3558790.5,3595498.5,3558790.6666666665,3595498.6666666665,3558790.6666666665
2016-02-19,23.4600,10.4266666667,,,3558790.5089817485,37106322.37376832404363272495,2372527,2396999,5338186,5393248,5338186,3558790.5,3595498.5,3558790.6666666665,3595498.6666666665,3558790.6666666665
2016-02-22,24.0600,10.6933333333,,,3558790.4575762390,38055332.62622995602474745870,2372527,2396999,5338186,5393248,5338186,3558790.5,3595498.5,3558790.6666666665,3595498.6666666665,3558790.6666666665
2016-02-23,24.0500,10.6888888889,,,3558790.5210077744,38039516.45792264181467786416,2372527,2396999,5338186,5393248,5338186,3558790.5,3595498.5,3558790.6666666665,3595498.6666666665,3558790.6666666665
2016-02-24,25.0000,11.1111111111,,,3558790.4887904890,39542116.54207700232790232790,2372527,2396999,5338186,5393248,5338186,3558790.5,3595498.5,3558790.6666666665,3595498.6666666665,3558790.6666666665
2016-02-25,25.2200,11.2088888889,,,3558790.5146802985,39890087.45792271019238533665,2372527,2396999,5338186,5393248,5338186,3558790.5,3595498.5,3558790.6666666665,3595498.6666666665,3558790.6666666665
2016-02-26,24.8440,11.0417777778,,,3558790.5051712580,39295373.91584563256767047240,2372527,2396999,5338186,5393248,5338186,3558790.5,3595498.5,3558790.6666666665,3595498.6666666665,3558790.6666666665
2016-02-29,24.9900,11.1066666667,,,3558790.4598125457,39526299.37376996725666041819,2372527,2396999,5338186,5393248,5338186,3558790.5,3595498.5,3558790.6666666665,3595498.6666666665,3558790.6666666665
2016-03-01,24.9900,11.1066666667,,,3558790.4598125457,39526299.37376996725666041819,2372527,2396999,5338186,5393248,5338186,3558790.5,3595498.5,3558790.6666666665,3595498.6666666665,3558790.6666666665
2016-03-02,25.1930,11.1968888889,,,3558790.4687904688,39847381.45792322232894211632,2372527,2396999,5338186,5393248,5338186,3558790.5,3595498.5,3558790.6666666665,3595498.6666666665,3558790.6666666665
2016-03-03,25.4200,11.2977777778,,,3558790.4724813680,40206423.91584636181494403040,2372527,2396999,5338186,5393248,5338186,3558790.5,3595498.5,3558790.6666666665,3595498.6666666665,3558790.6666666665
2016-03-04,25.2700,11.2311111111,,,3558790.5013756445,39969171.54207714077887360395,2372527,2396999,5338186,5393248,5338186,3558790.5,3595498.5,3558790.6666666665,3595498.6666666665,3558790.6666666665
2016-03-07,25.5500,11.3555555556,,,3558790.4646165767,40412042.83169307276953851452,2372527,2396999,5338186,5393248,5338186,3558790.5,3595498.5,3558790.6666666665,3595498.6666666665,3558790.6666666665
2016-03-08,25.3600,11.2711111111,,,3558790.5350853065,40111523.54207751247849905215,2372527,2396999,5338186,5393248,5338186,3558790.5,3595498.5,3558790.6666666665,3595498.6666666665,3558790.6666666665
2016-03-09,24.3700,10.8311111111,,,3558790.5198917934,38545655.54207734906444564674,2372527,2396999,5338186,5393248,5338186,3558790.5,3595498.5,3558790.6666666665,3595498.6666666665,3558790.6666666665
2016-03-10,25.0000,11.1111111111,,,3558790.4887904890,39542116.54207700232790232790,2372527,2396999,5338186,5393248,5338186,3558790.5,3595498.5,3558790.6666666665,3595498.6666666665,3558790.6666666665
2016-03-11,25.2340,11.2151111111,,,3558790.4699913510,39912230.54207679172100009610,2372527,2396999,5338186,5393248,5338186,3558790.5,3595498.5,3558790.6666666665,3595498.6666666665,3558790.6666666665
2016-03-14,24.8800,11.0577777778,,,3558790.5369965090,39352314.91584492597637770020,2372527,2396999,5338186,5393248,5338186,3558790.5,3595498.5,3558790.6666666665,3595498.6666666665,3558790.6666666665
2016-03-15,24.8800,11.0577777778,,,3558790.5369965090,39352314.91584492597637770020,2372527,2396999,5338186,5393248,5338186,3558790.5,3595498.5,3558790.6666666665,3595498.6666666665,3558790.6666666665
2016-03-16,24.9600,11.0933333333,,,3558790.5312215486,39478849.62623241945162594838,2372527,2396999,5338186,5393248,5338186,3558790.5,3595498.5,3558790.6666666665,3595498.6666666665,3558790.6666666665
2016-03-17,25.2889,11.2395111111,,,3558790.5155923306,39999065.54207729757664452966,2372527,2396999,5338186,5393248,5338186,3558790.5,3595498.5,3558790.6666666665,3595498.6666666665,3558790.6666666665
2016-03-18,26.6200,11.8311111111,,,3558790.4759489820,42104445.54207685825693390020,2372527,2396999,5338186,5393248,5338186,3558790.5,3595498.5,3558790.6666666665,3595498.6666666665,3558790.6666666665
2016-03-21,26.0300,11.5688888889,,,3558790.4640890667,41171251.45792327820560098963,2372527,2396999,5338186,5393248,5338186,3558790.5,3595498.5,3558790.6666666665,3595498.6666666665,3558790.6666666665
2016-03-22,25.2400,11.2177777778,,,3558790.4936796874,39921720.91584588866697065972,2372527,2396999,5338186,5393248,5338186,3558790.5,3595498.5,3558790.6666666665,3595498.6666666665,3558790.6666666665
2016-03-23,25.3900,11.2844444444,,,3558790.5426961114,40158974.16831039528521350616,2372527,2396999,5338186,5393248,5338186,3558790.5,3595498.5,3558790.6666666665,3595498.6666666665,3558790.6666666665
2016-03-24,25.0000,11.1111111111,,,3558790.4887904890,39542116.54207700232790232790,2372527,2396999,5338186,5393248,5338186,3558790.5,3595498.5,3558790.6666666665,3595498.6666666665,3558790.6666666665
2016-03-28,25.0000,11.1111111111,,,3558790.4887904890,39542116.54207700232790232790,2372527,2396999,5338186,5393248,5338186,3558790.5,3595498.5,3558790.6666666665,3595498.6666666665,3558790.6666666665
2016-03-29,25.0000,11.1111111111,,,3558790.4887904890,39542116.54207700232790232790,2372527,2396999,5338186,5393248,5338186,3558790.5,3595498.5,3558790.6666666665,3595498.6666666665,3558790.6666666665
2016-03-30,25.7000,11.4222222222,,,3558790.5132111153,40649296.08415454385970641966,2372527,2396999,5338186,5393248,5338186,3558790.5,3595498.5,3558790.6666666665,3595498.6666666665,3558790.6666666665
2016-03-31,24.1600,10.7377777778,,,3558790.5343738940,38213501.91584498602965275320,2372527,2396999,5338186,5393248,5338186,3558790.5,3595498.5,3558790.6666666665,3595498.6666666665,3558790.6666666665
2016-04-01,24.1600,10.7377777778,,,3558790.5343738940,38213501.91584498602965275320,2372527,2396999,5338186,5393248,5338186,3558790.5,3595498.5,3558790.6666666665,3595498.6666666665,3558790.6666666665
2016-04-04,24.0000,10.6666666667,,,3558790.5350295780,37960432.37376745835116765260,2372527,2396999,5338186,5393248,5338186,3558790.5,3595498.5,3558790.6666666665,3595498.6666666665,3558790.6666666665
2016-04-05,23.7700,10.5644444444,,,3558790.4660936734,37596644.16830699452061805896,2372527,2396999,5338186,5393248,5338186,3558790.5,3595498.5,3558790.6666666665,3595498.6666666665,3558790.6666666665
2016-04-06,24.1000,10.7111111111,,,3558790.5070440946,38118600.54207720448769951006,2372527,2396999,5338186,5393248,5338186,3558790.5,3595498.5,3558790.6666666665,3595498.6666666665,3558790.6666666665
2016-04-07,24.1000,10.7111111111,,,3558790.5070440946,38118600.54207720448769951006,2372527,2396999,5338186,5393248,5338186,3558790.5,3595498.5,3558790.6666666665,3595498.6666666665,3558790.6666666665
2016-04-08,24.9186,11.0749333333,,,3558790.5082664406,39413367.62623165219868445198,2372527,2396999,5338186,5393248,5338186,3558790.5,3595498.5,3558790.6666666665,3595498.6666666665,3558790.6666666665
2016-04-11,24.9186,11.0749333333,,,3558790.5082664406,39413367.62623165219868445198,2372527,2396999,5338186,5393248,5338186,3558790.5,3595498.5,3558790.6666666665,3595498.6666666665,3558790.6666666665
2016-04-12,24.7200,10.9866666667,,,3558790.5376500674,39099245.37376736685258833558,2372527,2396999,5338186,5393248,5338186,3558790.5,3595498.5,3558790.6666666665,3595498.6666666665,3558790.6666666665
2016-04-13,24.1978,10.7545777778,,,3558790.4710542466,38273288.91584639462268120548,2372527,2396999,5338186,5393248,5338186,3558790.5,3595498.5,3558790.6666666665,3595498.6666666665,3558790.6666666665
2016-04-14,24.0000,10.6666666667,,,3558790.5350295780,37960432.37376745835116765260,2372527,2396999,5338186,5393248,5338186,3558790.5,3595498.5,3558790.6666666665,3595498.6666666665,3558790.6666666665
2016-04-15,23.5500,10.4666666667,,,3558790.5452530407,37248674.37376711901150843469,2372527,2396999,5338186,5393248,5338186,3558790.5,3595498.5,3558790.6666666665,3595498.6666666665,3558790.6666666665
2016-04-18,24.9000,11.0666666667,,,3558790.5156912175,39383948.37376810001718970725,2372527,2396999,5338186,5393248,5338186,3558790.5,3595498.5,3558790.6666666665,3595498.6666666665,3558790.6666666665
2016-04-19,24.0000,10.6666666667,,,3558790.5350295780,37960432.37376745835116765260,2372527,2396999,5338186,5393248,5338186,3558790.5,3595498.5,3558790.6666666665,3595498.6666666665,3558790.6666666665
2016-04-20,24.9999,11.1110666667,,,3558790.4887904890,39541958.37376900232789301630,2372527,2396999,5338186,5393248,5338186,3558790.5,3595498.5,3558790.6666666665,3595498.6666666665,3558790.6666666665
2016-04-21,25.1900,11.1955555556,,,3558790.5069848867,39842636.83169118889942155052,2372527,2396999,5338186,5393248,5338186,3558790.5,3595498.5,3558790.6666666665,3595498.6666666665,3558790.6666666665
2016-04-22,24.5000,10.8888888889,,,3558790.5114382540,38751274.45792275233901598060,2372527,2396999,5338186,5393248,5338186,3558790.5,3595498.5,3558790.6666666665,3595498.6666666665,3558790.6666666665
2016-04-25,24.3099,10.8044000000,,,3558790.4927622080,38450596.00000000011520000000,2372527,2396999,5338186,5393248,5338186,3558790.5,3595498.5,3558790.6666666665,3595498.6666666665,3558790.6666666665
2016-04-26,24.8600,11.0488888889,,,3558790.4678293770,39320680.45792323643630921530,2372527,2396999,5338186,5393248,5338186,3558790.5,3595498.5,3558790.6666666665,3595498.6666666665,3558790.6666666665
2016-04-27,25.2500,11.2222222222,,,3558790.5223574700,39937538.08415474576616983400,2372527,2396999,5338186,5393248,5338186,3558790.5,3595498.5,3558790.6666666665,3595498.6666666665,3558790.6666666665
2016-04-28,25.2000,11.2000000000,,,3558790.5357142860,39858454.00000000320000000000,2372527,2396999,5338186,5393248,5338186,3558790.5,3595498.5,3558790.6666666665,3595498.6666666665,3558790.6666666665
2016-04-29,25.7750,11.4555555556,,,3558790.4605607735,40767921.83169325155935825660,2372527,2396999,5338186,5393248,5338186,3558790.5,3595498.5,3558790.6666666665,3595498.6666666665,3558790.6666666665
2016-05-02,26.0000,11.5555555556,,,3558790.5431132960,41123801.83168958891302725760,2372527,2396999,5338186,5393248,5338186,3558790.5,3595498.5,3558790.6666666665,3595498.6666666665,3558790.6666666665
2016-05-03,25.3800,11.2800000000,,,3558790.5141843970,40143156.99999999816000000000,2372527,2396999,5338186,5393248,5338186,3558790.5,3595498.5,3558790.6666666665,3595498.6666666665,3558790.6666666665
2016-05-04,26.3200,11.6977777778,,,3558790.5418112804,41629940.91584481762448469512,2372527,2396999,5338186,5393248,5338186,3558790.5,3595498.5,3558790.6666666665,3595498.6666666665,3558790.6666666665
2016-05-05,26.0000,11.5555555556,,,3558790.5431132960,41123801.83168958891302725760,2372527,2396999,5338186,5393248,5338186,3558790.5,3595498.5,3558790.6666666665,3595498.6666666665,3558790.6666666665
2016-05-06,26.2100,11.6488888889,,,3558790.5295779000,41455955.45792254611699531000,2372527,2396999,5338186,5393248,5338186,3558790.5,3595498.5,3558790.6666666665,3595498.6666666665,3558790.6666666665
2016-05-09,25.5400,11.3511111111,,,3558790.5136947080,40396226.54207727669207005880,2372527,2396999,5338186,5393248,5338186,3558790.5,3595498.5,3558790.6666666665,3595498.6666666665,3558790.6666666665
2016-05-10,24.0500,10.6888888889,,,3558790.5210077744,38039516.45792264181467786416,2372527,2396999,5338186,5393248,5338186,3558790.5,3595498.5,3558790.6666666665,3595498.6666666665,3558790.6666666665
2016-05-11,24.0500,10.6888888889,,,3558790.5210077744,38039516.45792264181467786416,2372527,2396999,5338186,5393248,5338186,3558790.5,3595498.5,3558790.6666666665,3595498.6666666665,3558790.6666666665
2016-05-12,24.0500,10.6888888889,,,3558790.5210077744,38039516.45792264181467786416,2372527,2396999,5338186,5393248,5338186,3558790.5,3595498.5,3558790.6666666665,3595498.6666666665,3558790.6666666665
2016-05-13,26.3398,11.7065777778,,,3558790.5113354860,41661257.91584549940816301080,2372527,2396999,5338186,5393248,5338186,3558790.5,3595498.5,3558790.6666666665,3595498.6666666665,3558790.6666666665
2016-05-16,24.0600,10.6933333333,,,3558790.4575762390,38055332.62622995602474745870,2372527,2396999,5338186,5393248,5338186,3558790.5,3595498.5,3558790.6666666665,3595498.6666666665,3558790.6666666665
2016-05-17,24.7700,11.0088888889,,,3558790.5240305570,39178329.45792260740137811730,2372527,2396999,5338186,5393248,5338186,3558790.5,3595498.5,3558790.6666666665,3595498.6666666665,3558790.6666666665
2016-05-18,24.8500,11.0444444444,,,3558790.5182717033,39304864.16830931020141014652,2372527,2396999,5338186,5393248,5338186,3558790.5,3595498.5,3558790.6666666665,3595498.6666666665,3558790.6666666665
2016-05-19,24.9100,11.0711111111,,,3558790.5447516507,39399765.54207762185483609277,2372527,2396999,5338186,5393248,5338186,3558790.5,3595498.5,3558790.6666666665,3595498.6666666665,3558790.6666666665
2016-05-20,24.9100,11.0711111111,,,3558790.5447516507,39399765.54207762185483609277,2372527,2396999,5338186,5393248,5338186,3558790.5,3595498.5,3558790.6666666665,3595498.6666666665,3558790.6666666665
2016-05-23,24.8100,11.0266666667,,,3558790.4812863325,39241596.37376925271604287775,2372527,2396999,5338186,5393248,5338186,3558790.5,3595498.5,3558790.6666666665,3595498.6666666665,3558790.6666666665
2016-05-24,24.0000,10.6666666667,,,3558790.5350295780,37960432.37376745835116765260,2372527,2396999,5338186,5393248,5338186,3558790.5,3595498.5,3558790.6666666665,3595498.6666666665,3558790.6666666665
2016-05-25,23.7950,10.5755555556,,,3558790.5177956806,37636186.83169071063501314136,2372527,2396999,5338186,5393248,5338186,3558790.5,3595498.5,3558790.6666666665,3595498.6666666665,3558790.6666666665
2016-05-26,25.0000,11.1111111111,,,3558790.4887904890,39542116.54207700232790232790,2372527,2396999,5338186,5393248,5338186,3558790.5,3595498.5,3558790.6666666665,3595498.6666666665,3558790.6666666665
2016-05-27,24.1000,10.7111111111,,,3558790.5070440946,38118600.54207720448769951006,2372527,2396999,5338186,5393248,5338186,3558790.5,3595498.5,3558790.6666666665,3595498.6666666665,3558790.6666666665
2016-05-31,24.5100,10.8933333333,,,3558790.5409747274,38767091.62623273745930084242,2372527,2396999,5338186,5393248,5338186,3558790.5,3595498.5,3558790.6666666665,3595498.6666666665,3558790.6666666665
2016-06-01,24.6500,10.9555555556,,,3558790.4815801964,38988526.83169232013695911984,2372527,2396999,5338186,5393248,5338186,3558790.5,3595498.5,3558790.6666666665,3595498.6666666665,3558790.6666666665
2016-06-02,24.6401,10.9511555556,,,3558790.5435020820,38972868.83168956877446675920,2372527,2396999,5338186,5393248,5338186,3558790.5,3595498.5,3558790.6666666665,3595498.6666666665,3558790.6666666665
2016-06-03,25.0842,11.1485333333,,,3558790.5099340720,39675294.62623170647740219760,2372527,2396999,5338186,5393248,5338186,3558790.5,3595498.5,3558790.6666666665,3595498.6666666665,3558790.6666666665
2016-06-06,24.7150,10.9844444444,,,3558790.4664797345,39091336.16830700405371201180,2372527,2396999,5338186,5393248,5338186,3558790.5,3595498.5,3558790.6666666665,3595498.6666666665,3558790.6666666665
2016-06-07,24.2452,10.7756444444,,,3558790.5081851590,38348261.16830886130488065960,2372527,2396999,5338186,5393248,5338186,3558790.5,3595498.5,3558790.6666666665,3595498.6666666665,3558790.6666666665
2016-06-08,24.2452,10.7756444444,,,3558790.5081851590,38348261.16830886130488065960,2372527,2396999,5338186,5393248,5338186,3558790.5,3595498.5,3558790.6666666665,3595498.6666666665,3558790.6666666665
2016-06-09,24.2452,10.7756444444,,,3558790.5081851590,38348261.16830886130488065960,2372527,2396999,5338186,5393248,5338186,3558790.5,3595498.5,3558790.6666666665,3595498.6666666665,3558790.6666666665
2016-06-10,23.7500,10.5555555556,,,3558790.4998294744,37565010.83169150935554797664,2372527,2396999,5338186,5393248,5338186,3558790.5,3595498.5,3558790.6666666665,3595498.6666666665,3558790.6666666665
2016-06-13,25.1999,11.1999555556,,,3558790.5357142860,39858295.83168991769998730160,2372527,2396999,5338186,5393248,5338186,3558790.5,3595498.5,3558790.6666666665,3595498.6666666665,3558790.6666666665
2016-06-14,24.7000,10.9777777778,,,3558790.4680354900,39067610.91584646334373412200,2372527,2396999,5338186,5393248,5338186,3558790.5,3595498.5,3558790.6666666665,3595498.6666666665,3558790.6666666665
2016-06-15,24.5600,10.9155555556,,,3558790.5383121404,38846175.83168979879014720624,2372527,2396999,5338186,5393248,5338186,3558790.5,3595498.5,3558790.6666666665,3595498.6666666665,3558790.6666666665
2016-06-16,24.6800,10.9688888889,,,3558790.4894747880,39035977.45792299448988305320,2372527,2396999,5338186,5393248,5338186,3558790.5,3595498.5,3558790.6666666665,3595498.6666666665,3558790.6666666665
2016-06-17,24.6800,10.9688888889,,,3558790.4894747880,39035977.45792299448988305320,2372527,2396999,5338186,5393248,5338186,3558790.5,3595498.5,3558790.6666666665,3595498.6666666665,3558790.6666666665
2016-06-20,24.3600,10.8266666667,,,3558790.4901770620,38529838.37376895093633923540,2372527,2396999,5338186,5393248,5338186,3558790.5,3595498.5,3558790.6666666665,3595498.6666666665,3558790.6666666665
2016-06-21,23.5500,10.4666666667,,,3558790.5452530407,37248674.37376711901150843469,2372527,2396999,5338186,5393248,5338186,3558790.5,3595498.5,3558790.6666666665,3595498.6666666665,3558790.6666666665
2016-06-22,23.4401,10.4178222222,,,3558790.5315901632,37074847.08415495328788466304,2372527,2396999,5338186,5393248,5338186,3558790.5,3595498.5,3558790.6666666665,3595498.6666666665,3558790.6666666665
2016-06-23,23.8005,10.5780000000,,,3558790.5086027607,37644886.00000000268460000000,2372527,2396999,5338186,5393248,5338186,3558790.5,3595498.5,3558790.6666666665,3595498.6666666665,3558790.6666666665
2016-06-24,23.6750,10.5222222222,,,3558790.4620706695,37446384.08415340483973176290,2372527,2396999,5338186,5393248,5338186,3558790.5,3595498.5,3558790.6666666665,3595498.6666666665,3558790.6666666665
2016-06-27,22.8800,10.1688888889,,,3558790.5279823774,36188945.45792256207786647086,2372527,2396999,5338186,5393248,5338186,3558790.5,3595498.5,3558790.6666666665,3595498.6666666665,3558790.6666666665
2016-06-28,23.6500,10.5111111111,,,3558790.5166918780,37406842.54207730886092564580,2372527,2396999,5338186,5393248,5338186,3558790.5,3595498.5,3558790.6666666665,3595498.6666666665,3558790.6666666665
2016-06-29,22.1288,9.8350222222,,,3558790.5439755972,35000784.08415522479651609784,2372527,2396824,5338186,5392854,5338186,3558790.5,3595236,3558790.6666666665,3595236,3558790.6666666665
2016-06-30,21.5000,9.5555555556,,,3558790.5521369670,34006220.83168918646898386520,2372527,2396824,5338186,5392854,5338186,3558790.5,3595236,3558790.6666666665,3595236,3558790.6666666665
2016-07-01,21.0904,9.3735111111,,,3558790.5264842375,33358362.54207741902526128625,2372527,2396824,5338186,5392854,5338186,3558790.5,3595236,3558790.6666666665,3595236,3558790.6666666665
2016-07-05,20.2200,8.9866666667,,,3558790.5460291314,31981664.37376708719953430438,2372527,2396824,5338186,5392854,5338186,3558790.5,3595236,3558790.6666666665,3595236,3558790.6666666665
2016-07-06,20.3100,9.0266666667,,,3558790.4771400400,32124015.37376938741590466800,2372527,2396824,5338186,5392854,5338186,3558790.5,3595236,3558790.6666666665,3595236,3558790.6666666665
2016-07-07,20.3000,9.0222222222,,,3558790.5388929530,32108199.08415511394358015660,2372527,2396824,5338186,5392854,5338186,3558790.5,3595236,3558790.6666666665,3595236,3558790.6666666665
2016-07-08,20.2500,9.0000000000,,,3558790.4444444445,32029114.00000000050000000000,2372527,2396824,5338186,5392854,5338186,3558790.5,3595236,3558790.6666666665,3595236,3558790.6666666665
2016-07-11,19.7500,8.7777777778,,,3558790.4714165283,31238271.91584638819936481174,2372527,2396824,5338186,5392854,5338186,3558790.5,3595236,3558790.6666666665,3595236,3558790.6666666665
2016-07-12,20.0000,8.8888888889,,,3558790.5140118576,31633693.45792272078348902064,2372527,2396824,5338186,5392854,5338186,3558790.5,3595236,3558790.6666666665,3595236,3558790.6666666665
2016-07-13,20.7900,9.2400000000,,,3558790.4761904760,32883223.99999999824000000000,2372527,2396824,5338186,5392854,5338186,3558790.5,3595236,3558790.6666666665,3595236,3558790.6666666665
2016-07-14,20.1980,8.9768888889,,,3558790.4510465750,31946866.45792341849390051750,2372527,2396824,5338186,5392854,5338186,3558790.5,3595236,3558790.6666666665,3595236,3558790.6666666665
2016-07-15,20.1000,8.9333333333,,,3558790.4805614950,31791861.62623072898398128350,2372527,2396824,5338186,5392854,5338186,3558790.5,3595236,3558790.6666666665,3595236,3558790.6666666665
2016-07-18,20.3994,9.0664000000,,,3558790.4791317390,32265417.99999999846960000000,2372527,2396824,5338186,5392854,5338186,3558790.5,3595236,3558790.6666666665,3595236,3558790.6666666665
2016-07-19,20.6100,9.1600000000,,,3558790.5021834060,32598520.99999999896000000000,2372527,2396824,5338186,5392854,5338186,3558790.5,3595236,3558790.6666666665,3595236,3558790.6666666665
2016-07-20,21.2200,9.4311111111,,,3558790.4910349800,33563348.54207702481676627800,2372527,2396824,5338186,5392854,5338186,3558790.5,3595236,3558790.6666666665,3595236,3558790.6666666665
2016-07-21,21.3600,9.4933333333,,,3558790.5154161355,33784784.62623188666281946215,2372527,2396824,5338186,5392854,5338186,3558790.5,3595236,3558790.6666666665,3595236,3558790.6666666665
2016-07-22,21.7800,9.6800000000,,,3558790.4958677690,34449092.00000000392000000000,2372527,2396824,5338186,5392854,5338186,3558790.5,3595236,3558790.6666666665,3595236,3558790.6666666665
2016-07-25,21.5500,9.5777777778,,,3558790.5364488713,34085304.91584494046303219714,2372527,2396824,5338186,5392854,5338186,3558790.5,3595236,3558790.6666666665,3595236,3558790.6666666665
2016-07-26,21.6989,9.6439555556,,,3558790.5433430113,34320817.83168957642306857828,2372527,2396824,5338186,5392854,5338186,3558790.5,3595236,3558790.6666666665,3595236,3558790.6666666665
2016-07-27,22.2507,9.8892000000,,,3558790.4987258827,35193590.99999999919684000000,2372527,2396824,5338186,5392854,5338186,3558790.5,3595236,3558790.6666666665,3595236,3558790.6666666665
2016-07-28,22.1000,9.8222222222,,,3558790.4950011196,34955231.08415413494899997512,2372527,2396824,5338186,5392854,5338186,3558790.5,3595236,3558790.6666666665,3595236,3558790.6666666665
2016-07-29,22.0100,9.7822222222,,,3558790.4561346120,34812879.08415327582097478640,2372527,2396824,5338186,5392854,5338186,3558790.5,3595236,3558790.6666666665,3595236,3558790.6666666665
2016-08-01,22.3500,9.9333333333,,,3558790.5328541375,35350652.62623247281557152875,2372527,2396824,5338186,5392854,5338186,3558790.5,3595236,3558790.6666666665,3595236,3558790.6666666665
2016-08-02,22.1300,9.8355555556,,,3558790.5160844284,35002681.83169079090827041904,2372527,2396824,5338186,5392854,5338186,3558790.5,3595236,3558790.6666666665,3595236,3558790.6666666665
2016-08-03,21.6000,9.6000000000,,,3558790.5208333335,34164389.00000000160000000000,2372527,2396824,5338186,5392854,5338186,3558790.5,3595236,3558790.6666666665,3595236,3558790.6666666665
2016-08-04,21.6000,9.6000000000,,,3558790.5208333335,34164389.00000000160000000000,2372527,2396824,5338186,5392854,5338186,3558790.5,3595236,3558790.6666666665,3595236,3558790.6666666665
2016-08-05,22.0000,9.7777777778,,,3558790.5254760790,34797062.91584519001167724620,2372527,2396824,5338186,5392854,5338186,3558790.5,3595236,3558790.6666666665,3595236,3558790.6666666665
2016-08-08,22.2700,9.8977777778,,,3558790.5393117660,35224117.91584487482087359480,2372527,2396824,5338186,5392854,5338186,3558790.5,3595236,3558790.6666666665,3595236,3558790.6666666665
2016-08-09,21.5000,9.5555555556,,,3558790.5521369670,34006220.83168918646898386520,2372527,2396824,5338186,5392854,5338186,3558790.5,3595236,3558790.6666666665,3595236,3558790.6666666665
2016-08-10,21.5400,9.5733333333,,,3558790.4902175847,34069487.62623105117832608051,2372527,2396824,5338186,5392854,5338186,3558790.5,3595236,3558790.6666666665,3595236,3558790.6666666665
2016-08-11,22.6500,10.0666666667,,,3558790.4675812330,35825157.37376970521558604110,2372527,2396824,5338186,5392854,5338186,3558790.5,3595236,3558790.6666666665,3595236,3558790.6666666665
2016-08-12,22.2100,9.8711111111,,,3558790.5096696415,35129216.54207723020100367065,2372527,2396824,5338186,5392854,5338186,3558790.5,3595236,3558790.6666666665,3595236,3558790.6666666665
2016-08-15,22.0901,9.8178222222,,,3064183.5238037035,30083609.09289910289295991770,2372527,2372527,5338186,5338186,4596275,3558790.5,3558790.5,3558790.6666666665,3558790.6666666665,3064183.333333333
2016-08-16,19.6700,8.7422222222,,,3064183.5007206420,26787773.09289858620665065240,2372527,2372527,5338186,5338186,4596275,3558790.5,3558790.5,3558790.6666666665,3558790.6666666665,3064183.333333333
2016-08-17,19.8700,8.8311111111,,,3064183.5105479500,27060145.04644940529432724500,2372527,2372527,5338186,5338186,4596275,3558790.5,3558790.5,3558790.6666666665,3558790.6666666665,3064183.333333333
2016-08-18,21.0100,9.3377777778,,,3064183.5335946370,28612664.90710068113185765860,2372527,2372527,5338186,5338186,4596275,3558790.5,3558790.5,3558790.6666666665,3558790.6666666665,3064183.333333333
2016-08-19,21.2600,9.4488888889,,,3064183.4499253880,28953128.95355126820722139320,2372527,2372527,5338186,5338186,4596275,3558790.5,3558790.5,3558790.6666666665,3558790.6666666665,3064183.333333333
2016-08-22,21.2600,9.4488888889,,,3064183.4499253880,28953128.95355126820722139320,2372527,2372527,5338186,5338186,4596275,3558790.5,3558790.5,3558790.6666666665,3558790.6666666665,3064183.333333333
2016-08-23,21.3000,9.4666666667,,,3064183.5063961046,29007603.86065192966354653682,2372527,2372527,5338186,5338186,4596275,3558790.5,3558790.5,3558790.6666666665,3558790.6666666665,3064183.333333333
2016-08-24,21.2600,9.4488888889,,,3064183.4499253880,28953128.95355126820722139320,2372527,2372527,5338186,5338186,4596275,3558790.5,3558790.5,3558790.6666666665,3558790.6666666665,3064183.333333333
2016-08-25,21.3999,9.5110666667,,,3064183.5329246880,29143653.86065104199829748960,2372527,2372527,5338186,5338186,4596275,3558790.5,3558790.5,3558790.6666666665,3558790.6666666665,3064183.333333333
2016-08-26,21.3999,9.5110666667,,,3064183.5329246880,29143653.86065104199829748960,2372527,2372527,5338186,5338186,4596275,3558790.5,3558790.5,3558790.6666666665,3558790.6666666665,3064183.333333333
2016-08-29,21.2600,9.4488888889,,,3064183.4499253880,28953128.95355126820722139320,2372527,2372527,5338186,5338186,4596275,3558790.5,3558790.5,3558790.6666666665,3558790.6666666665,3064183.333333333
2016-08-30,21.0500,9.3555555556,,,3064183.4836889133,28667138.81420357480594172948,2372527,2372527,5338186,5338186,4596275,3558790.5,3558790.5,3558790.6666666665,3558790.6666666665,3064183.333333333
2016-08-31,21.9500,9.7555555556,,,3064183.5458608390,29892812.81420081529092714840,2372527,2372527,5338186,5338186,4596275,3558790.5,3558790.5,3558790.6666666665,3558790.6666666665,3064183.333333333
2016-09-01,20.1100,8.9377777778,,,3064183.4679675090,27386990.90710214007262150020,2372527,2372527,5338186,5338186,4596275,3558790.5,3558790.5,3558790.6666666665,3558790.6666666665,3064183.333333333
2016-09-02,20.1200,8.9422222222,,,3064183.5342533160,27400610.09289933721923881520,2372527,2372527,5338186,5338186,4596275,3558790.5,3558790.5,3558790.6666666665,3558790.6666666665,3064183.333333333
2016-09-06,20.1200,8.9422222222,,,3064183.5342533160,27400610.09289933721923881520,2372527,2372527,5338186,5338186,4596275,3558790.5,3558790.5,3558790.6666666665,3558790.6666666665,3064183.333333333
2016-09-07,20.1800,8.9688888889,,,3064183.4561651930,27482320.95355119970062405770,2372527,2372527,5338186,5338186,4596275,3558790.5,3558790.5,3558790.6666666665,3558790.6666666665,3064183.333333333
2016-09-08,20.5000,9.1111111111,,,3064183.4685164248,27918116.04644893502812759528,2372527,2372527,5338186,5338186,4596275,3558790.5,3558790.5,3558790.6666666665,3558790.6666666665,3064183.333333333
2016-09-09,19.4800,8.6577777778,,,3064183.5108226110,26529019.90710118731357383580,2372527,2372527,5338186,5338186,4596275,3558790.5,3558790.5,3558790.6666666665,3558790.6666666665,3064183.333333333
2016-09-12,19.0500,8.4666666667,,,3064183.4480966614,25943419.86065387263493655538,2372527,2372527,5338186,5338186,4596275,3558790.5,3558790.5,3558790.6666666665,3558790.6666666665,3064183.333333333
2016-09-13,18.5499,8.2444000000,,,3064183.4457328610,25262353.99999999922840000000,2372527,2372527,5338186,5338186,4596275,3558790.5,3558790.5,3558790.6666666665,3558790.6666666665,3064183.333333333
2016-09-14,18.5700,8.2533333333,,,3064183.5387057300,25289728.13934915214870980900,2372527,2372527,5338186,5338186,4596275,3558790.5,3558790.5,3558790.6666666665,3558790.6666666665,3064183.333333333
2016-09-15,20.2370,8.9942222222,,,3064183.4737942233,27559947.09289799455484901726,2372527,2372527,5338186,5338186,4596275,3558790.5,3558790.5,3558790.6666666665,3558790.6666666665,3064183.333333333
2016-09-16,21.4100,9.5155555556,,,3064183.5512211530,29157408.81420057959338760680,2372527,2372527,5338186,5338186,4596275,3558790.5,3558790.5,3558790.6666666665,3558790.6666666665,3064183.333333333
2016-09-19,21.3116,9.4718222222,,,3064183.4709347747,29023401.09289792681021033834,2372527,2372527,5338186,5338186,4596275,3558790.5,3558790.5,3558790.6666666665,3558790.6666666665,3064183.333333333
2016-09-20,21.3116,9.4718222222,,,3064183.4709347747,29023401.09289792681021033834,2372527,2372527,5338186,5338186,4596275,3558790.5,3558790.5,3558790.6666666665,3558790.6666666665,3064183.333333333
2016-09-21,22.2000,9.8666666667,,,3064183.4655964000,30233276.86065328611551988000,2372527,2372527,5338186,5338186,4596275,3558790.5,3558790.5,3558790.6666666665,3558790.6666666665,3064183.333333333
2016-09-22,21.0000,9.3333333333,,,3064183.5149411250,28599046.13934836054950196250,2372527,2372527,5338186,5338186,4596275,3558790.5,3558790.5,3558790.6666666665,3558790.6666666665,3064183.333333333
2016-09-23,20.8300,9.2577777778,,,3064183.4993194930,28367529.90710144371776265540,2372527,2372527,5338186,5338186,4596275,3558790.5,3558790.5,3558790.6666666665,3558790.6666666665,3064183.333333333
2016-09-26,20.6800,9.1911111111,,,3064183.5036067497,28163251.04644932409262659167,2372527,2372527,5338186,5338186,4596275,3558790.5,3558790.5,3558790.6666666665,3558790.6666666665,3064183.333333333
2016-09-27,20.6800,9.1911111111,,,3064183.5036067497,28163251.04644932409262659167,2372527,2372527,5338186,5338186,4596275,3558790.5,3558790.5,3558790.6666666665,3558790.6666666665,3064183.333333333
2016-09-28,19.8395,8.8175555556,,,3064183.4512792593,27018607.81420501476776796708,2372527,2372527,5338186,5338186,4596275,3558790.5,3558790.5,3558790.6666666665,3558790.6666666665,3064183.333333333
2016-09-29,20.4210,9.0760000000,,,3064183.4508594093,27810528.99999999880680000000,2372527,2372527,5338186,5338186,4596275,3558790.5,3558790.5,3558790.6666666665,3558790.6666666665,3064183.333333333
2016-09-30,20.4210,9.0760000000,,,3064183.4508594093,27810528.99999999880680000000,2372527,2372527,5338186,5338186,4596275,3558790.5,3558790.5,3558790.6666666665,3558790.6666666665,3064183.333333333
2016-10-03,20.3655,9.0513333333,,,3064183.4874548410,27734946.13934744472175150530,2372527,2372527,5338186,5338186,4596275,3558790.5,3558790.5,3558790.6666666665,3558790.6666666665,3064183.333333333
2016-10-04,20.3655,9.0513333333,,,3064183.4874548410,27734946.13934744472175150530,2372527,2372527,5338186,5338186,4596275,3558790.5,3558790.5,3558790.6666666665,3558790.6666666665,3064183.333333333
2016-10-05,19.4200,8.6311111111,,,3064183.4760343410,26447308.04644902117026628510,2372527,2372527,5338186,5338186,4596275,3558790.5,3558790.5,3558790.6666666665,3558790.6666666665,3064183.333333333
2016-10-06,19.4200,8.6311111111,,,3064183.4760343410,26447308.04644902117026628510,2372527,2372527,5338186,5338186,4596275,3558790.5,3558790.5,3558790.6666666665,3558790.6666666665,3064183.333333333
2016-10-07,19.9250,8.8555555556,,,3064183.4545372417,27135046.81420487076353498852,2372527,2372527,5338186,5338186,4596275,3558790.5,3558790.5,3558790.6666666665,3558790.6666666665,3064183.333333333
2016-10-10,19.9250,8.8555555556,,,3064183.4545372417,27135046.81420487076353498852,2372527,2372527,5338186,5338186,4596275,3558790.5,3558790.5,3558790.6666666665,3558790.6666666665,3064183.333333333
2016-10-11,19.9250,8.8555555556,,,3064183.4545372417,27135046.81420487076353498852,2372527,2372527,5338186,5338186,4596275,3558790.5,3558790.5,3558790.6666666665,3558790.6666666665,3064183.333333333
2016-10-12,18.6600,8.2933333333,,,3064183.4975220960,25412295.13934777671008259680,2372527,2372527,5338186,5338186,4596275,3558790.5,3558790.5,3558790.6666666665,3558790.6666666665,3064183.333333333
2016-10-13,18.8500,8.3777777778,,,3064183.5565422900,25671048.90710016696792316200,2372527,2372527,5338186,5338186,4596275,3558790.5,3558790.5,3558790.6666666665,3558790.6666666665,3064183.333333333
2016-10-14,19.2000,8.5333333333,,,3064183.4929042690,26147699.13934762268356985770,2372527,2372527,5338186,5338186,4596275,3558790.5,3558790.5,3558790.6666666665,3558790.6666666665,3064183.333333333
2016-10-17,18.5600,8.2488888889,,,3064183.4668864940,25276108.95355108143407651660,2372527,2372527,5338186,5338186,4596275,3558790.5,3558790.5,3558790.6666666665,3558790.6666666665,3064183.333333333
2016-10-18,19.1550,8.5133333333,,,3064183.4541247226,26086415.13934633228619584258,2372527,2372527,5338186,5338186,4596275,3558790.5,3558790.5,3558790.6666666665,3558790.6666666665,3064183.333333333
2016-10-19,19.0718,8.4763555556,,,3064183.4977112925,25973108.81420295406723161300,2372527,2372527,5338186,5338186,4596275,3558790.5,3558790.5,3558790.6666666665,3558790.6666666665,3064183.333333333
2016-10-20,18.7000,8.3111111111,,,3064183.4414217130,25466769.04644863489509531430,2372527,2372527,5338186,5338186,4596275,3558790.5,3558790.5,3558790.6666666665,3558790.6666666665,3064183.333333333
2016-10-21,18.5300,8.2355555556,,,3064183.5446112000,25235253.81420086860198272000,2372527,2372527,5338186,5338186,4596275,3558790.5,3558790.5,3558790.6666666665,3558790.6666666665,3064183.333333333
2016-10-24,18.5400,8.2400000000,,,3064183.4951456310,25248871.99999999944000000000,2372527,2372527,5338186,5338186,4596275,3558790.5,3558790.5,3558790.6666666665,3558790.6666666665,3064183.333333333
2016-10-25,18.6298,8.2799111111,,,3064183.5046316986,25371167.04644933955140631446,2372527,2372527,5338186,5338186,4596275,3558790.5,3558790.5,3558790.6666666665,3558790.6666666665,3064183.333333333
2016-10-26,18.1100,8.0488888889,,,3064183.5530320914,24663272.95355012437458924546,2372527,2372527,5338186,5338186,4596275,3558790.5,3558790.5,3558790.6666666665,3558790.6666666665,3064183.333333333
2016-10-27,18.0000,8.0000000000,,,3064183.5000000000,24513468.00000000000000000000,2372527,2372527,5338186,5338186,4596275,3558790.5,3558790.5,3558790.6666666665,3558790.6666666665,3064183.333333333
2016-10-28,17.6200,7.8311111111,,,3064183.4480468900,23995961.04644870987279947900,2372527,2372527,5338186,5338186,4596275,3558790.5,3558790.5,3558790.6666666665,3558790.6666666665,3064183.333333333
2016-10-31,17.2500,7.6666666667,,,3064183.5470280563,23492073.86065057108490093521,2372527,2372527,5338186,5338186,4596275,3558790.5,3558790.5,3558790.6666666665,3558790.6666666665,3064183.333333333
2016-11-01,17.2400,7.6622222222,,,3064183.5243141656,23478455.09289911367457079632,2372527,2372527,5338186,5338186,4596275,3558790.5,3558790.5,3558790.6666666665,3558790.6666666665,3064183.333333333
2016-11-02,17.2400,7.6622222222,,,3064183.5243141656,23478455.09289911367457079632,2372527,2372527,5338186,5338186,4596275,3558790.5,3558790.5,3558790.6666666665,3558790.6666666665,3064183.333333333
2016-11-03,17.9500,7.9777777778,,,3064183.4841685677,24445374.90710177750631485706,2372527,2372527,5338186,5338186,4596275,3558790.5,3558790.5,3558790.6666666665,3558790.6666666665,3064183.333333333
2016-11-04,17.8263,7.9228000000,,,3064183.4957338315,24276913.00000000020820000000,2372527,2372527,5338186,5338186,4596275,3558790.5,3558790.5,3558790.6666666665,3558790.6666666665,3064183.333333333
2016-11-07,18.0000,8.0000000000,,,3064183.5000000000,24513468.00000000000000000000,2372527,2372527,5338186,5338186,4596275,3558790.5,3558790.5,3558790.6666666665,3558790.6666666665,3064183.333333333
2016-11-08,18.3950,8.1755555556,,,3064183.5461617500,25051402.81420080426871830000,2372527,2372527,5338186,5338186,4596275,3558790.5,3558790.5,3558790.6666666665,3558790.6666666665,3064183.333333333
2016-11-09,18.0000,8.0000000000,,,3064183.5000000000,24513468.00000000000000000000,2372527,2372527,5338186,5338186,4596275,3558790.5,3558790.5,3558790.6666666665,3558790.6666666665,3064183.333333333
2016-11-10,17.8950,7.9533333333,,,3064183.5464524160,24370473.13934940913511825280,2372527,2372527,5338186,5338186,4596275,3558790.5,3558790.5,3558790.6666666665,3558790.6666666665,3064183.333333333
2016-11-11,17.8500,7.9333333333,,,3064183.5049727100,24309189.13934802654983424300,2372527,2372527,5338186,5338186,4596275,3558790.5,3558790.5,3558790.6666666665,3558790.6666666665,3064183.333333333
2016-11-14,17.8500,7.9333333333,,,3064183.5049727100,24309189.13934802654983424300,2042789,2047976,4596275,4607946,4596275,3064183.5,3071964,3064183.333333333,3071964,3064183.333333333
2016-11-15,17.8500,7.9333333333,,,3064183.5049727100,24309189.13934802654983424300,2042789,2047976,4596275,4607946,4596275,3064183.5,3071964,3064183.333333333,3071964,3064183.333333333
2016-11-16,17.4500,7.7555555556,,,3064183.5576873480,23764445.81420028486923054880,2042789,2047976,4596275,4607946,4596275,3064183.5,3071964,3064183.333333333,3071964,3064183.333333333
2016-11-17,18.4500,8.2000000000,,,3064183.5365853660,25126305.00000000120000000000,2042789,2047976,4596275,4607946,4596275,3064183.5,3071964,3064183.333333333,3071964,3064183.333333333
2016-11-18,18.4500,8.2000000000,,,3064183.5365853660,25126305.00000000120000000000,2042789,2047976,4596275,4607946,4596275,3064183.5,3071964,3064183.333333333,3071964,3064183.333333333
2016-11-21,19.3170,8.5853333333,,,3064183.5462942473,26307037.13934940503472352509,2042789,2047976,4596275,4607946,4596275,3064183.5,3071964,3064183.333333333,3071964,3064183.333333333
2016-11-22,18.5500,8.2444444444,,,3064183.4457328610,25262490.18579473475796742840,2042789,2047976,4596275,4607946,4596275,3064183.5,3071964,3064183.333333333,3071964,3064183.333333333
2016-11-23,18.5500,8.2444444444,,,3064183.4457328610,25262490.18579473475796742840,2042789,2047976,4596275,4607946,4596275,3064183.5,3071964,3064183.333333333,3071964,3064183.333333333
2016-11-25,19.5982,8.7103111111,,,3064183.5528052994,26689992.04644987293878216334,2042789,2047976,4596275,4607946,4596275,3064183.5,3071964,3064183.333333333,3071964,3064183.333333333
2016-11-28,19.1123,8.4943555556,,,3064183.4620455830,26028263.81420453969649091480,2042789,2047976,4596275,4607946,4596275,3064183.5,3071964,3064183.333333333,3071964,3064183.333333333
2016-11-29,19.1500,8.5111111111,,,3064183.4780463157,26079606.04644904047468837427,2042789,2047976,4596275,4607946,4596275,3064183.5,3071964,3064183.333333333,3071964,3064183.333333333
2016-11-30,19.6000,8.7111111111,,,3064183.5129891746,26692443.04644943003207789806,2042789,2047976,4596275,4607946,4596275,3064183.5,3071964,3064183.333333333,3071964,3064183.333333333
2016-12-01,18.7000,8.3111111111,,,3064183.4414217130,25466769.04644863489509531430,2042789,2047976,4596275,4607946,4596275,3064183.5,3071964,3064183.333333333,3071964,3064183.333333333
2016-12-02,18.0000,8.0000000000,,,3064183.5000000000,24513468.00000000000000000000,2042789,2047976,4596275,4607946,4596275,3064183.5,3071964,3064183.333333333,3071964,3064183.333333333
2016-12-05,18.0000,8.0000000000,,,3064183.5000000000,24513468.00000000000000000000,2042789,2047976,4596275,4607946,4596275,3064183.5,3071964,3064183.333333333,3071964,3064183.333333333
2016-12-06,17.8500,7.9333333333,,,3064183.5049727100,24309189.13934802654983424300,2042789,2047976,4596275,4607946,4596275,3064183.5,3071964,3064183.333333333,3071964,3064183.333333333
2016-12-07,19.5500,8.6888888889,,,3064183.4984865747,26624349.95355072887664985083,2042789,2047976,4596275,4607946,4596275,3064183.5,3071964,3064183.333333333,3071964,3064183.333333333
2016-12-08,20.3402,9.0400888889,,,3064183.4714217760,27700490.95355102790310468640,2042789,2047976,4596275,4607946,4596275,3064183.5,3071964,3064183.333333333,3071964,3064183.333333333
2016-12-09,20.5500,9.1333333333,,,3064183.4824214685,27986209.13934727285058595105,2042789,2047976,4596275,4607946,4596275,3064183.5,3071964,3064183.333333333,3071964,3064183.333333333
2016-12-12,22.5000,10.0000000000,,,3064183.5000000000,30641835.00000000000000000000,2042789,2047976,4596275,4607946,4596275,3064183.5,3071964,3064183.333333333,3071964,3064183.333333333
2016-12-13,21.9000,9.7333333333,,,3064183.4732310725,29824719.13934696621755896425,2042789,2047976,4596275,4607946,4596275,3064183.5,3071964,3064183.333333333,3071964,3064183.333333333
2016-12-14,22.0000,9.7777777778,,,3064183.4564012360,29960904.90710240052125336080,2042789,2047976,4596275,4607946,4596275,3064183.5,3071964,3064183.333333333,3071964,3064183.333333333
2016-12-15,21.8500,9.7111111111,,,3064183.4601641420,29756626.04644884360599817620,2042789,2047976,4596275,4607946,4596275,3064183.5,3071964,3064183.333333333,3071964,3064183.333333333
2016-12-16,23.1500,10.2888888889,,,3064183.5375987715,31527043.95355029547263998635,2042789,2047976,4596275,4607946,4596275,3064183.5,3071964,3064183.333333333,3071964,3064183.333333333
2016-12-19,22.5000,10.0000000000,,,3064183.5000000000,30641835.00000000000000000000,2042789,2047976,4596275,4607946,4596275,3064183.5,3071964,3064183.333333333,3071964,3064183.333333333
2016-12-20,22.5000,10.0000000000,,,3064183.5000000000,30641835.00000000000000000000,2042789,2047976,4596275,4607946,4596275,3064183.5,3071964,3064183.333333333,3071964,3064183.333333333
2016-12-21,22.0500,9.8000000000,,,3064183.4693877550,30028997.99999999900000000000,2042789,2047976,4596275,4607946,4596275,3064183.5,3071964,3064183.333333333,3071964,3064183.333333333
2016-12-22,22.4250,9.9666666667,,,3064183.5311587590,30539695.86065110415103862530,2042789,2047976,4596275,4607946,4596275,3064183.5,3071964,3064183.333333333,3071964,3064183.333333333
2016-12-23,22.7250,10.1000000000,,,3064183.4653465347,30948253.00000000047000000000,2042789,2047976,4596275,4607946,4596275,3064183.5,3071964,3064183.333333333,3071964,3064183.333333333
2016-12-27,23.0000,10.2222222222,,,3064183.5417033513,31322765.09289949809907325886,2042789,2047976,4596275,4607946,4596275,3064183.5,3071964,3064183.333333333,3071964,3064183.333333333
2016-12-28,23.1500,10.2888888889,,,3064183.5375987715,31527043.95355029547263998635,2042789,2047976,4596275,4607946,4596275,3064183.5,3071964,3064183.333333333,3071964,3064183.333333333
2016-12-29,23.5450,10.4644444444,,,3064183.5174496390,32064978.18579792529033557160,2042789,2047976,4596275,4607946,4596275,3064183.5,3071964,3064183.333333333,3071964,3064183.333333333
2016-12-30,23.0000,10.2222222222,,,3064183.5417033513,31322765.09289949809907325886,2042789,2047976,4596275,4607946,4596275,3064183.5,3071964,3064183.333333333,3071964,3064183.333333333
2017-01-03,22.5400,10.0177777778,,,3064183.4534528540,30696308.90710246148118784120,2042789,2047976,4596275,4607946,4596275,3064183.5,3071964,3064183.333333333,3071964,3064183.333333333
2017-01-04,22.5500,10.0222222222,,,3064183.5126020240,30709928.09289885867749773280,2042789,2047976,4596275,4607946,4596275,3064183.5,3071964,3064183.333333333,3071964,3064183.333333333
2017-01-05,22.5500,10.0222222222,,,3064183.5126020240,30709928.09289885867749773280,2042789,2047976,4596275,4607946,4596275,3064183.5,3071964,3064183.333333333,3071964,3064183.333333333
2017-01-06,21.5750,9.5888888889,,,3064183.4829855350,29382114.95355089876092206150,2042789,2047976,4596275,4607946,4596275,3064183.5,3071964,3064183.333333333,3071964,3064183.333333333
2017-01-09,22.0405,9.7957777778,,,3064183.5276342924,30016060.90710081369714742872,2042789,2047976,4596275,4607946,4596275,3064183.5,3071964,3064183.333333333,3071964,3064183.333333333
2017-01-10,21.6500,9.6222222222,,,3064183.4507700945,29484254.09289748300109399790,2042789,2047976,4596275,4607946,4596275,3064183.5,3071964,3064183.333333333,3071964,3064183.333333333
2017-01-11,21.6500,9.6222222222,,,3064183.4507700945,29484254.09289748300109399790,2042789,2047976,4596275,4607946,4596275,3064183.5,3071964,3064183.333333333,3071964,3064183.333333333
2017-01-12,22.1000,9.8222222222,,,3064183.4823155706,30097091.09289817826039298732,2042789,2047976,4596275,4607946,4596275,3064183.5,3071964,3064183.333333333,3071964,3064183.333333333
2017-01-13,22.2500,9.8888888889,,,3064183.4784455300,30301369.95355095426087161700,2042789,2047976,4596275,4607946,4596275,3064183.5,3071964,3064183.333333333,3071964,3064183.333333333
2017-01-17,22.0000,9.7777777778,,,3064183.4564012360,29960904.90710240052125336080,2042789,2047976,4596275,4607946,4596275,3064183.5,3071964,3064183.333333333,3071964,3064183.333333333
2017-01-18,22.1189,9.8306222222,,,3064183.4679470225,30122830.09289786080082339950,2042789,2047976,4596275,4607946,4596275,3064183.5,3071964,3064183.333333333,3071964,3064183.333333333
2017-01-19,22.0030,9.7791111111,,,3064183.5138202900,29964991.04644943834762421900,2042789,2047976,4596275,4607946,4596275,3064183.5,3071964,3064183.333333333,3071964,3064183.333333333
2017-01-20,20.6125,9.1611111111,,,3064183.4495857490,28071325.04644873185611571390,2042789,2047976,4596275,4607946,4596275,3064183.5,3071964,3064183.333333333,3071964,3064183.333333333
2017-01-23,21.8120,9.6942222222,,,3064183.5324214480,29704876.09289929537750174560,2042789,2047976,4596275,4607946,4596275,3064183.5,3071964,3064183.333333333,3071964,3064183.333333333
2017-01-24,21.5860,9.5937777778,,,3064183.5351998170,29397095.90710064841722666260,2042789,2047976,4596275,4607946,4596275,3064183.5,3071964,3064183.333333333,3071964,3064183.333333333
2017-01-25,21.5860,9.5937777778,,,3064183.5351998170,29397095.90710064841722666260,2042789,2047976,4596275,4607946,4596275,3064183.5,3071964,3064183.333333333,3071964,3064183.333333333
2017-01-26,21.5860,9.5937777778,,,3064183.5351998170,29397095.90710064841722666260,2042789,2047976,4596275,4607946,4596275,3064183.5,3071964,3064183.333333333,3071964,3064183.333333333
2017-01-27,22.1950,9.8644444444,,,3064183.5286484733,30226468.18579842068472673452,2042789,2047976,4596275,4607946,4596275,3064183.5,3071964,3064183.333333333,3071964,3064183.333333333
2017-01-30,22.2000,9.8666666667,,,3064183.4655964000,30233276.86065328611551988000,2042789,2047976,4596275,4607946,4596275,3064183.5,3071964,3064183.333333333,3071964,3064183.333333333
2017-01-31,22.4900,9.9955555556,,,3064183.5407579336,30628216.81420104223025590816,2042789,2047976,4596275,4607946,4596275,3064183.5,3071964,3064183.333333333,3071964,3064183.333333333
2017-02-01,22.3192,9.9196444444,,,3064183.5356264360,30395611.18579872534117215840,2042789,2047976,4596275,4607946,4596275,3064183.5,3071964,3064183.333333333,3071964,3064183.333333333
2017-02-02,22.2000,9.8666666667,,,3064183.4655964000,30233276.86065328611551988000,2042789,2047976,4596275,4607946,4596275,3064183.5,3071964,3064183.333333333,3071964,3064183.333333333
2017-02-03,22.1950,9.8644444444,,,3064183.5286484733,30226468.18579842068472673452,2042789,2047976,4596275,4607946,4596275,3064183.5,3071964,3064183.333333333,3071964,3064183.333333333
2017-02-06,22.1950,9.8644444444,,,3064183.5286484733,30226468.18579842068472673452,2042789,2047976,4596275,4607946,4596275,3064183.5,3071964,3064183.333333333,3071964,3064183.333333333
2017-02-07,22.1950,9.8644444444,,,3064183.5286484733,30226468.18579842068472673452,2042789,2047976,4596275,4607946,4596275,3064183.5,3071964,3064183.333333333,3071964,3064183.333333333
2017-02-08,22.4000,9.9555555556,,,3064183.4746273453,30505648.81420397914109454868,2042789,2047976,4596275,4607946,4596275,3064183.5,3071964,3064183.333333333,3071964,3064183.333333333
2017-02-09,22.4000,9.9555555556,,,3064183.4746273453,30505648.81420397914109454868,2042789,2047976,4596275,4607946,4596275,3064183.5,3071964,3064183.333333333,3071964,3064183.333333333
2017-02-10,22.2499,9.8888444444,,,3064183.5207507485,30301234.18579807142136663340,2042789,2047976,4596275,4607946,4596275,3064183.5,3071964,3064183.333333333,3071964,3064183.333333333
2017-02-13,22.1000,9.8222222222,,,3064183.4823155706,30097091.09289817826039298732,2042789,2047637,4596275,4607183,4596275,3064183.5,3071455.5,3064183.333333333,3071455.333333333,3064183.333333333
2017-02-14,21.4000,9.5111111111,,,3064183.5329246880,29143790.04644965271630083680,2042789,2047637,4596275,4607183,4596275,3064183.5,3071455.5,3064183.333333333,3071455.333333333,3064183.333333333
2017-02-15,21.8500,9.7111111111,,,3064183.4601641420,29756626.04644884360599817620,2042789,2047637,4596275,4607183,4596275,3064183.5,3071455.5,3064183.333333333,3071455.333333333,3064183.333333333
2017-02-16,21.3437,9.4860888889,,,3064183.4895267813,29067116.95355082960891029757,2042789,2047637,4596275,4607183,4596275,3064183.5,3071455.5,3064183.333333333,3071455.333333333,3064183.333333333
2017-02-17,22.0000,9.7777777778,,,3064183.4564012360,29960904.90710240052125336080,2042789,2047637,4596275,4607183,4596275,3064183.5,3071455.5,3064183.333333333,3071455.333333333,3064183.333333333
2017-02-21,22.0000,9.7777777778,,,3064183.4564012360,29960904.90710240052125336080,2042789,2047637,4596275,4607183,4596275,3064183.5,3071455.5,3064183.333333333,3071455.333333333,3064183.333333333
2017-02-22,21.6000,9.6000000000,,,3064183.5416666670,29416162.00000000320000000000,2042789,2047637,4596275,4607183,4596275,3064183.5,3071455.5,3064183.333333333,3071455.333333333,3064183.333333333
2017-02-23,21.8500,9.7111111111,,,3064183.4601641420,29756626.04644884360599817620,2042789,2047637,4596275,4607183,4596275,3064183.5,3071455.5,3064183.333333333,3071455.333333333,3064183.333333333
2017-02-24,22.0000,9.7777777778,,,3064183.4564012360,29960904.90710240052125336080,2042789,2047637,4596275,4607183,4596275,3064183.5,3071455.5,3064183.333333333,3071455.333333333,3064183.333333333
2017-02-27,21.7500,9.6666666667,,,3064183.5372981470,29620440.86065089378457660490,2042789,2047637,4596275,4607183,4596275,3064183.5,3071455.5,3064183.333333333,3071455.333333333,3064183.333333333
2017-02-28,21.2500,9.4444444444,,,3064183.5373342936,28939511.18579880917611847584,2042789,2047637,4596275,4607183,4596275,3064183.5,3071455.5,3064183.333333333,3071455.333333333,3064183.333333333
2017-03-01,21.5000,9.5555555556,,,3064183.5154255100,29279975.81420217037846335600,2042789,2047637,4596275,4607183,4596275,3064183.5,3071455.5,3064183.333333333,3071455.333333333,3064183.333333333
2017-03-02,21.1000,9.3777777778,,,3064183.4971955040,28735231.90710148603327101120,2042789,2047637,4596275,4607183,4596275,3064183.5,3071455.5,3064183.333333333,3071455.333333333,3064183.333333333
2017-03-03,20.7050,9.2022222222,,,3064183.4561300560,28197297.09289760013653044320,2042789,2047637,4596275,4607183,4596275,3064183.5,3071455.5,3064183.333333333,3071455.333333333,3064183.333333333
2017-03-06,20.8500,9.2666666667,,,3064183.4741601650,28394766.86065300178247200550,2042789,2047637,4596275,4607183,4596275,3064183.5,3071455.5,3064183.333333333,3071455.333333333,3064183.333333333
2017-03-07,21.0500,9.3555555556,,,3064183.4836889133,28667138.81420357480594172948,2042789,2047637,4596275,4607183,4596275,3064183.5,3071455.5,3064183.333333333,3071455.333333333,3064183.333333333
2017-03-08,20.7500,9.2222222222,,,3064183.4920084140,28258581.09289839170017759080,2042789,2047637,4596275,4607183,4596275,3064183.5,3071455.5,3064183.333333333,3071455.333333333,3064183.333333333
2017-03-09,21.0000,9.3333333333,,,3064183.5149411250,28599046.13934836054950196250,2042789,2047637,4596275,4607183,4596275,3064183.5,3071455.5,3064183.333333333,3071455.333333333,3064183.333333333
2017-03-10,20.9750,9.3222222222,,,3064183.4545493550,28564999.09289756086767668100,2042789,2047637,4596275,4607183,4596275,3064183.5,3071455.5,3064183.333333333,3071455.333333333,3064183.333333333
2017-03-13,20.7500,9.2222222222,,,3064183.4920084140,28258581.09289839170017759080,2042789,2047637,4596275,4607183,4596275,3064183.5,3071455.5,3064183.333333333,3071455.333333333,3064183.333333333
2017-03-14,20.9500,9.3111111111,,,3064183.5014122930,28530953.04644930389442875230,2042789,2047637,4596275,4607183,4596275,3064183.5,3071455.5,3064183.333333333,3071455.333333333,3064183.333333333
2017-03-15,20.7500,9.2222222222,,,3064183.4920084140,28258581.09289839170017759080,2042789,2047637,4596275,4607183,4596275,3064183.5,3071455.5,3064183.333333333,3071455.333333333,3064183.333333333
2017-03-16,21.2000,9.4222222222,,,3064183.5240177450,28871418.09289910436613293900,2042789,2047637,4596275,4607183,4596275,3064183.5,3071455.5,3064183.333333333,3071455.333333333,3064183.333333333
2017-03-17,20.7500,9.2222222222,,,3064183.4920084140,28258581.09289839170017759080,2042789,2047637,4596275,4607183,4596275,3064183.5,3071455.5,3064183.333333333,3071455.333333333,3064183.333333333
2017-03-20,21.1500,9.4000000000,,,3064183.5106382975,28803324.99999999650000000000,2042789,2047637,4596275,4607183,4596275,3064183.5,3071455.5,3064183.333333333,3071455.333333333,3064183.333333333
2017-03-21,21.1500,9.4000000000,,,3064183.5106382975,28803324.99999999650000000000,2042789,2047637,4596275,4607183,4596275,3064183.5,3071455.5,3064183.333333333,3071455.333333333,3064183.333333333
2017-03-22,21.1500,9.4000000000,,,3064183.5106382975,28803324.99999999650000000000,2042789,2047637,4596275,4607183,4596275,3064183.5,3071455.5,3064183.333333333,3071455.333333333,3064183.333333333
2017-03-23,20.6000,9.1555555556,,,3064183.4505657740,28054301.81420505010891403440,2042789,2047637,4596275,4607183,4596275,3064183.5,3071455.5,3064183.333333333,3071455.333333333,3064183.333333333
2017-03-24,20.6000,9.1555555556,,,3064183.4505657740,28054301.81420505010891403440,2042789,2047637,4596275,4607183,4596275,3064183.5,3071455.5,3064183.333333333,3071455.333333333,3064183.333333333
2017-03-27,20.3000,9.0222222222,,,3064183.4585799472,27645744.09289765288314266784,2042789,2047637,4596275,4607183,4596275,3064183.5,3071455.5,3064183.333333333,3071455.333333333,3064183.333333333
2017-03-28,20.1703,8.9645777778,,,3064183.4549226956,27469110.90710242499263383768,2042789,2047637,4596275,4607183,4596275,3064183.5,3071455.5,3064183.333333333,3071455.333333333,3064183.333333333
2017-03-29,20.1703,8.9645777778,,,3064183.4549226956,27469110.90710242499263383768,2042789,2047637,4596275,4607183,4596275,3064183.5,3071455.5,3064183.333333333,3071455.333333333,3064183.333333333
2017-03-30,20.1703,8.9645777778,,,3064183.4549226956,27469110.90710242499263383768,2042789,2047637,4596275,4607183,4596275,3064183.5,3071455.5,3064183.333333333,3071455.333333333,3064183.333333333
2017-03-31,20.1703,8.9645777778,,,3064183.4549226956,27469110.90710242499263383768,2042789,2047637,4596275,4607183,4596275,3064183.5,3071455.5,3064183.333333333,3071455.333333333,3064183.333333333
2017-04-03,19.6000,8.7111111111,,,3064183.5129891746,26692443.04644943003207789806,2042789,2047637,4596275,4607183,4596275,3064183.5,3071455.5,3064183.333333333,3071455.333333333,3064183.333333333
2017-04-04,19.3000,8.5777777778,,,3064183.4736179440,26283884.90710201261052484320,2042789,2047637,4596275,4607183,4596275,3064183.5,3071455.5,3064183.333333333,3071455.333333333,3064183.333333333
2017-04-05,19.4950,8.6644444444,,,3064183.5556991827,26549448.18579962150263559188,2042789,2047637,4596275,4607183,4596275,3064183.5,3071455.5,3064183.333333333,3071455.333333333,3064183.333333333
2017-04-06,19.6500,8.7333333333,,,3064183.5274180435,26760536.13934877378241939855,2042789,2047637,4596275,4607183,4596275,3064183.5,3071455.5,3064183.333333333,3071455.333333333,3064183.333333333
2017-04-07,19.6500,8.7333333333,,,3064183.5274180435,26760536.13934877378241939855,2042789,2047637,4596275,4607183,4596275,3064183.5,3071455.5,3064183.333333333,3071455.333333333,3064183.333333333
2017-04-10,19.6500,8.7333333333,,,3064183.5274180435,26760536.13934877378241939855,2042789,2047637,4596275,4607183,4596275,3064183.5,3071455.5,3064183.333333333,3071455.333333333,3064183.333333333
2017-04-11,19.6500,8.7333333333,,,3064183.5274180435,26760536.13934877378241939855,2042789,2047637,4596275,4607183,4596275,3064183.5,3071455.5,3064183.333333333,3071455.333333333,3064183.333333333
2017-04-12,19.3500,8.6000000000,,,3064183.4883720930,26351977.99999999980000000000,2042789,2047637,4596275,4607183,4596275,3064183.5,3071455.5,3064183.333333333,3071455.333333333,3064183.333333333
2017-04-13,19.6000,8.7111111111,,,3064183.5129891746,26692443.04644943003207789806,2042789,2047637,4596275,4607183,4596275,3064183.5,3071455.5,3064183.333333333,3071455.333333333,3064183.333333333
2017-04-17,18.7500,8.3333333333,,,3064183.4567338270,25534862.13934641888477553910,2042789,2047637,4596275,4607183,4596275,3064183.5,3071455.5,3064183.333333333,3071455.333333333,3064183.333333333
2017-04-18,18.7500,8.3333333333,,,3064183.4567338270,25534862.13934641888477553910,2042789,2047637,4596275,4607183,4596275,3064183.5,3071455.5,3064183.333333333,3071455.333333333,3064183.333333333
2017-04-19,20.5000,9.1111111111,,,3064183.4685164248,27918116.04644893502812759528,2042789,2047637,4596275,4607183,4596275,3064183.5,3071455.5,3064183.333333333,3071455.333333333,3064183.333333333
2017-04-20,20.6500,9.1777777778,,,3064183.4644468175,28122394.90710221802143215150,2042789,2047637,4596275,4607183,4596275,3064183.5,3071455.5,3064183.333333333,3071455.333333333,3064183.333333333
2017-04-21,20.6500,9.1777777778,,,3064183.4644468175,28122394.90710221802143215150,2042789,2047637,4596275,4607183,4596275,3064183.5,3071455.5,3064183.333333333,3071455.333333333,3064183.333333333
2017-04-24,19.6500,8.7333333333,,,3064183.5274180435,26760536.13934877378241939855,2042789,2047637,4596275,4607183,4596275,3064183.5,3071455.5,3064183.333333333,3071455.333333333,3064183.333333333
2017-04-25,19.6500,8.7333333333,,,3064183.5274180435,26760536.13934877378241939855,2042789,2047637,4596275,4607183,4596275,3064183.5,3071455.5,3064183.333333333,3071455.333333333,3064183.333333333
2017-04-26,19.3000,8.5777777778,,,3064183.4736179440,26283884.90710201261052484320,2042789,2047637,4596275,4607183,4596275,3064183.5,3071455.5,3064183.333333333,3071455.333333333,3064183.333333333
2017-04-27,18.8550,8.3800000000,,,3064183.5322195700,25677857.99999999660000000000,2042789,2047637,4596275,4607183,4596275,3064183.5,3071455.5,3064183.333333333,3071455.333333333,3064183.333333333
2017-04-28,18.8550,8.3800000000,,,3064183.5322195700,25677857.99999999660000000000,2042789,2047637,4596275,4607183,4596275,3064183.5,3071455.5,3064183.333333333,3071455.333333333,3064183.333333333
2017-05-01,19.0185,8.4526666667,,,3064183.5153264636,25900521.86065162744011088212,2042789,2047637,4596275,4607183,4596275,3064183.5,3071455.5,3064183.333333333,3071455.333333333,3064183.333333333
2017-05-02,19.0185,8.4526666667,,,3064183.5153264636,25900521.86065162744011088212,2042789,2047637,4596275,4607183,4596275,3064183.5,3071455.5,3064183.333333333,3071455.333333333,3064183.333333333
2017-05-03,19.0185,8.4526666667,,,3064183.5153264636,25900521.86065162744011088212,2042789,2047637,4596275,4607183,4596275,3064183.5,3071455.5,3064183.333333333,3071455.333333333,3064183.333333333
2017-05-04,19.5000,8.6666666667,,,3064183.4839096772,26556256.86065267518279698924,2042789,2047637,4596275,4607183,4596275,3064183.5,3071455.5,3064183.333333333,3071455.333333333,3064183.333333333
2017-05-05,19.5000,8.6666666667,,,3064183.4839096772,26556256.86065267518279698924,2042789,2047637,4596275,4607183,4596275,3064183.5,3071455.5,3064183.333333333,3071455.333333333,3064183.333333333
2017-05-08,19.1500,8.5111111111,,,3064183.4780463157,26079606.04644904047468837427,2042789,2047637,4596275,4607183,4596275,3064183.5,3071455.5,3064183.333333333,3071455.333333333,3064183.333333333
2017-05-09,19.0497,8.4665333333,,,3064183.5469202150,25943012.13934942485310265950,2042789,2047637,4596275,4607183,4596275,3064183.5,3071455.5,3064183.333333333,3071455.333333333,3064183.333333333
2017-05-10,19.0497,8.4665333333,,,3064183.5469202150,25943012.13934942485310265950,2042789,2047637,4596275,4607183,4596275,3064183.5,3071455.5,3064183.333333333,3071455.333333333,3064183.333333333
2017-05-11,19.0497,8.4665333333,,,3064183.5469202150,25943012.13934942485310265950,2042789,2047637,4596275,4607183,4596275,3064183.5,3071455.5,3064183.333333333,3071455.333333333,3064183.333333333
2017-05-12,19.3500,8.6000000000,,,3064183.4883720930,26351977.99999999980000000000,2042789,2047637,4596275,4607183,4596275,3064183.5,3071455.5,3064183.333333333,3071455.333333333,3064183.333333333
2017-05-15,19.3500,8.6000000000,,,3064183.4883720930,26351977.99999999980000000000,2042789,2047637,4596275,4607183,4596275,3064183.5,3071455.5,3064183.333333333,3071455.333333333,3064183.333333333
2017-05-16,19.3000,8.5777777778,,,3064183.4736179440,26283884.90710201261052484320,2042789,2047637,4596275,4607183,4596275,3064183.5,3071455.5,3064183.333333333,3071455.333333333,3064183.333333333
2017-05-17,19.3000,8.5777777778,,,3064183.4736179440,26283884.90710201261052484320,2042789,2047637,4596275,4607183,4596275,3064183.5,3071455.5,3064183.333333333,3071455.333333333,3064183.333333333
2017-05-18,19.5000,8.6666666667,,,3064183.4839096772,26556256.86065267518279698924,2042789,2047637,4596275,4607183,4596275,3064183.5,3071455.5,3064183.333333333,3071455.333333333,3064183.333333333
2017-05-19,19.5000,8.6666666667,,,3064183.4839096772,26556256.86065267518279698924,2042789,2047637,4596275,4607183,4596275,3064183.5,3071455.5,3064183.333333333,3071455.333333333,3064183.333333333
2017-05-22,19.5000,8.6666666667,,,3064183.4839096772,26556256.86065267518279698924,2042789,2047637,4596275,4607183,4596275,3064183.5,3071455.5,3064183.333333333,3071455.333333333,3064183.333333333
2017-05-23,19.5000,8.6666666667,,,3064183.4839096772,26556256.86065267518279698924,2042789,2047637,4596275,4607183,4596275,3064183.5,3071455.5,3064183.333333333,3071455.333333333,3064183.333333333
2017-05-24,18.5378,8.2390222222,,,3064183.5174171620,25245876.09289895846565739640,2042789,2047637,4596275,4607183,4596275,3064183.5,3071455.5,3064183.333333333,3071455.333333333,3064183.333333333
2017-05-25,18.5378,8.2390222222,,,3064183.5174171620,25245876.09289895846565739640,2042789,2047637,4596275,4607183,4596275,3064183.5,3071455.5,3064183.333333333,3071455.333333333,3064183.333333333
2017-05-26,18.9500,8.4222222222,,,3064183.4675025526,25807234.09289785004294438772,2042789,2047637,4596275,4607183,4596275,3064183.5,3071455.5,3064183.333333333,3071455.333333333,3064183.333333333
2017-05-30,18.9500,8.4222222222,,,3064183.4675025526,25807234.09289785004294438772,2042789,2047637,4596275,4607183,4596275,3064183.5,3071455.5,3064183.333333333,3071455.333333333,3064183.333333333
2017-05-31,19.0000,8.4444444444,,,3064183.4825446450,25875327.18579637184522023800,2042789,2047637,4596275,4607183,4596275,3064183.5,3071455.5,3064183.333333333,3071455.333333333,3064183.333333333
2017-06-01,19.0000,8.4444444444,,,3064183.4825446450,25875327.18579637184522023800,2042789,2047637,4596275,4607183,4596275,3064183.5,3071455.5,3064183.333333333,3071455.333333333,3064183.333333333
2017-06-02,19.4000,8.6222222222,,,3064183.5030502660,26420071.09289864498882110520,2042789,2047637,4596275,4607183,4596275,3064183.5,3071455.5,3064183.333333333,3071455.333333333,3064183.333333333
2017-06-05,19.3900,8.6177777778,,,3064183.5503260690,26406452.90710030537222946820,2042789,2047637,4596275,4607183,4596275,3064183.5,3071455.5,3064183.333333333,3071455.333333333,3064183.333333333
2017-06-06,19.3900,8.6177777778,,,3064183.5503260690,26406452.90710030537222946820,2042789,2047637,4596275,4607183,4596275,3064183.5,3071455.5,3064183.333333333,3071455.333333333,3064183.333333333
2017-06-07,19.3900,8.6177777778,,,3064183.5503260690,26406452.90710030537222946820,2042789,2047637,4596275,4607183,4596275,3064183.5,3071455.5,3064183.333333333,3071455.333333333,3064183.333333333
2017-06-08,19.3900,8.6177777778,,,3064183.5503260690,26406452.90710030537222946820,2042789,2047637,4596275,4607183,4596275,3064183.5,3071455.5,3064183.333333333,3071455.333333333,3064183.333333333
2017-06-09,19.3900,8.6177777778,,,3064183.5503260690,26406452.90710030537222946820,2042789,2047637,4596275,4607183,4596275,3064183.5,3071455.5,3064183.333333333,3071455.333333333,3064183.333333333
2017-06-12,19.2891,8.5729333333,,,3064183.5318270363,26269041.13934892094641909879,2042789,2047637,4596275,4607183,4596275,3064183.5,3071455.5,3064183.333333333,3071455.333333333,3064183.333333333
2017-06-13,19.2891,8.5729333333,,,3064183.5318270363,26269041.13934892094641909879,2042789,2047637,4596275,4607183,4596275,3064183.5,3071455.5,3064183.333333333,3071455.333333333,3064183.333333333
2017-06-14,19.2891,8.5729333333,,,3064183.5318270363,26269041.13934892094641909879,2042789,2047637,4596275,4607183,4596275,3064183.5,3071455.5,3064183.333333333,3071455.333333333,3064183.333333333
2017-06-15,19.0500,8.4666666667,,,3064183.4480966614,25943419.86065387263493655538,2042789,2047637,4596275,4607183,4596275,3064183.5,3071455.5,3064183.333333333,3071455.333333333,3064183.333333333
2017-06-16,19.0000,8.4444444444,,,3064183.4825446450,25875327.18579637184522023800,2042789,2047637,4596275,4607183,4596275,3064183.5,3071455.5,3064183.333333333,3071455.333333333,3064183.333333333
2017-06-19,21.5500,9.5777777778,,,3064183.5285765000,29348068.90710079296730170000,2042789,2047637,4596275,4607183,4596275,3064183.5,3071455.5,3064183.333333333,3071455.333333333,3064183.333333333
2017-06-20,19.6187,8.7194222222,,,3064183.5447393167,26717910.09289956594002357074,2042789,2047637,4596275,4607183,4596275,3064183.5,3071455.5,3064183.333333333,3071455.333333333,3064183.333333333
2017-06-21,19.6187,8.7194222222,,,3064183.5447393167,26717910.09289956594002357074,2042789,2047637,4596275,4607183,4596275,3064183.5,3071455.5,3064183.333333333,3071455.333333333,3064183.333333333
2017-06-22,19.6187,8.7194222222,,,3064183.5447393167,26717910.09289956594002357074,2042789,2047637,4596275,4607183,4596275,3064183.5,3071455.5,3064183.333333333,3071455.333333333,3064183.333333333
2017-06-23,19.6187,8.7194222222,,,3064183.5447393167,26717910.09289956594002357074,2042789,2047637,4596275,4607183,4596275,3064183.5,3071455.5,3064183.333333333,3071455.333333333,3064183.333333333
2017-06-26,20.7000,9.2000000000,,,3064183.4782608696,28190488.00000000032000000000,2042789,2047637,4596275,4607183,4596275,3064183.5,3071455.5,3064183.333333333,3071455.333333333,3064183.333333333
2017-06-27,20.7000,9.2000000000,,,3064183.4782608696,28190488.00000000032000000000,2042789,2047637,4596275,4607183,4596275,3064183.5,3071455.5,3064183.333333333,3071455.333333333,3064183.333333333
2017-06-28,20.9253,9.3001333333,,,3064183.5034031890,28497315.13934797200841989370,2042789,2047637,4596275,4607183,4596275,3064183.5,3071455.5,3064183.333333333,3071455.333333333,3064183.333333333
2017-06-29,20.5500,9.1333333333,,,3064183.4824214685,27986209.13934727285058595105,2042789,2047637,4596275,4607183,4596275,3064183.5,3071455.5,3064183.333333333,3071455.333333333,3064183.333333333
2017-06-30,21.2000,9.4222222222,,,3064183.5240177450,28871418.09289910436613293900,2042789,2047637,4596275,4607183,4596275,3064183.5,3071455.5,3064183.333333333,3071455.333333333,3064183.333333333
2017-07-03,20.5000,9.1111111111,,,3064183.4685164248,27918116.04644893502812759528,2042789,2047637,4596275,4607183,4596275,3064183.5,3071455.5,3064183.333333333,3071455.333333333,3064183.333333333
2017-07-05,20.5000,9.1111111111,,,3064183.4685164248,27918116.04644893502812759528,2042789,2047637,4596275,4607183,4596275,3064183.5,3071455.5,3064183.333333333,3071455.333333333,3064183.333333333
2017-07-06,20.5000,9.1111111111,,,3064183.4685164248,27918116.04644893502812759528,2042789,2047637,4596275,4607183,4596275,3064183.5,3071455.5,3064183.333333333,3071455.333333333,3064183.333333333
2017-07-07,20.5000,9.1111111111,,,3064183.4685164248,27918116.04644893502812759528,2042789,2047637,4596275,4607183,4596275,3064183.5,3071455.5,3064183.333333333,3071455.333333333,3064183.333333333
2017-07-10,19.5668,8.6963555556,,,3064183.4552228507,26647228.81420484152101434892,2042789,2047637,4596275,4607183,4596275,3064183.5,3071455.5,3064183.333333333,3071455.333333333,3064183.333333333
2017-07-11,20.7710,9.2315555556,,,3064183.4568222193,28287179.81420477130043654308,2042789,2047637,4596275,4607183,4596275,3064183.5,3071455.5,3064183.333333333,3071455.333333333,3064183.333333333
2017-07-12,19.2000,8.5333333333,,,3064183.4929042690,26147699.13934762268356985770,2042789,2047637,4596275,4607183,4596275,3064183.5,3071455.5,3064183.333333333,3071455.333333333,3064183.333333333
2017-07-13,19.7000,8.7555555556,,,3064183.4939924167,26828628.81420312326195521852,2042789,2047637,4596275,4607183,4596275,3064183.5,3071455.5,3064183.333333333,3071455.333333333,3064183.333333333
2017-07-14,19.4000,8.6222222222,,,3064183.5030502660,26420071.09289864498882110520,2042789,2047637,4596275,4607183,4596275,3064183.5,3071455.5,3064183.333333333,3071455.333333333,3064183.333333333
2017-07-17,16.2500,7.2222222222,,,3064183.4897953533,22130214.09289834753356010326,2042789,2047637,4596275,4607183,4596275,3064183.5,3071455.5,3064183.333333333,3071455.333333333,3064183.333333333
2017-07-18,15.8000,7.0222222222,,,3064183.4467830597,21517377.09289739292784926534,2042789,2047637,4596275,4607183,4596275,3064183.5,3071455.5,3064183.333333333,3071455.333333333,3064183.333333333
2017-07-19,15.7500,7.0000000000,,,3064183.4285714286,21449284.00000000020000000000,2042789,2047637,4596275,4607183,4596275,3064183.5,3071455.5,3064183.333333333,3071455.333333333,3064183.333333333
2017-07-20,16.0500,7.1333333333,,,3064183.4774928850,21857842.13934710688408357050,2042789,2047637,4596275,4607183,4596275,3064183.5,3071455.5,3064183.333333333,3071455.333333333,3064183.333333333
2017-07-21,15.9500,7.0888888889,,,3064183.4417187436,21721655.95355136222490798604,2042789,2047637,4596275,4607183,4596275,3064183.5,3071455.5,3064183.333333333,3071455.333333333,3064183.333333333
2017-07-24,16.0000,7.1111111111,,,3064183.4596616556,21789749.04644883778378153716,2042789,2047637,4596275,4607183,4596275,3064183.5,3071455.5,3064183.333333333,3071455.333333333,3064183.333333333
2017-07-25,16.4000,7.2888888889,,,3064183.4844763954,22334492.95355088406538307106,2042789,2047637,4596275,4607183,4596275,3064183.5,3071455.5,3064183.333333333,3071455.333333333,3064183.333333333
2017-07-26,17.0000,7.5555555556,,,3064183.5195087087,23151608.81420198500086705372,2042789,2047637,4596275,4607183,4596275,3064183.5,3071455.5,3064183.333333333,3071455.333333333,3064183.333333333
2017-07-27,16.8000,7.4666666667,,,3064183.5081093386,22879236.86065186766360364462,2042789,2047637,4596275,4607183,4596275,3064183.5,3071455.5,3064183.333333333,3071455.333333333,3064183.333333333
2017-07-28,16.6000,7.3777777778,,,3064183.4964352520,22606864.90710150772214300560,2042789,2047637,4596275,4607183,4596275,3064183.5,3071455.5,3064183.333333333,3071455.333333333,3064183.333333333
2017-07-31,16.2500,7.2222222222,,,3064183.4897953533,22130214.09289834753356010326,2042789,2047637,4596275,4607183,4596275,3064183.5,3071455.5,3064183.333333333,3071455.333333333,3064183.333333333
2017-08-01,16.2050,7.2022222222,,,3064183.4439476826,22068930.09289732771591227372,2042789,2047637,4596275,4607183,4596275,3064183.5,3071455.5,3064183.333333333,3071455.333333333,3064183.333333333
2017-08-02,16.2000,7.2000000000,,,3064183.4722222220,22062120.99999999840000000000,2042789,2047637,4596275,4607183,4596275,3064183.5,3071455.5,3064183.333333333,3071455.333333333,3064183.333333333
2017-08-03,16.3241,7.2551555556,,,3064183.4821920830,22231127.81420364464378631480,2042789,2047637,4596275,4607183,4596275,3064183.5,3071455.5,3064183.333333333,3071455.333333333,3064183.333333333
2017-08-04,17.1500,7.6222222222,,,3064183.4378525885,23355887.09289719271249216470,2042789,2047637,4596275,4607183,4596275,3064183.5,3071455.5,3064183.333333333,3071455.333333333,3064183.333333333
2017-08-07,16.6000,7.3777777778,,,3064183.4964352520,22606864.90710150772214300560,2042789,2047637,4596275,4607183,4596275,3064183.5,3071455.5,3064183.333333333,3071455.333333333,3064183.333333333
2017-08-08,16.6000,7.3777777778,,,3064183.4964352520,22606864.90710150772214300560,2042789,2047637,4596275,4607183,4596275,3064183.5,3071455.5,3064183.333333333,3071455.333333333,3064183.333333333
2017-08-09,16.1500,7.1777777778,,,3064183.4545403880,21994027.90710243349898978640,2042789,2047637,4596275,4607183,4596275,3064183.5,3071455.5,3064183.333333333,3071455.333333333,3064183.333333333
2017-08-10,16.3750,7.2777777778,,,3064183.5444777270,22300446.90710043946765506060,2042789,2047637,4596275,4607183,4596275,3064183.5,3071455.5,3064183.333333333,3071455.333333333,3064183.333333333
2017-08-11,16.5000,7.3333333333,,,3064183.5190159953,22470679.13934849274936613349,2042789,2047637,4596275,4607183,4596275,3064183.5,3071455.5,3064183.333333333,3071455.333333333,3064183.333333333
2017-08-14,16.5000,7.3333333333,,,3064183.5190159953,22470679.13934849274936613349,2042789,2047637,4596275,4607183,4596275,3064183.5,3071455.5,3064183.333333333,3071455.333333333,3064183.333333333
2017-08-15,16.1000,7.1555555556,,,3064183.4367488404,21925934.81420566612607772624,2042789,2047637,4596275,4607183,4596275,3064183.5,3071455.5,3064183.333333333,3071455.333333333,3064183.333333333
2017-08-16,16.1000,7.1555555556,,,3064183.4367488404,21925934.81420566612607772624,2042789,2047637,4596275,4607183,4596275,3064183.5,3071455.5,3064183.333333333,3071455.333333333,3064183.333333333
2017-08-17,16.4000,7.2888888889,,,3064183.4844763954,22334492.95355088406538307106,2042789,2047637,4596275,4607183,4596275,3064183.5,3071455.5,3064183.333333333,3071455.333333333,3064183.333333333
2017-08-18,16.5250,7.3444444444,,,3064183.4595065630,22504725.18579534899068859720,2042789,2047637,4596275,4607183,4596275,3064183.5,3071455.5,3064183.333333333,3071455.333333333,3064183.333333333
2017-08-21,17.1500,7.6222222222,,,3064183.4378525885,23355887.09289719271249216470,2042789,2047637,4596275,4607183,4596275,3064183.5,3071455.5,3064183.333333333,3071455.333333333,3064183.333333333
2017-08-22,17.0562,7.5805333333,,,3064183.4971307963,23228145.13934776626212230679,2042789,2047637,4596275,4607183,4596275,3064183.5,3071455.5,3064183.333333333,3071455.333333333,3064183.333333333
2017-08-23,17.1500,7.6222222222,,,3064183.4378525885,23355887.09289719271249216470,2042789,2047637,4596275,4607183,4596275,3064183.5,3071455.5,3064183.333333333,3071455.333333333,3064183.333333333
2017-08-24,16.5500,7.3555555556,,,3064183.4792539016,22538771.81420377325685572896,2042789,2047637,4596275,4607183,4596275,3064183.5,3071455.5,3064183.333333333,3071455.333333333,3064183.333333333
2017-08-25,16.6050,7.3800000000,,,3064183.4688346884,22613674.00000000039200000000,2042789,2047637,4596275,4607183,4596275,3064183.5,3071455.5,3064183.333333333,3071455.333333333,3064183.333333333
2017-08-28,17.5000,7.7777777778,,,3064183.4451901570,23832537.90710264740989311460,2042789,2047637,4596275,4607183,4596275,3064183.5,3071455.5,3064183.333333333,3071455.333333333,3064183.333333333
2017-08-29,17.5000,7.7777777778,,,3064183.4451901570,23832537.90710264740989311460,2042789,2047637,4596275,4607183,4596275,3064183.5,3071455.5,3064183.333333333,3071455.333333333,3064183.333333333
2017-08-30,17.5000,7.7777777778,,,3064183.4451901570,23832537.90710264740989311460,2042789,2047637,4596275,4607183,4596275,3064183.5,3071455.5,3064183.333333333,3071455.333333333,3064183.333333333
2017-08-31,17.5000,7.7777777778,,,3064183.4451901570,23832537.90710264740989311460,2042789,2047637,4596275,4607183,4596275,3064183.5,3071455.5,3064183.333333333,3071455.333333333,3064183.333333333
2017-09-01,17.7450,7.8866666667,,,3064183.4988017800,24166193.86065217771662672600,2042789,2047637,4596275,4607183,4596275,3064183.5,3071455.5,3064183.333333333,3071455.333333333,3064183.333333333
2017-09-05,16.8500,7.4888888889,,,3064183.5249502600,22947329.95355043803916611400,2042789,2047637,4596275,4607183,4596275,3064183.5,3071455.5,3064183.333333333,3071455.333333333,3064183.333333333
2017-09-06,16.6500,7.4000000000,,,3064183.5135135134,22674957.99999999916000000000,2042789,2047637,4596275,4607183,4596275,3064183.5,3071455.5,3064183.333333333,3071455.333333333,3064183.333333333
2017-09-07,16.7000,7.4222222222,,,3064183.5304896124,22743051.09289925240154467528,2042789,2047637,4596275,4607183,4596275,3064183.5,3071455.5,3064183.333333333,3071455.333333333,3064183.333333333
2017-09-08,16.6500,7.4000000000,,,3064183.5135135134,22674957.99999999916000000000,2042789,2047637,4596275,4607183,4596275,3064183.5,3071455.5,3064183.333333333,3071455.333333333,3064183.333333333
2017-09-11,16.2500,7.2222222222,,,3064183.4897953533,22130214.09289834753356010326,2042789,2047637,4596275,4607183,4596275,3064183.5,3071455.5,3064183.333333333,3071455.333333333,3064183.333333333
2017-09-12,16.5000,7.3333333333,,,3064183.5190159953,22470679.13934849274936613349,2042789,2047637,4596275,4607183,4596275,3064183.5,3071455.5,3064183.333333333,3071455.333333333,3064183.333333333
2017-09-13,16.5500,7.3555555556,,,3064183.4792539016,22538771.81420377325685572896,2042789,2047637,4596275,4607183,4596275,3064183.5,3071455.5,3064183.333333333,3071455.333333333,3064183.333333333
2017-09-14,16.5000,7.3333333333,,,3064183.5190159953,22470679.13934849274936613349,2042789,2047637,4596275,4607183,4596275,3064183.5,3071455.5,3064183.333333333,3071455.333333333,3064183.333333333
2017-09-15,17.8000,7.9111111111,,,3064183.4890217544,24241096.04644916610345531384,2042789,2047637,4596275,4607183,4596275,3064183.5,3071455.5,3064183.333333333,3071455.333333333,3064183.333333333
2017-09-18,17.6500,7.8444444444,,,3064183.4939574730,24036817.18579688004471300120,2042789,2047637,4596275,4607183,4596275,3064183.5,3071455.5,3064183.333333333,3071455.333333333,3064183.333333333
2017-09-19,17.6500,7.8444444444,,,3064183.4939574730,24036817.18579688004471300120,2042789,2047637,4596275,4607183,4596275,3064183.5,3071455.5,3064183.333333333,3071455.333333333,3064183.333333333
2017-09-20,16.9000,7.5111111111,,,3064183.5416916297,23015423.04644974992953675967,2042789,2047637,4596275,4607183,4596275,3064183.5,3071455.5,3064183.333333333,3071455.333333333,3064183.333333333
2017-09-21,16.9000,7.5111111111,,,3064183.5416916297,23015423.04644974992953675967,2042789,2047637,4596275,4607183,4596275,3064183.5,3071455.5,3064183.333333333,3071455.333333333,3064183.333333333
2017-09-22,16.9550,7.5355555556,,,3064183.4757683530,23090324.81420393042781192680,2042789,2047637,4596275,4607183,4596275,3064183.5,3071455.5,3064183.333333333,3071455.333333333,3064183.333333333
2017-09-25,17.7000,7.8666666667,,,3064183.4568497590,24104909.86065357691522832530,2042789,2047637,4596275,4607183,4596275,3064183.5,3071455.5,3064183.333333333,3071455.333333333,3064183.333333333
2017-09-26,17.5689,7.8084000000,,,3064183.4434711337,23926370.00000000038308000000,2042789,2047637,4596275,4607183,4596275,3064183.5,3071455.5,3064183.333333333,3071455.333333333,3064183.333333333
2017-09-27,17.5000,7.7777777778,,,3064183.4451901570,23832537.90710264740989311460,2042789,2047637,4596275,4607183,4596275,3064183.5,3071455.5,3064183.333333333,3071455.333333333,3064183.333333333
2017-09-28,17.6589,7.8484000000,,,3064183.5278528110,24048938.00000000185240000000,2042789,2047637,4596275,4607183,4596275,3064183.5,3071455.5,3064183.333333333,3071455.333333333,3064183.333333333
2017-09-29,17.6589,7.8484000000,,,3064183.5278528110,24048938.00000000185240000000,2042789,2047637,4596275,4607183,4596275,3064183.5,3071455.5,3064183.333333333,3071455.333333333,3064183.333333333
2017-10-02,17.7000,7.8666666667,,,3064183.4568497590,24104909.86065357691522832530,2042789,2047637,4596275,4607183,4596275,3064183.5,3071455.5,3064183.333333333,3071455.333333333,3064183.333333333
2017-10-03,18.1500,8.0666666667,,,3064183.4951095240,24717746.86065229971650365080,2042789,2047637,4596275,4607183,4596275,3064183.5,3071455.5,3064183.333333333,3071455.333333333,3064183.333333333
2017-10-04,19.2500,8.5555555556,,,3064183.4587872270,26215791.81420468359816832120,2042789,2047637,4596275,4607183,4596275,3064183.5,3071455.5,3064183.333333333,3071455.333333333,3064183.333333333
2017-10-05,19.2500,8.5555555556,,,3064183.4587872270,26215791.81420468359816832120,2042789,2047637,4596275,4607183,4596275,3064183.5,3071455.5,3064183.333333333,3071455.333333333,3064183.333333333
2017-10-06,18.5000,8.2222222222,,,3064183.5518474370,25194398.09289972236551450140,2042789,2047637,4596275,4607183,4596275,3064183.5,3071455.5,3064183.333333333,3071455.333333333,3064183.333333333
2017-10-09,18.5000,8.2222222222,,,3064183.5518474370,25194398.09289972236551450140,2042789,2047637,4596275,4607183,4596275,3064183.5,3071455.5,3064183.333333333,3071455.333333333,3064183.333333333
2017-10-10,18.5000,8.2222222222,,,3064183.5518474370,25194398.09289972236551450140,2042789,2047637,4596275,4607183,4596275,3064183.5,3071455.5,3064183.333333333,3071455.333333333,3064183.333333333
2017-10-11,17.8000,7.9111111111,,,3064183.4890217544,24241096.04644916610345531384,2042789,2047637,4596275,4607183,4596275,3064183.5,3071455.5,3064183.333333333,3071455.333333333,3064183.333333333
2017-10-12,17.7000,7.8666666667,,,3064183.4568497590,24104909.86065357691522832530,2042789,2047637,4596275,4607183,4596275,3064183.5,3071455.5,3064183.333333333,3071455.333333333,3064183.333333333
2017-10-13,18.2000,8.0888888889,,,3064183.5107369360,24785839.95355059546123041040,2125224,2125224,4781754,4781754,4596275,3187836,3187836,3187836,3187836,3064183.333333333
2017-10-16,17.3500,7.7111111111,,,3064183.4498320604,23628259.04644873037944631044,2125224,2125224,4781754,4781754,4596275,3187836,3187836,3187836,3187836,3064183.333333333
2017-10-17,17.3500,7.7111111111,,,3064183.4498320604,23628259.04644873037944631044,2125224,2125224,4781754,4781754,4596275,3187836,3187836,3187836,3187836,3064183.333333333
2017-10-18,17.3500,7.7111111111,,,3064183.4498320604,23628259.04644873037944631044,2125224,2125224,4781754,4781754,4596275,3187836,3187836,3187836,3187836,3064183.333333333
2017-10-19,17.7550,7.8911111111,,,3064183.4471746650,24179812.04644869888392028150,2125224,2125224,4781754,4781754,4596275,3187836,3187836,3187836,3187836,3064183.333333333
2017-10-20,18.2500,8.1111111111,,,3064183.5262788030,24853933.04644957784970801330,2125224,2125224,4781754,4781754,4596275,3187836,3187836,3187836,3187836,3064183.333333333
2017-10-23,18.3000,8.1333333333,,,3064183.5417358265,24922026.13934924941527547245,2125224,2125224,4781754,4781754,4596275,3187836,3187836,3187836,3187836,3064183.333333333
2017-10-24,18.3000,8.1333333333,,,3064183.5417358265,24922026.13934924941527547245,2125224,2125224,4781754,4781754,4596275,3187836,3187836,3187836,3187836,3064183.333333333
2017-10-25,17.7500,7.8888888889,,,3064183.4729810240,24173002.95355101359414423360,2125224,2125224,4781754,4781754,4596275,3187836,3187836,3187836,3187836,3064183.333333333
2017-10-26,17.8500,7.9333333333,,,3064183.5049727100,24309189.13934802654983424300,2042789,2047623,4596275,4607152,4596275,3064183.5,3071434.5,3064183.333333333,3071434.6666666665,3064183.333333333
2017-10-27,19.0500,8.4666666667,,,3064183.4480966614,25943419.86065387263493655538,2042789,2047623,4596275,4607152,4596275,3064183.5,3071434.5,3064183.333333333,3071434.6666666665,3064183.333333333
2017-10-30,18.7000,8.3111111111,,,3064183.4414217130,25466769.04644863489509531430,2042789,2047623,4596275,4607152,4596275,3064183.5,3071434.5,3064183.333333333,3071434.6666666665,3064183.333333333
2017-10-31,19.4950,8.6644444444,,,3064183.5556991827,26549448.18579962150263559188,2042789,2047623,4596275,4607152,4596275,3064183.5,3071434.5,3064183.333333333,3071434.6666666665,3064183.333333333
2017-11-01,19.6500,8.7333333333,,,3064183.5274180435,26760536.13934877378241939855,2042789,2047623,4596275,4607152,4596275,3064183.5,3071434.5,3064183.333333333,3071434.6666666665,3064183.333333333
2017-11-02,19.6500,8.7333333333,,,3064183.5274180435,26760536.13934877378241939855,2042789,2047623,4596275,4607152,4596275,3064183.5,3071434.5,3064183.333333333,3071434.6666666665,3064183.333333333
2017-11-03,19.9450,8.8644444444,,,3064183.4754749336,27162284.18579605880197889184,2042789,2047623,4596275,4607152,4596275,3064183.5,3071434.5,3064183.333333333,3071434.6666666665,3064183.333333333
2017-11-06,19.9500,8.8666666667,,,3064183.5181070750,27169093.86065153778393690250,2042789,2047623,4596275,4607152,4596275,3064183.5,3071434.5,3064183.333333333,3071434.6666666665,3064183.333333333
2017-11-07,21.0000,9.3333333333,,,3064183.5149411250,28599046.13934836054950196250,2042789,2047623,4596275,4607152,4596275,3064183.5,3071434.5,3064183.333333333,3071434.6666666665,3064183.333333333
2017-11-08,19.8000,8.8000000000,,,3064183.5227272725,26964814.99999999800000000000,2042789,2047623,4596275,4607152,4596275,3064183.5,3071434.5,3064183.333333333,3071434.6666666665,3064183.333333333
2017-11-09,20.0000,8.8888888889,,,3064183.5322705847,27237186.95355035492813633983,2042789,2047623,4596275,4607152,4596275,3064183.5,3071434.5,3064183.333333333,3071434.6666666665,3064183.333333333
2017-11-10,20.0000,8.8888888889,,,3064183.5322705847,27237186.95355035492813633983,2042789,2047623,4596275,4607152,4596275,3064183.5,3071434.5,3064183.333333333,3071434.6666666665,3064183.333333333
2017-11-13,20.0000,8.8888888889,,,3064183.5322705847,27237186.95355035492813633983,2042789,2047623,4596275,4607152,4596275,3064183.5,3071434.5,3064183.333333333,3071434.6666666665,3064183.333333333
2017-11-14,19.4680,8.6524444444,,,3064183.4635476860,26512677.18579552564517565840,2042789,2046945,4596275,4605626,4596275,3064183.5,3070417.5,3064183.333333333,3070417.333333333,3064183.333333333
2017-11-15,19.4000,8.6222222222,,,3064183.5030502660,26420071.09289864498882110520,2042789,2046945,4596275,4605626,4596275,3064183.5,3070417.5,3064183.333333333,3070417.333333333,3064183.333333333
2017-11-16,20.7500,9.2222222222,,,3064183.4920084140,28258581.09289839170017759080,2042789,2046945,4596275,4605626,4596275,3064183.5,3070417.5,3064183.333333333,3070417.333333333,3064183.333333333
2017-11-17,21.9500,9.7555555556,,,3064183.5458608390,29892812.81420081529092714840,2042789,2046945,4596275,4605626,4596275,3064183.5,3070417.5,3064183.333333333,3070417.333333333,3064183.333333333
2017-11-20,21.1000,9.3777777778,,,3064183.4971955040,28735231.90710148603327101120,2042789,2046945,4596275,4605626,4596275,3064183.5,3070417.5,3064183.333333333,3070417.333333333,3064183.333333333
2017-11-21,21.9000,9.7333333333,,,3064183.4732310725,29824719.13934696621755896425,2042789,2046945,4596275,4605626,4596275,3064183.5,3070417.5,3064183.333333333,3070417.333333333,3064183.333333333
2017-11-22,21.9000,9.7333333333,,,3064183.4732310725,29824719.13934696621755896425,2042789,2046945,4596275,4605626,4596275,3064183.5,3070417.5,3064183.333333333,3070417.333333333,3064183.333333333
2017-11-24,22.4500,9.9777777778,,,3064183.4873418990,30573741.90710170743305204220,2042789,2046945,4596275,4605626,4596275,3064183.5,3070417.5,3064183.333333333,3070417.333333333,3064183.333333333
2017-11-27,24.5000,10.8888888889,,,3064183.5263433405,33365553.95355042081695937045,2042789,2046945,4596275,4605626,4596275,3064183.5,3070417.5,3064183.333333333,3070417.333333333,3064183.333333333
2017-11-28,23.5500,10.4666666667,,,3064183.4580144650,32071786.86065353978193381550,2042789,2046945,4596275,4605626,4596275,3064183.5,3070417.5,3064183.333333333,3070417.333333333,3064183.333333333
2017-11-29,23.5000,10.4444444444,,,3064183.4858871740,32003694.18579652028951612560,2042789,2046945,4596275,4605626,4596275,3064183.5,3070417.5,3064183.333333333,3070417.333333333,3064183.333333333
2017-11-30,24.0500,10.6888888889,,,3064183.4987697517,32752716.95355072576554188613,2042789,2046945,4596275,4605626,4596275,3064183.5,3070417.5,3064183.333333333,3070417.333333333,3064183.333333333
2017-12-01,24.0500,10.6888888889,,,3064183.4987697517,32752716.95355072576554188613,2042789,2046945,4596275,4605626,4596275,3064183.5,3070417.5,3064183.333333333,3070417.333333333,3064183.333333333
2017-12-04,24.0500,10.6888888889,,,3064183.4987697517,32752716.95355072576554188613,2042789,2046945,4596275,4605626,4596275,3064183.5,3070417.5,3064183.333333333,3070417.333333333,3064183.333333333
2017-12-05,24.1000,10.7111111111,,,3064183.5105638076,32820810.04644940380988262436,2042789,2046945,4596275,4605626,4596275,3064183.5,3070417.5,3064183.333333333,3070417.333333333,3064183.333333333
2017-12-06,24.1000,10.7111111111,,,3064183.5105638076,32820810.04644940380988262436,2042789,2046945,4596275,4605626,4596275,3064183.5,3070417.5,3064183.333333333,3070417.333333333,3064183.333333333
2017-12-07,24.0000,10.6666666667,,,3064183.4869266030,32684623.86065257144956422010,2042789,2046945,4596275,4605626,4596275,3064183.5,3070417.5,3064183.333333333,3070417.333333333,3064183.333333333
2017-12-08,24.0000,10.6666666667,,,3064183.4869266030,32684623.86065257144956422010,2042789,2046945,4596275,4605626,4596275,3064183.5,3070417.5,3064183.333333333,3070417.333333333,3064183.333333333
2017-12-11,23.7384,10.5504000000,,,3064183.5380649080,32328362.00000000536320000000,2042789,2046945,4596275,4605626,4596275,3064183.5,3070417.5,3064183.333333333,3070417.333333333,3064183.333333333
2017-12-12,23.8788,10.6128000000,,,3064183.5330921150,32519566.99999999807200000000,2042789,2046945,4596275,4605626,4596275,3064183.5,3070417.5,3064183.333333333,3070417.333333333,3064183.333333333
2017-12-13,23.8000,10.5777777778,,,3064183.4786061374,32412251.90710190190841346972,2042789,2046945,4596275,4605626,4596275,3064183.5,3070417.5,3064183.333333333,3070417.333333333,3064183.333333333
2017-12-14,23.8889,10.6172888889,,,3064183.4553040790,32533320.95355120773754782310,2042789,2046945,4596275,4605626,4596275,3064183.5,3070417.5,3064183.333333333,3070417.333333333,3064183.333333333
2017-12-15,23.2500,10.3333333333,,,3064183.4651079522,31663229.13934669995116306826,2042789,2046945,4596275,4605626,4596275,3064183.5,3070417.5,3064183.333333333,3070417.333333333,3064183.333333333
2017-12-18,23.0050,10.2244444444,,,3064183.5217714490,31329574.18579811817458793560,2042789,2046945,4596275,4605626,4596275,3064183.5,3070417.5,3064183.333333333,3070417.333333333,3064183.333333333
2017-12-19,23.0050,10.2244444444,,,3064183.5217714490,31329574.18579811817458793560,2042789,2046945,4596275,4605626,4596275,3064183.5,3070417.5,3064183.333333333,3070417.333333333,3064183.333333333
2017-12-20,23.0050,10.2244444444,,,3064183.5217714490,31329574.18579811817458793560,2042789,2046945,4596275,4605626,4596275,3064183.5,3070417.5,3064183.333333333,3070417.333333333,3064183.333333333
2017-12-21,23.0050,10.2244444444,,,3064183.5217714490,31329574.18579811817458793560,2042789,2046945,4596275,4605626,4596275,3064183.5,3070417.5,3064183.333333333,3070417.333333333,3064183.333333333
2017-12-22,23.0050,10.2244444444,,,3064183.5217714490,31329574.18579811817458793560,2042789,2046945,4596275,4605626,4596275,3064183.5,3070417.5,3064183.333333333,3070417.333333333,3064183.333333333
2017-12-26,23.0050,10.2244444444,,,3064183.5217714490,31329574.18579811817458793560,2042789,2046945,4596275,4605626,4596275,3064183.5,3070417.5,3064183.333333333,3070417.333333333,3064183.333333333
2017-12-27,23.1000,10.2666666667,,,3064183.5253781644,31458950.86065129395751260548,2042789,2046945,4596275,4605626,4596275,3064183.5,3070417.5,3064183.333333333,3070417.333333333,3064183.333333333
2017-12-28,23.7500,10.5555555556,,,3064183.4665959300,32344158.81420433593184870800,2042789,2046945,4596275,4605626,4596275,3064183.5,3070417.5,3064183.333333333,3070417.333333333,3064183.333333333
2017-12-29,24.6922,10.9743111111,,,3064183.5014533960,33627303.04644930672162829560,2042789,2046945,4596275,4605626,4596275,3064183.5,3070417.5,3064183.333333333,3070417.333333333,3064183.333333333
2018-01-02,24.8250,11.0333333333,,,3064183.5171707470,33808158.13934843578276097510,2042789,2046945,4596275,4605626,4596275,3064183.5,3070417.5,3064183.333333333,3070417.333333333,3064183.333333333
2018-01-03,24.9500,11.0888888889,,,3064183.4627420213,33978389.95355112712069713357,2042789,2046945,4596275,4605626,4596275,3064183.5,3070417.5,3064183.333333333,3070417.333333333,3064183.333333333
2018-01-04,27.2500,12.1111111111,,,3064183.5175995575,37110667.04644948323869333825,2042789,2046945,4596275,4605626,4596275,3064183.5,3070417.5,3064183.333333333,3070417.333333333,3064183.333333333
2018-01-05,32.1000,14.2666666667,,,3064183.5182628077,43715684.86065152930394209359,2042789,2046945,4596275,4605626,4596275,3064183.5,3070417.5,3064183.333333333,3070417.333333333,3064183.333333333
2018-01-08,32.6250,14.5000000000,,,3064183.5172413792,44430660.99999999840000000000,2042789,2046945,4596275,4605626,4596275,3064183.5,3070417.5,3064183.333333333,3070417.333333333,3064183.333333333
2018-01-09,33.6500,14.9555555556,,,3064183.5165422983,45826566.81420211384295743548,2042789,2046945,4596275,4605626,4596275,3064183.5,3070417.5,3064183.333333333,3070417.333333333,3064183.333333333
2018-01-10,31.0500,13.8000000000,,,3064183.4782608696,42285732.00000000048000000000,2042789,2046945,4596275,4605626,4596275,3064183.5,3070417.5,3064183.333333333,3070417.333333333,3064183.333333333
2018-01-11,30.0500,13.3555555556,,,3064183.4885740810,40923872.81420335662171440360,2042789,2046945,4596275,4605626,4596275,3064183.5,3070417.5,3064183.333333333,3070417.333333333,3064183.333333333
2018-01-12,29.7000,13.2000000000,,,3064183.4848484850,40447222.00000000200000000000,2042789,2046945,4596275,4605626,4596275,3064183.5,3070417.5,3064183.333333333,3070417.333333333,3064183.333333333
2018-01-16,29.3480,13.0435555556,,,3064183.5076205954,39967847.81420251206664980424,2042789,2046945,4596275,4605626,4596275,3064183.5,3070417.5,3064183.333333333,3070417.333333333,3064183.333333333
2018-01-17,31.2500,13.8888888889,,,3064183.4846532126,42558103.95355088814982948014,2042789,2046945,4596275,4605626,4596275,3064183.5,3070417.5,3064183.333333333,3070417.333333333,3064183.333333333
2018-01-18,29.9500,13.3111111111,,,3064183.5009878970,40787687.04644929358332235670,2042789,2046945,4596275,4605626,4596275,3064183.5,3070417.5,3064183.333333333,3070417.333333333,3064183.333333333
2018-01-19,29.8250,13.2555555556,,,3064183.5148918196,40617454.81420219463177296976,2042789,2046945,4596275,4605626,4596275,3064183.5,3070417.5,3064183.333333333,3070417.333333333,3064183.333333333
2018-01-22,30.1945,13.4197777778,,,3064183.5198736195,41120661.90710098363055274710,2042789,2046945,4596275,4605626,4596275,3064183.5,3070417.5,3064183.333333333,3070417.333333333,3064183.333333333
2018-01-23,28.3195,12.5864444444,,,3064183.4837602493,38567175.18579642742354398892,2042789,2046945,4596275,4605626,4596275,3064183.5,3070417.5,3064183.333333333,3070417.333333333,3064183.333333333
2018-01-24,29.9450,13.3088888889,,,3064183.5162936080,40780877.95355053162129215120,2042789,2046945,4596275,4605626,4596275,3064183.5,3070417.5,3064183.333333333,3070417.333333333,3064183.333333333
2018-01-25,31.9060,14.1804444444,,,3064183.5209161940,43451484.18579807440529261360,2042789,2046945,4596275,4605626,4596275,3064183.5,3070417.5,3064183.333333333,3070417.333333333,3064183.333333333
2018-01-26,33.0000,14.6666666667,,,3064183.4904920670,44941357.86065245544968306890,2042789,2046945,4596275,4605626,4596275,3064183.5,3070417.5,3064183.333333333,3070417.333333333,3064183.333333333
2018-01-29,32.2450,14.3311111111,,,3064183.4890552717,43913154.04644916950189938587,2042789,2046945,4596275,4605626,4596275,3064183.5,3070417.5,3064183.333333333,3070417.333333333,3064183.333333333
2018-01-30,32.2450,14.3311111111,,,3064183.4890552717,43913154.04644916950189938587,2042789,2046945,4596275,4605626,4596275,3064183.5,3070417.5,3064183.333333333,3070417.333333333,3064183.333333333
2018-01-31,32.2450,14.3311111111,,,3064183.4890552717,43913154.04644916950189938587,2042789,2046945,4596275,4605626,4596275,3064183.5,3070417.5,3064183.333333333,3070417.333333333,3064183.333333333
2018-02-01,29.0100,12.8933333333,,,3064183.4906501826,39507539.13934754820631166058,2042789,2046945,4596275,4605626,4596275,3064183.5,3070417.5,3064183.333333333,3070417.333333333,3064183.333333333
2018-02-02,29.0100,12.8933333333,,,3064183.4906501826,39507539.13934754820631166058,2042789,2046945,4596275,4605626,4596275,3064183.5,3070417.5,3064183.333333333,3070417.333333333,3064183.333333333
2018-02-05,29.5500,13.1333333333,,,3064183.4877753495,40242943.13934745065040748835,2042789,2046945,4596275,4605626,4596275,3064183.5,3070417.5,3064183.333333333,3070417.333333333,3064183.333333333
2018-02-06,28.4000,12.6222222222,,,3064183.5020836308,38676805.09289862468662036376,2042789,2046945,4596275,4605626,4596275,3064183.5,3070417.5,3064183.333333333,3070417.333333333,3064183.333333333
2018-02-07,28.9500,12.8666666667,,,3064183.5124779470,39425827.86065172418374926490,2042789,2046945,4596275,4605626,4596275,3064183.5,3070417.5,3064183.333333333,3070417.333333333,3064183.333333333
2018-02-08,28.9500,12.8666666667,,,3064183.5124779470,39425827.86065172418374926490,2042789,2046945,4596275,4605626,4596275,3064183.5,3070417.5,3064183.333333333,3070417.333333333,3064183.333333333
2018-02-09,27.4000,12.1777777778,,,3064183.5142636600,37314945.90710110807809474800,2042789,2046945,4596275,4605626,4596275,3064183.5,3070417.5,3064183.333333333,3070417.333333333,3064183.333333333
2018-02-12,27.0000,12.0000000000,,,3064183.5000000000,36770202.00000000000000000000,2042789,2046945,4596275,4605626,4596275,3064183.5,3070417.5,3064183.333333333,3070417.333333333,3064183.333333333
2018-02-13,27.0000,12.0000000000,,,3064183.5000000000,36770202.00000000000000000000,2042789,2046945,4596275,4605626,4596275,3064183.5,3070417.5,3064183.333333333,3070417.333333333,3064183.333333333
2018-02-14,27.0000,12.0000000000,,,3064183.5000000000,36770202.00000000000000000000,2042789,2042789,4596275,4596275,4596275,3064183.5,3064183.5,3064183.333333333,3064183.333333333,3064183.333333333
2018-02-15,27.0100,12.0044444444,,,3064183.4660624440,36783820.18579564181928611360,2042789,2042789,4596275,4596275,4596275,3064183.5,3064183.5,3064183.333333333,3064183.333333333,3064183.333333333
2018-02-16,27.4384,12.1948444444,,,3064183.5044445170,37367241.18579734084549135480,2042789,2042789,4596275,4596275,4596275,3064183.5,3064183.5,3064183.333333333,3064183.333333333,3064183.333333333
2018-02-20,26.5463,11.7983555556,,,3064183.5333604557,36152326.81420137044544268692,2042789,2042789,4596275,4596275,4596275,3064183.5,3064183.5,3064183.333333333,3064183.333333333,3064183.333333333
2018-02-21,27.0000,12.0000000000,,,3064183.5000000000,36770202.00000000000000000000,2042789,2042789,4596275,4596275,4596275,3064183.5,3064183.5,3064183.333333333,3064183.333333333,3064183.333333333
2018-02-22,27.0000,12.0000000000,,,3064183.5000000000,36770202.00000000000000000000,2042789,2042789,4596275,4596275,4596275,3064183.5,3064183.5,3064183.333333333,3064183.333333333,3064183.333333333
2018-02-23,26.2000,11.6444444444,,,3064183.4701659167,35680714.18579582186354818148,2042789,2042789,4596275,4596275,4596275,3064183.5,3064183.5,3064183.333333333,3064183.333333333,3064183.333333333
2018-02-26,25.1050,11.1577777778,,,3064183.5308035635,34189478.90710074259735119030,2042789,2042789,4596275,4596275,4596275,3064183.5,3064183.5,3064183.333333333,3064183.333333333,3064183.333333333
2018-02-27,25.1050,11.1577777778,,,3064183.5308035635,34189478.90710074259735119030,2042789,2042789,4596275,4596275,4596275,3064183.5,3064183.5,3064183.333333333,3064183.333333333,3064183.333333333
2018-02-28,24.9500,11.0888888889,,,3064183.4627420213,33978389.95355112712069713357,2042789,2042789,4596275,4596275,4596275,3064183.5,3064183.5,3064183.333333333,3064183.333333333,3064183.333333333
2018-03-01,24.9500,11.0888888889,,,3064183.4627420213,33978389.95355112712069713357,2042789,2042789,4596275,4596275,4596275,3064183.5,3064183.5,3064183.333333333,3064183.333333333,3064183.333333333
2018-03-02,25.0000,11.1111111111,,,3064183.4741834740,34046483.04644899796139796140,2042789,2042789,4596275,4596275,4596275,3064183.5,3064183.5,3064183.333333333,3064183.333333333,3064183.333333333
2018-03-05,25.0000,11.1111111111,,,3064183.4741834740,34046483.04644899796139796140,2042789,2042789,4596275,4596275,4596275,3064183.5,3064183.5,3064183.333333333,3064183.333333333,3064183.333333333
2018-03-06,27.3000,12.1333333333,,,3064183.5279767253,37178760.13934879418906744249,2042789,2042789,4596275,4596275,4596275,3064183.5,3064183.5,3064183.333333333,3064183.333333333,3064183.333333333
2018-03-07,26.9896,11.9953777778,,,3064183.5203494670,36756038.90710097054187443260,2042789,2042789,4596275,4596275,4596275,3064183.5,3064183.5,3064183.333333333,3064183.333333333,3064183.333333333
2018-03-08,27.0000,12.0000000000,,,3064183.5000000000,36770202.00000000000000000000,2042789,2042789,4596275,4596275,4596275,3064183.5,3064183.5,3064183.333333333,3064183.333333333,3064183.333333333
2018-03-09,27.0000,12.0000000000,,,3064183.5000000000,36770202.00000000000000000000,2042789,2042789,4596275,4596275,4596275,3064183.5,3064183.5,3064183.333333333,3064183.333333333,3064183.333333333
2018-03-12,26.9900,11.9955555556,,,3064183.5339624530,36756583.81420134436595388680,2042789,2042789,4596275,4596275,4596275,3064183.5,3064183.5,3064183.333333333,3064183.333333333,3064183.333333333
2018-03-13,26.9900,11.9955555556,,,3064183.5339624530,36756583.81420134436595388680,2042789,2042789,4596275,4596275,4596275,3064183.5,3064183.5,3064183.333333333,3064183.333333333,3064183.333333333
2018-03-14,26.7000,11.8666666667,,,3064183.4713947433,36361643.86065309327571315811,2042789,2042789,4596275,4596275,4596275,3064183.5,3064183.5,3064183.333333333,3064183.333333333,3064183.333333333
2018-03-15,26.9900,11.9955555556,,,3064183.5339624530,36756583.81420134436595388680,2042789,2042789,4596275,4596275,4596275,3064183.5,3064183.5,3064183.333333333,3064183.333333333,3064183.333333333
2018-03-16,26.8000,11.9111111111,,,3064183.4927084823,36497830.04644920935674768353,2042789,2042789,4596275,4596275,4596275,3064183.5,3064183.5,3064183.333333333,3064183.333333333,3064183.333333333
2018-03-19,26.0000,11.5555555556,,,3064183.5127557200,35408342.81420228371167803200,2042789,2042789,4596275,4596275,4596275,3064183.5,3064183.5,3064183.333333333,3064183.333333333,3064183.333333333
2018-03-20,26.0000,11.5555555556,,,3064183.5127557200,35408342.81420228371167803200,2042789,2042789,4596275,4596275,4596275,3064183.5,3064183.5,3064183.333333333,3064183.333333333,3064183.333333333
2018-03-21,26.4500,11.7555555556,,,3064183.5380584574,36021179.81420116292613593144,2042789,2042789,4596275,4596275,4596275,3064183.5,3064183.5,3064183.333333333,3064183.333333333,3064183.333333333
2018-03-22,26.4500,11.7555555556,,,3064183.5380584574,36021179.81420116292613593144,2042789,2042789,4596275,4596275,4596275,3064183.5,3064183.5,3064183.333333333,3064183.333333333,3064183.333333333
2018-03-23,26.4500,11.7555555556,,,3064183.5380584574,36021179.81420116292613593144,2042789,2042789,4596275,4596275,4596275,3064183.5,3064183.5,3064183.333333333,3064183.333333333,3064183.333333333
2018-03-26,25.8900,11.5066666667,,,3064183.4757141490,35258537.86065294727585713830,2042789,2042789,4596275,4596275,4596275,3064183.5,3064183.5,3064183.333333333,3064183.333333333,3064183.333333333
2018-03-27,25.0000,11.1111111111,,,3064183.4741834740,34046483.04644899796139796140,2042789,2042789,4596275,4596275,4596275,3064183.5,3064183.5,3064183.333333333,3064183.333333333,3064183.333333333
2018-03-28,25.5000,11.3333333333,,,3064183.5123044480,34727413.13934827121625651840,2042789,2042789,4596275,4596275,4596275,3064183.5,3064183.5,3064183.333333333,3064183.333333333,3064183.333333333
2018-03-29,25.3000,11.2444444444,,,3064183.5046778840,34455041.18579735415534764960,2042789,2042789,4596275,4596275,4596275,3064183.5,3064183.5,3064183.333333333,3064183.333333333,3064183.333333333
2018-04-02,25.3000,11.2444444444,,,3064183.5046778840,34455041.18579735415534764960,2042789,2042789,4596275,4596275,4596275,3064183.5,3064183.5,3064183.333333333,3064183.333333333,3064183.333333333
2018-04-03,24.7500,11.0000000000,,,3064183.4545454546,33706018.00000000060000000000,2042789,2042789,4596275,4596275,4596275,3064183.5,3064183.5,3064183.333333333,3064183.333333333,3064183.333333333
2018-04-04,24.7500,11.0000000000,,,3064183.4545454546,33706018.00000000060000000000,2042789,2042789,4596275,4596275,4596275,3064183.5,3064183.5,3064183.333333333,3064183.333333333,3064183.333333333
2018-04-05,24.7500,11.0000000000,,,3064183.4545454546,33706018.00000000060000000000,2042789,2042789,4596275,4596275,4596275,3064183.5,3064183.5,3064183.333333333,3064183.333333333,3064183.333333333
2018-04-06,24.7500,11.0000000000,,,3064183.4545454546,33706018.00000000060000000000,2042789,2042789,4596275,4596275,4596275,3064183.5,3064183.5,3064183.333333333,3064183.333333333,3064183.333333333
2018-04-09,24.7500,11.0000000000,,,3064183.4545454546,33706018.00000000060000000000,2042789,2042789,4596275,4596275,4596275,3064183.5,3064183.5,3064183.333333333,3064183.333333333,3064183.333333333
2018-04-10,25.2000,11.2000000000,,,3064183.4821428573,34318855.00000000176000000000,2042789,2042789,4596275,4596275,4596275,3064183.5,3064183.5,3064183.333333333,3064183.333333333,3064183.333333333
2018-04-11,25.0500,11.1333333333,,,3064183.4855792980,34114576.13934737828381402340,2042789,2042789,4596275,4596275,4596275,3064183.5,3064183.5,3064183.333333333,3064183.333333333,3064183.333333333
2018-04-12,25.2000,11.2000000000,,,3064183.4821428573,34318855.00000000176000000000,2042789,2042789,4596275,4596275,4596275,3064183.5,3064183.5,3064183.333333333,3064183.333333333,3064183.333333333
2018-04-13,25.2000,11.2000000000,,,3064183.4821428573,34318855.00000000176000000000,2042789,2042789,4596275,4596275,4596275,3064183.5,3064183.5,3064183.333333333,3064183.333333333,3064183.333333333
2018-04-16,25.0854,11.1490666667,,,3064183.4766931860,34162785.86065291637562310620,2042789,2042789,4596275,4596275,4596275,3064183.5,3064183.5,3064183.333333333,3064183.333333333,3064183.333333333
2018-04-17,25.1153,11.1623555556,,,3064183.5089228125,34203505.81420245828095212500,2042789,2042789,4596275,4596275,4596275,3064183.5,3064183.5,3064183.333333333,3064183.333333333,3064183.333333333
2018-04-18,25.2000,11.2000000000,,,3064183.4821428573,34318855.00000000176000000000,2042789,2042789,4596275,4596275,4596275,3064183.5,3064183.5,3064183.333333333,3064183.333333333,3064183.333333333
2018-04-19,25.4000,11.2888888889,,,3064183.4899768800,34591226.95355082514988863200,2042789,2042789,4596275,4596275,4596275,3064183.5,3064183.5,3064183.333333333,3064183.333333333,3064183.333333333
2018-04-20,26.8500,11.9333333333,,,3064183.5033058750,36565923.13934796888322313750,2042789,2042789,4596275,4596275,4596275,3064183.5,3064183.5,3064183.333333333,3064183.333333333,3064183.333333333
2018-04-23,26.8500,11.9333333333,,,3064183.5033058750,36565923.13934796888322313750,2042789,2042789,4596275,4596275,4596275,3064183.5,3064183.5,3064183.333333333,3064183.333333333,3064183.333333333
2018-04-24,26.8500,11.9333333333,,,3064183.5033058750,36565923.13934796888322313750,2042789,2042789,4596275,4596275,4596275,3064183.5,3064183.5,3064183.333333333,3064183.333333333,3064183.333333333
2018-04-25,26.8500,11.9333333333,,,3064183.5033058750,36565923.13934796888322313750,2042789,2042789,4596275,4596275,4596275,3064183.5,3064183.5,3064183.333333333,3064183.333333333,3064183.333333333
2018-04-26,26.8500,11.9333333333,,,3064183.5033058750,36565923.13934796888322313750,2042789,2042789,4596275,4596275,4596275,3064183.5,3064183.5,3064183.333333333,3064183.333333333,3064183.333333333
2018-04-27,27.2500,12.1111111111,,,3064183.5175995575,37110667.04644948323869333825,2042789,2042789,4596275,4596275,4596275,3064183.5,3064183.5,3064183.333333333,3064183.333333333,3064183.333333333
2018-04-30,27.2500,12.1111111111,,,3064183.5175995575,37110667.04644948323869333825,2042789,2042789,4596275,4596275,4596275,3064183.5,3064183.5,3064183.333333333,3064183.333333333,3064183.333333333
2018-05-01,26.9000,11.9555555556,,,3064183.4788718256,36634015.81420378977239430336,2042789,2042789,4596275,4596275,4596275,3064183.5,3064183.5,3064183.333333333,3064183.333333333,3064183.333333333
2018-05-02,26.8000,11.9111111111,,,3064183.4927084823,36497830.04644920935674768353,2042789,2042789,4596275,4596275,4596275,3064183.5,3064183.5,3064183.333333333,3064183.333333333,3064183.333333333
2018-05-03,26.8000,11.9111111111,,,3064183.4927084823,36497830.04644920935674768353,2042789,2042789,4596275,4596275,4596275,3064183.5,3064183.5,3064183.333333333,3064183.333333333,3064183.333333333
2018-05-04,26.8000,11.9111111111,,,3064183.4927084823,36497830.04644920935674768353,2042789,2042789,4596275,4596275,4596275,3064183.5,3064183.5,3064183.333333333,3064183.333333333,3064183.333333333
2018-05-07,26.8000,11.9111111111,,,3064183.4927084823,36497830.04644920935674768353,2042789,2042789,4596275,4596275,4596275,3064183.5,3064183.5,3064183.333333333,3064183.333333333,3064183.333333333
2018-05-08,26.5000,11.7777777778,,,3064183.4638047856,36089271.90710223447697343968,2042789,2042789,4596275,4596275,4596275,3064183.5,3064183.5,3064183.333333333,3064183.333333333,3064183.333333333
2018-05-09,27.8000,12.3555555556,,,3064183.5281168050,37859689.81420159882347185800,2042789,2042789,4596275,4596275,4596275,3064183.5,3064183.5,3064183.333333333,3064183.333333333,3064183.333333333
2018-05-10,28.4500,12.6444444444,,,3064183.5120685840,38744898.18579768731057472960,2042789,2042789,4596275,4596275,4596275,3064183.5,3064183.5,3064183.333333333,3064183.333333333,3064183.333333333
2018-05-11,29.0000,12.8888888889,,,3064183.5222555840,39493920.95355046248358061760,2042789,2042789,4596275,4596275,4596275,3064183.5,3064183.5,3064183.333333333,3064183.333333333,3064183.333333333
2018-05-14,31.1500,13.8444444444,,,3064183.4965762330,42421918.18579699537792994520,2042789,2042789,4596275,4596275,4596275,3064183.5,3064183.5,3064183.333333333,3064183.333333333,3064183.333333333
2018-05-15,31.1500,13.8444444444,,,3064183.4965762330,42421918.18579699537792994520,2042789,2042789,4596275,4596275,4596275,3064183.5,3064183.5,3064183.333333333,3064183.333333333,3064183.333333333
2018-05-16,30.5000,13.5555555556,,,3064183.5108737350,41536709.81420237148937216600,2042789,2042789,4596275,4596275,4596275,3064183.5,3064183.5,3064183.333333333,3064183.333333333,3064183.333333333
2018-05-17,31.6504,14.0668444444,,,3064183.4674552847,43103392.18579569978761532068,2042789,2042789,4596275,4596275,4596275,3064183.5,3064183.5,3064183.333333333,3064183.333333333,3064183.333333333
2018-05-18,32.7500,14.5555555556,,,3064183.4757756465,44600892.81420392943225669540,2042789,2042789,4596275,4596275,4596275,3064183.5,3064183.5,3064183.333333333,3064183.333333333,3064183.333333333
2018-05-21,32.7500,14.5555555556,,,3064183.4757756465,44600892.81420392943225669540,2042789,2042789,4596275,4596275,4596275,3064183.5,3064183.5,3064183.333333333,3064183.333333333,3064183.333333333
2018-05-22,32.7500,14.5555555556,,,3064183.4757756465,44600892.81420392943225669540,2042789,2042789,4596275,4596275,4596275,3064183.5,3064183.5,3064183.333333333,3064183.333333333,3064183.333333333
2018-05-23,32.7500,14.5555555556,,,3064183.4757756465,44600892.81420392943225669540,2042789,2042789,4596275,4596275,4596275,3064183.5,3064183.5,3064183.333333333,3064183.333333333,3064183.333333333
2018-05-24,32.7500,14.5555555556,,,3064183.4757756465,44600892.81420392943225669540,2042789,2042789,4596275,4596275,4596275,3064183.5,3064183.5,3064183.333333333,3064183.333333333,3064183.333333333
2018-05-25,32.6000,14.4888888889,,,3064183.4783869030,44396613.95355095217198207670,2042789,2042789,4596275,4596275,4596275,3064183.5,3064183.5,3064183.333333333,3064183.333333333,3064183.333333333
2018-05-29,32.6000,14.4888888889,,,3064183.4783869030,44396613.95355095217198207670,2042789,2042789,4596275,4596275,4596275,3064183.5,3064183.5,3064183.333333333,3064183.333333333,3064183.333333333
2018-05-30,31.7000,14.0888888889,,,3064183.5061644274,43170940.95355064585229071586,2042789,2042789,4596275,4596275,4596275,3064183.5,3064183.5,3064183.333333333,3064183.333333333,3064183.333333333
2018-05-31,31.7500,14.1111111111,,,3064183.5151051297,43239034.04644945039427660967,2042789,2042789,4596275,4596275,4596275,3064183.5,3064183.5,3064183.333333333,3064183.333333333,3064183.333333333
2018-06-01,31.9050,14.1800000000,,,3064183.4978843443,43450122.00000000217400000000,2042789,2042789,4596275,4596275,4596275,3064183.5,3064183.5,3064183.333333333,3064183.333333333,3064183.333333333
2018-06-04,33.3000,14.8000000000,,,3064183.5135135134,45349915.99999999832000000000,2042789,2042789,4596275,4596275,4596275,3064183.5,3064183.5,3064183.333333333,3064183.333333333,3064183.333333333
2018-06-05,33.4000,14.8444444444,,,3064183.5304896124,45486102.18579850480308935056,2042789,2042789,4596275,4596275,4596275,3064183.5,3064183.5,3064183.333333333,3064183.333333333,3064183.333333333
2018-06-06,33.1000,14.7111111111,,,3064183.5076914710,45077544.04644937133880342810,2042789,2042789,4596275,4596275,4596275,3064183.5,3064183.5,3064183.333333333,3064183.333333333,3064183.333333333
2018-06-07,33.2000,14.7555555556,,,3064183.4964352520,45213729.81420301544428601120,2042789,2042789,4596275,4596275,4596275,3064183.5,3064183.5,3064183.333333333,3064183.333333333,3064183.333333333
2018-06-08,33.2000,14.7555555556,,,3064183.4964352520,45213729.81420301544428601120,2042789,2042789,4596275,4596275,4596275,3064183.5,3064183.5,3064183.333333333,3064183.333333333,3064183.333333333
2018-06-11,34.1500,15.1777777778,,,3064183.4785014960,46507495.90710191003285558880,2042789,2042789,4596275,4596275,4596275,3064183.5,3064183.5,3064183.333333333,3064183.333333333,3064183.333333333
2018-06-12,33.4600,14.8711111111,,,3064183.4834006900,45567813.04644910347240665900,2042789,2042789,4596275,4596275,4596275,3064183.5,3064183.5,3064183.333333333,3064183.333333333,3064183.333333333
2018-06-13,33.9991,15.1107111111,,,3064183.5255812110,46301992.04644957614309354210,2042789,2042789,4596275,4596275,4596275,3064183.5,3064183.5,3064183.333333333,3064183.333333333,3064183.333333333
2018-06-14,33.7000,14.9777777778,,,3064183.5249502600,45894659.90710087607833222800,2042789,2042789,4596275,4596275,4596275,3064183.5,3064183.5,3064183.333333333,3064183.333333333,3064183.333333333
2018-06-15,34.2550,15.2244444444,,,3064183.4817792494,46650491.18579634215503203336,2042789,2042789,4596275,4596275,4596275,3064183.5,3064183.5,3064183.333333333,3064183.333333333,3064183.333333333
2018-06-18,33.8000,15.0222222222,,,3064183.4751234840,46030845.09289802223388614480,2042789,2042789,4596275,4596275,4596275,3064183.5,3064183.5,3064183.333333333,3064183.333333333,3064183.333333333
2018-06-19,32.5000,14.4444444444,,,3064183.4897953533,44260428.18579669506712020652,2042789,2042789,4596275,4596275,4596275,3064183.5,3064183.5,3064183.333333333,3064183.333333333,3064183.333333333
2018-06-20,34.0500,15.1333333333,,,3064183.4893909455,46371310.13934750245035363515,2042789,2042789,4596275,4596275,4596275,3064183.5,3064183.5,3064183.333333333,3064183.333333333,3064183.333333333
2018-06-21,33.8500,15.0444444444,,,3064183.4835553430,46098938.18579641875628642920,2042789,2042789,4596275,4596275,4596275,3064183.5,3064183.5,3064183.333333333,3064183.333333333,3064183.333333333
2018-06-22,34.0000,15.1111111111,,,3064183.4810172655,46303217.04644907662798869705,2042789,2042789,4596275,4596275,4596275,3064183.5,3064183.5,3064183.333333333,3064183.333333333,3064183.333333333
2018-06-25,34.3000,15.2444444444,,,3064183.5034504470,46711775.18579729499984664680,2042789,2042789,4596275,4596275,4596275,3064183.5,3064183.5,3064183.333333333,3064183.333333333,3064183.333333333
2018-06-26,34.1500,15.1777777778,,,3064183.4785014960,46507495.90710191003285558880,2042789,2042789,4596275,4596275,4596275,3064183.5,3064183.5,3064183.333333333,3064183.333333333,3064183.333333333
2018-06-27,33.7500,15.0000000000,,,3064183.4666666670,45962752.00000000500000000000,2042789,2042789,4596275,4596275,4596275,3064183.5,3064183.5,3064183.333333333,3064183.333333333,3064183.333333333
2018-06-28,33.6500,14.9555555556,,,3064183.5165422983,45826566.81420211384295743548,2042789,2042789,4596275,4596275,4596275,3064183.5,3064183.5,3064183.333333333,3064183.333333333,3064183.333333333
2018-06-29,33.3500,14.8222222222,,,3065410.5328493747,45436196.12016594476371445834,2042806,2047685,4596313,4607291,4598116,3064209,3071527.5,3064208.6666666665,3071527.333333333,3065410.6666666665
2018-07-02,32.4000,14.4000000000,,,3065410.4861111110,44141910.99999999840000000000,2042806,2047685,4596313,4607291,4598116,3064209,3071527.5,3064208.6666666665,3071527.333333333,3065410.6666666665
2018-07-03,32.8000,14.5777777778,,,3065410.4871791354,44686872.87983507184193731412,2042806,2047685,4596313,4607291,4598116,3064209,3071527.5,3064208.6666666665,3071527.333333333,3065410.6666666665
2018-07-05,31.2000,13.8666666667,,,3065410.5158401060,42507025.81975165021719467020,2042806,2047685,4596313,4607291,4598116,3064209,3071527.5,3064208.6666666665,3071527.333333333,3065410.6666666665
2018-07-06,30.5500,13.5777777778,,,3065410.5230597006,41621462.87983427726940132668,2042806,2047685,4596313,4607291,4598116,3064209,3071527.5,3064208.6666666665,3071527.333333333,3065410.6666666665
2018-07-09,32.5000,14.4444444444,,,3065410.4704937553,44278151.24032911386797805532,2042806,2047685,4596313,4607291,4598116,3064209,3071527.5,3064208.6666666665,3071527.333333333,3065410.6666666665
2018-07-10,34.1000,15.1555555556,,,3065410.4753358494,46457998.75967066915001492664,2042806,2047685,4596313,4607291,4598116,3064209,3071527.5,3064208.6666666665,3071527.333333333,3065410.6666666665
2018-07-11,33.6000,14.9333333333,,,3065410.5254699230,45776797.18024866978248433590,2042806,2047685,4596313,4607291,4598116,3064209,3071527.5,3064208.6666666665,3071527.333333333,3065410.6666666665
2018-07-12,33.5000,14.8888888889,,,3065410.4735742738,45640555.93991769224970638082,2042806,2047685,4596313,4607291,4598116,3064209,3071527.5,3064208.6666666665,3071527.333333333,3065410.6666666665
2018-07-13,33.6775,14.9677777778,,,3065410.4811662366,45882382.87983520160913702748,2042806,2047685,4596313,4607291,4598116,3064209,3071527.5,3064208.6666666665,3071527.333333333,3065410.6666666665
2018-07-16,33.5000,14.8888888889,,,3065410.4735742738,45640555.93991769224970638082,2042806,2047685,4596313,4607291,4598116,3064209,3071527.5,3064208.6666666665,3071527.333333333,3065410.6666666665
2018-07-17,33.6000,14.9333333333,,,3065410.5254699230,45776797.18024866978248433590,2042806,2047685,4596313,4607291,4598116,3064209,3071527.5,3064208.6666666665,3071527.333333333,3065410.6666666665
2018-07-18,33.6000,14.9333333333,,,3065410.5254699230,45776797.18024866978248433590,2042806,2047685,4596313,4607291,4598116,3064209,3071527.5,3064208.6666666665,3071527.333333333,3065410.6666666665
2018-07-19,33.2500,14.7777777778,,,3065410.4805857437,45299954.87983522157734634986,2042806,2047685,4596313,4607291,4598116,3064209,3071527.5,3064208.6666666665,3071527.333333333,3065410.6666666665
2018-07-20,33.2500,14.7777777778,,,3065410.4805857437,45299954.87983522157734634986,2042806,2047685,4596313,4607291,4598116,3064209,3071527.5,3064208.6666666665,3071527.333333333,3065410.6666666665
2018-07-23,33.5000,14.8888888889,,,3065410.4735742738,45640555.93991769224970638082,2042806,2047685,4596313,4607291,4598116,3064209,3071527.5,3064208.6666666665,3071527.333333333,3065410.6666666665
2018-07-24,33.8500,15.0444444444,,,3065410.5181994630,46117398.24033123622141335720,2042806,2047685,4596313,4607291,4598116,3064209,3071527.5,3064208.6666666665,3071527.333333333,3065410.6666666665
2018-07-25,34.4000,15.2888888889,,,3065410.5265911870,46866720.93991709691696212430,2042806,2047685,4596313,4607291,4598116,3064209,3071527.5,3064208.6666666665,3071527.333333333,3065410.6666666665
2018-07-26,33.3500,14.8222222222,,,3065410.5328493747,45436196.12016594476371445834,2042806,2047685,4596313,4607291,4598116,3064209,3071527.5,3064208.6666666665,3071527.333333333,3065410.6666666665
2018-07-27,32.9000,14.6222222222,,,3065410.4717484373,44823113.12016458517618336806,2042806,2047685,4596313,4607291,4598116,3064209,3071527.5,3064208.6666666665,3071527.333333333,3065410.6666666665
2018-07-30,32.7000,14.5333333333,,,3065410.4711249336,44550632.18024685463762916888,2042806,2047685,4596313,4607291,4598116,3064209,3071527.5,3064208.6666666665,3071527.333333333,3065410.6666666665
2018-07-31,32.7500,14.5555555556,,,3065410.4949297863,44618752.75966979661088576828,2042806,2047685,4596313,4607291,4598116,3064209,3071527.5,3064208.6666666665,3071527.333333333,3065410.6666666665
2018-08-01,33.0500,14.6888888889,,,3065410.4800223300,45027473.93991761856088913700,2042806,2047685,4596313,4607291,4598116,3064209,3071527.5,3064208.6666666665,3071527.333333333,3065410.6666666665
2018-08-02,33.0500,14.6888888889,,,3065410.4800223300,45027473.93991761856088913700,2042806,2047685,4596313,4607291,4598116,3064209,3071527.5,3064208.6666666665,3071527.333333333,3065410.6666666665
2018-08-03,33.1000,14.7111111111,,,3065410.4723644050,45095594.06008229788364039550,2042806,2047685,4596313,4607291,4598116,3064209,3071527.5,3064208.6666666665,3071527.333333333,3065410.6666666665
2018-08-06,33.5501,14.9111555556,,,3065410.4968077690,45708812.75966972078959145640,2042806,2047685,4596313,4607291,4598116,3064209,3071527.5,3064208.6666666665,3071527.333333333,3065410.6666666665
2018-08-07,33.1000,14.7111111111,,,3065410.4723644050,45095594.06008229788364039550,2042806,2047685,4596313,4607291,4598116,3064209,3071527.5,3064208.6666666665,3071527.333333333,3065410.6666666665
2018-08-08,33.3000,14.8000000000,,,3065410.4729729730,45368075.00000000040000000000,2042806,2047685,4596313,4607291,4598116,3064209,3071527.5,3064208.6666666665,3071527.333333333,3065410.6666666665
2018-08-09,32.8000,14.5777777778,,,3065410.4871791354,44686872.87983507184193731412,2042806,2047685,4596313,4607291,4598116,3064209,3071527.5,3064208.6666666665,3071527.333333333,3065410.6666666665
2018-08-10,32.5000,14.4444444444,,,3065410.4704937553,44278151.24032911386797805532,2042806,2047685,4596313,4607291,4598116,3064209,3071527.5,3064208.6666666665,3071527.333333333,3065410.6666666665
2018-08-13,32.0000,14.2222222222,,,3065410.4850163828,43596949.12016487958922185816,2042806,2047685,4596313,4607291,4598116,3064209,3071527.5,3064208.6666666665,3071527.333333333,3065410.6666666665
2018-08-14,30.7672,13.6743111111,,,3065410.5146150077,41917377.06008276873092205547,2043607,2049698,4598116,4611820,4598116,3065410.5,3074547,3065410.6666666665,3074546.6666666665,3065410.6666666665
2018-08-15,31.9000,14.1777777778,,,3065410.5009239800,43460708.87983477001113164400,2043607,2049698,4598116,4611820,4598116,3065410.5,3074547,3065410.6666666665,3074546.6666666665,3065410.6666666665
2018-08-16,32.5000,14.4444444444,,,3065410.4704937553,44278151.24032911386797805532,2043607,2049698,4598116,4611820,4598116,3065410.5,3074547,3065410.6666666665,3074546.6666666665,3065410.6666666665
2018-08-17,33.4500,14.8666666667,,,3065410.4811424190,45572435.81975280948270474730,2043607,2049698,4598116,4611820,4598116,3065410.5,3074547,3065410.6666666665,3074546.6666666665,3065410.6666666665
2018-08-20,34.4000,15.2888888889,,,3065410.5265911870,46866720.93991709691696212430,2043607,2049698,4598116,4611820,4598116,3065410.5,3074547,3065410.6666666665,3074546.6666666665,3065410.6666666665
2018-08-21,35.3000,15.6888888889,,,3065410.5131653590,48092884.93991724798347961510,2043607,2049698,4598116,4611820,4598116,3065410.5,3074547,3065410.6666666665,3074546.6666666665,3065410.6666666665
2018-08-22,34.9000,15.5111111111,,,3065410.5124717136,47547923.06008274194541698096,2043607,2049698,4598116,4611820,4598116,3065410.5,3074547,3065410.6666666665,3074546.6666666665,3065410.6666666665
2018-08-23,34.8500,15.4888888889,,,3065410.5197915930,47479802.93991717836133101770,2043607,2049698,4598116,4611820,4598116,3065410.5,3074547,3065410.6666666665,3074546.6666666665,3065410.6666666665
2018-08-24,35.2296,15.6576000000,,,3065410.4715920700,47996970.99999999523200000000,2043607,2049698,4598116,4611820,4598116,3065410.5,3074547,3065410.6666666665,3074546.6666666665,3065410.6666666665
2018-08-27,34.1000,15.1555555556,,,3065410.4753358494,46457998.75967066915001492664,2043607,2049698,4598116,4611820,4598116,3065410.5,3074547,3065410.6666666665,3074546.6666666665,3065410.6666666665
2018-08-28,34.3500,15.2666666667,,,3065410.4685360948,46798599.81975322762895120316,2043607,2049698,4598116,4611820,4598116,3065410.5,3074547,3065410.6666666665,3074546.6666666665,3065410.6666666665
2018-08-29,34.6000,15.3777777778,,,3065410.5268634004,47139201.87983418860726363112,2043607,2049698,4598116,4611820,4598116,3065410.5,3074547,3065410.6666666665,3074546.6666666665,3065410.6666666665
2018-08-30,33.6000,14.9333333333,,,3065410.5254699230,45776797.18024866978248433590,2043607,2049698,4598116,4611820,4598116,3065410.5,3074547,3065410.6666666665,3074546.6666666665,3065410.6666666665
2018-08-31,32.2500,14.3333333333,,,3065410.4776987853,43937550.18024707561741004049,2043607,2049698,4598116,4611820,4598116,3065410.5,3074547,3065410.6666666665,3074546.6666666665,3065410.6666666665
2018-09-04,33.5000,14.8888888889,,,3065410.4735742738,45640555.93991769224970638082,2043607,2049698,4598116,4611820,4598116,3065410.5,3074547,3065410.6666666665,3074546.6666666665,3065410.6666666665
2018-09-05,33.2755,14.7891111111,,,3065410.4712254300,45334696.06008229364587527300,2043607,2049698,4598116,4611820,4598116,3065410.5,3074547,3065410.6666666665,3074546.6666666665,3065410.6666666665
2018-09-06,33.4500,14.8666666667,,,3065410.4811424190,45572435.81975280948270474730,2043607,2049698,4598116,4611820,4598116,3065410.5,3074547,3065410.6666666665,3074546.6666666665,3065410.6666666665
2018-09-07,33.3000,14.8000000000,,,3065410.4729729730,45368075.00000000040000000000,2043607,2049698,4598116,4611820,4598116,3065410.5,3074547,3065410.6666666665,3074546.6666666665,3065410.6666666665
2018-09-10,33.2500,14.7777777778,,,3065410.4805857437,45299954.87983522157734634986,2043607,2049698,4598116,4611820,4598116,3065410.5,3074547,3065410.6666666665,3074546.6666666665,3065410.6666666665
2018-09-11,32.9500,14.6444444444,,,3065410.5323536643,44891234.24033186561411761492,2043607,2049698,4598116,4611820,4598116,3065410.5,3074547,3065410.6666666665,3074546.6666666665,3065410.6666666665
2018-09-12,32.9500,14.6444444444,,,3065410.5323536643,44891234.24033186561411761492,2043607,2049698,4598116,4611820,4598116,3065410.5,3074547,3065410.6666666665,3074546.6666666665,3065410.6666666665
2018-09-13,34.2450,15.2200000000,,,3065410.5124835740,46655547.99999999628000000000,2043607,2049698,4598116,4611820,4598116,3065410.5,3074547,3065410.6666666665,3074546.6666666665,3065410.6666666665
2018-09-14,33.0000,14.6666666667,,,3065410.4877034370,44959353.81975258968292344790,2043607,2049698,4598116,4611820,4598116,3065410.5,3074547,3065410.6666666665,3074546.6666666665,3065410.6666666665
2018-09-17,31.3500,13.9333333333,,,3065410.4914126590,42711386.18024753505028624470,2043607,2049698,4598116,4611820,4598116,3065410.5,3074547,3065410.6666666665,3074546.6666666665,3065410.6666666665
2018-09-18,32.5000,14.4444444444,,,3065410.4704937553,44278151.24032911386797805532,2043607,2049698,4598116,4611820,4598116,3065410.5,3074547,3065410.6666666665,3074546.6666666665,3065410.6666666665
2018-09-19,33.5000,14.8888888889,,,3065410.4735742738,45640555.93991769224970638082,2043607,2049698,4598116,4611820,4598116,3065410.5,3074547,3065410.6666666665,3074546.6666666665,3065410.6666666665
2018-09-20,32.8000,14.5777777778,,,3065410.4871791354,44686872.87983507184193731412,2043607,2049698,4598116,4611820,4598116,3065410.5,3074547,3065410.6666666665,3074546.6666666665,3065410.6666666665
2018-09-21,34.0500,15.1333333333,,,3065410.5185253713,46389879.18024843865604915429,2043607,2049698,4598116,4611820,4598116,3065410.5,3074547,3065410.6666666665,3074546.6666666665,3065410.6666666665
2018-09-24,32.9000,14.6222222222,,,3065410.4717484373,44823113.12016458517618336806,2043607,2049698,4598116,4611820,4598116,3065410.5,3074547,3065410.6666666665,3074546.6666666665,3065410.6666666665
2018-09-25,34.0000,15.1111111111,,,3065410.5260371515,46321759.06008289588304403165,2043607,2049698,4598116,4611820,4598116,3065410.5,3074547,3065410.6666666665,3074546.6666666665,3065410.6666666665
2018-09-26,33.6000,14.9333333333,,,3065410.5254699230,45776797.18024866978248433590,2043607,2049698,4598116,4611820,4598116,3065410.5,3074547,3065410.6666666665,3074546.6666666665,3065410.6666666665
2018-09-27,33.9000,15.0666666667,,,3065410.4747555866,46185517.81975301845582518622,2043607,2049698,4598116,4611820,4598116,3065410.5,3074547,3065410.6666666665,3074546.6666666665,3065410.6666666665
2018-09-28,33.7000,14.9777777778,,,3065410.4741684360,45913036.87983536165498152080,2043607,2049698,4598116,4611820,4598116,3065410.5,3074547,3065410.6666666665,3074546.6666666665,3065410.6666666665
2018-10-01,33.9800,15.1022222222,,,3065410.4699977487,46294510.12016454680111116114,2043607,2049698,4598116,4611820,4598116,3065410.5,3074547,3065410.6666666665,3074546.6666666665,3065410.6666666665
2018-10-02,34.5000,15.3333333333,,,3065410.5117619820,47002961.18024821031627460060,2043607,2049698,4598116,4611820,4598116,3065410.5,3074547,3065410.6666666665,3074546.6666666665,3065410.6666666665
2018-10-03,34.0700,15.1422222222,,,3065410.5083805523,46417127.12016539837136932106,2043607,2049698,4598116,4611820,4598116,3065410.5,3074547,3065410.6666666665,3074546.6666666665,3065410.6666666665
2018-10-04,34.1000,15.1555555556,,,3065410.4753358494,46457998.75967066915001492664,2043607,2049698,4598116,4611820,4598116,3065410.5,3074547,3065410.6666666665,3074546.6666666665,3065410.6666666665
2018-10-05,34.8435,15.4860000000,,,3065410.4998062765,47470946.99999999787900000000,2043607,2049698,4598116,4611820,4598116,3065410.5,3074547,3065410.6666666665,3074546.6666666665,3065410.6666666665
2018-10-08,35.0000,15.5555555556,,,3065410.5273984930,47684163.75966835380121771080,2043607,2049698,4598116,4611820,4598116,3065410.5,3074547,3065410.6666666665,3074546.6666666665,3065410.6666666665
2018-10-09,37.8900,16.8400000000,,,3065410.5106888360,51621512.99999999824000000000,2043607,2049698,4598116,4611820,4598116,3065410.5,3074547,3065410.6666666665,3074546.6666666665,3065410.6666666665
2018-10-10,37.7200,16.7644444444,,,3065410.5127532156,51389904.24033100061365541264,2043607,2049698,4598116,4611820,4598116,3065410.5,3074547,3065410.6666666665,3074546.6666666665,3065410.6666666665
2018-10-11,39.4140,17.5173333333,,,3065410.4799255594,53697817.18024715218026914802,2043607,2049698,4598116,4611820,4598116,3065410.5,3074547,3065410.6666666665,3074546.6666666665,3065410.6666666665
2018-10-12,42.5000,18.8888888889,,,3065410.4791703066,57902197.93991762922754633674,2043607,2049698,4598116,4611820,4598116,3065410.5,3074547,3065410.6666666665,3074546.6666666665,3065410.6666666665
2018-10-15,42.1900,18.7511111111,,,3065410.5092501240,57479853.06008270946545277640,2043607,2049698,4598116,4611820,4598116,3065410.5,3074547,3065410.6666666665,3074546.6666666665,3065410.6666666665
2018-10-16,40.3621,17.9387111111,,,3065410.4812500346,54989513.06008239389627944406,2043607,2049698,4598116,4611820,4598116,3065410.5,3074547,3065410.6666666665,3074546.6666666665,3065410.6666666665
2018-10-17,41.7500,18.5555555556,,,3065410.4960227640,56880394.75966975024426767840,2043607,2049698,4598116,4611820,4598116,3065410.5,3074547,3065410.6666666665,3074546.6666666665,3065410.6666666665
2018-10-18,40.3778,17.9456888889,,,3065410.4883063910,55010902.93991752434755895990,2043607,2049698,4598116,4611820,4598116,3065410.5,3074547,3065410.6666666665,3074546.6666666665,3065410.6666666665
2018-10-19,40.3005,17.9113333333,,,3065410.4950506105,54905589.18024765451916497965,2043607,2049698,4598116,4611820,4598116,3065410.5,3074547,3065410.6666666665,3074546.6666666665,3065410.6666666665
2018-10-22,40.3534,17.9348444444,,,3065410.4868746796,54977660.24032984654309001424,2043607,2049698,4598116,4611820,4598116,3065410.5,3074547,3065410.6666666665,3074546.6666666665,3065410.6666666665
2018-10-23,39.0684,17.3637333333,,,3065410.4827888063,53226970.18024724189542703979,2043607,2049698,4598116,4611820,4598116,3065410.5,3074547,3065410.6666666665,3074546.6666666665,3065410.6666666665
2018-10-24,39.1900,17.4177777778,,,3065410.4996038536,53392638.87983479693732453008,2043607,2049698,4598116,4611820,4598116,3065410.5,3074547,3065410.6666666665,3074546.6666666665,3065410.6666666665
2018-10-25,38.0200,16.8977777778,,,3065410.5268141413,51798625.87983418788992920314,2043607,2049698,4598116,4611820,4598116,3065410.5,3074547,3065410.6666666665,3074546.6666666665,3065410.6666666665
2018-10-26,33.6100,14.9377777778,,,3065410.5022158553,45790420.87983474095916035234,2043607,2049698,4598116,4611820,4598116,3065410.5,3074547,3065410.6666666665,3074546.6666666665,3065410.6666666665
2018-10-29,33.5200,14.8977777778,,,3065410.5304138865,45667804.87983410933623141970,2043607,2049698,4598116,4611820,4598116,3065410.5,3074547,3065410.6666666665,3074546.6666666665,3065410.6666666665
2018-10-30,33.5000,14.8888888889,,,3065410.4735742738,45640555.93991769224970638082,2043607,2049698,4598116,4611820,4598116,3065410.5,3074547,3065410.6666666665,3074546.6666666665,3065410.6666666665
2018-10-31,36.1870,16.0831111111,,,3065410.5240905047,49301338.06008287036257677217,2043607,2049698,4598116,4611820,4598116,3065410.5,3074547,3065410.6666666665,3074546.6666666665,3065410.6666666665
2018-11-01,36.9999,16.4444000000,,,3065410.4740823620,50408835.99999999367280000000,2043607,2049698,4598116,4611820,4598116,3065410.5,3074547,3065410.6666666665,3074546.6666666665,3065410.6666666665
2018-11-02,36.1500,16.0666666667,,,3065410.5074470798,49250928.81975192913691490266,2043607,2049698,4598116,4611820,4598116,3065410.5,3074547,3065410.6666666665,3074546.6666666665,3065410.6666666665
2018-11-05,38.9600,17.3155555556,,,3065410.4968929750,53079285.75966970979986191000,2043607,2049698,4598116,4611820,4598116,3065410.5,3074547,3065410.6666666665,3074546.6666666665,3065410.6666666665
2018-11-06,36.2000,16.0888888889,,,3065410.5004071130,49319048.93991738927222674570,2043607,2049698,4598116,4611820,4598116,3065410.5,3074547,3065410.6666666665,3074546.6666666665,3065410.6666666665
2018-11-07,35.1541,15.6240444444,,,3065410.5222734255,47894110.24033141614103229220,2043607,2049698,4598116,4611820,4598116,3065410.5,3074547,3065410.6666666665,3074546.6666666665,3065410.6666666665
2018-11-08,37.3854,16.6157333333,,,3065410.4852639370,50934043.18024732645929120210,2043607,2049698,4598116,4611820,4598116,3065410.5,3074547,3065410.6666666665,3074546.6666666665,3065410.6666666665
2018-11-09,36.0100,16.0044444444,,,3065410.5121091697,49060192.24033095993146181468,2043607,2049698,4598116,4611820,4598116,3065410.5,3074547,3065410.6666666665,3074546.6666666665,3065410.6666666665
2018-11-12,38.8500,17.2666666667,,,3065410.4721805556,52929420.81975310704240601852,2043607,2049698,4598116,4611820,4598116,3065410.5,3074547,3065410.6666666665,3074546.6666666665,3065410.6666666665
2018-11-13,37.0300,16.4577777778,,,3065410.5044416630,50449844.87983468951787648140,2043607,2049698,4598116,4611820,4598116,3065410.5,3074547,3065410.6666666665,3074546.6666666665,3065410.6666666665
2018-11-14,33.0001,14.6667111111,,,3044420.9672250743,44651642.82686580617033305473,2043823,2043823,4598602,4598602,4566631,3065734.5,3065734.5,3065734.6666666665,3065734.6666666665,3044420.6666666665
2018-11-15,34.0000,15.1111111111,,,3044420.9885448446,46004583.82686604705568283506,2043823,2043823,4598602,4598602,4566631,3065734.5,3065734.5,3065734.6666666665,3065734.6666666665,3044420.6666666665
2018-11-16,33.2500,14.7777777778,,,3044421.0234270324,44989777.34626713260052060072,2043823,2043823,4598602,4598602,4566631,3065734.5,3065734.5,3065734.6666666665,3065734.6666666665,3044420.6666666665
2018-11-19,32.4999,14.4444000000,,,3044421.0212954500,43974834.99999999798000000000,2043823,2043823,4598602,4598602,4566631,3065734.5,3065734.5,3065734.6666666665,3065734.6666666665,3044420.6666666665
2018-11-20,28.0400,12.4622222222,,,3044420.9690102874,37940250.65373166117668866028,2043823,2043823,4598602,4598602,4566631,3065734.5,3065734.5,3065734.6666666665,3065734.6666666665,3044420.6666666665
2018-11-21,29.0000,12.8888888889,,,3044421.0134301610,39239204.17313367978903811290,2043823,2043823,4598602,4598602,4566631,3065734.5,3065734.5,3065734.6666666665,3065734.6666666665,3044420.6666666665
2018-11-23,29.0000,12.8888888889,,,3044421.0134301610,39239204.17313367978903811290,2043823,2043823,4598602,4598602,4566631,3065734.5,3065734.5,3065734.6666666665,3065734.6666666665,3044420.6666666665
2018-11-26,28.2900,12.5733333333,,,3044421.0350504643,38278520.48059969043083165119,2043823,2043823,4598602,4598602,4566631,3065734.5,3065734.5,3065734.6666666665,3065734.6666666665,3044420.6666666665
2018-11-27,30.1500,13.4000000000,,,3044420.9701492535,40795240.99999999690000000000,2043823,2043823,4598602,4598602,4566631,3065734.5,3065734.5,3065734.6666666665,3065734.6666666665,3044420.6666666665
2018-11-28,30.0000,13.3333333333,,,3044421.0360525902,40592280.48059972196546491366,2043823,2043823,4598602,4598602,4566631,3065734.5,3065734.5,3065734.6666666665,3065734.6666666665,3044420.6666666665
2018-11-29,30.3000,13.4666666667,,,3044420.9791559920,40998202.51940217296597186640,2043823,2043823,4598602,4598602,4566631,3065734.5,3065734.5,3065734.6666666665,3065734.6666666665,3044420.6666666665
2018-11-30,30.1200,13.3866666667,,,3044421.0298281130,40754649.51940048672766093710,2043823,2043823,4598602,4598602,4566631,3065734.5,3065734.5,3065734.6666666665,3065734.6666666665,3044420.6666666665
2018-12-03,29.0000,12.8888888889,,,3044421.0134301610,39239204.17313367978903811290,2043823,2043823,4598602,4598602,4566631,3065734.5,3065734.5,3065734.6666666665,3065734.6666666665,3044420.6666666665
2018-12-04,29.3000,13.0222222222,,,3044420.9887730186,39645126.65373209952469393292,2043823,2043823,4598602,4598602,4566631,3065734.5,3065734.5,3065734.6666666665,3065734.6666666665,3044420.6666666665
2018-12-06,28.8956,12.8424888889,,,3044421.0239439365,39097943.17313356535777715485,2043823,2043823,4598602,4598602,4566631,3065734.5,3065734.5,3065734.6666666665,3065734.6666666665,3044420.6666666665
2018-12-07,28.4999,12.6666222222,,,3044420.9969526150,38562530.65373227163940105300,2043823,2043823,4598602,4598602,4566631,3065734.5,3065734.5,3065734.6666666665,3065734.6666666665,3044420.6666666665
2018-12-10,26.6000,11.8222222222,,,3044421.0045507600,35991821.65373244219989887200,2043823,2043823,4598602,4598602,4566631,3065734.5,3065734.5,3065734.6666666665,3065734.6666666665,3044420.6666666665
2018-12-11,27.5001,12.2222666667,,,3044421.0173207987,37209725.51940090129163069329,2043823,2043823,4598602,4598602,4566631,3065734.5,3065734.5,3065734.6666666665,3065734.6666666665,3044420.6666666665
2018-12-12,28.5400,12.6844444444,,,3044421.0210967804,38616789.30746563133950680976,2043823,2043823,4598602,4598602,4566631,3065734.5,3065734.5,3065734.6666666665,3065734.6666666665,3044420.6666666665
2018-12-13,27.7834,12.3481777778,,,3044420.9682382857,37593051.34626835909590751746,2043823,2043823,4598602,4598602,4566631,3065734.5,3065734.5,3065734.6666666665,3065734.6666666665,3044420.6666666665
2018-12-14,26.6833,11.8592444444,,,3044421.0402050730,36104533.30746648101194644120,2043823,2043823,4598602,4598602,4566631,3065734.5,3065734.5,3065734.6666666665,3065734.6666666665,3044420.6666666665
2018-12-17,28.2700,12.5644444444,,,3044420.9830950940,38251458.30746394012519577360,2043823,2043823,4598602,4598602,4566631,3065734.5,3065734.5,3065734.6666666665,3065734.6666666665,3044420.6666666665
2018-12-18,29.0000,12.8888888889,,,3044421.0134301610,39239204.17313367978903811290,2043823,2043823,4598602,4598602,4566631,3065734.5,3065734.5,3065734.6666666665,3065734.6666666665,3044420.6666666665
2018-12-19,27.4000,12.1777777778,,,3044420.9955821250,37074282.34626775379990182500,2043823,2043823,4598602,4598602,4566631,3065734.5,3065734.5,3065734.6666666665,3065734.6666666665,3044420.6666666665
2018-12-20,28.8700,12.8311111111,,,3044420.9771570640,39063303.82686592318025381040,2043823,2043823,4598602,4598602,4566631,3065734.5,3065734.5,3065734.6666666665,3065734.6666666665,3044420.6666666665
2018-12-21,27.9900,12.4400000000,,,3044420.9807073960,37872597.00000000624000000000,2043823,2043823,4598602,4598602,4566631,3065734.5,3065734.5,3065734.6666666665,3065734.6666666665,3044420.6666666665
2018-12-24,26.0000,11.5555555556,,,3044420.9733808716,35179975.69253649053215026096,2043823,2043823,4598602,4598602,4566631,3065734.5,3065734.5,3065734.6666666665,3065734.6666666665,3044420.6666666665
2018-12-26,26.0100,11.5600000000,,,3044421.0207612454,35193506.99999999682400000000,2043823,2043823,4598602,4598602,4566631,3065734.5,3065734.5,3065734.6666666665,3065734.6666666665,3044420.6666666665
2018-12-27,24.6000,10.9333333333,,,3044420.9890883816,33285669.48059815812703038728,2043823,2043823,4598602,4598602,4566631,3065734.5,3065734.5,3065734.6666666665,3065734.6666666665,3044420.6666666665
2018-12-28,24.0300,10.6800000000,,,3044420.9737827717,32514416.00000000175600000000,2043823,2043823,4598602,4598602,4566631,3065734.5,3065734.5,3065734.6666666665,3065734.6666666665,3044420.6666666665
2018-12-31,24.5000,10.8888888889,,,3044421.0158969224,33150362.17313364858906552136,2043823,2043823,4598602,4598602,4566631,3065734.5,3065734.5,3065734.6666666665,3065734.6666666665,3044420.6666666665
2019-01-02,23.8000,10.5777777778,,,3044420.9570988296,32203208.34626860690126886288,2043823,2043823,4598602,4598602,4566631,3065734.5,3065734.5,3065734.6666666665,3065734.6666666665,3044420.6666666665
2019-01-03,25.5400,11.3511111111,,,3044420.9812264890,34557560.82686596379354192790,2043823,2043823,4598602,4598602,4566631,3065734.5,3065734.5,3065734.6666666665,3065734.6666666665,3044420.6666666665
2019-01-04,27.5000,12.2222222222,,,3044420.9716744935,37209589.65373171120062945570,2043823,2043823,4598602,4598602,4566631,3065734.5,3065734.5,3065734.6666666665,3065734.6666666665,3044420.6666666665
2019-01-07,26.8400,11.9288888889,,,3044421.0279237814,36316560.17313351257853248646,2043823,2043823,4598602,4598602,4566631,3065734.5,3065734.5,3065734.6666666665,3065734.6666666665,3044420.6666666665
2019-01-08,28.5000,12.6666666667,,,3044420.9620501000,38562665.51940274736540167000,2043823,2043823,4598602,4598602,4566631,3065734.5,3065734.5,3065734.6666666665,3065734.6666666665,3044420.6666666665
2019-01-09,28.8893,12.8396888889,,,3044420.9755679650,39089418.17313409857728408850,2043823,2043823,4598602,4598602,4566631,3065734.5,3065734.5,3065734.6666666665,3065734.6666666665,3044420.6666666665
2019-01-10,28.4000,12.6222222222,,,3044421.0201074300,38427358.65373279597733094600,2043823,2043823,4598602,4598602,4566631,3065734.5,3065734.5,3065734.6666666665,3065734.6666666665,3044420.6666666665
2019-01-11,28.8000,12.8000000000,,,3044421.0156250000,38968589.00000000000000000000,2043823,2043823,4598602,4598602,4566631,3065734.5,3065734.5,3065734.6666666665,3065734.6666666665,3044420.6666666665
2019-01-14,28.8000,12.8000000000,,,3044421.0156250000,38968589.00000000000000000000,2043823,2043823,4598602,4598602,4566631,3065734.5,3065734.5,3065734.6666666665,3065734.6666666665,3044420.6666666665
2019-01-15,30.0000,13.3333333333,,,3044421.0360525902,40592280.48059972196546491366,2043823,2043823,4598602,4598602,4566631,3065734.5,3065734.5,3065734.6666666665,3065734.6666666665,3044420.6666666665
2019-01-16,30.2800,13.4577777778,,,3044421.0049190800,40971141.34626753931122042400,2043823,2043823,4598602,4598602,4566631,3065734.5,3065734.5,3065734.6666666665,3065734.6666666665,3044420.6666666665
2019-01-17,29.2500,13.0000000000,,,3044421.0000000000,39577473.00000000000000000000,2043823,2043823,4598602,4598602,4566631,3065734.5,3065734.5,3065734.6666666665,3065734.6666666665,3044420.6666666665
2019-01-18,30.0100,13.3377777778,,,3044420.9689753930,40605810.34626833999042167540,2043823,2043823,4598602,4598602,4566631,3065734.5,3065734.5,3065734.6666666665,3065734.6666666665,3044420.6666666665
2019-01-22,30.6500,13.6222222222,,,3044421.0186313520,41471779.65373276344403041440,2043823,2043823,4598602,4598602,4566631,3065734.5,3065734.5,3065734.6666666665,3065734.6666666665,3044420.6666666665
2019-01-23,32.8190,14.5862222222,,,3044421.0280950490,44406601.65373297425759788780,2043823,2043823,4598602,4598602,4566631,3065734.5,3065734.5,3065734.6666666665,3065734.6666666665,3044420.6666666665
2019-01-24,30.7800,13.6800000000,,,3044420.9795321636,41647678.99999999804800000000,2043823,2043823,4598602,4598602,4566631,3065734.5,3065734.5,3065734.6666666665,3065734.6666666665,3044420.6666666665
2019-01-25,30.6000,13.6000000000,,,3044421.0294117650,41404126.00000000400000000000,2043823,2043823,4598602,4598602,4566631,3065734.5,3065734.5,3065734.6666666665,3065734.6666666665,3044420.6666666665
2019-01-28,30.6000,13.6000000000,,,3044421.0294117650,41404126.00000000400000000000,2043823,2043823,4598602,4598602,4566631,3065734.5,3065734.5,3065734.6666666665,3065734.6666666665,3044420.6666666665
2019-01-29,29.3400,13.0400000000,,,3044421.0122699390,39699250.00000000456000000000,2043823,2043823,4598602,4598602,4566631,3065734.5,3065734.5,3065734.6666666665,3065734.6666666665,3044420.6666666665
2019-01-30,30.4200,13.5200000000,,,3044421.0059171600,41160572.00000000320000000000,2043823,2043823,4598602,4598602,4566631,3065734.5,3065734.5,3065734.6666666665,3065734.6666666665,3044420.6666666665
2019-01-31,30.4200,13.5200000000,,,3044421.0059171600,41160572.00000000320000000000,2043823,2043823,4598602,4598602,4566631,3065734.5,3065734.5,3065734.6666666665,3065734.6666666665,3044420.6666666665
2019-02-01,30.4200,13.5200000000,,,3044421.0059171600,41160572.00000000320000000000,2043823,2043823,4598602,4598602,4566631,3065734.5,3065734.5,3065734.6666666665,3065734.6666666665,3044420.6666666665
2019-02-04,29.0000,12.8888888889,,,3044421.0134301610,39239204.17313367978903811290,2043823,2043823,4598602,4598602,4566631,3065734.5,3065734.5,3065734.6666666665,3065734.6666666665,3044420.6666666665
2019-02-05,29.0000,12.8888888889,,,3044421.0134301610,39239204.17313367978903811290,2043823,2043823,4598602,4598602,4566631,3065734.5,3065734.5,3065734.6666666665,3065734.6666666665,3044420.6666666665
2019-02-06,29.0000,12.8888888889,,,3044421.0134301610,39239204.17313367978903811290,2043823,2043823,4598602,4598602,4566631,3065734.5,3065734.5,3065734.6666666665,3065734.6666666665,3044420.6666666665
2019-02-07,29.0000,12.8888888889,,,3044421.0134301610,39239204.17313367978903811290,2043823,2043823,4598602,4598602,4566631,3065734.5,3065734.5,3065734.6666666665,3065734.6666666665,3044420.6666666665
2019-02-08,29.0000,12.8888888889,,,3044421.0134301610,39239204.17313367978903811290,2043823,2043823,4598602,4598602,4566631,3065734.5,3065734.5,3065734.6666666665,3065734.6666666665,3044420.6666666665
2019-02-11,28.7310,12.7693333333,,,3044420.9941030443,38875226.48059832631499656519,2043823,2043823,4598602,4598602,4566631,3065734.5,3065734.5,3065734.6666666665,3065734.6666666665,3044420.6666666665
2019-02-12,30.4000,13.5111111111,,,3044421.0315962430,41133510.82686652296631559730,2043823,2043823,4598602,4598602,4566631,3065734.5,3065734.5,3065734.6666666665,3065734.6666666665,3044420.6666666665
2019-02-13,28.8501,12.8222666667,,,3044420.9697168213,39036377.51940248789327056071,2043823,2043823,4598602,4598602,4566631,3065734.5,3065734.5,3065734.6666666665,3065734.6666666665,3044420.6666666665
2019-02-14,29.1500,12.9555555556,,,3036496.4957238566,39339499.04473514201758772696,2028194,2028194,4563436,4563436,4554745,3042291,3042291,3042290.6666666665,3042290.6666666665,3036496.6666666665
2019-02-15,29.1500,12.9555555556,,,3036496.4957238566,39339499.04473514201758772696,2028194,2028194,4563436,4563436,4554745,3042291,3042291,3042290.6666666665,3042290.6666666665,3036496.6666666665
2019-02-19,30.0000,13.3333333333,,,3036496.5162412906,40486620.21644932478279195698,2028194,2028194,4563436,4563436,4554745,3042291,3042291,3042290.6666666665,3042290.6666666665,3036496.6666666665
2019-02-20,29.3500,13.0444444444,,,3036496.5042470335,39609409.95526523714425568740,2028194,2028194,4563436,4563436,4554745,3042291,3042291,3042290.6666666665,3042290.6666666665,3036496.6666666665
2019-02-21,31.0000,13.7777777778,,,3036496.4653282817,41836173.52236824778811840626,2028194,2028194,4563436,4563436,4554745,3042291,3042291,3042290.6666666665,3042290.6666666665,3036496.6666666665
2019-02-22,31.0000,13.7777777778,,,3036496.4653282817,41836173.52236824778811840626,2028194,2028194,4563436,4563436,4554745,3042291,3042291,3042290.6666666665,3042290.6666666665,3036496.6666666665
2019-02-25,31.0000,13.7777777778,,,3036496.4653282817,41836173.52236824778811840626,2028194,2028194,4563436,4563436,4554745,3042291,3042291,3042290.6666666665,3042290.6666666665,3036496.6666666665
2019-02-26,30.7500,13.6666666667,,,3036496.5207401933,41498785.78355052498402467311,2028194,2028194,4563436,4563436,4554745,3042291,3042291,3042290.6666666665,3042290.6666666665,3036496.6666666665
2019-02-27,32.0000,14.2222222222,,,3036496.5335883335,43185728.47763326541036470370,2028194,2028194,4563436,4563436,4554745,3042291,3042291,3042290.6666666665,3042290.6666666665,3036496.6666666665
2019-02-28,32.3400,14.3733333333,,,3036496.4900196893,43644576.21644845098899934369,2028194,2028194,4563436,4563436,4554745,3042291,3042291,3042290.6666666665,3042290.6666666665,3036496.6666666665
2019-03-01,32.4500,14.4222222222,,,3036496.5123212826,43793027.47763279801972619372,2028194,2028194,4563436,4563436,4554745,3042291,3042291,3042290.6666666665,3042290.6666666665,3036496.6666666665
2019-03-04,33.3700,14.8311111111,,,3036496.4837402487,45034616.73881608298084733057,2028194,2028194,4563436,4563436,4554745,3042291,3042291,3042290.6666666665,3042290.6666666665,3036496.6666666665
2019-03-05,33.3700,14.8311111111,,,3036496.4837402487,45034616.73881608298084733057,2028194,2028194,4563436,4563436,4554745,3042291,3042291,3042290.6666666665,3042290.6666666665,3036496.6666666665
2019-03-06,33.3700,14.8311111111,,,3036496.4837402487,45034616.73881608298084733057,2028194,2028194,4563436,4563436,4554745,3042291,3042291,3042290.6666666665,3042290.6666666665,3036496.6666666665
2019-03-07,31.0000,13.7777777778,,,3036496.4653282817,41836173.52236824778811840626,2028194,2028194,4563436,4563436,4554745,3042291,3042291,3042290.6666666665,3042290.6666666665,3036496.6666666665
2019-03-08,29.8421,13.2631555556,,,3036496.4714397730,40273525.04473622199575287880,2028194,2028194,4563436,4563436,4554745,3042291,3042291,3042290.6666666665,3042290.6666666665,3036496.6666666665
2019-03-11,31.4000,13.9555555556,,,3036496.5318581790,42375996.04473354233474925240,2028194,2028194,4563436,4563436,4554745,3042291,3042291,3042290.6666666665,3042290.6666666665,3036496.6666666665
2019-03-12,31.4000,13.9555555556,,,3036496.5318581790,42375996.04473354233474925240,2028194,2028194,4563436,4563436,4554745,3042291,3042291,3042290.6666666665,3042290.6666666665,3036496.6666666665
2019-03-13,30.4000,13.5111111111,,,3036496.5102767353,41026441.73881637364766359183,2028194,2028194,4563436,4563436,4554745,3042291,3042291,3042290.6666666665,3042290.6666666665,3036496.6666666665
2019-03-14,30.0000,13.3333333333,,,3036496.5162412906,40486620.21644932478279195698,2028194,2028194,4563436,4563436,4554745,3042291,3042291,3042290.6666666665,3042290.6666666665,3036496.6666666665
2019-03-15,30.6200,13.6088888889,,,3036496.4839186120,41323343.26118391637871020680,2028194,2028194,4563436,4563436,4554745,3042291,3042291,3042290.6666666665,3042290.6666666665,3036496.6666666665
2019-03-18,30.3100,13.4711111111,,,3036496.4999146320,40904981.73881625933666761520,2028194,2028194,4563436,4563436,4554745,3042291,3042291,3042290.6666666665,3042290.6666666665,3036496.6666666665
2019-03-19,30.5000,13.5555555556,,,3036496.5032901530,41161397.04473480717792400680,2028194,2028194,4563436,4563436,4554745,3042291,3042291,3042290.6666666665,3042290.6666666665,3036496.6666666665
2019-03-20,31.9000,14.1777777778,,,3036496.4945196010,43050772.52236759854432265780,2028194,2028194,4563436,4563436,4554745,3042291,3042291,3042290.6666666665,3042290.6666666665,3036496.6666666665
2019-03-21,30.1500,13.4000000000,,,3036496.4925373130,40689052.99999999420000000000,2028194,2028194,4563436,4563436,4554745,3042291,3042291,3042290.6666666665,3042290.6666666665,3036496.6666666665
2019-03-22,30.1500,13.4000000000,,,3036496.4925373130,40689052.99999999420000000000,2028194,2028194,4563436,4563436,4554745,3042291,3042291,3042290.6666666665,3042290.6666666665,3036496.6666666665
2019-03-25,30.5200,13.5644444444,,,3036496.4908141904,41188387.95526464060396381376,2028194,2028194,4563436,4563436,4554745,3042291,3042291,3042290.6666666665,3042290.6666666665,3036496.6666666665
2019-03-26,30.5200,13.5644444444,,,3036496.4908141904,41188387.95526464060396381376,2028194,2028194,4563436,4563436,4554745,3042291,3042291,3042290.6666666665,3042290.6666666665,3036496.6666666665
2019-03-27,30.5200,13.5644444444,,,3036496.4908141904,41188387.95526464060396381376,2028194,2028194,4563436,4563436,4554745,3042291,3042291,3042290.6666666665,3042290.6666666665,3036496.6666666665
2019-03-28,30.3200,13.4755555556,,,3036496.4825313900,40918477.04473573086589028400,2028194,2028194,4563436,4563436,4554745,3042291,3042291,3042290.6666666665,3042290.6666666665,3036496.6666666665
2019-03-29,30.1900,13.4177777778,,,3036496.5195486590,40743035.52236704001598997020,2028194,2028194,4563436,4563436,4554745,3042291,3042291,3042290.6666666665,3042290.6666666665,3036496.6666666665
2019-04-01,30.1200,13.3866666667,,,3036496.5226680213,40648566.78355046168675560071,2028194,2028194,4563436,4563436,4554745,3042291,3042291,3042290.6666666665,3042290.6666666665,3036496.6666666665
2019-04-02,28.8090,12.8040000000,,,3036496.4854732896,38879301.00000000003840000000,2028194,2028194,4563436,4563436,4554745,3042291,3042291,3042290.6666666665,3042290.6666666665,3036496.6666666665
2019-04-03,28.9973,12.8876888889,,,3036496.5044189420,39133422.26118368856409354380,2028194,2028194,4563436,4563436,4554745,3042291,3042291,3042290.6666666665,3042290.6666666665,3036496.6666666665
2019-04-04,28.0500,12.4666666667,,,3036496.5066938326,37854989.78355099629688979442,2028194,2028194,4563436,4563436,4554745,3042291,3042291,3042290.6666666665,3042290.6666666665,3036496.6666666665
2019-04-05,28.5000,12.6666666667,,,3036496.4829039923,38462288.78355178568276346641,2028194,2028194,4563436,4563436,4554745,3042291,3042291,3042290.6666666665,3042290.6666666665,3036496.6666666665
2019-04-08,28.0390,12.4617777778,,,3036496.4932834744,37840144.52236762823389518832,2028194,2028194,4563436,4563436,4554745,3042291,3042291,3042290.6666666665,3042290.6666666665,3036496.6666666665
2019-04-09,28.1040,12.4906666667,,,3036496.5134059740,37927865.78355076912644686580,2028194,2028194,4563436,4563436,4554745,3042291,3042291,3042290.6666666665,3042290.6666666665,3036496.6666666665
2019-04-10,28.3800,12.6133333333,,,3036496.4759420610,38300342.21644797953080193130,2028194,2028194,4563436,4563436,4554745,3042291,3042291,3042290.6666666665,3042290.6666666665,3036496.6666666665
2019-04-11,28.3800,12.6133333333,,,3036496.4759420610,38300342.21644797953080193130,2028194,2028194,4563436,4563436,4554745,3042291,3042291,3042290.6666666665,3042290.6666666665,3036496.6666666665
2019-04-12,27.7001,12.3111555556,,,3036496.5234908050,37382781.04473390988126625800,2028194,2028194,4563436,4563436,4554745,3042291,3042291,3042290.6666666665,3042290.6666666665,3036496.6666666665
2019-04-15,27.9000,12.4000000000,,,3036496.5322580645,37652556.99999999980000000000,2028194,2028194,4563436,4563436,4554745,3042291,3042291,3042290.6666666665,3042290.6666666665,3036496.6666666665
2019-04-16,28.0000,12.4444444444,,,3036496.4964160590,37787511.95526488993349261960,2028194,2028194,4563436,4563436,4554745,3042291,3042291,3042290.6666666665,3042290.6666666665,3036496.6666666665
2019-04-17,28.0000,12.4444444444,,,3036496.4964160590,37787511.95526488993349261960,2028194,2028194,4563436,4563436,4554745,3042291,3042291,3042290.6666666665,3042290.6666666665,3036496.6666666665
2019-04-18,28.0000,12.4444444444,,,3036496.4964160590,37787511.95526488993349261960,2028194,2028194,4563436,4563436,4554745,3042291,3042291,3042290.6666666665,3042290.6666666665,3036496.6666666665
2019-04-22,27.7000,12.3111111111,,,3036496.4950329377,37382645.73881620527894407847,2028194,2028194,4563436,4563436,4554745,3042291,3042291,3042290.6666666665,3042290.6666666665,3036496.6666666665
2019-04-23,28.2425,12.5522222222,,,3036496.4707381977,38114778.47763187720831692894,2028194,2028194,4563436,4563436,4554745,3042291,3042291,3042290.6666666665,3042290.6666666665,3036496.6666666665
2019-04-24,28.2425,12.5522222222,,,3036496.4707381977,38114778.47763187720831692894,2028194,2028194,4563436,4563436,4554745,3042291,3042291,3042290.6666666665,3042290.6666666665,3036496.6666666665
2019-04-25,28.2425,12.5522222222,,,3036496.4707381977,38114778.47763187720831692894,2028194,2028194,4563436,4563436,4554745,3042291,3042291,3042290.6666666665,3042290.6666666665,3036496.6666666665
2019-04-26,28.2425,12.5522222222,,,3036496.4707381977,38114778.47763187720831692894,2028194,2028194,4563436,4563436,4554745,3042291,3042291,3042290.6666666665,3042290.6666666665,3036496.6666666665
2019-04-29,27.0000,12.0000000000,,,3036496.5000000000,36437958.00000000000000000000,2028194,2028194,4563436,4563436,4554745,3042291,3042291,3042290.6666666665,3042290.6666666665,3036496.6666666665
2019-04-30,27.0000,12.0000000000,,,3036496.5000000000,36437958.00000000000000000000,2028194,2028194,4563436,4563436,4554745,3042291,3042291,3042290.6666666665,3042290.6666666665,3036496.6666666665
2019-05-01,27.3000,12.1333333333,,,3036496.5013640146,36842824.21644882726328786618,2028194,2028194,4563436,4563436,4554745,3042291,3042291,3042290.6666666665,3042290.6666666665,3036496.6666666665
2019-05-02,27.3000,12.1333333333,,,3036496.5013640146,36842824.21644882726328786618,2028194,2028194,4563436,4563436,4554745,3042291,3042291,3042290.6666666665,3042290.6666666665,3036496.6666666665
2019-05-03,27.7460,12.3315555556,,,3036496.4805864610,37444725.04473582069069273160,2028194,2028194,4563436,4563436,4554745,3042291,3042291,3042290.6666666665,3042290.6666666665,3036496.6666666665
2019-05-06,26.5100,11.7822222222,,,3036496.4947123630,35776676.47763240813567305860,2028194,2028194,4563436,4563436,4554745,3042291,3042291,3042290.6666666665,3042290.6666666665,3036496.6666666665
2019-05-07,27.5000,12.2222222222,,,3036496.5390846160,37112735.47763338452135367520,2028194,2028194,4563436,4563436,4554745,3042291,3042291,3042290.6666666665,3042290.6666666665,3036496.6666666665
2019-05-08,27.8000,12.3555555556,,,3036496.4874227070,37517601.04473551299944100920,2028194,2028194,4563436,4563436,4554745,3042291,3042291,3042290.6666666665,3042290.6666666665,3036496.6666666665
2019-05-09,27.8000,12.3555555556,,,3036496.4874227070,37517601.04473551299944100920,2028194,2028194,4563436,4563436,4554745,3042291,3042291,3042290.6666666665,3042290.6666666665,3036496.6666666665
2019-05-10,27.8000,12.3555555556,,,3036496.4874227070,37517601.04473551299944100920,2028194,2028194,4563436,4563436,4554745,3042291,3042291,3042290.6666666665,3042290.6666666665,3036496.6666666665
2019-05-13,27.8000,12.3555555556,,,3036496.4874227070,37517601.04473551299944100920,2028194,2028194,4563436,4563436,4554745,3042291,3042291,3042290.6666666665,3042290.6666666665,3036496.6666666665
2019-05-14,27.2700,12.1200000000,,,3036496.5346534657,36802338.00000000428400000000,2028194,2028194,4563436,4563436,4554745,3042291,3042291,3042290.6666666665,3042290.6666666665,3036496.6666666665
2019-05-15,27.3500,12.1555555556,,,3036496.5118957520,36910302.04473442971163981120,2028194,2028194,4563436,4563436,4554745,3042291,3042291,3042290.6666666665,3042290.6666666665,3036496.6666666665
2019-05-16,27.5328,12.2368000000,,,3036496.4696652717,37156999.99999999673856000000,2028194,2028194,4563436,4563436,4554745,3042291,3042291,3042290.6666666665,3042290.6666666665,3036496.6666666665
2019-05-17,27.5328,12.2368000000,,,3036496.4696652717,37156999.99999999673856000000,2028194,2028194,4563436,4563436,4554745,3042291,3042291,3042290.6666666665,3042290.6666666665,3036496.6666666665
2019-05-20,26.8300,11.9244444444,,,3036496.5113548688,36208533.95526554677905089472,2028194,2028194,4563436,4563436,4554745,3042291,3042291,3042290.6666666665,3042290.6666666665,3036496.6666666665
2019-05-21,26.8300,11.9244444444,,,3036496.5113548688,36208533.95526554677905089472,2028194,2028194,4563436,4563436,4554745,3042291,3042291,3042290.6666666665,3042290.6666666665,3036496.6666666665
2019-05-22,26.8300,11.9244444444,,,3036496.5113548688,36208533.95526554677905089472,2028194,2028194,4563436,4563436,4554745,3042291,3042291,3042290.6666666665,3042290.6666666665,3036496.6666666665
2019-05-23,27.1250,12.0555555556,,,3036496.4829622750,36606652.04473571512146499000,2028194,2028194,4563436,4563436,4554745,3042291,3042291,3042290.6666666665,3042290.6666666665,3036496.6666666665
2019-05-24,27.1250,12.0555555556,,,3036496.4829622750,36606652.04473571512146499000,2028194,2028194,4563436,4563436,4554745,3042291,3042291,3042290.6666666665,3042290.6666666665,3036496.6666666665
2019-05-28,27.5664,12.2517333333,,,3036496.4862019150,37202345.21644832551979326950,2028194,2028194,4563436,4563436,4554745,3042291,3042291,3042290.6666666665,3042290.6666666665,3036496.6666666665
2019-05-29,27.4625,12.2055555556,,,3036496.5261847020,37062127.04473379036783043120,2028194,2028194,4563436,4563436,4554745,3042291,3042291,3042290.6666666665,3042290.6666666665,3036496.6666666665
2019-05-30,27.0882,12.0392000000,,,3036496.5280085057,36556989.00000000182344000000,2028194,2028194,4563436,4563436,4554745,3042291,3042291,3042290.6666666665,3042290.6666666665,3036496.6666666665
2019-05-31,27.2072,12.0920888889,,,3036496.4729037965,36717585.26118403757627670885,2028194,2028194,4563436,4563436,4554745,3042291,3042291,3042290.6666666665,3042290.6666666665,3036496.6666666665
2019-06-03,27.2072,12.0920888889,,,3036496.4729037965,36717585.26118403757627670885,2028194,2028194,4563436,4563436,4554745,3042291,3042291,3042290.6666666665,3042290.6666666665,3036496.6666666665
2019-06-04,27.2072,12.0920888889,,,3036496.4729037965,36717585.26118403757627670885,2028194,2028194,4563436,4563436,4554745,3042291,3042291,3042290.6666666665,3042290.6666666665,3036496.6666666665
2019-06-05,27.7900,12.3511111111,,,3036496.5063840467,37504105.73881633128015128837,2028194,2028194,4563436,4563436,4554745,3042291,3042291,3042290.6666666665,3042290.6666666665,3036496.6666666665
2019-06-06,27.7900,12.3511111111,,,3036496.5063840467,37504105.73881633128015128837,2028194,2028194,4563436,4563436,4554745,3042291,3042291,3042290.6666666665,3042290.6666666665,3036496.6666666665
2019-06-07,27.7900,12.3511111111,,,3036496.5063840467,37504105.73881633128015128837,2028194,2028194,4563436,4563436,4554745,3042291,3042291,3042290.6666666665,3042290.6666666665,3036496.6666666665
2019-06-10,27.6000,18.4000000000,,,3036496.5217391310,55871536.00000001040000000000,2028194,2028194,4563436,4563436,4554745,3042291,3042291,3042290.6666666665,3042290.6666666665,3036496.6666666665
2019-06-11,19.5767,19.5767000000,2,3,3036496.4983883905,59444581.00000000430135000000,2028194,2028194,4563436,4563436,4554745,3042291,3042291,3042290.6666666665,3042290.6666666665,3036496.6666666665
2019-06-12,20.6900,20.6900000000,,,3036496.5200579990,62825112.99999999931000000000,2028194,2028194,4563436,4563436,4554745,3042291,3042291,3042290.6666666665,3042290.6666666665,3036496.6666666665
2019-06-13,17.0100,17.0100000000,,,3036496.4726631390,51650804.99999999439000000000,2028194,2028194,4563436,4563436,4554745,3042291,3042291,3042290.6666666665,3042290.6666666665,3036496.6666666665
2019-06-14,16.9300,16.9300000000,,,3036496.5150620200,51407885.99999999860000000000,2028194,2028194,4563436,4563436,4554745,3042291,3042291,3042290.6666666665,3042290.6666666665,3036496.6666666665
2019-06-17,17.0000,17.0000000000,,,3036496.4705882350,51620439.99999999500000000000,2028194,2028194,4563436,4563436,4554745,3042291,3042291,3042290.6666666665,3042290.6666666665,3036496.6666666665
2019-06-18,17.0000,17.0000000000,,,3036496.4705882350,51620439.99999999500000000000,2028194,2028194,4563436,4563436,4554745,3042291,3042291,3042290.6666666665,3042290.6666666665,3036496.6666666665
2019-06-19,17.9700,17.9700000000,,,3036496.4941569283,54565842.00000000155100000000,2028194,2028194,4563436,4563436,4554745,3042291,3042291,3042290.6666666665,3042290.6666666665,3036496.6666666665
2019-06-20,19.0000,19.0000000000,,,3036496.4736842103,57693432.99999999570000000000,2028194,2028194,4563436,4563436,4554745,3042291,3042291,3042290.6666666665,3042290.6666666665,3036496.6666666665
2019-06-21,19.0000,19.0000000000,,,3036496.4736842103,57693432.99999999570000000000,2028194,2028194,4563436,4563436,4554745,3042291,3042291,3042290.6666666665,3042290.6666666665,3036496.6666666665
2019-06-24,17.9800,17.9800000000,,,3036496.4961067853,54596206.99999999969400000000,2028194,2028194,4563436,4563436,4554745,3042291,3042291,3042290.6666666665,3042290.6666666665,3036496.6666666665
2019-06-25,17.6100,17.6100000000,,,3036496.4792731404,53472703.00000000244400000000,2028194,2028194,4563436,4563436,4554745,3042291,3042291,3042290.6666666665,3042290.6666666665,3036496.6666666665
2019-06-26,17.9137,17.9137000000,,,3036496.4803474440,54394887.00000000758280000000,2028194,2028194,4563436,4563436,4554745,3042291,3042291,3042290.6666666665,3042290.6666666665,3036496.6666666665
2019-06-27,17.3000,17.3000000000,,,3036496.4739884390,52531388.99999999470000000000,2028194,2028194,4563436,4563436,4554745,3042291,3042291,3042290.6666666665,3042290.6666666665,3036496.6666666665
2019-06-28,17.4900,17.4900000000,,,2022636.9925671814,35375921.00000000268600000000,3052000,3060000,6867000,6885000,4550933,2034666.6666666665,2040000,2060100.0000000002,2065500.0000000002,
2019-07-01,17.2600,17.2600000000,,,2022637.0220162224,34910714.99999999862400000000,3052000,3060000,6867000,6885000,4550933,2034666.6666666665,2040000,2060100.0000000002,2065500.0000000002,
2019-07-02,17.6000,17.6000000000,,,2022636.9886363635,35598410.99999999760000000000,3052000,3060000,6867000,6885000,4550933,2034666.6666666665,2040000,2060100.0000000002,2065500.0000000002,
2019-07-03,18.0000,18.0000000000,,,2022637.0000000000,36407466.00000000000000000000,3052000,3060000,6867000,6885000,4550933,2034666.6666666665,2040000,2060100.0000000002,2065500.0000000002,
2019-07-05,18.0500,18.0500000000,,,2022637.0083102493,36508597.99999999986500000000,3052000,3060000,6867000,6885000,4550933,2034666.6666666665,2040000,2060100.0000000002,2065500.0000000002,
2019-07-08,18.2000,18.2000000000,,,2022636.9780219782,36811993.00000000324000000000,3052000,3060000,6867000,6885000,4550933,2034666.6666666665,2040000,2060100.0000000002,2065500.0000000002,
2019-07-09,18.0012,18.0012000000,,,2022636.9908672755,36409892.99999999973060000000,3052000,3060000,6867000,6885000,4550933,2034666.6666666665,2040000,2060100.0000000002,2065500.0000000002,
2019-07-10,18.1400,18.1400000000,,,2022636.9900771775,36690634.99999999985000000000,3052000,3060000,6867000,6885000,4550933,2034666.6666666665,2040000,2060100.0000000002,2065500.0000000002,
2019-07-11,17.6300,17.6300000000,,,2022636.9824163360,35659090.00000000368000000000,3052000,3060000,6867000,6885000,4550933,2034666.6666666665,2040000,2060100.0000000002,2065500.0000000002,
2019-07-12,18.0000,18.0000000000,,,2022637.0000000000,36407466.00000000000000000000,3052000,3060000,6867000,6885000,4550933,2034666.6666666665,2040000,2060100.0000000002,2065500.0000000002,
2019-07-15,18.0000,18.0000000000,,,2022637.0000000000,36407466.00000000000000000000,3052000,3060000,6867000,6885000,4550933,2034666.6666666665,2040000,2060100.0000000002,2065500.0000000002,
2019-07-16,17.5200,17.5200000000,,,2022636.9863013700,35436600.00000000240000000000,3052000,3060000,6867000,6885000,4550933,2034666.6666666665,2040000,2060100.0000000002,2065500.0000000002,
2019-07-17,17.7885,17.7885000000,,,2022636.9845686820,35979677.99999999975700000000,3052000,3060000,6867000,6885000,4550933,2034666.6666666665,2040000,2060100.0000000002,2065500.0000000002,
2019-07-18,17.5450,17.5450000000,,,2022636.9905956110,35487165.99999999499500000000,3052000,3060000,6867000,6885000,4550933,2034666.6666666665,2040000,2060100.0000000002,2065500.0000000002,
2019-07-19,17.5097,17.5097000000,,,2022636.9954939263,35415767.00000000133511000000,3052000,3060000,6867000,6885000,4550933,2034666.6666666665,2040000,2060100.0000000002,2065500.0000000002,
2019-07-22,17.0815,17.0815000000,,,2022637.0049468726,34549674.00000000431690000000,3052000,3060000,6867000,6885000,4550933,2034666.6666666665,2040000,2060100.0000000002,2065500.0000000002,
2019-07-23,17.2525,17.2525000000,,,2022637.0091291117,34895544.99999999960425000000,3052000,3060000,6867000,6885000,4550933,2034666.6666666665,2040000,2060100.0000000002,2065500.0000000002,
2019-07-24,17.3500,17.3500000000,,,2022637.0028818443,35092751.99999999860500000000,3052000,3060000,6867000,6885000,4550933,2034666.6666666665,2040000,2060100.0000000002,2065500.0000000002,
2019-07-25,17.3500,17.3500000000,,,2022637.0028818443,35092751.99999999860500000000,3052000,3060000,6867000,6885000,4550933,2034666.6666666665,2040000,2060100.0000000002,2065500.0000000002,
2019-07-26,18.8000,18.8000000000,,,2022637.0212765958,38025576.00000000104000000000,3052000,3060000,6867000,6885000,4550933,2034666.6666666665,2040000,2060100.0000000002,2065500.0000000002,
2019-07-29,18.2300,18.2300000000,,,2022637.0268787711,36872672.99999999715300000000,3052000,3060000,6867000,6885000,4550933,2034666.6666666665,2040000,2060100.0000000002,2065500.0000000002,
2019-07-30,18.3200,18.3200000000,,,2022637.0087336244,37054709.99999999900800000000,3052000,3060000,6867000,6885000,4550933,2034666.6666666665,2040000,2060100.0000000002,2065500.0000000002,
2019-07-31,17.5700,17.5700000000,,,2022636.9948776322,35537731.99999999775400000000,3052000,3060000,6867000,6885000,4550933,2034666.6666666665,2040000,2060100.0000000002,2065500.0000000002,
2019-08-01,18.3000,18.3000000000,,,2022636.9945355190,37014256.99999999770000000000,3052000,3060000,6867000,6885000,4550933,2034666.6666666665,2040000,2060100.0000000002,2065500.0000000002,
2019-08-02,18.4450,18.4450000000,,,2022636.9747899158,37307538.99999999693100000000,3052000,3060000,6867000,6885000,4550933,2034666.6666666665,2040000,2060100.0000000002,2065500.0000000002,
2019-08-05,18.6900,18.6900000000,,,2022637.0251471375,37803085.99999999987500000000,3052000,3060000,6867000,6885000,4550933,2034666.6666666665,2040000,2060100.0000000002,2065500.0000000002,
2019-08-06,18.2159,18.2159000000,,,2022636.9819772835,36844152.99999999850765000000,3052000,3060000,6867000,6885000,4550933,2034666.6666666665,2040000,2060100.0000000002,2065500.0000000002,
2019-08-07,18.4400,18.4400000000,,,2022636.9848156180,37297425.99999999592000000000,3052000,3060000,6867000,6885000,4550933,2034666.6666666665,2040000,2060100.0000000002,2065500.0000000002,
2019-08-08,17.7000,17.7000000000,,,2022637.0056497175,35800674.99999999975000000000,3052000,3060000,6867000,6885000,4550933,2034666.6666666665,2040000,2060100.0000000002,2065500.0000000002,
2019-08-09,17.7000,17.7000000000,,,2022637.0056497175,35800674.99999999975000000000,3052000,3060000,6867000,6885000,4550933,2034666.6666666665,2040000,2060100.0000000002,2065500.0000000002,
2019-08-12,18.1500,18.1500000000,,,2022637.0247933886,36710862.00000000309000000000,3052000,3060000,6867000,6885000,4550933,2034666.6666666665,2040000,2060100.0000000002,2065500.0000000002,
2019-08-13,17.7500,17.7500000000,,,2022637.0140845070,35901806.99999999925000000000,3052000,3060000,6867000,6885000,4550933,2034666.6666666665,2040000,2060100.0000000002,2065500.0000000002,
2019-08-14,17.9528,17.9528000000,,,3030173.0092241880,54400090.00000000232640000000,2252698,2256868,2252698,2256868,3030173,3379047,3385302,3379047,3385302,3030173
2019-08-15,17.0101,17.0101000000,,,3030173.0148558794,51543545.99999999418194000000,2252698,2256868,2252698,2256868,3030173,3379047,3385302,3379047,3385302,3030173
2019-08-16,17.0101,17.0101000000,,,3030173.0148558794,51543545.99999999418194000000,2252698,2256868,2252698,2256868,3030173,3379047,3385302,3379047,3385302,3030173
2019-08-19,16.4700,16.4700000000,,,3030172.9811778995,49906949.00000000476500000000,2252698,2256868,2252698,2256868,3030173,3379047,3385302,3379047,3385302,3030173
2019-08-20,16.4700,16.4700000000,,,3030172.9811778995,49906949.00000000476500000000,2252698,2256868,2252698,2256868,3030173,3379047,3385302,3379047,3385302,3030173
2019-08-21,16.5699,16.5699000000,,,3030173.0245807157,50209664.00000000107743000000,2252698,2256868,2252698,2256868,3030173,3379047,3385302,3379047,3385302,3030173
2019-08-22,16.6500,16.6500000000,,,3030172.9729729732,50452380.00000000378000000000,2252698,2256868,2252698,2256868,3030173,3379047,3385302,3379047,3385302,3030173
2019-08-23,17.3067,17.3067000000,,,3030172.9965851377,52442295.00000000263259000000,2252698,2256868,2252698,2256868,3030173,3379047,3385302,3379047,3385302,3030173
2019-08-26,17.3700,17.3700000000,,,3030172.9994242946,52634104.99999999720200000000,2252698,2256868,2252698,2256868,3030173,3379047,3385302,3379047,3385302,3030173
2019-08-27,17.4074,17.4074000000,,,3030172.9724140310,52747433.00000000322940000000,2252698,2256868,2252698,2256868,3030173,3379047,3385302,3379047,3385302,3030173
2019-08-28,17.5200,17.5200000000,,,3030173.0022831050,53088630.99999999960000000000,2252698,2256868,2252698,2256868,3030173,3379047,3385302,3379047,3385302,3030173
2019-08-29,17.5100,17.5100000000,,,3030172.9868646483,53058328.99999999173300000000,2252698,2256868,2252698,2256868,3030173,3379047,3385302,3379047,3385302,3030173
2019-08-30,17.7500,17.7500000000,,,3030173.0140845072,53785571.00000000280000000000,2252698,2256868,2252698,2256868,3030173,3379047,3385302,3379047,3385302,3030173
2019-09-03,16.7700,16.7700000000,,,3030172.9874776388,50816001.00000000267600000000,2252698,2256868,2252698,2256868,3030173,3379047,3385302,3379047,3385302,3030173
2019-09-04,16.7600,16.7600000000,,,3030172.9713603817,50785698.99999999729200000000,2252698,2256868,2252698,2256868,3030173,3379047,3385302,3379047,3385302,3030173
2019-09-05,16.9000,16.9000000000,,,3030173.0177514795,51209924.00000000355000000000,2252698,2256868,2252698,2256868,3030173,3379047,3385302,3379047,3385302,3030173
2019-09-06,17.0000,17.0000000000,,,3030173.0000000000,51512941.00000000000000000000,2252698,2256868,2252698,2256868,3030173,3379047,3385302,3379047,3385302,3030173
2019-09-09,17.0000,17.0000000000,,,3030173.0000000000,51512941.00000000000000000000,2252698,2256868,2252698,2256868,3030173,3379047,3385302,3379047,3385302,3030173
2019-09-10,17.1500,17.1500000000,,,3030173.0029154522,51967467.00000000523000000000,2252698,2256868,2252698,2256868,3030173,3379047,3385302,3379047,3385302,3030173
2019-09-11,17.1585,17.1585000000,,,3030172.9754931960,51993223.00000000356600000000,2252698,2256868,2252698,2256868,3030173,3379047,3385302,3379047,3385302,3030173
2019-09-12,17.1585,17.1585000000,,,3030172.9754931960,51993223.00000000356600000000,2252698,2256868,2252698,2256868,3030173,3379047,3385302,3379047,3385302,3030173
2019-09-13,17.0500,17.0500000000,,,3030173.0205278590,51664449.99999999595000000000,2252698,2256868,2252698,2256868,3030173,3379047,3385302,3379047,3385302,3030173
2019-09-16,14.5600,14.5600000000,,,3030173.0082417580,44119318.99999999648000000000,2252698,2256868,2252698,2256868,3030173,3379047,3385302,3379047,3385302,3030173
2019-09-17,14.0200,14.0200000000,,,3030172.9671897290,42483025.00000000058000000000,2252698,2256868,2252698,2256868,3030173,3379047,3385302,3379047,3385302,3030173
2019-09-18,13.5900,13.5900000000,,,3030172.9948491540,41180051.00000000286000000000,2252698,2256868,2252698,2256868,3030173,3379047,3385302,3379047,3385302,3030173
2019-09-19,13.5300,13.5300000000,,,3030173.0229120473,40998240.99999999996900000000,2252698,2256868,2252698,2256868,3030173,3379047,3385302,3379047,3385302,3030173
2019-09-20,14.7600,14.7600000000,,,3030172.9674796746,44725352.99999999709600000000,2252698,2256868,2252698,2256868,3030173,3379047,3385302,3379047,3385302,3030173
2019-09-23,14.9900,14.9900000000,,,3030172.9819879920,45422293.00000000008000000000,2252698,2256868,2252698,2256868,3030173,3379047,3385302,3379047,3385302,3030173
2019-09-24,14.9900,14.9900000000,,,3030172.9819879920,45422293.00000000008000000000,2252698,2256868,2252698,2256868,3030173,3379047,3385302,3379047,3385302,3030173
2019-09-25,14.9900,14.9900000000,,,3030172.9819879920,45422293.00000000008000000000,2252698,2256868,2252698,2256868,3030173,3379047,3385302,3379047,3385302,3030173
2019-09-26,14.7500,14.7500000000,,,3030173.0169491526,44695052.00000000085000000000,2252698,2256868,2252698,2256868,3030173,3379047,3385302,3379047,3385302,3030173
2019-09-27,14.7290,14.7290000000,,,3030172.9920564876,44631418.00000000586040000000,2252698,2256868,2252698,2256868,3030173,3379047,3385302,3379047,3385302,3030173
2019-09-30,18.7800,18.7800000000,,,3030173.0031948880,56906648.99999999664000000000,2252698,2256868,2252698,2256868,3030173,3379047,3385302,3379047,3385302,3030173
2019-10-01,20.5900,20.5900000000,,,3030172.9966002910,62391261.99999999169000000000,2252698,2256868,2252698,2256868,3030173,3379047,3385302,3379047,3385302,3030173
2019-10-02,19.7200,19.7200000000,,,3030173.0223123734,59755012.00000000344800000000,2252698,2256868,2252698,2256868,3030173,3379047,3385302,3379047,3385302,3030173
2019-10-03,19.4100,19.4100000000,,,3030173.0036063883,58815657.99999999690300000000,2252698,2256868,2252698,2256868,3030173,3379047,3385302,3379047,3385302,3030173
2019-10-04,19.5000,19.5000000000,,,3030173.0256410255,59088373.99999999725000000000,2252698,2256868,2252698,2256868,3030173,3379047,3385302,3379047,3385302,3030173
2019-10-07,20.0000,20.0000000000,,,3030173.0000000000,60603460.00000000000000000000,2252698,2256868,2252698,2256868,3030173,3379047,3385302,3379047,3385302,3030173
2019-10-08,20.0000,20.0000000000,,,3030173.0000000000,60603460.00000000000000000000,2252698,2256868,2252698,2256868,3030173,3379047,3385302,3379047,3385302,3030173
2019-10-09,19.1800,19.1800000000,,,3030172.9927007300,58118718.00000000140000000000,2252698,2256868,2252698,2256868,3030173,3379047,3385302,3379047,3385302,3030173
2019-10-10,19.1800,19.1800000000,,,3030172.9927007300,58118718.00000000140000000000,2252698,2256868,2252698,2256868,3030173,3379047,3385302,3379047,3385302,3030173
2019-10-11,19.6800,19.6800000000,,,3030173.0182926830,59633805.00000000144000000000,2252698,2256868,2252698,2256868,3030173,3379047,3385302,3379047,3385302,3030173
2019-10-14,19.6800,19.6800000000,,,3030173.0182926830,59633805.00000000144000000000,2252698,2256868,2252698,2256868,3030173,3379047,3385302,3379047,3385302,3030173
2019-10-15,19.2200,19.2200000000,,,3030172.9968782520,58239925.00000000344000000000,2252698,2256868,2252698,2256868,3030173,3379047,3385302,3379047,3385302,3030173
2019-10-16,19.2200,19.2200000000,,,3030172.9968782520,58239925.00000000344000000000,2252698,2256868,2252698,2256868,3030173,3379047,3385302,3379047,3385302,3030173
2019-10-17,19.6810,19.6810000000,,,3030173.0095015494,59636834.99999999374140000000,2252698,2256868,2252698,2256868,3030173,3379047,3385302,3379047,3385302,3030173
2019-10-18,19.6810,19.6810000000,,,3030173.0095015494,59636834.99999999374140000000,2252698,2256868,2252698,2256868,3030173,3379047,3385302,3379047,3385302,3030173
2019-10-21,19.6810,19.6810000000,,,3030173.0095015494,59636834.99999999374140000000,2252698,2256868,2252698,2256868,3030173,3379047,3385302,3379047,3385302,3030173
2019-10-22,19.6810,19.6810000000,,,3030173.0095015494,59636834.99999999374140000000,2252698,2256868,2252698,2256868,3030173,3379047,3385302,3379047,3385302,3030173
2019-10-23,19.6810,19.6810000000,,,3030173.0095015494,59636834.99999999374140000000,2252698,2256868,2252698,2256868,3030173,3379047,3385302,3379047,3385302,3030173
2019-10-24,19.6810,19.6810000000,,,3030173.0095015494,59636834.99999999374140000000,2252698,2256868,2252698,2256868,3030173,3379047,3385302,3379047,3385302,3030173
2019-10-25,19.6810,19.6810000000,,,3030173.0095015494,59636834.99999999374140000000,2252698,2256868,2252698,2256868,3030173,3379047,3385302,3379047,3385302,3030173
2019-10-28,19.6810,19.6810000000,,,3030173.0095015494,59636834.99999999374140000000,2252698,2256868,2252698,2256868,3030173,3379047,3385302,3379047,3385302,3030173
2019-10-29,19.6810,19.6810000000,,,3030173.0095015494,59636834.99999999374140000000,2252698,2256868,2252698,2256868,3030173,3379047,3385302,3379047,3385302,3030173
2019-10-30,17.2600,17.2600000000,,,3030173.0011587483,52300785.99999999565800000000,2252698,2256868,2252698,2256868,3030173,3379047,3385302,3379047,3385302,3030173
2019-10-31,18.7100,18.7100000000,,,3030173.0090860500,56694536.99999999550000000000,2252698,2256868,2252698,2256868,3030173,3379047,3385302,3379047,3385302,3030173
2019-11-01,18.7100,18.7100000000,,,3030173.0090860500,56694536.99999999550000000000,2252698,2256868,2252698,2256868,3030173,3379047,3385302,3379047,3385302,3030173
2019-11-04,18.7100,18.7100000000,,,3030173.0090860500,56694536.99999999550000000000,2252698,2256868,2252698,2256868,3030173,3379047,3385302,3379047,3385302,3030173
2019-11-05,18.7100,18.7100000000,,,3030173.0090860500,56694536.99999999550000000000,2252698,2256868,2252698,2256868,3030173,3379047,3385302,3379047,3385302,3030173
2019-11-06,16.8686,16.8686000000,,,3030172.9841243494,51114776.00000000028884000000,2252698,2256868,2252698,2256868,3030173,3379047,3385302,3379047,3385302,3030173
2019-11-07,16.8686,16.8686000000,,,3030172.9841243494,51114776.00000000028884000000,2252698,2256868,2252698,2256868,3030173,3379047,3385302,3379047,3385302,3030173
2019-11-08,16.8686,16.8686000000,,,3030172.9841243494,51114776.00000000028884000000,2252698,2256868,2252698,2256868,3030173,3379047,3385302,3379047,3385302,3030173
2019-11-11,16.8686,16.8686000000,,,3030172.9841243494,51114776.00000000028884000000,2252698,2256868,2252698,2256868,3030173,3379047,3385302,3379047,3385302,3030173
2019-11-12,16.8686,16.8686000000,,,3023804.9986365200,51007357.00000000127200000000,3025000,3029000,3025000,3029000,3023805,3025000,3029000,3025000,3029000,3023805
2019-11-13,17.0000,17.0000000000,,,3023805.0000000000,51404685.00000000000000000000,3025000,3029000,3025000,3029000,3023805,3025000,3029000,3025000,3029000,3023805
2019-11-14,17.7400,17.7400000000,,,3023805.0169109360,53642301.00000000464000000000,3025000,3029000,3025000,3029000,3023805,3025000,3029000,3025000,3029000,3023805
2019-11-15,19.9500,19.9500000000,,,3023805.0125313285,60324910.00000000357500000000,3025000,3029000,3025000,3029000,3023805,3025000,3029000,3025000,3029000,3023805
2019-11-18,19.7554,19.7554000000,,,3023804.9849661356,59736476.99999999523224000000,3025000,3029000,3025000,3029000,3023805,3025000,3029000,3025000,3029000,3023805
2019-11-19,21.3600,21.3600000000,,,3023805.0093632960,64588475.00000000256000000000,3025000,3029000,3025000,3029000,3023805,3025000,3029000,3025000,3029000,3023805
2019-11-20,21.5000,21.5000000000,,,3023805.0232558140,65011808.00000000100000000000,3025000,3029000,3025000,3029000,3023805,3025000,3029000,3025000,3029000,3023805
2019-11-21,24.5000,24.5000000000,,,3023805.0204081633,74083223.00000000085000000000,3025000,3029000,3025000,3029000,3023805,3025000,3029000,3025000,3029000,3023805
2019-11-22,22.0800,22.0800000000,,,3023804.9818840580,66765614.00000000064000000000,3025000,3029000,3025000,3029000,3023805,3025000,3029000,3025000,3029000,3023805
2019-11-25,22.8600,22.8600000000,,,3023804.9868766405,69124182.00000000183000000000,3025000,3029000,3025000,3029000,3023805,3025000,3029000,3025000,3029000,3023805
2019-11-26,22.0700,22.0700000000,,,3023804.9841413684,66735376.00000000058800000000,3025000,3029000,3025000,3029000,3023805,3025000,3029000,3025000,3029000,3023805
2019-11-27,22.0700,22.0700000000,,,3023804.9841413684,66735376.00000000058800000000,3025000,3029000,3025000,3029000,3023805,3025000,3029000,3025000,3029000,3023805
2019-11-29,22.0700,22.0700000000,,,3023804.9841413684,66735376.00000000058800000000,3025000,3029000,3025000,3029000,3023805,3025000,3029000,3025000,3029000,3023805
2019-12-02,22.0000,22.0000000000,,,3023805.0000000000,66523710.00000000000000000000,3025000,3029000,3025000,3029000,3023805,3025000,3029000,3025000,3029000,3023805
2019-12-03,22.9900,22.9900000000,,,3023805.0021748590,69517277.00000000841000000000,3025000,3029000,3025000,3029000,3023805,3025000,3029000,3025000,3029000,3023805
2019-12-04,22.5000,22.5000000000,,,3023805.0222222223,68035613.00000000175000000000,3025000,3029000,3025000,3029000,3023805,3025000,3029000,3025000,3029000,3023805
2019-12-05,22.9900,22.9900000000,,,3023805.0021748590,69517277.00000000841000000000,3025000,3029000,3025000,3029000,3023805,3025000,3029000,3025000,3029000,3023805
2019-12-06,22.0000,22.0000000000,,,3023805.0000000000,66523710.00000000000000000000,3025000,3029000,3025000,3029000,3023805,3025000,3029000,3025000,3029000,3023805
2019-12-09,21.3700,21.3700000000,,,3023805.0070191855,64618712.99999999413500000000,3025000,3029000,3025000,3029000,3023805,3025000,3029000,3025000,3029000,3023805
2019-12-10,21.8000,21.8000000000,,,3023805.0000000000,65918949.00000000000000000000,3025000,3029000,3025000,3029000,3023805,3025000,3029000,3025000,3029000,3023805
2019-12-11,22.0000,22.0000000000,,,3023805.0000000000,66523710.00000000000000000000,3025000,3029000,3025000,3029000,3023805,3025000,3029000,3025000,3029000,3023805
2019-12-12,21.4603,21.4603000000,,,3023804.9794271280,64891761.99999999501840000000,3025000,3029000,3025000,3029000,3023805,3025000,3029000,3025000,3029000,3023805
2019-12-13,21.9000,21.9000000000,,,3023804.9771689500,66221329.00000000500000000000,3025000,3029000,3025000,3029000,3023805,3025000,3029000,3025000,3029000,3023805
2019-12-16,21.3600,21.3600000000,,,3023805.0093632960,64588475.00000000256000000000,3025000,3029000,3025000,3029000,3023805,3025000,3029000,3025000,3029000,3023805
2019-12-17,21.3600,21.3600000000,,,3023805.0093632960,64588475.00000000256000000000,3025000,3029000,3025000,3029000,3023805,3025000,3029000,3025000,3029000,3023805
2019-12-18,21.0000,21.0000000000,,,3023805.0000000000,63499905.00000000000000000000,3025000,3029000,3025000,3029000,3023805,3025000,3029000,3025000,3029000,3023805
2019-12-19,21.0730,21.0730000000,,,3023805.0111517105,63720642.99999999536650000000,3025000,3029000,3025000,3029000,3023805,3025000,3029000,3025000,3029000,3023805
2019-12-20,21.2500,21.2500000000,,,3023804.9882352940,64255855.99999999750000000000,3025000,3029000,3025000,3029000,3023805,3025000,3029000,3025000,3029000,3023805
2019-12-23,21.5000,21.5000000000,,,3023805.0232558140,65011808.00000000100000000000,3025000,3029000,3025000,3029000,3023805,3025000,3029000,3025000,3029000,3023805
2019-12-24,21.5000,21.5000000000,,,3023805.0232558140,65011808.00000000100000000000,3025000,3029000,3025000,3029000,3023805,3025000,3029000,3025000,3029000,3023805
2019-12-26,21.5137,21.5137000000,,,3023805.0172680663,65053233.99999999795831000000,3025000,3029000,3025000,3029000,3023805,3025000,3029000,3025000,3029000,3023805
2019-12-27,20.0000,20.0000000000,,,3023805.0000000000,60476100.00000000000000000000,3025000,3029000,3025000,3029000,3023805,3025000,3029000,3025000,3029000,3023805
2019-12-30,20.7500,20.7500000000,,,3023805.0120481930,62743954.00000000475000000000,3025000,3029000,3025000,3029000,3023805,3025000,3029000,3025000,3029000,3023805
2019-12-31,20.1500,20.1500000000,,,3023805.0124069480,60929671.00000000220000000000,3025000,3029000,3025000,3029000,3023805,3025000,3029000,3025000,3029000,3023805
2020-01-02,20.1500,20.1500000000,,,3023805.0124069480,60929671.00000000220000000000,3025000,3029000,3025000,3029000,3023805,3025000,3029000,3025000,3029000,3023805
2020-01-03,20.1500,20.1500000000,,,3023805.0124069480,60929671.00000000220000000000,3025000,3029000,3025000,3029000,3023805,3025000,3029000,3025000,3029000,3023805
2020-01-06,20.4194,20.4194000000,,,3023805.0089620654,61744283.99999999822876000000,3025000,3029000,3025000,3029000,3023805,3025000,3029000,3025000,3029000,3023805
2020-01-07,20.4194,20.4194000000,,,3023805.0089620654,61744283.99999999822876000000,3025000,3029000,3025000,3029000,3023805,3025000,3029000,3025000,3029000,3023805
2020-01-08,21.2200,21.2200000000,,,3023804.9952874650,64165142.00000000730000000000,3025000,3029000,3025000,3029000,3023805,3025000,3029000,3025000,3029000,3023805
2020-01-09,21.2200,21.2200000000,,,3023804.9952874650,64165142.00000000730000000000,3025000,3029000,3025000,3029000,3023805,3025000,3029000,3025000,3029000,3023805
2020-01-10,21.0900,21.0900000000,,,3023804.9786628736,63772047.00000000422400000000,3025000,3029000,3025000,3029000,3023805,3025000,3029000,3025000,3029000,3023805
2020-01-13,21.0900,21.0900000000,,,3023804.9786628736,63772047.00000000422400000000,3025000,3029000,3025000,3029000,3023805,3025000,3029000,3025000,3029000,3023805
2020-01-14,21.0900,21.0900000000,,,3023804.9786628736,63772047.00000000422400000000,3025000,3029000,3025000,3029000,3023805,3025000,3029000,3025000,3029000,3023805
2020-01-15,21.0900,21.0900000000,,,3023804.9786628736,63772047.00000000422400000000,3025000,3029000,3025000,3029000,3023805,3025000,3029000,3025000,3029000,3023805
2020-01-16,21.0900,21.0900000000,,,3023804.9786628736,63772047.00000000422400000000,3025000,3029000,3025000,3029000,3023805,3025000,3029000,3025000,3029000,3023805
2020-01-17,21.1069,21.1069000000,,,3023805.0116312676,63823150.00000000210644000000,3025000,3029000,3025000,3029000,3023805,3025000,3029000,3025000,3029000,3023805
2020-01-21,19.7600,19.7600000000,,,3023805.0101214573,59750386.99999999624800000000,3025000,3029000,3025000,3029000,3023805,3025000,3029000,3025000,3029000,3023805
2020-01-22,19.3100,19.3100000000,,,3023805.0233039880,58389675.00000000828000000000,3025000,3029000,3025000,3029000,3023805,3025000,3029000,3025000,3029000,3023805
2020-01-23,19.3100,19.3100000000,,,3023805.0233039880,58389675.00000000828000000000,3025000,3029000,3025000,3029000,3023805,3025000,3029000,3025000,3029000,3023805
2020-01-24,19.3100,19.3100000000,,,3023805.0233039880,58389675.00000000828000000000,3025000,3029000,3025000,3029000,3023805,3025000,3029000,3025000,3029000,3023805
2020-01-27,20.1500,20.1500000000,,,3023805.0124069480,60929671.00000000220000000000,3025000,3029000,3025000,3029000,3023805,3025000,3029000,3025000,3029000,3023805
2020-01-28,21.2500,21.2500000000,,,3023804.9882352940,64255855.99999999750000000000,3025000,3029000,3025000,3029000,3023805,3025000,3029000,3025000,3029000,3023805
2020-01-29,21.2500,21.2500000000,,,3023804.9882352940,64255855.99999999750000000000,3025000,3029000,3025000,3029000,3023805,3025000,3029000,3025000,3029000,3023805
2020-01-30,21.2500,21.2500000000,,,3023804.9882352940,64255855.99999999750000000000,3025000,3029000,3025000,3029000,3023805,3025000,3029000,3025000,3029000,3023805
2020-01-31,21.2500,21.2500000000,,,3023804.9882352940,64255855.99999999750000000000,3025000,3029000,3025000,3029000,3023805,3025000,3029000,3025000,3029000,3023805
2020-02-03,21.2500,21.2500000000,,,3023804.9882352940,64255855.99999999750000000000,3025000,3029000,3025000,3029000,3023805,3025000,3029000,3025000,3029000,3023805
2020-02-04,21.1607,21.1607000000,,,3023804.9780961880,63985830.00000000541160000000,3025000,3029000,3025000,3029000,3023805,3025000,3029000,3025000,3029000,3023805
2020-02-05,21.1573,21.1573000000,,,3023805.0223799823,63975549.99999999951579000000,3025000,3029000,3025000,3029000,3023805,3025000,3029000,3025000,3029000,3023805
2020-02-06,20.5000,20.5000000000,,,3023805.0243902440,61988003.00000000200000000000,3025000,3029000,3025000,3029000,3023805,3025000,3029000,3025000,3029000,3023805
2020-02-07,19.9200,19.9200000000,,,3023805.0200803210,60234195.99999999432000000000,3025000,3029000,3025000,3029000,3023805,3025000,3029000,3025000,3029000,3023805
2020-02-10,19.9100,19.9100000000,,,3023805.0226017080,60203958.00000000628000000000,3025000,3029000,3025000,3029000,3023805,3025000,3029000,3025000,3029000,3023805
2020-02-11,19.5353,19.5353000000,,,3023805.0093932524,59070938.00000000360972000000,3025000,3029000,3025000,3029000,3023805,3025000,3029000,3025000,3029000,3023805
2020-02-12,20.3005,20.3005000000,,,3023804.9801729023,61384753.00000000314115000000,3025000,3029000,3025000,3029000,3023805,3025000,3029000,3025000,3029000,3023805
2020-02-13,19.5600,19.5600000000,,,2912598.9775051125,56970436.00000000050000000000,2973000,2973000,2973000,2973000,2912599,2973000,2973000,2973000,2973000,2912599
2020-02-14,19.3800,19.3800000000,,,2912599.0196078434,56446169.00000000509200000000,2973000,2973000,2973000,2973000,2912599,2973000,2973000,2973000,2973000,2912599
2020-02-18,19.6100,19.6100000000,,,2912598.9801121876,57116065.99999999883600000000,2973000,2973000,2973000,2973000,2912599,2973000,2973000,2973000,2973000,2912599
2020-02-19,19.6500,19.6500000000,,,2912598.9821882956,57232570.00000000854000000000,2973000,2973000,2973000,2973000,2912599,2973000,2973000,2973000,2973000,2912599
2020-02-20,19.8000,19.8000000000,,,2912598.9898989900,57669460.00000000200000000000,2973000,2973000,2973000,2973000,2912599,2973000,2973000,2973000,2973000,2912599
2020-02-21,19.8500,19.8500000000,,,2912598.9924433245,57815089.99999999132500000000,2973000,2973000,2973000,2973000,2912599,2973000,2973000,2973000,2973000,2912599
2020-02-24,19.4900,19.4900000000,,,2912599.0251410980,56766555.00000000002000000000,2973000,2973000,2973000,2973000,2912599,2973000,2973000,2973000,2973000,2912599
2020-02-25,19.4900,19.4900000000,,,2912599.0251410980,56766555.00000000002000000000,2973000,2973000,2973000,2973000,2912599,2973000,2973000,2973000,2973000,2912599
2020-02-26,18.5000,18.5000000000,,,2912599.0270270270,53883081.99999999950000000000,2973000,2973000,2973000,2973000,2912599,2973000,2973000,2973000,2973000,2912599
2020-02-27,18.5000,18.5000000000,,,2912599.0270270270,53883081.99999999950000000000,2973000,2973000,2973000,2973000,2912599,2973000,2973000,2973000,2973000,2912599
2020-02-28,18.5000,18.5000000000,,,2912599.0270270270,53883081.99999999950000000000,2973000,2973000,2973000,2973000,2912599,2973000,2973000,2973000,2973000,2912599
2020-03-02,18.5000,18.5000000000,,,2912599.0270270270,53883081.99999999950000000000,2973000,2973000,2973000,2973000,2912599,2973000,2973000,2973000,2973000,2912599
2020-03-03,18.5000,18.5000000000,,,2912599.0270270270,53883081.99999999950000000000,2973000,2973000,2973000,2973000,2912599,2973000,2973000,2973000,2973000,2912599
2020-03-04,18.5000,18.5000000000,,,2912599.0270270270,53883081.99999999950000000000,2973000,2973000,2973000,2973000,2912599,2973000,2973000,2973000,2973000,2912599
2020-03-05,17.0900,17.0900000000,,,2912599.0052662375,49776316.99999999887500000000,2973000,2973000,2973000,2973000,2912599,2973000,2973000,2973000,2973000,2912599
2020-03-06,18.5000,18.5000000000,,,2912599.0270270270,53883081.99999999950000000000,2973000,2973000,2973000,2973000,2912599,2973000,2973000,2973000,2973000,2912599
2020-03-09,18.3899,18.3899000000,,,2912598.9809623760,53562403.99999999840240000000,2973000,2973000,2973000,2973000,2912599,2973000,2973000,2973000,2973000,2912599
2020-03-10,18.3899,18.3899000000,,,2912598.9809623760,53562403.99999999840240000000,2973000,2973000,2973000,2973000,2912599,2973000,2973000,2973000,2973000,2912599
2020-03-11,16.7500,16.7500000000,,,2912598.9850746267,48786032.99999999722500000000,2973000,2973000,2973000,2973000,2912599,2973000,2973000,2973000,2973000,2912599
2020-03-12,15.6900,15.6900000000,,,2912598.9802421927,45698678.00000000346300000000,2973000,2973000,2973000,2973000,2912599,2973000,2973000,2973000,2973000,2912599
2020-03-13,15.5000,15.5000000000,,,2912599.0322580645,45145284.99999999975000000000,2973000,2973000,2973000,2973000,2912599,2973000,2973000,2973000,2973000,2912599
2020-03-16,11.5000,11.5000000000,,,2912599.0434782607,33494888.99999999805000000000,2973000,2973000,2973000,2973000,2912599,2973000,2973000,2973000,2973000,2912599
2020-03-17,12.2500,12.2500000000,,,2912599.0204081633,35679338.00000000042500000000,2973000,2973000,2973000,2973000,2912599,2973000,2973000,2973000,2973000,2912599
2020-03-18,10.5100,10.5100000000,,,2912598.9533777353,30611414.99999999800300000000,2973000,2973000,2973000,2973000,2912599,2973000,2973000,2973000,2973000,2912599
2020-03-19,12.9300,12.9300000000,,,2912598.9945862335,37659904.99999999915500000000,2973000,2973000,2973000,2973000,2912599,2973000,2973000,2973000,2973000,2912599
2020-03-20,12.7500,12.7500000000,,,2912598.9803921566,37135636.99999999665000000000,2973000,2973000,2973000,2973000,2912599,2973000,2973000,2973000,2973000,2912599
2020-03-23,10.5500,10.5500000000,,,2912598.9573459714,30727918.99999999827000000000,2973000,2973000,2973000,2973000,2912599,2973000,2973000,2973000,2973000,2912599
2020-03-24,10.4101,10.4101000000,,,2912599.0144186895,30320446.99999999956395000000,2973000,2973000,2973000,2973000,2912599,2973000,2973000,2973000,2973000,2912599
2020-03-25,11.8500,11.8500000000,,,2912598.9873417723,34514298.00000000175500000000,2973000,2973000,2973000,2973000,2912599,2973000,2973000,2973000,2973000,2912599
2020-03-26,11.5000,11.5000000000,,,2912599.0434782607,33494888.99999999805000000000,2973000,2973000,2973000,2973000,2912599,2973000,2973000,2973000,2973000,2912599
2020-03-27,10.9500,10.9500000000,,,2912598.9954337900,31892959.00000000050000000000,2973000,2973000,2973000,2973000,2912599,2973000,2973000,2973000,2973000,2912599
2020-03-30,12.4548,12.4548000000,,,2912598.9979766835,36275837.99999999765580000000,2973000,2973000,2973000,2973000,2912599,2973000,2973000,2973000,2973000,2912599
2020-03-31,12.5100,12.5100000000,,,2912598.9608313350,36436613.00000000085000000000,2973000,2973000,2973000,2973000,2912599,2973000,2973000,2973000,2973000,2912599
2020-04-01,12.4400,12.4400000000,,,2912599.0353697753,36232732.00000000473200000000,2973000,2973000,2973000,2973000,2912599,2973000,2973000,2973000,2973000,2912599
2020-04-02,12.4400,12.4400000000,,,2912599.0353697753,36232732.00000000473200000000,2973000,2973000,2973000,2973000,2912599,2973000,2973000,2973000,2973000,2912599
2020-04-03,12.4400,12.4400000000,,,2912599.0353697753,36232732.00000000473200000000,2973000,2973000,2973000,2973000,2912599,2973000,2973000,2973000,2973000,2912599
2020-04-06,11.0000,11.0000000000,,,2912599.0000000000,32038589.00000000000000000000,2973000,2973000,2973000,2973000,2912599,2973000,2973000,2973000,2973000,2912599
2020-04-07,11.0600,11.0600000000,,,2912599.0054249545,32213344.99999999677000000000,2973000,2973000,2973000,2973000,2912599,2973000,2973000,2973000,2973000,2912599
2020-04-08,11.5600,11.5600000000,,,2912598.9619377160,33669643.99999999696000000000,2973000,2973000,2973000,2973000,2912599,2973000,2973000,2973000,2973000,2912599
2020-04-09,11.5500,11.5500000000,,,2912598.9610389610,33640517.99999999955000000000,2973000,2973000,2973000,2973000,2912599,2973000,2973000,2973000,2973000,2912599
2020-04-13,13.0000,13.0000000000,,,2912599.0000000000,37863787.00000000000000000000,2973000,2973000,2973000,2973000,2912599,2973000,2973000,2973000,2973000,2912599
2020-04-14,13.8200,13.8200000000,,,2912598.9869753980,40252118.00000000036000000000,2973000,2973000,2973000,2973000,2912599,2973000,2973000,2973000,2973000,2912599
2020-04-15,13.2600,13.2600000000,,,2912599.0196078434,38621063.00000000348400000000,2973000,2973000,2973000,2973000,2912599,2973000,2973000,2973000,2973000,2912599
2020-04-16,11.4802,11.4802000000,,,2912598.9965331615,33437219.00000000065230000000,2973000,2973000,2973000,2973000,2912599,2973000,2973000,2973000,2973000,2912599
2020-04-17,12.7500,12.7500000000,,,2912598.9803921566,37135636.99999999665000000000,2973000,2973000,2973000,2973000,2912599,2973000,2973000,2973000,2973000,2912599
2020-04-20,12.9700,12.9700000000,,,2912598.9976869696,37776408.99999999571200000000,2973000,2973000,2973000,2973000,2912599,2973000,2973000,2973000,2973000,2912599
2020-04-21,12.3120,12.3120000000,,,2912599.0090968160,35859918.99999999859200000000,2973000,2973000,2973000,2973000,2912599,2973000,2973000,2973000,2973000,2912599
2020-04-22,12.9900,12.9900000000,,,2912598.9992301770,37834660.99999999923000000000,2973000,2973000,2973000,2973000,2912599,2973000,2973000,2973000,2973000,2912599
2020-04-23,12.0800,12.0800000000,,,2912599.0066225166,35184196.00000000052800000000,2973000,2973000,2973000,2973000,2912599,2973000,2973000,2973000,2973000,2912599
2020-04-24,11.5000,11.5000000000,,,2912599.0434782607,33494888.99999999805000000000,2973000,2973000,2973000,2973000,2912599,2973000,2973000,2973000,2973000,2912599
2020-04-27,12.0500,12.0500000000,,,2912599.0041493773,35096817.99999999646500000000,2973000,2973000,2973000,2973000,2912599,2973000,2973000,2973000,2973000,2912599
2020-04-28,12.1500,12.1500000000,,,2912599.0123456790,35388077.99999999985000000000,2973000,2973000,2973000,2973000,2912599,2973000,2973000,2973000,2973000,2912599
2020-04-29,12.6500,12.6500000000,,,2912598.9723320156,36844376.99999999734000000000,2973000,2973000,2973000,2973000,2912599,2973000,2973000,2973000,2973000,2912599
2020-04-30,12.0100,12.0100000000,,,2912599.0008326396,34980314.00000000159600000000,2973000,2973000,2973000,2973000,2912599,2973000,2973000,2973000,2973000,2912599
2020-05-01,11.6000,11.6000000000,,,2912598.9655172415,33786148.00000000140000000000,2973000,2973000,2973000,2973000,2912599,2973000,2973000,2973000,2973000,2912599
2020-05-04,11.1500,11.1500000000,,,2912599.0134529145,32475478.99999999667500000000,2973000,2973000,2973000,2973000,2912599,2973000,2973000,2973000,2973000,2912599
2020-05-05,11.0000,11.0000000000,,,2912599.0000000000,32038589.00000000000000000000,2973000,2973000,2973000,2973000,2912599,2973000,2973000,2973000,2973000,2912599
2020-05-06,11.5000,11.5000000000,,,2912599.0434782607,33494888.99999999805000000000,2973000,2973000,2973000,2973000,2912599,2973000,2973000,2973000,2973000,2912599
2020-05-07,11.3400,11.3400000000,,,2912599.0299823633,33028872.99999999982200000000,2973000,2973000,2973000,2973000,2912599,2973000,2973000,2973000,2973000,2912599
2020-05-08,11.0375,11.0375000000,,,2912598.9580973955,32147811.00000000283125000000,2973000,2973000,2973000,2973000,2912599,2973000,2973000,2973000,2973000,2912599
2020-05-11,11.0100,11.0100000000,,,2912599.0009082654,32067715.00000000205400000000,2973000,2973000,2973000,2973000,2912599,2973000,2973000,2973000,2973000,2912599
2020-05-12,11.0000,11.0000000000,,,2912599.0000000000,32038589.00000000000000000000,2973000,2973000,2973000,2973000,2912599,2973000,2973000,2973000,2973000,2912599
2020-05-13,9.7600,9.7600000000,,,2912598.9754098360,28426965.99999999936000000000,2973000,2973000,2973000,2973000,2912599,2973000,2973000,2973000,2973000,2912599
2020-05-14,9.0600,9.0600000000,,,2912599.0066225166,26388147.00000000039600000000,2973000,2973000,2973000,2973000,2912599,2973000,2973000,2973000,2973000,2912599
2020-05-15,9.4600,9.4600000000,,,2912599.0486257924,27553186.99999999610400000000,2973000,2973000,2973000,2973000,2912599,2973000,2973000,2973000,2973000,2912599
2020-05-18,9.7500,9.7500000000,,,2912598.9743589745,28397840.00000000137500000000,2973000,2973000,2973000,2973000,2912599,2973000,2973000,2973000,2973000,2912599
2020-05-19,9.9491,9.9491000000,,,2912599.0290579050,28977739.00000000263550000000,2973000,2973000,2973000,2973000,2912599,2973000,2973000,2973000,2973000,2912599
2020-05-20,10.1511,10.1511000000,,,2912599.0286766950,29566083.99999999861450000000,2973000,2973000,2973000,2973000,2912599,2973000,2973000,2973000,2973000,2912599
2020-05-21,9.5500,9.5500000000,,,2912598.9528795810,27815319.99999999855000000000,2973000,2973000,2973000,2973000,2912599,2973000,2973000,2973000,2973000,2912599
2020-05-22,10.4808,10.4808000000,,,2912599.0382413557,30526368.00000000082056000000,2973000,2973000,2973000,2973000,2912599,2973000,2973000,2973000,2973000,2912599
2020-05-26,11.4900,11.4900000000,,,2912599.0426457790,33465763.00000000071000000000,2973000,2973000,2973000,2973000,2912599,2973000,2973000,2973000,2973000,2912599
2020-05-27,12.8100,12.8100000000,,,2912598.9851678377,37310393.00000000093700000000,2973000,2973000,2973000,2973000,2912599,2973000,2973000,2973000,2973000,2912599
2020-05-28,12.6820,12.6820000000,,,2912599.0380066233,36937580.99999999669060000000,2973000,2973000,2973000,2973000,2912599,2973000,2973000,2973000,2973000,2912599
2020-05-29,11.5400,11.5400000000,,,2912598.9601386483,33611392.00000000138200000000,2973000,2973000,2973000,2973000,2912599,2973000,2973000,2973000,2973000,2912599
2020-06-01,12.8100,12.8100000000,,,2912598.9851678377,37310393.00000000093700000000,2973000,2973000,2973000,2973000,2912599,2973000,2973000,2973000,2973000,2912599
2020-06-02,12.7500,12.7500000000,,,2912598.9803921566,37135636.99999999665000000000,2973000,2973000,2973000,2973000,2912599,2973000,2973000,2973000,2973000,2912599
2020-06-03,13.9000,13.9000000000,,,2912598.9928057550,40485125.99999999450000000000,2973000,2973000,2973000,2973000,2912599,2973000,2973000,2973000,2973000,2912599
2020-06-04,15.2200,15.2200000000,,,2912599.0144546647,44329756.99999999673400000000,2973000,2973000,2973000,2973000,2912599,2973000,2973000,2973000,2973000,2912599
2020-06-05,14.9626,14.9626000000,,,2912599.0135404277,43580054.00000000350402000000,2973000,2973000,2973000,2973000,2912599,2973000,2973000,2973000,2973000,2912599
2020-06-08,13.8900,13.8900000000,,,2912598.9920806335,40455999.99999999931500000000,2973000,2973000,2973000,2973000,2912599,2973000,2973000,2973000,2973000,2912599
2020-06-09,14.2000,14.2000000000,,,2912599.0140845072,41358906.00000000224000000000,2973000,2973000,2973000,2973000,2912599,2973000,2973000,2973000,2973000,2912599
2020-06-10,14.7311,14.7311000000,,,2912598.9912498050,42905787.00000000243550000000,2973000,2973000,2973000,2973000,2912599,2973000,2973000,2973000,2973000,2912599
2020-06-11,13.7500,13.7500000000,,,2912598.9818181820,40048236.00000000250000000000,2973000,2973000,2973000,2973000,2912599,2973000,2973000,2973000,2973000,2912599
2020-06-12,13.1399,13.1399000000,,,2912599.0304340213,38271259.99999999647987000000,2973000,2973000,2973000,2973000,2912599,2973000,2973000,2973000,2973000,2912599
2020-06-15,13.9970,13.9970000000,,,2912598.9854968920,40767647.99999999732400000000,2973000,2973000,2973000,2973000,2912599,2973000,2973000,2973000,2973000,2912599
2020-06-16,14.5411,14.5411000000,,,2912598.9780690596,42352393.00000000254956000000,2973000,2973000,2973000,2973000,2912599,2973000,2973000,2973000,2973000,2912599
2020-06-17,13.2400,13.2400000000,,,2912599.0181268880,38562810.99999999712000000000,2973000,2973000,2973000,2973000,2912599,2973000,2973000,2973000,2973000,2912599
2020-06-18,13.0000,13.0000000000,,,2912599.0000000000,37863787.00000000000000000000,2973000,2973000,2973000,2973000,2912599,2973000,2973000,2973000,2973000,2912599
2020-06-19,13.9500,13.9500000000,,,2912598.9964157706,40630755.99999999987000000000,2973000,2973000,2973000,2973000,2912599,2973000,2973000,2973000,2973000,2912599
2020-06-22,13.7515,13.7515000000,,,2912598.9892011780,40052604.99999999926700000000,2973000,2973000,2973000,2973000,2912599,2973000,2973000,2973000,2973000,2912599
2020-06-23,13.1000,13.1000000000,,,2912599.0076335880,38155047.00000000280000000000,2973000,2973000,2973000,2973000,2912599,2973000,2973000,2973000,2973000,2912599
2020-06-24,12.2800,12.2800000000,,,2912599.0228013033,35766716.00000000452400000000,2973000,2973000,2973000,2973000,2912599,2973000,2973000,2973000,2973000,2912599
2020-06-25,12.3000,12.3000000000,,,2912599.0243902440,35824968.00000000120000000000,2973000,2973000,2973000,2973000,2912599,2973000,2973000,2973000,2973000,2912599
2020-06-26,11.4000,11.4000000000,,,2881852.9824561400,32853123.99999999600000000000,2973000,2973000,2973000,2973000,2912599,2973000,2973000,2973000,2973000,2912599
2020-06-29,12.0000,12.0000000000,,,2881853.0000000000,34582236.00000000000000000000,2973000,2973000,2973000,2973000,2912599,2973000,2973000,2973000,2973000,2912599
2020-06-30,11.7500,11.7500000000,,,2881853.0212765955,33861772.99999999712500000000,2973000,2973000,2973000,2973000,2912599,2973000,2973000,2973000,2973000,2912599
2020-07-01,11.6800,11.6800000000,,,2881852.9965753425,33660043.00000000040000000000,2973000,2973000,2973000,2973000,2912599,2973000,2973000,2973000,2973000,2912599
2020-07-02,11.7419,11.7419000000,,,2881853.0220833085,33838430.00000000007615000000,2973000,2973000,2973000,2973000,2912599,2973000,2973000,2973000,2973000,2912599
2020-07-06,11.7100,11.7100000000,,,2881853.0315969256,33746498.99999999877600000000,2973000,2973000,2973000,2973000,2912599,2973000,2973000,2973000,2973000,2912599
2020-07-07,12.1030,12.1030000000,,,2881853.0116500040,34879066.99999999841200000000,2973000,2973000,2973000,2973000,2912599,2973000,2973000,2973000,2973000,2912599
2020-07-08,12.2500,12.2500000000,,,2881852.9795918367,35302698.99999999957500000000,2973000,2973000,2973000,2973000,2912599,2973000,2973000,2973000,2973000,2912599
2020-07-09,11.6200,11.6200000000,,,2881853.0120481930,33487132.00000000266000000000,2973000,2973000,2973000,2973000,2912599,2973000,2973000,2973000,2973000,2912599
2020-07-10,11.5000,11.5000000000,,,2881853.0434782607,33141309.99999999805000000000,2973000,2973000,2973000,2973000,2912599,2973000,2973000,2973000,2973000,2912599
2020-07-13,11.4700,11.4700000000,,,2881853.0078465560,33054853.99999999732000000000,2973000,2973000,2973000,2973000,2912599,2973000,2973000,2973000,2973000,2912599
2020-07-14,11.5900,11.5900000000,,,2881852.9767040554,33400676.00000000208600000000,2973000,2973000,2973000,2973000,2912599,2973000,2973000,2973000,2973000,2912599
2020-07-15,11.3500,11.3500000000,,,2881853.0396475773,32709032.00000000235500000000,2973000,2973000,2973000,2973000,2912599,2973000,2973000,2973000,2973000,2912599
2020-07-16,11.5000,11.5000000000,,,2881853.0434782607,33141309.99999999805000000000,2973000,2973000,2973000,2973000,2912599,2973000,2973000,2973000,2973000,2912599
2020-07-17,11.5000,11.5000000000,,,2881853.0434782607,33141309.99999999805000000000,2973000,2973000,2973000,2973000,2912599,2973000,2973000,2973000,2973000,2912599
2020-07-20,11.5738,11.5738000000,,,2881852.9782785256,33353989.99999999958928000000,2973000,2973000,2973000,2973000,2912599,2973000,2973000,2973000,2973000,2912599
2020-07-21,11.6500,11.6500000000,,,2881852.9613733906,33573587.00000000049000000000,2973000,2973000,2973000,2973000,2912599,2973000,2973000,2973000,2973000,2912599
2020-07-22,11.7600,11.7600000000,,,2881852.9761904760,33890590.99999999776000000000,2973000,2973000,2973000,2973000,2912599,2973000,2973000,2973000,2973000,2912599
2020-07-23,11.2700,11.2700000000,,,2881852.9724933454,32478483.00000000265800000000,2973000,2973000,2973000,2973000,2912599,2973000,2973000,2973000,2973000,2912599
2020-07-24,11.4499,11.4499000000,,,2881853.0292840987,32996929.00000000170513000000,2973000,2973000,2973000,2973000,2912599,2973000,2973000,2973000,2973000,2912599
2020-07-27,12.6100,12.6100000000,,,2881852.9738302934,36340165.99999999977400000000,2973000,2973000,2973000,2973000,2912599,2973000,2973000,2973000,2973000,2912599
2020-07-28,12.2800,12.2800000000,,,2881853.0130293160,35389155.00000000048000000000,2973000,2973000,2973000,2973000,2912599,2973000,2973000,2973000,2973000,2912599
2020-07-29,12.7000,12.7000000000,,,2881852.9921259843,36599533.00000000061000000000,2973000,2973000,2973000,2973000,2912599,2973000,2973000,2973000,2973000,2912599
2020-07-30,12.5000,12.5000000000,,,2881853.0400000000,36023163.00000000000000000000,2973000,2973000,2973000,2973000,2912599,2973000,2973000,2973000,2973000,2912599
2020-07-31,12.3200,12.3200000000,,,2881853.0032467530,35504428.99999999696000000000,2973000,2973000,2973000,2973000,2912599,2973000,2973000,2973000,2973000,2912599
2020-08-03,12.3200,12.3200000000,,,2881853.0032467530,35504428.99999999696000000000,2973000,2973000,2973000,2973000,2912599,2973000,2973000,2973000,2973000,2912599
2020-08-04,12.3200,12.3200000000,,,2881853.0032467530,35504428.99999999696000000000,2973000,2973000,2973000,2973000,2912599,2973000,2973000,2973000,2973000,2912599
2020-08-05,12.5100,12.5100000000,,,2881852.9976019184,36051980.99999999918400000000,2973000,2973000,2973000,2973000,2912599,2973000,2973000,2973000,2973000,2912599
2020-08-06,11.8300,11.8300000000,,,2881853.0008453084,34092320.99999999837200000000,2973000,2973000,2973000,2973000,2912599,2973000,2973000,2973000,2973000,2912599
2020-08-07,11.8300,11.8300000000,,,2881853.0008453084,34092320.99999999837200000000,2973000,2973000,2973000,2973000,2912599,2973000,2973000,2973000,2973000,2912599
2020-08-10,11.8300,11.8300000000,,,2881853.0008453084,34092320.99999999837200000000,2973000,2973000,2973000,2973000,2912599,2973000,2973000,2973000,2973000,2912599
2020-08-11,12.7500,12.7500000000,,,2881853.0196078434,36743626.00000000335000000000,2973000,2973000,2973000,2973000,2912599,2973000,2973000,2973000,2973000,2912599
2020-08-12,12.8615,12.8615000000,,,2881852.9720483613,37064951.99999999885995000000,2973000,2973000,2973000,2973000,2912599,2973000,2973000,2973000,2973000,2912599
2020-08-13,12.8615,12.8615000000,,,2881852.9720483613,37064951.99999999885995000000,2973000,2973000,2973000,2973000,2912599,2973000,2973000,2973000,2973000,2912599
2020-08-14,12.0500,12.0500000000,,,2881867.9668049790,34726508.99999999695000000000,2973000,2973000,2973000,2973000,2912599,2973000,2973000,2973000,2973000,2912599
2020-08-17,11.9500,11.9500000000,,,2881868.0334728034,34438323.00000000063000000000,2973000,2973000,2973000,2973000,2912599,2973000,2973000,2973000,2973000,2912599
2020-08-18,12.0050,12.0050000000,,,2881867.9716784670,34596824.99999999633500000000,2973000,2973000,2973000,2973000,2912599,2973000,2973000,2973000,2973000,2912599
2020-08-19,11.0000,11.0000000000,,,2881868.0000000000,31700548.00000000000000000000,2973000,2973000,2973000,2973000,2912599,2973000,2973000,2973000,2973000,2912599
2020-08-20,11.0000,11.0000000000,,,2881868.0000000000,31700548.00000000000000000000,2973000,2973000,2973000,2973000,2912599,2973000,2973000,2973000,2973000,2912599
2020-08-21,11.6000,11.6000000000,,,2881868.0172413792,33429668.99999999872000000000,2973000,2973000,2973000,2973000,2912599,2973000,2973000,2973000,2973000,2912599
2020-08-24,11.2500,11.2500000000,,,2881868.0000000000,32421015.00000000000000000000,2973000,2973000,2973000,2973000,2912599,2973000,2973000,2973000,2973000,2912599
2020-08-25,11.4250,11.4250000000,,,2881868.0087527350,32925341.99999999737500000000,2973000,2973000,2973000,2973000,2912599,2973000,2973000,2973000,2973000,2912599
2020-08-26,11.4250,11.4250000000,,,2881868.0087527350,32925341.99999999737500000000,2973000,2973000,2973000,2973000,2912599,2973000,2973000,2973000,2973000,2912599
2020-08-27,11.3750,11.3750000000,,,2881868.0439560440,32781249.00000000050000000000,2973000,2973000,2973000,2973000,2912599,2973000,2973000,2973000,2973000,2912599
2020-08-28,11.6000,11.6000000000,,,2881868.0172413792,33429668.99999999872000000000,2973000,2973000,2973000,2973000,2912599,2973000,2973000,2973000,2973000,2912599
2020-08-31,11.3200,11.3200000000,,,2881868.0212014130,32622745.99999999516000000000,2973000,2973000,2973000,2973000,2912599,2973000,2973000,2973000,2973000,2912599
2020-09-01,11.3467,11.3467000000,,,2881868.0321150640,32699691.99999999668880000000,2973000,2973000,2973000,2973000,2912599,2973000,2973000,2973000,2973000,2912599
2020-09-02,11.1900,11.1900000000,,,2881868.0071492405,32248103.00000000119500000000,2973000,2973000,2973000,2973000,2912599,2973000,2973000,2973000,2973000,2912599
2020-09-03,11.0900,11.0900000000,,,2881867.9891794410,31959916.00000000069000000000,2973000,2973000,2973000,2973000,2912599,2973000,2973000,2973000,2973000,2912599
2020-09-04,11.1600,11.1600000000,,,2881868.0107526880,32161646.99999999808000000000,2973000,2973000,2973000,2973000,2912599,2973000,2973000,2973000,2973000,2912599
2020-09-08,10.8000,10.8000000000,,,2881867.9629629627,31124173.99999999716000000000,2973000,2973000,2973000,2973000,2912599,2973000,2973000,2973000,2973000,2912599
2020-09-09,10.9000,10.9000000000,,,2881867.9816513760,31412360.99999999840000000000,2973000,2973000,2973000,2973000,2912599,2973000,2973000,2973000,2973000,2912599
2020-09-10,11.1500,11.1500000000,,,2881867.9820627803,32132828.00000000034500000000,2973000,2973000,2973000,2973000,2912599,2973000,2973000,2973000,2973000,2912599
2020-09-11,10.9500,10.9500000000,,,2881868.0365296807,31556455.00000000366500000000,2973000,2973000,2973000,2973000,2912599,2973000,2973000,2973000,2973000,2912599
2020-09-14,10.6000,10.6000000000,,,2881868.0188679250,30547801.00000000500000000000,2973000,2973000,2973000,2973000,2912599,2973000,2973000,2973000,2973000,2912599
2020-09-15,10.7255,10.7255000000,,,2881867.9781828350,30909474.99999999679250000000,2973000,2973000,2973000,2973000,2912599,2973000,2973000,2973000,2973000,2912599
2020-09-16,10.6000,10.6000000000,,,2881868.0188679250,30547801.00000000500000000000,2973000,2973000,2973000,2973000,2912599,2973000,2973000,2973000,2973000,2912599
2020-09-17,10.5500,10.5500000000,,,2881867.9620853080,30403706.99999999940000000000,2973000,2973000,2973000,2973000,2912599,2973000,2973000,2973000,2973000,2912599
2020-09-18,10.5700,10.5700000000,,,2881868.0227057710,30461344.99999999947000000000,2973000,2973000,2973000,2973000,2912599,2973000,2973000,2973000,2973000,2912599
2020-09-21,10.1450,10.1450000000,,,2881868.0137999016,29236551.00000000173200000000,2973000,2973000,2973000,2973000,2912599,2973000,2973000,2973000,2973000,2912599
2020-09-22,10.1450,10.1450000000,,,2881868.0137999016,29236551.00000000173200000000,2973000,2973000,2973000,2973000,2912599,2973000,2973000,2973000,2973000,2912599
2020-09-23,9.9999,9.9999000000,,,2881868.0186801870,28818392.00000000198130000000,2973000,2973000,2973000,2973000,2912599,2973000,2973000,2973000,2973000,2912599
2020-09-24,10.0000,10.0000000000,,,2881868.0000000000,28818680.00000000000000000000,2973000,2973000,2973000,2973000,2912599,2973000,2973000,2973000,2973000,2912599
2020-09-25,10.0000,10.0000000000,,,2881868.0000000000,28818680.00000000000000000000,2973000,2973000,2973000,2973000,2912599,2973000,2973000,2973000,2973000,2912599
2020-09-28,9.9175,9.9175000000,,,2881868.0110915047,28580925.99999999786225000000,2973000,2973000,2973000,2973000,2912599,2973000,2973000,2973000,2973000,2912599
2020-09-29,9.6900,9.6900000000,,,2881868.0082559340,27925301.00000000046000000000,2973000,2973000,2973000,2973000,2912599,2973000,2973000,2973000,2973000,2912599
2020-09-30,9.7350,9.7350000000,,,2881868.0020544430,28054985.00000000260500000000,2973000,2973000,2973000,2973000,2912599,2973000,2973000,2973000,2973000,2912599
2020-10-01,9.2546,9.2546000000,,,2881868.0439997410,26670536.00000000305860000000,2973000,2973000,2973000,2973000,2912599,2973000,2973000,2973000,2973000,2912599
2020-10-02,9.7000,9.7000000000,,,2881868.0412371135,27954120.00000000095000000000,2973000,2973000,2973000,2973000,2912599,2973000,2973000,2973000,2973000,2912599
2020-10-05,9.7923,9.7923000000,,,2881867.9983252150,28220116.00000000284450000000,2973000,2973000,2973000,2973000,2912599,2973000,2973000,2973000,2973000,2912599
2020-10-06,9.5000,9.5000000000,,,2881868.0000000000,27377746.00000000000000000000,2973000,2973000,2973000,2973000,2912599,2973000,2973000,2973000,2973000,2912599
2020-10-07,9.6250,9.6250000000,,,2881868.0519480520,27737980.00000000050000000000,2973000,2973000,2973000,2973000,2912599,2973000,2973000,2973000,2973000,2912599
2020-10-08,9.6500,9.6500000000,,,2881867.9792746115,27810026.00000000097500000000,2973000,2973000,2973000,2973000,2912599,2973000,2973000,2973000,2973000,2912599
2020-10-09,9.7290,9.7290000000,,,2881868.0234350910,28037694.00000000033900000000,2973000,2973000,2973000,2973000,2912599,2973000,2973000,2973000,2973000,2912599
2020-10-12,9.6700,9.6700000000,,,2881868.0455015510,27867663.99999999817000000000,2973000,2973000,2973000,2973000,2912599,2973000,2973000,2973000,2973000,2912599
2020-10-13,9.8200,9.8200000000,,,2881868.0244399183,28299943.99999999770600000000,2973000,2973000,2973000,2973000,2912599,2973000,2973000,2973000,2973000,2912599
2020-10-14,9.9467,9.9467000000,,,2881867.9562065810,28665075.99999999923270000000,2973000,2973000,2973000,2973000,2912599,2973000,2973000,2973000,2973000,2912599
2020-10-15,9.9000,9.9000000000,,,2881867.9797979800,28530493.00000000200000000000,2973000,2973000,2973000,2973000,2912599,2973000,2973000,2973000,2973000,2912599
2020-10-19,9.9180,9.9180000000,,,2881868.0177455135,28582367.00000000289300000000,2973000,2973000,2973000,2973000,2912599,2973000,2973000,2973000,2973000,2912599
2020-10-20,9.9719,9.9719000000,,,2881868.0492183035,28737700.00000000067165000000,2973000,2973000,2973000,2973000,2912599,2973000,2973000,2973000,2973000,2912599
2020-10-21,10.2500,10.2500000000,,,2881868.0000000000,29539147.00000000000000000000,2973000,2973000,2973000,2973000,2912599,2973000,2973000,2973000,2973000,2912599
2020-10-22,9.9000,9.9000000000,,,2881867.9797979800,28530493.00000000200000000000,2973000,2973000,2973000,2973000,2912599,2973000,2973000,2973000,2973000,2912599
2020-10-23,10.0700,10.0700000000,,,2881868.0238331677,29020410.99999999873900000000,2973000,2973000,2973000,2973000,2912599,2973000,2973000,2973000,2973000,2912599
2020-10-26,9.9653,9.9653000000,,,2881867.9818971837,28718679.00000000472561000000,2973000,2973000,2973000,2973000,2912599,2973000,2973000,2973000,2973000,2912599
2020-10-27,9.8500,9.8500000000,,,2881868.0203045686,28386400.00000000071000000000,2973000,2973000,2973000,2973000,2912599,2973000,2973000,2973000,2973000,2912599
2020-10-28,9.8750,9.8750000000,,,2881868.0506329113,28458446.99999999908750000000,2973000,2973000,2973000,2973000,2912599,2973000,2973000,2973000,2973000,2912599
2020-10-29,9.7300,9.7300000000,,,2881868.0369989723,28040576.00000000047900000000,2973000,2973000,2973000,2973000,2912599,2973000,2973000,2973000,2973000,2912599
2020-10-30,9.6437,9.6437000000,,,2881867.9552453933,27791869.99999999936721000000,2973000,2973000,2973000,2973000,2912599,2973000,2973000,2973000,2973000,2912599
2020-11-02,10.0000,10.0000000000,,,2881868.0000000000,28818680.00000000000000000000,2973000,2973000,2973000,2973000,2912599,2973000,2973000,2973000,2973000,2912599
2020-11-03,10.1250,10.1250000000,,,2881868.0493827160,29178913.99999999950000000000,2973000,2973000,2973000,2973000,2912599,2973000,2973000,2973000,2973000,2912599
2020-11-04,10.4500,10.4500000000,,,2881868.0382775120,30115521.00000000040000000000,2973000,2973000,2973000,2973000,2912599,2973000,2973000,2973000,2973000,2912599
2020-11-05,10.3100,10.3100000000,,,2881867.9922405430,29712058.99999999833000000000,2973000,2973000,2973000,2973000,2912599,2973000,2973000,2973000,2973000,2912599
2020-11-06,9.8300,9.8300000000,,,2881867.9552390640,28328761.99999999912000000000,2973000,2973000,2973000,2973000,2912599,2973000,2973000,2973000,2973000,2912599
2020-11-09,10.2500,10.2500000000,,,2881868.0000000000,29539147.00000000000000000000,2973000,2973000,2973000,2973000,2912599,2973000,2973000,2973000,2973000,2912599
2020-11-10,10.4500,10.4500000000,,,2881868.0382775120,30115521.00000000040000000000,2973000,2973000,2973000,2973000,2912599,2973000,2973000,2973000,2973000,2912599
2020-11-11,10.7500,10.7500000000,,,2881868.0000000000,30980081.00000000000000000000,2973000,2973000,2973000,2973000,2912599,2973000,2973000,2973000,2973000,2912599
2020-11-12,10.5000,10.5000000000,,,2881853.0476190476,30259456.99999999980000000000,2882000,2882000,2882000,2882000,2881853,2882000,2882000,2882000,2882000,2881853
2020-11-13,10.6300,10.6300000000,,,2881852.9633113826,30634096.99999999703800000000,2882000,2882000,2882000,2882000,2881853,2882000,2882000,2882000,2882000,2881853
2020-11-16,11.0000,11.0000000000,,,2881853.0000000000,31700383.00000000000000000000,2882000,2882000,2882000,2882000,2881853,2882000,2882000,2882000,2882000,2881853
2020-11-17,10.7500,10.7500000000,,,2881853.0232558140,30979920.00000000050000000000,2882000,2882000,2882000,2882000,2881853,2882000,2882000,2882000,2882000,2881853
2020-11-18,10.8267,10.8267000000,,,2881853.0115362940,31200957.99999999424980000000,2882000,2882000,2882000,2882000,2881853,2882000,2882000,2882000,2882000,2881853
2020-11-19,10.4750,10.4750000000,,,2881852.9832935560,30187409.99999999910000000000,2882000,2882000,2882000,2882000,2881853,2882000,2882000,2882000,2882000,2881853
2020-11-20,10.8000,10.8000000000,,,2881852.9629629627,31124011.99999999716000000000,2882000,2882000,2882000,2882000,2881853,2882000,2882000,2882000,2882000,2881853
2020-11-23,10.8700,10.8700000000,,,2881852.9898804050,31325742.00000000235000000000,2882000,2882000,2882000,2882000,2881853,2882000,2882000,2882000,2882000,2881853
2020-11-24,11.0000,11.0000000000,,,2881853.0000000000,31700383.00000000000000000000,2882000,2882000,2882000,2882000,2881853,2882000,2882000,2882000,2882000,2881853
2020-11-25,10.8950,10.8950000000,,,2881852.9600734280,31397787.99999999806000000000,2882000,2882000,2882000,2882000,2881853,2882000,2882000,2882000,2882000,2881853
2020-11-27,10.8574,10.8574000000,,,2881853.0219021128,31289430.99999999951472000000,2882000,2882000,2882000,2882000,2881853,2882000,2882000,2882000,2882000,2881853
2020-11-30,11.0000,11.0000000000,,,2881853.0000000000,31700383.00000000000000000000,2882000,2882000,2882000,2882000,2881853,2882000,2882000,2882000,2882000,2881853
2020-12-01,11.0499,11.0499000000,,,2881852.9579453210,31844187.00000000251790000000,2882000,2882000,2882000,2882000,2881853,2882000,2882000,2882000,2882000,2881853
2020-12-02,10.9884,10.9884000000,,,2881853.0450293035,31666953.99999999857940000000,2882000,2882000,2882000,2882000,2881853,2882000,2882000,2882000,2882000,2881853
2020-12-03,10.8800,10.8800000000,,,2881853.0330882350,31354560.99999999680000000000,2882000,2882000,2882000,2882000,2881853,2882000,2882000,2882000,2882000,2881853
2020-12-04,11.0600,11.0600000000,,,2881852.9837251357,31873294.00000000084200000000,2882000,2882000,2882000,2882000,2881853,2882000,2882000,2882000,2882000,2881853
2020-12-07,11.9274,11.9274000000,,,2881852.9604104830,34373012.99999999493420000000,2882000,2882000,2882000,2882000,2881853,2882000,2882000,2882000,2882000,2881853
2020-12-08,11.6000,11.6000000000,,,2881853.0172413792,33429494.99999999872000000000,2882000,2882000,2882000,2882000,2881853,2882000,2882000,2882000,2882000,2881853
2020-12-09,11.3342,11.3342000000,,,2881852.9759488980,32663497.99999999971160000000,2882000,2882000,2882000,2882000,2881853,2882000,2882000,2882000,2882000,2881853
2020-12-10,11.1819,11.1819000000,,,2881852.9945715843,32224591.99999999848417000000,2882000,2882000,2882000,2882000,2881853,2882000,2882000,2882000,2882000,2881853
2020-12-11,11.0000,11.0000000000,,,2881853.0000000000,31700383.00000000000000000000,2882000,2882000,2882000,2882000,2881853,2882000,2882000,2882000,2882000,2881853
2020-12-14,11.5000,11.5000000000,,,2881853.0434782607,33141309.99999999805000000000,2882000,2882000,2882000,2882000,2881853,2882000,2882000,2882000,2882000,2881853
2020-12-15,11.6500,11.6500000000,,,2881852.9613733906,33573587.00000000049000000000,2882000,2882000,2882000,2882000,2881853,2882000,2882000,2882000,2882000,2881853
2020-12-16,11.1455,11.1455000000,,,2881853.0348571170,32119692.99999999752350000000,2882000,2882000,2882000,2882000,2881853,2882000,2882000,2882000,2882000,2881853
2020-12-17,10.9900,10.9900000000,,,2881852.9572338490,31671564.00000000051000000000,2882000,2882000,2882000,2882000,2881853,2882000,2882000,2882000,2882000,2881853
2020-12-18,9.7500,9.7500000000,,,2881853.0256410255,28098066.99999999862500000000,2882000,2882000,2882000,2882000,2881853,2882000,2882000,2882000,2882000,2881853
2020-12-21,9.7300,9.7300000000,,,2881853.0318602260,28040429.99999999898000000000,2882000,2882000,2882000,2882000,2881853,2882000,2882000,2882000,2882000,2881853
2020-12-22,9.6752,9.6752000000,,,2881852.9849512153,27882503.99999999827056000000,2882000,2882000,2882000,2882000,2881853,2882000,2882000,2882000,2882000,2881853
2020-12-23,9.7500,9.7500000000,,,2881853.0256410255,28098066.99999999862500000000,2882000,2882000,2882000,2882000,2881853,2882000,2882000,2882000,2882000,2881853
2020-12-24,38.3800,38.3800000000,,,2881852.9963522665,110605517.99999998827000000000,2882000,2882000,2882000,2882000,2881853,2882000,2882000,2882000,2882000,2881853
2020-12-28,20.2900,20.2900000000,,,2881852.9817644160,58472797.00000000064000000000,2882000,2882000,2882000,2882000,2881853,2882000,2882000,2882000,2882000,2881853
2020-12-29,19.3100,19.3100000000,,,2881852.9777317450,55648580.99999999595000000000,2882000,2882000,2882000,2882000,2881853,2882000,2882000,2882000,2882000,2881853
2020-12-30,20.3700,20.3700000000,,,2881853.0191458026,58703345.99999999896200000000,2882000,2882000,2882000,2882000,2881853,2882000,2882000,2882000,2882000,2881853
2020-12-31,24.9000,24.9000000000,,,2881853.0120481930,71758140.00000000570000000000,2882000,2882000,2882000,2882000,2881853,2882000,2882000,2882000,2882000,2881853
2021-01-04,25.0500,25.0500000000,,,2881853.0139720556,72190417.99999999278000000000,2882000,2882000,2882000,2882000,2881853,2882000,2882000,2882000,2882000,2881853
2021-01-05,24.6500,24.6500000000,,,2881852.9817444220,71037676.00000000230000000000,2882000,2882000,2882000,2882000,2881853,2882000,2882000,2882000,2882000,2881853
2021-01-06,24.5300,24.5300000000,,,2881852.9963310230,70691853.99999999419000000000,2882000,2882000,2882000,2882000,2881853,2882000,2882000,2882000,2882000,2881853
2021-01-07,24.3300,24.3300000000,,,2881852.9798602550,70115483.00000000415000000000,2882000,2882000,2882000,2882000,2881853,2882000,2882000,2882000,2882000,2881853
2021-01-08,23.4500,23.4500000000,,,2881853.0063965884,67579452.99999999798000000000,2882000,2882000,2882000,2882000,2881853,2882000,2882000,2882000,2882000,2881853
2021-01-11,23.5700,23.5700000000,,,2881852.9910903690,67925274.99999999733000000000,2882000,2882000,2882000,2882000,2881853,2882000,2882000,2882000,2882000,2881853
2021-01-12,22.6400,22.6400000000,,,2881853.0035335687,65245151.99999999536800000000,2882000,2882000,2882000,2882000,2881853,2882000,2882000,2882000,2882000,2881853
2021-01-13,21.9000,21.9000000000,,,2881853.0136986305,63112581.00000000795000000000,2882000,2882000,2882000,2882000,2881853,2882000,2882000,2882000,2882000,2881853
2021-01-14,21.1500,21.1500000000,,,2881853.0023640664,60951191.00000000436000000000,2882000,2882000,2882000,2882000,2881853,2882000,2882000,2882000,2882000,2881853
2021-01-15,21.6000,21.6000000000,,,2881853.0092592590,62248024.99999999440000000000,2882000,2882000,2882000,2882000,2881853,2882000,2882000,2882000,2882000,2881853
2021-01-19,21.4900,21.4900000000,,,2881853.0013959985,61931021.00000000776500000000,2882000,2882000,2882000,2882000,2881853,2882000,2882000,2882000,2882000,2881853
2021-01-20,21.1200,21.1200000000,,,2881852.9829545454,60864734.99999999884800000000,2882000,2882000,2882000,2882000,2881853,2882000,2882000,2882000,2882000,2881853
2021-01-21,22.0200,22.0200000000,,,2881852.9972752044,63458403.00000000088800000000,2882000,2882000,2882000,2882000,2881853,2882000,2882000,2882000,2882000,2881853
2021-01-22,22.5700,22.5700000000,,,2881852.9906956134,65043421.99999999443800000000,2882000,2882000,2882000,2882000,2881853,2882000,2882000,2882000,2882000,2881853
2021-01-25,21.6050,21.6050000000,,,2881852.9969914370,62262433.99999999638500000000,2882000,2882000,2882000,2882000,2881853,2882000,2882000,2882000,2882000,2881853
2021-01-26,21.5200,21.5200000000,,,2881853.0204460965,62017476.99999999668000000000,2882000,2882000,2882000,2882000,2881853,2882000,2882000,2882000,2882000,2881853
2021-01-27,20.8800,20.8800000000,,,2881853.0172413792,60173090.99999999769600000000,2882000,2882000,2882000,2882000,2881853,2882000,2882000,2882000,2882000,2881853
2021-01-28,20.2500,20.2500000000,,,2881852.9876543210,58357523.00000000025000000000,2882000,2882000,2882000,2882000,2881853,2882000,2882000,2882000,2882000,2881853
2021-01-29,20.4000,20.4000000000,,,2881852.9901960786,58789801.00000000344000000000,2882000,2882000,2882000,2882000,2881853,2882000,2882000,2882000,2882000,2881853
2021-02-01,25.5800,25.5800000000,,,2881853.0101641910,73717800.00000000578000000000,2882000,2882000,2882000,2882000,2881853,2882000,2882000,2882000,2882000,2881853
2021-02-02,22.5000,22.5000000000,,,2881853.0222222223,64841693.00000000175000000000,2882000,2882000,2882000,2882000,2881853,2882000,2882000,2882000,2882000,2881853
2021-02-03,22.6000,22.6000000000,,,2881853.0088495575,65129877.99999999950000000000,2882000,2882000,2882000,2882000,2881853,2882000,2882000,2882000,2882000,2881853
2021-02-04,22.6000,22.6000000000,,,2881853.0088495575,65129877.99999999950000000000,2882000,2882000,2882000,2882000,2881853,2882000,2882000,2882000,2882000,2881853
2021-02-05,23.6100,23.6100000000,,,2881852.9860228720,68040549.00000000792000000000,2882000,2882000,2882000,2882000,2881853,2882000,2882000,2882000,2882000,2881853
2021-02-08,34.2900,34.2900000000,,,2881852.9892096820,98818738.99999999578000000000,2882000,2882000,2882000,2882000,2881853,2882000,2882000,2882000,2882000,2881853
2021-02-09,34.4000,34.4000000000,,,2881852.9941860465,99135742.99999999960000000000,2882000,2882000,2882000,2882000,2881853,2882000,2882000,2882000,2882000,2881853
2021-02-10,30.2200,30.2200000000,,,2881853.0112508275,87089598.00000000705000000000,2882000,2882000,2882000,2882000,2881853,2882000,2882000,2882000,2882000,2881853
2021-02-11,30.5000,30.5000000000,,,2881853.0163934426,87896516.99999999930000000000,2882000,2882000,2882000,2882000,2881853,2882000,2882000,2882000,2882000,2881853
2021-02-12,25.6500,25.6500000000,,,2881852.9824561407,73919529.00000000895500000000,2882000,2887000,2882000,2887000,2881853,2882000,2887000,2882000,2887000,2881853
2021-02-16,27.4000,27.4000000000,,,2881852.9927007300,78962772.00000000200000000000,2882000,2887000,2882000,2887000,2881853,2882000,2887000,2882000,2887000,2881853
2021-02-17,26.8900,26.8900000000,,,2881852.9936779470,77493026.99999999483000000000,2882000,2887000,2882000,2887000,2881853,2882000,2887000,2882000,2887000,2881853
2021-02-18,25.5600,25.5600000000,,,2881853.0125195620,73660163.00000000472000000000,2882000,2887000,2882000,2887000,2881853,2882000,2887000,2882000,2887000,2881853
2021-02-19,25.9200,25.9200000000,,,2881853.0092592590,74697629.99999999328000000000,2882000,2887000,2882000,2887000,2881853,2882000,2887000,2882000,2887000,2881853
2021-02-22,26.7700,26.7700000000,,,2881853.0070974970,77147204.99999999469000000000,2882000,2887000,2882000,2887000,2881853,2882000,2887000,2882000,2887000,2881853
2021-02-23,24.7300,24.7300000000,,,2881853.0125353820,71268224.99999999686000000000,2882000,2887000,2882000,2887000,2881853,2882000,2887000,2882000,2887000,2881853
2021-02-24,26.8800,26.8800000000,,,2881853.0133928573,77464209.00000000422400000000,2882000,2887000,2882000,2887000,2881853,2882000,2887000,2882000,2887000,2881853
2021-02-25,26.3400,26.3400000000,,,2881852.9992406988,75908008.00000000639200000000,2882000,2887000,2882000,2887000,2881853,2882000,2887000,2882000,2887000,2881853
2021-02-26,24.5600,24.5600000000,,,2881853.0130293160,70778310.00000000096000000000,2882000,2887000,2882000,2887000,2881853,2882000,2887000,2882000,2887000,2881853
2021-03-01,26.5200,26.5200000000,,,2881853.0165912520,76426742.00000000304000000000,2882000,2887000,2882000,2887000,2881853,2882000,2887000,2882000,2887000,2881853
2021-03-02,26.6600,26.6600000000,,,2881853.0007501873,76830200.99999999341800000000,2882000,2887000,2882000,2887000,2881853,2882000,2887000,2882000,2887000,2881853
2021-03-03,25.6500,25.6500000000,,,2881852.9824561407,73919529.00000000895500000000,2882000,2887000,2882000,2887000,2881853,2882000,2887000,2882000,2887000,2881853
2021-03-04,25.8300,25.8300000000,,,2881853.0003871470,74438263.00000000701000000000,2882000,2887000,2882000,2887000,2881853,2882000,2887000,2882000,2887000,2881853
2021-03-05,24.1000,24.1000000000,,,2881852.9875518670,69452656.99999999470000000000,2882000,2887000,2882000,2887000,2881853,2882000,2887000,2882000,2887000,2881853
2021-03-08,23.5900,23.5900000000,,,2881852.9885544720,67982911.99999999448000000000,2882000,2887000,2882000,2887000,2881853,2882000,2887000,2882000,2887000,2881853
2021-03-09,25.1400,25.1400000000,,,2881852.9832935560,72449783.99999999784000000000,2882000,2887000,2882000,2887000,2881853,2882000,2887000,2882000,2887000,2881853
2021-03-10,26.2700,26.2700000000,,,2881852.9881994673,75706278.00000000597100000000,2882000,2887000,2882000,2887000,2881853,2882000,2887000,2882000,2887000,2881853
2021-03-11,27.7000,27.7000000000,,,2881852.9963898920,79827328.00000000840000000000,2882000,2887000,2882000,2887000,2881853,2882000,2887000,2882000,2887000,2881853
2021-03-12,27.0400,27.0400000000,,,2881852.9955621300,77925304.99999999520000000000,2882000,2887000,2882000,2887000,2881853,2882000,2887000,2882000,2887000,2881853
2021-03-15,26.5000,26.5000000000,,,2881853.0188679243,76369104.99999999395000000000,2882000,2887000,2882000,2887000,2881853,2882000,2887000,2882000,2887000,2881853
2021-03-16,26.7500,26.7500000000,,,2881853.0093457946,77089568.00000000555000000000,2882000,2887000,2882000,2887000,2881853,2882000,2887000,2882000,2887000,2881853
2021-03-17,27.2000,27.2000000000,,,2881853.0147058824,78386402.00000000128000000000,2882000,2887000,2882000,2887000,2881853,2882000,2887000,2882000,2887000,2881853
2021-03-18,27.1500,27.1500000000,,,2881853.0018416210,78242309.00000001015000000000,2882000,2887000,2882000,2887000,2881853,2882000,2887000,2882000,2887000,2881853
2021-03-19,26.6200,26.6200000000,,,2881853.0052592037,76714927.00000000249400000000,2882000,2887000,2882000,2887000,2881853,2882000,2887000,2882000,2887000,2881853
2021-03-22,27.0589,27.0589000000,,,2881852.9947632756,77979771.99999999813284000000,2882000,2887000,2882000,2887000,2881853,2882000,2887000,2882000,2887000,2881853
2021-03-23,26.1500,26.1500000000,,,2881853.0019120460,75360456.00000000290000000000,2882000,2887000,2882000,2887000,2881853,2882000,2887000,2882000,2887000,2881853
2021-03-24,25.1500,25.1500000000,,,2881853.0019880720,72478603.00000001080000000000,2882000,2887000,2882000,2887000,2881853,2882000,2887000,2882000,2887000,2881853
2021-03-25,23.7000,23.7000000000,,,2881852.9957805910,68299916.00000000670000000000,2882000,2887000,2882000,2887000,2881853,2882000,2887000,2882000,2887000,2881853
2021-03-26,23.4500,23.4500000000,,,2881853.0063965884,67579452.99999999798000000000,2882000,2887000,2882000,2887000,2881853,2882000,2887000,2882000,2887000,2881853
2021-03-29,24.4800,24.4800000000,,,2881852.9820261440,70547761.00000000512000000000,2882000,2887000,2882000,2887000,2881853,2882000,2887000,2882000,2887000,2881853
2021-03-30,23.7500,23.7500000000,,,2881853.0105263160,68444009.00000000500000000000,2882000,2887000,2882000,2887000,2881853,2882000,2887000,2882000,2887000,2881853
2021-03-31,23.7700,23.7700000000,,,2881853.0079932690,68501646.00000000413000000000,2882000,2887000,2882000,2887000,2881853,2882000,2887000,2882000,2887000,2881853
2021-04-01,23.7250,23.7250000000,,,2881852.9820864066,68371961.99999999658500000000,2882000,2887000,2882000,2887000,2881853,2882000,2887000,2882000,2887000,2881853
2021-04-05,23.3700,23.3700000000,,,2881853.0166880614,67348904.99999999491800000000,2882000,2887000,2882000,2887000,2881853,2882000,2887000,2882000,2887000,2881853
2021-04-06,23.7300,23.7300000000,,,2881853.0130636324,68386371.99999999685200000000,2882000,2887000,2882000,2887000,2881853,2882000,2887000,2882000,2887000,2881853
2021-04-07,23.7800,23.7800000000,,,2881852.9857022706,68530463.99999999486800000000,2882000,2887000,2882000,2887000,2881853,2882000,2887000,2882000,2887000,2881853
2021-04-08,23.2300,23.2300000000,,,2881852.9918209210,66945444.99999999483000000000,2882000,2887000,2882000,2887000,2881853,2882000,2887000,2882000,2887000,2881853
2021-04-09,23.0000,23.0000000000,,,2881853.0000000000,66282619.00000000000000000000,2882000,2887000,2882000,2887000,2881853,2882000,2887000,2882000,2887000,2881853
2021-04-12,22.7000,22.7000000000,,,2881852.9955947140,65418063.00000000780000000000,2882000,2887000,2882000,2887000,2881853,2882000,2887000,2882000,2887000,2881853
2021-04-13,22.1000,22.1000000000,,,2881852.9864253392,63688950.99999999632000000000,2882000,2887000,2882000,2887000,2881853,2882000,2887000,2882000,2887000,2881853
2021-04-14,22.2200,22.2200000000,,,2881853.0153015302,64034774.00000000104400000000,2882000,2887000,2882000,2887000,2881853,2882000,2887000,2882000,2887000,2881853
2021-04-15,22.0000,22.0000000000,,,2881853.0000000000,63400766.00000000000000000000,2882000,2887000,2882000,2887000,2881853,2882000,2887000,2882000,2887000,2881853
2021-04-16,21.9400,21.9400000000,,,2881853.0082041930,63227854.99999999442000000000,2882000,2887000,2882000,2887000,2881853,2882000,2887000,2882000,2887000,2881853
2021-04-19,22.1000,22.1000000000,,,2881852.9864253392,63688950.99999999632000000000,2882000,2887000,2882000,2887000,2881853,2882000,2887000,2882000,2887000,2881853
2021-04-20,21.6900,21.6900000000,,,2881853.0198248040,62507391.99999999876000000000,2882000,2887000,2882000,2887000,2881853,2882000,2887000,2882000,2887000,2881853
2021-04-21,21.4000,21.4000000000,,,2881852.9906542060,61671654.00000000840000000000,2882000,2887000,2882000,2887000,2881853,2882000,2887000,2882000,2887000,2881853
2021-04-22,21.4000,21.4000000000,,,2881852.9906542060,61671654.00000000840000000000,2882000,2887000,2882000,2887000,2881853,2882000,2887000,2882000,2887000,2881853
2021-04-23,21.5600,21.5600000000,,,2881853.0148423007,62132751.00000000309200000000,2882000,2887000,2882000,2887000,2881853,2882000,2887000,2882000,2887000,2881853
2021-04-26,22.1200,22.1200000000,,,2881852.9837251357,63746588.00000000168400000000,2882000,2887000,2882000,2887000,2881853,2882000,2887000,2882000,2887000,2881853
2021-04-27,22.3700,22.3700000000,,,2881853.0174340634,64467051.99999999825800000000,2882000,2887000,2882000,2887000,2881853,2882000,2887000,2882000,2887000,2881853
2021-04-28,21.7800,21.7800000000,,,2881852.9843893480,62766757.99999999944000000000,2882000,2887000,2882000,2887000,2881853,2882000,2887000,2882000,2887000,2881853
2021-04-29,21.9100,21.9100000000,,,2881852.9895025100,63141398.99999999410000000000,2882000,2887000,2882000,2887000,2881853,2882000,2887000,2882000,2887000,2881853
2021-04-30,22.5400,22.5400000000,,,2881853.0168589177,64956967.00000000495800000000,2882000,2887000,2882000,2887000,2881853,2882000,2887000,2882000,2887000,2881853
2021-05-03,23.9899,23.9899000000,,,2881852.9881325060,69135365.00000000568940000000,2882000,2887000,2882000,2887000,2881853,2882000,2887000,2882000,2887000,2881853
2021-05-04,23.1601,23.1601000000,,,2881853.0144515783,66744003.99999999858583000000,2882000,2887000,2882000,2887000,2881853,2882000,2887000,2882000,2887000,2881853
2021-05-05,23.8600,23.8600000000,,,2881853.0176026826,68761013.00000000683600000000,2882000,2887000,2882000,2887000,2881853,2882000,2887000,2882000,2887000,2881853
2021-05-06,22.4400,22.4400000000,,,2881852.9857397503,64668780.99999999673200000000,2882000,2887000,2882000,2887000,2881853,2882000,2887000,2882000,2887000,2881853
2021-05-07,22.1000,22.1000000000,,,2881852.9864253392,63688950.99999999632000000000,2882000,2887000,2882000,2887000,2881853,2882000,2887000,2882000,2887000,2881853
2021-05-10,21.8750,21.8750000000,,,2881852.9828571430,63040534.00000000312500000000,2882000,2887000,2882000,2887000,2881853,2882000,2887000,2882000,2887000,2881853
2021-05-11,21.4882,21.4882000000,,,2881853.0170046818,61925834.00000000345476000000,2882000,2887000,2882000,2887000,2881853,2882000,2887000,2882000,2887000,2881853
2021-05-12,21.6002,21.6002000000,,,2881852.9921019250,62248601.00000000038500000000,2882000,2887000,2882000,2887000,2881853,2882000,2887000,2882000,2887000,2881853
2021-05-13,21.8000,21.8000000000,,,2881852.9816513760,62824394.99999999680000000000,2882000,2887000,2882000,2887000,2881853,2882000,2887000,2882000,2887000,2881853
2021-05-14,22.1200,22.1200000000,,,2881852.9837251357,63746588.00000000168400000000,2882000,2887000,2882000,2887000,2881853,2882000,2887000,2882000,2887000,2881853
2021-05-17,22.4900,22.4900000000,,,2881853.0013339263,64812874.00000000248700000000,2882000,2887000,2882000,2887000,2881853,2882000,2887000,2882000,2887000,2881853
2021-05-18,22.7600,22.7600000000,,,2881852.9876977150,65590973.99999999340000000000,2882000,2887000,2882000,2887000,2881853,2882000,2887000,2882000,2887000,2881853
2021-05-19,23.4000,23.4000000000,,,2881852.9914529915,67435360.00000000110000000000,2882000,2887000,2882000,2887000,2881853,2882000,2887000,2882000,2887000,2881853
2021-05-20,23.1575,23.1575000000,,,2881853.0065853395,66736510.99999999947125000000,2882000,2887000,2882000,2887000,2881853,2882000,2887000,2882000,2887000,2881853
2021-05-21,22.5400,22.5400000000,,,2881853.0168589177,64956967.00000000495800000000,2882000,2887000,2882000,2887000,2881853,2882000,2887000,2882000,2887000,2881853
2021-05-24,22.2700,22.2700000000,,,2881852.9860799280,64178865.99999999656000000000,2882000,2887000,2882000,2887000,2881853,2882000,2887000,2882000,2887000,2881853
2021-05-25,22.2900,22.2900000000,,,2881852.9834006280,64236502.99999999812000000000,2882000,2887000,2882000,2887000,2881853,2882000,2887000,2882000,2887000,2881853
2021-05-26,22.3100,22.3100000000,,,2881852.9807261320,64294140.00000000492000000000,2882000,2887000,2882000,2887000,2881853,2882000,2887000,2882000,2887000,2881853
2021-05-27,22.3400,22.3400000000,,,2881852.9991047448,64380595.99999999883200000000,2882000,2887000,2882000,2887000,2881853,2882000,2887000,2882000,2887000,2881853
2021-05-28,23.2400,23.2400000000,,,2881853.0120481930,66974264.00000000532000000000,2882000,2887000,2882000,2887000,2881853,2882000,2887000,2882000,2887000,2881853
2021-06-01,23.4900,23.4900000000,,,2881853.0012771394,67694727.00000000450600000000,2882000,2887000,2882000,2887000,2881853,2882000,2887000,2882000,2887000,2881853
2021-06-02,23.3250,23.3250000000,,,2881852.9903536980,67219221.00000000585000000000,2882000,2887000,2882000,2887000,2881853,2882000,2887000,2882000,2887000,2881853
2021-06-03,23.0100,23.0100000000,,,2881853.0204259017,66311437.99999999811700000000,2882000,2887000,2882000,2887000,2881853,2882000,2887000,2882000,2887000,2881853
2021-06-04,23.4300,23.4300000000,,,2881853.0089628682,67521816.00000000192600000000,2882000,2887000,2882000,2887000,2881853,2882000,2887000,2882000,2887000,2881853
2021-06-07,23.5900,23.5900000000,,,2881852.9885544720,67982911.99999999448000000000,2882000,2887000,2882000,2887000,2881853,2882000,2887000,2882000,2887000,2881853
2021-06-08,23.4100,23.4100000000,,,2881853.0115335328,67464179.00000000284800000000,2882000,2887000,2882000,2887000,2881853,2882000,2887000,2882000,2887000,2881853
2021-06-09,22.7501,22.7501000000,,,2881853.0028439434,65562443.99999999674434000000,2882000,2887000,2882000,2887000,2881853,2882000,2887000,2882000,2887000,2881853
2021-06-10,22.8300,22.8300000000,,,2881853.0004380206,65792704.00000001029800000000,2882000,2887000,2882000,2887000,2881853,2882000,2887000,2882000,2887000,2881853
2021-06-11,23.5600,23.5600000000,,,2881853.0135823432,67896457.00000000579200000000,2882000,2887000,2882000,2887000,2881853,2882000,2887000,2882000,2887000,2881853
2021-06-14,23.2000,23.2000000000,,,2881853.0172413792,66858989.99999999744000000000,2882000,2887000,2882000,2887000,2881853,2882000,2887000,2882000,2887000,2881853
2021-06-15,23.2700,23.2700000000,,,2881852.9866781263,67060718.99999999900100000000,2882000,2887000,2882000,2887000,2881853,2882000,2887000,2882000,2887000,2881853
2021-06-16,22.8700,22.8700000000,,,2881852.9951902055,65907977.99999999978500000000,2882000,2887000,2882000,2887000,2881853,2882000,2887000,2882000,2887000,2881853
2021-06-17,23.0100,23.0100000000,,,2881853.0204259017,66311437.99999999811700000000,2882000,2887000,2882000,2887000,2881853,2882000,2887000,2882000,2887000,2881853
2021-06-18,23.1600,23.1600000000,,,2881852.9792746115,66743715.00000000234000000000,2882000,2887000,2882000,2887000,2881853,2882000,2887000,2882000,2887000,2881853
2021-06-21,23.8100,23.8100000000,,,2881853.0029399414,68616920.00000000473400000000,2882000,2887000,2882000,2887000,2881853,2882000,2887000,2882000,2887000,2881853
2021-06-22,24.0000,24.0000000000,,,2881853.0000000000,69164472.00000000000000000000,2882000,2887000,2882000,2887000,2881853,2882000,2887000,2882000,2887000,2881853
2021-06-23,24.4500,24.4500000000,,,2881853.0061349690,70461305.99999999205000000000,2882000,2887000,2882000,2887000,2881853,2882000,2887000,2882000,2887000,2881853
2021-06-24,25.0000,25.0000000000,,,2881853.0000000000,72046325.00000000000000000000,2882000,2887000,2882000,2887000,2881853,2882000,2887000,2882000,2887000,2881853
2021-06-25,24.9000,24.9000000000,,,2881853.0120481930,71758140.00000000570000000000,2882000,2882000,2882000,2882000,2881853,2882000,2882000,2882000,2882000,2881853
2021-06-28,24.1371,24.1371000000,,,2881852.9980817910,69559573.99999999754610000000,2882000,2882000,2882000,2882000,2881853,2882000,2882000,2882000,2882000,2881853
2021-06-29,24.2650,24.2650000000,,,2881852.9981454770,69928162.99999999940500000000,2882000,2882000,2882000,2882000,2881853,2882000,2882000,2882000,2882000,2881853
2021-06-30,24.7100,24.7100000000,,,2881853.0149736950,71210588.00000000345000000000,2882000,2882000,2882000,2882000,2881853,2882000,2882000,2882000,2882000,2881853
2021-07-01,24.5500,24.5500000000,,,2881852.9938900200,70749490.99999999100000000000,2882000,2882000,2882000,2882000,2881853,2882000,2882000,2882000,2882000,2881853
2021-07-02,24.5000,24.5000000000,,,2881853.0204081633,70605399.00000000085000000000,2882000,2882000,2882000,2882000,2881853,2882000,2882000,2882000,2882000,2881853
2021-07-06,24.5100,24.5100000000,,,2881852.9987760100,70634217.00000000510000000000,2882000,2882000,2882000,2882000,2881853,2882000,2882000,2882000,2882000,2881853
2021-07-07,24.5000,24.5000000000,,,2881853.0204081633,70605399.00000000085000000000,2882000,2882000,2882000,2882000,2881853,2882000,2882000,2882000,2882000,2881853
2021-07-08,23.9400,23.9400000000,,,2881853.0075187967,68991560.99999999299800000000,2882000,2882000,2882000,2882000,2881853,2882000,2882000,2882000,2882000,2881853
2021-07-09,24.1200,24.1200000000,,,2881852.9850746267,69510293.99999999600400000000,2882000,2882000,2882000,2882000,2881853,2882000,2882000,2882000,2882000,2881853
2021-07-12,23.9500,23.9500000000,,,2881852.9853862210,69020378.99999999295000000000,2882000,2882000,2882000,2882000,2881853,2882000,2882000,2882000,2882000,2881853
2021-07-13,24.6500,24.6500000000,,,2881852.9817444220,71037676.00000000230000000000,2882000,2882000,2882000,2882000,2881853,2882000,2882000,2882000,2882000,2881853
2021-07-14,24.7000,24.7000000000,,,2881852.9959514170,71181768.99999999990000000000,2882000,2882000,2882000,2882000,2881853,2882000,2882000,2882000,2882000,2881853
2021-07-15,24.9000,24.9000000000,,,2881853.0120481930,71758140.00000000570000000000,2882000,2882000,2882000,2882000,2881853,2882000,2882000,2882000,2882000,2881853
2021-07-16,24.4500,24.4500000000,,,2881853.0061349690,70461305.99999999205000000000,2882000,2882000,2882000,2882000,2881853,2882000,2882000,2882000,2882000,2881853
2021-07-19,24.0500,24.0500000000,,,2881853.0145530147,69308565.00000000353500000000,2882000,2882000,2882000,2882000,2881853,2882000,2882000,2882000,2882000,2881853
2021-07-20,26.4800,26.4800000000,,,2881852.9833836860,76311467.00000000528000000000,2882000,2882000,2882000,2882000,2881853,2882000,2882000,2882000,2882000,2881853
2021-07-21,27.2000,27.2000000000,,,2881853.0147058824,78386402.00000000128000000000,2882000,2882000,2882000,2882000,2881853,2882000,2882000,2882000,2882000,2881853
2021-07-22,27.6600,27.6600000000,,,2881853.0007230660,79712054.00000000556000000000,2882000,2882000,2882000,2882000,2881853,2882000,2882000,2882000,2882000,2881853
2021-07-23,28.8199,28.8199000000,,,2881852.9904683917,83054715.00000000195483000000,2882000,2882000,2882000,2882000,2881853,2882000,2882000,2882000,2882000,2881853
2021-07-26,29.8200,29.8200000000,,,2881852.9845741110,85936855.99999999002000000000,2882000,2882000,2882000,2882000,2881853,2882000,2882000,2882000,2882000,2881853
2021-07-27,29.3029,29.3029000000,,,2881852.9906596276,84446650.00000000160004000000,2882000,2882000,2882000,2882000,2881853,2882000,2882000,2882000,2882000,2881853
2021-07-28,29.7350,29.7350000000,,,2881853.0015133680,85691898.99999999748000000000,2882000,2882000,2882000,2882000,2881853,2882000,2882000,2882000,2882000,2881853
2021-07-29,29.9500,29.9500000000,,,2881852.9883138565,86311497.00000000217500000000,2882000,2882000,2882000,2882000,2881853,2882000,2882000,2882000,2882000,2881853
2021-07-30,30.6300,30.6300000000,,,2881852.9872673852,88271157.00000000867600000000,2882000,2882000,2882000,2882000,2881853,2882000,2882000,2882000,2882000,2881853
2021-08-02,29.7250,29.7250000000,,,2881852.9857022706,85663079.99999999358500000000,2882000,2882000,2882000,2882000,2881853,2882000,2882000,2882000,2882000,2881853
2021-08-03,33.3000,33.3000000000,,,2881853.0030030030,95965704.99999999990000000000,2882000,2882000,2882000,2882000,2881853,2882000,2882000,2882000,2882000,2881853
2021-08-04,32.4900,32.4900000000,,,2881853.0009233607,93631403.99999998914300000000,2882000,2882000,2882000,2882000,2881853,2882000,2882000,2882000,2882000,2881853
2021-08-05,31.2378,31.2378000000,,,2881853.0114156567,90022748.00000000086326000000,2882000,2882000,2882000,2882000,2881853,2882000,2882000,2882000,2882000,2881853
2021-08-06,31.0852,31.0852000000,,,2881853.0040019043,89582976.99999999554636000000,2882000,2882000,2882000,2882000,2881853,2882000,2882000,2882000,2882000,2881853
2021-08-09,32.8100,32.8100000000,,,2881853.0021334956,94553596.99999999063600000000,2882000,2882000,2882000,2882000,2881853,2882000,2882000,2882000,2882000,2881853
2021-08-10,33.0100,33.0100000000,,,2881853.0142381100,95129968.00000001110000000000,2882000,2882000,2882000,2882000,2881853,2882000,2882000,2882000,2882000,2881853
2021-08-11,32.8506,32.8506000000,,,2881852.9950746710,94670599.99999998715260000000,2882000,2882000,2882000,2882000,2881853,2882000,2882000,2882000,2882000,2881853
2021-08-12,33.0100,33.0100000000,,,2881853.0142381100,95129968.00000001110000000000,2882000,2890000,2882000,2890000,2881853,2882000,2890000,2882000,2890000,2881853
2021-08-13,33.5000,33.5000000000,,,2881853.0149253733,96542076.00000000555000000000,2882000,2890000,2882000,2890000,2881853,2882000,2890000,2882000,2890000,2881853
2021-08-16,33.1100,33.1100000000,,,2881853.0051344004,95418152.99999999724400000000,2882000,2890000,2882000,2890000,2881853,2882000,2890000,2882000,2890000,2881853
2021-08-17,33.5300,33.5300000000,,,2881852.9973158366,96628531.00000000119800000000,2882000,2890000,2882000,2890000,2881853,2882000,2890000,2882000,2890000,2881853
2021-08-18,32.0600,32.0600000000,,,2881852.9943855270,92392206.99999999562000000000,2882000,2890000,2882000,2890000,2881853,2882000,2890000,2882000,2890000,2881853
2021-08-19,32.0600,32.0600000000,,,2881852.9943855270,92392206.99999999562000000000,2882000,2890000,2882000,2890000,2881853,2882000,2890000,2882000,2890000,2881853
2021-08-20,33.4990,33.4990000000,,,2881853.0105376276,96539193.99999998697240000000,2882000,2890000,2882000,2890000,2881853,2882000,2890000,2882000,2890000,2881853
2021-08-23,33.3700,33.3700000000,,,2881853.0116871440,96167434.99999999528000000000,2882000,2890000,2882000,2890000,2881853,2882000,2890000,2882000,2890000,2881853
2021-08-24,33.9115,33.9115000000,,,2881852.9997198590,97727957.99999999847850000000,2882000,2890000,2882000,2890000,2881853,2882000,2890000,2882000,2890000,2881853
2021-08-25,34.2400,34.2400000000,,,2881853.0081775700,98674646.99999999680000000000,2882000,2890000,2882000,2890000,2881853,2882000,2890000,2882000,2890000,2881853
2021-08-26,33.8900,33.8900000000,,,2881852.9949837710,97665997.99999999919000000000,2882000,2890000,2882000,2890000,2881853,2882000,2890000,2882000,2890000,2881853
2021-08-27,34.6200,34.6200000000,,,2881853.0040439055,99769751.00000000841000000000,2882000,2890000,2882000,2890000,2881853,2882000,2890000,2882000,2890000,2881853
2021-08-30,34.0200,34.0200000000,,,2881852.9982363310,98040638.99999998062000000000,2882000,2890000,2882000,2890000,2881853,2882000,2890000,2882000,2890000,2881853
2021-08-31,34.3100,34.3100000000,,,2881852.9874672107,98876375.99999999911700000000,2882000,2890000,2882000,2890000,2881853,2882000,2890000,2882000,2890000,2881853
2021-09-01,34.0100,34.0100000000,,,2881853.0138194650,98011821.00000000465000000000,2882000,2890000,2882000,2890000,2881853,2882000,2890000,2882000,2890000,2881853
2021-09-02,34.2900,34.2900000000,,,2881852.9892096820,98818738.99999999578000000000,2882000,2890000,2882000,2890000,2881853,2882000,2890000,2882000,2890000,2881853
2021-09-03,34.7000,34.7000000000,,,2881852.9971181555,100000298.99999999585000000000,2882000,2890000,2882000,2890000,2881853,2882000,2890000,2882000,2890000,2881853
2021-09-07,38.9900,38.9900000000,,,2881852.9879456270,112363447.99999999673000000000,2882000,2890000,2882000,2890000,2881853,2882000,2890000,2882000,2890000,2881853
2021-09-08,40.5000,40.5000000000,,,2881853.0123456790,116715046.99999999950000000000,2882000,2890000,2882000,2890000,2881853,2882000,2890000,2882000,2890000,2881853
2021-09-09,40.4900,40.4900000000,,,2881853.0007409235,116686227.99999999251500000000,2882000,2890000,2882000,2890000,2881853,2882000,2890000,2882000,2890000,2881853
2021-09-10,38.7838,38.7838000000,,,2881852.9901659973,111769210.00000000608374000000,2882000,2890000,2882000,2890000,2881853,2882000,2890000,2882000,2890000,2881853
2021-09-13,38.9900,38.9900000000,,,2881852.9879456270,112363447.99999999673000000000,2882000,2890000,2882000,2890000,2881853,2882000,2890000,2882000,2890000,2881853
2021-09-14,39.2000,39.2000000000,,,2881853.0102040814,112968637.99999999088000000000,2882000,2890000,2882000,2890000,2881853,2882000,2890000,2882000,2890000,2881853
2021-09-15,39.4500,39.4500000000,,,2881853.0038022813,113689100.99999999728500000000,2882000,2890000,2882000,2890000,2881853,2882000,2890000,2882000,2890000,2881853
2021-09-16,39.1500,39.1500000000,,,2881853.0012771394,112824545.00000000751000000000,2882000,2890000,2882000,2890000,2881853,2882000,2890000,2882000,2890000,2881853
2021-09-17,38.1300,38.1300000000,,,2881853.0028848670,109885054.99999997871000000000,2882000,2890000,2882000,2890000,2881853,2882000,2890000,2882000,2890000,2881853
2021-09-20,38.7973,38.7973000000,,,2881852.9897699067,111808115.00000000121191000000,2882000,2890000,2882000,2890000,2881853,2882000,2890000,2882000,2890000,2881853
2021-09-21,39.7500,39.7500000000,,,2881853.0062893080,114553656.99999999300000000000,2882000,2890000,2882000,2890000,2881853,2882000,2890000,2882000,2890000,2881853
2021-09-22,39.3100,39.3100000000,,,2881852.9890613070,113285640.99999997817000000000,2882000,2890000,2882000,2890000,2881853,2882000,2890000,2882000,2890000,2881853
2021-09-23,39.2500,39.2500000000,,,2881852.9936305730,113112729.99999999025000000000,2882000,2890000,2882000,2890000,2881853,2882000,2890000,2882000,2890000,2881853
2021-09-24,32.9900,32.9900000000,,,2881852.9857532580,95072329.99999998142000000000,2882000,2890000,2882000,2890000,2881853,2882000,2890000,2882000,2890000,2881853
2021-09-27,31.0100,31.0100000000,,,2881853.0151564010,89366261.99999999501000000000,2882000,2890000,2882000,2890000,2881853,2882000,2890000,2882000,2890000,2881853
2021-09-28,30.0700,30.0700000000,,,2881853.0096441640,86657320.00000001148000000000,2882000,2890000,2882000,2890000,2881853,2882000,2890000,2882000,2890000,2881853
2021-09-29,30.2500,30.2500000000,,,2881852.9917355370,87176052.99999999425000000000,2882000,2890000,2882000,2890000,2881853,2882000,2890000,2882000,2890000,2881853
2021-09-30,28.6799,28.6799000000,,,2881853.0050662660,82651256.00000000225340000000,2882000,2890000,2882000,2890000,2881853,2882000,2890000,2882000,2890000,2881853
2021-10-01,27.1900,27.1900000000,,,2881852.9974255240,78357582.99999999756000000000,2882000,2890000,2882000,2890000,2881853,2882000,2890000,2882000,2890000,2881853
2021-10-04,26.7400,26.7400000000,,,2881852.9917726256,77060749.00000000854400000000,2882000,2890000,2882000,2890000,2881853,2882000,2890000,2882000,2890000,2881853
2021-10-05,26.3200,26.3200000000,,,2881853.0015197570,75850371.00000000424000000000,2882000,2890000,2882000,2890000,2881853,2882000,2890000,2882000,2890000,2881853
2021-10-06,26.1000,26.1000000000,,,2881852.9885057470,75216362.99999999670000000000,2882000,2890000,2882000,2890000,2881853,2882000,2890000,2882000,2890000,2881853
2021-10-07,27.5100,27.5100000000,,,2881852.9989094874,79279775.99999999837400000000,2882000,2890000,2882000,2890000,2881853,2882000,2890000,2882000,2890000,2881853
2021-10-08,26.7800,26.7800000000,,,2881852.9873039583,77176023.00000000327400000000,2882000,2890000,2882000,2890000,2881853,2882000,2890000,2882000,2890000,2881853
2021-10-11,27.1500,27.1500000000,,,2881853.0018416210,78242309.00000001015000000000,2882000,2890000,2882000,2890000,2881853,2882000,2890000,2882000,2890000,2881853
2021-10-12,28.1200,28.1200000000,,,2881852.9871977237,81037705.99999999044400000000,2882000,2890000,2882000,2890000,2881853,2882000,2890000,2882000,2890000,2881853
2021-10-13,30.4099,30.4099000000,,,2881853.0149720977,87636861.99999999384723000000,2882000,2890000,2882000,2890000,2881853,2882000,2890000,2882000,2890000,2881853
2021-10-14,28.9100,28.9100000000,,,2881852.9920442750,83314369.99999999025000000000,2882000,2890000,2882000,2890000,2881853,2882000,2890000,2882000,2890000,2881853
2021-10-15,28.5000,28.5000000000,,,2881853.0175438600,82132811.00000001000000000000,2882000,2890000,2882000,2890000,2881853,2882000,2890000,2882000,2890000,2881853
2021-10-18,28.7200,28.7200000000,,,2881852.9944289695,82766818.00000000404000000000,2882000,2890000,2882000,2890000,2881853,2882000,2890000,2882000,2890000,2881853
2021-10-19,28.7500,28.7500000000,,,2881853.0086956522,82853274.00000000075000000000,2882000,2890000,2882000,2890000,2881853,2882000,2890000,2882000,2890000,2881853
2021-10-20,28.1565,28.1565000000,,,2881853.0001953365,81142893.99999999216225000000,2882000,2890000,2882000,2890000,2881853,2882000,2890000,2882000,2890000,2881853
2021-10-21,28.2400,28.2400000000,,,2881853.0099150143,81383529.00000000383200000000,2882000,2890000,2882000,2890000,2881853,2882000,2890000,2882000,2890000,2881853
2021-10-22,27.8000,27.8000000000,,,2881852.9856115110,80115513.00000000580000000000,2882000,2890000,2882000,2890000,2881853,2882000,2890000,2882000,2890000,2881853
2021-10-25,26.5497,26.5497000000,,,2881853.0152883083,76512332.99999999887251000000,2882000,2890000,2882000,2890000,2881853,2882000,2890000,2882000,2890000,2881853
2021-10-26,26.7500,26.7500000000,,,2881853.0093457946,77089568.00000000555000000000,2882000,2890000,2882000,2890000,2881853,2882000,2890000,2882000,2890000,2881853
2021-10-27,27.0800,27.0800000000,,,2881852.9911373710,78040579.00000000668000000000,2882000,2890000,2882000,2890000,2881853,2882000,2890000,2882000,2890000,2881853
2021-10-28,27.2100,27.2100000000,,,2881852.9952223445,78415219.99999999384500000000,2882000,2890000,2882000,2890000,2881853,2882000,2890000,2882000,2890000,2881853
2021-10-29,27.1300,27.1300000000,,,2881853.0040545524,78184672.00000000661200000000,2882000,2890000,2882000,2890000,2881853,2882000,2890000,2882000,2890000,2881853
2021-11-01,26.5400,26.5400000000,,,2881853.0143180110,76484379.00000001194000000000,2882000,2890000,2882000,2890000,2881853,2882000,2890000,2882000,2890000,2881853
2021-11-02,27.1800,27.1800000000,,,2881853.0169242090,78328765.00000000062000000000,2882000,2890000,2882000,2890000,2881853,2882000,2890000,2882000,2890000,2881853
2021-11-03,27.5000,27.5000000000,,,2881853.0181818180,79250957.99999999500000000000,2882000,2890000,2882000,2890000,2881853,2882000,2890000,2882000,2890000,2881853
2021-11-04,27.4400,27.4400000000,,,2881852.9883381925,79078046.00000000220000000000,2882000,2890000,2882000,2890000,2881853,2882000,2890000,2882000,2890000,2881853
2021-11-05,27.8600,27.8600000000,,,2881853.0150753767,80288424.99999999486200000000,2882000,2890000,2882000,2890000,2881853,2882000,2890000,2882000,2890000,2881853
2021-11-08,29.0000,29.0000000000,,,2881853.0000000000,83573737.00000000000000000000,2882000,2890000,2882000,2890000,2881853,2882000,2890000,2882000,2890000,2881853
2021-11-09,29.6600,29.6600000000,,,2881853.0006743087,85475759.99999999604200000000,2882000,2890000,2882000,2890000,2881853,2882000,2890000,2882000,2890000,2881853
2021-11-10,30.2000,30.2000000000,,,2881853.0132450330,87031960.99999999660000000000,2882000,2890000,2882000,2890000,2881853,2882000,2890000,2882000,2890000,2881853
2021-11-11,29.6400,29.6400000000,,,2881853.0026990552,85418122.99999999612800000000,2882000,2890000,2882000,2890000,2881853,2882000,2890000,2882000,2890000,2881853
2021-11-12,29.1000,29.1000000000,,,2881852.9896907215,83861921.99999999565000000000,2882000,2901000,2882000,2901000,2881853,2882000,2901000,2882000,2901000,2881853
2021-11-15,28.5300,28.5300000000,,,2881852.9968454256,82219265.99999999236800000000,2882000,2901000,2882000,2901000,2881853,2882000,2901000,2882000,2901000,2881853
2021-11-16,28.5400,28.5400000000,,,2881853.0133146460,82248084.99999999684000000000,2882000,2901000,2882000,2901000,2881853,2882000,2901000,2882000,2901000,2881853
2021-11-17,29.0500,29.0500000000,,,2881853.0120481930,83717830.00000000665000000000,2882000,2901000,2882000,2901000,2881853,2882000,2901000,2882000,2901000,2881853
2021-11-18,28.4400,28.4400000000,,,2881852.9887482417,81959898.99999999394800000000,2882000,2901000,2882000,2901000,2881853,2882000,2901000,2882000,2901000,2881853
2021-11-19,28.6000,28.6000000000,,,2881853.0069930070,82420996.00000000020000000000,2882000,2901000,2882000,2901000,2881853,2882000,2901000,2882000,2901000,2881853
2021-11-22,28.8000,28.8000000000,,,2881852.9861111110,82997365.99999999680000000000,2882000,2901000,2882000,2901000,2881853,2882000,2901000,2882000,2901000,2881853
2021-11-23,28.1000,28.1000000000,,,2881852.9893238433,80980068.99999999673000000000,2882000,2901000,2882000,2901000,2881853,2882000,2901000,2882000,2901000,2881853
2021-11-24,28.1500,28.1500000000,,,2881853.0017761990,81124162.00000000185000000000,2882000,2901000,2882000,2901000,2881853,2882000,2901000,2882000,2901000,2881853
2021-11-29,28.9000,28.9000000000,,,2881853.0103806230,83285552.00000000470000000000,2882000,2901000,2882000,2901000,2881853,2882000,2901000,2882000,2901000,2881853
2021-11-30,26.1300,26.1300000000,,,2881853.0042097205,75302818.99999999666500000000,2882000,2901000,2882000,2901000,2881853,2882000,2901000,2882000,2901000,2881853
2021-12-01,26.7650,26.7650000000,,,2881853.0169998133,77132796.00000000297450000000,2882000,2901000,2882000,2901000,2881853,2882000,2901000,2882000,2901000,2881853
2021-12-02,26.2800,26.2800000000,,,2881853.0060882800,75735096.99999999840000000000,2882000,2901000,2882000,2901000,2881853,2882000,2901000,2882000,2901000,2881853
2021-12-03,25.4300,25.4300000000,,,2881853.0082579630,73285521.99999999909000000000,2882000,2901000,2882000,2901000,2881853,2882000,2901000,2882000,2901000,2881853
2021-12-06,25.5200,25.5200000000,,,2881853.0172413792,73544888.99999999718400000000,2882000,2901000,2882000,2901000,2881853,2882000,2901000,2882000,2901000,2881853
2021-12-07,26.5000,26.5000000000,,,2881853.0188679243,76369104.99999999395000000000,2882000,2901000,2882000,2901000,2881853,2882000,2901000,2882000,2901000,2881853
2021-12-08,26.9000,26.9000000000,,,2881853.0111524165,77521846.00000000385000000000,2882000,2901000,2882000,2901000,2881853,2882000,2901000,2882000,2901000,2881853
2021-12-09,27.3000,27.3000000000,,,2881853.0036630034,78674586.99999999282000000000,2882000,2901000,2882000,2901000,2881853,2882000,2901000,2882000,2901000,2881853
2021-12-10,27.0200,27.0200000000,,,2881852.9977794230,77867668.00000000946000000000,2882000,2901000,2882000,2901000,2881853,2882000,2901000,2882000,2901000,2881853
2021-12-13,27.1000,27.1000000000,,,2881852.9889298890,78098215.99999999190000000000,2882000,2901000,2882000,2901000,2881853,2882000,2901000,2882000,2901000,2881853
2021-12-14,26.9850,26.9850000000,,,2881852.9924031870,77766803.00000000119500000000,2882000,2901000,2882000,2901000,2881853,2882000,2901000,2882000,2901000,2881853
2021-12-15,27.3650,27.3650000000,,,2881852.9873926550,78861907.00000000407500000000,2882000,2901000,2882000,2901000,2881853,2882000,2901000,2882000,2901000,2881853
2021-12-16,26.8000,26.8000000000,,,2881852.9850746267,77233659.99999999556000000000,2882000,2901000,2882000,2901000,2881853,2882000,2901000,2882000,2901000,2881853
2021-12-17,23.4300,23.4300000000,,,2881853.0089628682,67521816.00000000192600000000,2882000,2901000,2882000,2901000,2881853,2882000,2901000,2882000,2901000,2881853
2021-12-20,23.2400,23.2400000000,,,2881853.0120481930,66974264.00000000532000000000,2882000,2901000,2882000,2901000,2881853,2882000,2901000,2882000,2901000,2881853
2021-12-21,23.5000,23.5000000000,,,2881853.0212765955,67723545.99999999425000000000,2882000,2901000,2882000,2901000,2881853,2882000,2901000,2882000,2901000,2881853
2021-12-22,24.6725,24.6725000000,,,2881852.9942243390,71102518.00000000397750000000,2882000,2901000,2882000,2901000,2881853,2882000,2901000,2882000,2901000,2881853
2021-12-23,24.1400,24.1400000000,,,2881852.9826014913,69567930.99999999998200000000,2882000,2901000,2882000,2901000,2881853,2882000,2901000,2882000,2901000,2881853
2021-12-27,25.2000,25.2000000000,,,2881853.0158730160,72622696.00000000320000000000,2882000,2901000,2882000,2901000,2881853,2882000,2901000,2882000,2901000,2881853
2021-12-28,24.3200,24.3200000000,,,2881853.0016447366,70086664.99999999411200000000,2882000,2901000,2882000,2901000,2881853,2882000,2901000,2882000,2901000,2881853
2021-12-29,24.9000,24.9000000000,,,2881853.0120481930,71758140.00000000570000000000,2882000,2901000,2882000,2901000,2881853,2882000,2901000,2882000,2901000,2881853
2021-12-30,25.3400,25.3400000000,,,2881852.9992107340,73026154.99999999956000000000,2882000,2901000,2882000,2901000,2881853,2882000,2901000,2882000,2901000,2881853
2021-12-31,25.1500,25.1500000000,,,2881853.0019880720,72478603.00000001080000000000,2882000,2901000,2882000,2901000,2881853,2882000,2901000,2882000,2901000,2881853
2022-01-03,25.0100,25.0100000000,,,2881853.0187924830,72075143.99999999983000000000,2882000,2901000,2882000,2901000,2881853,2882000,2901000,2882000,2901000,2881853
2022-01-04,25.1500,25.1500000000,,,2881853.0019880720,72478603.00000001080000000000,2882000,2901000,2882000,2901000,2881853,2882000,2901000,2882000,2901000,2881853
2022-01-05,25.2900,25.2900000000,,,2881852.9853697116,72882062.00000000636400000000,2882000,2901000,2882000,2901000,2881853,2882000,2901000,2882000,2901000,2881853
2022-01-06,25.7500,25.7500000000,,,2881853.0097087380,74207715.00000000350000000000,2882000,2901000,2882000,2901000,2881853,2882000,2901000,2882000,2901000,2881853
2022-01-07,26.0100,26.0100000000,,,2881853.0180699727,74956996.99999998992700000000,2882000,2901000,2882000,2901000,2881853,2882000,2901000,2882000,2901000,2881853
2022-01-10,25.5490,25.5490000000,,,2881852.9883752790,73628462.00000000317100000000,2882000,2901000,2882000,2901000,2881853,2882000,2901000,2882000,2901000,2881853
2022-01-11,25.0100,25.0100000000,,,2881853.0187924830,72075143.99999999983000000000,2882000,2901000,2882000,2901000,2881853,2882000,2901000,2882000,2901000,2881853
2022-01-12,26.2985,26.2985000000,,,2881852.9954179893,75788410.99999999160605000000,2882000,2901000,2882000,2901000,2881853,2882000,2901000,2882000,2901000,2881853
2022-01-13,25.5000,25.5000000000,,,2881853.0196078434,73487252.00000000670000000000,2882000,2901000,2882000,2901000,2881853,2882000,2901000,2882000,2901000,2881853
2022-01-14,26.5500,26.5500000000,,,2881852.9943502825,76513197.00000000037500000000,2882000,2901000,2882000,2901000,2881853,2882000,2901000,2882000,2901000,2881853
2022-01-18,27.1200,27.1200000000,,,2881852.9867256638,78155853.00000000225600000000,2882000,2901000,2882000,2901000,2881853,2882000,2901000,2882000,2901000,2881853
2022-01-19,25.6800,25.6800000000,,,2881852.9984423677,74005985.00000000253600000000,2882000,2901000,2882000,2901000,2881853,2882000,2901000,2882000,2901000,2881853
2022-01-20,25.8000,25.8000000000,,,2881852.9844961240,74351806.99999999920000000000,2882000,2901000,2882000,2901000,2881853,2882000,2901000,2882000,2901000,2881853
2022-01-21,25.0102,25.0102000000,,,2881853.0039743780,72075719.99999998865560000000,2882000,2901000,2882000,2901000,2881853,2882000,2901000,2882000,2901000,2881853
2022-01-24,24.5500,24.5500000000,,,2881852.9938900200,70749490.99999999100000000000,2882000,2901000,2882000,2901000,2881853,2882000,2901000,2882000,2901000,2881853
2022-01-25,24.1000,24.1000000000,,,2881852.9875518670,69452656.99999999470000000000,2882000,2901000,2882000,2901000,2881853,2882000,2901000,2882000,2901000,2881853
2022-01-26,25.0000,25.0000000000,,,2881853.0000000000,72046325.00000000000000000000,2882000,2901000,2882000,2901000,2881853,2882000,2901000,2882000,2901000,2881853
2022-01-27,22.8000,22.8000000000,,,2881852.9824561400,65706247.99999999200000000000,2882000,2901000,2882000,2901000,2881853,2882000,2901000,2882000,2901000,2881853
2022-01-28,21.8900,21.8900000000,,,2881852.9922338966,63083761.99999999657400000000,2882000,2901000,2882000,2901000,2881853,2882000,2901000,2882000,2901000,2881853
2022-01-31,22.7000,22.7000000000,,,2881852.9955947140,65418063.00000000780000000000,2882000,2901000,2882000,2901000,2881853,2882000,2901000,2882000,2901000,2881853
2022-02-01,25.5000,25.5000000000,,,2881853.0196078434,73487252.00000000670000000000,2882000,2901000,2882000,2901000,2881853,2882000,2901000,2882000,2901000,2881853
2022-02-02,23.7000,23.7000000000,,,2881852.9957805910,68299916.00000000670000000000,2882000,2901000,2882000,2901000,2881853,2882000,2901000,2882000,2901000,2881853
2022-02-03,22.4000,22.4000000000,,,2881852.9910714286,64553507.00000000064000000000,2882000,2901000,2882000,2901000,2881853,2882000,2901000,2882000,2901000,2881853
2022-02-04,22.9400,22.9400000000,,,2881853.0078465560,66109707.99999999464000000000,2882000,2901000,2882000,2901000,2881853,2882000,2901000,2882000,2901000,2881853
2022-02-07,26.1000,26.1000000000,,,2881852.9885057470,75216362.99999999670000000000,2882000,2901000,2882000,2901000,2881853,2882000,2901000,2882000,2901000,2881853
2022-02-08,27.2300,27.2300000000,,,2881852.9930224020,78472857.00000000646000000000,2882000,2901000,2882000,2901000,2881853,2882000,2901000,2882000,2901000,2881853
2022-02-09,28.0000,28.0000000000,,,2881853.0000000000,80691884.00000000000000000000,2882000,2901000,2882000,2901000,2881853,2882000,2901000,2882000,2901000,2881853
2022-02-10,26.4700,26.4700000000,,,2881853.0034000757,76282649.00000000377900000000,2882000,2901000,2882000,2901000,2881853,2882000,2901000,2882000,2901000,2881853
2022-02-11,24.7600,24.7600000000,,,2881852.9886914375,71354679.99999999250000000000,2882000,2901000,2882000,2901000,2881853,2882000,2901000,2882000,2901000,2881853
2022-02-14,23.8500,23.8500000000,,,2876952.9979035635,68615328.99999998947500000000,2882000,2882000,2882000,2882000,2882000,2882000,2882000,2882000,2882000,2882000
2022-02-15,24.5000,24.5000000000,,,2876953.0204081633,70485349.00000000085000000000,2882000,2882000,2882000,2882000,2882000,2882000,2882000,2882000,2882000,2882000
2022-02-16,24.6500,24.6500000000,,,2876952.9817444220,70916891.00000000230000000000,2882000,2882000,2882000,2882000,2882000,2882000,2882000,2882000,2882000,2882000
2022-02-17,25.5400,25.5400000000,,,2876953.0148786220,73477380.00000000588000000000,2882000,2882000,2882000,2882000,2882000,2882000,2882000,2882000,2882000,2882000
2022-02-18,26.0000,26.0000000000,,,2876953.0000000000,74800778.00000000000000000000,2882000,2882000,2882000,2882000,2882000,2882000,2882000,2882000,2882000,2882000
2022-02-22,27.0300,27.0300000000,,,2876953.0151683316,77764040.00000000314800000000,2882000,2882000,2882000,2882000,2882000,2882000,2882000,2882000,2882000,2882000
2022-02-23,27.1000,27.1000000000,,,2876952.9889298890,77965425.99999999190000000000,2882000,2882000,2882000,2882000,2882000,2882000,2882000,2882000,2882000,2882000
2022-02-24,28.0000,28.0000000000,,,2876953.0000000000,80554684.00000000000000000000,2882000,2882000,2882000,2882000,2882000,2882000,2882000,2882000,2882000,2882000
2022-02-25,27.6700,27.6700000000,,,2876953.0177087095,79605289.99999999186500000000,2882000,2882000,2882000,2882000,2882000,2882000,2882000,2882000,2882000,2882000
2022-02-28,27.0100,27.0100000000,,,2876953.0174009623,77706500.99999999172300000000,2882000,2882000,2882000,2882000,2882000,2882000,2882000,2882000,2882000,2882000
2022-03-01,24.6500,24.6500000000,,,2876952.9817444220,70916891.00000000230000000000,2882000,2882000,2882000,2882000,2882000,2882000,2882000,2882000,2882000,2882000
2022-03-02,24.4200,24.4200000000,,,2876952.9893529890,70255191.99999999138000000000,2882000,2882000,2882000,2882000,2882000,2882000,2882000,2882000,2882000,2882000
2022-03-03,23.6100,23.6100000000,,,2876952.9860228720,67924860.00000000792000000000,2882000,2882000,2882000,2882000,2882000,2882000,2882000,2882000,2882000,2882000
2022-03-04,22.7100,22.7100000000,,,2876953.0162923820,65335602.99999999522000000000,2882000,2882000,2882000,2882000,2882000,2882000,2882000,2882000,2882000,2882000
2022-03-07,21.0800,21.0800000000,,,2876952.9886148010,60646169.00000000508000000000,2882000,2882000,2882000,2882000,2882000,2882000,2882000,2882000,2882000,2882000
2022-03-08,20.8800,20.8800000000,,,2876953.0172413792,60070778.99999999769600000000,2882000,2882000,2882000,2882000,2882000,2882000,2882000,2882000,2882000,2882000
2022-03-09,22.1000,22.1000000000,,,2876952.9864253392,63580660.99999999632000000000,2882000,2882000,2882000,2882000,2882000,2882000,2882000,2882000,2882000,2882000
2022-03-10,21.4100,21.4100000000,,,2876953.0126109296,61595564.00000000273600000000,2882000,2882000,2882000,2882000,2882000,2882000,2882000,2882000,2882000,2882000
2022-03-11,20.6400,20.6400000000,,,2876953.0038759690,59380310.00000000016000000000,2882000,2882000,2882000,2882000,2882000,2882000,2882000,2882000,2882000,2882000
2022-03-14,20.4000,20.4000000000,,,2876952.9901960786,58689841.00000000344000000000,2882000,2882000,2882000,2882000,2882000,2882000,2882000,2882000,2882000,2882000
2022-03-15,20.9100,20.9100000000,,,2876952.9890004783,60157087.00000000125300000000,2882000,2882000,2882000,2882000,2882000,2882000,2882000,2882000,2882000,2882000
2022-03-16,21.9500,21.9500000000,,,2876952.9840546697,63149117.99999999991500000000,2882000,2882000,2882000,2882000,2882000,2882000,2882000,2882000,2882000,2882000
2022-03-17,22.0000,22.0000000000,,,2876953.0000000000,63292966.00000000000000000000,2882000,2882000,2882000,2882000,2882000,2882000,2882000,2882000,2882000,2882000
2022-03-18,21.2600,21.2600000000,,,2876953.0103480713,61164020.99999999583800000000,2882000,2882000,2882000,2882000,2882000,2882000,2882000,2882000,2882000,2882000
2022-03-21,20.5500,20.5500000000,,,2876952.9927007300,59121384.00000000150000000000,2882000,2882000,2882000,2882000,2882000,2882000,2882000,2882000,2882000,2882000
2022-03-22,20.8000,20.8000000000,,,2876952.9807692305,59840621.99999999440000000000,2882000,2882000,2882000,2882000,2882000,2882000,2882000,2882000,2882000,2882000
2022-03-23,23.0000,23.0000000000,,,2876953.0000000000,66169919.00000000000000000000,2882000,2882000,2882000,2882000,2882000,2882000,2882000,2882000,2882000,2882000
2022-03-24,23.2100,23.2100000000,,,2876952.9943989660,66774079.00000000086000000000,2882000,2882000,2882000,2882000,2882000,2882000,2882000,2882000,2882000,2882000
2022-03-25,23.3000,23.3000000000,,,2876953.0042918455,67033005.00000000015000000000,2882000,2882000,2882000,2882000,2882000,2882000,2882000,2882000,2882000,2882000
2022-03-28,23.4000,23.4000000000,,,2876952.9914529915,67320700.00000000110000000000,2882000,2882000,2882000,2882000,2882000,2882000,2882000,2882000,2882000,2882000
2022-03-29,22.6600,22.6600000000,,,2876953.0008826125,65191754.99999999925000000000,2882000,2882000,2882000,2882000,2882000,2882000,2882000,2882000,2882000,2882000
2022-03-30,23.5000,23.5000000000,,,2876953.0212765955,67608395.99999999425000000000,2882000,2882000,2882000,2882000,2882000,2882000,2882000,2882000,2882000,2882000
2022-03-31,22.7500,22.7500000000,,,2876953.0109890110,65450681.00000000025000000000,2882000,2882000,2882000,2882000,2882000,2882000,2882000,2882000,2882000,2882000
2022-04-01,21.1000,21.1000000000,,,2876952.9857819905,60703707.99999999955000000000,2882000,2882000,2882000,2882000,2882000,2882000,2882000,2882000,2882000,2882000
2022-04-04,20.5200,20.5200000000,,,2876953.0214424953,59035076.00000000355600000000,2882000,2882000,2882000,2882000,2882000,2882000,2882000,2882000,2882000,2882000
2022-04-05,19.5100,19.5100000000,,,2876952.9984623270,56129352.99999999977000000000,2882000,2882000,2882000,2882000,2882000,2882000,2882000,2882000,2882000,2882000
2022-04-06,19.4300,19.4300000000,,,2876953.0108080287,55899196.99999999764100000000,2882000,2882000,2882000,2882000,2882000,2882000,2882000,2882000,2882000,2882000
2022-04-07,18.2200,18.2200000000,,,2876953.0186608126,52418084.00000000557200000000,2882000,2882000,2882000,2882000,2882000,2882000,2882000,2882000,2882000,2882000
2022-04-08,18.4500,18.4500000000,,,2876953.0081300815,53079783.00000000367500000000,2882000,2882000,2882000,2882000,2882000,2882000,2882000,2882000,2882000,2882000
2022-04-11,18.2500,18.2500000000,,,2876952.9863013700,52504392.00000000250000000000,2882000,2882000,2882000,2882000,2882000,2882000,2882000,2882000,2882000,2882000
2022-04-12,18.2400,18.2400000000,,,2876953.0153508773,52475623.00000000195200000000,2882000,2882000,2882000,2882000,2882000,2882000,2882000,2882000,2882000,2882000
2022-04-13,17.5800,17.5800000000,,,2876953.0147895340,50576834.00000000772000000000,2882000,2882000,2882000,2882000,2882000,2882000,2882000,2882000,2882000,2882000
2022-04-14,18.4124,18.4124000000,,,2876952.9773413567,52971608.99999999610308000000,2882000,2882000,2882000,2882000,2882000,2882000,2882000,2882000,2882000,2882000
2022-04-18,18.1100,18.1100000000,,,2876953.0093870790,52101619.00000000069000000000,2882000,2882000,2882000,2882000,2882000,2882000,2882000,2882000,2882000,2882000
2022-04-19,17.9900,17.9900000000,,,2876952.9738743748,51756384.00000000265200000000,2882000,2882000,2882000,2882000,2882000,2882000,2882000,2882000,2882000,2882000
2022-04-20,17.9741,17.9741000000,,,2876953.0046010650,51710641.00000000241650000000,2882000,2882000,2882000,2882000,2882000,2882000,2882000,2882000,2882000,2882000
2022-04-21,17.9000,17.9000000000,,,2876953.0167597770,51497459.00000000830000000000,2882000,2882000,2882000,2882000,2882000,2882000,2882000,2882000,2882000,2882000
2022-04-22,17.8500,17.8500000000,,,2876952.9971988793,51353610.99999999550500000000,2882000,2882000,2882000,2882000,2882000,2882000,2882000,2882000,2882000,2882000
2022-04-25,18.0000,18.0000000000,,,2876953.0000000000,51785154.00000000000000000000,2882000,2882000,2882000,2882000,2882000,2882000,2882000,2882000,2882000,2882000
2022-04-27,17.4200,17.4200000000,,,2876952.9850746267,50116520.99999999711400000000,2882000,2882000,2882000,2882000,2882000,2882000,2882000,2882000,2882000,2882000
2022-04-28,17.4000,17.4000000000,,,2876952.9885057470,50058981.99999999780000000000,2882000,2882000,2882000,2882000,2882000,2882000,2882000,2882000,2882000,2882000
2022-04-29,17.2000,17.2000000000,,,2876953.0232558140,49483592.00000000080000000000,2882000,2882000,2882000,2882000,2882000,2882000,2882000,2882000,2882000,2882000
2022-05-03,17.7000,17.7000000000,,,2876952.9943502825,50922068.00000000025000000000,2882000,2882000,2882000,2882000,2882000,2882000,2882000,2882000,2882000,2882000
2022-05-05,17.4800,17.4800000000,,,2876952.9748283750,50289137.99999999500000000000,2882000,2882000,2882000,2882000,2882000,2882000,2882000,2882000,2882000,2882000
2022-05-06,16.0000,16.0000000000,,,2876953.0000000000,46031248.00000000000000000000,2882000,2882000,2882000,2882000,2882000,2882000,2882000,2882000,2882000,2882000
2022-05-09,14.5450,14.5450000000,,,2876952.9735304230,41845281.00000000253500000000,2882000,2882000,2882000,2882000,2882000,2882000,2882000,2882000,2882000,2882000
2022-05-10,15.6500,15.6500000000,,,2876952.9712460064,45024314.00000000016000000000,2882000,2882000,2882000,2882000,2882000,2882000,2882000,2882000,2882000,2882000
2022-05-11,16.6500,16.6500000000,,,2876952.9729729732,47901267.00000000378000000000,2882000,2882000,2882000,2882000,2882000,2882000,2882000,2882000,2882000,2882000
2022-05-12,16.2500,16.2500000000,,,2876952.9846153846,46750485.99999999975000000000,2882000,2882000,2882000,2882000,2882000,2882000,2882000,2882000,2882000,2882000
2022-05-13,16.0100,16.0100000000,,,2876953.0293566520,46060017.99999999852000000000,2882000,2882000,2882000,2882000,2882000,2882000,2882000,2882000,2882000,2882000
2022-05-16,16.0000,16.0000000000,,,2876953.0000000000,46031248.00000000000000000000,2882000,2882000,2882000,2882000,2882000,2882000,2882000,2882000,2882000,2882000
2022-05-17,15.8400,15.8400000000,,,2876953.0303030303,45570935.99999999995200000000,2882000,2882000,2882000,2882000,2882000,2882000,2882000,2882000,2882000,2882000
2022-05-18,16.3000,16.3000000000,,,2876953.0061349690,46894333.99999999470000000000,2882000,2882000,2882000,2882000,2882000,2882000,2882000,2882000,2882000,2882000
2022-05-19,16.0000,16.0000000000,,,2876953.0000000000,46031248.00000000000000000000,2882000,2882000,2882000,2882000,2882000,2882000,2882000,2882000,2882000,2882000
2022-05-20,15.6500,15.6500000000,,,2876952.9712460064,45024314.00000000016000000000,2882000,2882000,2882000,2882000,2882000,2882000,2882000,2882000,2882000,2882000
2022-05-23,16.3200,16.3200000000,,,2876953.0024509802,46951872.99999999686400000000,2882000,2882000,2882000,2882000,2882000,2882000,2882000,2882000,2882000,2882000
2022-05-24,16.3300,16.3300000000,,,2876952.9699938768,46980642.00000000814400000000,2882000,2882000,2882000,2882000,2882000,2882000,2882000,2882000,2882000,2882000
2022-05-25,16.0000,16.0000000000,,,2876953.0000000000,46031248.00000000000000000000,2882000,2882000,2882000,2882000,2882000,2882000,2882000,2882000,2882000,2882000
2022-05-26,16.2500,16.2500000000,,,2876952.9846153846,46750485.99999999975000000000,2882000,2882000,2882000,2882000,2882000,2882000,2882000,2882000,2882000,2882000
2022-05-27,16.2000,16.2000000000,,,2876953.0246913580,46606638.99999999960000000000,2882000,2882000,2882000,2882000,2882000,2882000,2882000,2882000,2882000,2882000
2022-05-31,16.0000,16.0000000000,,,2876953.0000000000,46031248.00000000000000000000,2882000,2882000,2882000,2882000,2882000,2882000,2882000,2882000,2882000,2882000
2022-06-01,15.9500,15.9500000000,,,2876952.9780564266,45887400.00000000427000000000,2882000,2882000,2882000,2882000,2882000,2882000,2882000,2882000,2882000,2882000
2022-06-02,16.8100,16.8100000000,,,2876953.0041641880,48361580.00000000028000000000,2882000,2882000,2882000,2882000,2882000,2882000,2882000,2882000,2882000,2882000
2022-06-03,17.3000,17.3000000000,,,2876953.0057803467,49771286.99999999791000000000,2882000,2882000,2882000,2882000,2882000,2882000,2882000,2882000,2882000,2882000
2022-06-06,18.5100,18.5100000000,,,2876952.9983792542,53252399.99999999524200000000,2882000,2882000,2882000,2882000,2882000,2882000,2882000,2882000,2882000,2882000
2022-06-07,19.6400,19.6400000000,,,2876953.0040733195,56503356.99999999498000000000,2882000,2882000,2882000,2882000,2882000,2882000,2882000,2882000,2882000,2882000
2022-06-08,20.3175,20.3175000000,,,2876953.0207948815,58452493.00000000487625000000,2882000,2882000,2882000,2882000,2882000,2882000,2882000,2882000,2882000,2882000
2022-06-09,20.2200,20.2200000000,,,2876953.0168150347,58171990.00000000163400000000,2882000,2882000,2882000,2882000,2882000,2882000,2882000,2882000,2882000,2882000
2022-06-10,18.2000,18.2000000000,,,2876953.0219780220,52360545.00000000040000000000,2882000,2882000,2882000,2882000,2882000,2882000,2882000,2882000,2882000,2882000
2022-06-13,16.5300,16.5300000000,,,2876952.9945553537,47556032.99999999666100000000,2882000,2882000,2882000,2882000,2882000,2882000,2882000,2882000,2882000,2882000
2022-06-14,16.0006,16.0006000000,,,2876952.9892629030,46032974.00000000574180000000,2882000,2882000,2882000,2882000,2882000,2882000,2882000,2882000,2882000,2882000
2022-06-15,16.0100,16.0100000000,,,2876953.0293566520,46060017.99999999852000000000,2882000,2882000,2882000,2882000,2882000,2882000,2882000,2882000,2882000,2882000
2022-06-17,16.6900,16.6900000000,,,2876953.0257639303,48016345.99999999670700000000,2882000,2882000,2882000,2882000,2882000,2882000,2882000,2882000,2882000,2882000
2022-06-21,17.5500,17.5500000000,,,2876952.9914529915,50490525.00000000082500000000,2882000,2882000,2882000,2882000,2882000,2882000,2882000,2882000,2882000,2882000
2022-06-23,16.0700,16.0700000000,,,2876953.0180460485,46232634.99999999939500000000,2882000,2882000,2882000,2882000,2882000,2882000,2882000,2882000,2882000,2882000
2022-06-24,16.8800,16.8800000000,,,2876953.0213270145,48562967.00000000476000000000,2882000,2882000,2882000,2882000,2882000,2882000,2882000,2882000,2882000,2882000
2022-06-27,16.0700,16.0700000000,,,2876953.0180460485,46232634.99999999939500000000,2882000,2882000,2882000,2882000,2882000,2882000,2882000,2882000,2882000,2882000
2022-06-28,15.8500,15.8500000000,,,2866417.9810725553,45432725.00000000150500000000,2880000,2888000,2880000,2888000,2866418,2880000,2888000,2880000,2888000,2866418
2022-06-29,16.3900,16.3900000000,,,2866417.9987797434,46980590.99999999432600000000,2880000,2888000,2880000,2888000,2866418,2880000,2888000,2880000,2888000,2866418
2022-06-30,16.4600,16.4600000000,,,2866417.9829890644,47181240.00000000002400000000,2880000,2888000,2880000,2888000,2866418,2880000,2888000,2880000,2888000,2866418
2022-07-01,16.3400,16.3400000000,,,2866417.9926560586,46837269.99999999752400000000,2880000,2888000,2880000,2888000,2866418,2880000,2888000,2880000,2888000,2866418
2022-07-05,15.7500,15.7500000000,,,2866418.0317460317,45146083.99999999927500000000,2880000,2888000,2880000,2888000,2866418,2880000,2888000,2880000,2888000,2866418
2022-07-06,15.6500,15.6500000000,,,2866418.0191693290,44859441.99999999885000000000,2880000,2888000,2880000,2888000,2866418,2880000,2888000,2880000,2888000,2866418
2022-07-07,15.6027,15.6027000000,,,2866417.9917578367,44723859.99999999867909000000,2880000,2888000,2880000,2888000,2866418,2880000,2888000,2880000,2888000,2866418
2022-07-08,15.3700,15.3700000000,,,2866418.0221210150,44056845.00000000055000000000,2880000,2888000,2880000,2888000,2866418,2880000,2888000,2880000,2888000,2866418
2022-07-11,15.4307,15.4307000000,,,2866417.9849261540,44230836.00000000452780000000,2880000,2888000,2880000,2888000,2866418,2880000,2888000,2880000,2888000,2866418
2022-07-12,15.1300,15.1300000000,,,2866417.9775280897,43368903.99999999716100000000,2880000,2888000,2880000,2888000,2866418,2880000,2888000,2880000,2888000,2866418
2022-07-13,14.6540,14.6540000000,,,2866417.9746144395,42004488.99999999643300000000,2880000,2888000,2880000,2888000,2866418,2880000,2888000,2880000,2888000,2866418
2022-07-14,14.3900,14.3900000000,,,2866417.9986101460,41247755.00000000094000000000,2880000,2888000,2880000,2888000,2866418,2880000,2888000,2880000,2888000,2866418
2022-07-15,14.0850,14.0850000000,,,2866418.0333688320,40373497.99999999872000000000,2880000,2888000,2880000,2888000,2866418,2880000,2888000,2880000,2888000,2866418
2022-07-18,14.0900,14.0900000000,,,2866418.0269694817,40387829.99999999715300000000,2880000,2888000,2880000,2888000,2866418,2880000,2888000,2880000,2888000,2866418
2022-07-19,14.4990,14.4990000000,,,2866418.0288295740,41560194.99999999342600000000,2880000,2888000,2880000,2888000,2866418,2880000,2888000,2880000,2888000,2866418
2022-07-20,14.6000,14.6000000000,,,2866418.0136986300,41849702.99999999800000000000,2880000,2888000,2880000,2888000,2866418,2880000,2888000,2880000,2888000,2866418
2022-07-21,15.3000,15.3000000000,,,2866417.9738562090,43856194.99999999770000000000,2880000,2888000,2880000,2888000,2866418,2880000,2888000,2880000,2888000,2866418
2022-07-22,15.1000,15.1000000000,,,2866418.0132450330,43282911.99999999830000000000,2880000,2888000,2880000,2888000,2866418,2880000,2888000,2880000,2888000,2866418
2022-07-25,15.2500,15.2500000000,,,2866418.0327868853,43712875.00000000082500000000,2880000,2888000,2880000,2888000,2866418,2880000,2888000,2880000,2888000,2866418
2022-07-26,15.4000,15.4000000000,,,2866417.9870129870,44142836.99999999980000000000,2880000,2888000,2880000,2888000,2866418,2880000,2888000,2880000,2888000,2866418
2022-07-27,15.0200,15.0200000000,,,2866417.9760319577,43053598.00000000465400000000,2880000,2888000,2880000,2888000,2866418,2880000,2888000,2880000,2888000,2866418
2022-07-28,15.0600,15.0600000000,,,2866417.9946879150,43168254.99999999990000000000,2880000,2888000,2880000,2888000,2866418,2880000,2888000,2880000,2888000,2866418
2022-07-29,15.8000,15.8000000000,,,2866417.9746835440,45289403.99999999520000000000,2880000,2888000,2880000,2888000,2866418,2880000,2888000,2880000,2888000,2866418
2022-08-01,15.2400,15.2400000000,,,2866417.9790026248,43684210.00000000195200000000,2880000,2888000,2880000,2888000,2866418,2880000,2888000,2880000,2888000,2866418
2022-08-02,15.1500,15.1500000000,,,2866418.0198019804,43426233.00000000306000000000,2880000,2888000,2880000,2888000,2866418,2880000,2888000,2880000,2888000,2866418
2022-08-03,16.0000,16.0000000000,,,2866418.0000000000,45862688.00000000000000000000,2880000,2888000,2880000,2888000,2866418,2880000,2888000,2880000,2888000,2866418
2022-08-04,15.8000,15.8000000000,,,2866417.9746835440,45289403.99999999520000000000,2880000,2888000,2880000,2888000,2866418,2880000,2888000,2880000,2888000,2866418
2022-08-05,15.3000,15.3000000000,,,2866417.9738562090,43856194.99999999770000000000,2880000,2888000,2880000,2888000,2866418,2880000,2888000,2880000,2888000,2866418
2022-08-08,15.2900,15.2900000000,,,2866417.9856115110,43827531.00000000319000000000,2880000,2888000,2880000,2888000,2866418,2880000,2888000,2880000,2888000,2866418
2022-08-09,15.1860,15.1860000000,,,2866418.0165942316,43529424.00000000107760000000,2880000,2888000,2880000,2888000,2866418,2880000,2888000,2880000,2888000,2866418
2022-08-10,15.6899,15.6899000000,,,2866418.0141364830,44973812.00000000462170000000,2880000,2888000,2880000,2888000,2866418,2880000,2888000,2880000,2888000,2866418
2022-08-11,15.1300,15.1300000000,,,2866417.9775280897,43368903.99999999716100000000,2880000,2888000,2880000,2888000,2866418,2880000,2888000,2880000,2888000,2866418
2022-08-12,15.2300,15.2300000000,,,2866417.9908076166,43655546.00000000081800000000,2866000,2866000,2866000,2866000,2866418,2866000,2866000,2866000,2866000,2866418
2022-08-15,15.2320,15.2320000000,,,2866418.0015756300,43661278.99999999616000000000,2866000,2866000,2866000,2866000,2866418,2866000,2866000,2866000,2866000,2866418
2022-08-16,15.2200,15.2200000000,,,2866418.0026281206,43626881.99999999553200000000,2866000,2866000,2866000,2866000,2866418,2866000,2866000,2866000,2866000,2866418
2022-08-17,17.0000,17.0000000000,,,2866418.0000000000,48729106.00000000000000000000,2866000,2866000,2866000,2866000,2866418,2866000,2866000,2866000,2866000,2866418
2022-08-18,17.0000,17.0000000000,,,2866418.0000000000,48729106.00000000000000000000,2866000,2866000,2866000,2866000,2866418,2866000,2866000,2866000,2866000,2866418
2022-08-19,16.6100,16.6100000000,,,2866418.0012040940,47611203.00000000134000000000,2866000,2866000,2866000,2866000,2866418,2866000,2866000,2866000,2866000,2866418
2022-08-22,16.7258,16.7258000000,,,2866417.9889751165,47943134.00000000355570000000,2866000,2866000,2866000,2866000,2866418,2866000,2866000,2866000,2866000,2866418
2022-08-23,17.2100,17.2100000000,,,2866418.0127832650,49331053.99999999065000000000,2866000,2866000,2866000,2866000,2866418,2866000,2866000,2866000,2866000,2866418
2022-08-24,16.7300,16.7300000000,,,2866417.9916317990,47955172.99999999727000000000,2866000,2866000,2866000,2866000,2866418,2866000,2866000,2866000,2866000,2866418
2022-08-25,17.8800,17.8800000000,,,2866418.0089485460,51251554.00000000248000000000,2866000,2866000,2866000,2866000,2866418,2866000,2866000,2866000,2866000,2866418
2022-08-26,17.3856,17.3856000000,,,2866418.0126081356,49834397.00000000228736000000,2866000,2866000,2866000,2866000,2866418,2866000,2866000,2866000,2866000,2866418
2022-08-29,17.3000,17.3000000000,,,2866417.9768786130,49589031.00000000490000000000,2866000,2866000,2866000,2866000,2866418,2866000,2866000,2866000,2866000,2866418
2022-08-30,17.7052,17.7052000000,,,2866418.0014910870,50750503.99999999355240000000,2866000,2866000,2866000,2866000,2866418,2866000,2866000,2866000,2866000,2866418
2022-08-31,17.6900,17.6900000000,,,2866417.9762577727,50706933.99999999906300000000,2866000,2866000,2866000,2866000,2866418,2866000,2866000,2866000,2866000,2866418
2022-09-01,18.2800,18.2800000000,,,2866417.9978118160,52398120.99999999648000000000,2866000,2866000,2866000,2866000,2866418,2866000,2866000,2866000,2866000,2866418
2022-09-02,18.0000,18.0000000000,,,2866418.0000000000,51595524.00000000000000000000,2866000,2866000,2866000,2866000,2866418,2866000,2866000,2866000,2866000,2866418
2022-09-06,17.1400,17.1400000000,,,2866418.0280046673,49130404.99999999752200000000,2866000,2866000,2866000,2866000,2866418,2866000,2866000,2866000,2866000,2866418
2022-09-07,17.8000,17.8000000000,,,2866417.9775280897,51022239.99999999666000000000,2866000,2866000,2866000,2866000,2866418,2866000,2866000,2866000,2866000,2866418
2022-09-08,18.2500,18.2500000000,,,2866418.0273972600,52312128.99999999500000000000,2866000,2866000,2866000,2866000,2866418,2866000,2866000,2866000,2866000,2866418
2022-09-09,17.7300,17.7300000000,,,2866417.9921037788,50821590.99999999812400000000,2866000,2866000,2866000,2866000,2866418,2866000,2866000,2866000,2866000,2866418
2022-09-12,17.2100,17.2100000000,,,2866418.0127832650,49331053.99999999065000000000,2866000,2866000,2866000,2866000,2866418,2866000,2866000,2866000,2866000,2866418
2022-09-13,15.7100,15.7100000000,,,2866418.0140038190,45031426.99999999649000000000,2866000,2866000,2866000,2866000,2866418,2866000,2866000,2866000,2866000,2866418
2022-09-14,15.3000,15.3000000000,,,2866417.9738562090,43856194.99999999770000000000,2866000,2866000,2866000,2866000,2866418,2866000,2866000,2866000,2866000,2866418
2022-09-15,15.3500,15.3500000000,,,2866417.9804560263,43999516.00000000370500000000,2866000,2866000,2866000,2866000,2866418,2866000,2866000,2866000,2866000,2866418
2022-09-16,15.8600,15.8600000000,,,2866417.9697351830,45461389.00000000238000000000,2866000,2866000,2866000,2866000,2866418,2866000,2866000,2866000,2866000,2866418
2022-09-19,17.9800,17.9800000000,,,2866418.0200222470,51538196.00000000106000000000,2866000,2866000,2866000,2866000,2866418,2866000,2866000,2866000,2866000,2866418
2022-09-20,19.4200,19.4200000000,,,2866418.0226570545,55665837.99999999839000000000,2866000,2866000,2866000,2866000,2866418,2866000,2866000,2866000,2866000,2866418
2022-09-21,22.1700,22.1700000000,,,2866417.9972936400,63548486.99999999880000000000,2866000,2866000,2866000,2866000,2866418,2866000,2866000,2866000,2866000,2866418
2022-09-22,22.9500,22.9500000000,,,2866417.9956427016,65784293.00000000172000000000,2866000,2866000,2866000,2866000,2866418,2866000,2866000,2866000,2866000,2866418
2022-09-23,22.5000,22.5000000000,,,2866418.0000000000,64494405.00000000000000000000,2866000,2866000,2866000,2866000,2866418,2866000,2866000,2866000,2866000,2866418
2022-09-26,20.6800,20.6800000000,,,2866417.9883945840,59277523.99999999712000000000,2866000,2866000,2866000,2866000,2866418,2866000,2866000,2866000,2866000,2866418
2022-09-27,19.1400,19.1400000000,,,2866418.0250783700,54863241.00000000180000000000,2866000,2866000,2866000,2866000,2866418,2866000,2866000,2866000,2866000,2866418
2022-09-28,19.0000,19.0000000000,,,2866418.0000000000,54461942.00000000000000000000,2866000,2866000,2866000,2866000,2866418,2866000,2866000,2866000,2866000,2866418
2022-09-29,18.1100,18.1100000000,,,2866418.0011043623,51910830.00000000125300000000,2866000,2866000,2866000,2866000,2866418,2866000,2866000,2866000,2866000,2866418
2022-09-30,17.1200,17.1200000000,,,2866417.9906542054,49073075.99999999644800000000,2866000,2866000,2866000,2866000,2866418,2866000,2866000,2866000,2866000,2866418
2022-10-03,19.5500,19.5500000000,,,2866418.0051150895,56038471.99999999972500000000,2866000,2866000,2866000,2866000,2866418,2866000,2866000,2866000,2866000,2866418
2022-10-04,19.9000,19.9000000000,,,2866417.9899497490,57041718.00000000510000000000,2866000,2866000,2866000,2866000,2866418,2866000,2866000,2866000,2866000,2866418
2022-10-05,20.4900,20.4900000000,,,2866418.0087847733,58732905.00000000491700000000,2866000,2866000,2866000,2866000,2866418,2866000,2866000,2866000,2866000,2866418
2022-10-06,20.2900,20.2900000000,,,2866417.9891572203,58159620.99999999988700000000,2866000,2866000,2866000,2866000,2866418,2866000,2866000,2866000,2866000,2866418
2022-10-07,19.3000,19.3000000000,,,2866417.9792746115,55321867.00000000195000000000,2866000,2866000,2866000,2866000,2866418,2866000,2866000,2866000,2866000,2866418
2022-10-12,19.9400,19.9400000000,,,2866418.0040120360,57156374.99999999784000000000,2866000,2866000,2866000,2866000,2866418,2866000,2866000,2866000,2866000,2866418
2022-10-13,20.1500,20.1500000000,,,2866418.0148883380,57758323.00000001070000000000,2866000,2866000,2866000,2866000,2866418,2866000,2866000,2866000,2866000,2866418
2022-10-14,18.7100,18.7100000000,,,2866418.0117584180,53630681.00000000078000000000,2866000,2866000,2866000,2866000,2866418,2866000,2866000,2866000,2866000,2866418
2022-10-17,18.8200,18.8200000000,,,2866418.0127523910,53945986.99999999862000000000,2866000,2866000,2866000,2866000,2866418,2866000,2866000,2866000,2866000,2866418
2022-10-18,19.4850,19.4850000000,,,2866418.0138568130,55852155.00000000130500000000,2866000,2866000,2866000,2866000,2866418,2866000,2866000,2866000,2866000,2866418
2022-10-19,19.6000,19.6000000000,,,2866418.0102040814,56181792.99999999544000000000,2866000,2866000,2866000,2866000,2866418,2866000,2866000,2866000,2866000,2866418
2022-10-20,20.3700,20.3700000000,,,2866418.0166912125,58388934.99999999862500000000,2866000,2866000,2866000,2866000,2866418,2866000,2866000,2866000,2866000,2866418
2022-10-21,20.8800,20.8800000000,,,2866418.0076628355,59850808.00000000524000000000,2866000,2866000,2866000,2866000,2866418,2866000,2866000,2866000,2866000,2866418
2022-10-24,20.9000,20.9000000000,,,2866417.9904306224,59908136.00000000816000000000,2866000,2866000,2866000,2866000,2866418,2866000,2866000,2866000,2866000,2866418
2022-10-25,20.3600,20.3600000000,,,2866417.9764243616,58360270.00000000217600000000,2866000,2866000,2866000,2866000,2866418,2866000,2866000,2866000,2866000,2866418
2022-10-26,19.6200,19.6200000000,,,2866417.9918450560,56239120.99999999872000000000,2866000,2866000,2866000,2866000,2866418,2866000,2866000,2866000,2866000,2866418
2022-10-27,20.9700,20.9700000000,,,2866417.9780639010,60108785.00000000397000000000,2866000,2866000,2866000,2866000,2866418,2866000,2866000,2866000,2866000,2866418
2022-10-28,21.1062,21.1062000000,,,2866418.0193497646,60499192.00000000160052000000,2866000,2866000,2866000,2866000,2866418,2866000,2866000,2866000,2866000,2866418
2022-10-31,21.7200,21.7200000000,,,2866418.0018416210,62258599.00000000812000000000,2866000,2866000,2866000,2866000,2866418,2866000,2866000,2866000,2866000,2866418
2022-11-01,21.4100,21.4100000000,,,2866417.9822512846,61370009.00000000328600000000,2866000,2866000,2866000,2866000,2866418,2866000,2866000,2866000,2866000,2866418
2022-11-02,21.2800,21.2800000000,,,2866417.9981203005,60997374.99999999464000000000,2866000,2866000,2866000,2866000,2866418,2866000,2866000,2866000,2866000,2866418
2022-11-03,21.5000,21.5000000000,,,2866418.0000000000,61627987.00000000000000000000,2866000,2866000,2866000,2866000,2866418,2866000,2866000,2866000,2866000,2866418
2022-11-04,21.0000,21.0000000000,,,2866418.0000000000,60194778.00000000000000000000,2866000,2866000,2866000,2866000,2866418,2866000,2866000,2866000,2866000,2866418
2022-11-07,21.2000,21.2000000000,,,2866418.0188679250,60768062.00000001000000000000,2866000,2866000,2866000,2866000,2866418,2866000,2866000,2866000,2866000,2866418
2022-11-08,20.7100,20.7100000000,,,2866418.0106228874,59363516.99999999805400000000,2866000,2866000,2866000,2866000,2866418,2866000,2866000,2866000,2866000,2866418
2022-11-09,21.0000,21.0000000000,,,2866418.0000000000,60194778.00000000000000000000,2866000,2866000,2866000,2866000,2866418,2866000,2866000,2866000,2866000,2866418
2022-11-10,21.1500,21.1500000000,,,2843275.9810874704,60135286.99999999896000000000,2865000,2865000,2865000,2865000,2843276,2865000,2865000,2865000,2865000,2843276
2022-11-11,20.5000,20.5000000000,,,2843276.0000000000,58287158.00000000000000000000,2865000,2865000,2865000,2865000,2843276,2865000,2865000,2865000,2865000,2843276
2022-11-14,20.9500,20.9500000000,,,2843275.9904534607,59566632.00000000166500000000,2865000,2865000,2865000,2865000,2843276,2865000,2865000,2865000,2865000,2843276
2022-11-15,21.4300,21.4300000000,,,2843276.0149323377,60931404.99999999691100000000,2865000,2865000,2865000,2865000,2843276,2865000,2865000,2865000,2865000,2843276
2022-11-16,21.4500,21.4500000000,,,2843275.9906759910,60988270.00000000695000000000,2865000,2865000,2865000,2865000,2843276,2865000,2865000,2865000,2865000,2843276
2022-11-17,22.8500,22.8500000000,,,2843276.0175054700,64968856.99999998950000000000,2865000,2865000,2865000,2865000,2843276,2865000,2865000,2865000,2865000,2843276
2022-11-18,23.6900,23.6900000000,,,2843275.9814267624,67357208.00000000125600000000,2865000,2865000,2865000,2865000,2843276,2865000,2865000,2865000,2865000,2843276
2022-11-21,22.9100,22.9100000000,,,2843275.9930161503,65139453.00000000337300000000,2865000,2865000,2865000,2865000,2843276,2865000,2865000,2865000,2865000,2843276
2022-11-22,23.7250,23.7250000000,,,2843275.9957850366,67456722.99999999333500000000,2865000,2865000,2865000,2865000,2843276,2865000,2865000,2865000,2865000,2843276
2022-11-23,23.7000,23.7000000000,,,2843275.9915611814,67385640.99999999918000000000,2865000,2865000,2865000,2865000,2843276,2865000,2865000,2865000,2865000,2843276
2022-11-25,23.3100,23.3100000000,,,2843276.0188760190,66276764.00000000289000000000,2865000,2865000,2865000,2865000,2843276,2865000,2865000,2865000,2865000,2843276
2022-11-28,23.8000,23.8000000000,,,2843276.0084033613,67669968.99999999894000000000,2865000,2865000,2865000,2865000,2843276,2865000,2865000,2865000,2865000,2843276
2022-11-29,23.3650,23.3650000000,,,2843276.0111277555,66433144.00000000725750000000,2865000,2865000,2865000,2865000,2843276,2865000,2865000,2865000,2865000,2843276
2022-11-30,23.3700,23.3700000000,,,2843275.9948652117,66447359.99999999742900000000,2865000,2865000,2865000,2865000,2843276,2865000,2865000,2865000,2865000,2843276
2022-12-01,23.5600,23.5600000000,,,2843276.0186757217,66987583.00000000325200000000,2865000,2865000,2865000,2865000,2843276,2865000,2865000,2865000,2865000,2843276
2022-12-02,24.3300,24.3300000000,,,2843275.9967118786,69176905.00000000633800000000,2865000,2865000,2865000,2865000,2843276,2865000,2865000,2865000,2865000,2843276
2022-12-05,24.3300,24.3300000000,,,2843275.9967118786,69176905.00000000633800000000,2865000,2865000,2865000,2865000,2843276,2865000,2865000,2865000,2865000,2843276
2022-12-06,24.1100,24.1100000000,,,2843275.9850684362,68551383.99999999678200000000,2865000,2865000,2865000,2865000,2843276,2865000,2865000,2865000,2865000,2843276
2022-12-07,24.1700,24.1700000000,,,2843276.0033098883,68721981.00000000021100000000,2865000,2865000,2865000,2865000,2843276,2865000,2865000,2865000,2865000,2843276
2022-12-08,24.0500,24.0500000000,,,2843276.0083160084,68380788.00000000202000000000,2865000,2865000,2865000,2865000,2843276,2865000,2865000,2865000,2865000,2843276
2022-12-09,24.7500,24.7500000000,,,2843276.0000000000,70371081.00000000000000000000,2865000,2865000,2865000,2865000,2843276,2865000,2865000,2865000,2865000,2843276
2022-12-12,25.8100,25.8100000000,,,2843276.0170476562,73384954.00000000652200000000,2865000,2865000,2865000,2865000,2843276,2865000,2865000,2865000,2865000,2843276
2022-12-13,25.1000,25.1000000000,,,2843276.0159362550,71366228.00000000050000000000,2865000,2865000,2865000,2865000,2843276,2865000,2865000,2865000,2865000,2843276
2022-12-14,24.6600,24.6600000000,,,2843275.9935117600,70115186.00000000160000000000,2865000,2865000,2865000,2865000,2843276,2865000,2865000,2865000,2865000,2843276
2022-12-15,24.0000,24.0000000000,,,2843276.0000000000,68238624.00000000000000000000,2865000,2865000,2865000,2865000,2843276,2865000,2865000,2865000,2865000,2843276
2022-12-16,22.3700,22.3700000000,,,2843275.9946356730,63604084.00000000501000000000,2865000,2865000,2865000,2865000,2843276,2865000,2865000,2865000,2865000,2843276
2022-12-19,23.7600,23.7600000000,,,2843276.0101010100,67556237.99999999760000000000,2865000,2865000,2865000,2865000,2843276,2865000,2865000,2865000,2865000,2843276
2022-12-20,22.9810,22.9810000000,,,2843276.0106174660,65341325.99999998614600000000,2865000,2865000,2865000,2865000,2843276,2865000,2865000,2865000,2865000,2843276
2022-12-21,23.0000,23.0000000000,,,2843276.0000000000,65395348.00000000000000000000,2865000,2865000,2865000,2865000,2843276,2865000,2865000,2865000,2865000,2843276
2022-12-23,23.1300,23.1300000000,,,2843276.0051880674,65764973.99999999896200000000,2865000,2865000,2865000,2865000,2843276,2865000,2865000,2865000,2865000,2843276
2022-12-27,23.9800,23.9800000000,,,2843275.9799833195,68181758.00000000161000000000,2865000,2865000,2865000,2865000,2843276,2865000,2865000,2865000,2865000,2843276
2022-12-28,24.4800,24.4800000000,,,2843275.9803921566,69603395.99999999356800000000,2865000,2865000,2865000,2865000,2843276,2865000,2865000,2865000,2865000,2843276
2022-12-29,24.4701,24.4701000000,,,2843275.9980547690,69575248.00000000290690000000,2865000,2865000,2865000,2865000,2843276,2865000,2865000,2865000,2865000,2843276
2022-12-30,24.7200,24.7200000000,,,2843276.0113268610,70285783.00000000392000000000,2865000,2865000,2865000,2865000,2843276,2865000,2865000,2865000,2865000,2843276
2023-01-04,24.8000,24.8000000000,,,2843276.0080645160,70513244.99999999680000000000,2865000,2865000,2865000,2865000,2843276,2865000,2865000,2865000,2865000,2843276
2023-01-06,24.2800,24.2800000000,,,2843275.9884678745,69034740.99999999286000000000,2865000,2865000,2865000,2865000,2843276,2865000,2865000,2865000,2865000,2843276
2023-01-09,24.5200,24.5200000000,,,2843276.0195758566,69717128.00000000383200000000,2865000,2865000,2865000,2865000,2843276,2865000,2865000,2865000,2865000,2843276
2023-01-10,27.0900,27.0900000000,,,2843276.0059062387,77024347.00000000638300000000,2865000,2865000,2865000,2865000,2843276,2865000,2865000,2865000,2865000,2843276
2023-01-11,26.6000,26.6000000000,,,2843276.0150375940,75631142.00000000040000000000,2865000,2865000,2865000,2865000,2843276,2865000,2865000,2865000,2865000,2843276
2023-01-12,27.2100,27.2100000000,,,2843276.0014700475,77365539.99999999247500000000,2865000,2865000,2865000,2865000,2843276,2865000,2865000,2865000,2865000,2843276
2023-01-13,25.5050,25.5050000000,,,2843275.9851009610,72517754.00000001030500000000,2865000,2865000,2865000,2865000,2843276,2865000,2865000,2865000,2865000,2843276
2023-01-17,25.6000,25.6000000000,,,2843276.0156250000,72787866.00000000000000000000,2865000,2865000,2865000,2865000,2843276,2865000,2865000,2865000,2865000,2843276
2023-01-23,24.1753,24.1753000000,,,2843275.9883021100,68737049.99999999988300000000,2865000,2865000,2865000,2865000,2843276,2865000,2865000,2865000,2865000,2843276
2023-01-27,24.2200,24.2200000000,,,2843276.0115606940,68864145.00000000868000000000,2865000,2865000,2865000,2865000,2843276,2865000,2865000,2865000,2865000,2843276
2023-01-30,23.3900,23.3900000000,,,2843276.0153911930,66504226.00000000427000000000,2865000,2865000,2865000,2865000,2843276,2865000,2865000,2865000,2865000,2843276
2023-01-31,24.1400,24.1400000000,,,2843276.0149130076,68636683.00000000346400000000,2865000,2865000,2865000,2865000,2843276,2865000,2865000,2865000,2865000,2843276
2023-02-01,23.7900,23.7900000000,,,2843275.9983186214,67641536.00000000310600000000,2865000,2865000,2865000,2865000,2843276,2865000,2865000,2865000,2865000,2843276
2023-02-02,23.6300,23.6300000000,,,2843276.0050782906,67186612.00000000687800000000,2865000,2865000,2865000,2865000,2843276,2865000,2865000,2865000,2865000,2843276
2023-02-03,23.1500,23.1500000000,,,2843275.9827213823,65821839.00000000024500000000,2865000,2865000,2865000,2865000,2843276,2865000,2865000,2865000,2865000,2843276
2023-02-06,23.3000,23.3000000000,,,2843276.0085836910,66248331.00000000030000000000,2865000,2865000,2865000,2865000,2843276,2865000,2865000,2865000,2865000,2843276
2023-02-07,23.1250,23.1250000000,,,2843276.0216216217,65750758.00000000181250000000,2865000,2865000,2865000,2865000,2843276,2865000,2865000,2865000,2865000,2843276
2023-02-08,22.4500,22.4500000000,,,2843275.9910913142,63831546.00000000379000000000,2865000,2865000,2865000,2865000,2843276,2865000,2865000,2865000,2865000,2843276
2023-02-09,22.9419,22.9419000000,,,2843276.0146282567,65230154.00000000238573000000,2865000,2865000,2865000,2865000,2843276,2865000,2865000,2865000,2865000,2843276
2023-02-10,22.7500,22.7500000000,,,2819660.0000000000,64147265.00000000000000000000,2836000,2836000,2836000,2836000,2819660,2836000,2836000,2836000,2836000,2819660
2023-02-13,23.0000,23.0000000000,,,2819660.0000000000,64852180.00000000000000000000,2836000,2836000,2836000,2836000,2819660,2836000,2836000,2836000,2836000,2819660
2023-02-14,22.6500,22.6500000000,,,2819660.0000000000,63865299.00000000000000000000,2836000,2836000,2836000,2836000,2819660,2836000,2836000,2836000,2836000,2819660
2023-02-15,23.0000,23.0000000000,,,2819660.0000000000,64852180.00000000000000000000,2836000,2836000,2836000,2836000,2819660,2836000,2836000,2836000,2836000,2819660
2023-02-16,22.1800,22.1800000000,,,2819660.0090171327,62540059.00000000328600000000,2836000,2836000,2836000,2836000,2819660,2836000,2836000,2836000,2836000,2819660
2023-02-17,22.3000,22.3000000000,,,2819660.0000000000,62878418.00000000000000000000,2836000,2836000,2836000,2836000,2819660,2836000,2836000,2836000,2836000,2819660
2023-02-23,23.8000,23.8000000000,,,2819660.0000000000,67107908.00000000000000000000,2836000,2836000,2836000,2836000,2819660,2836000,2836000,2836000,2836000,2819660
2023-02-24,23.2400,23.2400000000,,,2819659.9827882964,65528898.00000000833600000000,2836000,2836000,2836000,2836000,2819660,2836000,2836000,2836000,2836000,2819660
2023-02-27,23.0500,23.0500000000,,,2819660.0000000000,64993163.00000000000000000000,2836000,2836000,2836000,2836000,2819660,2836000,2836000,2836000,2836000,2819660
2023-02-28,22.2500,22.2500000000,,,2819660.0000000000,62737435.00000000000000000000,2836000,2836000,2836000,2836000,2819660,2836000,2836000,2836000,2836000,2819660
2023-03-02,21.5000,21.5000000000,,,2819660.0000000000,60622690.00000000000000000000,2836000,2836000,2836000,2836000,2819660,2836000,2836000,2836000,2836000,2819660
2023-03-03,21.0000,21.0000000000,,,2819660.0000000000,59212860.00000000000000000000,2836000,2836000,2836000,2836000,2819660,2836000,2836000,2836000,2836000,2819660
2023-03-08,20.6100,20.6100000000,,,2819660.0194080546,58113193.00000000530600000000,2836000,2836000,2836000,2836000,2819660,2836000,2836000,2836000,2836000,2819660
2023-03-13,19.2166,19.2166000000,,,2819659.9814743500,54184277.99999999421000000000,2836000,2836000,2836000,2836000,2819660,2836000,2836000,2836000,2836000,2819660
2023-03-14,21.0900,21.0900000000,,,2819659.9810336650,59466628.99999999485000000000,2836000,2836000,2836000,2836000,2819660,2836000,2836000,2836000,2836000,2819660
2023-03-15,21.0000,21.0000000000,,,2819660.0000000000,59212860.00000000000000000000,2836000,2836000,2836000,2836000,2819660,2836000,2836000,2836000,2836000,2819660
2023-03-16,21.0000,21.0000000000,,,2819660.0000000000,59212860.00000000000000000000,2836000,2836000,2836000,2836000,2819660,2836000,2836000,2836000,2836000,2819660
2023-03-17,21.8900,21.8900000000,,,2819659.9817268160,61722357.00000000224000000000,2836000,2836000,2836000,2836000,2819660,2836000,2836000,2836000,2836000,2819660
2023-03-20,21.7400,21.7400000000,,,2819659.9816007363,61299408.00000000716200000000,2836000,2836000,2836000,2836000,2819660,2836000,2836000,2836000,2836000,2819660
2023-03-21,23.0000,23.0000000000,,,2819660.0000000000,64852180.00000000000000000000,2836000,2836000,2836000,2836000,2819660,2836000,2836000,2836000,2836000,2819660
2023-03-22,22.8500,22.8500000000,,,2819660.0000000000,64429231.00000000000000000000,2836000,2836000,2836000,2836000,2819660,2836000,2836000,2836000,2836000,2819660
2023-03-23,22.5000,22.5000000000,,,2819660.0000000000,63442350.00000000000000000000,2836000,2836000,2836000,2836000,2819660,2836000,2836000,2836000,2836000,2819660
2023-03-24,22.4500,22.4500000000,,,2819660.0000000000,63301367.00000000000000000000,2836000,2836000,2836000,2836000,2819660,2836000,2836000,2836000,2836000,2819660
2023-03-27,23.2100,23.2100000000,,,2819660.0172339506,65444308.99999999342600000000,2836000,2836000,2836000,2836000,2819660,2836000,2836000,2836000,2836000,2819660
2023-03-28,23.2100,23.2100000000,,,2819660.0172339506,65444308.99999999342600000000,2836000,2836000,2836000,2836000,2819660,2836000,2836000,2836000,2836000,2819660
2023-03-29,22.0100,22.0100000000,,,2819660.0181735572,62060716.99999999397200000000,2836000,2836000,2836000,2836000,2819660,2836000,2836000,2836000,2836000,2819660
2023-03-30,22.0200,22.0200000000,,,2819659.9909173480,62088913.00000000296000000000,2836000,2836000,2836000,2836000,2819660,2836000,2836000,2836000,2836000,2819660
2023-03-31,25.0500,25.0500000000,,,2819660.0000000000,70632483.00000000000000000000,2836000,2836000,2836000,2836000,2819660,2836000,2836000,2836000,2836000,2819660
2023-04-03,25.5000,25.5000000000,,,2819660.0000000000,71901330.00000000000000000000,2836000,2836000,2836000,2836000,2819660,2836000,2836000,2836000,2836000,2819660
2023-04-04,23.0500,23.0500000000,,,2819660.0000000000,64993163.00000000000000000000,2836000,2836000,2836000,2836000,2819660,2836000,2836000,2836000,2836000,2819660
2023-04-05,23.1900,23.1900000000,,,2819659.9827511855,65387914.99999999174500000000,2836000,2836000,2836000,2836000,2819660,2836000,2836000,2836000,2836000,2819660
2023-04-06,22.3500,22.3500000000,,,2819660.0000000000,63019401.00000000000000000000,2836000,2836000,2836000,2836000,2819660,2836000,2836000,2836000,2836000,2819660
2023-04-10,22.6200,22.6200000000,,,2819659.9911582670,63780708.99999999954000000000,2836000,2836000,2836000,2836000,2819660,2836000,2836000,2836000,2836000,2819660
2023-04-12,23.0180,23.0180000000,,,2819660.0052133114,64902934.00000000180520000000,2836000,2836000,2836000,2836000,2819660,2836000,2836000,2836000,2836000,2819660
2023-04-13,24.7000,24.7000000000,,,2819660.0000000000,69645602.00000000000000000000,2836000,2836000,2836000,2836000,2819660,2836000,2836000,2836000,2836000,2819660
2023-04-14,24.6369,24.6369000000,,,2819659.9815723570,69467681.00000000217330000000,2836000,2836000,2836000,2836000,2819660,2836000,2836000,2836000,2836000,2819660
2023-04-17,24.9600,24.9600000000,,,2819660.0160256410,70378713.99999999936000000000,2836000,2836000,2836000,2836000,2819660,2836000,2836000,2836000,2836000,2819660
2023-04-18,24.2000,24.2000000000,,,2819660.0000000000,68235772.00000000000000000000,2836000,2836000,2836000,2836000,2819660,2836000,2836000,2836000,2836000,2819660
2023-04-19,24.1000,24.1000000000,,,2819660.0000000000,67953806.00000000000000000000,2836000,2836000,2836000,2836000,2819660,2836000,2836000,2836000,2836000,2819660
2023-04-20,23.7000,23.7000000000,,,2819660.0000000000,66825942.00000000000000000000,2836000,2836000,2836000,2836000,2819660,2836000,2836000,2836000,2836000,2819660
2023-04-21,24.5200,24.5200000000,,,2819659.9918433930,69138062.99999999636000000000,2836000,2836000,2836000,2836000,2819660,2836000,2836000,2836000,2836000,2819660
2023-04-24,24.5900,24.5900000000,,,2819659.9837332247,69335438.99999999537300000000,2836000,2836000,2836000,2836000,2819660,2836000,2836000,2836000,2836000,2819660
2023-04-27,24.6000,24.6000000000,,,2819660.0000000000,69363636.00000000000000000000,2836000,2836000,2836000,2836000,2819660,2836000,2836000,2836000,2836000,2819660
2023-04-28,23.9000,23.9000000000,,,2819660.0000000000,67389874.00000000000000000000,2836000,2836000,2836000,2836000,2819660,2836000,2836000,2836000,2836000,2819660
2023-05-01,25.8900,25.8900000000,,,2819659.9845500193,73000996.99999999967700000000,2836000,2836000,2836000,2836000,2819660,2836000,2836000,2836000,2836000,2819660
2023-05-02,25.7700,25.7700000000,,,2819659.9922390375,72662637.99999999637500000000,2836000,2836000,2836000,2836000,2819660,2836000,2836000,2836000,2836000,2819660
2023-05-03,24.3500,24.3500000000,,,2819660.0000000000,68658721.00000000000000000000,2836000,2836000,2836000,2836000,2819660,2836000,2836000,2836000,2836000,2819660
2023-05-04,24.8000,24.8000000000,,,2819660.0000000000,69927568.00000000000000000000,2836000,2836000,2836000,2836000,2819660,2836000,2836000,2836000,2836000,2819660
2023-05-08,25.9500,25.9500000000,,,2819660.0000000000,73170177.00000000000000000000,2836000,2836000,2836000,2836000,2819660,2836000,2836000,2836000,2836000,2819660
2023-05-09,25.6000,25.6000000000,,,2819660.0000000000,72183296.00000000000000000000,2836000,2836000,2836000,2836000,2819660,2836000,2836000,2836000,2836000,2819660
2023-05-10,25.6000,25.6000000000,,,2819660.0000000000,72183296.00000000000000000000,2836000,2836000,2836000,2836000,2819660,2836000,2836000,2836000,2836000,2819660
2023-05-11,25.2300,25.2300000000,,,2819660.0079270710,71140022.00000000133000000000,2836000,2836000,2836000,2836000,2819660,2836000,2836000,2836000,2836000,2819660
2023-05-12,26.6000,26.6000000000,,,2819660.0000000000,75002956.00000000000000000000,2836000,2836000,2836000,2836000,2819660,2836000,2836000,2836000,2836000,2819660
2023-05-15,26.5700,26.5700000000,,,2819659.9924727133,74918365.99999999238100000000,2836000,2836000,2836000,2836000,2819660,2836000,2836000,2836000,2836000,2819660
2023-05-16,26.4800,26.4800000000,,,2819660.0075528700,74664596.99999999760000000000,2836000,2836000,2836000,2836000,2819660,2836000,2836000,2836000,2836000,2819660
2023-05-17,27.8000,27.8000000000,,,2819660.0000000000,78386548.00000000000000000000,2836000,2836000,2836000,2836000,2819660,2836000,2836000,2836000,2836000,2819660
2023-05-18,27.3800,27.3800000000,,,2819660.0073046020,77202291.00000000276000000000,2836000,2836000,2836000,2836000,2819660,2836000,2836000,2836000,2836000,2819660
2023-05-19,27.3000,27.3000000000,,,2819660.0000000000,76976718.00000000000000000000,2836000,2836000,2836000,2836000,2819660,2836000,2836000,2836000,2836000,2819660
2023-05-22,26.7600,26.7600000000,,,2819660.0149476830,75454101.99999999708000000000,2836000,2836000,2836000,2836000,2819660,2836000,2836000,2836000,2836000,2819660
2023-05-23,26.7000,26.7000000000,,,2819660.0000000000,75284922.00000000000000000000,2836000,2836000,2836000,2836000,2819660,2836000,2836000,2836000,2836000,2819660
2023-05-24,27.1500,27.1500000000,,,2819660.0000000000,76553769.00000000000000000000,2836000,2836000,2836000,2836000,2819660,2836000,2836000,2836000,2836000,2819660
2023-05-25,27.3500,27.3500000000,,,2819660.0000000000,77117701.00000000000000000000,2836000,2836000,2836000,2836000,2819660,2836000,2836000,2836000,2836000,2819660
2023-05-26,27.5000,27.5000000000,,,2819660.0000000000,77540650.00000000000000000000,2836000,2836000,2836000,2836000,2819660,2836000,2836000,2836000,2836000,2819660
2023-05-30,26.5000,26.5000000000,,,2819660.0000000000,74720990.00000000000000000000,2836000,2836000,2836000,2836000,2819660,2836000,2836000,2836000,2836000,2819660
2023-05-31,25.6300,25.6300000000,,,2819660.0078033553,72267885.99999999633900000000,2836000,2836000,2836000,2836000,2819660,2836000,2836000,2836000,2836000,2819660
2023-06-01,26.6000,26.6000000000,,,2819660.0000000000,75002956.00000000000000000000,2836000,2836000,2836000,2836000,2819660,2836000,2836000,2836000,2836000,2819660
2023-06-02,27.5200,27.5200000000,,,2819659.9927325584,77597043.00000000716800000000,2836000,2836000,2836000,2836000,2819660,2836000,2836000,2836000,2836000,2819660
2023-06-05,27.6800,27.6800000000,,,2819660.0072254334,78048188.99999999651200000000,2836000,2836000,2836000,2836000,2819660,2836000,2836000,2836000,2836000,2819660
2023-06-06,27.0100,27.0100000000,,,2819660.0148093295,76159016.99999998979500000000,2836000,2836000,2836000,2836000,2819660,2836000,2836000,2836000,2836000,2819660
2023-06-07,26.6900,26.6900000000,,,2819659.9850131134,75256724.99999999664600000000,2836000,2836000,2836000,2836000,2819660,2836000,2836000,2836000,2836000,2819660
2023-06-09,26.2900,26.2900000000,,,2819659.9847850893,74128860.99999999769700000000,2836000,2836000,2836000,2836000,2819660,2836000,2836000,2836000,2836000,2819660
2023-06-12,26.0800,26.0800000000,,,2819660.0076687117,73536733.00000000113600000000,2836000,2836000,2836000,2836000,2819660,2836000,2836000,2836000,2836000,2819660
2023-06-13,25.5354,25.5354000000,,,2819660.0014098077,72001146.00000000354258000000,2836000,2836000,2836000,2836000,2819660,2836000,2836000,2836000,2836000,2819660
2023-06-14,25.3000,25.3000000000,,,2819660.0000000000,71337398.00000000000000000000,2836000,2836000,2836000,2836000,2819660,2836000,2836000,2836000,2836000,2819660
2023-06-15,26.3200,26.3200000000,,,2819659.9924012157,74213450.99999999722400000000,2836000,2836000,2836000,2836000,2819660,2836000,2836000,2836000,2836000,2819660
2023-06-16,25.0100,25.0100000000,,,2819660.0159936026,70519697.00000000102600000000,2836000,2836000,2836000,2836000,2819660,2836000,2836000,2836000,2836000,2819660
2023-06-20,26.4700,26.4700000000,,,2819659.9924442770,74636400.00000001219000000000,2836000,2836000,2836000,2836000,2819660,2836000,2836000,2836000,2836000,2819660
2023-06-21,25.5500,25.5500000000,,,2819660.0000000000,72042313.00000000000000000000,2836000,2836000,2836000,2836000,2819660,2836000,2836000,2836000,2836000,2819660
2023-06-22,26.0500,26.0500000000,,,2819660.0000000000,73452143.00000000000000000000,2836000,2836000,2836000,2836000,2819660,2836000,2836000,2836000,2836000,2819660
2023-06-23,26.6000,26.6000000000,,,2819660.0000000000,75002956.00000000000000000000,2836000,2836000,2836000,2836000,2819660,2836000,2836000,2836000,2836000,2819660
2023-06-26,26.4700,26.4700000000,,,2819659.9924442770,74636400.00000001219000000000,2836000,2836000,2836000,2836000,2819660,2836000,2836000,2836000,2836000,2819660
2023-06-27,26.1600,26.1600000000,,,2817754.0137614678,73712444.99999999764800000000,2847000,2847000,2847000,2847000,2817754,2847000,2847000,2847000,2847000,2817754
2023-06-28,26.6000,26.6000000000,,,2817753.9849624056,74952255.99999998896000000000,2847000,2847000,2847000,2847000,2817754,2847000,2847000,2847000,2847000,2817754
2023-06-29,25.9900,25.9900000000,,,2817753.9823008850,73233426.00000000115000000000,2847000,2847000,2847000,2847000,2817754,2847000,2847000,2847000,2847000,2817754
2023-06-30,25.1000,25.1000000000,,,2817753.9840637450,70725624.99999999950000000000,2847000,2847000,2847000,2847000,2817754,2847000,2847000,2847000,2847000,2817754
2023-07-03,26.3800,26.3800000000,,,2817754.0181956030,74332351.00000000714000000000,2847000,2847000,2847000,2847000,2817754,2847000,2847000,2847000,2847000,2817754
2023-07-05,26.1600,26.1600000000,,,2817754.0137614678,73712444.99999999764800000000,2847000,2847000,2847000,2847000,2817754,2847000,2847000,2847000,2847000,2817754
2023-07-06,25.6500,25.6500000000,,,2817753.9961013645,72275389.99999999942500000000,2847000,2847000,2847000,2847000,2817754,2847000,2847000,2847000,2847000,2817754
2023-07-07,24.9600,24.9600000000,,,2817754.0064102565,70331140.00000000224000000000,2847000,2847000,2847000,2847000,2817754,2847000,2847000,2847000,2847000,2817754
2023-07-10,24.1285,24.1285000000,,,2817753.9838779867,67988177.00000000209095000000,2847000,2847000,2847000,2847000,2817754,2847000,2847000,2847000,2847000,2817754
2023-07-11,26.1199,26.1199000000,,,2817754.0113093850,73599453.00000000526150000000,2847000,2847000,2847000,2847000,2817754,2847000,2847000,2847000,2847000,2817754
2023-07-12,25.0923,25.0923000000,,,2817754.0121870055,70703928.99999999810765000000,2847000,2847000,2847000,2847000,2817754,2847000,2847000,2847000,2847000,2817754
2023-07-13,24.5000,24.5000000000,,,2817754.0000000000,69034973.00000000000000000000,2847000,2847000,2847000,2847000,2817754,2847000,2847000,2847000,2847000,2817754
2023-07-14,24.9100,24.9100000000,,,2817753.9943797670,70190251.99999999597000000000,2847000,2847000,2847000,2847000,2817754,2847000,2847000,2847000,2847000,2817754
2023-07-17,24.5400,24.5400000000,,,2817753.9934800330,69147683.00000000982000000000,2847000,2847000,2847000,2847000,2817754,2847000,2847000,2847000,2847000,2817754
2023-07-18,24.5500,24.5500000000,,,2817754.0122199594,69175861.00000000327000000000,2847000,2847000,2847000,2847000,2817754,2847000,2847000,2847000,2847000,2817754
2023-07-19,24.0000,24.0000000000,,,2817754.0000000000,67626096.00000000000000000000,2847000,2847000,2847000,2847000,2817754,2847000,2847000,2847000,2847000,2817754
2023-07-20,23.2100,23.2100000000,,,2817753.9853511415,65400069.99999999421500000000,2847000,2847000,2847000,2847000,2817754,2847000,2847000,2847000,2847000,2817754
2023-07-21,23.9800,23.9800000000,,,2817754.0033361134,67569740.99999999933200000000,2847000,2847000,2847000,2847000,2817754,2847000,2847000,2847000,2847000,2817754
2023-07-24,23.3000,23.3000000000,,,2817753.9914163090,65653667.99999999970000000000,2847000,2847000,2847000,2847000,2817754,2847000,2847000,2847000,2847000,2817754
2023-07-25,22.9000,22.9000000000,,,2817754.0174672490,64526567.00000000210000000000,2847000,2847000,2847000,2847000,2817754,2847000,2847000,2847000,2847000,2817754
2023-07-27,22.9000,22.9000000000,,,2817754.0174672490,64526567.00000000210000000000,2847000,2847000,2847000,2847000,2817754,2847000,2847000,2847000,2847000,2817754
2023-07-28,23.0000,23.0000000000,,,2817754.0000000000,64808342.00000000000000000000,2847000,2847000,2847000,2847000,2817754,2847000,2847000,2847000,2847000,2817754
2023-07-31,22.7500,22.7500000000,,,2817754.0219780220,64103904.00000000050000000000,2847000,2847000,2847000,2847000,2817754,2847000,2847000,2847000,2847000,2817754
2023-08-01,22.4900,22.4900000000,,,2817753.9795464654,63371287.00000000684600000000,2847000,2847000,2847000,2847000,2817754,2847000,2847000,2847000,2847000,2817754
2023-08-02,22.3000,22.3000000000,,,2817753.9910313900,62835913.99999999700000000000,2847000,2847000,2847000,2847000,2817754,2847000,2847000,2847000,2847000,2817754
2023-08-03,22.8000,22.8000000000,,,2817753.9912280700,64244790.99999999600000000000,2847000,2847000,2847000,2847000,2817754,2847000,2847000,2847000,2847000,2817754
2023-08-04,22.3000,22.3000000000,,,2817753.9910313900,62835913.99999999700000000000,2847000,2847000,2847000,2847000,2817754,2847000,2847000,2847000,2847000,2817754
2023-08-07,21.6000,21.6000000000,,,2817753.9814814813,60863485.99999999608000000000,2847000,2847000,2847000,2847000,2817754,2847000,2847000,2847000,2847000,2817754
2023-08-08,21.0000,21.0000000000,,,2817754.0000000000,59172834.00000000000000000000,2847000,2847000,2847000,2847000,2817754,2847000,2847000,2847000,2847000,2817754
2023-08-09,20.5000,20.5000000000,,,2817754.0000000000,57763957.00000000000000000000,2847000,2847000,2847000,2847000,2817754,2847000,2847000,2847000,2847000,2817754
2023-08-10,21.0200,21.0200000000,,,2817753.9961941010,59229189.00000000302000000000,2847000,2847000,2847000,2847000,2817754,2847000,2847000,2847000,2847000,2817754
2023-08-11,22.4400,22.4400000000,,,2817754.0106951870,63230399.99999999628000000000,2818000,2818000,2818000,2818000,2817754,2818000,2818000,2818000,2818000,2817754
2023-08-14,23.0100,23.0100000000,,,2817754.0199913080,64836519.99999999708000000000,2818000,2818000,2818000,2818000,2817754,2818000,2818000,2818000,2818000,2817754
2023-08-15,22.5000,22.5000000000,,,2817754.0000000000,63399465.00000000000000000000,2818000,2818000,2818000,2818000,2817754,2818000,2818000,2818000,2818000,2817754
2023-08-16,22.0000,22.0000000000,,,2817754.0000000000,61990588.00000000000000000000,2818000,2818000,2818000,2818000,2817754,2818000,2818000,2818000,2818000,2817754
2023-08-17,21.3000,21.3000000000,,,2817753.9906103285,60018159.99999999705000000000,2818000,2818000,2818000,2818000,2817754,2818000,2818000,2818000,2818000,2817754
2023-08-18,22.3183,22.3183000000,,,2817753.9956000233,62887479.00000000001639000000,2818000,2818000,2818000,2818000,2817754,2818000,2818000,2818000,2818000,2817754
2023-08-21,21.4000,21.4000000000,,,2817754.0186915890,60299936.00000000460000000000,2818000,2818000,2818000,2818000,2817754,2818000,2818000,2818000,2818000,2817754
2023-08-22,21.6900,21.6900000000,,,2817753.9880129090,61117083.99999999621000000000,2818000,2818000,2818000,2818000,2817754,2818000,2818000,2818000,2818000,2817754
2023-08-23,20.9800,20.9800000000,,,2817754.0038131555,59116479.00000000239000000000,2818000,2818000,2818000,2818000,2817754,2818000,2818000,2818000,2818000,2817754
2023-08-24,20.0000,20.0000000000,,,2817754.0000000000,56355080.00000000000000000000,2818000,2818000,2818000,2818000,2817754,2818000,2818000,2818000,2818000,2817754
2023-08-25,20.7050,20.7050000000,,,2817754.0207679310,58341597.00000001135500000000,2818000,2818000,2818000,2818000,2817754,2818000,2818000,2818000,2818000,2817754
2023-08-28,22.2500,22.2500000000,,,2817754.0224719103,62695027.00000000417500000000,2818000,2818000,2818000,2818000,2817754,2818000,2818000,2818000,2818000,2817754
2023-08-29,22.4100,22.4100000000,,,2817753.9937527888,63145866.99999999700800000000,2818000,2818000,2818000,2818000,2817754,2818000,2818000,2818000,2818000,2817754
2023-08-30,22.5000,22.5000000000,,,2817754.0000000000,63399465.00000000000000000000,2818000,2818000,2818000,2818000,2817754,2818000,2818000,2818000,2818000,2817754
2023-08-31,22.5000,22.5000000000,,,2817754.0000000000,63399465.00000000000000000000,2818000,2818000,2818000,2818000,2817754,2818000,2818000,2818000,2818000,2817754
2023-09-01,21.6500,21.6500000000,,,2817753.9953810624,61004374.00000000096000000000,2818000,2818000,2818000,2818000,2817754,2818000,2818000,2818000,2818000,2817754
2023-09-05,22.0563,22.0563000000,,,2817754.0203932663,62149227.99999999949269000000,2818000,2818000,2818000,2818000,2817754,2818000,2818000,2818000,2818000,2817754
2023-09-06,21.5000,21.5000000000,,,2817754.0000000000,60581711.00000000000000000000,2818000,2818000,2818000,2818000,2817754,2818000,2818000,2818000,2818000,2817754
2023-09-07,22.0400,22.0400000000,,,2817753.9927404720,62103298.00000000288000000000,2818000,2818000,2818000,2818000,2817754,2818000,2818000,2818000,2818000,2817754
2023-09-08,22.4000,22.4000000000,,,2817754.0178571430,63117690.00000000320000000000,2818000,2818000,2818000,2818000,2817754,2818000,2818000,2818000,2818000,2817754
2023-09-11,23.5900,23.5900000000,,,2817754.0059347180,66470816.99999999762000000000,2818000,2818000,2818000,2818000,2817754,2818000,2818000,2818000,2818000,2817754
2023-09-12,22.4000,22.4000000000,,,2817754.0178571430,63117690.00000000320000000000,2818000,2818000,2818000,2818000,2817754,2818000,2818000,2818000,2818000,2817754
2023-09-13,21.5250,21.5250000000,,,2817754.0069686410,60652154.99999999752500000000,2818000,2818000,2818000,2818000,2817754,2818000,2818000,2818000,2818000,2817754
2023-09-14,22.3000,22.3000000000,,,2817753.9910313900,62835913.99999999700000000000,2818000,2818000,2818000,2818000,2817754,2818000,2818000,2818000,2818000,2817754
2023-09-15,21.6200,21.6200000000,,,2817753.9777983350,60919841.00000000270000000000,2818000,2818000,2818000,2818000,2817754,2818000,2818000,2818000,2818000,2817754
2023-09-18,22.1000,22.1000000000,,,2817753.9819004520,62272362.99999998920000000000,2818000,2818000,2818000,2818000,2817754,2818000,2818000,2818000,2818000,2817754
2023-09-19,22.2400,22.2400000000,,,2817754.0017985613,62666849.00000000331200000000,2818000,2818000,2818000,2818000,2817754,2818000,2818000,2818000,2818000,2817754
2023-09-21,22.1000,22.1000000000,,,2817753.9819004520,62272362.99999998920000000000,2818000,2818000,2818000,2818000,2817754,2818000,2818000,2818000,2818000,2817754
2023-09-22,22.3000,22.3000000000,,,2817753.9910313900,62835913.99999999700000000000,2818000,2818000,2818000,2818000,2817754,2818000,2818000,2818000,2818000,2817754
2023-09-25,22.1000,22.1000000000,,,2817753.9819004520,62272362.99999998920000000000,2818000,2818000,2818000,2818000,2817754,2818000,2818000,2818000,2818000,2817754
2023-09-26,22.4000,22.4000000000,,,2817754.0178571430,63117690.00000000320000000000,2818000,2818000,2818000,2818000,2817754,2818000,2818000,2818000,2818000,2817754
2023-09-27,22.9100,22.9100000000,,,2817753.9938891316,64554744.00000000495600000000,2818000,2818000,2818000,2818000,2817754,2818000,2818000,2818000,2818000,2817754
2023-09-28,23.4999,23.4999000000,,,2817753.9904425126,66216937.00000000184874000000,2818000,2818000,2818000,2818000,2817754,2818000,2818000,2818000,2818000,2817754
2023-09-29,22.3500,22.3500000000,,,2817754.0044742730,62976802.00000000155000000000,2818000,2818000,2818000,2818000,2817754,2818000,2818000,2818000,2818000,2817754
2023-10-02,23.2500,23.2500000000,,,2817754.0215053763,65512780.99999999897500000000,2818000,2818000,2818000,2818000,2817754,2818000,2818000,2818000,2818000,2817754
2023-10-03,22.5000,22.5000000000,,,2817754.0000000000,63399465.00000000000000000000,2818000,2818000,2818000,2818000,2817754,2818000,2818000,2818000,2818000,2817754
2023-10-04,22.5000,22.5000000000,,,2817754.0000000000,63399465.00000000000000000000,2818000,2818000,2818000,2818000,2817754,2818000,2818000,2818000,2818000,2817754
2023-10-05,22.4500,22.4500000000,,,2817753.9866369710,63258576.99999999895000000000,2818000,2818000,2818000,2818000,2817754,2818000,2818000,2818000,2818000,2817754
2023-10-06,22.4500,22.4500000000,,,2817753.9866369710,63258576.99999999895000000000,2818000,2818000,2818000,2818000,2817754,2818000,2818000,2818000,2818000,2817754
2023-10-09,22.8400,22.8400000000,,,2817753.9842381785,64357500.99999999694000000000,2818000,2818000,2818000,2818000,2817754,2818000,2818000,2818000,2818000,2817754
2023-10-10,22.6500,22.6500000000,,,2817753.9955849890,63822128.00000000085000000000,2818000,2818000,2818000,2818000,2817754,2818000,2818000,2818000,2818000,2817754
2023-10-11,22.3000,22.3000000000,,,2817753.9910313900,62835913.99999999700000000000,2818000,2818000,2818000,2818000,2817754,2818000,2818000,2818000,2818000,2817754
2023-10-12,21.5200,21.5200000000,,,2817753.9962825280,60638066.00000000256000000000,2818000,2818000,2818000,2818000,2817754,2818000,2818000,2818000,2818000,2817754
2023-10-13,21.5200,21.5200000000,,,2817753.9962825280,60638066.00000000256000000000,2818000,2818000,2818000,2818000,2817754,2818000,2818000,2818000,2818000,2817754
2023-10-16,22.0300,22.0300000000,,,2817754.0172492056,62075120.99999999936800000000,2818000,2818000,2818000,2818000,2817754,2818000,2818000,2818000,2818000,2817754
2023-10-17,22.6000,22.6000000000,,,2817753.9823008846,63681239.99999999196000000000,2818000,2818000,2818000,2818000,2817754,2818000,2818000,2818000,2818000,2817754
2023-10-18,22.6000,22.6000000000,,,2817753.9823008846,63681239.99999999196000000000,2818000,2818000,2818000,2818000,2817754,2818000,2818000,2818000,2818000,2817754
2023-10-19,23.2806,23.2806000000,,,2817754.0097763804,65599004.00000000154024000000,2818000,2818000,2818000,2818000,2817754,2818000,2818000,2818000,2818000,2817754
2023-10-20,22.8950,22.8950000000,,,2817754.0074252020,64512477.99999999979000000000,2818000,2818000,2818000,2818000,2817754,2818000,2818000,2818000,2818000,2817754
2023-10-23,23.2500,23.2500000000,,,2817754.0215053763,65512780.99999999897500000000,2818000,2818000,2818000,2818000,2817754,2818000,2818000,2818000,2818000,2817754
2023-10-24,23.3099,23.3099000000,,,2817754.0015186680,65681563.99999999921320000000,2818000,2818000,2818000,2818000,2817754,2818000,2818000,2818000,2818000,2817754
2023-10-25,23.6000,23.6000000000,,,2817753.9830508474,66498993.99999999864000000000,2818000,2818000,2818000,2818000,2817754,2818000,2818000,2818000,2818000,2817754
2023-10-26,23.0600,23.0600000000,,,2817753.9895923680,64977407.00000000608000000000,2818000,2818000,2818000,2818000,2817754,2818000,2818000,2818000,2818000,2817754
2023-10-27,23.1100,23.1100000000,,,2817754.0025962787,65118295.00000000075700000000,2818000,2818000,2818000,2818000,2817754,2818000,2818000,2818000,2818000,2817754
2023-10-30,23.2800,23.2800000000,,,2817753.9948453605,65597312.99999999244000000000,2818000,2818000,2818000,2818000,2817754,2818000,2818000,2818000,2818000,2817754
2023-10-31,23.3050,23.3050000000,,,2817754.0012872773,65667756.99999999747650000000,2818000,2818000,2818000,2818000,2817754,2818000,2818000,2818000,2818000,2817754
2023-11-01,23.8053,23.8053000000,,,2817753.9875573926,67077478.99999999806078000000,2818000,2818000,2818000,2818000,2817754,2818000,2818000,2818000,2818000,2817754
2023-11-02,23.7894,23.7894000000,,,2817753.9996805300,67032677.00000000038200000000,2818000,2818000,2818000,2818000,2817754,2818000,2818000,2818000,2818000,2817754
2023-11-03,24.0000,24.0000000000,,,2817754.0000000000,67626096.00000000000000000000,2818000,2818000,2818000,2818000,2817754,2818000,2818000,2818000,2818000,2817754
2023-11-06,22.7500,22.7500000000,,,2817754.0219780220,64103904.00000000050000000000,2818000,2818000,2818000,2818000,2817754,2818000,2818000,2818000,2818000,2817754
2023-11-07,23.8500,23.8500000000,,,2817754.0041928720,67203432.99999999720000000000,2818000,2818000,2818000,2818000,2817754,2818000,2818000,2818000,2818000,2817754
2023-11-08,24.5000,24.5000000000,,,2817754.0000000000,69034973.00000000000000000000,2818000,2818000,2818000,2818000,2817754,2818000,2818000,2818000,2818000,2817754
2023-11-09,23.9300,23.9300000000,,,2817753.9908065190,67428852.99999999967000000000,2818000,2818000,2818000,2818000,2817754,2818000,2818000,2818000,2818000,2817754
2023-11-10,22.5501,22.5501000000,,,2817753.9789180537,63540634.00000000274037000000,2818000,2818000,2818000,2818000,2817754,2818000,2818000,2818000,2818000,2817754
2023-11-13,25.2100,25.2100000000,,,2821504.0063466877,71130115.99999999691700000000,2820000,2820000,2820000,2820000,2821504,2820000,2820000,2820000,2820000,2821504
2023-11-14,21.8356,21.8356000000,,,2821504.0117972484,61609232.99999999716304000000,2820000,2820000,2820000,2820000,2821504,2820000,2820000,2820000,2820000,2821504
2023-11-15,20.7100,20.7100000000,,,2821504.0077257360,58433347.99999999256000000000,2820000,2820000,2820000,2820000,2821504,2820000,2820000,2820000,2820000,2821504
2023-11-16,18.1000,18.1000000000,,,2821503.9779005520,51069221.99999999120000000000,2820000,2820000,2820000,2820000,2821504,2820000,2820000,2820000,2820000,2821504
2023-11-17,17.1106,17.1106000000,,,2821503.9799890122,48277625.99999999214932000000,2820000,2820000,2820000,2820000,2821504,2820000,2820000,2820000,2820000,2821504
2023-11-20,17.3537,17.3537000000,,,2821504.0020283860,48963534.00000000212820000000,2820000,2820000,2820000,2820000,2821504,2820000,2820000,2820000,2820000,2821504
2023-11-21,17.6800,17.6800000000,,,2821504.0158371040,49884190.99999999872000000000,2820000,2820000,2820000,2820000,2821504,2820000,2820000,2820000,2820000,2821504
2023-11-22,16.7500,16.7500000000,,,2821504.0000000000,47260192.00000000000000000000,2820000,2820000,2820000,2820000,2821504,2820000,2820000,2820000,2820000,2821504
2023-11-24,16.6200,16.6200000000,,,2821503.9711191333,46893395.99999999544600000000,2820000,2820000,2820000,2820000,2821504,2820000,2820000,2820000,2820000,2821504
2023-11-27,17.5000,17.5000000000,,,2821504.0000000000,49376320.00000000000000000000,2820000,2820000,2820000,2820000,2821504,2820000,2820000,2820000,2820000,2821504
2023-11-28,17.0300,17.0300000000,,,2821503.9929536110,48050212.99999999533000000000,2820000,2820000,2820000,2820000,2821504,2820000,2820000,2820000,2820000,2821504
2023-11-30,16.2500,16.2500000000,,,2821504.0000000000,45849440.00000000000000000000,2820000,2820000,2820000,2820000,2821504,2820000,2820000,2820000,2820000,2821504
2023-12-01,17.2500,17.2500000000,,,2821504.0000000000,48670944.00000000000000000000,2820000,2820000,2820000,2820000,2821504,2820000,2820000,2820000,2820000,2821504
2023-12-04,17.9900,17.9900000000,,,2821504.0022234577,50758857.00000000402300000000,2820000,2820000,2820000,2820000,2821504,2820000,2820000,2820000,2820000,2821504
2023-12-05,16.6300,16.6300000000,,,2821504.0288635000,46921612.00000000500000000000,2820000,2820000,2820000,2820000,2821504,2820000,2820000,2820000,2820000,2821504
2023-12-06,16.3500,16.3500000000,,,2821503.9755351680,46131589.99999999680000000000,2820000,2820000,2820000,2820000,2821504,2820000,2820000,2820000,2820000,2821504
2023-12-07,17.6300,17.6300000000,,,2821504.0272263190,49743116.00000000397000000000,2820000,2820000,2820000,2820000,2821504,2820000,2820000,2820000,2820000,2821504
2023-12-08,16.8500,16.8500000000,,,2821503.9762611273,47542341.99999999500500000000,2820000,2820000,2820000,2820000,2821504,2820000,2820000,2820000,2820000,2821504
2023-12-11,16.7000,16.7000000000,,,2821504.0119760480,47119117.00000000160000000000,2820000,2820000,2820000,2820000,2821504,2820000,2820000,2820000,2820000,2821504
2023-12-12,16.5000,16.5000000000,,,2821504.0000000000,46554816.00000000000000000000,2820000,2820000,2820000,2820000,2821504,2820000,2820000,2820000,2820000,2821504
2023-12-13,16.4600,16.4600000000,,,2821504.0097205346,46441955.99999999951600000000,2820000,2820000,2820000,2820000,2821504,2820000,2820000,2820000,2820000,2821504
2023-12-14,16.2900,16.2900000000,,,2821503.9901780235,45962300.00000000281500000000,2820000,2820000,2820000,2820000,2821504,2820000,2820000,2820000,2820000,2821504
2023-12-15,16.6000,16.6000000000,,,2821503.9759036144,46836965.99999999904000000000,2820000,2820000,2820000,2820000,2821504,2820000,2820000,2820000,2820000,2821504
2023-12-18,16.6700,16.6700000000,,,2821504.0191961606,47034471.99999999720200000000,2820000,2820000,2820000,2820000,2821504,2820000,2820000,2820000,2820000,2821504
2023-12-19,16.4600,16.4600000000,,,2821504.0097205346,46441955.99999999951600000000,2820000,2820000,2820000,2820000,2821504,2820000,2820000,2820000,2820000,2821504
2023-12-20,16.2403,16.2403000000,,,2821503.9746802705,45822070.99999999700115000000,2820000,2820000,2820000,2820000,2821504,2820000,2820000,2820000,2820000,2821504
2023-12-22,16.6543,16.6543000000,,,2821503.9959650063,46990174.00000000442209000000,2820000,2820000,2820000,2820000,2821504,2820000,2820000,2820000,2820000,2821504
2023-12-26,16.4900,16.4900000000,,,2821504.0024257130,46526601.00000000737000000000,2820000,2820000,2820000,2820000,2821504,2820000,2820000,2820000,2820000,2821504
2023-12-27,16.7500,16.7500000000,,,2821504.0000000000,47260192.00000000000000000000,2820000,2820000,2820000,2820000,2821504,2820000,2820000,2820000,2820000,2821504
2023-12-28,17.1773,17.1773000000,,,2821504.0198401380,48465821.00000000246740000000,2820000,2820000,2820000,2820000,2821504,2820000,2820000,2820000,2820000,2821504
2023-12-29,16.8991,16.8991000000,,,2821503.9854193420,47680878.00000000239220000000,2820000,2820000,2820000,2820000,2821504,2820000,2820000,2820000,2820000,2821504
2024-01-02,17.1072,17.1072000000,,,2821503.9866255145,48268033.00000000165440000000,2820000,2820000,2820000,2820000,2821504,2820000,2820000,2820000,2820000,2821504
2024-01-03,17.8400,17.8400000000,,,2821503.9798206277,50335630.99999999816800000000,2820000,2820000,2820000,2820000,2821504,2820000,2820000,2820000,2820000,2821504
2024-01-04,16.7795,16.7795000000,,,2821503.9780684765,47343426.00000000143175000000,2820000,2820000,2820000,2820000,2821504,2820000,2820000,2820000,2820000,2821504
2024-01-05,16.8350,16.8350000000,,,2821504.0095040095,47500019.99999999993250000000,2820000,2820000,2820000,2820000,2821504,2820000,2820000,2820000,2820000,2821504
2024-01-08,16.5000,16.5000000000,,,2821504.0000000000,46554816.00000000000000000000,2820000,2820000,2820000,2820000,2821504,2820000,2820000,2820000,2820000,2821504
2024-01-09,16.7500,16.7500000000,,,2821504.0000000000,47260192.00000000000000000000,2820000,2820000,2820000,2820000,2821504,2820000,2820000,2820000,2820000,2821504
2024-01-10,15.6368,15.6368000000,,,2821504.0161669906,44119293.99999999861408000000,2820000,2820000,2820000,2820000,2821504,2820000,2820000,2820000,2820000,2821504
2024-01-11,15.6200,15.6200000000,,,2821503.9692701665,44071892.00000000073000000000,2820000,2820000,2820000,2820000,2821504,2820000,2820000,2820000,2820000,2821504
2024-01-12,15.3199,15.3199000000,,,2821503.9915404147,43225158.99999999916253000000,2820000,2820000,2820000,2820000,2821504,2820000,2820000,2820000,2820000,2821504
2024-01-16,15.2900,15.2900000000,,,2821503.9895356440,43140795.99999999676000000000,2820000,2820000,2820000,2820000,2821504,2820000,2820000,2820000,2820000,2821504
2024-01-17,14.1500,14.1500000000,,,2821504.0282685510,39924281.99999999665000000000,2820000,2820000,2820000,2820000,2821504,2820000,2820000,2820000,2820000,2821504
2024-01-18,14.2500,14.2500000000,,,2821504.0000000000,40206432.00000000000000000000,2820000,2820000,2820000,2820000,2821504,2820000,2820000,2820000,2820000,2821504
2024-01-19,14.6000,14.6000000000,,,2821503.9726027400,41193958.00000000400000000000,2820000,2820000,2820000,2820000,2821504,2820000,2820000,2820000,2820000,2821504
2024-01-22,15.8200,15.8200000000,,,2821503.9823008850,44636193.00000000070000000000,2820000,2820000,2820000,2820000,2821504,2820000,2820000,2820000,2820000,2821504
2024-01-23,15.6750,15.6750000000,,,2821503.9872408290,44227074.99999999457500000000,2820000,2820000,2820000,2820000,2821504,2820000,2820000,2820000,2820000,2821504
2024-01-24,15.9201,15.9201000000,,,2821504.0106531996,44918626.00000000295196000000,2820000,2820000,2820000,2820000,2821504,2820000,2820000,2820000,2820000,2821504
2024-01-25,16.5200,16.5200000000,,,2821503.9951573852,46611246.00000000350400000000,2820000,2820000,2820000,2820000,2821504,2820000,2820000,2820000,2820000,2821504
2024-01-26,16.8000,16.8000000000,,,2821503.9880952380,47401266.99999999840000000000,2820000,2820000,2820000,2820000,2821504,2820000,2820000,2820000,2820000,2821504
2024-01-29,17.1400,17.1400000000,,,2821504.0256709450,48360578.99999999730000000000,2820000,2820000,2820000,2820000,2821504,2820000,2820000,2820000,2820000,2821504
2024-01-30,16.5500,16.5500000000,,,2821503.9879154080,46695891.00000000240000000000,2820000,2820000,2820000,2820000,2821504,2820000,2820000,2820000,2820000,2821504
2024-01-31,16.3000,16.3000000000,,,2821503.9877300610,45990514.99999999430000000000,2820000,2820000,2820000,2820000,2821504,2820000,2820000,2820000,2820000,2821504
2024-02-01,16.6058,16.6058000000,,,2821503.9925809056,46853331.00000000221248000000,2820000,2820000,2820000,2820000,2821504,2820000,2820000,2820000,2820000,2821504
2024-02-02,16.8400,16.8400000000,,,2821503.9786223280,47514127.00000000352000000000,2820000,2820000,2820000,2820000,2821504,2820000,2820000,2820000,2820000,2821504
2024-02-06,17.0800,17.0800000000,,,2821503.9812646373,48191288.00000000508400000000,2820000,2820000,2820000,2820000,2821504,2820000,2820000,2820000,2820000,2821504
2024-02-07,17.6140,17.6140000000,,,2821503.9741115020,49697970.99999999622800000000,2820000,2820000,2820000,2820000,2821504,2820000,2820000,2820000,2820000,2821504
2024-02-08,17.2200,17.2200000000,,,2821504.0069686410,48586298.99999999802000000000,2820000,2820000,2820000,2820000,2821504,2820000,2820000,2820000,2820000,2821504
2024-02-09,17.1300,17.1300000000,,,2821504.0280210160,48332364.00000000408000000000,2820000,2820000,2820000,2820000,2821504,2820000,2820000,2820000,2820000,2821504
2024-02-12,18.0859,18.0859000000,,,2821503.9892955287,51029439.00000000251533000000,2822000,2822000,2822000,2822000,2821504,2822000,2822000,2822000,2822000,2821504
2024-02-13,15.6000,15.6000000000,,,2821503.9743589745,44015462.00000000220000000000,2822000,2822000,2822000,2822000,2821504,2822000,2822000,2822000,2822000,2821504
2024-02-14,15.9000,15.9000000000,,,2821504.0251572330,44861914.00000000470000000000,2822000,2822000,2822000,2822000,2821504,2822000,2822000,2822000,2822000,2821504
2024-02-15,16.1000,16.1000000000,,,2821503.9751552790,45426213.99999999190000000000,2822000,2822000,2822000,2822000,2821504,2822000,2822000,2822000,2822000,2821504
2024-02-16,15.6000,15.6000000000,,,2821503.9743589745,44015462.00000000220000000000,2822000,2822000,2822000,2822000,2821504,2822000,2822000,2822000,2822000,2821504
2024-02-20,16.3500,16.3500000000,,,2821503.9755351680,46131589.99999999680000000000,2822000,2822000,2822000,2822000,2821504,2822000,2822000,2822000,2822000,2821504
2024-02-21,16.5000,16.5000000000,,,2821504.0000000000,46554816.00000000000000000000,2822000,2822000,2822000,2822000,2821504,2822000,2822000,2822000,2822000,2821504
2024-02-22,16.7200,16.7200000000,,,2821504.0071770335,47175547.00000000012000000000,2822000,2822000,2822000,2822000,2821504,2822000,2822000,2822000,2822000,2821504
2024-02-23,17.1500,17.1500000000,,,2821504.0233236155,48388794.00000000582500000000,2822000,2822000,2822000,2822000,2821504,2822000,2822000,2822000,2822000,2821504
2024-02-26,16.7300,16.7300000000,,,2821504.0047818290,47203761.99999999917000000000,2822000,2822000,2822000,2822000,2821504,2822000,2822000,2822000,2822000,2821504
2024-02-27,17.5000,17.5000000000,,,2821504.0000000000,49376320.00000000000000000000,2822000,2822000,2822000,2822000,2821504,2822000,2822000,2822000,2822000,2821504
2024-02-28,16.6000,16.6000000000,,,2821503.9759036144,46836965.99999999904000000000,2822000,2822000,2822000,2822000,2821504,2822000,2822000,2822000,2822000,2821504
2024-02-29,17.4200,17.4200000000,,,2821504.0183696896,49150599.99999999283200000000,2822000,2822000,2822000,2822000,2821504,2822000,2822000,2822000,2822000,2821504
2024-03-01,17.8800,17.8800000000,,,2821504.0268456377,50448492.00000000207600000000,2822000,2822000,2822000,2822000,2821504,2822000,2822000,2822000,2822000,2821504
2024-03-04,17.1200,17.1200000000,,,2821503.9719626170,48304148.00000000304000000000,2822000,2822000,2822000,2822000,2821504,2822000,2822000,2822000,2822000,2821504
2024-03-05,18.4500,18.4500000000,,,2821504.0108401086,52056749.00000000367000000000,2822000,2822000,2822000,2822000,2821504,2822000,2822000,2822000,2822000,2821504
2024-03-06,17.3800,17.3800000000,,,2821504.0276179520,49037740.00000000576000000000,2822000,2822000,2822000,2822000,2821504,2822000,2822000,2822000,2822000,2821504
2024-03-07,18.3000,18.3000000000,,,2821503.9890710380,51633522.99999999540000000000,2822000,2822000,2822000,2822000,2821504,2822000,2822000,2822000,2822000,2821504
2024-03-08,17.4600,17.4600000000,,,2821504.0091638030,49263460.00000000038000000000,2822000,2822000,2822000,2822000,2821504,2822000,2822000,2822000,2822000,2821504
2024-03-11,17.7400,17.7400000000,,,2821504.0022547916,50053481.00000000298400000000,2822000,2822000,2822000,2822000,2821504,2822000,2822000,2822000,2822000,2821504
2024-03-12,18.4200,18.4200000000,,,2821504.0173724210,51972103.99999999482000000000,2822000,2822000,2822000,2822000,2821504,2822000,2822000,2822000,2822000,2821504
2024-03-13,18.8300,18.8300000000,,,2821503.9830058420,53128920.00000000486000000000,2822000,2822000,2822000,2822000,2821504,2822000,2822000,2822000,2822000,2821504
2024-03-14,18.5500,18.5500000000,,,2821503.9892183286,52338898.99999999553000000000,2822000,2822000,2822000,2822000,2821504,2822000,2822000,2822000,2822000,2821504
2024-03-15,19.2100,19.2100000000,,,2821504.0083289950,54201091.99999999395000000000,2822000,2822000,2822000,2822000,2821504,2822000,2822000,2822000,2822000,2821504
2024-03-18,18.7800,18.7800000000,,,2821503.9936102233,52987844.99999999357400000000,2822000,2822000,2822000,2822000,2821504,2822000,2822000,2822000,2822000,2821504
2024-03-19,19.3200,19.3200000000,,,2821503.9855072460,54511456.99999999272000000000,2822000,2822000,2822000,2822000,2821504,2822000,2822000,2822000,2822000,2821504
2024-03-20,21.4800,21.4800000000,,,2821504.0037243950,60605906.00000000460000000000,2822000,2822000,2822000,2822000,2821504,2822000,2822000,2822000,2822000,2821504
2024-03-21,22.8000,22.8000000000,,,2821503.9912280700,64330290.99999999600000000000,2822000,2822000,2822000,2822000,2821504,2822000,2822000,2822000,2822000,2821504
2024-03-22,20.1300,20.1300000000,,,2821504.0238450076,56796876.00000000298800000000,2822000,2822000,2822000,2822000,2821504,2822000,2822000,2822000,2822000,2821504
2024-03-25,20.8600,20.8600000000,,,2821503.9789069993,58856573.00000000539800000000,2822000,2822000,2822000,2822000,2821504,2822000,2822000,2822000,2822000,2821504
2024-03-26,22.3200,22.3200000000,,,2821503.9874551970,62975968.99999999704000000000,2822000,2822000,2822000,2822000,2821504,2822000,2822000,2822000,2822000,2821504
2024-03-27,21.0100,21.0100000000,,,2821503.9980961443,59279798.99999999174300000000,2822000,2822000,2822000,2822000,2821504,2822000,2822000,2822000,2822000,2821504
2024-03-28,22.2000,22.2000000000,,,2821504.0090090090,62637388.99999999980000000000,2822000,2822000,2822000,2822000,2821504,2822000,2822000,2822000,2822000,2821504
2024-04-01,21.0300,21.0300000000,,,2821503.9942938657,59336228.99999999567100000000,2822000,2822000,2822000,2822000,2821504,2822000,2822000,2822000,2822000,2821504
2024-04-02,22.0800,22.0800000000,,,2821503.9855072466,62298808.00000000492800000000,2822000,2822000,2822000,2822000,2821504,2822000,2822000,2822000,2822000,2821504
2024-04-03,21.1300,21.1300000000,,,2821504.0227165170,59618380.00000000421000000000,2822000,2822000,2822000,2822000,2821504,2822000,2822000,2822000,2822000,2821504
2024-04-04,20.5300,20.5300000000,,,2821503.9941548950,57925476.99999999435000000000,2822000,2822000,2822000,2822000,2821504,2822000,2822000,2822000,2822000,2821504
2024-04-05,22.1200,22.1200000000,,,2821503.9783001808,62411667.99999999929600000000,2822000,2822000,2822000,2822000,2821504,2822000,2822000,2822000,2822000,2821504
2024-04-08,21.1500,21.1500000000,,,2821504.0189125296,59674810.00000000104000000000,2822000,2822000,2822000,2822000,2821504,2822000,2822000,2822000,2822000,2821504
2024-04-09,21.2500,21.2500000000,,,2821504.0000000000,59956960.00000000000000000000,2822000,2822000,2822000,2822000,2821504,2822000,2822000,2822000,2822000,2821504
2024-04-10,23.1200,23.1200000000,,,2821503.9792387540,65233171.99999999248000000000,2822000,2822000,2822000,2822000,2821504,2822000,2822000,2822000,2822000,2821504
2024-04-11,24.4600,24.4600000000,,,2821504.0065412917,69013987.99999999498200000000,2822000,2822000,2822000,2822000,2821504,2822000,2822000,2822000,2822000,2821504
2024-04-12,23.7800,23.7800000000,,,2821503.9949537427,67095365.00000000140600000000,2822000,2822000,2822000,2822000,2821504,2822000,2822000,2822000,2822000,2821504
2024-04-15,22.6800,22.6800000000,,,2821504.0123456790,63991710.99999999972000000000,2822000,2822000,2822000,2822000,2821504,2822000,2822000,2822000,2822000,2821504
2024-04-16,22.8200,22.8200000000,,,2821503.9877300610,64386720.99999999202000000000,2822000,2822000,2822000,2822000,2821504,2822000,2822000,2822000,2822000,2821504
2024-04-17,22.3800,22.3800000000,,,2821504.0214477214,63145260.00000000493200000000,2822000,2822000,2822000,2822000,2821504,2822000,2822000,2822000,2822000,2821504
2024-04-18,21.9100,21.9100000000,,,2821504.0164308534,61819152.99999999799400000000,2822000,2822000,2822000,2822000,2821504,2822000,2822000,2822000,2822000,2821504
2024-04-19,23.2200,23.2200000000,,,2821504.0051679590,65515323.00000000798000000000,2822000,2822000,2822000,2822000,2821504,2822000,2822000,2822000,2822000,2821504
2024-04-22,24.5400,24.5400000000,,,2821503.9934800330,69239708.00000000982000000000,2822000,2822000,2822000,2822000,2821504,2822000,2822000,2822000,2822000,2821504
2024-04-23,25.1800,25.1800000000,,,2821504.0111199366,71045471.00000000358800000000,2822000,2822000,2822000,2822000,2821504,2822000,2822000,2822000,2822000,2821504
2024-04-24,26.8700,26.8700000000,,,2821503.9821362114,75813812.00000000031800000000,2822000,2822000,2822000,2822000,2821504,2822000,2822000,2822000,2822000,2821504
2024-04-25,26.1200,26.1200000000,,,2821503.9816232770,73697683.99999999524000000000,2822000,2822000,2822000,2822000,2821504,2822000,2822000,2822000,2822000,2821504
2024-04-26,24.2200,24.2200000000,,,2821504.0049545830,68336827.00000000026000000000,2822000,2822000,2822000,2822000,2821504,2822000,2822000,2822000,2822000,2821504
2024-04-29,25.5800,25.5800000000,,,2821503.9874902270,72174072.00000000666000000000,2822000,2822000,2822000,2822000,2821504,2822000,2822000,2822000,2822000,2821504
2024-04-30,25.8200,25.8200000000,,,2821503.9891556934,72851233.00000000358800000000,2822000,2822000,2822000,2822000,2821504,2822000,2822000,2822000,2822000,2821504
2024-05-01,26.7000,26.7000000000,,,2821504.0074906370,75334157.00000000790000000000,2822000,2822000,2822000,2822000,2821504,2822000,2822000,2822000,2822000,2821504
2024-05-02,26.5400,26.5400000000,,,2821503.9939713640,74882716.00000000056000000000,2822000,2822000,2822000,2822000,2821504,2822000,2822000,2822000,2822000,2821504
2024-05-03,26.2300,26.2300000000,,,2821504.0030499427,74008049.99999999702100000000,2822000,2822000,2822000,2822000,2821504,2822000,2822000,2822000,2822000,2821504
2024-05-06,26.1300,26.1300000000,,,2821504.0183696900,73725899.99999999970000000000,2822000,2822000,2822000,2822000,2821504,2822000,2822000,2822000,2822000,2821504
2024-05-07,25.9800,25.9800000000,,,2821504.0030792920,73302674.00000000616000000000,2822000,2822000,2822000,2822000,2821504,2822000,2822000,2822000,2822000,2821504
2024-05-08,23.7700,23.7700000000,,,2821503.9966344130,67067149.99999999701000000000,2822000,2822000,2822000,2822000,2821504,2822000,2822000,2822000,2822000,2821504
2024-05-09,23.5900,23.5900000000,,,2821503.9847392960,66559278.99999999264000000000,2822000,2822000,2822000,2822000,2821504,2822000,2822000,2822000,2822000,2821504
2024-05-10,24.9200,24.9200000000,,,2821504.0128410915,70311880.00000000018000000000,2822000,2822000,2822000,2822000,2821504,2822000,2822000,2822000,2822000,2821504
2024-05-13,25.6200,25.6200000000,,,2821503.9812646370,72286931.99999999994000000000,2822000,2822000,2822000,2822000,2821504,2822000,2822000,2822000,2822000,2821504
2024-05-14,25.4800,25.4800000000,,,2821504.0031397175,71891922.00000000190000000000,2822000,2822000,2822000,2822000,2821504,2822000,2822000,2822000,2822000,2821504
2024-05-15,23.7100,23.7100000000,,,2821504.0067482074,66897859.99999999745400000000,2822000,2822000,2822000,2822000,2821504,2822000,2822000,2822000,2822000,2821504
2024-05-16,22.8200,22.8200000000,,,2821503.9877300610,64386720.99999999202000000000,2822000,2822000,2822000,2822000,2821504,2822000,2822000,2822000,2822000,2821504
2024-05-17,23.0600,23.0600000000,,,2821503.9895923680,65063882.00000000608000000000,2822000,2822000,2822000,2822000,2821504,2822000,2822000,2822000,2822000,2821504
2024-05-20,22.8400,22.8400000000,,,2821503.9842381785,64443150.99999999694000000000,2822000,2822000,2822000,2822000,2821504,2822000,2822000,2822000,2822000,2821504
2024-05-21,24.9500,24.9500000000,,,2821504.0080160320,70396524.99999999840000000000,2822000,2822000,2822000,2822000,2821504,2822000,2822000,2822000,2822000,2821504
2024-05-22,25.4800,25.4800000000,,,2821504.0031397175,71891922.00000000190000000000,2822000,2822000,2822000,2822000,2821504,2822000,2822000,2822000,2822000,2821504
2024-05-23,25.2400,25.2400000000,,,2821504.0015847865,71214761.00000001126000000000,2822000,2822000,2822000,2822000,2821504,2822000,2822000,2822000,2822000,2821504
2024-05-24,25.3600,25.3600000000,,,2821503.9826498423,71553341.00000000072800000000,2822000,2822000,2822000,2822000,2821504,2822000,2822000,2822000,2822000,2821504
2024-05-28,23.8500,23.8500000000,,,2821503.9832285110,67292869.99999998735000000000,2822000,2822000,2822000,2822000,2821504,2822000,2822000,2822000,2822000,2821504
2024-05-29,24.2000,24.2000000000,,,2821504.0082644630,68280397.00000000460000000000,2822000,2822000,2822000,2822000,2821504,2822000,2822000,2822000,2822000,2821504
2024-05-30,24.0300,24.0300000000,,,2821503.9950062420,67800740.99999999526000000000,2822000,2822000,2822000,2822000,2821504,2822000,2822000,2822000,2822000,2821504
2024-05-31,25.3800,25.3800000000,,,2821504.0189125296,71609772.00000000124800000000,2822000,2822000,2822000,2822000,2821504,2822000,2822000,2822000,2822000,2821504
2024-06-03,23.9000,23.9000000000,,,2821504.0167364017,67433946.00000000063000000000,2822000,2822000,2822000,2822000,2821504,2822000,2822000,2822000,2822000,2821504
2024-06-04,22.8600,22.8600000000,,,2821503.9807524060,64499581.00000000116000000000,2822000,2822000,2822000,2822000,2821504,2822000,2822000,2822000,2822000,2821504
2024-06-05,24.6800,24.6800000000,,,2821504.0113452190,69634719.00000000492000000000,2822000,2822000,2822000,2822000,2821504,2822000,2822000,2822000,2822000,2821504
2024-06-06,25.1200,25.1200000000,,,2821503.9808917195,70876179.99999999384000000000,2822000,2822000,2822000,2822000,2821504,2822000,2822000,2822000,2822000,2821504
2024-06-07,25.2000,25.2000000000,,,2821504.0079365080,71101901.00000000160000000000,2822000,2822000,2822000,2822000,2821504,2822000,2822000,2822000,2822000,2821504
2024-06-10,25.4000,25.4000000000,,,2821504.0157480314,71666201.99999999756000000000,2822000,2822000,2822000,2822000,2821504,2822000,2822000,2822000,2822000,2821504
2024-06-11,25.7800,25.7800000000,,,2821503.9953452290,72738373.00000000362000000000,2822000,2822000,2822000,2822000,2821504,2822000,2822000,2822000,2822000,2821504
2024-06-12,23.4000,23.4000000000,,,2821504.0170940175,66023194.00000000950000000000,2822000,2822000,2822000,2822000,2821504,2822000,2822000,2822000,2822000,2821504
2024-06-13,23.7300,23.7300000000,,,2821504.0033712600,66954289.99999999980000000000,2822000,2822000,2822000,2822000,2821504,2822000,2822000,2822000,2822000,2821504
2024-06-14,22.8500,22.8500000000,,,2821503.9824945293,64471365.99999999450500000000,2822000,2822000,2822000,2822000,2821504,2822000,2822000,2822000,2822000,2821504
2024-06-17,22.8500,22.8500000000,,,2821503.9824945293,64471365.99999999450500000000,2822000,2822000,2822000,2822000,2821504,2822000,2822000,2822000,2822000,2821504
2024-06-18,23.7400,23.7400000000,,,2821504.0016849200,66982505.00000000080000000000,2822000,2822000,2822000,2822000,2821504,2822000,2822000,2822000,2822000,2821504
2024-06-20,22.7700,22.7700000000,,,2821503.9964866050,64245645.99999999585000000000,2822000,2822000,2822000,2822000,2821504,2822000,2822000,2822000,2822000,2821504
2024-06-21,23.1800,23.1800000000,,,2821504.0120793786,65402462.99999999594800000000,2822000,2822000,2822000,2822000,2821504,2822000,2822000,2822000,2822000,2821504
2024-06-24,23.7500,23.7500000000,,,2821504.0000000000,67010720.00000000000000000000,2822000,2822000,2822000,2822000,2821504,2822000,2822000,2822000,2822000,2821504
2024-06-25,23.5800,23.5800000000,,,2821503.9864291777,66531064.00000001016600000000,2822000,2822000,2822000,2822000,2821504,2822000,2822000,2822000,2822000,2821504
2024-06-26,23.8300,23.8300000000,,,2760046.9995803610,65771920.00000000263000000000,2816000,2816000,2816000,2816000,2760047,2816000,2816000,2816000,2816000,2760047
2024-06-27,21.5800,21.5800000000,,,2760046.9879518077,59561814.00000001016600000000,2816000,2816000,2816000,2816000,2760047,2816000,2816000,2816000,2816000,2760047
2024-06-28,21.3300,21.3300000000,,,2760047.0229723398,58871803.00000000793400000000,2816000,2816000,2816000,2816000,2760047,2816000,2816000,2816000,2816000,2760047
2024-07-01,22.6800,22.6800000000,,,2760047.0017636684,62597865.99999999931200000000,2816000,2816000,2816000,2816000,2760047,2816000,2816000,2816000,2816000,2760047
2024-07-02,23.3800,23.3800000000,,,2760047.0059880240,64529899.00000000112000000000,2816000,2816000,2816000,2816000,2760047,2816000,2816000,2816000,2816000,2760047
2024-07-03,23.4000,23.4000000000,,,2760047.0085470085,64585099.99999999890000000000,2816000,2816000,2816000,2816000,2760047,2816000,2816000,2816000,2816000,2760047
2024-07-05,21.7500,21.7500000000,,,2760046.9885057470,60031021.99999999725000000000,2816000,2816000,2816000,2816000,2760047,2816000,2816000,2816000,2816000,2760047
2024-07-08,24.1800,24.1800000000,,,2760046.9809760135,66737936.00000000643000000000,2816000,2816000,2816000,2816000,2760047,2816000,2816000,2816000,2816000,2760047
2024-07-09,24.7500,24.7500000000,,,2760046.9898989900,68311163.00000000250000000000,2816000,2816000,2816000,2816000,2760047,2816000,2816000,2816000,2816000,2760047
2024-07-10,24.0700,24.0700000000,,,2760046.9879518070,66434330.99999999449000000000,2816000,2816000,2816000,2816000,2760047,2816000,2816000,2816000,2816000,2760047
2024-07-11,23.6200,23.6200000000,,,2760046.9940728196,65192309.99999999895200000000,2816000,2816000,2816000,2816000,2760047,2816000,2816000,2816000,2816000,2760047
2024-07-12,24.4000,24.4000000000,,,2760047.0081967213,67345146.99999999972000000000,2816000,2816000,2816000,2816000,2760047,2816000,2816000,2816000,2816000,2760047
2024-07-15,24.7700,24.7700000000,,,2760046.9923294308,68366364.00000000091600000000,2816000,2816000,2816000,2816000,2760047,2816000,2816000,2816000,2816000,2760047
2024-07-16,25.6100,25.6100000000,,,2760047.0128855915,70684803.99999999831500000000,2816000,2816000,2816000,2816000,2760047,2816000,2816000,2816000,2816000,2760047
2024-07-17,27.3000,27.3000000000,,,2760046.9963369960,75349282.99999999080000000000,2816000,2816000,2816000,2816000,2760047,2816000,2816000,2816000,2816000,2760047
2024-07-18,28.7000,28.7000000000,,,2760047.0034843210,79213349.00000001270000000000,2816000,2816000,2816000,2816000,2760047,2816000,2816000,2816000,2816000,2760047
2024-07-19,29.5700,29.5700000000,,,2760047.0071017924,81614590.00000000126800000000,2816000,2816000,2816000,2816000,2760047,2816000,2816000,2816000,2816000,2760047
2024-07-22,26.4500,26.4500000000,,,2760046.9943289226,73003243.00000000277000000000,2816000,2816000,2816000,2816000,2760047,2816000,2816000,2816000,2816000,2760047
2024-07-23,24.7700,24.7700000000,,,2760046.9923294308,68366364.00000000091600000000,2816000,2816000,2816000,2816000,2760047,2816000,2816000,2816000,2816000,2760047
2024-07-24,23.9900,23.9900000000,,,2760047.0195914970,66213528.00000001303000000000,2816000,2816000,2816000,2816000,2760047,2816000,2816000,2816000,2816000,2760047
2024-07-25,24.4800,24.4800000000,,,2760047.0179738560,67565950.99999999488000000000,2816000,2816000,2816000,2816000,2760047,2816000,2816000,2816000,2816000,2760047
2024-07-26,24.1200,24.1200000000,,,2760047.0149253733,66572334.00000000399600000000,2816000,2816000,2816000,2816000,2760047,2816000,2816000,2816000,2816000,2760047
2024-07-29,24.3000,24.3000000000,,,2760046.9958847740,67069142.00000000820000000000,2816000,2816000,2816000,2816000,2760047,2816000,2816000,2816000,2816000,2760047
2024-07-30,24.5800,24.5800000000,,,2760046.9894222950,67841955.00000001110000000000,2816000,2816000,2816000,2816000,2760047,2816000,2816000,2816000,2816000,2760047
2024-07-31,24.4000,24.4000000000,,,2760047.0081967213,67345146.99999999972000000000,2816000,2816000,2816000,2816000,2760047,2816000,2816000,2816000,2816000,2760047
2024-08-01,23.3000,23.3000000000,,,2760046.9957081545,64309094.99999999985000000000,2816000,2816000,2816000,2816000,2760047,2816000,2816000,2816000,2816000,2760047
2024-08-02,22.3100,22.3100000000,,,2760047.0192738683,61576649.00000000177300000000,2816000,2816000,2816000,2816000,2760047,2816000,2816000,2816000,2816000,2760047
2024-08-05,22.2000,22.2000000000,,,2760046.9819819820,61273043.00000000040000000000,2816000,2816000,2816000,2816000,2760047,2816000,2816000,2816000,2816000,2760047
2024-08-06,23.0100,23.0100000000,,,2760046.9795740983,63508681.00000000188300000000,2816000,2816000,2816000,2816000,2760047,2816000,2816000,2816000,2816000,2760047
2024-08-07,22.6000,22.6000000000,,,2760046.9911504425,62377062.00000000050000000000,2816000,2816000,2816000,2816000,2760047,2816000,2816000,2816000,2816000,2760047
2024-08-08,22.4000,22.4000000000,,,2760047.0089285720,61825053.00000001280000000000,2816000,2816000,2816000,2816000,2760047,2816000,2816000,2816000,2816000,2760047
2024-08-09,22.3400,22.3400000000,,,2760047.0008952552,61659450.00000000116800000000,2816000,2816000,2816000,2816000,2760047,2816000,2816000,2816000,2816000,2760047
2024-08-12,22.5800,22.5800000000,,,2760046.9884853857,62321861.00000000910600000000,2816000,2816000,2816000,2816000,2760047,2816000,2816000,2816000,2816000,2760047
2024-08-13,21.6500,21.6500000000,,,2760047.0207852195,59755018.00000000217500000000,2816000,2816000,2816000,2816000,2760047,2816000,2816000,2816000,2816000,2760047
2024-08-14,22.4600,22.4600000000,,,2760047.0169189670,61990655.99999999882000000000,2761000,2761000,2761000,2761000,2760047,2761000,2761000,2761000,2761000,2760047
2024-08-15,22.6800,22.6800000000,,,2760047.0017636684,62597865.99999999931200000000,2761000,2761000,2761000,2761000,2760047,2761000,2761000,2761000,2761000,2760047
2024-08-16,21.7400,21.7400000000,,,2760047.0101195956,60003422.00000000834400000000,2761000,2761000,2761000,2761000,2760047,2761000,2761000,2761000,2761000,2760047
2024-08-19,22.5000,22.5000000000,,,2760047.0222222223,62101058.00000000175000000000,2761000,2761000,2761000,2761000,2760047,2761000,2761000,2761000,2761000,2760047
2024-08-20,22.2100,22.2100000000,,,2760047.0058532190,61300643.99999999399000000000,2761000,2761000,2761000,2761000,2760047,2761000,2761000,2761000,2761000,2760047
2024-08-21,22.1200,22.1200000000,,,2760047.0162748643,61052239.99999999831600000000,2761000,2761000,2761000,2761000,2760047,2761000,2761000,2761000,2761000,2760047
2024-08-22,22.5100,22.5100000000,,,2760047.0013327408,62128657.99999999540800000000,2761000,2761000,2761000,2761000,2760047,2761000,2761000,2761000,2761000,2760047
2024-08-23,22.5300,22.5300000000,,,2760047.0039946735,62183858.99999999395500000000,2761000,2761000,2761000,2761000,2760047,2761000,2761000,2761000,2761000,2760047
2024-08-26,22.7400,22.7400000000,,,2760047.0096745826,62763469.00000000832400000000,2761000,2761000,2761000,2761000,2760047,2761000,2761000,2761000,2761000,2760047
2024-08-27,22.6300,22.6300000000,,,2760047.0172337606,62459864.00000000237800000000,2761000,2761000,2761000,2761000,2760047,2761000,2761000,2761000,2761000,2760047
2024-08-28,23.1200,23.1200000000,,,2760047.0155709340,63812286.99999999408000000000,2761000,2761000,2761000,2761000,2760047,2761000,2761000,2761000,2761000,2760047
2024-08-29,23.7100,23.7100000000,,,2760046.9843947700,65440713.99999999670000000000,2761000,2761000,2761000,2761000,2760047,2761000,2761000,2761000,2761000,2760047
2024-08-30,22.7300,22.7300000000,,,2760046.9863616370,62735868.00000000901000000000,2761000,2761000,2761000,2761000,2760047,2761000,2761000,2761000,2761000,2760047
2024-09-03,22.6000,22.6000000000,,,2760046.9911504425,62377062.00000000050000000000,2761000,2761000,2761000,2761000,2760047,2761000,2761000,2761000,2761000,2760047
2024-09-04,22.5700,22.5700000000,,,2760047.0093043860,62294260.99999999202000000000,2761000,2761000,2761000,2761000,2760047,2761000,2761000,2761000,2761000,2760047
2024-09-05,22.4900,22.4900000000,,,2760046.9986660740,62073457.00000000426000000000,2761000,2761000,2761000,2761000,2760047,2761000,2761000,2761000,2761000,2760047
2024-09-06,22.3000,22.3000000000,,,2760046.9955156950,61549047.99999999850000000000,2761000,2761000,2761000,2761000,2760047,2761000,2761000,2761000,2761000,2760047
2024-09-09,22.3300,22.3300000000,,,2760047.0219435740,61631850.00000000742000000000,2761000,2761000,2761000,2761000,2760047,2761000,2761000,2761000,2761000,2760047
2024-09-10,22.5000,22.5000000000,,,2760047.0222222223,62101058.00000000175000000000,2761000,2761000,2761000,2761000,2760047,2761000,2761000,2761000,2761000,2760047
2024-09-11,22.4900,22.4900000000,,,2760046.9986660740,62073457.00000000426000000000,2761000,2761000,2761000,2761000,2760047,2761000,2761000,2761000,2761000,2760047
2024-09-12,22.1000,22.1000000000,,,2760047.0135746603,60997038.99999999263000000000,2761000,2761000,2761000,2761000,2760047,2761000,2761000,2761000,2761000,2760047
2024-09-13,21.8500,21.8500000000,,,2760047.0022883294,60307026.99999999739000000000,2761000,2761000,2761000,2761000,2760047,2761000,2761000,2761000,2761000,2760047
2024-09-16,21.2700,21.2700000000,,,2760047.0145745180,58706199.99999999786000000000,2761000,2761000,2761000,2761000,2760047,2761000,2761000,2761000,2761000,2760047
2024-09-17,20.0500,20.0500000000,,,2760046.9825436410,55338942.00000000205000000000,2761000,2761000,2761000,2761000,2760047,2761000,2761000,2761000,2761000,2760047
2024-09-18,19.9000,19.9000000000,,,2760046.9849246233,54924935.00000000367000000000,2761000,2761000,2761000,2761000,2760047,2761000,2761000,2761000,2761000,2760047
2024-09-19,18.2100,18.2100000000,,,2760047.0071389345,50260455.99999999724500000000,2761000,2761000,2761000,2761000,2760047,2761000,2761000,2761000,2761000,2760047
2024-09-20,17.2500,17.2500000000,,,2760047.0144927534,47610810.99999999615000000000,2761000,2761000,2761000,2761000,2760047,2761000,2761000,2761000,2761000,2760047
2024-09-23,16.9500,16.9500000000,,,2760047.0206489675,46782796.99999999912500000000,2761000,2761000,2761000,2761000,2760047,2761000,2761000,2761000,2761000,2760047
2024-09-24,17.2400,17.2400000000,,,2760046.9837587010,47583210.00000000524000000000,2761000,2761000,2761000,2761000,2760047,2761000,2761000,2761000,2761000,2760047
2024-09-25,17.2500,17.2500000000,,,2760047.0144927534,47610810.99999999615000000000,2761000,2761000,2761000,2761000,2760047,2761000,2761000,2761000,2761000,2760047
2024-09-26,16.8100,16.8100000000,,,2760046.9958358123,46396390.00000000476300000000,2761000,2761000,2761000,2761000,2760047,2761000,2761000,2761000,2761000,2760047
2024-09-27,16.5300,16.5300000000,,,2760047.0054446460,45623576.99999999838000000000,2761000,2761000,2761000,2761000,2760047,2761000,2761000,2761000,2761000,2760047
2024-09-30,16.1600,16.1600000000,,,2760047.0297029703,44602360.00000000004800000000,2761000,2761000,2761000,2761000,2760047,2761000,2761000,2761000,2761000,2760047
2024-10-01,17.2500,17.2500000000,,,2760047.0144927534,47610810.99999999615000000000,2761000,2761000,2761000,2761000,2760047,2761000,2761000,2761000,2761000,2760047
2024-10-02,17.6000,17.6000000000,,,2760046.9886363633,48576826.99999999408000000000,2761000,2761000,2761000,2761000,2760047,2761000,2761000,2761000,2761000,2760047
2024-10-03,17.2000,17.2000000000,,,2760046.9767441860,47472807.99999999920000000000,2761000,2761000,2761000,2761000,2760047,2761000,2761000,2761000,2761000,2760047
2024-10-04,18.4800,18.4800000000,,,2760047.0238095240,51005669.00000000352000000000,2761000,2761000,2761000,2761000,2760047,2761000,2761000,2761000,2761000,2760047
2024-10-07,17.1300,17.1300000000,,,2760046.9935785173,47279605.00000000134900000000,2761000,2761000,2761000,2761000,2760047,2761000,2761000,2761000,2761000,2760047
2024-10-08,17.0100,17.0100000000,,,2760046.9723691945,46948398.99999999844500000000,2761000,2761000,2761000,2761000,2760047,2761000,2761000,2761000,2761000,2760047
2024-10-09,16.7850,16.7850000000,,,2760047.0062555852,46327388.99999999758200000000,2761000,2761000,2761000,2761000,2760047,2761000,2761000,2761000,2761000,2760047
2024-10-10,17.1600,17.1600000000,,,2760047.0279720280,47362407.00000000048000000000,2761000,2761000,2761000,2761000,2760047,2761000,2761000,2761000,2761000,2760047
2024-10-11,16.8100,16.8100000000,,,2760046.9958358123,46396390.00000000476300000000,2761000,2761000,2761000,2761000,2760047,2761000,2761000,2761000,2761000,2760047
2024-10-14,17.3000,17.3000000000,,,2760046.9942196530,47748812.99999999690000000000,2761000,2761000,2761000,2761000,2760047,2761000,2761000,2761000,2761000,2760047
2024-10-15,16.9400,16.9400000000,,,2760046.9893742620,46755195.99999999828000000000,2761000,2761000,2761000,2761000,2760047,2761000,2761000,2761000,2761000,2760047
2024-10-16,17.3500,17.3500000000,,,2760046.9740634000,47886814.99999999000000000000,2761000,2761000,2761000,2761000,2760047,2761000,2761000,2761000,2761000,2760047
2024-10-17,16.8800,16.8800000000,,,2760046.9786729860,46589593.00000000368000000000,2761000,2761000,2761000,2761000,2760047,2761000,2761000,2761000,2761000,2760047
2024-10-18,15.9000,15.9000000000,,,2760046.9811320750,43884746.99999999250000000000,2761000,2761000,2761000,2761000,2760047,2761000,2761000,2761000,2761000,2760047
2024-10-21,17.6700,17.6700000000,,,2760046.9722693830,48770029.99999999761000000000,2761000,2761000,2761000,2761000,2760047,2761000,2761000,2761000,2761000,2760047
2024-10-22,16.8200,16.8200000000,,,2760047.0273483945,46423990.99999999549000000000,2761000,2761000,2761000,2761000,2760047,2761000,2761000,2761000,2761000,2760047
2024-10-23,16.0500,16.0500000000,,,2760046.9781931460,44298753.99999999330000000000,2761000,2761000,2761000,2761000,2760047,2761000,2761000,2761000,2761000,2760047
2024-10-24,17.2000,17.2000000000,,,2760046.9767441860,47472807.99999999920000000000,2761000,2761000,2761000,2761000,2760047,2761000,2761000,2761000,2761000,2760047
2024-10-25,17.1500,17.1500000000,,,2760046.9970845480,47334805.99999999820000000000,2761000,2761000,2761000,2761000,2760047,2761000,2761000,2761000,2761000,2760047
2024-10-28,16.8000,16.8000000000,,,2760047.0238095240,46368790.00000000320000000000,2761000,2761000,2761000,2761000,2760047,2761000,2761000,2761000,2761000,2760047
2024-10-29,16.9600,16.9600000000,,,2760046.9929245280,46810396.99999999488000000000,2761000,2761000,2761000,2761000,2760047,2761000,2761000,2761000,2761000,2760047
2024-10-30,17.1600,17.1600000000,,,2760047.0279720280,47362407.00000000048000000000,2761000,2761000,2761000,2761000,2760047,2761000,2761000,2761000,2761000,2760047
2024-10-31,16.1300,16.1300000000,,,2760046.9931804095,44519558.00000000523500000000,2761000,2761000,2761000,2761000,2760047,2761000,2761000,2761000,2761000,2760047
2024-11-01,16.7000,16.7000000000,,,2760047.0059880240,46092785.00000000080000000000,2761000,2761000,2761000,2761000,2760047,2761000,2761000,2761000,2761000,2760047
2024-11-04,15.5100,15.5100000000,,,2760047.0019342360,42808329.00000000036000000000,2761000,2761000,2761000,2761000,2760047,2761000,2761000,2761000,2761000,2760047
2024-11-05,15.2600,15.2600000000,,,2760046.9855832243,42118317.00000000281800000000,2761000,2761000,2761000,2761000,2760047,2761000,2761000,2761000,2761000,2760047
2024-11-06,15.8300,15.8300000000,,,2760046.9993682880,43691543.99999999904000000000,2761000,2761000,2761000,2761000,2760047,2761000,2761000,2761000,2761000,2760047
2024-11-07,15.4200,15.4200000000,,,2760047.0168612194,42559925.00000000314800000000,2761000,2761000,2761000,2761000,2760047,2761000,2761000,2761000,2761000,2760047
2024-11-08,15.1600,15.1600000000,,,2760047.0316622690,41842312.99999999804000000000,2761000,2761000,2761000,2761000,2760047,2761000,2761000,2761000,2761000,2760047
2024-11-11,15.1900,15.1900000000,,,2760047.0046082950,41925114.00000000105000000000,2761000,2761000,2761000,2761000,2760047,2761000,2761000,2761000,2761000,2760047
2024-11-12,15.1800,15.1800000000,,,2760046.9696969697,41897513.00000000004600000000,2760000,2760000,,,,2760000,2760000,,,
2024-11-13,18.7000,18.7000000000,,,2760047.0053475937,51612879.00000000219000000000,2760000,2760000,,,,2760000,2760000,,,
2024-11-14,18.9000,18.9000000000,,,2760046.9841269840,52164887.99999999760000000000,2760000,2760000,,,,2760000,2760000,,,
2024-11-15,17.3700,17.3700000000,,,2760046.9775474956,47942015.99999999857200000000,2760000,2760000,,,,2760000,2760000,,,
2024-11-18,18.2800,18.2800000000,,,2760046.9912472647,50453658.99999999871600000000,2760000,2760000,,,,2760000,2760000,,,
2024-11-19,18.4200,18.4200000000,,,2760047.0141150920,50840065.99999999464000000000,2760000,2760000,,,,2760000,2760000,,,
2024-11-20,17.2900,17.2900000000,,,2760047.0213996530,47721213.00000000037000000000,2760000,2760000,,,,2760000,2760000,,,
2024-11-21,18.3200,18.3200000000,,,2760046.9978165940,50564061.00000000208000000000,2760000,2760000,,,,2760000,2760000,,,
2024-11-22,19.3900,19.3900000000,,,2760046.9829809180,53517311.00000000002000000000,2760000,2760000,,,,2760000,2760000,,,
2024-11-25,20.2100,20.2100000000,,,2760047.0064324590,55780549.99999999639000000000,2760000,2760000,,,,2760000,2760000,,,
2024-11-26,20.9700,20.9700000000,,,2760047.0195517410,57878186.00000000877000000000,2760000,2760000,,,,2760000,2760000,,,
2024-11-27,19.2800,19.2800000000,,,2760046.9917012450,53213706.00000000360000000000,2760000,2760000,,,,2760000,2760000,,,
2024-11-29,19.7400,19.7400000000,,,2760047.0111448840,54483328.00000001016000000000,2760000,2760000,,,,2760000,2760000,,,
2024-12-02,20.7300,20.7300000000,,,2760046.9850458275,57215774.00000000407500000000,2760000,2760000,,,,2760000,2760000,,,
2024-12-03,20.1600,20.1600000000,,,2760047.0238095240,55642548.00000000384000000000,2760000,2760000,,,,2760000,2760000,,,
2024-12-04,20.7300,20.7300000000,,,2760046.9850458275,57215774.00000000407500000000,2760000,2760000,,,,2760000,2760000,,,
2024-12-05,22.3500,22.3500000000,,,2760046.9798657717,61687049.99999999749500000000,2760000,2760000,,,,2760000,2760000,,,
2024-12-06,22.4000,22.4000000000,,,2760047.0089285720,61825053.00000001280000000000,2760000,2760000,,,,2760000,2760000,,,
2024-12-09,21.2400,21.2400000000,,,2760046.9868173260,58623398.00000000424000000000,2760000,2760000,,,,2760000,2760000,,,
2024-12-10,21.2800,21.2800000000,,,2760046.9924812030,58733799.99999999984000000000,2760000,2760000,,,,2760000,2760000,,,
2024-12-11,21.7400,21.7400000000,,,2760047.0101195956,60003422.00000000834400000000,2760000,2760000,,,,2760000,2760000,,,
2024-12-12,21.3800,21.3800000000,,,2760047.0065481760,59009805.00000000288000000000,2760000,2760000,,,,2760000,2760000,,,
2024-12-13,20.7600,20.7600000000,,,2760047.0134874760,57298576.00000000176000000000,2760000,2760000,,,,2760000,2760000,,,
2024-12-16,19.8600,19.8600000000,,,2760046.9788519638,54814533.00000000106800000000,2760000,2760000,,,,2760000,2760000,,,
2024-12-17,19.6600,19.6600000000,,,2760046.9989827060,54262523.99999999996000000000,2760000,2760000,,,,2760000,2760000,,,
2024-12-18,19.6700,19.6700000000,,,2760046.9750889680,54290124.00000000056000000000,2760000,2760000,,,,2760000,2760000,,,
2024-12-19,19.3200,19.3200000000,,,2760046.9979296066,53324107.99999999951200000000,2760000,2760000,,,,2760000,2760000,,,
2024-12-20,21.1100,21.1100000000,,,2760046.9919469445,58264591.99999999839500000000,2760000,2760000,,,,2760000,2760000,,,
2024-12-23,20.9800,20.9800000000,,,2760046.9971401333,57905785.99999999663400000000,2760000,2760000,,,,2760000,2760000,,,
2024-12-24,20.9400,20.9400000000,,,2760046.9914040114,57795383.99999999871600000000,2760000,2760000,,,,2760000,2760000,,,
2024-12-26,20.6200,20.6200000000,,,2760046.9932104750,56912168.99999999450000000000,2760000,2760000,,,,2760000,2760000,,,
2024-12-27,20.4000,20.4000000000,,,2760047.0098039220,56304959.00000000880000000000,2760000,2760000,,,,2760000,2760000,,,
2024-12-30,20.7500,20.7500000000,,,2760046.9879518070,57270974.99999999525000000000,2760000,2760000,,,,2760000,2760000,,,
2024-12-31,19.9500,19.9500000000,,,2760047.0175438600,55062938.00000000700000000000,2760000,2760000,,,,2760000,2760000,,,
2025-01-02,19.5400,19.5400000000,,,2760046.9805527125,53931318.00000000225000000000,2760000,2760000,,,,2760000,2760000,,,
2025-01-03,19.9400,19.9400000000,,,2760046.9909729185,55035336.99999999489000000000,2760000,2760000,,,,2760000,2760000,,,
2025-01-06,20.4200,20.4200000000,,,2760047.0127326148,56360159.99999999421600000000,2760000,2760000,,,,2760000,2760000,,,
2025-01-07,20.3500,20.3500000000,,,2760046.9778869776,56166955.99999999416000000000,2760000,2760000,,,,2760000,2760000,,,
2025-01-08,19.7100,19.7100000000,,,2760046.9812278030,54400525.99999999713000000000,2760000,2760000,,,,2760000,2760000,,,
2025-01-10,19.8900,19.8900000000,,,2760047.0085470085,54897334.99999999906500000000,2760000,2760000,,,,2760000,2760000,,,
2025-01-13,19.0800,19.0800000000,,,2760047.0125786164,52661697.00000000091200000000,2760000,2760000,,,,2760000,2760000,,,
2025-01-14,20.1600,20.1600000000,,,2760047.0238095240,55642548.00000000384000000000,2760000,2760000,,,,2760000,2760000,,,
2025-01-15,20.0600,20.0600000000,,,2760047.0089730810,55366543.00000000486000000000,2760000,2760000,,,,2760000,2760000,,,
2025-01-16,20.0000,20.0000000000,,,2760047.0000000000,55200940.00000000000000000000,2760000,2760000,,,,2760000,2760000,,,
2025-01-17,20.2000,20.2000000000,,,2760046.9801980200,55752949.00000000400000000000,2760000,2760000,,,,2760000,2760000,,,
2025-01-21,19.7500,19.7500000000,,,2760046.9873417723,54510928.00000000292500000000,2760000,2760000,,,,2760000,2760000,,,
2025-01-22,20.0300,20.0300000000,,,2760046.9795307037,55283740.99999999511100000000,2760000,2760000,,,,2760000,2760000,,,
2025-01-23,19.8500,19.8500000000,,,2760047.0025188914,54786932.99999999429000000000,2760000,2760000,,,,2760000,2760000,,,
2025-01-24,19.7700,19.7700000000,,,2760046.9903894790,54566128.99999999983000000000,2760000,2760000,,,,2760000,2760000,,,
2025-01-27,19.9900,19.9900000000,,,2760047.0235117560,55173340.00000000244000000000,2760000,2760000,,,,2760000,2760000,,,
2025-01-28,20.4900,20.4900000000,,,2760046.9985358715,56553363.00000000703500000000,2760000,2760000,,,,2760000,2760000,,,
2025-01-29,20.1000,20.1000000000,,,2760047.0149253730,55476944.99999999730000000000,2760000,2760000,,,,2760000,2760000,,,
2025-01-30,20.0000,20.0000000000,,,2760047.0000000000,55200940.00000000000000000000,2760000,2760000,,,,2760000,2760000,,,
2025-01-31,20.1100,20.1100000000,,,2760046.9915464944,55504545.00000000238400000000,2760000,2760000,,,,2760000,2760000,,,
2025-02-03,20.4800,20.4800000000,,,2760047.0214843750,56525763.00000000000000000000,2760000,2760000,,,,2760000,2760000,,,
2025-02-04,20.1700,20.1700000000,,,2760047.0004957854,55670147.99999999151800000000,2760000,2760000,,,,2760000,2760000,,,
2025-02-05,20.3800,20.3800000000,,,2760047.0068694800,56249758.00000000240000000000,2760000,2760000,,,,2760000,2760000,,,
2025-02-06,20.3200,20.3200000000,,,2760046.9980314960,56084154.99999999872000000000,2760000,2760000,,,,2760000,2760000,,,
2025-02-07,20.1000,20.1000000000,,,2760047.0149253730,55476944.99999999730000000000,2760000,2760000,,,,2760000,2760000,,,
2025-02-10,19.6100,19.6100000000,,,2760047.0168281490,54124522.00000000189000000000,2760000,2760000,,,,2760000,2760000,,,
2025-02-11,20.0500,20.0500000000,,,2760046.9825436410,55338942.00000000205000000000,2760000,2760000,,,,2760000,2760000,,,
2025-02-12,20.0100,20.0100000000,,,2725915.9920039980,54545578.99999999998000000000,2756000,2756000,,,,2756000,2756000,,,
2025-02-13,19.7000,19.7000000000,,,2725915.9898477160,53700545.00000000520000000000,2756000,2756000,,,,2756000,2756000,,,
2025-02-14,19.8200,19.8200000000,,,2725915.9939455097,54027655.00000000225400000000,2756000,2756000,,,,2756000,2756000,,,
2025-02-18,19.7000,19.7000000000,,,2725915.9898477160,53700545.00000000520000000000,2756000,2756000,,,,2756000,2756000,,,
2025-02-19,19.8000,19.8000000000,,,2725916.0101010100,53973136.99999999800000000000,2756000,2756000,,,,2756000,2756000,,,
2025-02-20,19.7200,19.7200000000,,,2725916.0243407710,53755064.00000000412000000000,2756000,2756000,,,,2756000,2756000,,,
2025-02-21,19.9600,19.9600000000,,,2725915.9819639280,54409283.00000000288000000000,2756000,2756000,,,,2756000,2756000,,,
2025-02-24,19.4500,19.4500000000,,,2725915.9897172237,53019066.00000000096500000000,2756000,2756000,,,,2756000,2756000,,,
2025-02-25,20.7200,20.7200000000,,,2725916.0231660230,56480979.99999999656000000000,2756000,2756000,,,,2756000,2756000,,,
2025-02-26,20.0000,20.0000000000,,,2725916.0000000000,54518320.00000000000000000000,2756000,2756000,,,,2756000,2756000,,,
2025-02-27,19.4700,19.4700000000,,,2725916.0246533128,53073585.00000000021600000000,2756000,2756000,,,,2756000,2756000,,,
2025-02-28,17.3100,17.3100000000,,,2725916.0023108030,47185605.99999999993000000000,2756000,2756000,,,,2756000,2756000,,,
2025-03-03,17.6200,17.6200000000,,,2725916.0045402950,48030639.99999999790000000000,2756000,2756000,,,,2756000,2756000,,,
2025-03-04,17.3500,17.3500000000,,,2725916.0230547550,47294642.99999999925000000000,2756000,2756000,,,,2756000,2756000,,,
2025-03-05,17.9000,17.9000000000,,,2725915.9776536315,48793896.00000000385000000000,2756000,2756000,,,,2756000,2756000,,,
2025-03-06,17.9900,17.9900000000,,,2725916.0088938302,49039229.00000000529800000000,2756000,2756000,,,,2756000,2756000,,,
2025-03-07,17.9500,17.9500000000,,,2725915.9888579390,48930192.00000000505000000000,2756000,2756000,,,,2756000,2756000,,,
2025-03-10,17.9300,17.9300000000,,,2725916.0066926940,48875674.00000000342000000000,2756000,2756000,,,,2756000,2756000,,,
2025-03-11,17.9500,17.9500000000,,,2725915.9888579390,48930192.00000000505000000000,2756000,2756000,,,,2756000,2756000,,,
2025-03-12,17.7000,17.7000000000,,,2725915.9887005650,48248713.00000000050000000000,2756000,2756000,,,,2756000,2756000,,,
2025-03-13,17.8500,17.8500000000,,,2725916.0224089630,48657600.99999998955000000000,2756000,2756000,,,,2756000,2756000,,,
2025-03-17,17.2500,17.2500000000,,,2725916.0000000000,47022051.00000000000000000000,2756000,2756000,,,,2756000,2756000,,,
2025-03-18,17.4200,17.4200000000,,,2725916.0160734784,47485456.99999999372800000000,2756000,2756000,,,,2756000,2756000,,,
2025-03-19,17.1600,17.1600000000,,,2725916.0256410255,46776718.99999999758000000000,2756000,2756000,,,,2756000,2756000,,,
2025-03-20,17.1200,17.1200000000,,,2725916.0046728970,46667681.99999999664000000000,2756000,2756000,,,,2756000,2756000,,,
2025-03-21,17.2500,17.2500000000,,,2725916.0000000000,47022051.00000000000000000000,2756000,2756000,,,,2756000,2756000,,,
2025-03-24,17.2500,17.2500000000,,,2725916.0000000000,47022051.00000000000000000000,2756000,2756000,,,,2756000,2756000,,,
2025-03-25,17.2300,17.2300000000,,,2725916.0185722580,46967533.00000000534000000000,2756000,2756000,,,,2756000,2756000,,,
2025-03-26,17.2000,17.2000000000,,,2725915.9883720930,46885754.99999999960000000000,2756000,2756000,,,,2756000,2756000,,,
2025-03-27,16.8700,16.8700000000,,,2725916.0047421455,45986202.99999999458500000000,2756000,2756000,,,,2756000,2756000,,,
2025-03-28,17.2200,17.2200000000,,,2725916.0278745648,46940274.00000000585600000000,2756000,2756000,,,,2756000,2756000,,,
2025-03-31,16.9000,16.9000000000,,,2725915.9763313610,46067980.00000000090000000000,2756000,2756000,,,,2756000,2756000,,,
2025-04-01,17.9500,17.9500000000,,,2725915.9888579390,48930192.00000000505000000000,2756000,2756000,,,,2756000,2756000,,,
2025-04-02,17.8400,17.8400000000,,,2725915.9753363230,48630341.00000000232000000000,2756000,2756000,,,,2756000,2756000,,,
2025-04-03,16.7200,16.7200000000,,,2725916.0287081343,45577316.00000000549600000000,2756000,2756000,,,,2756000,2756000,,,
2025-04-04,15.5500,15.5500000000,,,2725916.0128617360,42387993.99999999480000000000,2756000,2756000,,,,2756000,2756000,,,
2025-04-07,15.4000,15.4000000000,,,2725915.9740259740,41979105.99999999960000000000,2756000,2756000,,,,2756000,2756000,,,
2025-04-09,15.0000,15.0000000000,,,2725916.0000000000,40888740.00000000000000000000,2756000,2756000,,,,2756000,2756000,,,
2025-04-10,15.7500,15.7500000000,,,2725916.0000000000,42933177.00000000000000000000,2756000,2756000,,,,2756000,2756000,,,
2025-04-14,15.9500,15.9500000000,,,2725915.9874608153,43478360.00000000403500000000,2756000,2756000,,,,2756000,2756000,,,
2025-04-15,16.2000,16.2000000000,,,2725915.9876543210,44159839.00000000020000000000,2756000,2756000,,,,2756000,2756000,,,
2025-04-16,15.8950,15.8950000000,,,2725916.0113243160,43328435.00000000282000000000,2756000,2756000,,,,2756000,2756000,,,
2025-04-17,16.5500,16.5500000000,,,2725916.0120845920,45113909.99999999760000000000,2756000,2756000,,,,2756000,2756000,,,
2025-04-21,15.9400,15.9400000000,,,2725915.9974905900,43451101.00000000460000000000,2756000,2756000,,,,2756000,2756000,,,
2025-04-22,16.6000,16.6000000000,,,2725916.0240963850,45250205.99999999100000000000,2756000,2756000,,,,2756000,2756000,,,
2025-04-23,16.9400,16.9400000000,,,2725915.9976387247,46177016.99999999641800000000,2756000,2756000,,,,2756000,2756000,,,
2025-04-24,15.9100,15.9100000000,,,2725916.0276555624,43369323.99999999778400000000,2756000,2756000,,,,2756000,2756000,,,
2025-04-25,16.4600,16.4600000000,,,2725915.9781287970,44868576.99999999862000000000,2756000,2756000,,,,2756000,2756000,,,
2025-04-28,16.0500,16.0500000000,,,2725916.0124610593,43750952.00000000176500000000,2756000,2756000,,,,2756000,2756000,,,
2025-04-29,16.1600,16.1600000000,,,2725916.0272277226,44050802.99999999721600000000,2756000,2756000,,,,2756000,2756000,,,
2025-04-30,16.0100,16.0100000000,,,2725915.9900062457,43641914.99999999365700000000,2756000,2756000,,,,2756000,2756000,,,
2025-05-01,15.7200,15.7200000000,,,2725916.0305343512,42851400.00000000086400000000,2756000,2756000,,,,2756000,2756000,,,
2025-05-02,16.1000,16.1000000000,,,2725916.0248447200,43887247.99999999200000000000,2756000,2756000,,,,2756000,2756000,,,
2025-05-07,16.9932,16.9932000000,,,2725916.0134642090,46322035.99999999637880000000,2756000,2756000,,,,2756000,2756000,,,
2025-05-09,18.1000,18.1000000000,,,2725916.0220994474,49339079.99999999794000000000,2756000,2756000,,,,2756000,2756000,,,
2025-05-12,17.1200,17.1200000000,,,2725916.0046728970,46667681.99999999664000000000,2756000,2756000,,,,2756000,2756000,,,
2025-05-13,18.1500,18.1500000000,,,2725915.9779614327,49475375.00000000350500000000,2756000,2756000,,,,2756000,2756000,,,
2025-05-14,18.1550,18.1550000000,,,2725916.0011016247,49489004.99999999642850000000,2756000,2756000,,,,2756000,2756000,,,
2025-05-15,18.0500,18.0500000000,,,2725916.0110803320,49202783.99999999260000000000,2756000,2756000,,,,2756000,2756000,,,
2025-05-16,18.2600,18.2600000000,,,2725915.9912376776,49775225.99999999297600000000,2756000,2756000,,,,2756000,2756000,,,
2025-05-20,18.8300,18.8300000000,,,2725915.9851301117,51328998.00000000331100000000,2756000,2756000,,,,2756000,2756000,,,
2025-05-21,18.5000,18.5000000000,,,2725916.0000000000,50429446.00000000000000000000,2756000,2756000,,,,2756000,2756000,,,
2025-05-22,18.3000,18.3000000000,,,2725916.0109289614,49884262.99999999362000000000,2756000,2756000,,,,2756000,2756000,,,
2025-05-27,17.2250,17.2250000000,,,2725915.9941944843,46953902.99999999206750000000,2756000,2756000,,,,2756000,2756000,,,
2025-05-28,18.5800,18.5800000000,,,2725915.9849300324,50647519.00000000199200000000,2756000,2756000,,,,2756000,2756000,,,
2025-05-29,18.0100,18.0100000000,,,2725915.9911160464,49093746.99999999566400000000,2756000,2756000,,,,2756000,2756000,,,
2025-06-06,19.4999,19.4999000000,,,2725915.9790563030,53155089.00000000286970000000,2756000,2756000,,,,2756000,2756000,,,
2025-06-11,18.3500,18.3500000000,,,2725916.0217983650,50020558.99999999775000000000,2756000,2756000,,,,2756000,2756000,,,
2025-06-13,20.0000,20.0000000000,,,2725916.0000000000,54518320.00000000000000000000,2756000,2756000,,,,2756000,2756000,,,
2025-06-16,24.1700,24.1700000000,,,2725916.0115846090,65885389.99999999953000000000,2756000,2756000,,,,2756000,2756000,,,
2025-06-17,22.2200,22.2200000000,,,2725916.0216021603,60569854.00000000186600000000,2756000,2756000,,,,2756000,2756000,,,
2025-06-23,22.2200,22.2200000000,,,2725916.0216021603,60569854.00000000186600000000,2756000,2756000,,,,2756000,2756000,,,
2025-06-25,19.3100,19.3100000000,,,2725916.0020714660,52637438.00000000846000000000,2756000,2756000,,,,2756000,2756000,,,
2025-06-27,22.4800,22.4800000000,,,2702639.0124555160,60755324.99999999968000000000,2750000,2750000,2750000,2750000,2702639,2750000,2750000,2750000,2750000,2702639
2025-06-30,22.0100,22.0100000000,,,2702638.9822807815,59485084.00000000081500000000,2750000,2750000,2750000,2750000,2702639,2750000,2750000,2750000,2750000,2702639
2025-07-01,21.1300,21.1300000000,,,2702638.9966871750,57106762.00000000775000000000,2750000,2750000,2750000,2750000,2702639,2750000,2750000,2750000,2750000,2702639
2025-07-07,21.8400,21.8400000000,,,2702639.0109890110,59025636.00000000024000000000,2750000,2750000,2750000,2750000,2702639,2750000,2750000,2750000,2750000,2702639
2025-07-08,22.5000,22.5000000000,,,2702639.0222222223,60809378.00000000175000000000,2750000,2750000,2750000,2750000,2702639,2750000,2750000,2750000,2750000,2702639
2025-07-09,22.5100,22.5100000000,,,2702639.0048867166,60836403.99999999066600000000,2750000,2750000,2750000,2750000,2702639,2750000,2750000,2750000,2750000,2702639
2025-07-14,21.0000,21.0000000000,,,2702639.0000000000,56755419.00000000000000000000,2750000,2750000,2750000,2750000,2702639,2750000,2750000,2750000,2750000,2702639
2025-07-15,22.0000,22.0000000000,,,2702639.0000000000,59458058.00000000000000000000,2750000,2750000,2750000,2750000,2702639,2750000,2750000,2750000,2750000,2702639
2025-07-16,21.2400,21.2400000000,,,2702638.9830508474,57404051.99999999877600000000,2750000,2750000,2750000,2750000,2702639,2750000,2750000,2750000,2750000,2702639
2025-07-17,21.3800,21.3800000000,,,2702639.0084190834,57782422.00000000309200000000,2750000,2750000,2750000,2750000,2702639,2750000,2750000,2750000,2750000,2702639
2025-07-18,21.3627,21.3627000000,,,2702638.9922622140,57735665.99999999901780000000,2750000,2750000,2750000,2750000,2702639,2750000,2750000,2750000,2750000,2702639
2025-07-22,23.4300,23.4300000000,,,2702639.0098164747,63322832.00000000222100000000,2750000,2750000,2750000,2750000,2702639,2750000,2750000,2750000,2750000,2702639
2025-07-23,21.8700,21.8700000000,,,2702639.0032007312,59106714.99999999134400000000,2750000,2750000,2750000,2750000,2702639,2750000,2750000,2750000,2750000,2702639
2025-07-24,24.3000,24.3000000000,,,2702639.0123456790,65674127.99999999970000000000,2750000,2750000,2750000,2750000,2702639,2750000,2750000,2750000,2750000,2702639
2025-07-25,22.7000,22.7000000000,,,2702638.9867841410,61349905.00000000070000000000,2750000,2750000,2750000,2750000,2702639,2750000,2750000,2750000,2750000,2702639
2025-07-28,23.2300,23.2300000000,,,2702639.0012914333,62782303.99999999555900000000,2750000,2750000,2750000,2750000,2702639,2750000,2750000,2750000,2750000,2702639
2025-07-29,23.4000,23.4000000000,,,2702639.0170940175,63241753.00000000950000000000,2750000,2750000,2750000,2750000,2702639,2750000,2750000,2750000,2750000,2702639
2025-07-30,23.5050,23.5050000000,,,2702639.0129759630,63525530.00000001031500000000,2750000,2750000,2750000,2750000,2702639,2750000,2750000,2750000,2750000,2702639
2025-07-31,22.9080,22.9080000000,,,2702638.9907455910,61912053.99999999862800000000,2750000,2750000,2750000,2750000,2702639,2750000,2750000,2750000,2750000,2702639
2025-08-01,23.9999,23.9999000000,,,2702639.0109958793,64863066.00000000361207000000,2750000,2750000,2750000,2750000,2702639,2750000,2750000,2750000,2750000,2702639
2025-08-04,22.2500,22.2500000000,,,2702639.0112359550,60133717.99999999875000000000,2750000,2750000,2750000,2750000,2702639,2750000,2750000,2750000,2750000,2702639
2025-08-06,22.8529,22.8529000000,,,2702639.0086159743,61763138.99999999908047000000,2750000,2750000,2750000,2750000,2702639,2750000,2750000,2750000,2750000,2702639
2025-08-07,21.6500,21.6500000000,,,2702638.9838337186,58512134.00000000769000000000,2750000,2750000,2750000,2750000,2702639,2750000,2750000,2750000,2750000,2702639
2025-08-08,21.0695,21.0695000000,,,2702638.9805168607,56943251.99999999651865000000,2750000,2750000,2750000,2750000,2702639,2750000,2750000,2750000,2750000,2702639
2025-08-11,21.9600,21.9600000000,,,2702638.9799635700,59349951.99999999720000000000,2750000,2750000,2750000,2750000,2702639,2750000,2750000,2750000,2750000,2702639
2025-08-12,21.5100,21.5100000000,,,2702639.0051139000,58133764.99999998900000000000,2750000,2750000,2750000,2750000,2702639,2750000,2750000,2750000,2750000,2702639
2025-08-13,21.4000,21.4000000000,,,2702639.0186915890,57836475.00000000460000000000,2703000,2703000,2703000,2703000,2702639,2703000,2703000,2703000,2703000,2702639
2025-08-14,21.8750,21.8750000000,,,2702638.9942857143,59120228.00000000031250000000,2703000,2703000,2703000,2703000,2702639,2703000,2703000,2703000,2703000,2702639
2025-08-15,22.0500,22.0500000000,,,2702639.0022675735,59593189.99999999567500000000,2703000,2703000,2703000,2703000,2702639,2703000,2703000,2703000,2703000,2702639
2025-08-18,21.9750,21.9750000000,,,2702638.9988623434,59390491.99999999621500000000,2703000,2703000,2703000,2703000,2702639,2703000,2703000,2703000,2703000,2702639
2025-08-19,22.5299,22.5299000000,,,2702638.9819750640,60890185.99999999441360000000,2703000,2703000,2703000,2703000,2702639,2703000,2703000,2703000,2703000,2702639
2025-08-20,23.0000,23.0000000000,,,2702639.0000000000,62160697.00000000000000000000,2703000,2703000,2703000,2703000,2702639,2703000,2703000,2703000,2703000,2702639
2025-08-21,24.2500,24.2500000000,,,2702639.0103092785,65538996.00000000362500000000,2703000,2703000,2703000,2703000,2702639,2703000,2703000,2703000,2703000,2702639
2025-08-22,24.2500,24.2500000000,,,2702639.0103092785,65538996.00000000362500000000,2703000,2703000,2703000,2703000,2702639,2703000,2703000,2703000,2703000,2702639
2025-08-25,22.6400,22.6400000000,,,2702639.0017667846,61187747.00000000334400000000,2703000,2703000,2703000,2703000,2702639,2703000,2703000,2703000,2703000,2702639
2025-08-27,23.1100,23.1100000000,,,2702638.9874513200,62457987.00000000520000000000,2703000,2703000,2703000,2703000,2702639,2703000,2703000,2703000,2703000,2702639
2025-08-29,21.8801,21.8801000000,,,2702639.0190172805,59134011.99999999906805000000,2703000,2703000,2703000,2703000,2702639,2703000,2703000,2703000,2703000,2702639
2025-09-05,25.5000,25.5000000000,,,2702639.0196078434,68917295.00000000670000000000,2703000,2703000,2703000,2703000,2702639,2703000,2703000,2703000,2703000,2702639
2025-09-08,25.4200,25.4200000000,,,2702638.9850511407,68701082.99999999659400000000,2703000,2703000,2703000,2703000,2702639,2703000,2703000,2703000,2703000,2702639
2025-09-09,25.1000,25.1000000000,,,2702639.0039840634,67836238.99999999134000000000,2703000,2703000,2703000,2703000,2702639,2703000,2703000,2703000,2703000,2702639
2025-09-15,25.5900,25.5900000000,,,2702638.9996092220,69160531.99999999098000000000,2703000,2703000,2703000,2703000,2702639,2703000,2703000,2703000,2703000,2702639
2025-09-16,25.5990,25.5990000000,,,2702639.0093363020,69184855.99999999489800000000,2703000,2703000,2703000,2703000,2702639,2703000,2703000,2703000,2703000,2702639
2025-09-17,24.4600,24.4600000000,,,2702639.0024529845,66106550.00000000087000000000,2703000,2703000,2703000,2703000,2702639,2703000,2703000,2703000,2703000,2702639
2025-09-18,23.7000,23.7000000000,,,2702638.9873417723,64052544.00000000351000000000,2703000,2703000,2703000,2703000,2702639,2703000,2703000,2703000,2703000,2702639
2025-09-19,22.7700,22.7700000000,,,2702638.9986824770,61539090.00000000129000000000,2703000,2703000,2703000,2703000,2702639,2703000,2703000,2703000,2703000,2702639
2025-09-22,23.0100,23.0100000000,,,2702638.9830508474,62187722.99999999867400000000,2703000,2703000,2703000,2703000,2702639,2703000,2703000,2703000,2703000,2702639
2025-09-23,23.5900,23.5900000000,,,2702638.9995760918,63755254.00000000556200000000,2703000,2703000,2703000,2703000,2702639,2703000,2703000,2703000,2703000,2702639
2025-09-24,23.7181,23.7181000000,,,2702638.9972215313,64101462.00000000152653000000,2703000,2703000,2703000,2703000,2702639,2703000,2703000,2703000,2703000,2702639
2025-09-26,23.6000,23.6000000000,,,2702638.9830508474,63782279.99999999864000000000,2703000,2703000,2703000,2703000,2702639,2703000,2703000,2703000,2703000,2702639
2025-09-29,25.2300,25.2300000000,,,2702639.0011890605,68187581.99999999641500000000,2703000,2703000,2703000,2703000,2702639,2703000,2703000,2703000,2703000,2702639
2025-09-30,23.7200,23.7200000000,,,2702638.9966273187,64106596.99999999956400000000,2703000,2703000,2703000,2703000,2702639,2703000,2703000,2703000,2703000,2702639
2025-10-01,23.2550,23.2550000000,,,2702639.0023650830,62849870.00000000516500000000,2703000,2703000,2703000,2703000,2702639,2703000,2703000,2703000,2703000,2702639
2025-10-02,22.8046,22.8046000000,,,2702638.9851170380,61632601.00000000477480000000,2703000,2703000,2703000,2703000,2702639,2703000,2703000,2703000,2703000,2702639
2025-10-03,22.7100,22.7100000000,,,2702639.0136503740,61376931.99999999354000000000,2703000,2703000,2703000,2703000,2702639,2703000,2703000,2703000,2703000,2702639
2025-10-06,23.3120,23.3120000000,,,2702638.9842141387,63003920.00000000137440000000,2703000,2703000,2703000,2703000,2702639,2703000,2703000,2703000,2703000,2702639
2025-10-07,22.0000,22.0000000000,,,2702639.0000000000,59458058.00000000000000000000,2703000,2703000,2703000,2703000,2702639,2703000,2703000,2703000,2703000,2702639
2025-10-08,23.0000,23.0000000000,,,2702639.0000000000,62160697.00000000000000000000,2703000,2703000,2703000,2703000,2702639,2703000,2703000,2703000,2703000,2702639
2025-10-09,22.4900,22.4900000000,,,2702638.9951089374,60782351.00000000212600000000,2703000,2703000,2703000,2703000,2702639,2703000,2703000,2703000,2703000,2702639
2025-10-10,22.0000,22.0000000000,,,2702639.0000000000,59458058.00000000000000000000,2703000,2703000,2703000,2703000,2702639,2703000,2703000,2703000,2703000,2702639
2025-10-14,22.6600,22.6600000000,,,2702639.0114739630,61241800.00000000158000000000,2703000,2703000,2703000,2703000,2702639,2703000,2703000,2703000,2703000,2702639
2025-10-15,22.8650,22.8650000000,,,2702639.0115897660,61795840.99999999959000000000,2703000,2703000,2703000,2703000,2702639,2703000,2703000,2703000,2703000,2702639
2025-10-21,22.5000,22.5000000000,,,2702639.0222222223,60809378.00000000175000000000,2703000,2703000,2703000,2703000,2702639,2703000,2703000,2703000,2703000,2702639
2025-10-23,22.4329,22.4329000000,,,2702638.9811393090,60628030.00000000486610000000,2703000,2703000,2703000,2703000,2702639,2703000,2703000,2703000,2703000,2702639
2025-10-24,22.6320,22.6320000000,,,2702639.0067161540,61166125.99999999732800000000,2703000,2703000,2703000,2703000,2702639,2703000,2703000,2703000,2703000,2702639
2025-10-27,22.5000,22.5000000000,,,2702639.0222222223,60809378.00000000175000000000,2703000,2703000,2703000,2703000,2702639,2703000,2703000,2703000,2703000,2702639
2025-10-28,22.8802,22.8802000000,,,2702639.0066520400,61836921.00000000560800000000,2703000,2703000,2703000,2703000,2702639,2703000,2703000,2703000,2703000,2702639
2025-10-29,22.5125,22.5125000000,,,2702638.9783453640,60843160.00000000705000000000,2703000,2703000,2703000,2703000,2702639,2703000,2703000,2703000,2703000,2702639
2025-10-30,22.5200,22.5200000000,,,2702638.9875666075,60863430.00000000090000000000,2703000,2703000,2703000,2703000,2702639,2703000,2703000,2703000,2703000,2702639
2025-10-31,23.1000,23.1000000000,,,2702639.0043290043,62430960.99999999933000000000,2703000,2703000,2703000,2703000,2702639,2703000,2703000,2703000,2703000,2702639
2025-11-03,22.0600,22.0600000000,,,2702638.9845874887,59620216.00000000072200000000,2703000,2703000,2703000,2703000,2702639,2703000,2703000,2703000,2703000,2702639
2025-11-04,22.0600,22.0600000000,,,2702638.9845874887,59620216.00000000072200000000,2703000,2703000,2703000,2703000,2702639,2703000,2703000,2703000,2703000,2702639
2025-11-05,22.3500,22.3500000000,,,2702639.0156599550,60403981.99999999425000000000,2703000,2703000,2703000,2703000,2702639,2703000,2703000,2703000,2703000,2702639
2025-11-06,22.0600,22.0600000000,,,2702638.9845874887,59620216.00000000072200000000,2703000,2703000,2703000,2703000,2702639,2703000,2703000,2703000,2703000,2702639
2025-11-10,21.3600,21.3600000000,,,2702638.9981273410,57728369.00000000376000000000,2703000,2703000,2703000,2703000,2702639,2703000,2703000,2703000,2703000,2702639
2025-11-11,21.0600,21.0600000000,,,2702638.9838556508,56917577.00000000584800000000,2703000,2703000,2703000,2703000,2702639,2703000,2703000,2703000,2703000,2702639
2025-11-12,20.9300,20.9300000000,,,2702638.9870998566,56566233.99999999863800000000,2703000,2703000,2703000,2703000,2702639,2703000,2703000,2703000,2703000,2702639
2025-11-13,21.0000,21.0000000000,,,2702639.0000000000,56755419.00000000000000000000,2703000,2703000,2703000,2703000,2702639,2703000,2703000,2703000,2703000,2702639
2025-11-19,19.4400,19.4400000000,,,2702638.9917695470,52539301.99999999368000000000,2703000,2703000,2703000,2703000,2702639,2703000,2703000,2703000,2703000,2702639
2025-11-20,18.3500,18.3500000000,,,2702639.0190735690,49593425.99999999115000000000,2703000,2703000,2703000,2703000,2702639,2703000,2703000,2703000,2703000,2702639
2025-11-26,19.3400,19.3400000000,,,2702638.9865563600,52269038.00000000240000000000,2703000,2703000,2703000,2703000,2702639,2703000,2703000,2703000,2703000,2702639
2025-11-28,19.9000,19.9000000000,,,2702638.9949748744,53782516.00000000056000000000,2703000,2703000,2703000,2703000,2702639,2703000,2703000,2703000,2703000,2702639
2025-12-01,21.4500,21.4500000000,,,2702639.0209790210,57971607.00000000045000000000,2703000,2703000,2703000,2703000,2702639,2703000,2703000,2703000,2703000,2702639
2025-12-02,19.0027,19.0027000000,,,2702638.9934062000,51357437.99999999674000000000,2703000,2703000,2703000,2703000,2702639,2703000,2703000,2703000,2703000,2702639
2025-12-03,19.0000,19.0000000000,,,2702639.0000000000,51350141.00000000000000000000,2703000,2703000,2703000,2703000,2702639,2703000,2703000,2703000,2703000,2702639
2025-12-04,19.5000,19.5000000000,,,2702639.0256410255,52701460.99999999725000000000,2703000,2703000,2703000,2703000,2702639,2703000,2703000,2703000,2703000,2702639
2025-12-05,19.5000,19.5000000000,,,2702639.0256410255,52701460.99999999725000000000,2703000,2703000,2703000,2703000,2702639,2703000,2703000,2703000,2703000,2702639
2025-12-10,20.0100,20.0100000000,,,2702638.9805097450,54079805.99999999745000000000,2703000,2703000,2703000,2703000,2702639,2703000,2703000,2703000,2703000,2702639
2025-12-16,20.1900,20.1900000000,,,2702638.9796929173,54566281.00000000028700000000,2703000,2703000,2703000,2703000,2702639,2703000,2703000,2703000,2703000,2702639
2025-12-17,19.0400,19.0400000000,,,2702639.0231092437,51458247.00000000004800000000,2703000,2703000,2703000,2703000,2702639,2703000,2703000,2703000,2703000,2702639
2025-12-19,18.6600,18.6600000000,,,2702639.0139335480,50431244.00000000568000000000,2703000,2703000,2703000,2703000,2702639,2703000,2703000,2703000,2703000,2702639
2025-12-22,19.2500,19.2500000000,,,2702639.0129870130,52025801.00000000025000000000,2703000,2703000,2703000,2703000,2702639,2703000,2703000,2703000,2703000,2702639
2025-12-29,18.7500,18.7500000000,,,2702638.9866666670,50674481.00000000625000000000,2703000,2703000,2703000,2703000,2702639,2703000,2703000,2703000,2703000,2702639
2025-12-31,19.1000,19.1000000000,,,2702639.0052356017,51620404.99999999247000000000,2703000,2703000,2703000,2703000,2702639,2703000,2703000,2703000,2703000,2702639
2026-01-05,18.4000,18.4000000000,,,2702639.0217391310,49728558.00000001040000000000,2703000,2703000,2703000,2703000,2702639,2703000,2703000,2703000,2703000,2702639
2026-01-06,18.8000,18.8000000000,,,2702638.9893617020,50809612.99999999760000000000,2703000,2703000,2703000,2703000,2702639,2703000,2703000,2703000,2703000,2702639
2026-01-07,19.0000,19.0000000000,,,2702639.0000000000,51350141.00000000000000000000,2703000,2703000,2703000,2703000,2702639,2703000,2703000,2703000,2703000,2702639
2026-01-08,19.2500,19.2500000000,,,2702639.0129870130,52025801.00000000025000000000,2703000,2703000,2703000,2703000,2702639,2703000,2703000,2703000,2703000,2702639
2026-01-12,19.3928,19.3928000000,,,2702639.0206674640,52411737.99999999585920000000,2703000,2703000,2703000,2703000,2702639,2703000,2703000,2703000,2703000,2702639
2026-01-14,19.7000,19.7000000000,,,2702638.9847715740,53241988.00000000780000000000,2703000,2703000,2703000,2703000,2702639,2703000,2703000,2703000,2703000,2702639
2026-01-15,20.2500,20.2500000000,,,2702639.0123456790,54728439.99999999975000000000,2703000,2703000,2703000,2703000,2702639,2703000,2703000,2703000,2703000,2702639
2026-01-16,20.4500,20.4500000000,,,2702639.0220048903,55268968.00000000663500000000,2703000,2703000,2703000,2703000,2702639,2703000,2703000,2703000,2703000,2702639
2026-01-20,20.8962,20.8962000000,,,2702638.9965639687,56474885.00000000274894000000,2703000,2703000,2703000,2703000,2702639,2703000,2703000,2703000,2703000,2702639
2026-01-21,21.0000,21.0000000000,,,2702639.0000000000,56755419.00000000000000000000,2703000,2703000,2703000,2703000,2702639,2703000,2703000,2703000,2703000,2702639
2026-01-22,21.5000,21.5000000000,,,2702639.0232558140,58106739.00000000100000000000,2703000,2703000,2703000,2703000,2702639,2703000,2703000,2703000,2703000,2702639
2026-01-23,21.3537,21.3537000000,,,2702638.9805982104,57711342.00000000541848000000,2703000,2703000,2703000,2703000,2702639,2703000,2703000,2703000,2703000,2702639
2026-01-26,21.6300,21.6300000000,,,2702639.0198797965,58458081.99999999829500000000,2703000,2703000,2703000,2703000,2702639,2703000,2703000,2703000,2703000,2702639
2026-01-27,22.8300,22.8300000000,,,2702638.9837932545,61701248.00000000023500000000,2703000,2703000,2703000,2703000,2702639,2703000,2703000,2703000,2703000,2702639
2026-01-28,22.9700,22.9700000000,,,2702639.0074009580,62079618.00000000526000000000,2703000,2703000,2703000,2703000,2702639,2703000,2703000,2703000,2703000,2702639
2026-01-29,23.0000,23.0000000000,,,2702639.0000000000,62160697.00000000000000000000,2703000,2703000,2703000,2703000,2702639,2703000,2703000,2703000,2703000,2702639
2026-01-30,22.5300,22.5300000000,,,2702639.0146471370,60890456.99999999661000000000,2703000,2703000,2703000,2703000,2702639,2703000,2703000,2703000,2703000,2702639
2026-02-02,22.9500,22.9500000000,,,2702638.9978213510,62025565.00000000545000000000,2703000,2703000,2703000,2703000,2702639,2703000,2703000,2703000,2703000,2702639
2026-02-03,23.0300,23.0300000000,,,2702638.9926183240,62241776.00000000172000000000,2703000,2703000,2703000,2703000,2702639,2703000,2703000,2703000,2703000,2702639
2026-02-04,23.0500,23.0500000000,,,2702639.0021691974,62295829.00000000007000000000,2703000,2703000,2703000,2703000,2702639,2703000,2703000,2703000,2703000,2702639
2026-02-05,23.4600,23.4600000000,,,2702639.0025575445,63403910.99999999397000000000,2703000,2703000,2703000,2703000,2702639,2703000,2703000,2703000,2703000,2702639
2026-02-06,23.4700,23.4700000000,,,2702638.9859394976,63430937.00000000867200000000,2703000,2703000,2703000,2703000,2702639,2703000,2703000,2703000,2703000,2702639
2026-02-09,23.4700,23.4700000000,,,2702638.9859394976,63430937.00000000867200000000,2703000,2703000,2703000,2703000,2702639,2703000,2703000,2703000,2703000,2702639
2026-02-10,23.6501,23.6501000000,,,2702639.0163255124,63917683.00000000081124000000,2703000,2703000,2703000,2703000,2702639,2703000,2703000,2703000,2703000,2702639
2026-02-11,23.4501,23.4501000000,,,2702639.0079360004,63377155.00000000298004000000,2703000,2703000,2703000,2703000,2702639,2703000,2703000,2703000,2703000,2702639
2026-02-12,23.3500,23.3500000000,,,2702639.0149892930,63106620.99999999155000000000,2703000,2703000,2703000,2703000,2702639,2703000,2703000,2703000,2703000,2702639
2026-02-13,23.6800,23.6800000000,,,2702639.0202702703,63998492.00000000070400000000,2703000,2703000,2703000,2703000,2702639,2703000,2703000,2703000,2703000,2702639
2026-02-17,23.2100,23.2100000000,,,2702638.9918138734,62728251.00000000161400000000,2703000,2703000,2703000,2703000,2702639,2703000,2703000,2703000,2703000,2702639
2026-02-18,23.2000,23.2000000000,,,2702639.0086206896,62701224.99999999872000000000,2703000,2703000,2703000,2703000,2702639,2703000,2703000,2703000,2703000,2702639
2026-02-19,24.0250,24.0250000000,,,2702639.0010405830,64930902.00000000657500000000,2703000,2703000,2703000,2703000,2702639,2703000,2703000,2703000,2703000,2702639
2026-02-20,23.0600,23.0600000000,,,2702638.9852558547,62322855.00000000938200000000,2703000,2703000,2703000,2703000,2702639,2703000,2703000,2703000,2703000,2702639
2026-02-23,22.6000,22.6000000000,,,2702638.9823008846,61079640.99999999196000000000,2703000,2703000,2703000,2703000,2702639,2703000,2703000,2703000,2703000,2702639
2026-02-24,22.6000,22.6000000000,,,2702638.9823008846,61079640.99999999196000000000,2703000,2703000,2703000,2703000,2702639,2703000,2703000,2703000,2703000,2702639
2026-02-25,22.7500,22.7500000000,,,2702638.9890109890,61485036.99999999975000000000,2703000,2703000,2703000,2703000,2702639,2703000,2703000,2703000,2703000,2702639
2026-02-26,22.5600,22.5600000000,,,2702639.0070921990,60971536.00000000944000000000,2703000,2703000,2703000,2703000,2702639,2703000,2703000,2703000,2703000,2702639
2026-02-27,20.5000,20.5000000000,,,2702639.0243902440,55404100.00000000200000000000,2703000,2703000,2703000,2703000,2702639,2703000,2703000,2703000,2703000,2702639
2026-03-02,20.5200,20.5200000000,,,2702638.9863547757,55458151.99999999736400000000,2703000,2703000,2703000,2703000,2702639,2703000,2703000,2703000,2703000,2702639
2026-03-03,20.5100,20.5100000000,,,2702639.0053632370,55431125.99999999087000000000,2703000,2703000,2703000,2703000,2702639,2703000,2703000,2703000,2703000,2702639
2026-03-04,20.8700,20.8700000000,,,2702639.0033540970,56404076.00000000439000000000,2703000,2703000,2703000,2703000,2702639,2703000,2703000,2703000,2703000,2702639
2026-03-05,20.9000,20.9000000000,,,2702638.9952153110,56485154.99999999990000000000,2703000,2703000,2703000,2703000,2702639,2703000,2703000,2703000,2703000,2702639
2026-03-09,21.0000,21.0000000000,,,2702639.0000000000,56755419.00000000000000000000,2703000,2703000,2703000,2703000,2702639,2703000,2703000,2703000,2703000,2702639
2026-03-11,22.3801,22.3801000000,,,2702638.9962511337,60485330.99999999731937000000,2703000,2703000,2703000,2703000,2702639,2703000,2703000,2703000,2703000,2702639
2026-03-12,22.0250,22.0250000000,,,2702639.0011350740,59525624.00000000485000000000,2703000,2703000,2703000,2703000,2702639,2703000,2703000,2703000,2703000,2702639
2026-03-16,23.5000,23.5000000000,,,2702639.0212765955,63512016.99999999425000000000,2703000,2703000,2703000,2703000,2702639,2703000,2703000,2703000,2703000,2702639
2026-03-18,23.5000,23.5000000000,,,2702639.0212765955,63512016.99999999425000000000,2703000,2703000,2703000,2703000,2702639,2703000,2703000,2703000,2703000,2702639
2026-03-19,23.5000,23.5000000000,,,2702639.0212765955,63512016.99999999425000000000,2703000,2703000,2703000,2703000,2702639,2703000,2703000,2703000,2703000,2702639
2026-03-20,22.1400,22.1400000000,,,2702638.9792231256,59836427.00000000078400000000,2703000,2703000,2703000,2703000,2702639,2703000,2703000,2703000,2703000,2702639
2026-03-24,22.3700,22.3700000000,,,2702638.9807778276,60458034.00000000341200000000,2703000,2703000,2703000,2703000,2702639,2703000,2703000,2703000,2703000,2702639
2026-03-26,21.9700,21.9700000000,,,2702639.0077378240,59376978.99999999328000000000,2703000,2703000,2703000,2703000,2702639,2703000,2703000,2703000,2703000,2702639
2026-03-30,21.9700,21.9700000000,,,2702639.0077378240,59376978.99999999328000000000,2703000,2703000,2703000,2703000,2702639,2703000,2703000,2703000,2703000,2702639
2026-03-31,21.8000,21.8000000000,,,2702638.9908256880,58917529.99999999840000000000,2703000,2703000,2703000,2703000,2702639,2703000,2703000,2703000,2703000,2702639
2026-04-02,21.7000,21.7000000000,,,2702638.9861751150,58647265.99999999550000000000,2703000,2703000,2703000,2703000,2702639,2703000,2703000,2703000,2703000,2702639
2026-04-06,22.9440,22.9440000000,,,2702638.9905857740,62009348.99999999865600000000,2703000,2703000,2703000,2703000,2702639,2703000,2703000,2703000,2703000,2702639
2026-04-07,22.1875,22.1875000000,,,2702639.0084507040,59964802.99999999500000000000,2703000,2703000,2703000,2703000,2702639,2703000,2703000,2703000,2703000,2702639
2026-04-08,21.6800,21.6800000000,,,2702639.0221402217,58593214.00000000645600000000,2703000,2703000,2703000,2703000,2702639,2703000,2703000,2703000,2703000,2702639
2026-04-13,22.5000,22.5000000000,,,2702639.0222222223,60809378.00000000175000000000,2703000,2703000,2703000,2703000,2702639,2703000,2703000,2703000,2703000,2702639
2026-04-14,22.4000,22.4000000000,,,2702639.0178571430,60539114.00000000320000000000,2703000,2703000,2703000,2703000,2702639,2703000,2703000,2703000,2703000,2702639
2026-04-15,23.0000,23.0000000000,,,2702639.0000000000,62160697.00000000000000000000,2703000,2703000,2703000,2703000,2702639,2703000,2703000,2703000,2703000,2702639
2026-04-16,22.2500,22.2500000000,,,2702639.0112359550,60133717.99999999875000000000,2703000,2703000,2703000,2703000,2702639,2703000,2703000,2703000,2703000,2702639
2026-04-20,21.9300,21.9300000000,,,2702638.9876880986,59268873.00000000229800000000,2703000,2703000,2703000,2703000,2702639,2703000,2703000,2703000,2703000,2702639
2026-04-21,21.7000,21.7000000000,,,2702638.9861751150,58647265.99999999550000000000,2703000,2703000,2703000,2703000,2702639,2703000,2703000,2703000,2703000,2702639
2026-04-22,22.1000,22.1000000000,,,2702639.0045248866,59728321.99999999386000000000,2703000,2703000,2703000,2703000,2702639,2703000,2703000,2703000,2703000,2702639
2026-04-27,20.9804,20.9804000000,,,2702638.9868639302,56702447.00000000116808000000,2703000,2703000,2703000,2703000,2702639,2703000,2703000,2703000,2703000,2702639
2026-04-28,21.0100,21.0100000000,,,2702638.9814374107,56782444.99999999880700000000,2703000,2703000,2703000,2703000,2702639,2703000,2703000,2703000,2703000,2702639
2026-05-04,21.4800,21.4800000000,,,2702639.0130353817,58052685.99999999891600000000,2703000,2703000,2703000,2703000,2702639,2703000,2703000,2703000,2703000,2702639
2026-05-05,21.4500,21.4500000000,,,2702639.0209790210,57971607.00000000045000000000,2703000,2703000,2703000,2703000,2702639,2703000,2703000,2703000,2703000,2702639
2026-05-06,21.1800,21.1800000000,,,2702638.9990557130,57241894.00000000134000000000,2703000,2703000,2703000,2703000,2702639,2703000,2703000,2703000,2703000,2702639
2026-05-11,21.2600,21.2600000000,,,2702638.9934148635,57458104.99999999801000000000,2703000,2703000,2703000,2703000,2702639,2703000,2703000,2703000,2703000,2702639
2026-05-22,22.3000,22.3000000000,,,2702639.0134529145,60268849.99999999335000000000,2703000,2703000,2703000,2703000,2702639,2703000,2703000,2703000,2703000,2702639
2026-05-26,20.7010,20.7010000000,,,2702639.0029467177,55947330.00000000310770000000,2703000,2703000,2703000,2703000,2702639,2703000,2703000,2703000,2703000,2702639
2026-05-29,22.4750,22.4750000000,,,2702639.0211345940,60741812.00000000015000000000,2703000,2703000,2703000,2703000,2702639,2703000,2703000,2703000,2703000,2702639
2026-06-01,22.5000,22.5000000000,,,2702639.0222222223,60809378.00000000175000000000,2703000,2703000,2703000,2703000,2702639,2703000,2703000,2703000,2703000,2702639
2026-06-03,21.5000,21.5000000000,,,2702639.0232558140,58106739.00000000100000000000,2703000,2703000,2703000,2703000,2702639,2703000,2703000,2703000,2703000,2702639
2026-06-04,22.5001,22.5001000000,,,2702639.0104932870,60809648.00000000682870000000,2703000,2703000,2703000,2703000,2702639,2703000,2703000,2703000,2703000,2702639
2026-06-05,21.4820,21.4820000000,,,2702639.0000931010,58058090.99999999568200000000,2703000,2703000,2703000,2703000,2702639,2703000,2703000,2703000,2703000,2702639
2026-06-08,22.5100,22.5100000000,,,2702639.0048867166,60836403.99999999066600000000,2703000,2703000,2703000,2703000,2702639,2703000,2703000,2703000,2703000,2702639
2026-06-09,22.2700,22.2700000000,,,2702639.0211046250,60187770.99999999875000000000,2703000,2703000,2703000,2703000,2702639,2703000,2703000,2703000,2703000,2702639
2026-06-11,22.0000,22.0000000000,,,2702639.0000000000,59458058.00000000000000000000,2703000,2703000,2703000,2703000,2702639,2703000,2703000,2703000,2703000,2702639
2026-06-12,21.5500,21.5500000000,,,2702638.9791183295,58241870.00000000072500000000,2703000,2703000,2703000,2703000,2702639,2703000,2703000,2703000,2703000,2702639
2026-06-15,21.8001,21.8001000000,,,2702638.9787202813,58917800.00000000436813000000,2703000,2703000,2703000,2703000,2702639,2703000,2703000,2703000,2703000,2702639
2026-06-16,21.3000,21.3000000000,,,2702639.0140845070,57566210.99999999910000000000,2703000,2703000,2703000,2703000,2702639,2703000,2703000,2703000,2703000,2702639
2026-06-17,22.3300,22.3300000000,,,2702639.0058217645,60349929.00000000128500000000,2703000,2703000,2703000,2703000,2702639,2703000,2703000,2703000,2703000,2702639
2026-06-18,23.1300,23.1300000000,,,2702638.9969736272,62512039.99999999713600000000,2703000,2703000,2703000,2703000,2702639,2703000,2703000,2703000,2703000,2702639
2026-06-22,22.9950,22.9950000000,,,2702639.0084801040,62147183.99999999148000000000,2703000,2703000,2703000,2703000,2702639,2703000,2703000,2703000,2703000,2702639
2026-06-23,23.0000,23.0000000000,,,2702639.0000000000,62160697.00000000000000000000,2703000,2703000,2703000,2703000,2702639,2703000,2703000,2703000,2703000,2702639
2026-06-24,23.5000,23.5000000000,,,2702639.0212765955,63512016.99999999425000000000,2703000,2703000,2703000,2703000,2702639,2703000,2703000,2703000,2703000,2702639
2026-06-25,22.1101,22.1101000000,,,2702639.0201763000,59755619.00000001063000000000,2703000,2703000,2703000,2703000,2702639,2703000,2703000,2703000,2703000,2702639
2026-06-26,24.0800,24.0800000000,,,2702638.9950166116,65079547.00000000732800000000,2703000,2703000,2703000,2703000,2702639,2703000,2703000,2703000,2703000,2702639
2026-06-29,23.6100,23.6100000000,,,2696508.9792460823,63664577.00000000310300000000,2703000,2703000,2703000,2703000,2702639,2703000,2703000,2703000,2703000,2702639
2026-06-30,26.5000,26.5000000000,,,2696509.0188679243,71457488.99999999395000000000,2703000,2703000,2703000,2703000,2702639,2703000,2703000,2703000,2703000,2702639
2026-07-01,25.3500,25.3500000000,,,2696508.9940828400,68356502.99999999400000000000,2703000,2703000,2703000,2703000,2702639,2703000,2703000,2703000,2703000,2702639
2026-07-02,28.8700,28.8700000000,,,2696509.0058884653,77848214.99999999321100000000,2703000,2703000,2703000,2703000,2702639,2703000,2703000,2703000,2703000,2702639
2026-07-06,31.9900,31.9900000000,,,2696509.0028133793,86261323.00000000380700000000,2703000,2703000,2703000,2703000,2702639,2703000,2703000,2703000,2703000,2702639
2026-07-07,28.0000,28.0000000000,,,2696509.0000000000,75502252.00000000000000000000,2703000,2703000,2703000,2703000,2702639,2703000,2703000,2703000,2703000,2702639
2026-07-08,27.4800,27.4800000000,,,2696508.9883551670,74100066.99999998916000000000,2703000,2703000,2703000,2703000,2702639,2703000,2703000,2703000,2703000,2702639
2026-07-09,26.9900,26.9900000000,,,2696509.0033345683,72778777.99999999841700000000,2703000,2703000,2703000,2703000,2702639,2703000,2703000,2703000,2703000,2702639
2026-07-10,27.0800,27.0800000000,,,2696509.0103397340,73021463.99999999672000000000,2703000,2703000,2703000,2703000,2702639,2703000,2703000,2703000,2703000,2702639
2026-07-13,28.4000,28.4000000000,,,2696509.0140845072,76580856.00000000448000000000,2703000,2703000,2703000,2703000,2702639,2703000,2703000,2703000,2703000,2702639
2026-07-14,27.1300,27.1300000000,,,2696508.9937338740,73156289.00000000162000000000,2703000,2703000,2703000,2703000,2702639,2703000,2703000,2703000,2703000,2702639
2026-07-15,27.5000,27.5000000000,,,2696509.0181818180,74153997.99999999500000000000,2703000,2703000,2703000,2703000,2702639,2703000,2703000,2703000,2703000,2702639
2026-07-16,27.0225,27.0225000000,,,2696508.9832546950,72866413.99999999563750000000,2703000,2703000,2703000,2703000,2702639,2703000,2703000,2703000,2703000,2702639
2026-07-20,26.6000,26.6000000000,,,2696508.9849624060,71727138.99999999960000000000,2703000,2703000,2703000,2703000,2702639,2703000,2703000,2703000,2703000,2702639
2026-07-21,26.7200,26.7200000000,,,2696508.9820359284,72050720.00000000684800000000,2703000,2703000,2703000,2703000,2702639,2703000,2703000,2703000,2703000,2702639
2026-07-22,27.1000,27.1000000000,,,2696509.0036900370,73075394.00000000270000000000,2703000,2703000,2703000,2703000,2702639,2703000,2703000,2703000,2703000,2702639
2026-07-23,27.5250,27.5250000000,,,2696508.9918256130,74221409.99999999782500000000,2703000,2703000,2703000,2703000,2702639,2703000,2703000,2703000,2703000,2702639
2026-07-24,27.1000,27.1000000000,,,2696509.0036900370,73075394.00000000270000000000,2703000,2703000,2703000,2703000,2702639,2703000,2703000,2703000,2703000,2702639
