"m_date","m_close","m_close_split_adjusted","s_split_date_numerator","s_split_date_denominator","m_shares_outstanding","c_market_cap","fis_weighted_average_basic_shares_outstanding","fis_weighted_average_diluted_shares_outstanding","fis_adjusted_weighted_average_basic_shares_outstanding","fis_adjusted_weighted_average_diluted_shares_outstanding","fis_adjusted_weighted_average_basic_and_diluted_shares_outstanding","c_normalized_weighted_average_basic_shares_outstanding","c_normalized_weighted_average_diluted_shares_outstanding","c_normalized_adjusted_weighted_average_basic_shares_outstanding","c_normalized_adjusted_weighted_average_diluted_shares_outstanding","c_normalized_adjusted_weighted_average_basic_and_diluted_shares_outstanding"
1990-01-02,35.2500,17.6250,,,,,,,,,,,,,,
1990-01-03,35.2500,17.6250,,,,,,,,,,,,,,
1990-01-04,34.8800,17.4400,,,,,,,,,,,,,,
1990-01-05,34.3800,17.1900,,,,,,,,,,,,,,
1990-01-08,34.6200,17.3100,,,,,,,,,,,,,,
1990-01-09,34.5000,17.2500,,,,,,,,,,,,,,
1990-01-10,34.6200,17.3100,,,,,,,,,,,,,,
1990-01-11,34.7500,17.3750,,,,,,,,,,,,,,
1990-01-12,34.3800,17.1900,,,,,,,,,,,,,,
1990-01-15,34.6200,17.3100,,,,,,,,,,,,,,
1990-01-16,34.7500,17.3750,,,,,,,,,,,,,,
1990-01-17,34.5000,17.2500,,,,,,,,,,,,,,
1990-01-18,34.5000,17.2500,,,,,,,,,,,,,,
1990-01-19,34.3800,17.1900,,,,,,,,,,,,,,
1990-01-22,33.7500,16.8750,,,,,,,,,,,,,,
1990-01-23,33.7500,16.8750,,,,,,,,,,,,,,
1990-01-24,33.7500,16.8750,,,,,,,,,,,,,,
1990-01-25,33.1200,16.5600,,,,,,,,,,,,,,
1990-01-26,33.1200,16.5600,,,,,,,,,,,,,,
1990-01-29,33.5000,16.7500,,,,,,,,,,,,,,
1990-01-30,33.5000,16.7500,,,,,,,,,,,,,,
1990-01-31,33.8800,16.9400,,,,,,,,,,,,,,
1990-02-01,33.8800,16.9400,,,,,,,,,,,,,,
1990-02-02,33.8800,16.9400,,,,,,,,,,,,,,
1990-02-05,34.0000,17.0000,,,,,,,,,,,,,,
1990-02-06,34.0000,17.0000,,,,,,,,,,,,,,
1990-02-07,34.1200,17.0600,,,,,,,,,,,,,,
1990-02-08,34.0000,17.0000,,,,,,,,,,,,,,
1990-02-09,34.3800,17.1900,,,,,,,,,,,,,,
1990-02-12,33.1200,16.5600,,,,,,,,,,,,,,
1990-02-13,33.3800,16.6900,,,,,,,,,,,,,,
1990-02-14,33.6200,16.8100,,,,,,,,,,,,,,
1990-02-15,34.2500,17.1250,,,,,,,,,,,,,,
1990-02-16,34.0000,17.0000,,,,,,,,,,,,,,
1990-02-20,33.6200,16.8100,,,,,,,,,,,,,,
1990-02-21,33.2500,16.6250,,,,,,,,,,,,,,
1990-02-22,33.0000,16.5000,,,,,,,,,,,,,,
1990-02-23,32.6200,16.3100,,,,,,,,,,,,,,
1990-02-26,33.0000,16.5000,,,,,,,,,,,,,,
1990-02-27,33.1200,16.5600,,,,,,,,,,,,,,
1990-02-28,33.1200,16.5600,,,,,,,,,,,,,,
1990-03-01,33.2500,16.6250,,,,,,,,,,,,,,
1990-03-02,33.6200,16.8100,,,,,,,,,,,,,,
1990-03-05,33.3800,16.6900,,,,,,,,,,,,,,
1990-03-06,34.1200,17.0600,,,,,,,,,,,,,,
1990-03-07,33.7500,16.8750,,,,,,,,,,,,,,
1990-03-08,33.8800,16.9400,,,,,,,,,,,,,,
1990-03-09,33.8800,16.9400,,,,,,,,,,,,,,
1990-03-12,33.7500,16.8750,,,,,,,,,,,,,,
1990-03-13,33.5000,16.7500,,,,,,,,,,,,,,
1990-03-14,33.6200,16.8100,,,,,,,,,,,,,,
1990-03-15,33.6200,16.8100,,,,,,,,,,,,,,
1990-03-16,33.7500,16.8750,,,,,,,,,,,,,,
1990-03-19,33.3800,16.6900,,,,,,,,,,,,,,
1990-03-20,33.2500,16.6250,,,,,,,,,,,,,,
1990-03-21,33.2500,16.6250,,,,,,,,,,,,,,
1990-03-22,32.7500,16.3750,,,,,,,,,,,,,,
1990-03-23,32.7500,16.3750,,,,,,,,,,,,,,
1990-03-26,33.0000,16.5000,,,,,,,,,,,,,,
1990-03-27,33.2500,16.6250,,,,,,,,,,,,,,
1990-03-28,33.2500,16.6250,,,,,,,,,,,,,,
1990-03-29,33.0000,16.5000,,,,,,,,,,,,,,
1990-03-30,33.3800,16.6900,,,,,,,,,,,,,,
1990-04-02,33.0000,16.5000,,,,,,,,,,,,,,
1990-04-03,33.2500,16.6250,,,,,,,,,,,,,,
1990-04-04,33.3800,16.6900,,,,,,,,,,,,,,
1990-04-05,32.2500,16.1250,,,,,,,,,,,,,,
1990-04-06,32.1200,16.0600,,,,,,,,,,,,,,
1990-04-09,32.1200,16.0600,,,,,,,,,,,,,,
1990-04-10,32.3800,16.1900,,,,,,,,,,,,,,
1990-04-11,32.6200,16.3100,,,,,,,,,,,,,,
1990-04-12,32.5000,16.2500,,,,,,,,,,,,,,
1990-04-16,32.6200,16.3100,,,,,,,,,,,,,,
1990-04-17,32.1200,16.0600,,,,,,,,,,,,,,
1990-04-18,31.5000,15.7500,,,,,,,,,,,,,,
1990-04-19,31.8800,15.9400,,,,,,,,,,,,,,
1990-04-20,31.6200,15.8100,,,,,,,,,,,,,,
1990-04-23,32.2500,16.1250,,,,,,,,,,,,,,
1990-04-24,32.3800,16.1900,,,,,,,,,,,,,,
1990-04-25,32.2500,16.1250,,,,,,,,,,,,,,
1990-04-26,32.3800,16.1900,,,,,,,,,,,,,,
1990-04-27,32.2500,16.1250,,,,,,,,,,,,,,
1990-04-30,32.2500,16.1250,,,,,,,,,,,,,,
1990-05-01,32.5000,16.2500,,,,,,,,,,,,,,
1990-05-02,32.5000,16.2500,,,,,,,,,,,,,,
1990-05-03,32.6200,16.3100,,,,,,,,,,,,,,
1990-05-04,33.5000,16.7500,,,,,,,,,,,,,,
1990-05-07,33.8800,16.9400,,,,,,,,,,,,,,
1990-05-08,32.8800,16.4400,,,,,,,,,,,,,,
1990-05-09,33.3800,16.6900,,,,,,,,,,,,,,
1990-05-10,32.6200,16.3100,,,,,,,,,,,,,,
1990-05-11,33.3800,16.6900,,,,,,,,,,,,,,
1990-05-14,33.5000,16.7500,,,,,,,,,,,,,,
1990-05-15,33.7500,16.8750,,,,,,,,,,,,,,
1990-05-16,33.7500,16.8750,,,,,,,,,,,,,,
1990-05-17,33.6200,16.8100,,,,,,,,,,,,,,
1990-05-18,32.8800,16.4400,,,,,,,,,,,,,,
1990-05-21,32.0000,16.0000,,,,,,,,,,,,,,
1990-05-22,32.0000,16.0000,,,,,,,,,,,,,,
1990-05-23,32.3800,16.1900,,,,,,,,,,,,,,
1990-05-24,32.3800,16.1900,,,,,,,,,,,,,,
1990-05-25,32.1200,16.0600,,,,,,,,,,,,,,
1990-05-29,32.1200,16.0600,,,,,,,,,,,,,,
1990-05-30,32.0000,16.0000,,,,,,,,,,,,,,
1990-05-31,31.8800,15.9400,,,,,,,,,,,,,,
1990-06-01,32.2500,16.1250,,,,,,,,,,,,,,
1990-06-04,33.2500,16.6250,,,,,,,,,,,,,,
1990-06-05,33.1200,16.5600,,,,,,,,,,,,,,
1990-06-06,33.6200,16.8100,,,,,,,,,,,,,,
1990-06-07,33.5000,16.7500,,,,,,,,,,,,,,
1990-06-08,33.1200,16.5600,,,,,,,,,,,,,,
1990-06-11,33.1200,16.5600,,,,,,,,,,,,,,
1990-06-12,33.2500,16.6250,,,,,,,,,,,,,,
1990-06-13,33.3800,16.6900,,,,,,,,,,,,,,
1990-06-14,33.2500,16.6250,,,,,,,,,,,,,,
1990-06-15,33.2500,16.6250,,,,,,,,,,,,,,
1990-06-18,32.5000,16.2500,,,,,,,,,,,,,,
1990-06-19,33.0000,16.5000,,,,,,,,,,,,,,
1990-06-20,32.8800,16.4400,,,,,,,,,,,,,,
1990-06-21,32.5000,16.2500,,,,,,,,,,,,,,
1990-06-22,32.3800,16.1900,,,,,,,,,,,,,,
1990-06-25,32.1200,16.0600,,,,,,,,,,,,,,
1990-06-26,32.2500,16.1250,,,,,,,,,,,,,,
1990-06-27,32.8800,16.4400,,,,,,,,,,,,,,
1990-06-28,33.1200,16.5600,,,,,,,,,,,,,,
1990-06-29,33.6200,16.8100,,,,,,,,,,,,,,
1990-07-02,33.3800,16.6900,,,,,,,,,,,,,,
1990-07-03,33.5000,16.7500,,,,,,,,,,,,,,
1990-07-05,33.2500,16.6250,,,,,,,,,,,,,,
1990-07-06,33.5000,16.7500,,,,,,,,,,,,,,
1990-07-09,33.2500,16.6250,,,,,,,,,,,,,,
1990-07-10,33.0000,16.5000,,,,,,,,,,,,,,
1990-07-11,33.0000,16.5000,,,,,,,,,,,,,,
1990-07-12,33.0000,16.5000,,,,,,,,,,,,,,
1990-07-13,33.1200,16.5600,,,,,,,,,,,,,,
1990-07-16,33.2500,16.6250,,,,,,,,,,,,,,
1990-07-17,33.2500,16.6250,,,,,,,,,,,,,,
1990-07-18,32.7500,16.3750,,,,,,,,,,,,,,
1990-07-19,32.5000,16.2500,,,,,,,,,,,,,,
1990-07-20,32.6200,16.3100,,,,,,,,,,,,,,
1990-07-23,32.3800,16.1900,,,,,,,,,,,,,,
1990-07-24,32.5000,16.2500,,,,,,,,,,,,,,
1990-07-25,32.8800,16.4400,,,,,,,,,,,,,,
1990-07-26,33.1200,16.5600,,,,,,,,,,,,,,
1990-07-27,32.6200,16.3100,,,,,,,,,,,,,,
1990-07-30,33.2500,16.6250,,,,,,,,,,,,,,
1990-07-31,33.7500,16.8750,,,,,,,,,,,,,,
1990-08-01,34.5000,17.2500,,,,,,,,,,,,,,
1990-08-02,33.8800,16.9400,,,,,,,,,,,,,,
1990-08-03,33.1200,16.5600,,,,,,,,,,,,,,
1990-08-06,32.2500,16.1250,,,,,,,,,,,,,,
1990-08-07,33.2500,16.6250,,,,,,,,,,,,,,
1990-08-08,33.8800,16.9400,,,,,,,,,,,,,,
1990-08-09,33.8800,16.9400,,,,,,,,,,,,,,
1990-08-10,32.8800,16.4400,,,,,,,,,,,,,,
1990-08-13,33.0000,16.5000,,,,,,,,,,,,,,
1990-08-14,33.1200,16.5600,,,,,,,,,,,,,,
1990-08-15,33.3800,16.6900,,,,,,,,,,,,,,
1990-08-16,33.0000,16.5000,,,,,,,,,,,,,,
1990-08-17,32.7500,16.3750,,,,,,,,,,,,,,
1990-08-20,33.0000,16.5000,,,,,,,,,,,,,,
1990-08-21,32.5000,16.2500,,,,,,,,,,,,,,
1990-08-22,32.5000,16.2500,,,,,,,,,,,,,,
1990-08-23,31.8800,15.9400,,,,,,,,,,,,,,
1990-08-24,31.5000,15.7500,,,,,,,,,,,,,,
1990-08-27,31.3800,15.6900,,,,,,,,,,,,,,
1990-08-28,31.2500,15.6250,,,,,,,,,,,,,,
1990-08-29,31.3800,15.6900,,,,,,,,,,,,,,
1990-08-30,31.1200,15.5600,,,,,,,,,,,,,,
1990-08-31,31.7500,15.8750,,,,,,,,,,,,,,
1990-09-04,31.7500,15.8750,,,,,,,,,,,,,,
1990-09-05,31.7500,15.8750,,,,,,,,,,,,,,
1990-09-06,31.5000,15.7500,,,,,,,,,,,,,,
1990-09-07,31.7500,15.8750,,,,,,,,,,,,,,
1990-09-10,31.8800,15.9400,,,,,,,,,,,,,,
1990-09-11,31.7500,15.8750,,,,,,,,,,,,,,
1990-09-12,32.1200,16.0600,,,,,,,,,,,,,,
1990-09-13,31.7500,15.8750,,,,,,,,,,,,,,
1990-09-14,31.6200,15.8100,,,,,,,,,,,,,,
1990-09-17,32.0000,16.0000,,,,,,,,,,,,,,
1990-09-18,31.8800,15.9400,,,,,,,,,,,,,,
1990-09-19,32.0000,16.0000,,,,,,,,,,,,,,
1990-09-20,31.7500,15.8750,,,,,,,,,,,,,,
1990-09-21,31.7500,15.8750,,,,,,,,,,,,,,
1990-09-24,31.3800,15.6900,,,,,,,,,,,,,,
1990-09-25,31.3800,15.6900,,,,,,,,,,,,,,
1990-09-26,30.8800,15.4400,,,,,,,,,,,,,,
1990-09-27,31.3800,15.6900,,,,,,,,,,,,,,
1990-09-28,30.6200,15.3100,,,,,,,,,,,,,,
1990-10-01,32.3800,16.1900,,,,,,,,,,,,,,
1990-10-02,32.3800,16.1900,,,,,,,,,,,,,,
1990-10-03,32.3800,16.1900,,,,,,,,,,,,,,
1990-10-04,32.8800,16.4400,,,,,,,,,,,,,,
1990-10-05,33.2500,16.6250,,,,,,,,,,,,,,
1990-10-08,33.3800,16.6900,,,,,,,,,,,,,,
1990-10-09,33.1200,16.5600,,,,,,,,,,,,,,
1990-10-10,33.2500,16.6250,,,,,,,,,,,,,,
1990-10-11,33.3800,16.6900,,,,,,,,,,,,,,
1990-10-12,34.1200,17.0600,,,,,,,,,,,,,,
1990-10-15,34.2500,17.1250,,,,,,,,,,,,,,
1990-10-16,34.5000,17.2500,,,,,,,,,,,,,,
1990-10-17,34.7500,17.3750,,,,,,,,,,,,,,
1990-10-18,34.7500,17.3750,,,,,,,,,,,,,,
1990-10-19,35.3800,17.6900,,,,,,,,,,,,,,
1990-10-22,35.5000,17.7500,,,,,,,,,,,,,,
1990-10-23,35.5000,17.7500,,,,,,,,,,,,,,
1990-10-24,35.7500,17.8750,,,,,,,,,,,,,,
1990-10-25,35.6200,17.8100,,,,,,,,,,,,,,
1990-10-26,35.6200,17.8100,,,,,,,,,,,,,,
1990-10-29,35.3800,17.6900,,,,,,,,,,,,,,
1990-10-30,35.6200,17.8100,,,,,,,,,,,,,,
1990-10-31,35.7500,17.8750,,,,,,,,,,,,,,
1990-11-01,36.1200,18.0600,,,,,,,,,,,,,,
1990-11-02,36.2500,18.1250,,,,,,,,,,,,,,
1990-11-05,36.1200,18.0600,,,,,,,,,,,,,,
1990-11-06,36.0000,18.0000,,,,,,,,,,,,,,
1990-11-07,35.7500,17.8750,,,,,,,,,,,,,,
1990-11-08,36.1200,18.0600,,,,,,,,,,,,,,
1990-11-09,35.6200,17.8100,,,,,,,,,,,,,,
1990-11-12,35.6200,17.8100,,,,,,,,,,,,,,
1990-11-13,35.2500,17.6250,,,,,,,,,,,,,,
1990-11-14,35.0000,17.5000,,,,,,,,,,,,,,
1990-11-15,34.6200,17.3100,,,,,,,,,,,,,,
1990-11-16,35.0000,17.5000,,,,,,,,,,,,,,
1990-11-19,35.2500,17.6250,,,,,,,,,,,,,,
1990-11-20,35.3800,17.6900,,,,,,,,,,,,,,
1990-11-21,35.5000,17.7500,,,,,,,,,,,,,,
1990-11-23,35.3800,17.6900,,,,,,,,,,,,,,
1990-11-26,35.3800,17.6900,,,,,,,,,,,,,,
1990-11-27,35.8800,17.9400,,,,,,,,,,,,,,
1990-11-28,36.0000,18.0000,,,,,,,,,,,,,,
1990-11-29,35.7500,17.8750,,,,,,,,,,,,,,
1990-11-30,36.0000,18.0000,,,,,,,,,,,,,,
1990-12-03,36.0000,18.0000,,,,,,,,,,,,,,
1990-12-04,36.3800,18.1900,,,,,,,,,,,,,,
1990-12-05,36.2500,18.1250,,,,,,,,,,,,,,
1990-12-06,36.2500,18.1250,,,,,,,,,,,,,,
1990-12-07,36.1200,18.0600,,,,,,,,,,,,,,
1990-12-10,36.1200,18.0600,,,,,,,,,,,,,,
1990-12-11,36.6200,18.3100,,,,,,,,,,,,,,
1990-12-12,37.0000,18.5000,,,,,,,,,,,,,,
1990-12-13,36.7500,18.3750,,,,,,,,,,,,,,
1990-12-14,36.5000,18.2500,,,,,,,,,,,,,,
1990-12-17,36.3800,18.1900,,,,,,,,,,,,,,
1990-12-18,36.8800,18.4400,,,,,,,,,,,,,,
1990-12-19,36.8800,18.4400,,,,,,,,,,,,,,
1990-12-20,36.3800,18.1900,,,,,,,,,,,,,,
1990-12-21,36.3800,18.1900,,,,,,,,,,,,,,
1990-12-24,36.3800,18.1900,,,,,,,,,,,,,,
1990-12-26,36.6200,18.3100,,,,,,,,,,,,,,
1990-12-27,37.0000,18.5000,,,,,,,,,,,,,,
1990-12-28,36.6200,18.3100,,,,,,,,,,,,,,
1990-12-31,36.7500,18.3750,,,,,,,,,,,,,,
1991-01-02,36.7500,18.3750,,,,,,,,,,,,,,
1991-01-03,36.6200,18.3100,,,,,,,,,,,,,,
1991-01-04,36.5000,18.2500,,,,,,,,,,,,,,
1991-01-07,36.0000,18.0000,,,,,,,,,,,,,,
1991-01-08,35.8800,17.9400,,,,,,,,,,,,,,
1991-01-09,35.5000,17.7500,,,,,,,,,,,,,,
1991-01-10,35.5000,17.7500,,,,,,,,,,,,,,
1991-01-11,35.3800,17.6900,,,,,,,,,,,,,,
1991-01-14,34.7500,17.3750,,,,,,,,,,,,,,
1991-01-15,34.8800,17.4400,,,,,,,,,,,,,,
1991-01-16,35.0000,17.5000,,,,,,,,,,,,,,
1991-01-17,36.0000,18.0000,,,,,,,,,,,,,,
1991-01-18,36.0000,18.0000,,,,,,,,,,,,,,
1991-01-21,35.8800,17.9400,,,,,,,,,,,,,,
1991-01-22,36.0000,18.0000,,,,,,,,,,,,,,
1991-01-23,35.8800,17.9400,,,,,,,,,,,,,,
1991-01-24,36.2500,18.1250,,,,,,,,,,,,,,
1991-01-25,36.3800,18.1900,,,,,,,,,,,,,,
1991-01-28,36.5000,18.2500,,,,,,,,,,,,,,
1991-01-29,36.6200,18.3100,,,,,,,,,,,,,,
1991-01-30,36.1200,18.0600,,,,,,,,,,,,,,
1991-01-31,36.3800,18.1900,,,,,,,,,,,,,,
1991-02-01,36.3800,18.1900,,,,,,,,,,,,,,
1991-02-04,36.6200,18.3100,,,,,,,,,,,,,,
1991-02-05,36.7500,18.3750,,,,,,,,,,,,,,
1991-02-06,37.1200,18.5600,,,,,,,,,,,,,,
1991-02-07,37.6200,18.8100,,,,,,,,,,,,,,
1991-02-08,37.8800,18.9400,,,,,,,,,,,,,,
1991-02-11,37.3800,18.6900,,,,,,,,,,,,,,
1991-02-12,37.3800,18.6900,,,,,,,,,,,,,,
1991-02-13,37.3800,18.6900,,,,,,,,,,,,,,
1991-02-14,37.3800,18.6900,,,,,,,,,,,,,,
1991-02-15,37.5000,18.7500,,,,,,,,,,,,,,
1991-02-19,37.6200,18.8100,,,,,,,,,,,,,,
1991-02-20,37.2500,18.6250,,,,,,,,,,,,,,
1991-02-21,37.0000,18.5000,,,,,,,,,,,,,,
1991-02-22,37.0000,18.5000,,,,,,,,,,,,,,
1991-02-25,36.8800,18.4400,,,,,,,,,,,,,,
1991-02-26,36.2500,18.1250,,,,,,,,,,,,,,
1991-02-27,37.0000,18.5000,,,,,,,,,,,,,,
1991-02-28,36.7500,18.3750,,,,,,,,,,,,,,
1991-03-01,36.0000,18.0000,,,,,,,,,,,,,,
1991-03-04,35.7500,17.8750,,,,,,,,,,,,,,
1991-03-05,35.5000,17.7500,,,,,,,,,,,,,,
1991-03-06,35.2500,17.6250,,,,,,,,,,,,,,
1991-03-07,35.0000,17.5000,,,,,,,,,,,,,,
1991-03-08,35.1200,17.5600,,,,,,,,,,,,,,
1991-03-11,35.7500,17.8750,,,,,,,,,,,,,,
1991-03-12,35.8800,17.9400,,,,,,,,,,,,,,
1991-03-13,35.6200,17.8100,,,,,,,,,,,,,,
1991-03-14,35.6200,17.8100,,,,,,,,,,,,,,
1991-03-15,35.6200,17.8100,,,,,,,,,,,,,,
1991-03-18,35.7500,17.8750,,,,,,,,,,,,,,
1991-03-19,35.6200,17.8100,,,,,,,,,,,,,,
1991-03-20,35.6200,17.8100,,,,,,,,,,,,,,
1991-03-21,35.5000,17.7500,,,,,,,,,,,,,,
1991-03-22,35.7500,17.8750,,,,,,,,,,,,,,
1991-03-25,36.2500,18.1250,,,,,,,,,,,,,,
1991-03-26,36.1200,18.0600,,,,,,,,,,,,,,
1991-03-27,36.2500,18.1250,,,,,,,,,,,,,,
1991-03-28,36.1200,18.0600,,,,,,,,,,,,,,
1991-04-01,35.8800,17.9400,,,,,,,,,,,,,,
1991-04-02,36.3800,18.1900,,,,,,,,,,,,,,
1991-04-03,36.5000,18.2500,,,,,,,,,,,,,,
1991-04-04,36.3800,18.1900,,,,,,,,,,,,,,
1991-04-05,36.6200,18.3100,,,,,,,,,,,,,,
1991-04-08,36.5000,18.2500,,,,,,,,,,,,,,
1991-04-09,36.3800,18.1900,,,,,,,,,,,,,,
1991-04-10,36.7500,18.3750,,,,,,,,,,,,,,
1991-04-11,37.0000,18.5000,,,,,,,,,,,,,,
1991-04-12,36.8800,18.4400,,,,,,,,,,,,,,
1991-04-15,37.2500,18.6250,,,,,,,,,,,,,,
1991-04-16,37.6200,18.8100,,,,,,,,,,,,,,
1991-04-17,37.7500,18.8750,,,,,,,,,,,,,,
1991-04-18,37.3800,18.6900,,,,,,,,,,,,,,
1991-04-19,37.0000,18.5000,,,,,,,,,,,,,,
1991-04-22,36.8800,18.4400,,,,,,,,,,,,,,
1991-04-23,36.6200,18.3100,,,,,,,,,,,,,,
1991-04-24,36.8800,18.4400,,,,,,,,,,,,,,
1991-04-25,36.5000,18.2500,,,,,,,,,,,,,,
1991-04-26,37.0000,18.5000,,,,,,,,,,,,,,
1991-04-29,37.0000,18.5000,,,,,,,,,,,,,,
1991-04-30,37.0000,18.5000,,,,,,,,,,,,,,
1991-05-01,37.2500,18.6250,,,,,,,,,,,,,,
1991-05-02,37.3800,18.6900,,,,,,,,,,,,,,
1991-05-03,37.3800,18.6900,,,,,,,,,,,,,,
1991-05-06,37.2500,18.6250,,,,,,,,,,,,,,
1991-05-07,37.8800,18.9400,,,,,,,,,,,,,,
1991-05-08,37.8800,18.9400,,,,,,,,,,,,,,
1991-05-09,38.2500,19.1250,,,,,,,,,,,,,,
1991-05-10,36.8800,18.4400,,,,,,,,,,,,,,
1991-05-13,37.1200,18.5600,,,,,,,,,,,,,,
1991-05-14,37.0000,18.5000,,,,,,,,,,,,,,
1991-05-15,37.0000,18.5000,,,,,,,,,,,,,,
1991-05-16,37.1200,18.5600,,,,,,,,,,,,,,
1991-05-17,37.0000,18.5000,,,,,,,,,,,,,,
1991-05-20,37.0000,18.5000,,,,,,,,,,,,,,
1991-05-21,37.1200,18.5600,,,,,,,,,,,,,,
1991-05-22,36.8800,18.4400,,,,,,,,,,,,,,
1991-05-23,37.0000,18.5000,,,,,,,,,,,,,,
1991-05-24,37.0000,18.5000,,,,,,,,,,,,,,
1991-05-28,36.8800,18.4400,,,,,,,,,,,,,,
1991-05-29,36.5000,18.2500,,,,,,,,,,,,,,
1991-05-30,36.8800,18.4400,,,,,,,,,,,,,,
1991-05-31,36.7500,18.3750,,,,,,,,,,,,,,
1991-06-03,36.7500,18.3750,,,,,,,,,,,,,,
1991-06-04,36.7500,18.3750,,,,,,,,,,,,,,
1991-06-05,36.3800,18.1900,,,,,,,,,,,,,,
1991-06-06,35.8800,17.9400,,,,,,,,,,,,,,
1991-06-07,35.8800,17.9400,,,,,,,,,,,,,,
1991-06-10,36.0000,18.0000,,,,,,,,,,,,,,
1991-06-11,36.1200,18.0600,,,,,,,,,,,,,,
1991-06-12,35.6200,17.8100,,,,,,,,,,,,,,
1991-06-13,35.8800,17.9400,,,,,,,,,,,,,,
1991-06-14,36.1200,18.0600,,,,,,,,,,,,,,
1991-06-17,35.7500,17.8750,,,,,,,,,,,,,,
1991-06-18,35.8800,17.9400,,,,,,,,,,,,,,
1991-06-19,35.5000,17.7500,,,,,,,,,,,,,,
1991-06-20,35.1200,17.5600,,,,,,,,,,,,,,
1991-06-21,35.3800,17.6900,,,,,,,,,,,,,,
1991-06-24,35.7500,17.8750,,,,,,,,,,,,,,
1991-06-25,35.8800,17.9400,,,,,,,,,,,,,,
1991-06-26,35.7500,17.8750,,,,,,,,,,,,,,
1991-06-27,35.8800,17.9400,,,,,,,,,,,,,,
1991-06-28,35.7500,17.8750,,,,,,,,,,,,,,
1991-07-01,36.0000,18.0000,,,,,,,,,,,,,,
1991-07-02,36.1200,18.0600,,,,,,,,,,,,,,
1991-07-03,35.8800,17.9400,,,,,,,,,,,,,,
1991-07-05,36.0000,18.0000,,,,,,,,,,,,,,
1991-07-08,36.2500,18.1250,,,,,,,,,,,,,,
1991-07-09,36.2500,18.1250,,,,,,,,,,,,,,
1991-07-10,36.3800,18.1900,,,,,,,,,,,,,,
1991-07-11,36.5000,18.2500,,,,,,,,,,,,,,
1991-07-12,36.6200,18.3100,,,,,,,,,,,,,,
1991-07-15,36.8800,18.4400,,,,,,,,,,,,,,
1991-07-16,36.8800,18.4400,,,,,,,,,,,,,,
1991-07-17,37.0000,18.5000,,,,,,,,,,,,,,
1991-07-18,37.3800,18.6900,,,,,,,,,,,,,,
1991-07-19,37.1200,18.5600,,,,,,,,,,,,,,
1991-07-22,37.2500,18.6250,,,,,,,,,,,,,,
1991-07-23,37.2500,18.6250,,,,,,,,,,,,,,
1991-07-24,37.7500,18.8750,,,,,,,,,,,,,,
1991-07-25,37.6200,18.8100,,,,,,,,,,,,,,
1991-07-26,37.8800,18.9400,,,,,,,,,,,,,,
1991-07-29,38.1200,19.0600,,,,,,,,,,,,,,
1991-07-30,38.3800,19.1900,,,,,,,,,,,,,,
1991-07-31,38.3800,19.1900,,,,,,,,,,,,,,
1991-08-01,38.1200,19.0600,,,,,,,,,,,,,,
1991-08-02,38.6200,19.3100,,,,,,,,,,,,,,
1991-08-05,38.7500,19.3750,,,,,,,,,,,,,,
1991-08-06,38.7500,19.3750,,,,,,,,,,,,,,
1991-08-07,39.2500,19.6250,,,,,,,,,,,,,,
1991-08-08,39.2500,19.6250,,,,,,,,,,,,,,
1991-08-09,39.1200,19.5600,,,,,,,,,,,,,,
1991-08-12,38.1200,19.0600,,,,,,,,,,,,,,
1991-08-13,38.2500,19.1250,,,,,,,,,,,,,,
1991-08-14,38.2500,19.1250,,,,,,,,,,,,,,
1991-08-15,38.2500,19.1250,,,,,,,,,,,,,,
1991-08-16,37.6200,18.8100,,,,,,,,,,,,,,
1991-08-19,37.1200,18.5600,,,,,,,,,,,,,,
1991-08-20,37.0000,18.5000,,,,,,,,,,,,,,
1991-08-21,37.7500,18.8750,,,,,,,,,,,,,,
1991-08-22,37.3800,18.6900,,,,,,,,,,,,,,
1991-08-23,37.5000,18.7500,,,,,,,,,,,,,,
1991-08-26,37.2500,18.6250,,,,,,,,,,,,,,
1991-08-27,37.3800,18.6900,,,,,,,,,,,,,,
1991-08-28,37.3800,18.6900,,,,,,,,,,,,,,
1991-08-29,37.3800,18.6900,,,,,,,,,,,,,,
1991-08-30,37.3800,18.6900,,,,,,,,,,,,,,
1991-09-03,37.5000,18.7500,,,,,,,,,,,,,,
1991-09-04,37.6200,18.8100,,,,,,,,,,,,,,
1991-09-05,37.8800,18.9400,,,,,,,,,,,,,,
1991-09-06,38.0000,19.0000,,,,,,,,,,,,,,
1991-09-09,38.3800,19.1900,,,,,,,,,,,,,,
1991-09-10,38.2500,19.1250,,,,,,,,,,,,,,
1991-09-11,38.2500,19.1250,,,,,,,,,,,,,,
1991-09-12,38.2500,19.1250,,,,,,,,,,,,,,
1991-09-13,38.2500,19.1250,,,,,,,,,,,,,,
1991-09-16,39.0000,19.5000,,,,,,,,,,,,,,
1991-09-17,38.7500,19.3750,,,,,,,,,,,,,,
1991-09-18,38.5000,19.2500,,,,,,,,,,,,,,
1991-09-19,38.5000,19.2500,,,,,,,,,,,,,,
1991-09-20,38.6200,19.3100,,,,,,,,,,,,,,
1991-09-23,38.3800,19.1900,,,,,,,,,,,,,,
1991-09-24,38.6200,19.3100,,,,,,,,,,,,,,
1991-09-25,38.7500,19.3750,,,,,,,,,,,,,,
1991-09-26,38.7500,19.3750,,,,,,,,,,,,,,
1991-09-27,39.1200,19.5600,,,,,,,,,,,,,,
1991-09-30,39.7500,19.8750,,,,,,,,,,,,,,
1991-10-01,40.0000,20.0000,,,,,,,,,,,,,,
1991-10-02,40.2500,20.1250,,,,,,,,,,,,,,
1991-10-03,40.5000,20.2500,,,,,,,,,,,,,,
1991-10-04,40.3800,20.1900,,,,,,,,,,,,,,
1991-10-07,40.1200,20.0600,,,,,,,,,,,,,,
1991-10-08,39.6200,19.8100,,,,,,,,,,,,,,
1991-10-09,38.8800,19.4400,,,,,,,,,,,,,,
1991-10-10,39.0000,19.5000,,,,,,,,,,,,,,
1991-10-11,39.1200,19.5600,,,,,,,,,,,,,,
1991-10-14,39.0000,19.5000,,,,,,,,,,,,,,
1991-10-15,38.8800,19.4400,,,,,,,,,,,,,,
1991-10-16,38.8800,19.4400,,,,,,,,,,,,,,
1991-10-17,39.2500,19.6250,,,,,,,,,,,,,,
1991-10-18,39.0000,19.5000,,,,,,,,,,,,,,
1991-10-21,39.0000,19.5000,,,,,,,,,,,,,,
1991-10-22,38.7500,19.3750,,,,,,,,,,,,,,
1991-10-23,38.7500,19.3750,,,,,,,,,,,,,,
1991-10-24,38.7500,19.3750,,,,,,,,,,,,,,
1991-10-25,38.7500,19.3750,,,,,,,,,,,,,,
1991-10-28,39.0000,19.5000,,,,,,,,,,,,,,
1991-10-29,39.1200,19.5600,,,,,,,,,,,,,,
1991-10-30,39.5000,19.7500,,,,,,,,,,,,,,
1991-10-31,39.0000,19.5000,,,,,,,,,,,,,,
1991-11-01,39.1200,19.5600,,,,,,,,,,,,,,
1991-11-04,38.8800,19.4400,,,,,,,,,,,,,,
1991-11-05,39.1200,19.5600,,,,,,,,,,,,,,
1991-11-06,39.3800,19.6900,,,,,,,,,,,,,,
1991-11-07,40.3800,20.1900,,,,,,,,,,,,,,
1991-11-08,39.5000,19.7500,,,,,,,,,,,,,,
1991-11-11,39.6200,19.8100,,,,,,,,,,,,,,
1991-11-12,39.6200,19.8100,,,,,,,,,,,,,,
1991-11-13,39.6200,19.8100,,,,,,,,,,,,,,
1991-11-14,39.7500,19.8750,,,,,,,,,,,,,,
1991-11-15,39.1200,19.5600,,,,,,,,,,,,,,
1991-11-18,39.6200,19.8100,,,,,,,,,,,,,,
1991-11-19,39.2500,19.6250,,,,,,,,,,,,,,
1991-11-20,39.3800,19.6900,,,,,,,,,,,,,,
1991-11-21,39.8800,19.9400,,,,,,,,,,,,,,
1991-11-22,39.3800,19.6900,,,,,,,,,,,,,,
1991-11-25,39.2500,19.6250,,,,,,,,,,,,,,
1991-11-26,40.2500,20.1250,,,,,,,,,,,,,,
1991-11-27,40.8800,20.4400,,,,,,,,,,,,,,
1991-11-29,41.2500,20.6250,,,,,,,,,,,,,,
1991-12-02,41.7500,20.8750,,,,,,,,,,,,,,
1991-12-03,41.5000,20.7500,,,,,,,,,,,,,,
1991-12-04,41.3800,20.6900,,,,,,,,,,,,,,
1991-12-05,41.2500,20.6250,,,,,,,,,,,,,,
1991-12-06,41.6200,20.8100,,,,,,,,,,,,,,
1991-12-09,42.1200,21.0600,,,,,,,,,,,,,,
1991-12-10,41.8800,20.9400,,,,,,,,,,,,,,
1991-12-11,42.5000,21.2500,,,,,,,,,,,,,,
1991-12-12,42.5000,21.2500,,,,,,,,,,,,,,
1991-12-13,42.3800,21.1900,,,,,,,,,,,,,,
1991-12-16,42.0000,21.0000,,,,,,,,,,,,,,
1991-12-17,42.0000,21.0000,,,,,,,,,,,,,,
1991-12-18,42.0000,21.0000,,,,,,,,,,,,,,
1991-12-19,41.7500,20.8750,,,,,,,,,,,,,,
1991-12-20,42.8800,21.4400,,,,,,,,,,,,,,
1991-12-23,43.2500,21.6250,,,,,,,,,,,,,,
1991-12-24,43.2500,21.6250,,,,,,,,,,,,,,
1991-12-26,43.2500,21.6250,,,,,,,,,,,,,,
1991-12-27,43.6200,21.8100,,,,,,,,,,,,,,
1991-12-30,44.1200,22.0600,,,,,,,,,,,,,,
1991-12-31,44.2500,22.1250,,,,,,,,,,,,,,
1992-01-02,44.0000,22.0000,,,,,,,,,,,,,,
1992-01-03,43.6200,21.8100,,,,,,,,,,,,,,
1992-01-06,43.3800,21.6900,,,,,,,,,,,,,,
1992-01-07,43.5000,21.7500,,,,,,,,,,,,,,
1992-01-08,43.2500,21.6250,,,,,,,,,,,,,,
1992-01-09,42.8800,21.4400,,,,,,,,,,,,,,
1992-01-10,42.5000,21.2500,,,,,,,,,,,,,,
1992-01-13,42.2500,21.1250,,,,,,,,,,,,,,
1992-01-14,42.5000,21.2500,,,,,,,,,,,,,,
1992-01-15,41.8800,20.9400,,,,,,,,,,,,,,
1992-01-16,41.8800,20.9400,,,,,,,,,,,,,,
1992-01-17,41.8800,20.9400,,,,,,,,,,,,,,
1992-01-20,41.6200,20.8100,,,,,,,,,,,,,,
1992-01-21,42.2500,21.1250,,,,,,,,,,,,,,
1992-01-22,42.8800,21.4400,,,,,,,,,,,,,,
1992-01-23,42.8800,21.4400,,,,,,,,,,,,,,
1992-01-24,43.0000,21.5000,,,,,,,,,,,,,,
1992-01-27,43.5000,21.7500,,,,,,,,,,,,,,
1992-01-28,43.3800,21.6900,,,,,,,,,,,,,,
1992-01-29,43.6200,21.8100,,,,,,,,,,,,,,
1992-01-30,43.1200,21.5600,,,,,,,,,,,,,,
1992-01-31,43.0000,21.5000,,,,,,,,,,,,,,
1992-02-03,43.0000,21.5000,,,,,,,,,,,,,,
1992-02-04,42.2500,21.1250,,,,,,,,,,,,,,
1992-02-05,42.5000,21.2500,,,,,,,,,,,,,,
1992-02-06,42.5000,21.2500,,,,,,,,,,,,,,
1992-02-07,42.2500,21.1250,,,,,,,,,,,,,,
1992-02-10,41.5000,20.7500,,,,,,,,,,,,,,
1992-02-11,41.6200,20.8100,,,,,,,,,,,,,,
1992-02-12,41.8800,20.9400,,,,,,,,,,,,,,
1992-02-13,41.3800,20.6900,,,,,,,,,,,,,,
1992-02-14,41.6200,20.8100,,,,,,,,,,,,,,
1992-02-18,41.7500,20.8750,,,,,,,,,,,,,,
1992-02-19,41.8800,20.9400,,,,,,,,,,,,,,
1992-02-20,41.5000,20.7500,,,,,,,,,,,,,,
1992-02-21,40.3800,20.1900,,,,,,,,,,,,,,
1992-02-24,40.5000,20.2500,,,,,,,,,,,,,,
1992-02-25,40.6200,20.3100,,,,,,,,,,,,,,
1992-02-26,41.0000,20.5000,,,,,,,,,,,,,,
1992-02-27,41.6200,20.8100,,,,,,,,,,,,,,
1992-02-28,41.5000,20.7500,,,,,,,,,,,,,,
1992-03-02,41.2500,20.6250,,,,,,,,,,,,,,
1992-03-03,40.7500,20.3750,,,,,,,,,,,,,,
1992-03-04,40.6200,20.3100,,,,,,,,,,,,,,
1992-03-05,40.5000,20.2500,,,,,,,,,,,,,,
1992-03-06,41.0000,20.5000,,,,,,,,,,,,,,
1992-03-09,41.1200,20.5600,,,,,,,,,,,,,,
1992-03-10,41.7500,20.8750,,,,,,,,,,,,,,
1992-03-11,42.0000,21.0000,,,,,,,,,,,,,,
1992-03-12,41.5000,20.7500,,,,,,,,,,,,,,
1992-03-13,41.5000,20.7500,,,,,,,,,,,,,,
1992-03-16,41.7500,20.8750,,,,,,,,,,,,,,
1992-03-17,41.5000,20.7500,,,,,,,,,,,,,,
1992-03-18,41.1200,20.5600,,,,,,,,,,,,,,
1992-03-19,41.7500,20.8750,,,,,,,,,,,,,,
1992-03-20,42.2500,21.1250,,,,,,,,,,,,,,
1992-03-23,42.1200,21.0600,,,,,,,,,,,,,,
1992-03-24,42.2500,21.1250,,,,,,,,,,,,,,
1992-03-25,41.6200,20.8100,,,,,,,,,,,,,,
1992-03-26,41.7500,20.8750,,,,,,,,,,,,,,
1992-03-27,41.8800,20.9400,,,,,,,,,,,,,,
1992-03-30,42.1200,21.0600,,,,,,,,,,,,,,
1992-03-31,42.6200,21.3100,,,,,,,,,,,,,,
1992-04-01,42.5000,21.2500,,,,,,,,,,,,,,
1992-04-02,42.6200,21.3100,,,,,,,,,,,,,,
1992-04-03,42.7500,21.3750,,,,,,,,,,,,,,
1992-04-06,42.6200,21.3100,,,,,,,,,,,,,,
1992-04-07,42.7500,21.3750,,,,,,,,,,,,,,
1992-04-08,42.1200,21.0600,,,,,,,,,,,,,,
1992-04-09,42.3800,21.1900,,,,,,,,,,,,,,
1992-04-10,42.6200,21.3100,,,,,,,,,,,,,,
1992-04-13,42.6200,21.3100,,,,,,,,,,,,,,
1992-04-14,42.6200,21.3100,,,,,,,,,,,,,,
1992-04-15,43.1200,21.5600,,,,,,,,,,,,,,
1992-04-16,43.6200,21.8100,,,,,,,,,,,,,,
1992-04-20,43.8800,21.9400,,,,,,,,,,,,,,
1992-04-21,43.7500,21.8750,,,,,,,,,,,,,,
1992-04-22,43.6200,21.8100,,,,,,,,,,,,,,
1992-04-23,43.6200,21.8100,,,,,,,,,,,,,,
1992-04-24,43.6200,21.8100,,,,,,,,,,,,,,
1992-04-27,43.5000,21.7500,,,,,,,,,,,,,,
1992-04-28,44.0000,22.0000,,,,,,,,,,,,,,
1992-04-29,43.8800,21.9400,,,,,,,,,,,,,,
1992-04-30,44.1200,22.0600,,,,,,,,,,,,,,
1992-05-01,44.3800,22.1900,,,,,,,,,,,,,,
1992-05-04,44.3800,22.1900,,,,,,,,,,,,,,
1992-05-05,44.7500,22.3750,,,,,,,,,,,,,,
1992-05-06,44.3800,22.1900,,,,,,,,,,,,,,
1992-05-07,44.1200,22.0600,,,,,,,,,,,,,,
1992-05-08,44.5000,22.2500,,,,,,,,,,,,,,
1992-05-11,43.6200,21.8100,,,,,,,,,,,,,,
1992-05-12,43.5000,21.7500,,,,,,,,,,,,,,
1992-05-13,43.1200,21.5600,,,,,,,,,,,,,,
1992-05-14,42.7500,21.3750,,,,,,,,,,,,,,
1992-05-15,42.6200,21.3100,,,,,,,,,,,,,,
1992-05-18,43.0000,21.5000,,,,,,,,,,,,,,
1992-05-19,43.2500,21.6250,,,,,,,,,,,,,,
1992-05-20,43.3800,21.6900,,,,,,,,,,,,,,
1992-05-21,43.0000,21.5000,,,,,,,,,,,,,,
1992-05-22,43.0000,21.5000,,,,,,,,,,,,,,
1992-05-26,42.6200,21.3100,,,,,,,,,,,,,,
1992-05-27,42.8800,21.4400,,,,,,,,,,,,,,
1992-05-28,43.2500,21.6250,,,,,,,,,,,,,,
1992-05-29,43.0000,21.5000,,,,,,,,,,,,,,
1992-06-01,43.0000,21.5000,,,,,,,,,,,,,,
1992-06-02,42.8800,21.4400,,,,,,,,,,,,,,
1992-06-03,42.8800,21.4400,,,,,,,,,,,,,,
1992-06-04,42.6200,21.3100,,,,,,,,,,,,,,
1992-06-05,42.3800,21.1900,,,,,,,,,,,,,,
1992-06-08,42.6200,21.3100,,,,,,,,,,,,,,
1992-06-09,42.6200,21.3100,,,,,,,,,,,,,,
1992-06-10,43.0000,21.5000,,,,,,,,,,,,,,
1992-06-11,43.5000,21.7500,,,,,,,,,,,,,,
1992-06-12,43.2500,21.6250,,,,,,,,,,,,,,
1992-06-15,43.3800,21.6900,,,,,,,,,,,,,,
1992-06-16,43.7500,21.8750,,,,,,,,,,,,,,
1992-06-17,43.7500,21.8750,,,,,,,,,,,,,,
1992-06-18,43.6200,21.8100,,,,,,,,,,,,,,
1992-06-19,43.6200,21.8100,,,,,,,,,,,,,,
1992-06-22,43.6200,21.8100,,,,,,,,,,,,,,
1992-06-23,43.8800,21.9400,,,,,,,,,,,,,,
1992-06-24,43.7500,21.8750,,,,,,,,,,,,,,
1992-06-25,43.7500,21.8750,,,,,,,,,,,,,,
1992-06-26,43.6200,21.8100,,,,,,,,,,,,,,
1992-06-29,43.8800,21.9400,,,,,,,,,,,,,,
1992-06-30,43.8800,21.9400,,,,,,,,,,,,,,
1992-07-01,44.1200,22.0600,,,,,,,,,,,,,,
1992-07-02,44.5000,22.2500,,,,,,,,,,,,,,
1992-07-06,44.1200,22.0600,,,,,,,,,,,,,,
1992-07-07,44.3800,22.1900,,,,,,,,,,,,,,
1992-07-08,44.7500,22.3750,,,,,,,,,,,,,,
1992-07-09,44.3800,22.1900,,,,,,,,,,,,,,
1992-07-10,44.2500,22.1250,,,,,,,,,,,,,,
1992-07-13,45.0000,22.5000,,,,,,,,,,,,,,
1992-07-14,44.7500,22.3750,,,,,,,,,,,,,,
1992-07-15,45.1200,22.5600,,,,,,,,,,,,,,
1992-07-16,44.8800,22.4400,,,,,,,,,,,,,,
1992-07-17,44.8800,22.4400,,,,,,,,,,,,,,
1992-07-20,44.7500,22.3750,,,,,,,,,,,,,,
1992-07-21,44.6200,22.3100,,,,,,,,,,,,,,
1992-07-22,44.7500,22.3750,,,,,,,,,,,,,,
1992-07-23,44.7500,22.3750,,,,,,,,,,,,,,
1992-07-24,45.3800,22.6900,,,,,,,,,,,,,,
1992-07-27,45.5000,22.7500,,,,,,,,,,,,,,
1992-07-28,46.0000,23.0000,,,,,,,,,,,,,,
1992-07-29,46.2500,23.1250,,,,,,,,,,,,,,
1992-07-30,46.2500,23.1250,,,,,,,,,,,,,,
1992-07-31,46.2500,23.1250,,,,,,,,,,,,,,
1992-08-03,46.8800,23.4400,,,,,,,,,,,,,,
1992-08-04,46.2500,23.1250,,,,,,,,,,,,,,
1992-08-05,45.5000,22.7500,,,,,,,,,,,,,,
1992-08-06,45.2500,22.6250,,,,,,,,,,,,,,
1992-08-07,45.0000,22.5000,,,,,,,,,,,,,,
1992-08-10,43.6200,21.8100,,,,,,,,,,,,,,
1992-08-11,44.0000,22.0000,,,,,,,,,,,,,,
1992-08-12,44.0000,22.0000,,,,,,,,,,,,,,
1992-08-13,44.2500,22.1250,,,,,,,,,,,,,,
1992-08-14,44.3800,22.1900,,,,,,,,,,,,,,
1992-08-17,44.2500,22.1250,,,,,,,,,,,,,,
1992-08-18,44.3800,22.1900,,,,,,,,,,,,,,
1992-08-19,44.2500,22.1250,,,,,,,,,,,,,,
1992-08-20,44.5000,22.2500,,,,,,,,,,,,,,
1992-08-21,44.7500,22.3750,,,,,,,,,,,,,,
1992-08-24,44.2500,22.1250,,,,,,,,,,,,,,
1992-08-25,43.8800,21.9400,,,,,,,,,,,,,,
1992-08-26,43.7500,21.8750,,,,,,,,,,,,,,
1992-08-27,44.0000,22.0000,,,,,,,,,,,,,,
1992-08-28,44.2500,22.1250,,,,,,,,,,,,,,
1992-08-31,44.3800,22.1900,,,,,,,,,,,,,,
1992-09-01,44.2500,22.1250,,,,,,,,,,,,,,
1992-09-02,44.0000,22.0000,,,,,,,,,,,,,,
1992-09-03,43.8800,21.9400,,,,,,,,,,,,,,
1992-09-04,44.0000,22.0000,,,,,,,,,,,,,,
1992-09-08,44.1200,22.0600,,,,,,,,,,,,,,
1992-09-09,44.5000,22.2500,,,,,,,,,,,,,,
1992-09-10,44.5000,22.2500,,,,,,,,,,,,,,
1992-09-11,44.7500,22.3750,,,,,,,,,,,,,,
1992-09-14,44.6200,22.3100,,,,,,,,,,,,,,
1992-09-15,44.2500,22.1250,,,,,,,,,,,,,,
1992-09-16,44.2500,22.1250,,,,,,,,,,,,,,
1992-09-17,44.2500,22.1250,,,,,,,,,,,,,,
1992-09-18,44.0000,22.0000,,,,,,,,,,,,,,
1992-09-21,44.1200,22.0600,,,,,,,,,,,,,,
1992-09-22,43.8800,21.9400,,,,,,,,,,,,,,
1992-09-23,44.0000,22.0000,,,,,,,,,,,,,,
1992-09-24,44.3800,22.1900,,,,,,,,,,,,,,
1992-09-25,44.5000,22.2500,,,,,,,,,,,,,,
1992-09-28,44.8800,22.4400,,,,,,,,,,,,,,
1992-09-29,44.7500,22.3750,,,,,,,,,,,,,,
1992-09-30,44.8800,22.4400,,,,,,,,,,,,,,
1992-10-01,44.3800,22.1900,,,,,,,,,,,,,,
1992-10-02,43.8800,21.9400,,,,,,,,,,,,,,
1992-10-05,43.3800,21.6900,,,,,,,,,,,,,,
1992-10-06,43.0000,21.5000,,,,,,,,,,,,,,
1992-10-07,42.5000,21.2500,,,,,,,,,,,,,,
1992-10-08,42.7500,21.3750,,,,,,,,,,,,,,
1992-10-09,42.8800,21.4400,,,,,,,,,,,,,,
1992-10-12,43.1200,21.5600,,,,,,,,,,,,,,
1992-10-13,43.3800,21.6900,,,,,,,,,,,,,,
1992-10-14,43.3800,21.6900,,,,,,,,,,,,,,
1992-10-15,43.7500,21.8750,,,,,,,,,,,,,,
1992-10-16,43.7500,21.8750,,,,,,,,,,,,,,
1992-10-19,43.8800,21.9400,,,,,,,,,,,,,,
1992-10-20,43.5000,21.7500,,,,,,,,,,,,,,
1992-10-21,43.2500,21.6250,,,,,,,,,,,,,,
1992-10-22,43.2500,21.6250,,,,,,,,,,,,,,
1992-10-23,43.3800,21.6900,,,,,,,,,,,,,,
1992-10-26,43.6200,21.8100,,,,,,,,,,,,,,
1992-10-27,43.8800,21.9400,,,,,,,,,,,,,,
1992-10-28,43.8800,21.9400,,,,,,,,,,,,,,
1992-10-29,44.2500,22.1250,,,,,,,,,,,,,,
1992-10-30,44.5000,22.2500,,,,,,,,,,,,,,
1992-11-02,45.0000,22.5000,,,,,,,,,,,,,,
1992-11-03,45.0000,22.5000,,,,,,,,,,,,,,
1992-11-04,45.3800,22.6900,,,,,,,,,,,,,,
1992-11-05,45.2500,22.6250,,,,,,,,,,,,,,
1992-11-06,45.1200,22.5600,,,,,,,,,,,,,,
1992-11-09,43.7500,21.8750,,,,,,,,,,,,,,
1992-11-10,43.7500,21.8750,,,,,,,,,,,,,,
1992-11-11,44.0000,22.0000,,,,,,,,,,,,,,
1992-11-12,44.2500,22.1250,,,,,,,,,,,,,,
1992-11-13,44.3800,22.1900,,,,,,,,,,,,,,
1992-11-16,44.1200,22.0600,,,,,,,,,,,,,,
1992-11-17,44.3800,22.1900,,,,,,,,,,,,,,
1992-11-18,44.5000,22.2500,,,,,,,,,,,,,,
1992-11-19,44.3800,22.1900,,,,,,,,,,,,,,
1992-11-20,44.3800,22.1900,,,,,,,,,,,,,,
1992-11-23,44.3800,22.1900,,,,,,,,,,,,,,
1992-11-24,44.3800,22.1900,,,,,,,,,,,,,,
1992-11-25,44.3800,22.1900,,,,,,,,,,,,,,
1992-11-27,44.2500,22.1250,,,,,,,,,,,,,,
1992-11-30,44.2500,22.1250,,,,,,,,,,,,,,
1992-12-01,44.1200,22.0600,,,,,,,,,,,,,,
1992-12-02,44.1200,22.0600,,,,,,,,,,,,,,
1992-12-03,44.1200,22.0600,,,,,,,,,,,,,,
1992-12-04,44.5000,22.2500,,,,,,,,,,,,,,
1992-12-07,44.5000,22.2500,,,,,,,,,,,,,,
1992-12-08,44.8800,22.4400,,,,,,,,,,,,,,
1992-12-09,44.7500,22.3750,,,,,,,,,,,,,,
1992-12-10,45.2500,22.6250,,,,,,,,,,,,,,
1992-12-11,45.0000,22.5000,,,,,,,,,,,,,,
1992-12-14,45.0000,22.5000,,,,,,,,,,,,,,
1992-12-15,45.1200,22.5600,,,,,,,,,,,,,,
1992-12-16,45.3800,22.6900,,,,,,,,,,,,,,
1992-12-17,45.6200,22.8100,,,,,,,,,,,,,,
1992-12-18,45.8800,22.9400,,,,,,,,,,,,,,
1992-12-21,46.0000,23.0000,,,,,,,,,,,,,,
1992-12-22,46.3800,23.1900,,,,,,,,,,,,,,
1992-12-23,46.5000,23.2500,,,,,,,,,,,,,,
1992-12-24,46.6200,23.3100,,,,,,,,,,,,,,
1992-12-28,46.5000,23.2500,,,,,,,,,,,,,,
1992-12-29,46.3800,23.1900,,,,,,,,,,,,,,
1992-12-30,46.5000,23.2500,,,,,,,,,,,,,,
1992-12-31,45.8800,22.9400,,,,,,,,,,,,,,
1993-01-04,46.3800,23.1900,,,,,,,,,,,,,,
1993-01-05,46.0000,23.0000,,,,,,,,,,,,,,
1993-01-06,46.0000,23.0000,,,,,,,,,,,,,,
1993-01-07,45.6200,22.8100,,,,,,,,,,,,,,
1993-01-08,45.1200,22.5600,,,,,,,,,,,,,,
1993-01-11,45.3800,22.6900,,,,,,,,,,,,,,
1993-01-12,45.2500,22.6250,,,,,,,,,,,,,,
1993-01-13,45.8800,22.9400,,,,,,,,,,,,,,
1993-01-14,45.7500,22.8750,,,,,,,,,,,,,,
1993-01-15,46.0000,23.0000,,,,,,,,,,,,,,
1993-01-18,46.1200,23.0600,,,,,,,,,,,,,,
1993-01-19,46.1200,23.0600,,,,,,,,,,,,,,
1993-01-20,46.1200,23.0600,,,,,,,,,,,,,,
1993-01-21,46.2500,23.1250,,,,,,,,,,,,,,
1993-01-22,46.2500,23.1250,,,,,,,,,,,,,,
1993-01-25,46.3800,23.1900,,,,,,,,,,,,,,
1993-01-26,46.2500,23.1250,,,,,,,,,,,,,,
1993-01-27,46.3800,23.1900,,,,,,,,,,,,,,
1993-01-28,46.3800,23.1900,,,,,,,,,,,,,,
1993-01-29,46.6200,23.3100,,,,,,,,,,,,,,
1993-02-01,46.8800,23.4400,,,,,,,,,,,,,,
1993-02-02,47.3800,23.6900,,,,,,,,,,,,,,
1993-02-03,47.8800,23.9400,,,,,,,,,,,,,,
1993-02-04,48.6200,24.3100,,,,,,,,,,,,,,
1993-02-05,48.6200,24.3100,,,,,,,,,,,,,,
1993-02-08,48.1200,24.0600,,,,,,,,,,,,,,
1993-02-09,47.1200,23.5600,,,,,,,,,,,,,,
1993-02-10,47.2500,23.6250,,,,,,,,,,,,,,
1993-02-11,46.8800,23.4400,,,,,,,,,,,,,,
1993-02-12,47.0000,23.5000,,,,,,,,,,,,,,
1993-02-16,46.7500,23.3750,,,,,,,,,,,,,,
1993-02-17,47.0000,23.5000,,,,,,,,,,,,,,
1993-02-18,47.2500,23.6250,,,,,,,,,,,,,,
1993-02-19,47.6200,23.8100,,,,,,,,,,,,,,
1993-02-22,48.5000,24.2500,,,,,,,,,,,,,,
1993-02-23,48.0000,24.0000,,,,,,,,,,,,,,
1993-02-24,47.5000,23.7500,,,,,,,,,,,,,,
1993-02-25,47.5000,23.7500,,,,,,,,,,,,,,
1993-02-26,47.2500,23.6250,,,,,,,,,,,,,,
1993-03-01,47.3800,23.6900,,,,,,,,,,,,,,
1993-03-02,47.3800,23.6900,,,,,,,,,,,,,,
1993-03-03,47.5000,23.7500,,,,,,,,,,,,,,
1993-03-04,47.3800,23.6900,,,,,,,,,,,,,,
1993-03-05,46.7500,23.3750,,,,,,,,,,,,,,
1993-03-08,47.0000,23.5000,,,,,,,,,,,,,,
1993-03-09,46.6200,23.3100,,,,,,,,,,,,,,
1993-03-10,47.1200,23.5600,,,,,,,,,,,,,,
1993-03-11,47.0000,23.5000,,,,,,,,,,,,,,
1993-03-12,46.6200,23.3100,,,,,,,,,,,,,,
1993-03-15,46.3800,23.1900,,,,,,,,,,,,,,
1993-03-16,46.7500,23.3750,,,,,,,,,,,,,,
1993-03-17,46.8800,23.4400,,,,,,,,,,,,,,
1993-03-18,46.8800,23.4400,,,,,,,,,,,,,,
1993-03-19,46.8800,23.4400,,,,,,,,,,,,,,
1993-03-22,46.8800,23.4400,,,,,,,,,,,,,,
1993-03-23,47.1200,23.5600,,,,,,,,,,,,,,
1993-03-24,47.1200,23.5600,,,,,,,,,,,,,,
1993-03-25,47.7500,23.8750,,,,,,,,,,,,,,
1993-03-26,47.2500,23.6250,,,,,,,,,,,,,,
1993-03-29,47.0000,23.5000,,,,,,,,,,,,,,
1993-03-30,46.7500,23.3750,,,,,,,,,,,,,,
1993-03-31,46.7500,23.3750,,,,,,,,,,,,,,
1993-04-01,47.0000,23.5000,,,,,,,,,,,,,,
1993-04-02,46.6200,23.3100,,,,,,,,,,,,,,
1993-04-05,46.8800,23.4400,,,,,,,,,,,,,,
1993-04-06,47.1200,23.5600,,,,,,,,,,,,,,
1993-04-07,47.2500,23.6250,,,,,,,,,,,,,,
1993-04-08,47.2500,23.6250,,,,,,,,,,,,,,
1993-04-12,47.7500,23.8750,,,,,,,,,,,,,,
1993-04-13,48.0000,24.0000,,,,,,,,,,,,,,
1993-04-14,47.8800,23.9400,,,,,,,,,,,,,,
1993-04-15,48.1200,24.0600,,,,,,,,,,,,,,
1993-04-16,48.1200,24.0600,,,,,,,,,,,,,,
1993-04-19,47.8800,23.9400,,,,,,,,,,,,,,
1993-04-20,47.5000,23.7500,,,,,,,,,,,,,,
1993-04-21,46.8800,23.4400,,,,,,,,,,,,,,
1993-04-22,47.0000,23.5000,,,,,,,,,,,,,,
1993-04-23,46.6200,23.3100,,,,,,,,,,,,,,
1993-04-26,46.6200,23.3100,,,,,,,,,,,,,,
1993-04-27,46.3800,23.1900,,,,,,,,,,,,,,
1993-04-28,46.5000,23.2500,,,,,,,,,,,,,,
1993-04-29,46.2500,23.1250,,,,,,,,,,,,,,
1993-04-30,46.0000,23.0000,,,,,,,,,,,,,,
1993-05-03,46.2500,23.1250,,,,,,,,,,,,,,
1993-05-04,46.7500,23.3750,,,,,,,,,,,,,,
1993-05-05,47.1200,23.5600,,,,,,,,,,,,,,
1993-05-06,47.1200,23.5600,,,,,,,,,,,,,,
1993-05-07,46.7500,23.3750,,,,,,,,,,,,,,
1993-05-10,46.0000,23.0000,,,,,,,,,,,,,,
1993-05-11,45.6200,22.8100,,,,,,,,,,,,,,
1993-05-12,45.5000,22.7500,,,,,,,,,,,,,,
1993-05-13,44.6200,22.3100,,,,,,,,,,,,,,
1993-05-14,43.8800,21.9400,,,,,,,,,,,,,,
1993-05-17,43.8800,21.9400,,,,,,,,,,,,,,
1993-05-18,43.6200,21.8100,,,,,,,,,,,,,,
1993-05-19,44.3800,22.1900,,,,,,,,,,,,,,
1993-05-20,44.3800,22.1900,,,,,,,,,,,,,,
1993-05-21,44.2500,22.1250,,,,,,,,,,,,,,
1993-05-24,44.2500,22.1250,,,,,,,,,,,,,,
1993-05-25,44.3800,22.1900,,,,,,,,,,,,,,
1993-05-26,44.6200,22.3100,,,,,,,,,,,,,,
1993-05-27,44.3800,22.1900,,,,,,,,,,,,,,
1993-05-28,44.2500,22.1250,,,,,,,,,,,,,,
1993-06-01,44.5000,22.2500,,,,,,,,,,,,,,
1993-06-02,44.6200,22.3100,,,,,,,,,,,,,,
1993-06-03,44.6200,22.3100,,,,,,,,,,,,,,
1993-06-04,44.2500,22.1250,,,,,,,,,,,,,,
1993-06-07,44.2500,22.1250,,,,,,,,,,,,,,
1993-06-08,44.1200,22.0600,,,,,,,,,,,,,,
1993-06-09,43.8800,21.9400,,,,,,,,,,,,,,
1993-06-10,44.0000,22.0000,,,,,,,,,,,,,,
1993-06-11,44.1200,22.0600,,,,,,,,,,,,,,
1993-06-14,44.1200,22.0600,,,,,,,,,,,,,,
1993-06-15,43.8800,21.9400,,,,,,,,,,,,,,
1993-06-16,43.7500,21.8750,,,,,,,,,,,,,,
1993-06-17,43.3800,21.6900,,,,,,,,,,,,,,
1993-06-18,43.0000,21.5000,,,,,,,,,,,,,,
1993-06-21,43.0000,21.5000,,,,,,,,,,,,,,
1993-06-22,42.5000,21.2500,,,,,,,,,,,,,,
1993-06-23,43.0000,21.5000,,,,,,,,,,,,,,
1993-06-24,43.3800,21.6900,,,,,,,,,,,,,,
1993-06-25,43.3800,21.6900,,,,,,,,,,,,,,
1993-06-28,43.5000,21.7500,,,,,,,,,,,,,,
1993-06-29,43.3800,21.6900,,,,,,,,,,,,,,
1993-06-30,43.7500,21.8750,,,,,,,,,,,,,,
1993-07-01,44.0000,22.0000,,,,,,,,,,,,,,
1993-07-02,43.7500,21.8750,,,,,,,,,,,,,,
1993-07-06,43.7500,21.8750,,,,,,,,,,,,,,
1993-07-07,43.8800,21.9400,,,,,,,,,,,,,,
1993-07-08,44.3800,22.1900,,,,,,,,,,,,,,
1993-07-09,44.6200,22.3100,,,,,,,,,,,,,,
1993-07-12,44.8800,22.4400,,,,,,,,,,,,,,
1993-07-13,45.0000,22.5000,,,,,,,,,,,,,,
1993-07-14,45.5000,22.7500,,,,,,,,,,,,,,
1993-07-15,45.7500,22.8750,,,,,,,,,,,,,,
1993-07-16,45.7500,22.8750,,,,,,,,,,,,,,
1993-07-19,45.6200,22.8100,,,,,,,,,,,,,,
1993-07-20,45.6200,22.8100,,,,,,,,,,,,,,
1993-07-21,45.5000,22.7500,,,,,,,,,,,,,,
1993-07-22,45.5000,22.7500,,,,,,,,,,,,,,
1993-07-23,45.5000,22.7500,,,,,,,,,,,,,,
1993-07-26,45.7500,22.8750,,,,,,,,,,,,,,
1993-07-27,45.7500,22.8750,,,,,,,,,,,,,,
1993-07-28,46.2500,23.1250,,,,,,,,,,,,,,
1993-07-29,46.5000,23.2500,,,,,,,,,,,,,,
1993-07-30,46.0000,23.0000,,,,,,,,,,,,,,
1993-08-02,46.2500,23.1250,,,,,,,,,,,,,,
1993-08-03,45.8800,22.9400,,,,,,,,,,,,,,
1993-08-04,46.3800,23.1900,,,,,,,,,,,,,,
1993-08-05,46.5000,23.2500,,,,,,,,,,,,,,
1993-08-06,46.2500,23.1250,,,,,,,,,,,,,,
1993-08-09,46.0000,23.0000,,,,,,,,,,,,,,
1993-08-10,45.1200,22.5600,,,,,,,,,,,,,,
1993-08-11,45.2500,22.6250,,,,,,,,,,,,,,
1993-08-12,45.0000,22.5000,,,,,,,,,,,,,,
1993-08-13,45.0000,22.5000,,,,,,,,,,,,,,
1993-08-16,44.8800,22.4400,,,,,,,,,,,,,,
1993-08-17,44.8800,22.4400,,,,,,,,,,,,,,
1993-08-18,45.2500,22.6250,,,,,,,,,,,,,,
1993-08-19,45.2500,22.6250,,,,,,,,,,,,,,
1993-08-20,45.5000,22.7500,,,,,,,,,,,,,,
1993-08-23,45.2500,22.6250,,,,,,,,,,,,,,
1993-08-24,45.7500,22.8750,,,,,,,,,,,,,,
1993-08-25,46.1200,23.0600,,,,,,,,,,,,,,
1993-08-26,46.6200,23.3100,,,,,,,,,,,,,,
1993-08-27,46.6200,23.3100,,,,,,,,,,,,,,
1993-08-30,47.0000,23.5000,,,,,,,,,,,,,,
1993-08-31,47.1200,23.5600,,,,,,,,,,,,,,
1993-09-01,46.7500,23.3750,,,,,,,,,,,,,,
1993-09-02,46.6200,23.3100,,,,,,,,,,,,,,
1993-09-03,46.5000,23.2500,,,,,,,,,,,,,,
1993-09-07,46.5000,23.2500,,,,,,,,,,,,,,
1993-09-08,46.5000,23.2500,,,,,,,,,,,,,,
1993-09-09,46.6200,23.3100,,,,,,,,,,,,,,
1993-09-10,46.7500,23.3750,,,,,,,,,,,,,,
1993-09-13,46.8800,23.4400,,,,,,,,,,,,,,
1993-09-14,46.7500,23.3750,,,,,,,,,,,,,,
1993-09-15,46.8800,23.4400,,,,,,,,,,,,,,
1993-09-16,47.1200,23.5600,,,,,,,,,,,,,,
1993-09-17,47.0000,23.5000,,,,,,,,,,,,,,
1993-09-20,46.7500,23.3750,,,,,,,,,,,,,,
1993-09-21,46.8800,23.4400,,,,,,,,,,,,,,
1993-09-22,46.7500,23.3750,,,,,,,,,,,,,,
1993-09-23,46.7500,23.3750,,,,,,,,,,,,,,
1993-09-24,46.7500,23.3750,,,,,,,,,,,,,,
1993-09-27,46.8800,23.4400,,,,,,,,,,,,,,
1993-09-28,47.0000,23.5000,,,,,,,,,,,,,,
1993-09-29,46.6200,23.3100,,,,,,,,,,,,,,
1993-09-30,46.6200,23.3100,,,,,,,,,,,,,,
1993-10-01,46.6200,23.3100,,,,,,,,,,,,,,
1993-10-04,46.3800,23.1900,,,,,,,,,,,,,,
1993-10-05,46.0000,23.0000,,,,,,,,,,,,,,
1993-10-06,46.3800,23.1900,,,,,,,,,,,,,,
1993-10-07,45.8800,22.9400,,,,,,,,,,,,,,
1993-10-08,46.0000,23.0000,,,,,,,,,,,,,,
1993-10-11,45.6200,22.8100,,,,,,,,,,,,,,
1993-10-12,45.5000,22.7500,,,,,,,,,,,,,,
1993-10-13,45.3800,22.6900,,,,,,,,,,,,,,
1993-10-14,47.2500,23.6250,,,,,,,,,,,,,,
1993-10-15,48.6200,24.3100,,,,,,,,,,,,,,
1993-10-18,49.0000,24.5000,,,,,,,,,,,,,,
1993-10-19,48.8800,24.4400,,,,,,,,,,,,,,
1993-10-20,49.0000,24.5000,,,,,,,,,,,,,,
1993-10-21,48.7500,24.3750,,,,,,,,,,,,,,
1993-10-22,48.2500,24.1250,,,,,,,,,,,,,,
1993-10-25,47.8800,23.9400,,,,,,,,,,,,,,
1993-10-26,47.6200,23.8100,,,,,,,,,,,,,,
1993-10-27,47.7500,23.8750,,,,,,,,,,,,,,
1993-10-28,48.1200,24.0600,,,,,,,,,,,,,,
1993-10-29,48.3800,24.1900,,,,,,,,,,,,,,
1993-11-01,49.5000,24.7500,,,,,,,,,,,,,,
1993-11-02,49.2500,24.6250,,,,,,,,,,,,,,
1993-11-03,48.5000,24.2500,,,,,,,,,,,,,,
1993-11-04,48.1200,24.0600,,,,,,,,,,,,,,
1993-11-05,48.7500,24.3750,,,,,,,,,,,,,,
1993-11-08,48.6200,24.3100,,,,,,,,,,,,,,
1993-11-09,46.7500,23.3750,,,,,,,,,,,,,,
1993-11-10,46.2500,23.1250,,,,,,,,,,,,,,
1993-11-11,45.7500,22.8750,,,,,,,,,,,,,,
1993-11-12,46.1200,23.0600,,,,,,,,,,,,,,
1993-11-15,46.2500,23.1250,,,,,,,,,,,,,,
1993-11-16,47.0000,23.5000,,,,,,,,,,,,,,
1993-11-17,47.0000,23.5000,,,,,,,,,,,,,,
1993-11-18,46.5000,23.2500,,,,,,,,,,,,,,
1993-11-19,46.0000,23.0000,,,,,,,,,,,,,,
1993-11-22,46.0000,23.0000,,,,,,,,,,,,,,
1993-11-23,46.2500,23.1250,,,,,,,,,,,,,,
1993-11-24,46.1200,23.0600,,,,,,,,,,,,,,
1993-11-26,46.1200,23.0600,,,,,,,,,,,,,,
1993-11-29,45.5000,22.7500,,,,,,,,,,,,,,
1993-11-30,45.3800,22.6900,,,,,,,,,,,,,,
1993-12-01,45.1200,22.5600,,,,,,,,,,,,,,
1993-12-02,45.6200,22.8100,,,,,,,,,,,,,,
1993-12-03,45.6200,22.8100,,,,,,,,,,,,,,
1993-12-06,45.8800,22.9400,,,,,,,,,,,,,,
1993-12-07,46.1200,23.0600,,,,,,,,,,,,,,
1993-12-08,46.1200,23.0600,,,,,,,,,,,,,,
1993-12-09,45.8800,22.9400,,,,,,,,,,,,,,
1993-12-10,46.0000,23.0000,,,,,,,,,,,,,,
1993-12-13,46.0000,23.0000,,,,,,,,,,,,,,
1993-12-14,45.7500,22.8750,,,,,,,,,,,,,,
1993-12-15,46.1200,23.0600,,,,,,,,,,,,,,
1993-12-16,47.1200,23.5600,,,,,,,,,,,,,,
1993-12-17,47.6200,23.8100,,,,,,,,,,,,,,
1993-12-20,47.7500,23.8750,,,,,,,,,,,,,,
1993-12-21,48.2500,24.1250,,,,,,,,,,,,,,
1993-12-22,48.1200,24.0600,,,,,,,,,,,,,,
1993-12-23,48.0000,24.0000,,,,,,,,,,,,,,
1993-12-27,48.0000,24.0000,,,,,,,,,,,,,,
1993-12-28,48.2500,24.1250,,,,,,,,,,,,,,
1993-12-29,48.2500,24.1250,,,,,,,,,,,,,,
1993-12-30,47.7500,23.8750,,,,,,,,,,,,,,
1993-12-31,47.6200,23.8100,,,,,,,,,,,,,,
1994-01-03,46.6200,23.3100,,,,,,,,,,,,,,
1994-01-04,46.8800,23.4400,,,,,,,,,,,,,,
1994-01-05,46.2500,23.1250,,,,,,,,,,,,,,
1994-01-06,45.5000,22.7500,,,,,,,,,,,,,,
1994-01-07,45.6200,22.8100,,,,,,,,,,,,,,
1994-01-10,46.2500,23.1250,,,,,,,,,,,,,,
1994-01-11,45.8800,22.9400,,,,,,,,,,,,,,
1994-01-12,45.6200,22.8100,,,,,,,,,,,,,,
1994-01-13,44.8800,22.4400,,,,,,,,,,,,,,
1994-01-14,44.6200,22.3100,,,,,,,,,,,,,,
1994-01-17,44.0000,22.0000,,,,,,,,,,,,,,
1994-01-18,44.0000,22.0000,,,,,,,,,,,,,,
1994-01-19,44.2500,22.1250,,,,,,,,,,,,,,
1994-01-20,44.3800,22.1900,,,,,,,,,,,,,,
1994-01-21,44.3800,22.1900,,,,,,,,,,,,,,
1994-01-24,43.3800,21.6900,,,,,,,,,,,,,,
1994-01-25,44.0000,22.0000,,,,,,,,,,,,,,
1994-01-26,44.2500,22.1250,,,,,,,,,,,,,,
1994-01-27,45.3800,22.6900,,,,,,,,,,,,,,
1994-01-28,45.5000,22.7500,,,,,,,,,,,,,,
1994-01-31,45.6200,22.8100,,,,,,,,,,,,,,
1994-02-01,45.7500,22.8750,,,,,,,,,,,,,,
1994-02-02,46.1200,23.0600,,,,,,,,,,,,,,
1994-02-03,46.2500,23.1250,,,,,,,,,,,,,,
1994-02-04,45.8800,22.9400,,,,,,,,,,,,,,
1994-02-07,45.6200,22.8100,,,,,,,,,,,,,,
1994-02-08,45.1200,22.5600,,,,,,,,,,,,,,
1994-02-09,45.0000,22.5000,,,,,,,,,,,,,,
1994-02-10,43.3800,21.6900,,,,,,,,,,,,,,
1994-02-11,43.6200,21.8100,,,,,,,,,,,,,,
1994-02-14,43.6200,21.8100,,,,,,,,,,,,,,
1994-02-15,43.1200,21.5600,,,,,,,,,,,,,,
1994-02-16,42.2500,21.1250,,,,,,,,,,,,,,
1994-02-17,42.2500,21.1250,,,,,,,,,,,,,,
1994-02-18,41.6200,20.8100,,,,,,,,,,,,,,
1994-02-22,42.2500,21.1250,,,,,,,,,,,,,,
1994-02-23,41.3800,20.6900,,,,,,,,,,,,,,
1994-02-24,40.1200,20.0600,,,,,,,,,,,,,,
1994-02-25,39.8800,19.9400,,,,,,,,,,,,,,
1994-02-28,40.3800,20.1900,,,,,,,,,,,,,,
1994-03-01,39.8800,19.9400,,,,,,,,,,,,,,
1994-03-02,40.5000,20.2500,,,,,,,,,,,,,,
1994-03-03,40.0000,20.0000,,,,,,,,,,,,,,
1994-03-04,40.1200,20.0600,,,,,,,,,,,,,,
1994-03-07,40.3800,20.1900,,,,,,,,,,,,,,
1994-03-08,40.3800,20.1900,,,,,,,,,,,,,,
1994-03-09,39.7500,19.8750,,,,,,,,,,,,,,
1994-03-10,39.6200,19.8100,,,,,,,,,,,,,,
1994-03-11,39.6200,19.8100,,,,,,,,,,,,,,
1994-03-14,39.3800,19.6900,,,,,,,,,,,,,,
1994-03-15,39.0000,19.5000,,,,,,,,,,,,,,
1994-03-16,37.8800,18.9400,,,,,,,,,,,,,,
1994-03-17,37.8800,18.9400,,,,,,,,,,,,,,
1994-03-18,37.3800,18.6900,,,,,,,,,,,,,,
1994-03-21,37.1200,18.5600,,,,,,,,,,,,,,
1994-03-22,36.7500,18.3750,,,,,,,,,,,,,,
1994-03-23,36.8800,18.4400,,,,,,,,,,,,,,
1994-03-24,36.2500,18.1250,,,,,,,,,,,,,,
1994-03-25,36.1200,18.0600,,,,,,,,,,,,,,
1994-03-28,36.8800,18.4400,,,,,,,,,,,,,,
1994-03-29,36.2500,18.1250,,,,,,,,,,,,,,
1994-03-30,35.7500,17.8750,,,,,,,,,,,,,,
1994-03-31,35.5000,17.7500,,,,,,,,,,,,,,
1994-04-04,35.1200,17.5600,,,,,,,,,,,,,,
1994-04-05,36.0000,18.0000,,,,,,,,,,,,,,
1994-04-06,35.5000,17.7500,,,,,,,,,,,,,,
1994-04-07,35.5000,17.7500,,,,,,,,,,,,,,
1994-04-08,34.6200,17.3100,,,,,,,,,,,,,,
1994-04-11,34.6200,17.3100,,,,,,,,,,,,,,
1994-04-12,34.8800,17.4400,,,,,,,,,,,,,,
1994-04-13,35.3800,17.6900,,,,,,,,,,,,,,
1994-04-14,34.6200,17.3100,,,,,,,,,,,,,,
1994-04-15,35.0000,17.5000,,,,,,,,,,,,,,
1994-04-18,35.1200,17.5600,,,,,,,,,,,,,,
1994-04-19,35.8800,17.9400,,,,,,,,,,,,,,
1994-04-20,36.7500,18.3750,,,,,,,,,,,,,,
1994-04-21,36.8800,18.4400,,,,,,,,,,,,,,
1994-04-22,36.3800,18.1900,,,,,,,,,,,,,,
1994-04-25,36.7500,18.3750,,,,,,,,,,,,,,
1994-04-26,36.1200,18.0600,,,,,,,,,,,,,,
1994-04-28,35.5000,17.7500,,,,,,,,,,,,,,
1994-04-29,36.0000,18.0000,,,,,,,,,,,,,,
1994-05-02,35.6200,17.8100,,,,,,,,,,,,,,
1994-05-03,35.7500,17.8750,,,,,,,,,,,,,,
1994-05-04,35.6200,17.8100,,,,,,,,,,,,,,
1994-05-05,35.2500,17.6250,,,,,,,,,,,,,,
1994-05-06,34.3800,17.1900,,,,,,,,,,,,,,
1994-05-09,33.3800,16.6900,,,,,,,,,,,,,,
1994-05-10,31.7500,15.8750,,,,,,,,,,,,,,
1994-05-11,30.0000,15.0000,,,,,,,,,,,,,,
1994-05-12,30.7500,15.3750,,,,,,,,,,,,,,
1994-05-13,30.6200,15.3100,,,,,,,,,,,,,,
1994-05-16,30.5000,15.2500,,,,,,,,,,,,,,
1994-05-17,31.1200,15.5600,,,,,,,,,,,,,,
1994-05-18,31.5000,15.7500,,,,,,,,,,,,,,
1994-05-19,31.6200,15.8100,,,,,,,,,,,,,,
1994-05-20,31.3800,15.6900,,,,,,,,,,,,,,
1994-05-23,31.1200,15.5600,,,,,,,,,,,,,,
1994-05-24,31.3800,15.6900,,,,,,,,,,,,,,
1994-05-25,31.6200,15.8100,,,,,,,,,,,,,,
1994-05-26,32.6200,16.3100,,,,,,,,,,,,,,
1994-05-27,32.6200,16.3100,,,,,,,,,,,,,,
1994-05-31,32.2500,16.1250,,,,,,,,,,,,,,
1994-06-01,32.7500,16.3750,,,,,,,,,,,,,,
1994-06-02,32.8800,16.4400,,,,,,,,,,,,,,
1994-06-03,33.0000,16.5000,,,,,,,,,,,,,,
1994-06-06,33.0000,16.5000,,,,,,,,,,,,,,
1994-06-07,32.7500,16.3750,,,,,,,,,,,,,,
1994-06-08,32.8800,16.4400,,,,,,,,,,,,,,
1994-06-09,32.8800,16.4400,,,,,,,,,,,,,,
1994-06-10,33.2500,16.6250,,,,,,,,,,,,,,
1994-06-13,33.8800,16.9400,,,,,,,,,,,,,,
1994-06-14,33.8800,16.9400,,,,,,,,,,,,,,
1994-06-15,34.0000,17.0000,,,,,,,,,,,,,,
1994-06-16,33.5000,16.7500,,,,,,,,,,,,,,
1994-06-17,32.6200,16.3100,,,,,,,,,,,,,,
1994-06-20,32.0000,16.0000,,,,,,,,,,,,,,
1994-06-21,32.1200,16.0600,,,,,,,,,,,,,,
1994-06-22,32.6200,16.3100,,,,,,,,,,,,,,
1994-06-23,32.3800,16.1900,,,,,,,,,,,,,,
1994-06-24,32.6200,16.3100,,,,,,,,,,,,,,
1994-06-27,32.7500,16.3750,,,,,,,,,,,,,,
1994-06-28,32.6200,16.3100,,,,,,,,,,,,,,
1994-06-29,32.7500,16.3750,,,,,,,,,,,,,,
1994-06-30,32.6200,16.3100,,,,,,,,,,,,,,
1994-07-01,32.7500,16.3750,,,,,,,,,,,,,,
1994-07-05,33.0000,16.5000,,,,,,,,,,,,,,
1994-07-06,33.5000,16.7500,,,,,,,,,,,,,,
1994-07-07,33.8800,16.9400,,,,,,,,,,,,,,
1994-07-08,33.8800,16.9400,,,,,,,,,,,,,,
1994-07-11,34.0000,17.0000,,,,,,,,,,,,,,
1994-07-12,33.8800,16.9400,,,,,,,,,,,,,,
1994-07-13,33.8800,16.9400,,,,,,,,,,,,,,
1994-07-14,34.0000,17.0000,,,,,,,,,,,,,,
1994-07-15,34.3800,17.1900,,,,,,,,,,,,,,
1994-07-18,34.3800,17.1900,,,,,,,,,,,,,,
1994-07-19,34.5000,17.2500,,,,,,,,,,,,,,
1994-07-20,34.3800,17.1900,,,,,,,,,,,,,,
1994-07-21,34.1200,17.0600,,,,,,,,,,,,,,
1994-07-22,34.2500,17.1250,,,,,,,,,,,,,,
1994-07-25,34.1200,17.0600,,,,,,,,,,,,,,
1994-07-26,34.1200,17.0600,,,,,,,,,,,,,,
1994-07-27,34.2500,17.1250,,,,,,,,,,,,,,
1994-07-28,34.3800,17.1900,,,,,,,,,,,,,,
1994-07-29,35.1200,17.5600,,,,,,,,,,,,,,
1994-08-01,35.8800,17.9400,,,,,,,,,,,,,,
1994-08-02,35.8800,17.9400,,,,,,,,,,,,,,
1994-08-03,36.2500,18.1250,,,,,,,,,,,,,,
1994-08-04,36.0000,18.0000,,,,,,,,,,,,,,
1994-08-05,36.0000,18.0000,,,,,,,,,,,,,,
1994-08-08,35.8800,17.9400,,,,,,,,,,,,,,
1994-08-09,35.5000,17.7500,,,,,,,,,,,,,,
1994-08-10,34.3800,17.1900,,,,,,,,,,,,,,
1994-08-11,34.0000,17.0000,,,,,,,,,,,,,,
1994-08-12,34.5000,17.2500,,,,,,,,,,,,,,
1994-08-15,34.3800,17.1900,,,,,,,,,,,,,,
1994-08-16,34.3800,17.1900,,,,,,,,,,,,,,
1994-08-17,34.2500,17.1250,,,,,,,,,,,,,,
1994-08-18,34.0000,17.0000,,,,,,,,,,,,,,
1994-08-19,34.0000,17.0000,,,,,,,,,,,,,,
1994-08-22,34.0000,17.0000,,,,,,,,,,,,,,
1994-08-23,34.0000,17.0000,,,,,,,,,,,,,,
1994-08-24,33.7500,16.8750,,,,,,,,,,,,,,
1994-08-25,33.7500,16.8750,,,,,,,,,,,,,,
1994-08-26,34.3800,17.1900,,,,,,,,,,,,,,
1994-08-29,34.7500,17.3750,,,,,,,,,,,,,,
1994-08-30,35.3800,17.6900,,,,,,,,,,,,,,
1994-08-31,34.7500,17.3750,,,,,,,,,,,,,,
1994-09-01,34.0000,17.0000,,,,,,,,,,,,,,
1994-09-02,34.5000,17.2500,,,,,,,,,,,,,,
1994-09-06,34.3800,17.1900,,,,,,,,,,,,,,
1994-09-07,34.3800,17.1900,,,,,,,,,,,,,,
1994-09-08,34.8800,17.4400,,,,,,,,,,,,,,
1994-09-09,34.6200,17.3100,,,,,,,,,,,,,,
1994-09-12,34.6200,17.3100,,,,,,,,,,,,,,
1994-09-13,35.0000,17.5000,,,,,,,,,,,,,,
1994-09-14,35.1200,17.5600,,,,,,,,,,,,,,
1994-09-15,35.1200,17.5600,,,,,,,,,,,,,,
1994-09-16,35.0000,17.5000,,,,,,,,,,,,,,
1994-09-19,35.0000,17.5000,,,,,,,,,,,,,,
1994-09-20,34.8800,17.4400,,,,,,,,,,,,,,
1994-09-21,34.7500,17.3750,,,,,,,,,,,,,,
1994-09-22,34.8800,17.4400,,,,,,,,,,,,,,
1994-09-23,34.7500,17.3750,,,,,,,,,,,,,,
1994-09-26,34.8800,17.4400,,,,,,,,,,,,,,
1994-09-27,34.3800,17.1900,,,,,,,,,,,,,,
1994-09-28,34.5000,17.2500,,,,,,,,,,,,,,
1994-09-29,34.5000,17.2500,,,,,,,,,,,,,,
1994-09-30,35.2500,17.6250,,,,,,,,,,,,,,
1994-10-03,34.7500,17.3750,,,,,,,,,,,,,,
1994-10-04,34.7500,17.3750,,,,,,,,,,,,,,
1994-10-05,34.3800,17.1900,,,,,,,,,,,,,,
1994-10-06,34.5000,17.2500,,,,,,,,,,,,,,
1994-10-07,34.7500,17.3750,,,,,,,,,,,,,,
1994-10-10,34.8800,17.4400,,,,,,,,,,,,,,
1994-10-11,35.3800,17.6900,,,,,,,,,,,,,,
1994-10-12,35.1200,17.5600,,,,,,,,,,,,,,
1994-10-13,35.6200,17.8100,,,,,,,,,,,,,,
1994-10-14,35.6200,17.8100,,,,,,,,,,,,,,
1994-10-17,35.5000,17.7500,,,,,,,,,,,,,,
1994-10-18,35.2500,17.6250,,,,,,,,,,,,,,
1994-10-19,35.2500,17.6250,,,,,,,,,,,,,,
1994-10-20,35.0000,17.5000,,,,,,,,,,,,,,
1994-10-21,35.2500,17.6250,,,,,,,,,,,,,,
1994-10-24,34.8800,17.4400,,,,,,,,,,,,,,
1994-10-25,34.0000,17.0000,,,,,,,,,,,,,,
1994-10-26,33.8800,16.9400,,,,,,,,,,,,,,
1994-10-27,33.8800,16.9400,,,,,,,,,,,,,,
1994-10-28,34.7500,17.3750,,,,,,,,,,,,,,
1994-10-31,34.8800,17.4400,,,,,,,,,,,,,,
1994-11-01,34.3800,17.1900,,,,,,,,,,,,,,
1994-11-02,34.0000,17.0000,,,,,,,,,,,,,,
1994-11-03,34.5000,17.2500,,,,,,,,,,,,,,
1994-11-04,34.3800,17.1900,,,,,,,,,,,,,,
1994-11-07,34.7500,17.3750,,,,,,,,,,,,,,
1994-11-08,35.1200,17.5600,,,,,,,,,,,,,,
1994-11-09,33.8800,16.9400,,,,,,,,,,,,,,
1994-11-10,33.7500,16.8750,,,,,,,,,,,,,,
1994-11-11,33.0000,16.5000,,,,,,,,,,,,,,
1994-11-14,33.0000,16.5000,,,,,,,,,,,,,,
1994-11-15,32.8800,16.4400,,,,,,,,,,,,,,
1994-11-16,32.6200,16.3100,,,,,,,,,,,,,,
1994-11-17,32.7500,16.3750,,,,,,,,,,,,,,
1994-11-18,32.6200,16.3100,,,,,,,,,,,,,,
1994-11-21,32.7500,16.3750,,,,,,,,,,,,,,
1994-11-22,32.7500,16.3750,,,,,,,,,,,,,,
1994-11-23,33.5000,16.7500,,,,,,,,,,,,,,
1994-11-25,33.7500,16.8750,,,,,,,,,,,,,,
1994-11-28,34.0000,17.0000,,,,,,,,,,,,,,
1994-11-29,33.8800,16.9400,,,,,,,,,,,,,,
1994-11-30,34.0000,17.0000,,,,,,,,,,,,,,
1994-12-01,33.8800,16.9400,,,,,,,,,,,,,,
1994-12-02,34.2500,17.1250,,,,,,,,,,,,,,
1994-12-05,34.1200,17.0600,,,,,,,,,,,,,,
1994-12-06,34.3800,17.1900,,,,,,,,,,,,,,
1994-12-07,34.2500,17.1250,,,,,,,,,,,,,,
1994-12-08,34.3800,17.1900,,,,,,,,,,,,,,
1994-12-09,34.7500,17.3750,,,,,,,,,,,,,,
1994-12-12,35.2500,17.6250,,,,,,,,,,,,,,
1994-12-13,35.5000,17.7500,,,,,,,,,,,,,,
1994-12-14,36.0000,18.0000,,,,,,,,,,,,,,
1994-12-15,35.7500,17.8750,,,,,,,,,,,,,,
1994-12-16,35.8800,17.9400,,,,,,,,,,,,,,
1994-12-19,35.5000,17.7500,,,,,,,,,,,,,,
1994-12-20,35.6200,17.8100,,,,,,,,,,,,,,
1994-12-21,35.8800,17.9400,,,,,,,,,,,,,,
1994-12-22,35.5000,17.7500,,,,,,,,,,,,,,
1994-12-23,35.3800,17.6900,,,,,,,,,,,,,,
1994-12-27,35.6200,17.8100,,,,,,,,,,,,,,
1994-12-28,35.7500,17.8750,,,,,,,,,,,,,,
1994-12-29,35.8800,17.9400,,,,,,,,,,,,,,
1994-12-30,35.6200,17.8100,,,,,,,,,,,,,,
1995-01-03,35.6200,17.8100,,,,,,,,,,,,,,
1995-01-04,35.7500,17.8750,,,,,,,,,,,,,,
1995-01-05,35.7500,17.8750,,,,,,,,,,,,,,
1995-01-06,36.2500,18.1250,,,,,,,,,,,,,,
1995-01-09,35.8800,17.9400,,,,,,,,,,,,,,
1995-01-10,36.0000,18.0000,,,,,,,,,,,,,,
1995-01-11,36.0000,18.0000,,,,,,,,,,,,,,
1995-01-12,36.0000,18.0000,,,,,,,,,,,,,,
1995-01-13,36.3800,18.1900,,,,,,,,,,,,,,
1995-01-16,36.5000,18.2500,,,,,,,,,,,,,,
1995-01-17,37.1200,18.5600,,,,,,,,,,,,,,
1995-01-18,37.6200,18.8100,,,,,,,,,,,,,,
1995-01-19,37.3800,18.6900,,,,,,,,,,,,,,
1995-01-20,38.1200,19.0600,,,,,,,,,,,,,,
1995-01-23,38.3800,19.1900,,,,,,,,,,,,,,
1995-01-24,38.8800,19.4400,,,,,,,,,,,,,,
1995-01-25,39.0000,19.5000,,,,,,,,,,,,,,
1995-01-26,38.8800,19.4400,,,,,,,,,,,,,,
1995-01-27,39.6200,19.8100,,,,,,,,,,,,,,
1995-01-30,39.6200,19.8100,,,,,,,,,,,,,,
1995-01-31,39.8800,19.9400,,,,,,,,,,,,,,
1995-02-01,40.1200,20.0600,,,,,,,,,,,,,,
1995-02-02,40.2500,20.1250,,,,,,,,,,,,,,
1995-02-03,40.6200,20.3100,,,,,,,,,,,,,,
1995-02-06,40.1200,20.0600,,,,,,,,,,,,,,
1995-02-07,40.6200,20.3100,,,,,,,,,,,,,,
1995-02-08,40.2500,20.1250,,,,,,,,,,,,,,
1995-02-09,39.7500,19.8750,,,,,,,,,,,,,,
1995-02-10,39.1200,19.5600,,,,,,,,,,,,,,
1995-02-13,38.8800,19.4400,,,,,,,,,,,,,,
1995-02-14,39.1200,19.5600,,,,,,,,,,,,,,
1995-02-15,39.5000,19.7500,,,,,,,,,,,,,,
1995-02-16,39.0000,19.5000,,,,,,,,,,,,,,
1995-02-17,39.0000,19.5000,,,,,,,,,,,,,,
1995-02-21,39.5000,19.7500,,,,,,,,,,,,,,
1995-02-22,40.2500,20.1250,,,,,,,,,,,,,,
1995-02-23,38.3800,19.1900,,,,,,,,,,,,,,
1995-02-24,39.0000,19.5000,,,,,,,,,,,,,,
1995-02-27,38.5000,19.2500,,,,,,,,,,,,,,
1995-02-28,38.2500,19.1250,,,,,,,,,,,,,,
1995-03-01,37.8800,18.9400,,,,,,,,,,,,,,
1995-03-02,37.5000,18.7500,,,,,,,,,,,,,,
1995-03-03,37.6200,18.8100,,,,,,,,,,,,,,
1995-03-06,38.0000,19.0000,,,,,,,,,,,,,,
1995-03-07,37.6200,18.8100,,,,,,,,,,,,,,
1995-03-08,37.7500,18.8750,,,,,,,,,,,,,,
1995-03-09,37.6200,18.8100,,,,,,,,,,,,,,
1995-03-10,38.1200,19.0600,,,,,,,,,,,,,,
1995-03-13,38.5000,19.2500,,,,,,,,,,,,,,
1995-03-14,38.8800,19.4400,,,,,,,,,,,,,,
1995-03-15,38.5000,19.2500,,,,,,,,,,,,,,
1995-03-16,38.3800,19.1900,,,,,,,,,,,,,,
1995-03-17,38.2500,19.1250,,,,,,,,,,,,,,
1995-03-20,37.5000,18.7500,,,,,,,,,,,,,,
1995-03-21,37.6200,18.8100,,,,,,,,,,,,,,
1995-03-22,37.5000,18.7500,,,,,,,,,,,,,,
1995-03-23,37.7500,18.8750,,,,,,,,,,,,,,
1995-03-24,38.3800,19.1900,,,,,,,,,,,,,,
1995-03-27,38.3800,19.1900,,,,,,,,,,,,,,
1995-03-28,38.0000,19.0000,,,,,,,,,,,,,,
1995-03-29,38.3800,19.1900,,,,,,,,,,,,,,
1995-03-30,38.3800,19.1900,,,,,,,,,,,,,,
1995-03-31,38.1200,19.0600,,,,,,,,,,,,,,
1995-04-03,37.8800,18.9400,,,,,,,,,,,,,,
1995-04-04,38.6200,19.3100,,,,,,,,,,,,,,
1995-04-05,39.1200,19.5600,,,,,,,,,,,,,,
1995-04-06,39.2500,19.6250,,,,,,,,,,,,,,
1995-04-07,39.5000,19.7500,,,,,,,,,,,,,,
1995-04-10,39.5000,19.7500,,,,,,,,,,,,,,
1995-04-11,39.5000,19.7500,,,,,,,,,,,,,,
1995-04-12,39.5000,19.7500,,,,,,,,,,,,,,
1995-04-13,39.6200,19.8100,,,,,,,,,,,,,,
1995-04-17,39.2500,19.6250,,,,,,,,,,,,,,
1995-04-18,39.1200,19.5600,,,,,,,,,,,,,,
1995-04-19,39.3800,19.6900,,,,,,,,,,,,,,
1995-04-20,39.5000,19.7500,,,,,,,,,,,,,,
1995-04-21,39.6200,19.8100,,,,,,,,,,,,,,
1995-04-24,39.7500,19.8750,,,,,,,,,,,,,,
1995-04-25,39.5000,19.7500,,,,,,,,,,,,,,
1995-04-26,39.5000,19.7500,,,,,,,,,,,,,,
1995-04-27,39.5000,19.7500,,,,,,,,,,,,,,
1995-04-28,39.3800,19.6900,,,,,,,,,,,,,,
1995-05-01,39.5000,19.7500,,,,,,,,,,,,,,
1995-05-02,39.7500,19.8750,,,,,,,,,,,,,,
1995-05-03,40.0000,20.0000,,,,,,,,,,,,,,
1995-05-04,40.3800,20.1900,,,,,,,,,,,,,,
1995-05-05,40.6200,20.3100,,,,,,,,,,,,,,
1995-05-08,40.8800,20.4400,,,,,,,,,,,,,,
1995-05-09,40.8800,20.4400,,,,,,,,,,,,,,
1995-05-10,40.3800,20.1900,,,,,,,,,,,,,,
1995-05-11,40.3800,20.1900,,,,,,,,,,,,,,
1995-05-12,40.3800,20.1900,,,,,,,,,,,,,,
1995-05-15,40.6200,20.3100,,,,,,,,,,,,,,
1995-05-16,40.6200,20.3100,,,,,,,,,,,,,,
1995-05-17,40.7500,20.3750,,,,,,,,,,,,,,
1995-05-18,40.3800,20.1900,,,,,,,,,,,,,,
1995-05-19,40.5000,20.2500,,,,,,,,,,,,,,
1995-05-22,40.5000,20.2500,,,,,,,,,,,,,,
1995-05-23,41.0000,20.5000,,,,,,,,,,,,,,
1995-05-24,40.8800,20.4400,,,,,,,,,,,,,,
1995-05-25,41.7500,20.8750,,,,,,,,,,,,,,
1995-05-26,42.5000,21.2500,,,,,,,,,,,,,,
1995-05-30,42.6200,21.3100,,,,,,,,,,,,,,
1995-05-31,43.0000,21.5000,,,,,,,,,,,,,,
1995-06-01,42.7500,21.3750,,,,,,,,,,,,,,
1995-06-02,43.3800,21.6900,,,,,,,,,,,,,,
1995-06-05,43.7500,21.8750,,,,,,,,,,,,,,
1995-06-06,43.3800,21.6900,,,,,,,,,,,,,,
1995-06-07,43.0000,21.5000,,,,,,,,,,,,,,
1995-06-08,42.5000,21.2500,,,,,,,,,,,,,,
1995-06-09,41.8800,20.9400,,,,,,,,,,,,,,
1995-06-12,42.6200,21.3100,,,,,,,,,,,,,,
1995-06-13,43.0000,21.5000,,,,,,,,,,,,,,
1995-06-14,42.8800,21.4400,,,,,,,,,,,,,,
1995-06-15,42.5000,21.2500,,,,,,,,,,,,,,
1995-06-16,42.6200,21.3100,,,,,,,,,,,,,,
1995-06-19,42.8800,21.4400,,,,,,,,,,,,,,
1995-06-20,42.6200,21.3100,,,,,,,,,,,,,,
1995-06-21,43.0000,21.5000,,,,,,,,,,,,,,
1995-06-22,43.5000,21.7500,,,,,,,,,,,,,,
1995-06-23,43.1200,21.5600,,,,,,,,,,,,,,
1995-06-26,42.7500,21.3750,,,,,,,,,,,,,,
1995-06-27,42.5000,21.2500,,,,,,,,,,,,,,
1995-06-28,43.5000,21.7500,,,,,,,,,,,,,,
1995-06-29,42.7500,21.3750,,,,,,,,,,,,,,
1995-06-30,42.1200,21.0600,,,,,,,,,,,,,,
1995-07-03,42.7500,21.3750,,,,,,,,,,,,,,
1995-07-05,42.7500,21.3750,,,,,,,,,,,,,,
1995-07-06,43.0000,21.5000,,,,,,,,,,,,,,
1995-07-07,42.8800,21.4400,,,,,,,,,,,,,,
1995-07-10,43.0000,21.5000,,,,,,,,,,,,,,
1995-07-11,42.6200,21.3100,,,,,,,,,,,,,,
1995-07-12,42.7500,21.3750,,,,,,,,,,,,,,
1995-07-13,43.1200,21.5600,,,,,,,,,,,,,,
1995-07-14,43.1200,21.5600,,,,,,,,,,,,,,
1995-07-17,43.1200,21.5600,,,,,,,,,,,,,,
1995-07-18,43.0000,21.5000,,,,,,,,,,,,,,
1995-07-19,43.0000,21.5000,,,,,,,,,,,,,,
1995-07-20,43.0000,21.5000,,,,,,,,,,,,,,
1995-07-21,42.8800,21.4400,,,,,,,,,,,,,,
1995-07-24,43.2500,21.6250,,,,,,,,,,,,,,
1995-07-25,43.7500,21.8750,,,,,,,,,,,,,,
1995-07-26,43.5000,21.7500,,,,,,,,,,,,,,
1995-07-27,43.8800,21.9400,,,,,,,,,,,,,,
1995-07-28,44.0000,22.0000,,,,,,,,,,,,,,
1995-07-31,43.7500,21.8750,,,,,,,,,,,,,,
1995-08-01,43.7500,21.8750,,,,,,,,,,,,,,
1995-08-02,43.5000,21.7500,,,,,,,,,,,,,,
1995-08-03,43.5000,21.7500,,,,,,,,,,,,,,
1995-08-04,43.7500,21.8750,,,,,,,,,,,,,,
1995-08-07,43.6200,21.8100,,,,,,,,,,,,,,
1995-08-08,43.3800,21.6900,,,,,,,,,,,,,,
1995-08-09,43.6200,21.8100,,,,,,,,,,,,,,
1995-08-10,43.8800,21.9400,,,,,,,,,,,,,,
1995-08-11,43.8800,21.9400,,,,,,,,,,,,,,
1995-08-14,42.7500,21.3750,,,,,,,,,,,,,,
1995-08-15,42.6200,21.3100,,,,,,,,,,,,,,
1995-08-16,43.1200,21.5600,,,,,,,,,,,,,,
1995-08-17,43.1200,21.5600,,,,,,,,,,,,,,
1995-08-18,43.5000,21.7500,,,,,,,,,,,,,,
1995-08-21,43.0000,21.5000,,,,,,,,,,,,,,
1995-08-22,42.8800,21.4400,,,,,,,,,,,,,,
1995-08-23,42.3800,21.1900,,,,,,,,,,,,,,
1995-08-24,42.3800,21.1900,,,,,,,,,,,,,,
1995-08-25,43.0000,21.5000,,,,,,,,,,,,,,
1995-08-28,42.8800,21.4400,,,,,,,,,,,,,,
1995-08-29,42.3800,21.1900,,,,,,,,,,,,,,
1995-08-30,42.5000,21.2500,,,,,,,,,,,,,,
1995-08-31,42.5000,21.2500,,,,,,,,,,,,,,
1995-09-01,42.6200,21.3100,,,,,,,,,,,,,,
1995-09-05,42.8800,21.4400,,,,,,,,,,,,,,
1995-09-06,42.7500,21.3750,,,,,,,,,,,,,,
1995-09-07,42.8800,21.4400,,,,,,,,,,,,,,
1995-09-08,42.8800,21.4400,,,,,,,,,,,,,,
1995-09-11,43.0000,21.5000,,,,,,,,,,,,,,
1995-09-12,43.2500,21.6250,,,,,,,,,,,,,,
1995-09-13,43.1200,21.5600,,,,,,,,,,,,,,
1995-09-14,43.7500,21.8750,,,,,,,,,,,,,,
1995-09-15,43.0000,21.5000,,,,,,,,,,,,,,
1995-09-18,43.2500,21.6250,,,,,,,,,,,,,,
1995-09-19,43.0000,21.5000,,,,,,,,,,,,,,
1995-09-20,43.2500,21.6250,,,,,,,,,,,,,,
1995-09-21,42.8800,21.4400,,,,,,,,,,,,,,
1995-09-22,43.1200,21.5600,,,,,,,,,,,,,,
1995-09-25,43.7500,21.8750,,,,,,,,,,,,,,
1995-09-26,44.2500,22.1250,,,,,,,,,,,,,,
1995-09-27,44.5000,22.2500,,,,,,,,,,,,,,
1995-09-28,44.7500,22.3750,,,,,,,,,,,,,,
1995-09-29,44.1200,22.0600,,,,,,,,,,,,,,
1995-10-02,44.7500,22.3750,,,,,,,,,,,,,,
1995-10-03,45.5000,22.7500,,,,,,,,,,,,,,
1995-10-04,45.3800,22.6900,,,,,,,,,,,,,,
1995-10-05,45.6200,22.8100,,,,,,,,,,,,,,
1995-10-06,45.5000,22.7500,,,,,,,,,,,,,,
1995-10-09,45.6200,22.8100,,,,,,,,,,,,,,
1995-10-10,46.3800,23.1900,,,,,,,,,,,,,,
1995-10-11,46.3800,23.1900,,,,,,,,,,,,,,
1995-10-12,46.0000,23.0000,,,,,,,,,,,,,,
1995-10-13,45.6200,22.8100,,,,,,,,,,,,,,
1995-10-16,45.5000,22.7500,,,,,,,,,,,,,,
1995-10-17,45.5000,22.7500,,,,,,,,,,,,,,
1995-10-18,45.7500,22.8750,,,,,,,,,,,,,,
1995-10-19,46.0000,23.0000,,,,,,,,,,,,,,
1995-10-20,47.0000,23.5000,,,,,,,,,,,,,,
1995-10-23,46.5000,23.2500,,,,,,,,,,,,,,
1995-10-24,47.0000,23.5000,,,,,,,,,,,,,,
1995-10-25,47.6200,23.8100,,,,,,,,,,,,,,
1995-10-26,46.8800,23.4400,,,,,,,,,,,,,,
1995-10-27,46.6200,23.3100,,,,,,,,,,,,,,
1995-10-30,46.7500,23.3750,,,,,,,,,,,,,,
1995-10-31,46.3800,23.1900,,,,,,,,,,,,,,
1995-11-01,46.8800,23.4400,,,,,,,,,,,,,,
1995-11-02,46.7500,23.3750,,,,,,,,,,,,,,
1995-11-03,47.0000,23.5000,,,,,,,,,,,,,,
1995-11-06,46.6200,23.3100,,,,,,,,,,,,,,
1995-11-07,46.5000,23.2500,,,,,,,,,,,,,,
1995-11-08,46.5000,23.2500,,,,,,,,,,,,,,
1995-11-09,46.5000,23.2500,,,,,,,,,,,,,,
1995-11-10,46.6200,23.3100,,,,,,,,,,,,,,
1995-11-13,46.8800,23.4400,,,,,,,,,,,,,,
1995-11-14,45.5000,22.7500,,,,,,,,,,,,,,
1995-11-15,45.5000,22.7500,,,,,,,,,,,,,,
1995-11-16,45.8800,22.9400,,,,,,,,,,,,,,
1995-11-17,45.8800,22.9400,,,,,,,,,,,,,,
1995-11-20,45.7500,22.8750,,,,,,,,,,,,,,
1995-11-21,46.0000,23.0000,,,,,,,,,,,,,,
1995-11-22,46.0000,23.0000,,,,,,,,,,,,,,
1995-11-24,45.8800,22.9400,,,,,,,,,,,,,,
1995-11-27,46.1200,23.0600,,,,,,,,,,,,,,
1995-11-28,46.1200,23.0600,,,,,,,,,,,,,,
1995-11-29,46.1200,23.0600,,,,,,,,,,,,,,
1995-11-30,45.7500,22.8750,,,,,,,,,,,,,,
1995-12-01,46.2500,23.1250,,,,,,,,,,,,,,
1995-12-04,46.8800,23.4400,,,,,,,,,,,,,,
1995-12-05,47.2500,23.6250,,,,,,,,,,,,,,
1995-12-06,47.6200,23.8100,,,,,,,,,,,,,,
1995-12-07,47.2500,23.6250,,,,,,,,,,,,,,
1995-12-08,47.0000,23.5000,,,,,,,,,,,,,,
1995-12-11,23.7500,23.7500,1,2,,,,,,,,,,,,
1995-12-12,23.8800,23.8800,,,,,,,,,,,,,,
1995-12-13,23.5000,23.5000,,,,,,,,,,,,,,
1995-12-14,23.7500,23.7500,,,,,,,,,,,,,,
1995-12-15,23.8800,23.8800,,,,,,,,,,,,,,
1995-12-18,24.2500,24.2500,,,,,,,,,,,,,,
1995-12-19,24.2500,24.2500,,,,,,,,,,,,,,
1995-12-20,23.8800,23.8800,,,,,,,,,,,,,,
1995-12-21,24.1200,24.1200,,,,,,,,,,,,,,
1995-12-22,24.3800,24.3800,,,,,,,,,,,,,,
1995-12-26,24.1200,24.1200,,,,,,,,,,,,,,
1995-12-27,24.1200,24.1200,,,,,,,,,,,,,,
1995-12-28,24.3800,24.3800,,,,,,,,,,,,,,
1995-12-29,24.2500,24.2500,,,,,,,,,,,,,,
1996-01-02,24.6200,24.6200,,,,,,,,,,,,,,
1996-01-03,24.6200,24.6200,,,,,,,,,,,,,,
1996-01-04,24.6200,24.6200,,,,,,,,,,,,,,
1996-01-05,25.2500,25.2500,,,,,,,,,,,,,,
1996-01-08,25.5000,25.5000,,,,,,,,,,,,,,
1996-01-09,25.3800,25.3800,,,,,,,,,,,,,,
1996-01-10,25.0000,25.0000,,,,,,,,,,,,,,
1996-01-11,25.0000,25.0000,,,,,,,,,,,,,,
1996-01-12,24.5000,24.5000,,,,,,,,,,,,,,
1996-01-15,24.7500,24.7500,,,,,,,,,,,,,,
1996-01-16,25.3800,25.3800,,,,,,,,,,,,,,
1996-01-17,25.3800,25.3800,,,,,,,,,,,,,,
1996-01-18,25.0000,25.0000,,,,,,,,,,,,,,
1996-01-19,25.1200,25.1200,,,,,,,,,,,,,,
1996-01-22,24.5000,24.5000,,,,,,,,,,,,,,
1996-01-23,24.2500,24.2500,,,,,,,,,,,,,,
1996-01-24,24.1200,24.1200,,,,,,,,,,,,,,
1996-01-25,24.0000,24.0000,,,,,,,,,,,,,,
1996-01-26,24.0000,24.0000,,,,,,,,,,,,,,
1996-01-29,23.8800,23.8800,,,,,,,,,,,,,,
1996-01-30,24.0000,24.0000,,,,,,,,,,,,,,
1996-01-31,24.0000,24.0000,,,,,,,,,,,,,,
1996-02-01,24.3800,24.3800,,,,,,,,,,,,,,
1996-02-02,24.0000,24.0000,,,,,,,,,,,,,,
1996-02-05,23.8800,23.8800,,,,,,,,,,,,,,
1996-02-06,24.1200,24.1200,,,,,,,,,,,,,,
1996-02-07,24.5000,24.5000,,,,,,,,,,,,,,
1996-02-08,24.7500,24.7500,,,,,,,,,,,,,,
1996-02-09,24.6200,24.6200,,,,,,,,,,,,,,
1996-02-12,24.6200,24.6200,,,,,,,,,,,,,,
1996-02-13,24.1200,24.1200,,,,,,,,,,,,,,
1996-02-14,23.3800,23.3800,,,,,,,,,,,,,,
1996-02-15,23.0000,23.0000,,,,,,,,,,,,,,
1996-02-16,22.7500,22.7500,,,,,,,,,,,,,,
1996-02-20,22.1200,22.1200,,,,,,,,,,,,,,
1996-02-21,22.7500,22.7500,,,,,,,,,,,,,,
1996-02-22,23.1200,23.1200,,,,,,,,,,,,,,
1996-02-23,23.0000,23.0000,,,,,,,,,,,,,,
1996-02-26,22.5000,22.5000,,,,,,,,,,,,,,
1996-02-27,22.6200,22.6200,,,,,,,,,,,,,,
1996-02-28,22.7500,22.7500,,,,,,,,,,,,,,
1996-02-29,22.6200,22.6200,,,,,,,,,,,,,,
1996-03-01,23.0000,23.0000,,,,,,,,,,,,,,
1996-03-04,23.5000,23.5000,,,,,,,,,,,,,,
1996-03-05,23.5000,23.5000,,,,,,,,,,,,,,
1996-03-06,23.1200,23.1200,,,,,,,,,,,,,,
1996-03-07,23.0000,23.0000,,,,,,,,,,,,,,
1996-03-08,22.3800,22.3800,,,,,,,,,,,,,,
1996-03-11,22.2500,22.2500,,,,,,,,,,,,,,
1996-03-12,22.3800,22.3800,,,,,,,,,,,,,,
1996-03-13,22.0000,22.0000,,,,,,,,,,,,,,
1996-03-14,22.1200,22.1200,,,,,,,,,,,,,,
1996-03-15,21.8800,21.8800,,,,,,,,,,,,,,
1996-03-18,22.8800,22.8800,,,,,,,,,,,,,,
1996-03-19,22.5000,22.5000,,,,,,,,,,,,,,
1996-03-20,22.3800,22.3800,,,,,,,,,,,,,,
1996-03-21,22.3800,22.3800,,,,,,,,,,,,,,
1996-03-22,22.6200,22.6200,,,,,,,,,,,,,,
1996-03-25,22.6200,22.6200,,,,,,,,,,,,,,
1996-03-26,22.6200,22.6200,,,,,,,,,,,,,,
1996-03-27,22.6200,22.6200,,,,,,,,,,,,,,
1996-03-28,22.1600,22.1600,,,,,,,,,,,,,,
1996-03-29,21.6200,21.6200,,,,,,,,,,,,,,
1996-04-01,22.1200,22.1200,,,,,,,,,,,,,,
1996-04-02,22.3800,22.3800,,,,,,,,,,,,,,
1996-04-03,22.2500,22.2500,,,,,,,,,,,,,,
1996-04-04,22.3800,22.3800,,,,,,,,,,,,,,
1996-04-08,21.7500,21.7500,,,,,,,,,,,,,,
1996-04-09,22.0000,22.0000,,,,,,,,,,,,,,
1996-04-10,21.7500,21.7500,,,,,,,,,,,,,,
1996-04-11,21.5000,21.5000,,,,,,,,,,,,,,
1996-04-12,21.5000,21.5000,,,,,,,,,,,,,,
1996-04-15,21.3800,21.3800,,,,,,,,,,,,,,
1996-04-16,21.0000,21.0000,,,,,,,,,,,,,,
1996-04-17,21.0000,21.0000,,,,,,,,,,,,,,
1996-04-18,21.1200,21.1200,,,,,,,,,,,,,,
1996-04-19,20.5000,20.5000,,,,,,,,,,,,,,
1996-04-22,21.3800,21.3800,,,,,,,,,,,,,,
1996-04-23,21.2500,21.2500,,,,,,,,,,,,,,
1996-04-24,21.2500,21.2500,,,,,,,,,,,,,,
1996-04-25,21.0000,21.0000,,,,,,,,,,,,,,
1996-04-26,20.8800,20.8800,,,,,,,,,,,,,,
1996-04-29,21.1200,21.1200,,,,,,,,,,,,,,
1996-04-30,21.3800,21.3800,,,,,,,,,,,,,,
1996-05-01,22.0000,22.0000,,,,,,,,,,,,,,
1996-05-02,21.5000,21.5000,,,,,,,,,,,,,,
1996-05-03,21.3800,21.3800,,,,,,,,,,,,,,
1996-05-06,22.1200,22.1200,,,,,,,,,,,,,,
1996-05-07,22.1200,22.1200,,,,,,,,,,,,,,
1996-05-08,23.1200,23.1200,,,,,,,,,,,,,,
1996-05-09,22.7500,22.7500,,,,,,,,,,,,,,
1996-05-10,23.0000,23.0000,,,,,,,,,,,,,,
1996-05-13,23.5000,23.5000,,,,,,,,,,,,,,
1996-05-14,23.2500,23.2500,,,,,,,,,,,,,,
1996-05-15,23.1200,23.1200,,,,,,,,,,,,,,
1996-05-16,22.7500,22.7500,,,,,,,,,,,,,,
1996-05-17,22.7500,22.7500,,,,,,,,,,,,,,
1996-05-20,22.6200,22.6200,,,,,,,,,,,,,,
1996-05-21,23.0000,23.0000,,,,,,,,,,,,,,
1996-05-22,23.3800,23.3800,,,,,,,,,,,,,,
1996-05-23,23.0000,23.0000,,,,,,,,,,,,,,
1996-05-24,22.8800,22.8800,,,,,,,,,,,,,,
1996-05-28,22.6200,22.6200,,,,,,,,,,,,,,
1996-05-29,22.3800,22.3800,,,,,,,,,,,,,,
1996-05-30,22.2500,22.2500,,,,,,,,,,,,,,
1996-05-31,21.8800,21.8800,,,,,,,,,,,,,,
1996-06-03,21.6200,21.6200,,,,,,,,,,,,,,
1996-06-04,22.0000,22.0000,,,,,,,,,,,,,,
1996-06-05,22.5000,22.5000,,,,,,,,,,,,,,
1996-06-06,23.0000,23.0000,,,,,,,,,,,,,,
1996-06-07,22.8800,22.8800,,,,,,,,,,,,,,
1996-06-10,22.8800,22.8800,,,,,,,,,,,,,,
1996-06-11,23.3800,23.3800,,,,,,,,,,,,,,
1996-06-12,23.1200,23.1200,,,,,,,,,,,,,,
1996-06-13,23.1200,23.1200,,,,,,,,,,,,,,
1996-06-14,23.1200,23.1200,,,,,,,,,,,,,,
1996-06-17,23.0000,23.0000,,,,,,,,,,,,,,
1996-06-18,22.7500,22.7500,,,,,,,,,,,,,,
1996-06-19,22.5000,22.5000,,,,,,,,,,,,,,
1996-06-20,22.5000,22.5000,,,,,,,,,,,,,,
1996-06-21,22.8800,22.8800,,,,,,,,,,,,,,
1996-06-24,23.1200,23.1200,,,,,,,,,,,,,,
1996-06-25,23.1200,23.1200,,,,,,,,,,,,,,
1996-06-26,23.2500,23.2500,,,,,,,,,,,,,,
1996-06-27,24.0000,24.0000,,,,,,,,,,,,,,
1996-06-28,24.6200,24.6200,,,,,,,,,,,,,,
1996-07-01,24.7500,24.7500,,,,,,,,,,,,,,
1996-07-02,24.1200,24.1200,,,,,,,,,,,,,,
1996-07-03,24.1200,24.1200,,,,,,,,,,,,,,
1996-07-05,23.2500,23.2500,,,,,,,,,,,,,,
1996-07-08,23.2500,23.2500,,,,,,,,,,,,,,
1996-07-09,23.5000,23.5000,,,,,,,,,,,,,,
1996-07-10,23.5000,23.5000,,,,,,,,,,,,,,
1996-07-11,23.5000,23.5000,,,,,,,,,,,,,,
1996-07-12,23.7500,23.7500,,,,,,,,,,,,,,
1996-07-15,23.7500,23.7500,,,,,,,,,,,,,,
1996-07-16,23.5000,23.5000,,,,,,,,,,,,,,
1996-07-17,23.1200,23.1200,,,,,,,,,,,,,,
1996-07-18,22.8800,22.8800,,,,,,,,,,,,,,
1996-07-19,22.7500,22.7500,,,,,,,,,,,,,,
1996-07-22,22.7500,22.7500,,,,,,,,,,,,,,
1996-07-23,22.6200,22.6200,,,,,,,,,,,,,,
1996-07-24,22.6200,22.6200,,,,,,,,,,,,,,
1996-07-25,22.6200,22.6200,,,,,,,,,,,,,,
1996-07-26,22.6200,22.6200,,,,,,,,,,,,,,
1996-07-29,22.6200,22.6200,,,,,,,,,,,,,,
1996-07-30,22.5000,22.5000,,,,,,,,,,,,,,
1996-07-31,22.6200,22.6200,,,,,,,,,,,,,,
1996-08-01,23.2500,23.2500,,,,,,,,,,,,,,
1996-08-02,23.7500,23.7500,,,,,,,,,,,,,,
1996-08-05,23.7500,23.7500,,,,,,,,,,,,,,
1996-08-06,23.5000,23.5000,,,,,,,,,,,,,,
1996-08-07,23.7500,23.7500,,,,,,,,,,,,,,
1996-08-08,23.3800,23.3800,,,,,,,,,,,,,,
1996-08-09,23.6200,23.6200,,,,,,,,,,,,,,
1996-08-12,22.8800,22.8800,,,,,,,,,,,,,,
1996-08-13,22.7500,22.7500,,,,,,,,,,,,,,
1996-08-14,22.2500,22.2500,,,,,,,,,,,,,,
1996-08-15,22.0000,22.0000,,,,,,,,,,,,,,
1996-08-16,22.3800,22.3800,,,,,,,,,,,,,,
1996-08-19,22.3800,22.3800,,,,,,,,,,,,,,
1996-08-20,22.0000,22.0000,,,,,,,,,,,,,,
1996-08-21,21.8800,21.8800,,,,,,,,,,,,,,
1996-08-22,22.1200,22.1200,,,,,,,,,,,,,,
1996-08-23,21.8800,21.8800,,,,,,,,,,,,,,
1996-08-26,22.0000,22.0000,,,,,,,,,,,,,,
1996-08-27,22.1200,22.1200,,,,,,,,,,,,,,
1996-08-28,21.8800,21.8800,,,,,,,,,,,,,,
1996-08-29,22.0000,22.0000,,,,,,,,,,,,,,
1996-08-30,21.7500,21.7500,,,,,,,,,,,,,,
1996-09-03,21.5000,21.5000,,,,,,,,,,,,,,
1996-09-04,21.1200,21.1200,,,,,,,,,,,,,,
1996-09-05,21.3800,21.3800,,,,,,,,,,,,,,
1996-09-06,21.3800,21.3800,,,,,,,,,,,,,,
1996-09-09,21.3800,21.3800,,,,,,,,,,,,,,
1996-09-10,21.5000,21.5000,,,,,,,,,,,,,,
1996-09-11,22.0000,22.0000,,,,,,,,,,,,,,
1996-09-12,22.1200,22.1200,,,,,,,,,,,,,,
1996-09-13,22.2500,22.2500,,,,,,,,,,,,,,
1996-09-16,22.5000,22.5000,,,,,,,,,,,,,,
1996-09-17,22.2500,22.2500,,,,,,,,,,,,,,
1996-09-18,22.7500,22.7500,,,,,,,,,,,,,,
1996-09-19,22.5000,22.5000,,,,,,,,,,,,,,
1996-09-20,22.5000,22.5000,,,,,,,,,,,,,,
1996-09-23,22.6200,22.6200,,,,,,,,,,,,,,
1996-09-24,22.7500,22.7500,,,,,,,,,,,,,,
1996-09-25,22.7500,22.7500,,,,,,,,,,,,,,
1996-09-26,22.6200,22.6200,,,,,,,,,,,,,,
1996-09-27,22.5000,22.5000,,,,,,,,,,,,,,
1996-09-30,22.1200,22.1200,,,,,,,,,,,,,,
1996-10-01,22.3800,22.3800,,,,,,,,,,,,,,
1996-10-02,22.3800,22.3800,,,,,,,,,,,,,,
1996-10-03,22.3800,22.3800,,,,,,,,,,,,,,
1996-10-04,22.6200,22.6200,,,,,,,,,,,,,,
1996-10-07,22.7500,22.7500,,,,,,,,,,,,,,
1996-10-08,22.7500,22.7500,,,,,,,,,,,,,,
1996-10-09,22.8800,22.8800,,,,,,,,,,,,,,
1996-10-10,22.8800,22.8800,,,,,,,,,,,,,,
1996-10-11,22.8800,22.8800,,,,,,,,,,,,,,
1996-10-14,23.0000,23.0000,,,,,,,,,,,,,,
1996-10-15,23.1200,23.1200,,,,,,,,,,,,,,
1996-10-16,23.2500,23.2500,,,,,,,,,,,,,,
1996-10-17,23.2500,23.2500,,,,,,,,,,,,,,
1996-10-18,23.2500,23.2500,,,,,,,,,,,,,,
1996-10-21,23.1200,23.1200,,,,,,,,,,,,,,
1996-10-22,23.0000,23.0000,,,,,,,,,,,,,,
1996-10-23,23.1200,23.1200,,,,,,,,,,,,,,
1996-10-24,23.0000,23.0000,,,,,,,,,,,,,,
1996-10-25,23.1200,23.1200,,,,,,,,,,,,,,
1996-10-28,22.7500,22.7500,,,,,,,,,,,,,,
1996-10-29,23.1200,23.1200,,,,,,,,,,,,,,
1996-10-30,23.2500,23.2500,,,,,,,,,,,,,,
1996-10-31,22.8800,22.8800,,,,,,,,,,,,,,
1996-11-01,23.0000,23.0000,,,,,,,,,,,,,,
1996-11-04,23.1200,23.1200,,,,,,,,,,,,,,
1996-11-05,23.3800,23.3800,,,,,,,,,,,,,,
1996-11-06,24.0000,24.0000,,,,,,,,,,,,,,
1996-11-07,23.8800,23.8800,,,,,,,,,,,,,,
1996-11-08,24.0000,24.0000,,,,,,,,,,,,,,
1996-11-11,24.0000,24.0000,,,,,,,,,,,,,,
1996-11-12,23.8800,23.8800,,,,,,,,,,,,,,
1996-11-13,23.0000,23.0000,,,,,,,,,,,,,,
1996-11-14,23.5000,23.5000,,,,,,,,,,,,,,
1996-11-15,23.1200,23.1200,,,,,,,,,,,,,,
1996-11-18,23.0000,23.0000,,,,,,,,,,,,,,
1996-11-19,22.8800,22.8800,,,,,,,,,,,,,,
1996-11-20,22.6200,22.6200,,,,,,,,,,,,,,
1996-11-21,22.7500,22.7500,,,,,,,,,,,,,,
1996-11-22,22.3800,22.3800,,,,,,,,,,,,,,
1996-11-25,22.1200,22.1200,,,,,,,,,,,,,,
1996-11-26,22.2500,22.2500,,,,,,,,,,,,,,
1996-11-27,22.1200,22.1200,,,,,,,,,,,,,,
1996-11-29,22.0000,22.0000,,,,,,,,,,,,,,
1996-12-02,22.0000,22.0000,,,,,,,,,,,,,,
1996-12-03,21.7500,21.7500,,,,,,,,,,,,,,
1996-12-04,21.7500,21.7500,,,,,,,,,,,,,,
1996-12-05,21.6200,21.6200,,,,,,,,,,,,,,
1996-12-06,21.2500,21.2500,,,,,,,,,,,,,,
1996-12-09,21.5000,21.5000,,,,,,,,,,,,,,
1996-12-10,21.3800,21.3800,,,,,,,,,,,,,,
1996-12-11,21.7500,21.7500,,,,,,,,,,,,,,
1996-12-12,21.6200,21.6200,,,,,,,,,,,,,,
1996-12-13,21.2500,21.2500,,,,,,,,,,,,,,
1996-12-16,21.2500,21.2500,,,,,,,,,,,,,,
1996-12-17,21.6200,21.6200,,,,,,,,,,,,,,
1996-12-18,22.1200,22.1200,,,,,,,,,,,,,,
1996-12-19,22.3800,22.3800,,,,,,,,,,,,,,
1996-12-20,22.6200,22.6200,,,,,,,,,,,,,,
1996-12-23,22.6200,22.6200,,,,,,,,,,,,,,
1996-12-24,22.6200,22.6200,,,,,,,,,,,,,,
1996-12-26,23.0000,23.0000,,,,,,,,,,,,,,
1996-12-27,22.8800,22.8800,,,,,,,,,,,,,,
1996-12-30,22.7500,22.7500,,,,,,,,,,,,,,
1996-12-31,22.6200,22.6200,,,,,,,,,,,,,,
1997-01-02,22.3800,22.3800,,,,,,,,,,,,,,
1997-01-03,22.3800,22.3800,,,,,,,,,,,,,,
1997-01-06,22.2500,22.2500,,,,,,,,,,,,,,
1997-01-07,22.3800,22.3800,,,,,,,,,,,,,,
1997-01-08,22.6200,22.6200,,,,,,,,,,,,,,
1997-01-09,22.7500,22.7500,,,,,,,,,,,,,,
1997-01-10,22.6200,22.6200,,,,,,,,,,,,,,
1997-01-13,23.0000,23.0000,,,,,,,,,,,,,,
1997-01-14,23.0000,23.0000,,,,,,,,,,,,,,
1997-01-15,23.1200,23.1200,,,,,,,,,,,,,,
1997-01-16,23.1200,23.1200,,,,,,,,,,,,,,
1997-01-17,23.0000,23.0000,,,,,,,,,,,,,,
1997-01-20,23.0000,23.0000,,,,,,,,,,,,,,
1997-01-21,22.8800,22.8800,,,,,,,,,,,,,,
1997-01-22,23.2500,23.2500,,,,,,,,,,,,,,
1997-01-23,23.0000,23.0000,,,,,,,,,,,,,,
1997-01-24,22.7500,22.7500,,,,,,,,,,,,,,
1997-01-27,22.6200,22.6200,,,,,,,,,,,,,,
1997-01-28,22.3800,22.3800,,,,,,,,,,,,,,
1997-01-29,22.3800,22.3800,,,,,,,,,,,,,,
1997-01-30,22.7500,22.7500,,,,,,,,,,,,,,
1997-01-31,22.6200,22.6200,,,,,,,,,,,,,,
1997-02-03,22.6200,22.6200,,,,,,,,,,,,,,
1997-02-04,22.6200,22.6200,,,,,,,,,,,,,,
1997-02-05,22.1200,22.1200,,,,,,,,,,,,,,
1997-02-06,22.7500,22.7500,,,,,,,,,,,,,,
1997-02-07,23.1200,23.1200,,,,,,,,,,,,,,
1997-02-10,22.8800,22.8800,,,,,,,,,,,,,,
1997-02-11,22.8800,22.8800,,,,,,,,,,,,,,
1997-02-12,22.7500,22.7500,,,,,,,,,,,,,,
1997-02-13,22.8800,22.8800,,,,,,,,,,,,,,
1997-02-14,22.6200,22.6200,,,,,,,,,,,,,,
1997-02-18,22.7500,22.7500,,,,,,,,,,,,,,
1997-02-19,22.7500,22.7500,,,,,,,,,,,,,,
1997-02-20,22.6200,22.6200,,,,,,,,,,,,,,
1997-02-21,22.6200,22.6200,,,,,,,,,,,,,,
1997-02-24,23.3800,23.3800,,,,,,,,,,,,,,
1997-02-25,23.5000,23.5000,,,,,,,,,,,,,,
1997-02-26,23.3800,23.3800,,,,,,,,,,,,,,
1997-02-27,23.1200,23.1200,,,,,,,,,,,,,,
1997-02-28,23.2500,23.2500,,,,,,,,,,,,,,
1997-03-03,23.3800,23.3800,,,,,,,,,,,,,,
1997-03-04,23.3800,23.3800,,,,,,,,,,,,,,
1997-03-05,23.3800,23.3800,,,,,,,,,,,,,,
1997-03-06,22.5000,22.5000,,,,,,,,,,,,,,
1997-03-07,22.5000,22.5000,,,,,,,,,,,,,,
1997-03-10,22.5000,22.5000,,,,,,,,,,,,,,
1997-03-11,22.2500,22.2500,,,,,,,,,,,,,,
1997-03-12,21.6200,21.6200,,,,,,,,,,,,,,
1997-03-13,21.3800,21.3800,,,,,,,,,,,,,,
1997-03-14,21.3800,21.3800,,,,,,,,,,,,,,
1997-03-17,21.6200,21.6200,,,,,,,,,,,,,,
1997-03-18,21.1200,21.1200,,,,,,,,,,,,,,
1997-03-19,21.1200,21.1200,,,,,,,,,,,,,,
1997-03-20,20.8800,20.8800,,,,,,,,,,,,,,
1997-03-21,20.7500,20.7500,,,,,,,,,,,,,,
1997-03-24,21.2500,21.2500,,,,,,,,,,,,,,
1997-03-25,21.5000,21.5000,,,,,,,,,,,,,,
1997-03-26,21.3800,21.3800,,,,,,,,,,,,,,
1997-03-27,21.0000,21.0000,,,,,,,,,,,,,,
1997-03-31,20.8800,20.8800,,,,,,,,,,,,,,
1997-04-01,20.6200,20.6200,,,,,,,,,,,,,,
1997-04-02,20.3800,20.3800,,,,,,,,,,,,,,
1997-04-03,20.3800,20.3800,,,,,,,,,,,,,,
1997-04-04,20.6200,20.6200,,,,,,,,,,,,,,
1997-04-07,20.5000,20.5000,,,,,,,,,,,,,,
1997-04-08,20.1200,20.1200,,,,,,,,,,,,,,
1997-04-09,20.3800,20.3800,,,,,,,,,,,,,,
1997-04-10,20.7500,20.7500,,,,,,,,,,,,,,
1997-04-11,20.1200,20.1200,,,,,,,,,,,,,,
1997-04-14,20.0000,20.0000,,,,,,,,,,,,,,
1997-04-15,19.8800,19.8800,,,,,,,,,,,,,,
1997-04-16,19.6200,19.6200,,,,,,,,,,,,,,
1997-04-17,18.8800,18.8800,,,,,,,,,,,,,,
1997-04-18,19.3800,19.3800,,,,,,,,,,,,,,
1997-04-21,19.2500,19.2500,,,,,,,,,,,,,,
1997-04-22,19.3800,19.3800,,,,,,,,,,,,,,
1997-04-23,19.3800,19.3800,,,,,,,,,,,,,,
1997-04-24,19.5000,19.5000,,,,,,,,,,,,,,
1997-04-25,19.2500,19.2500,,,,,,,,,,,,,,
1997-04-28,19.5000,19.5000,,,,,,,,,,,,,,
1997-04-29,19.8800,19.8800,,,,,,,,,,,,,,
1997-04-30,20.0000,20.0000,,,,,,,,,,,,,,
1997-05-01,20.0000,20.0000,,,,,,,,,,,,,,
1997-05-02,20.3800,20.3800,,,,,,,,,,,,,,
1997-05-05,21.1200,21.1200,,,,,,,,,,,,,,
1997-05-06,23.3800,23.3800,,,,,,,,,,,,,,
1997-05-07,22.6200,22.6200,,,,,,,,,,,,,,
1997-05-08,22.6200,22.6200,,,,,,,,,,,,,,
1997-05-09,22.2500,22.2500,,,,,,,,,,,,,,
1997-05-12,22.3800,22.3800,,,,,,,,,,,,,,
1997-05-13,22.6200,22.6200,,,,,,,,,,,,,,
1997-05-14,22.3800,22.3800,,,,,,,,,,,,,,
1997-05-15,22.6200,22.6200,,,,,,,,,,,,,,
1997-05-16,22.8800,22.8800,,,,,,,,,,,,,,
1997-05-19,21.7500,21.7500,,,,,,,,,,,,,,
1997-05-20,21.2500,21.2500,,,,,,,,,,,,,,
1997-05-21,20.6200,20.6200,,,,,,,,,,,,,,
1997-05-22,20.8800,20.8800,,,,,,,,,,,,,,
1997-05-23,20.7500,20.7500,,,,,,,,,,,,,,
1997-05-27,20.7500,20.7500,,,,,,,,,,,,,,
1997-05-28,20.6200,20.6200,,,,,,,,,,,,,,
1997-05-29,20.7500,20.7500,,,,,,,,,,,,,,
1997-05-30,20.7500,20.7500,,,,,,,,,,,,,,
1997-06-02,20.7500,20.7500,,,,,,,,,,,,,,
1997-06-03,20.5000,20.5000,,,,,,,,,,,,,,
1997-06-04,20.3800,20.3800,,,,,,,,,,,,,,
1997-06-05,20.5000,20.5000,,,,,,,,,,,,,,
1997-06-06,20.6200,20.6200,,,,,,,,,,,,,,
1997-06-09,20.8800,20.8800,,,,,,,,,,,,,,
1997-06-10,21.0000,21.0000,,,,,,,,,,,,,,
1997-06-11,21.1200,21.1200,,,,,,,,,,,,,,
1997-06-12,21.6200,21.6200,,,,,,,,,,,,,,
1997-06-13,21.5000,21.5000,,,,,,,,,,,,,,
1997-06-16,21.3800,21.3800,,,,,,,,,,,,,,
1997-06-17,21.5600,21.5600,,,,,,,,,,,,,,
1997-06-18,21.7500,21.7500,,,,,,,,,,,,,,
1997-06-19,22.0000,22.0000,,,,,,,,,,,,,,
1997-06-20,22.0000,22.0000,,,,,,,,,,,,,,
1997-06-23,21.5000,21.5000,,,,,,,,,,,,,,
1997-06-24,21.5600,21.5600,,,,,,,,,,,,,,
1997-06-25,21.3100,21.3100,,,,,,,,,,,,,,
1997-06-26,21.3800,21.3800,,,,,,,,,,,,,,
1997-06-27,21.4400,21.4400,,,,,,,,,,,,,,
1997-06-30,21.4400,21.4400,,,,,,,,,,,,,,
1997-07-01,21.3800,21.3800,,,,,,,,,,,,,,
1997-07-02,21.3100,21.3100,,,,,,,,,,,,,,
1997-07-03,21.6200,21.6200,,,,,,,,,,,,,,
1997-07-07,21.4400,21.4400,,,,,,,,,,,,,,
1997-07-08,21.5600,21.5600,,,,,,,,,,,,,,
1997-07-09,21.6200,21.6200,,,,,,,,,,,,,,
1997-07-10,21.8100,21.8100,,,,,,,,,,,,,,
1997-07-11,21.6900,21.6900,,,,,,,,,,,,,,
1997-07-14,21.6900,21.6900,,,,,,,,,,,,,,
1997-07-15,21.5600,21.5600,,,,,,,,,,,,,,
1997-07-16,21.5600,21.5600,,,,,,,,,,,,,,
1997-07-17,21.1900,21.1900,,,,,,,,,,,,,,
1997-07-18,21.1900,21.1900,,,,,,,,,,,,,,
1997-07-21,20.6900,20.6900,,,,,,,,,,,,,,
1997-07-22,21.0000,21.0000,,,,,,,,,,,,,,
1997-07-23,21.0000,21.0000,,,,,,,,,,,,,,
1997-07-24,21.0600,21.0600,,,,,,,,,,,,,,
1997-07-25,21.0000,21.0000,,,,,,,,,,,,,,
1997-07-28,21.0000,21.0000,,,,,,,,,,,,,,
1997-07-29,21.5000,21.5000,,,,,,,,,,,,,,
1997-07-30,21.4400,21.4400,,,,,,,,,,,,,,
1997-07-31,20.9400,20.9400,,,,,,,,,,,,,,
1997-08-01,20.6900,20.6900,,,,,,,,,,,,,,
1997-08-04,20.9400,20.9400,,,,,,,,,,,,,,
1997-08-05,21.3800,21.3800,,,,,,,,,,,,,,
1997-08-06,21.8800,21.8800,,,,,,,,,,,,,,
1997-08-07,21.8100,21.8100,,,,,,,,,,,,,,
1997-08-08,21.6200,21.6200,,,,,,,,,,,,,,
1997-08-11,22.0000,22.0000,,,,,,,,,,,,,,
1997-08-12,21.8100,21.8100,,,,,,,,,,,,,,
1997-08-13,21.0000,21.0000,,,,,,,,,,,,,,
1997-08-14,20.8800,20.8800,,,,,,,,,,,,,,
1997-08-15,20.6200,20.6200,,,,,,,,,,,,,,
1997-08-18,20.9400,20.9400,,,,,,,,,,,,,,
1997-08-19,20.5600,20.5600,,,,,,,,,,,,,,
1997-08-20,20.6900,20.6900,,,,,,,,,,,,,,
1997-08-21,20.5600,20.5600,,,,,,,,,,,,,,
1997-08-22,20.7500,20.7500,,,,,,,,,,,,,,
1997-08-25,20.4400,20.4400,,,,,,,,,,,,,,
1997-08-26,20.3800,20.3800,,,,,,,,,,,,,,
1997-08-27,20.6200,20.6200,,,,,,,,,,,,,,
1997-08-28,20.2500,20.2500,,,,,,,,,,,,,,
1997-08-29,20.2500,20.2500,,,,,,,,,,,,,,
1997-09-02,20.6200,20.6200,,,,,,,,,,,,,,
1997-09-03,20.6900,20.6900,,,,,,,,,,,,,,
1997-09-04,20.5000,20.5000,,,,,,,,,,,,,,
1997-09-05,20.6200,20.6200,,,,,,,,,,,,,,
1997-09-08,20.7500,20.7500,,,,,,,,,,,,,,
1997-09-09,20.7500,20.7500,,,,,,,,,,,,,,
1997-09-10,20.9400,20.9400,,,,,,,,,,,,,,
1997-09-11,20.5000,20.5000,,,,,,,,,,,,,,
1997-09-12,21.0000,21.0000,,,,,,,,,,,,,,
1997-09-15,20.8800,20.8800,,,,,,,,,,,,,,
1997-09-16,21.2500,21.2500,,,,,,,,,,,,,,
1997-09-17,21.1900,21.1900,,,,,,,,,,,,,,
1997-09-18,21.2500,21.2500,,,,,,,,,,,,,,
1997-09-19,21.3100,21.3100,,,,,,,,,,,,,,
1997-09-22,21.5600,21.5600,,,,,,,,,,,,,,
1997-09-23,21.4400,21.4400,,,,,,,,,,,,,,
1997-09-24,21.4400,21.4400,,,,,,,,,,,,,,
1997-09-25,21.5000,21.5000,,,,,,,,,,,,,,
1997-09-26,21.3800,21.3800,,,,,,,,,,,,,,
1997-09-29,21.4400,21.4400,,,,,,,,,,,,,,
1997-09-30,21.7500,21.7500,,,,,,,,,,,,,,
1997-10-01,21.7500,21.7500,,,,,,,,,,,,,,
1997-10-02,22.3100,22.3100,,,,,,,,,,,,,,
1997-10-03,22.0600,22.0600,,,,,,,,,,,,,,
1997-10-06,22.1900,22.1900,,,,,,,,,,,,,,
1997-10-07,22.3100,22.3100,,,,,,,,,,,,,,
1997-10-08,21.7500,21.7500,,,,,,,,,,,,,,
1997-10-09,21.8800,21.8800,,,,,,,,,,,,,,
1997-10-10,21.6900,21.6900,,,,,,,,,,,,,,
1997-10-13,22.0600,22.0600,,,,,,,,,,,,,,
1997-10-14,22.0600,22.0600,,,,,,,,,,,,,,
1997-10-15,22.1900,22.1900,,,,,,,,,,,,,,
1997-10-16,22.3800,22.3800,,,,,,,,,,,,,,
1997-10-17,22.3800,22.3800,,,,,,,,,,,,,,
1997-10-20,22.8800,22.8800,,,,,,,,,,,,,,
1997-10-21,22.8800,22.8800,,,,,,,,,,,,,,
1997-10-22,22.7500,22.7500,,,,,,,,,,,,,,
1997-10-23,22.3800,22.3800,,,,,,,,,,,,,,
1997-10-24,22.3800,22.3800,,,,,,,,,,,,,,
1997-10-27,21.6900,21.6900,,,,,,,,,,,,,,
1997-10-28,22.0000,22.0000,,,,,,,,,,,,,,
1997-10-29,21.7500,21.7500,,,,,,,,,,,,,,
1997-10-30,21.5000,21.5000,,,,,,,,,,,,,,
1997-10-31,21.7500,21.7500,,,,,,,,,,,,,,
1997-11-03,21.8800,21.8800,,,,,,,,,,,,,,
1997-11-04,21.8800,21.8800,,,,,,,,,,,,,,
1997-11-05,22.5000,22.5000,,,,,,,,,,,,,,
1997-11-06,22.5600,22.5600,,,,,,,,,,,,,,
1997-11-07,22.4400,22.4400,,,,,,,,,,,,,,
1997-11-10,22.1200,22.1200,,,,,,,,,,,,,,
1997-11-11,22.3100,22.3100,,,,,,,,,,,,,,
1997-11-12,22.2500,22.2500,,,,,,,,,,,,,,
1997-11-13,22.2500,22.2500,,,,,,,,,,,,,,
1997-11-14,22.2500,22.2500,,,,,,,,,,,,,,
1997-11-17,22.6900,22.6900,,,,,,,,,,,,,,
1997-11-18,22.3800,22.3800,,,,,,,,,,,,,,
1997-11-19,22.7500,22.7500,,,,,,,,,,,,,,
1997-11-20,23.2500,23.2500,,,,,,,,,,,,,,
1997-11-21,23.4400,23.4400,,,,,,,,,,,,,,
1997-11-24,23.4400,23.4400,,,,,,,,,,,,,,
1997-11-25,24.0600,24.0600,,,,,,,,,,,,,,
1997-11-26,23.6200,23.6200,,,,,,,,,,,,,,
1997-11-28,23.6900,23.6900,,,,,,,,,,,,,,
1997-12-01,24.0000,24.0000,,,,,,,,,,,,,,
1997-12-02,23.6200,23.6200,,,,,,,,,,,,,,
1997-12-03,23.3800,23.3800,,,,,,,,,,,,,,
1997-12-04,23.5000,23.5000,,,,,,,,,,,,,,
1997-12-05,23.5000,23.5000,,,,,,,,,,,,,,
1997-12-08,23.3800,23.3800,,,,,,,,,,,,,,
1997-12-09,23.6900,23.6900,,,,,,,,,,,,,,
1997-12-10,24.2500,24.2500,,,,,,,,,,,,,,
1997-12-11,24.3100,24.3100,,,,,,,,,,,,,,
1997-12-12,24.5000,24.5000,,,,,,,,,,,,,,
1997-12-15,24.6900,24.6900,,,,,,,,,,,,,,
1997-12-16,24.8100,24.8100,,,,,,,,,,,,,,
1997-12-17,25.2500,25.2500,,,,,,,,,,,,,,
1997-12-18,24.8800,24.8800,,,,,,,,,,,,,,
1997-12-19,24.7500,24.7500,,,,,,,,,,,,,,
1997-12-22,25.3800,25.3800,,,,,,,,,,,,,,
1997-12-23,26.0000,26.0000,,,,,,,,,,,,,,
1997-12-24,25.6200,25.6200,,,,,,,,,,,,,,
1997-12-26,25.7500,25.7500,,,,,,,,,,,,,,
1997-12-29,25.9400,25.9400,,,,,,,,,,,,,,
1997-12-30,26.6200,26.6200,,,,,,,,,,,,,,
1997-12-31,26.7500,26.7500,,,,,,,,,,,,,,
1998-01-02,26.0000,26.0000,,,,,,,,,,,,,,
1998-01-05,25.5600,25.5600,,,,,,,,,,,,,,
1998-01-06,25.8800,25.8800,,,,,,,,,,,,,,
1998-01-07,25.4400,25.4400,,,,,,,,,,,,,,
1998-01-08,25.9400,25.9400,,,,,,,,,,,,,,
1998-01-09,25.8800,25.8800,,,,,,,,,,,,,,
1998-01-12,26.3100,26.3100,,,,,,,,,,,,,,
1998-01-13,26.0000,26.0000,,,,,,,,,,,,,,
1998-01-14,26.0600,26.0600,,,,,,,,,,,,,,
1998-01-15,25.6200,25.6200,,,,,,,,,,,,,,
1998-01-16,25.5000,25.5000,,,,,,,,,,,,,,
1998-01-20,25.6900,25.6900,,,,,,,,,,,,,,
1998-01-21,25.7500,25.7500,,,,,,,,,,,,,,
1998-01-22,25.8100,25.8100,,,,,,,,,,,,,,
1998-01-23,25.8100,25.8100,,,,,,,,,,,,,,
1998-01-26,25.9400,25.9400,,,,,,,,,,,,,,
1998-01-27,25.9400,25.9400,,,,,,,,,,,,,,
1998-01-28,25.9400,25.9400,,,,,,,,,,,,,,
1998-01-29,25.9400,25.9400,,,,,,,,,,,,,,
1998-01-30,26.1200,26.1200,,,,,,,,,,,,,,
1998-02-02,26.1200,26.1200,,,,,,,,,,,,,,
1998-02-03,26.0600,26.0600,,,,,,,,,,,,,,
1998-02-04,26.1200,26.1200,,,,,,,,,,,,,,
1998-02-05,26.4400,26.4400,,,,,,,,,,,,,,
1998-02-06,26.7500,26.7500,,,,,,,,,,,,,,
1998-02-09,26.6200,26.6200,,,,,,,,,,,,,,
1998-02-10,26.8800,26.8800,,,,,,,,,,,,,,
1998-02-11,26.0000,26.0000,,,,,,,,,,,,,,
1998-02-12,26.0600,26.0600,,,,,,,,,,,,,,
1998-02-13,26.0000,26.0000,,,,,,,,,,,,,,
1998-02-17,26.1200,26.1200,,,,,,,,,,,,,,
1998-02-18,26.1200,26.1200,,,,,,,,,,,,,,
1998-02-19,25.8800,25.8800,,,,,,,,,,,,,,
1998-02-20,25.9400,25.9400,,,,,,,,,,,,,,
1998-02-23,25.9400,25.9400,,,,,,,,,,,,,,
1998-02-24,25.9400,25.9400,,,,,,,,,,,,,,
1998-02-25,26.0600,26.0600,,,,,,,,,,,,,,
1998-02-26,25.9400,25.9400,,,,,,,,,,,,,,
1998-02-27,25.8800,25.8800,,,,,,,,,,,,,,
1998-03-02,25.7500,25.7500,,,,,,,,,,,,,,
1998-03-03,25.9400,25.9400,,,,,,,,,,,,,,
1998-03-04,25.9400,25.9400,,,,,,,,,,,,,,
1998-03-05,26.1200,26.1200,,,,,,,,,,,,,,
1998-03-06,26.5000,26.5000,,,,,,,,,,,,,,
1998-03-09,26.6200,26.6200,,,,,,,,,,,,,,
1998-03-10,27.0000,27.0000,,,,,,,,,,,,,,
1998-03-11,26.8800,26.8800,,,,,,,,,,,,,,
1998-03-12,26.5000,26.5000,,,,,,,,,,,,,,
1998-03-13,26.4400,26.4400,,,,,,,,,,,,,,
1998-03-16,26.7500,26.7500,,,,,,,,,,,,,,
1998-03-17,26.8800,26.8800,,,,,,,,,,,,,,
1998-03-18,27.0600,27.0600,,,,,,,,,,,,,,
1998-03-19,27.0600,27.0600,,,,,,,,,,,,,,
1998-03-20,27.5600,27.5600,,,,,,,,,,,,,,
1998-03-23,27.8800,27.8800,,,,,,,,,,,,,,
1998-03-24,28.2500,28.2500,,,,,,,,,,,,,,
1998-03-25,28.6900,28.6900,,,,,,,,,,,,,,
1998-03-26,28.5600,28.5600,,,,,,,,,,,,,,
1998-03-27,28.0600,28.0600,,,,,,,,,,,,,,
1998-03-30,28.2500,28.2500,,,,,,,,,,,,,,
1998-03-31,28.7500,28.7500,,,,,,,,,,,,,,
1998-04-01,28.8100,28.8100,,,,,,,,,,,,,,
1998-04-02,29.1900,29.1900,,,,,,,,,,,,,,
1998-04-03,29.3100,29.3100,,,,,,,,,,,,,,
1998-04-06,29.8800,29.8800,,,,,,,,,,,,,,
1998-04-07,29.6900,29.6900,,,,,,,,,,,,,,
1998-04-08,29.4400,29.4400,,,,,,,,,,,,,,
1998-04-09,29.6200,29.6200,,,,,,,,,,,,,,
1998-04-13,29.3100,29.3100,,,,,,,,,,,,,,
1998-04-14,30.0000,30.0000,,,,,,,,,,,,,,
1998-04-15,29.9400,29.9400,,,,,,,,,,,,,,
1998-04-16,29.8100,29.8100,,,,,,,,,,,,,,
1998-04-17,29.6200,29.6200,,,,,,,,,,,,,,
1998-04-20,29.1900,29.1900,,,,,,,,,,,,,,
1998-04-21,29.0000,29.0000,,,,,,,,,,,,,,
1998-04-22,28.5600,28.5600,,,,,,,,,,,,,,
1998-04-23,28.4400,28.4400,,,,,,,,,,,,,,
1998-04-24,28.1900,28.1900,,,,,,,,,,,,,,
1998-04-27,27.9400,27.9400,,,,,,,,,,,,,,
1998-04-28,28.3100,28.3100,,,,,,,,,,,,,,
1998-04-29,28.6900,28.6900,,,,,,,,,,,,,,
1998-04-30,29.0600,29.0600,,,,,,,,,,,,,,
1998-05-01,28.8100,28.8100,,,,,,,,,,,,,,
1998-05-04,30.3800,30.3800,,,,,,,,,,,,,,
1998-05-05,30.0600,30.0600,,,,,,,,,,,,,,
1998-05-06,29.4400,29.4400,,,,,,,,,,,,,,
1998-05-07,29.2500,29.2500,,,,,,,,,,,,,,
1998-05-08,29.3800,29.3800,,,,,,,,,,,,,,
1998-05-11,28.8800,28.8800,,,,,,,,,,,,,,
1998-05-12,29.3100,29.3100,,,,,,,,,,,,,,
1998-05-13,28.6900,28.6900,,,,,,,,,,,,,,
1998-05-14,28.4400,28.4400,,,,,,,,,,,,,,
1998-05-15,27.9400,27.9400,,,,,,,,,,,,,,
1998-05-18,27.6200,27.6200,,,,,,,,,,,,,,
1998-05-19,27.8100,27.8100,,,,,,,,,,,,,,
1998-05-20,27.9400,27.9400,,,,,,,,,,,,,,
1998-05-21,27.8800,27.8800,,,,,,,,,,,,,,
1998-05-22,27.7500,27.7500,,,,,,,,,,,,,,
1998-05-26,27.8800,27.8800,,,,,,,,,,,,,,
1998-05-27,27.8800,27.8800,,,,,,,,,,,,,,
1998-05-28,28.0600,28.0600,,,,,,,,,,,,,,
1998-05-29,28.6200,28.6200,,,,,,,,,,,,,,
1998-06-01,29.6200,29.6200,,,,,,,,,,,,,,
1998-06-02,29.7500,29.7500,,,,,,,,,,,,,,
1998-06-03,29.6900,29.6900,,,,,,,,,,,,,,
1998-06-04,29.8100,29.8100,,,,,,,,,,,,,,
1998-06-05,29.9400,29.9400,,,,,,,,,,,,,,
1998-06-08,29.7500,29.7500,,,,,,,,,,,,,,
1998-06-09,29.4400,29.4400,,,,,,,,,,,,,,
1998-06-10,30.1200,30.1200,,,,,,,,,,,,,,
1998-06-11,30.2500,30.2500,,,,,,,,,,,,,,
1998-06-12,29.9400,29.9400,,,,,,,,,,,,,,
1998-06-15,29.9400,29.9400,,,,,,,,,,,,,,
1998-06-16,29.8100,29.8100,,,,,,,,,,,,,,
1998-06-17,29.4400,29.4400,,,,,,,,,,,,,,
1998-06-18,29.8800,29.8800,,,,,,,,,,,,,,
1998-06-19,29.8100,29.8100,,,,,,,,,,,,,,
1998-06-22,29.8800,29.8800,,,,,,,,,,,,,,
1998-06-23,30.3100,30.3100,,,,,,,,,,,,,,
1998-06-24,31.3100,31.3100,,,,,,,,,,,,,,
1998-06-25,30.4400,30.4400,,,,,,,,,,,,,,
1998-06-26,30.2500,30.2500,,,,,,,,,,,,,,
1998-06-29,30.5600,30.5600,,,,,,,,,,,,,,
1998-06-30,30.8100,30.8100,,,,,,,,,,,,,,
1998-07-01,30.8100,30.8100,,,,,,,,,,,,,,
1998-07-02,30.7500,30.7500,,,,,,,,,,,,,,
1998-07-06,31.0000,31.0000,,,,,,,,,,,,,,
1998-07-07,30.2500,30.2500,,,,,,,,,,,,,,
1998-07-08,30.4400,30.4400,,,,,,,,,,,,,,
1998-07-09,30.1900,30.1900,,,,,,,,,,,,,,
1998-07-10,30.1900,30.1900,,,,,,,,,,,,,,
1998-07-13,30.0000,30.0000,,,,,,,,,,,,,,
1998-07-14,30.0600,30.0600,,,,,,,,,,,,,,
1998-07-15,29.5000,29.5000,,,,,,,,,,,,,,
1998-07-16,29.5000,29.5000,,,,,,,,,,,,,,
1998-07-17,29.6200,29.6200,,,,,,,,,,,,,,
1998-07-20,29.3100,29.3100,,,,,,,,,,,,,,
1998-07-21,28.5600,28.5600,,,,,,,,,,,,,,
1998-07-22,28.9400,28.9400,,,,,,,,,,,,,,
1998-07-23,28.8800,28.8800,,,,,,,,,,,,,,
1998-07-24,28.5000,28.5000,,,,,,,,,,,,,,
1998-07-27,28.6200,28.6200,,,,,,,,,,,,,,
1998-07-28,28.6200,28.6200,,,,,,,,,,,,,,
1998-07-29,28.1900,28.1900,,,,,,,,,,,,,,
1998-07-30,28.6900,28.6900,,,,,,,,,,,,,,
1998-07-31,27.9400,27.9400,,,,,,,,,,,,,,
1998-08-03,28.4400,28.4400,,,,,,,,,,,,,,
1998-08-04,27.5000,27.5000,,,,,,,,,,,,,,
1998-08-05,27.1900,27.1900,,,,,,,,,,,,,,
1998-08-06,27.0000,27.0000,,,,,,,,,,,,,,
1998-08-07,27.8100,27.8100,,,,,,,,,,,,,,
1998-08-10,27.9400,27.9400,,,,,,,,,,,,,,
1998-08-11,27.5000,27.5000,,,,,,,,,,,,,,
1998-08-12,28.0600,28.0600,,,,,,,,,,,,,,
1998-08-13,28.0600,28.0600,,,,,,,,,,,,,,
1998-08-14,28.1900,28.1900,,,,,,,,,,,,,,
1998-08-17,28.6200,28.6200,,,,,,,,,,,,,,
1998-08-18,29.1900,29.1900,,,,,,,,,,,,,,
1998-08-19,28.5000,28.5000,,,,,,,,,,,,,,
1998-08-20,28.5600,28.5600,,,,,,,,,,,,,,
1998-08-21,28.8100,28.8100,,,,,,,,,,,,,,
1998-08-24,29.3800,29.3800,,,,,,,,,,,,,,
1998-08-25,29.3100,29.3100,,,,,,,,,,,,,,
1998-08-26,29.4400,29.4400,,,,,,,,,,,,,,
1998-08-27,29.0600,29.0600,,,,,,,,,,,,,,
1998-08-28,29.5600,29.5600,,,,,,,,,,,,,,
1998-08-31,28.8100,28.8100,,,,,,,,,,,,,,
1998-09-01,28.8800,28.8800,,,,,,,,,,,,,,
1998-09-02,29.0000,29.0000,,,,,,,,,,,,,,
1998-09-03,28.3800,28.3800,,,,,,,,,,,,,,
1998-09-04,28.1200,28.1200,,,,,,,,,,,,,,
1998-09-08,29.0000,29.0000,,,,,,,,,,,,,,
1998-09-09,28.8800,28.8800,,,,,,,,,,,,,,
1998-09-10,28.9400,28.9400,,,,,,,,,,,,,,
1998-09-11,28.5600,28.5600,,,,,,,,,,,,,,
1998-09-14,28.6900,28.6900,,,,,,,,,,,,,,
1998-09-15,28.8800,28.8800,,,,,,,,,,,,,,
1998-09-16,28.9400,28.9400,,,,,,,,,,,,,,
1998-09-17,28.8100,28.8100,,,,,,,,,,,,,,
1998-09-18,28.5000,28.5000,,,,,,,,,,,,,,
1998-09-21,28.8800,28.8800,,,,,,,,,,,,,,
1998-09-22,29.5000,29.5000,,,,,,,,,,,,,,
1998-09-23,30.1900,30.1900,,,,,,,,,,,,,,
1998-09-24,29.6200,29.6200,,,,,,,,,,,,,,
1998-09-25,30.0000,30.0000,,,,,,,,,,,,,,
1998-09-28,30.6200,30.6200,,,,,,,,,,,,,,
1998-09-29,31.3100,31.3100,,,,,,,,,,,,,,
1998-09-30,31.1200,31.1200,,,,,,,,,,,,,,
1998-10-01,30.8100,30.8100,,,,,,,,,,,,,,
1998-10-02,31.1200,31.1200,,,,,,,,,,,,,,
1998-10-05,32.1200,32.1200,,,,,,,,,,,,,,
1998-10-06,31.7500,31.7500,,,,,,,,,,,,,,
1998-10-07,31.7500,31.7500,,,,,,,,,,,,,,
1998-10-08,32.2500,32.2500,,,,,,,,,,,,,,
1998-10-09,31.0600,31.0600,,,,,,,,,,,,,,
1998-10-12,29.5000,29.5000,,,,,,,,,,,,,,
1998-10-13,30.6900,30.6900,,,,,,,,,,,,,,
1998-10-14,31.8100,31.8100,,,,,,,,,,,,,,
1998-10-15,32.0600,32.0600,,,,,,,,,,,,,,
1998-10-16,31.6900,31.6900,,,,,,,,,,,,,,
1998-10-19,31.2500,31.2500,,,,,,,,,,,,,,
1998-10-20,30.1900,30.1900,,,,,,,,,,,,,,
1998-10-21,30.1900,30.1900,,,,,,,,,,,,,,
1998-10-22,30.5600,30.5600,,,,,,,,,,,,,,
1998-10-23,30.6900,30.6900,,,,,,,,,,,,,,
1998-10-26,30.3800,30.3800,,,,,,,,,,,,,,
1998-10-27,30.4400,30.4400,,,,,,,,,,,,,,
1998-10-28,30.3800,30.3800,,,,,,,,,,,,,,
1998-10-29,30.3100,30.3100,,,,,,,,,,,,,,
1998-10-30,31.0600,31.0600,,,,,,,,,,,,,,
1998-11-02,31.3800,31.3800,,,,,,,,,,,,,,
1998-11-03,31.9400,31.9400,,,,,,,,,,,,,,
1998-11-04,31.6900,31.6900,,,,,,,,,,,,,,
1998-11-05,32.0000,32.0000,,,,,,,,,,,,,,
1998-11-06,32.3100,32.3100,,,,,,,,,,,,,,
1998-11-09,32.0600,32.0600,,,,,,,,,,,,,,
1998-11-10,32.9400,32.9400,,,,,,,,,,,,,,
1998-11-11,32.1200,32.1200,,,,,,,,,,,,,,
1998-11-12,32.0000,32.0000,,,,,,,,,,,,,,
1998-11-13,32.6900,32.6900,,,,,,,,,,,,,,
1998-11-16,33.3800,33.3800,,,,,,,,,,,,,,
1998-11-17,32.7500,32.7500,,,,,,,,,,,,,,
1998-11-18,32.3100,32.3100,,,,,,,,,,,,,,
1998-11-19,31.9400,31.9400,,,,,,,,,,,,,,
1998-11-20,31.8800,31.8800,,,,,,,,,,,,,,
1998-11-23,32.6200,32.6200,,,,,,,,,,,,,,
1998-11-24,32.3800,32.3800,,,,,,,,,,,,,,
1998-11-25,32.4400,32.4400,,,,,,,,,,,,,,
1998-11-27,32.1200,32.1200,,,,,,,,,,,,,,
1998-11-30,31.6200,31.6200,,,,,,,,,,,,,,
1998-12-01,32.5600,32.5600,,,,,,,,,,,,,,
1998-12-02,32.6900,32.6900,,,,,,,,,,,,,,
1998-12-03,32.2500,32.2500,,,,,,,,,,,,,,
1998-12-04,33.1200,33.1200,,,,,,,,,,,,,,
1998-12-07,32.9400,32.9400,,,,,,,,,,,,,,
1998-12-08,32.8100,32.8100,,,,,,,,,,,,,,
1998-12-09,33.1900,33.1900,,,,,,,,,,,,,,
1998-12-10,32.8800,32.8800,,,,,,,,,,,,,,
1998-12-11,33.2500,33.2500,,,,,,,,,,,,,,
1998-12-14,32.9400,32.9400,,,,,,,,,,,,,,
1998-12-15,32.2500,32.2500,,,,,,,,,,,,,,
1998-12-16,32.3100,32.3100,,,,,,,,,,,,,,
1998-12-17,32.5000,32.5000,,,,,,,,,,,,,,
1998-12-18,32.6900,32.6900,,,,,,,,,,,,,,
1998-12-21,32.5000,32.5000,,,,,,,,,,,,,,
1998-12-22,32.3800,32.3800,,,,,,,,,,,,,,
1998-12-23,32.5000,32.5000,,,,,,,,,,,,,,
1998-12-24,32.6200,32.6200,,,,,,,,,,,,,,
1998-12-28,32.3100,32.3100,,,,,,,,,,,,,,
1998-12-29,32.3800,32.3800,,,,,,,,,,,,,,
1998-12-30,32.3100,32.3100,,,,,,,,,,,,,,
1998-12-31,32.0600,32.0600,,,,,,,,,,,,,,
1999-01-04,32.1200,32.1200,,,,,,,,,,,,,,
1999-01-05,32.0000,32.0000,,,,,,,,,,,,,,
1999-01-06,32.2500,32.2500,,,,,,,,,,,,,,
1999-01-07,31.9400,31.9400,,,,,,,,,,,,,,
1999-01-08,31.5000,31.5000,,,,,,,,,,,,,,
1999-01-11,31.1900,31.1900,,,,,,,,,,,,,,
1999-01-12,31.0600,31.0600,,,,,,,,,,,,,,
1999-01-13,31.0000,31.0000,,,,,,,,,,,,,,
1999-01-14,30.5600,30.5600,,,,,,,,,,,,,,
1999-01-15,31.0600,31.0600,,,,,,,,,,,,,,
1999-01-19,30.8800,30.8800,,,,,,,,,,,,,,
1999-01-20,30.7500,30.7500,,,,,,,,,,,,,,
1999-01-21,31.1200,31.1200,,,,,,,,,,,,,,
1999-01-22,31.3100,31.3100,,,,,,,,,,,,,,
1999-01-25,31.8100,31.8100,,,,,,,,,,,,,,
1999-01-26,31.6900,31.6900,,,,,,,,,,,,,,
1999-01-27,30.6200,30.6200,,,,,,,,,,,,,,
1999-01-28,30.6900,30.6900,,,,,,,,,,,,,,
1999-01-29,30.2500,30.2500,,,,,,,,,,,,,,
1999-02-01,28.9400,28.9400,,,,,,,,,,,,,,
1999-02-02,29.1200,29.1200,,,,,,,,,,,,,,
1999-02-03,29.3100,29.3100,,,,,,,,,,,,,,
1999-02-04,29.1200,29.1200,,,,,,,,,,,,,,
1999-02-05,28.5600,28.5600,,,,,,,,,,,,,,
1999-02-08,28.6900,28.6900,,,,,,,,,,,,,,
1999-02-09,28.3800,28.3800,,,,,,,,,,,,,,
1999-02-10,28.4400,28.4400,,,,,,,,,,,,,,
1999-02-11,27.9400,27.9400,,,,,,,,,,,,,,
1999-02-12,27.0600,27.0600,,,,,,,,,,,,,,
1999-02-16,27.2500,27.2500,,,,,,,,,,,,,,
1999-02-17,27.8800,27.8800,,,,,,,,,,,,,,
1999-02-18,27.8800,27.8800,,,,,,,,,,,,,,
1999-02-19,27.4400,27.4400,,,,,,,,,,,,,,
1999-02-22,27.6900,27.6900,,,,,,,,,,,,,,
1999-02-23,27.1200,27.1200,,,,,,,,,,,,,,
1999-02-24,26.8800,26.8800,,,,,,,,,,,,,,
1999-02-25,26.1900,26.1900,,,,,,,,,,,,,,
1999-02-26,26.8100,26.8100,,,,,,,,,,,,,,
1999-03-01,26.3100,26.3100,,,,,,,,,,,,,,
1999-03-02,26.6900,26.6900,,,,,,,,,,,,,,
1999-03-03,27.1900,27.1900,,,,,,,,,,,,,,
1999-03-04,27.3800,27.3800,,,,,,,,,,,,,,
1999-03-05,28.1200,28.1200,,,,,,,,,,,,,,
1999-03-08,27.8800,27.8800,,,,,,,,,,,,,,
1999-03-09,26.9400,26.9400,,,,,,,,,,,,,,
1999-03-10,27.0600,27.0600,,,,,,,,,,,,,,
1999-03-11,27.9400,27.9400,,,,,,,,,,,,,,
1999-03-12,28.3100,28.3100,,,,,,,,,,,,,,
1999-03-15,28.4400,28.4400,,,,,,,,,,,,,,
1999-03-16,28.3100,28.3100,,,,,,,,,,,,,,
1999-03-17,28.0000,28.0000,,,,,,,,,,,,,,
1999-03-18,28.6200,28.6200,,,,,,,,,,,,,,
1999-03-19,28.6200,28.6200,,,,,,,,,,,,,,
1999-03-22,28.8100,28.8100,,,,,,,,,,,,,,
1999-03-23,28.0000,28.0000,,,,,,,,,,,,,,
1999-03-24,29.0600,29.0600,,,,,,,,,,,,,,
1999-03-25,28.5000,28.5000,,,,,,,,,,,,,,
1999-03-26,27.8800,27.8800,,,,,,,,,,,,,,
1999-03-29,27.3800,27.3800,,,,,,,,,,,,,,
1999-03-30,26.6900,26.6900,,,,,,,,,,,,,,
1999-03-31,26.0600,26.0600,,,,,,,,,,,,,,
1999-04-01,26.2500,26.2500,,,,,,,,,,,,,,
1999-04-05,27.0000,27.0000,,,,,,,,,,,,,,
1999-04-06,26.5000,26.5000,,,,,,,,,,,,,,
1999-04-07,25.9400,25.9400,,,,,,,,,,,,,,
1999-04-08,26.5000,26.5000,,,,,,,,,,,,,,
1999-04-09,26.5600,26.5600,,,,,,,,,,,,,,
1999-04-12,26.6900,26.6900,,,,,,,,,,,,,,
1999-04-13,26.1200,26.1200,,,,,,,,,,,,,,
1999-04-14,25.5000,25.5000,,,,,,,,,,,,,,
1999-04-15,25.6900,25.6900,,,,,,,,,,,,,,
1999-04-16,26.2500,26.2500,,,,,,,,,,,,,,
1999-04-19,26.8100,26.8100,,,,,,,,,,,,,,
1999-04-20,27.7500,27.7500,,,,,,,,,,,,,,
1999-04-21,27.7500,27.7500,,,,,,,,,,,,,,
1999-04-22,27.0000,27.0000,,,,,,,,,,,,,,
1999-04-23,26.6900,26.6900,,,,,,,,,,,,,,
1999-04-26,27.0600,27.0600,,,,,,,,,,,,,,
1999-04-27,27.2500,27.2500,,,,,,,,,,,,,,
1999-04-28,27.6200,27.6200,,,,,,,,,,,,,,
1999-04-29,28.3800,28.3800,,,,,,,,,,,,,,
1999-04-30,28.3100,28.3100,,,,,,,,,,,,,,
1999-05-03,28.5000,28.5000,,,,,,,,,,,,,,
1999-05-04,28.5600,28.5600,,,,,,,,,,,,,,
1999-05-05,29.2500,29.2500,,,,,,,,,,,,,,
1999-05-06,28.6200,28.6200,,,,,,,,,,,,,,
1999-05-07,28.8100,28.8100,,,,,,,,,,,,,,
1999-05-10,28.7500,28.7500,,,,,,,,,,,,,,
1999-05-11,28.9400,28.9400,,,,,,,,,,,,,,
1999-05-12,29.1200,29.1200,,,,,,,,,,,,,,
1999-05-13,30.1200,30.1200,,,,,,,,,,,,,,
1999-05-14,29.8800,29.8800,,,,,,,,,,,,,,
1999-05-17,30.3100,30.3100,,,,,,,,,,,,,,
1999-05-18,30.3100,30.3100,,,,,,,,,,,,,,
1999-05-19,30.6200,30.6200,,,,,,,,,,,,,,
1999-05-20,30.1900,30.1900,,,,,,,,,,,,,,
1999-05-21,30.8800,30.8800,,,,,,,,,,,,,,
1999-05-24,31.6900,31.6900,,,,,,,,,,,,,,
1999-05-25,31.6900,31.6900,,,,,,,,,,,,,,
1999-05-26,31.1900,31.1900,,,,,,,,,,,,,,
1999-05-27,30.2500,30.2500,,,,,,,,,,,,,,
1999-05-28,30.5000,30.5000,,,,,,,,,,,,,,
1999-06-01,29.3800,29.3800,,,,,,,,,,,,,,
1999-06-02,29.7500,29.7500,,,,,,,,,,,,,,
1999-06-03,29.6900,29.6900,,,,,,,,,,,,,,
1999-06-04,30.0600,30.0600,,,,,,,,,,,,,,
1999-06-07,29.6200,29.6200,,,,,,,,,,,,,,
1999-06-08,29.5600,29.5600,,,,,,,,,,,,,,
1999-06-09,29.5000,29.5000,,,,,,,,,,,,,,
1999-06-10,28.6200,28.6200,,,,,,,,,,,,,,
1999-06-11,28.5600,28.5600,,,,,,,,,,,,,,
1999-06-14,28.6200,28.6200,,,,,,,,,,,,,,
1999-06-15,28.9400,28.9400,,,,,,,,,,,,,,
1999-06-16,29.3100,29.3100,,,,,,,,,,,,,,
1999-06-17,29.2500,29.2500,,,,,,,,,,,,,,
1999-06-18,28.5600,28.5600,,,,,,,,,,,,,,
1999-06-21,28.0000,28.0000,,,,,,,,,,,,,,
1999-06-22,28.5000,28.5000,,,,,,,,,,,,,,
1999-06-23,28.3100,28.3100,,,,,,,,,,,,,,
1999-06-24,28.0600,28.0600,,,,,,,,,,,,,,
1999-06-25,28.1200,28.1200,,,,,,,,,,,,,,
1999-06-28,28.3800,28.3800,,,,,,,,,,,,,,
1999-06-29,28.3100,28.3100,,,,,,,,,,,,,,
1999-06-30,27.6200,27.6200,,,,,,,,,,,,,,
1999-07-01,27.8800,27.8800,,,,,,,,,,,,,,
1999-07-02,28.0600,28.0600,,,,,,,,,,,,,,
1999-07-06,27.4400,27.4400,,,,,,,,,,,,,,
1999-07-07,27.3100,27.3100,,,,,,,,,,,,,,
1999-07-08,27.1200,27.1200,,,,,,,,,,,,,,
1999-07-09,27.3800,27.3800,,,,,,,,,,,,,,
1999-07-12,27.2500,27.2500,,,,,,,,,,,,,,
1999-07-13,27.2500,27.2500,,,,,,,,,,,,,,
1999-07-14,27.6900,27.6900,,,,,,,,,,,,,,
1999-07-15,27.6200,27.6200,,,,,,,,,,,,,,
1999-07-16,27.3800,27.3800,,,,,,,,,,,,,,
1999-07-19,27.1900,27.1900,,,,,,,,,,,,,,
1999-07-20,27.5600,27.5600,,,,,,,,,,,,,,
1999-07-21,28.0600,28.0600,,,,,,,,,,,,,,
1999-07-22,28.4400,28.4400,,,,,,,,,,,,,,
1999-07-23,28.3800,28.3800,,,,,,,,,,,,,,
1999-07-26,28.3100,28.3100,,,,,,,,,,,,,,
1999-07-27,28.3800,28.3800,,,,,,,,,,,,,,
1999-07-28,28.0600,28.0600,,,,,,,,,,,,,,
1999-07-29,27.5000,27.5000,,,,,,,,,,,,,,
1999-07-30,27.3100,27.3100,,,,,,,,,,,,,,
1999-08-02,27.8100,27.8100,,,,,,,,,,,,,,
1999-08-03,27.8100,27.8100,,,,,,,,,,,,,,
1999-08-04,27.6200,27.6200,,,,,,,,,,,,,,
1999-08-05,27.5600,27.5600,,,,,,,,,,,,,,
1999-08-06,27.6200,27.6200,,,,,,,,,,,,,,
1999-08-09,27.7500,27.7500,,,,,,,,,,,,,,
1999-08-10,27.1900,27.1900,,,,,,,,,,,,,,
1999-08-11,27.0600,27.0600,,,,,,,,,,,,,,
1999-08-12,26.4400,26.4400,,,,,,,,,,,,,,
1999-08-13,26.6900,26.6900,,,,,,,,,,,,,,
1999-08-16,26.6200,26.6200,,,,,,,,,,,,,,
1999-08-17,26.8800,26.8800,,,,,,,,,,,,,,
1999-08-18,26.6200,26.6200,,,,,,,,,,,,,,
1999-08-19,26.6900,26.6900,,,,,,,,,,,,,,
1999-08-20,27.4400,27.4400,,,,,,,,,,,,,,
1999-08-23,27.4400,27.4400,,,,,,,,,,,,,,
1999-08-24,27.6200,27.6200,,,,,,,,,,,,,,
1999-08-25,28.0000,28.0000,,,,,,,,,,,,,,
1999-08-26,27.7500,27.7500,,,,,,,,,,,,,,
1999-08-27,27.6900,27.6900,,,,,,,,,,,,,,
1999-08-30,27.6900,27.6900,,,,,,,,,,,,,,
1999-08-31,27.6900,27.6900,,,,,,,,,,,,,,
1999-09-01,27.6900,27.6900,,,,,,,,,,,,,,
1999-09-02,28.2500,28.2500,,,,,,,,,,,,,,
1999-09-03,28.6200,28.6200,,,,,,,,,,,,,,
1999-09-07,28.0000,28.0000,,,,,,,,,,,,,,
1999-09-08,27.8100,27.8100,,,,,,,,,,,,,,
1999-09-09,28.1200,28.1200,,,,,,,,,,,,,,
1999-09-10,28.3800,28.3800,,,,,,,,,,,,,,
1999-09-13,28.5000,28.5000,,,,,,,,,,,,,,
1999-09-14,28.1200,28.1200,,,,,,,,,,,,,,
1999-09-15,28.0600,28.0600,,,,,,,,,,,,,,
1999-09-16,28.0600,28.0600,,,,,,,,,,,,,,
1999-09-17,28.1200,28.1200,,,,,,,,,,,,,,
1999-09-20,27.9400,27.9400,,,,,,,,,,,,,,
1999-09-21,27.5000,27.5000,,,,,,,,,,,,,,
1999-09-22,27.8800,27.8800,,,,,,,,,,,,,,
1999-09-23,27.4400,27.4400,,,,,,,,,,,,,,
1999-09-24,27.0000,27.0000,,,,,,,,,,,,,,
1999-09-27,26.6900,26.6900,,,,,,,,,,,,,,
1999-09-28,26.3100,26.3100,,,,,,,,,,,,,,
1999-09-29,26.6200,26.6200,,,,,,,,,,,,,,
1999-09-30,27.0600,27.0600,,,,,,,,,,,,,,
1999-10-01,27.7500,27.7500,,,,,,,,,,,,,,
1999-10-04,28.4400,28.4400,,,,,,,,,,,,,,
1999-10-05,27.9400,27.9400,,,,,,,,,,,,,,
1999-10-06,27.8800,27.8800,,,,,,,,,,,,,,
1999-10-07,27.0000,27.0000,,,,,,,,,,,,,,
1999-10-08,27.3100,27.3100,,,,,,,,,,,,,,
1999-10-11,26.7500,26.7500,,,,,,,,,,,,,,
1999-10-12,26.7500,26.7500,,,,,,,,,,,,,,
1999-10-13,26.7500,26.7500,,,,,,,,,,,,,,
1999-10-14,26.9400,26.9400,,,,,,,,,,,,,,
1999-10-15,26.5600,26.5600,,,,,,,,,,,,,,
1999-10-18,26.6900,26.6900,,,,,,,,,,,,,,
1999-10-19,26.2500,26.2500,,,,,,,,,,,,,,
1999-10-20,26.3100,26.3100,,,,,,,,,,,,,,
1999-10-21,26.1900,26.1900,,,,,,,,,,,,,,
1999-10-22,26.1200,26.1200,,,,,,,,,,,,,,
1999-10-25,26.2500,26.2500,,,,,,,,,,,,,,
1999-10-26,26.1200,26.1200,,,,,,,,,,,,,,
1999-10-27,26.8100,26.8100,,,,,,,,,,,,,,
1999-10-28,27.3100,27.3100,,,,,,,,,,,,,,
1999-10-29,27.2500,27.2500,,,,,,,,,,,,,,
1999-11-01,27.3800,27.3800,,,,,,,,,,,,,,
1999-11-02,27.3100,27.3100,,,,,,,,,,,,,,
1999-11-03,27.5600,27.5600,,,,,,,,,,,,,,
1999-11-04,27.5000,27.5000,,,,,,,,,,,,,,
1999-11-05,27.8100,27.8100,,,,,,,,,,,,,,
1999-11-08,27.8100,27.8100,,,,,,,,,,,,,,
1999-11-09,27.1900,27.1900,,,,,,,,,,,,,,
1999-11-10,26.7500,26.7500,,,,,,,,,,,,,,
1999-11-11,26.5000,26.5000,,,,,,,,,,,,,,
1999-11-12,26.3100,26.3100,,,,,,,,,,,,,,
1999-11-15,25.7500,25.7500,,,,,,,,,,,,,,
1999-11-16,26.0000,26.0000,,,,,,,,,,,,,,
1999-11-17,26.1200,26.1200,,,,,,,,,,,,,,
1999-11-18,25.9400,25.9400,,,,,,,,,,,,,,
1999-11-19,25.6900,25.6900,,,,,,,,,,,,,,
1999-11-22,24.7500,24.7500,,,,,,,,,,,,,,
1999-11-23,24.5000,24.5000,,,,,,,,,,,,,,
1999-11-24,24.7500,24.7500,,,,,,,,,,,,,,
1999-11-26,24.3100,24.3100,,,,,,,,,,,,,,
1999-11-29,23.8800,23.8800,,,,,,,,,,,,,,
1999-11-30,24.8100,24.8100,,,,,,,,,,,,,,
1999-12-01,24.8100,24.8100,,,,,,,,,,,,,,
1999-12-02,24.8000,24.8000,,,,,,,,,,,,,,
1999-12-03,24.5000,24.5000,,,,,,,,,,,,,,
1999-12-06,24.0600,24.0600,,,,,,,,,,,,,,
1999-12-07,23.7500,23.7500,,,,,,,,,,,,,,
1999-12-08,23.3100,23.3100,,,,,,,,,,,,,,
1999-12-09,23.0000,23.0000,,,,,,,,,,,,,,
1999-12-10,23.4400,23.4400,,,,,,,,,,,,,,
1999-12-13,23.1200,23.1200,,,,,,,,,,,,,,
1999-12-14,23.0600,23.0600,,,,,,,,,,,,,,
1999-12-15,23.5600,23.5600,,,,,,,,,,,,,,
1999-12-16,23.2500,23.2500,,,,,,,,,,,,,,
1999-12-17,23.4400,23.4400,,,,,,,,,,,,,,
1999-12-20,23.3100,23.3100,,,,,,,,,,,,,,
1999-12-21,23.3100,23.3100,,,,,,,,,,,,,,
1999-12-22,23.3100,23.3100,,,,,,,,,,,,,,
1999-12-23,23.4400,23.4400,,,,,,,,,,,,,,
1999-12-27,23.1900,23.1900,,,,,,,,,,,,,,
1999-12-28,23.1200,23.1200,,,,,,,,,,,,,,
1999-12-29,22.8800,22.8800,,,,,,,,,,,,,,
1999-12-30,22.8800,22.8800,,,,,,,,,,,,,,
1999-12-31,22.8800,22.8800,,,,,,,,,,,,,,
2000-01-03,22.2500,22.2500,,,,,,,,,,,,,,
2000-01-04,22.5000,22.5000,,,,,,,,,,,,,,
2000-01-05,23.4400,23.4400,,,,,,,,,,,,,,
2000-01-06,23.5600,23.5600,,,,,,,,,,,,,,
2000-01-07,23.9400,23.9400,,,,,,,,,,,,,,
2000-01-10,23.6200,23.6200,,,,,,,,,,,,,,
2000-01-11,23.4400,23.4400,,,,,,,,,,,,,,
2000-01-12,23.8100,23.8100,,,,,,,,,,,,,,
2000-01-13,23.7500,23.7500,,,,,,,,,,,,,,
2000-01-14,23.1200,23.1200,,,,,,,,,,,,,,
2000-01-18,22.9400,22.9400,,,,,,,,,,,,,,
2000-01-19,23.1200,23.1200,,,,,,,,,,,,,,
2000-01-20,22.8800,22.8800,,,,,,,,,,,,,,
2000-01-21,23.0600,23.0600,,,,,,,,,,,,,,
2000-01-24,22.4400,22.4400,,,,,,,,,,,,,,
2000-01-25,21.4400,21.4400,,,,,,,,,,,,,,
2000-01-26,22.3100,22.3100,,,,,,,,,,,,,,
2000-01-27,22.4400,22.4400,,,,,,,,,,,,,,
2000-01-28,22.1900,22.1900,,,,,,,,,,,,,,
2000-01-31,22.8100,22.8100,,,,,,,,,,,,,,
2000-02-01,22.3100,22.3100,,,,,,,,,,,,,,
2000-02-02,22.5000,22.5000,,,,,,,,,,,,,,
2000-02-03,24.0600,24.0600,,,,,,,,,,,,,,
2000-02-04,23.3100,23.3100,,,,,,,,,,,,,,
2000-02-07,23.0000,23.0000,,,,,,,,,,,,,,
2000-02-08,23.1900,23.1900,,,,,,,,,,,,,,
2000-02-09,23.1900,23.1900,,,,,,,,,,,,,,
2000-02-10,23.0600,23.0600,,,,,,,,,,,,,,
2000-02-11,22.5000,22.5000,,,,,,,,,,,,,,
2000-02-14,22.3100,22.3100,,,,,,,,,,,,,,
2000-02-15,22.1200,22.1200,,,,,,,,,,,,,,
2000-02-16,21.8100,21.8100,,,,,,,,,,,,,,
2000-02-17,21.3100,21.3100,,,,,,,,,,,,,,
2000-02-18,21.1900,21.1900,,,,,,,,,,,,,,
2000-02-22,21.1900,21.1900,,,,,,,,,,,,,,
2000-02-23,21.2500,21.2500,,,,,,,,,,,,,,
2000-02-24,20.5000,20.5000,,,,,,,,,,,,,,
2000-02-25,20.2500,20.2500,,,,,,,,,,,,,,
2000-02-28,20.7500,20.7500,,,,,,,,,,,,,,
2000-02-29,20.5600,20.5600,,,,,,,,,,,,,,
2000-03-01,20.4400,20.4400,,,,,,,,,,,,,,
2000-03-02,20.6900,20.6900,,,,,,,,,,,,,,
2000-03-03,21.0600,21.0600,,,,,,,,,,,,,,
2000-03-06,20.1200,20.1200,,,,,,,,,,,,,,
2000-03-07,19.8800,19.8800,,,,,,,,,,,,,,
2000-03-08,20.5600,20.5600,,,,,,,,,,,,,,
2000-03-09,21.1200,21.1200,,,,,,,,,,,,,,
2000-03-10,21.1200,21.1200,,,,,,,,,,,,,,
2000-03-13,21.7500,21.7500,,,,,,,,,,,,,,
2000-03-14,21.2500,21.2500,,,,,,,,,,,,,,
2000-03-15,22.6900,22.6900,,,,,,,,,,,,,,
2000-03-16,24.3800,24.3800,,,,,,,,,,,,,,
2000-03-17,23.4400,23.4400,,,,,,,,,,,,,,
2000-03-20,22.7500,22.7500,,,,,,,,,,,,,,
2000-03-21,23.1200,23.1200,,,,,,,,,,,,,,
2000-03-22,22.1200,22.1200,,,,,,,,,,,,,,
2000-03-23,22.4400,22.4400,,,,,,,,,,,,,,
2000-03-24,22.1900,22.1900,,,,,,,,,,,,,,
2000-03-27,22.3800,22.3800,,,,,,,,,,,,,,
2000-03-28,21.7500,21.7500,,,,,,,,,,,,,,
2000-03-29,22.2500,22.2500,,,,,,,,,,,,,,
2000-03-30,22.6200,22.6200,,,,,,,,,,,,,,
2000-03-31,23.5600,23.5600,,,,,,,,,,,,,,
2000-04-03,23.0000,23.0000,,,,,,,,,,,,,,
2000-04-04,23.8800,23.8800,,,,,,,,,,,,,,
2000-04-05,24.0600,24.0600,,,,,,,,,,,,,,
2000-04-06,22.8100,22.8100,,,,,,,,,,,,,,
2000-04-07,22.5600,22.5600,,,,,,,,,,,,,,
2000-04-10,23.8100,23.8100,,,,,,,,,,,,,,
2000-04-11,24.3100,24.3100,,,,,,,,,,,,,,
2000-04-12,25.6900,25.6900,,,,,,,,,,,,,,
2000-04-13,26.8800,26.8800,,,,,,,,,,,,,,
2000-04-14,26.1200,26.1200,,,,,,,,,,,,,,
2000-04-17,26.5000,26.5000,,,,,,,,,,,,,,
2000-04-18,25.9400,25.9400,,,,,,,,,,,,,,
2000-04-19,26.0000,26.0000,,,,,,,,,,,,,,
2000-04-20,26.5000,26.5000,,,,,,,,,,,,,,
2000-04-24,27.3800,27.3800,,,,,,,,,,,,,,
2000-04-25,27.5000,27.5000,,,,,,,,,,,,,,
2000-04-26,28.1200,28.1200,,,,,,,,,,,,,,
2000-04-27,27.3100,27.3100,,,,,,,,,,,,,,
2000-04-28,26.6200,26.6200,,,,,,,,,,,,,,
2000-05-01,26.5600,26.5600,,,,,,,,,,,,,,
2000-05-02,25.8800,25.8800,,,,,,,,,,,,,,
2000-05-03,25.9400,25.9400,,,,,,,,,,,,,,
2000-05-04,26.1900,26.1900,,,,,,,,,,,,,,
2000-05-05,25.5000,25.5000,,,,,,,,,,,,,,
2000-05-08,26.4400,26.4400,,,,,,,,,,,,,,
2000-05-09,26.2500,26.2500,,,,,,,,,,,,,,
2000-05-10,26.8800,26.8800,,,,,,,,,,,,,,
2000-05-11,27.3100,27.3100,,,,,,,,,,,,,,
2000-05-12,27.0600,27.0600,,,,,,,,,,,,,,
2000-05-15,27.3100,27.3100,,,,,,,,,,,,,,
2000-05-16,26.8100,26.8100,,,,,,,,,,,,,,
2000-05-17,26.3100,26.3100,,,,,,,,,,,,,,
2000-05-18,26.8800,26.8800,,,,,,,,,,,,,,
2000-05-19,26.8100,26.8100,,,,,,,,,,,,,,
2000-05-22,28.2500,28.2500,,,,,,,,,,,,,,
2000-05-23,28.3800,28.3800,,,,,,,,,,,,,,
2000-05-24,28.2500,28.2500,,,,,,,,,,,,,,
2000-05-25,27.9400,27.9400,,,,,,,,,,,,,,
2000-05-26,28.6900,28.6900,,,,,,,,,,,,,,
2000-05-30,27.9400,27.9400,,,,,,,,,,,,,,
2000-05-31,28.5600,28.5600,,,,,,,,,,,,,,
2000-06-01,28.1200,28.1200,,,,,,,,,,,,,,
2000-06-02,27.5000,27.5000,,,,,,,,,,,,,,
2000-06-05,26.8800,26.8800,,,,,,,,,,,,,,
2000-06-06,27.7500,27.7500,,,,,,,,,,,,,,
2000-06-07,27.6900,27.6900,,,,,,,,,,,,,,
2000-06-08,27.6900,27.6900,,,,,,,,,,,,,,
2000-06-09,28.2500,28.2500,,,,,,,,,,,,,,
2000-06-12,28.2500,28.2500,,,,,,,,,,,,,,
2000-06-13,28.4400,28.4400,,,,,,,,,,,,,,
2000-06-14,28.3800,28.3800,,,,,,,,,,,,,,
2000-06-15,29.1900,29.1900,,,,,,,,,,,,,,
2000-06-16,29.5900,29.5900,,,,,,,,,,,,,,
2000-06-19,29.5000,29.5000,,,,,,,,,,,,,,
2000-06-20,29.1900,29.1900,,,,,,,,,,,,,,
2000-06-21,29.7500,29.7500,,,,,,,,,,,,,,
2000-06-22,29.5600,29.5600,,,,,,,,,,,,,,
2000-06-23,29.8100,29.8100,,,,,,,,,,,,,,
2000-06-26,29.7500,29.7500,,,,,,,,,,,,,,
2000-06-27,29.2500,29.2500,,,,,,,,,,,,,,
2000-06-28,29.7200,29.7200,,,,,,,,,,,,,,
2000-06-29,29.3800,29.3800,,,,,,,,,,,,,,
2000-06-30,29.5600,29.5600,,,,,,,,,,,,,,
2000-07-03,29.8100,29.8100,,,,,,,,,,,,,,
2000-07-05,29.8800,29.8800,,,,,,,,,,,,,,
2000-07-06,29.9400,29.9400,,,,,,,,,,,,,,
2000-07-07,30.2500,30.2500,,,,,,,,,,,,,,
2000-07-10,31.0600,31.0600,,,,,,,,,,,,,,
2000-07-11,31.9400,31.9400,,,,,,,,,,,,,,
2000-07-12,32.6900,32.6900,,,,,,,,,,,,,,
2000-07-13,32.7500,32.7500,,,,,,,,,,,,,,
2000-07-14,32.4400,32.4400,,,,,,,,,,,,,,
2000-07-17,32.7800,32.7800,,,,,,,,,,,,,,
2000-07-18,32.3800,32.3800,,,,,,,,,,,,,,
2000-07-19,32.6900,32.6900,,,,,,,,,,,,,,
2000-07-20,32.3800,32.3800,,,,,,,,,,,,,,
2000-07-21,32.3800,32.3800,,,,,,,,,,,,,,
2000-07-24,32.1200,32.1200,,,,,,,,,,,,,,
2000-07-25,32.6900,32.6900,,,,,,,,,,,,,,
2000-07-26,32.0000,32.0000,,,,,,,,,,,,,,
2000-07-27,33.5600,33.5600,,,,,,,,,,,,,,
2000-07-28,33.6200,33.6200,,,,,,,,,,,,,,
2000-07-31,33.5000,33.5000,,,,,,,,,,,,,,
2000-08-01,33.6900,33.6900,,,,,,,,,,,,,,
2000-08-02,34.6200,34.6200,,,,,,,,,,,,,,
2000-08-03,35.2700,35.2700,,,,,,,,,,,,,,
2000-08-04,35.5600,35.5600,,,,,,,,,,,,,,
2000-08-07,36.8900,36.8900,,,,,,,,,,,,,,
2000-08-08,36.8800,36.8800,,,,,,,,,,,,,,
2000-08-09,36.6700,36.6700,,,,,,,,,,,,,,
2000-08-10,36.6400,36.6400,,,,,,,,,,,,,,
2000-08-11,36.9500,36.9500,,,,,,,,,,,,,,
2000-08-14,37.0000,37.0000,,,,,,,,,,,,,,
2000-08-15,37.1900,37.1900,,,,,,,,,,,,,,
2000-08-16,37.2000,37.2000,,,,,,,,,,,,,,
2000-08-17,36.9400,36.9400,,,,,,,,,,,,,,
2000-08-18,36.9400,36.9400,,,,,,,,,,,,,,
2000-08-21,36.8800,36.8800,,,,,,,,,,,,,,
2000-08-22,36.6200,36.6200,,,,,,,,,,,,,,
2000-08-23,37.4400,37.4400,,,,,,,,,,,,,,
2000-08-24,36.6900,36.6900,,,,,,,,,,,,,,
2000-08-25,36.3100,36.3100,,,,,,,,,,,,,,
2000-08-28,37.3100,37.3100,,,,,,,,,,,,,,
2000-08-29,36.7500,36.7500,,,,,,,,,,,,,,
2000-08-30,36.9400,36.9400,,,,,,,,,,,,,,
2000-08-31,37.0200,37.0200,,,,,,,,,,,,,,
2000-09-01,37.7000,37.7000,,,,,,,,,,,,,,
2000-09-05,37.8800,37.8800,,,,,,,,,,,,,,
2000-09-06,38.7500,38.7500,,,,,,,,,,,,,,
2000-09-07,38.8100,38.8100,,,,,,,,,,,,,,
2000-09-08,39.7200,39.7200,,,,,,,,,,,,,,
2000-09-11,40.6400,40.6400,,,,,,,,,,,,,,
2000-09-12,40.0000,40.0000,,,,,,,,,,,,,,
2000-09-13,39.3800,39.3800,,,,,,,,,,,,,,
2000-09-14,39.0600,39.0600,,,,,,,,,,,,,,
2000-09-15,39.8800,39.8800,,,,,,,,,,,,,,
2000-09-18,41.1100,41.1100,,,,,,,,,,,,,,
2000-09-19,39.9400,39.9400,,,,,,,,,,,,,,
2000-09-20,38.8800,38.8800,,,,,,,,,,,,,,
2000-09-21,38.2500,38.2500,,,,,,,,,,,,,,
2000-09-22,39.4400,39.4400,,,,,,,,,,,,,,
2000-09-25,39.4400,39.4400,,,,,,,,,,,,,,
2000-09-26,41.3800,41.3800,,,,,,,,,,,,,,
2000-09-27,44.3300,44.3300,,,,,,,,,,,,,,
2000-09-28,45.0000,45.0000,,,,,,,,,,,,,,
2000-09-29,46.5000,46.5000,,,,,,,,,,,,,,
2000-10-02,48.1900,48.1900,,,,,,,,,,,,,,
2000-10-03,46.8100,46.8100,,,,,,,,,,,,,,
2000-10-04,45.8100,45.8100,,,,,,,,,,,,,,
2000-10-05,44.5000,44.5000,,,,,,,,,,,,,,
2000-10-06,44.1900,44.1900,,,,,,,,,,,,,,
2000-10-09,44.5600,44.5600,,,,,,,,,,,,,,
2000-10-10,45.5600,45.5600,,,,,,,,,,,,,,
2000-10-11,45.8100,45.8100,,,,,,,,,,,,,,
2000-10-12,44.5600,44.5600,,,,,,,,,,,,,,
2000-10-13,44.6900,44.6900,,,,,,,,,,,,,,
2000-10-16,46.3100,46.3100,,,,,,,,,,,,,,
2000-10-17,46.6900,46.6900,,,,,,,,,,,,,,
2000-10-18,45.1900,45.1900,,,,,,,,,,,,,,
2000-10-19,45.0000,45.0000,,,,,,,,,,,,,,
2000-10-20,42.9400,42.9400,,,,,,,,,,,,,,
2000-10-23,43.5600,43.5600,,,,,,,,,,,,,,
2000-10-24,42.3800,42.3800,,,,,,,,,,,,,,
2000-10-25,40.6200,40.6200,,,,,,,,,,,,,,
2000-10-26,40.6900,40.6900,,,,,,,,,,,,,,
2000-10-27,41.0600,41.0600,,,,,,,,,,,,,,
2000-10-30,41.7500,41.7500,,,,,,,,,,,,,,
2000-10-31,41.3100,41.3100,,,,,,,,,,,,,,
2000-11-01,41.7500,41.7500,,,,,,,,,,,,,,
2000-11-02,41.6900,41.6900,,,,,,,,,,,,,,
2000-11-03,40.9400,40.9400,,,,,,,,,,,,,,
2000-11-06,39.8800,39.8800,,,,,,,,,,,,,,
2000-11-07,39.1900,39.1900,,,,,,,,,,,,,,
2000-11-08,38.8800,38.8800,,,,,,,,,,,,,,
2000-11-09,40.0000,40.0000,,,,,,,,,,,,,,
2000-11-10,40.8800,40.8800,,,,,,,,,,,,,,
2000-11-13,42.1200,42.1200,,,,,,,,,,,,,,
2000-11-14,39.1200,39.1200,,,,,,,,,,,,,,
2000-11-15,39.8100,39.8100,,,,,,,,,,,,,,
2000-11-16,40.6900,40.6900,,,,,,,,,,,,,,
2000-11-17,41.4400,41.4400,,,,,,,,,,,,,,
2000-11-20,41.5600,41.5600,,,,,,,,,,,,,,
2000-11-21,40.0600,40.0600,,,,,,,,,,,,,,
2000-11-22,40.3800,40.3800,,,,,,,,,,,,,,
2000-11-24,39.8800,39.8800,,,,,,,,,,,,,,
2000-11-27,39.4400,39.4400,,,,,,,,,,,,,,
2000-11-28,40.1200,40.1200,,,,,,,,,,,,,,
2000-11-29,39.9400,39.9400,,,,,,,,,,,,,,
2000-11-30,39.2500,39.2500,,,,,,,,,,,,,,
2000-12-01,40.3800,40.3800,,,,,,,,,,,,,,
2000-12-04,39.6200,39.6200,,,,,,,,,,,,,,
2000-12-05,39.0000,39.0000,,,,,,,,,,,,,,
2000-12-06,38.0600,38.0600,,,,,,,,,,,,,,
2000-12-07,38.7500,38.7500,,,,,,,,,,,,,,
2000-12-08,39.5000,39.5000,,,,,,,,,,,,,,
2000-12-11,39.8800,39.8800,,,,,,,,,,,,,,
2000-12-12,40.8100,40.8100,,,,,,,,,,,,,,
2000-12-13,41.2500,41.2500,,,,,,,,,,,,,,
2000-12-14,40.0600,40.0600,,,,,,,,,,,,,,
2000-12-15,39.7500,39.7500,,,,,,,,,,,,,,
2000-12-18,40.9400,40.9400,,,,,,,,,,,,,,
2000-12-19,41.3100,41.3100,,,,,,,,,,,,,,
2000-12-20,42.5600,42.5600,,,,,,,,,,,,,,
2000-12-21,43.0600,43.0600,,,,,,,,,,,,,,
2000-12-22,42.8800,42.8800,,,,,,,,,,,,,,
2000-12-26,44.1200,44.1200,,,,,,,,,,,,,,
2000-12-27,44.1200,44.1200,,,,,,,,,,,,,,
2000-12-28,43.6200,43.6200,,,,,,,,,,,,,,
2000-12-29,43.3100,43.3100,,,,,,,,,,,,,,
2001-01-02,42.6900,42.6900,,,,,,,,,,,,,,
2001-01-03,39.1200,39.1200,,,,,,,,,,,,,,
2001-01-04,37.5000,37.5000,,,,,,,,,,,,,,
2001-01-05,36.6200,36.6200,,,,,,,,,,,,,,
2001-01-08,37.2500,37.2500,,,,,,,,,,,,,,
2001-01-09,36.0600,36.0600,,,,,,,,,,,,,,
2001-01-10,35.5000,35.5000,,,,,,,,,,,,,,
2001-01-11,32.4400,32.4400,,,,,,,,,,,,,,
2001-01-12,34.0000,34.0000,,,,,,,,,,,,,,
2001-01-16,33.3100,33.3100,,,,,,,,,,,,,,
2001-01-17,33.1200,33.1200,,,,,,,,,,,,,,
2001-01-18,34.0600,34.0600,,,,,,,,,,,,,,
2001-01-19,33.7500,33.7500,,,,,,,,,,,,,,
2001-01-22,35.1900,35.1900,,,,,,,,,,,,,,
2001-01-23,35.1200,35.1200,,,,,,,,,,,,,,
2001-01-24,36.2500,36.2500,,,,,,,,,,,,,,
2001-01-25,37.0000,37.0000,,,,,,,,,,,,,,
2001-01-26,37.5600,37.5600,,,,,,,,,,,,,,
2001-01-29,37.8500,37.8500,,,,,,,,,,,,,,
2001-01-30,37.3800,37.3800,,,,,,,,,,,,,,
2001-01-31,37.7000,37.7000,,,,,,,,,,,,,,
2001-02-01,37.1000,37.1000,,,,,,,,,,,,,,
2001-02-02,37.6400,37.6400,,,,,,,,,,,,,,
2001-02-05,37.9900,37.9900,,,,,,,,,,,,,,
2001-02-06,38.3500,38.3500,,,,,,,,,,,,,,
2001-02-07,39.9400,39.9400,,,,,,,,,,,,,,
2001-02-08,41.1200,41.1200,,,,,,,,,,,,,,
2001-02-09,41.2400,41.2400,,,,,,,,,,,,,,
2001-02-12,41.0700,41.0700,,,,,,,,,,,,,,
2001-02-13,40.7100,40.7100,,,,,,,,,,,,,,
2001-02-14,40.4400,40.4400,,,,,,,,,,,,,,
2001-02-15,40.5800,40.5800,,,,,,,,,,,,,,
2001-02-16,41.0500,41.0500,,,,,,,,,,,,,,
2001-02-20,41.9100,41.9100,,,,,,,,,,,,,,
2001-02-21,41.9000,41.9000,,,,,,,,,,,,,,
2001-02-22,42.0000,42.0000,,,,,,,,,,,,,,
2001-02-23,41.2900,41.2900,,,,,,,,,,,,,,
2001-02-26,41.7300,41.7300,,,,,,,,,,,,,,
2001-02-27,42.3900,42.3900,,,,,,,,,,,,,,
2001-02-28,42.0100,42.0100,,,,,,,,,,,,,,
2001-03-01,41.6000,41.6000,,,,,,,,,,,,,,
2001-03-02,41.7700,41.7700,,,,,,,,,,,,,,
2001-03-05,41.5200,41.5200,,,,,,,,,,,,,,
2001-03-06,41.4200,41.4200,,,,,,,,,,,,,,
2001-03-07,41.3600,41.3600,,,,,,,,,,,,,,
2001-03-08,41.6900,41.6900,,,,,,,,,,,,,,
2001-03-09,41.9200,41.9200,,,,,,,,,,,,,,
2001-03-12,41.8500,41.8500,,,,,,,,,,,,,,
2001-03-13,42.3500,42.3500,,,,,,,,,,,,,,
2001-03-14,42.1000,42.1000,,,,,,,,,,,,,,
2001-03-15,42.5700,42.5700,,,,,,,,,,,,,,
2001-03-16,42.0000,42.0000,,,,,,,,,,,,,,
2001-03-19,42.2900,42.2900,,,,,,,,,,,,,,
2001-03-20,42.1000,42.1000,,,,,,,,,,,,,,
2001-03-21,41.2700,41.2700,,,,,,,,,,,,,,
2001-03-22,39.6100,39.6100,,,,,,,,,,,,,,
2001-03-23,39.3000,39.3000,,,,,,,,,,,,,,
2001-03-26,40.9800,40.9800,,,,,,,,,,,,,,
2001-03-27,42.3600,42.3600,,,,,,,,,,,,,,
2001-03-28,42.8800,42.8800,,,,,,,,,,,,,,
2001-03-29,43.7700,43.7700,,,,,,,,,,,,,,
2001-03-30,45.2500,45.2500,,,,,,,,,,,,,,
2001-04-02,45.6500,45.6500,,,,,,,,,,,,,,
2001-04-03,46.8800,46.8800,,,,,,,,,,,,,,
2001-04-04,46.1800,46.1800,,,,,,,,,,,,,,
2001-04-05,45.3500,45.3500,,,,,,,,,,,,,,
2001-04-06,43.5500,43.5500,,,,,,,,,,,,,,
2001-04-09,44.8000,44.8000,,,,,,,,,,,,,,
2001-04-10,45.8300,45.8300,,,,,,,,,,,,,,
2001-04-11,45.5000,45.5000,,,,,,,,,,,,,,
2001-04-12,45.5400,45.5400,,,,,,,,,,,,,,
2001-04-16,47.0000,47.0000,,,,,,,,,,,,,,
2001-04-17,48.9200,48.9200,,,,,,,,,,,,,,
2001-04-18,49.2300,49.2300,,,,,,,,,,,,,,
2001-04-19,49.0900,49.0900,,,,,,,,,,,,,,
2001-04-20,49.2100,49.2100,,,,,,,,,,,,,,
2001-04-23,48.9100,48.9100,,,,,,,,,,,,,,
2001-04-24,49.0000,49.0000,,,,,,,,,,,,,,
2001-04-25,49.0000,49.0000,,,,,,,,,,,,,,
2001-04-26,49.8900,49.8900,,,,,,,,,,,,,,
2001-04-27,48.4200,48.4200,,,,,,,,,,,,,,
2001-04-30,49.5500,49.5500,,,,,,,,,,,,,,
2001-05-01,50.0200,50.0200,,,,,,,,,,,,,,
2001-05-02,47.8500,47.8500,,,,,,,,,,,,,,
2001-05-03,46.9400,46.9400,,,,,,,,,,,,,,
2001-05-04,46.6800,46.6800,,,,,,,,,,,,,,
2001-05-07,46.7200,46.7200,,,,,,,,,,,,,,
2001-05-08,45.8500,45.8500,,,,,,,,,,,,,,
2001-05-09,46.1100,46.1100,,,,,,,,,,,,,,
2001-05-10,45.9000,45.9000,,,,,,,,,,,,,,
2001-05-11,46.1400,46.1400,,,,,,,,,,,,,,
2001-05-14,46.4600,46.4600,,,,,,,,,,,,,,
2001-05-15,45.6600,45.6600,,,,,,,,,,,,,,
2001-05-16,46.7000,46.7000,,,,,,,,,,,,,,
2001-05-17,46.2800,46.2800,,,,,,,,,,,,,,
2001-05-18,46.4100,46.4100,,,,,,,,,,,,,,
2001-05-21,47.3100,47.3100,,,,,,,,,,,,,,
2001-05-22,47.1300,47.1300,,,,,,,,,,,,,,
2001-05-23,47.4700,47.4700,,,,,,,,,,,,,,
2001-05-24,47.7100,47.7100,,,,,,,,,,,,,,
2001-05-25,46.1900,46.1900,,,,,,,,,,,,,,
2001-05-29,45.3000,45.3000,,,,,,,,,,,,,,
2001-05-30,45.3500,45.3500,,,,,,,,,,,,,,
2001-05-31,46.0800,46.0800,,,,,,,,,,,,,,
2001-06-01,45.5500,45.5500,,,,,,,,,,,,,,
2001-06-04,45.5000,45.5000,,,,,,,,,,,,,,
2001-06-05,42.7500,42.7500,,,,,,,,,,,,,,
2001-06-06,41.4600,41.4600,,,,,,,,,,,,,,
2001-06-07,41.6400,41.6400,,,,,,,,,,,,,,
2001-06-08,42.1000,42.1000,,,,,,,,,,,,,,
2001-06-11,43.0500,43.0500,,,,,,,,,,,,,,
2001-06-12,42.9900,42.9900,,,,,,,,,,,,,,
2001-06-13,37.5000,37.5000,,,,,,,,,,,,,,
2001-06-14,35.9200,35.9200,,,,,,,,,,,,,,
2001-06-15,34.8700,34.8700,,,,,,,,,,,,,,
2001-06-18,33.8000,33.8000,,,,,,,,,,,,,,
2001-06-19,33.3500,33.3500,,,,,,,,,,,,,,
2001-06-20,32.0100,32.0100,,,,,,,,,,,,,,
2001-06-21,31.0400,31.0400,,,,,,,,,,,,,,
2001-06-22,31.4300,31.4300,,,,,,,,,,,,,,
2001-06-25,30.5500,30.5500,,,,,,,,,,,,,,
2001-06-26,30.5000,30.5000,,,,,,,,,,,,,,
2001-06-27,31.4000,31.4000,,,,,,,,,,,,,,
2001-06-28,31.5100,31.5100,,,,,,,,,,,,,,
2001-06-29,32.2100,32.2100,,,,,,,,,,,,,,
2001-07-02,31.9900,31.9900,,,,,,,,,,,,,,
2001-07-03,31.5500,31.5500,,,,,,,,,,,,,,
2001-07-05,31.5400,31.5400,,,,,,,,,,,,,,
2001-07-06,32.4000,32.4000,,,,,,,,,,,,,,
2001-07-09,32.4900,32.4900,,,,,,,,,,,,,,
2001-07-10,32.7000,32.7000,,,,,,,,,,,,,,
2001-07-11,32.0600,32.0600,,,,,,,,,,,,,,
2001-07-12,31.1400,31.1400,,,,,,,,,,,,,,
2001-07-13,31.2100,31.2100,,,,,,,,,,,,,,
2001-07-16,30.9100,30.9100,,,,,,,,,,,,,,
2001-07-17,30.5000,30.5000,,,,,,,,,,,,,,
2001-07-18,30.0500,30.0500,,,,,,,,,,,,,,
2001-07-19,29.8000,29.8000,,,,,,,,,,,,,,
2001-07-20,29.4000,29.4000,,,,,,,,,,,,,,
2001-07-23,28.3700,28.3700,,,,,,,,,,,,,,
2001-07-24,28.0000,28.0000,,,,,,,,,,,,,,
2001-07-25,30.5000,30.5000,,,,,,,,,,,,,,
2001-07-26,32.3000,32.3000,,,,,,,,,,,,,,
2001-07-27,32.4000,32.4000,,,,,,,,,,,,,,
2001-07-30,31.7900,31.7900,,,,,,,,,,,,,,
2001-07-31,31.5000,31.5000,,,,,,,,,,,,,,
2001-08-01,31.7000,31.7000,,,,,,,,,,,,,,
2001-08-02,31.8100,31.8100,,,,,,,,,,,,,,
2001-08-03,31.6000,31.6000,,,,,,,,,,,,,,
2001-08-06,30.9500,30.9500,,,,,,,,,,,,,,
2001-08-07,31.2000,31.2000,,,,,,,,,,,,,,
2001-08-08,31.0500,31.0500,,,,,,,,,,,,,,
2001-08-09,31.3000,31.3000,,,,,,,,,,,,,,
2001-08-10,31.5500,31.5500,,,,,,,,,,,,,,
2001-08-13,31.0300,31.0300,,,,,,,,,,,,,,
2001-08-14,30.8500,30.8500,,,,,,,,,,,,,,
2001-08-15,30.4000,30.4000,,,,,,,,,,,,,,
2001-08-16,30.2600,30.2600,,,,,,,,,,,,,,
2001-08-17,29.9400,29.9400,,,,,,,,,,,,,,
2001-08-20,29.8100,29.8100,,,,,,,,,,,,,,
2001-08-21,29.7500,29.7500,,,,,,,,,,,,,,
2001-08-22,29.8600,29.8600,,,,,,,,,,,,,,
2001-08-23,30.2000,30.2000,,,,,,,,,,,,,,
2001-08-24,30.4200,30.4200,,,,,,,,,,,,,,
2001-08-27,30.9000,30.9000,,,,,,,,,,,,,,
2001-08-28,31.1200,31.1200,,,,,,,,,,,,,,
2001-08-29,30.3700,30.3700,,,,,,,,,,,,,,
2001-08-30,30.2000,30.2000,,,,,,,,,,,,,,
2001-08-31,30.0600,30.0600,,,,,,,,,,,,,,
2001-09-04,30.4900,30.4900,,,,,,,,,,,,,,
2001-09-05,29.9100,29.9100,,,,,,,,,,,,,,
2001-09-06,30.1500,30.1500,,,,,,,,,,,,,,
2001-09-07,30.0800,30.0800,,,,,,,,,,,,,,
2001-09-10,29.9600,29.9600,,,,,,,,,,,,,,
2001-09-17,29.4000,29.4000,,,,,,,,,,,,,,
2001-09-18,28.8100,28.8100,,,,,,,,,,,,,,
2001-09-19,28.3400,28.3400,,,,,,,,,,,,,,
2001-09-20,28.7900,28.7900,,,,,,,,,,,,,,
2001-09-21,27.9500,27.9500,,,,,,,,,,,,,,
2001-09-24,27.5900,27.5900,,,,,,,,,,,,,,
2001-09-25,27.6400,27.6400,,,,,,,,,,,,,,
2001-09-26,26.8500,26.8500,,,,,,,,,,,,,,
2001-09-27,26.0700,26.0700,,,,,,,,,,,,,,
2001-09-28,26.3200,26.3200,,,,,,,,,,,,,,
2001-10-01,26.0000,26.0000,,,,,,,,,,,,,,
2001-10-02,26.3000,26.3000,,,,,,,,,,,,,,
2001-10-03,27.4600,27.4600,,,,,,,,,,,,,,
2001-10-04,27.9000,27.9000,,,,,,,,,,,,,,
2001-10-05,28.3500,28.3500,,,,,,,,,,,,,,
2001-10-08,28.0200,28.0200,,,,,,,,,,,,,,
2001-10-09,28.0500,28.0500,,,,,,,,,,,,,,
2001-10-10,27.5600,27.5600,,,,,,,,,,,,,,
2001-10-11,28.4900,28.4900,,,,,,,,,,,,,,
2001-10-12,28.2700,28.2700,,,,,,,,,,,,,,
2001-10-15,28.5000,28.5000,,,,,,,,,,,,,,
2001-10-16,28.8800,28.8800,,,,,,,,,,,,,,
2001-10-17,28.7300,28.7300,,,,,,,,,,,,,,
2001-10-18,27.9500,27.9500,,,,,,,,,,,,,,
2001-10-19,28.3300,28.3300,,,,,,,,,,,,,,
2001-10-22,28.8200,28.8200,,,,,,,,,,,,,,
2001-10-23,28.0500,28.0500,,,,,,,,,,,,,,
2001-10-24,27.1800,27.1800,,,,,,,,,,,,,,
2001-10-25,28.3000,28.3000,,,,,,,,,,,,,,
2001-10-26,28.5500,28.5500,,,,,,,,,,,,,,
2001-10-29,27.9500,27.9500,,,,,,,,,,,,,,
2001-10-30,27.8000,27.8000,,,,,,,,,,,,,,
2001-10-31,27.9500,27.9500,,,,,,,,,,,,,,
2001-11-01,27.9000,27.9000,,,,,,,,,,,,,,
2001-11-02,27.5300,27.5300,,,,,,,,,,,,,,
2001-11-05,28.2400,28.2400,,,,,,,,,,,,,,
2001-11-06,28.0200,28.0200,,,,,,,,,,,,,,
2001-11-07,27.8700,27.8700,,,,,,,,,,,,,,
2001-11-08,27.8700,27.8700,,,,,,,,,,,,,,
2001-11-09,27.7400,27.7400,,,,,,,,,,,,,,
2001-11-12,27.4600,27.4600,,,,,,,,,,,,,,
2001-11-13,27.2000,27.2000,,,,,,,,,,,,,,
2001-11-14,26.9800,26.9800,,,,,,,,,,,,,,
2001-11-15,26.6900,26.6900,,,,,,,,,,,,,,
2001-11-16,27.0400,27.0400,,,,,,,,,,,,,,
2001-11-19,27.2300,27.2300,,,,,,,,,,,,,,
2001-11-20,27.2800,27.2800,,,,,,,,,,,,,,
2001-11-21,27.0100,27.0100,,,,,,,,,,,,,,
2001-11-23,27.2800,27.2800,,,,,,,,,,,,,,
2001-11-26,26.8800,26.8800,,,,,,,,,,,,,,
2001-11-27,27.2600,27.2600,,,,,,,,,,,,,,
2001-11-28,25.9500,25.9500,,,,,,,,,,,,,,
2001-11-29,25.8000,25.8000,,,,,,,,,,,,,,
2001-11-30,25.5500,25.5500,,,,,,,,,,,,,,
2001-12-03,25.2200,25.2200,,,,,,,,,,,,,,
2001-12-04,25.0900,25.0900,,,,,,,,,,,,,,
2001-12-05,25.6500,25.6500,,,,,,,,,,,,,,
2001-12-06,25.6400,25.6400,,,,,,,,,,,,,,
2001-12-07,25.8700,25.8700,,,,,,,,,,,,,,
2001-12-10,24.7300,24.7300,,,,,,,,,,,,,,
2001-12-11,24.5000,24.5000,,,,,,,,,,,,,,
2001-12-12,25.0500,25.0500,,,,,,,,,,,,,,
2001-12-13,25.4300,25.4300,,,,,,,,,,,,,,
2001-12-14,24.5000,24.5000,,,,,,,,,,,,,,
2001-12-17,23.6400,23.6400,,,,,,,,,,,,,,
2001-12-18,24.2600,24.2600,,,,,,,,,,,,,,
2001-12-19,25.3100,25.3100,,,,,,,,,,,,,,
2001-12-20,25.9500,25.9500,,,,,,,,,,,,,,
2001-12-21,25.8900,25.8900,,,,,,,,,,,,,,
2001-12-24,25.9400,25.9400,,,,,,,,,,,,,,
2001-12-26,26.2600,26.2600,,,,,,,,,,,,,,
2001-12-27,26.7500,26.7500,,,,,,,,,,,,,,
2001-12-28,26.8100,26.8100,,,,,,,,,,,,,,
2001-12-31,26.5200,26.5200,,,,,,,,,,,,,,
2002-01-02,26.8000,26.8000,,,,,,,,,,,,,,
2002-01-03,26.8500,26.8500,,,,,,,,,,,,,,
2002-01-04,26.3500,26.3500,,,,,,,,,,,,,,
2002-01-07,26.8500,26.8500,,,,,,,,,,,,,,
2002-01-08,26.4800,26.4800,,,,,,,,,,,,,,
2002-01-09,26.1000,26.1000,,,,,,,,,,,,,,
2002-01-10,26.2400,26.2400,,,,,,,,,,,,,,
2002-01-11,25.8300,25.8300,,,,,,,,,,,,,,
2002-01-14,26.1300,26.1300,,,,,,,,,,,,,,
2002-01-15,26.5200,26.5200,,,,,,,,,,,,,,
2002-01-16,26.3000,26.3000,,,,,,,,,,,,,,
2002-01-17,25.9900,25.9900,,,,,,,,,,,,,,
2002-01-18,26.1800,26.1800,,,,,,,,,,,,,,
2002-01-22,25.5500,25.5500,,,,,,,,,,,,,,
2002-01-23,25.6000,25.6000,,,,,,,,,,,,,,
2002-01-24,25.6200,25.6200,,,,,,,,,,,,,,
2002-01-25,25.4300,25.4300,,,,,,,,,,,,,,
2002-01-28,25.5500,25.5500,,,,,,,,,,,,,,
2002-01-29,24.9500,24.9500,,,,,,,,,,,,,,
2002-01-30,24.9100,24.9100,,,,,,,,,,,,,,
2002-01-31,25.0800,25.0800,,,,,,,,,,,,,,
2002-02-01,25.1400,25.1400,,,,,,,,,,,,,,
2002-02-04,24.9200,24.9200,,,,,,,,,,,,,,
2002-02-05,22.9400,22.9400,,,,,,,,,,,,,,
2002-02-06,21.1600,21.1600,,,,,,,,,,,,,,
2002-02-07,21.7700,21.7700,,,,,,,,,,,,,,
2002-02-08,22.1200,22.1200,,,,,,,,,,,,,,
2002-02-11,22.4000,22.4000,,,,,,,,,,,,,,
2002-02-12,22.6700,22.6700,,,,,,,,,,,,,,
2002-02-13,23.1500,23.1500,,,,,,,,,,,,,,
2002-02-14,22.0700,22.0700,,,,,,,,,,,,,,
2002-02-15,21.6000,21.6000,,,,,,,,,,,,,,
2002-02-19,21.3500,21.3500,,,,,,,,,,,,,,
2002-02-20,20.9900,20.9900,,,,,,,,,,,,,,
2002-02-21,20.9900,20.9900,,,,,,,,,,,,,,
2002-02-22,20.4800,20.4800,,,,,,,,,,,,,,
2002-02-25,20.3500,20.3500,,,,,,,,,,,,,,
2002-02-26,21.0000,21.0000,,,,,,,,,,,,,,
2002-02-27,21.0000,21.0000,,,,,,,,,,,,,,
2002-02-28,20.8000,20.8000,,,,,,,,,,,,,,
2002-03-01,21.1000,21.1000,,,,,,,,,,,,,,
2002-03-04,22.0500,22.0500,,,,,,,,,,,,,,
2002-03-05,23.0000,23.0000,,,,,,,,,,,,,,
2002-03-06,23.6900,23.6900,,,,,,,,,,,,,,
2002-03-07,24.5300,24.5300,,,,,,,,,,,,,,
2002-03-08,24.6800,24.6800,,,,,,,,,,,,,,
2002-03-11,25.4400,25.4400,,,,,,,,,,,,,,
2002-03-12,24.8000,24.8000,,,,,,,,,,,,,,
2002-03-13,24.9500,24.9500,,,,,,,,,,,,,,
2002-03-14,24.4000,24.4000,,,,,,,,,,,,,,
2002-03-15,24.7600,24.7600,,,,,,,,,,,,,,
2002-03-18,25.0000,25.0000,,,,,,,,,,,,,,
2002-03-19,25.5200,25.5200,,,,,,,,,,,,,,
2002-03-20,25.3000,25.3000,,,,,,,,,,,,,,
2002-03-21,25.8900,25.8900,,,,,,,,,,,,,,
2002-03-22,26.0000,26.0000,,,,,,,,,,,,,,
2002-03-25,25.6300,25.6300,,,,,,,,,,,,,,
2002-03-26,25.3500,25.3500,,,,,,,,,,,,,,
2002-03-27,25.8500,25.8500,,,,,,,,,,,,,,
2002-03-28,25.7900,25.7900,,,,,,,,,,,,,,
2002-04-01,25.5900,25.5900,,,,,,,,,,,,,,
2002-04-02,25.2700,25.2700,,,,,,,,,,,,,,
2002-04-03,25.1400,25.1400,,,,,,,,,,,,,,
2002-04-04,25.0000,25.0000,,,,,,,,,,,,,,
2002-04-05,24.9000,24.9000,,,,,,,,,,,,,,
2002-04-08,24.8000,24.8000,,,,,,,,,,,,,,
2002-04-09,24.6000,24.6000,,,,,,,,,,,,,,
2002-04-10,24.7300,24.7300,,,,,,,,,,,,,,
2002-04-11,24.3700,24.3700,,,,,,,,,,,,,,
2002-04-12,24.5000,24.5000,,,,,,,,,,,,,,
2002-04-15,24.1600,24.1600,,,,,,,,,,,,,,
2002-04-16,24.3300,24.3300,,,,,,,,,,,,,,
2002-04-17,24.9200,24.9200,,,,,,,,,,,,,,
2002-04-18,25.2000,25.2000,,,,,,,,,,,,,,
2002-04-19,25.2500,25.2500,,,,,,,,,,,,,,
2002-04-22,25.4600,25.4600,,,,,,,,,,,,,,
2002-04-23,25.9300,25.9300,,,,,,,,,,,,,,
2002-04-24,25.6100,25.6100,,,,,,,,,,,,,,
2002-04-25,25.0000,25.0000,,,,,,,,,,,,,,
2002-04-26,24.9700,24.9700,,,,,,,,,,,,,,
2002-04-29,25.3000,25.3000,,,,,,,,,,,,,,
2002-04-30,25.3800,25.3800,,,,,,,,,,,,,,
2002-05-01,25.7100,25.7100,,,,,,,,,,,,,,
2002-05-02,25.8000,25.8000,,,,,,,,,,,,,,
2002-05-03,25.8600,25.8600,,,,,,,,,,,,,,
2002-05-06,25.9000,25.9000,,,,,,,,,,,,,,
2002-05-07,25.5300,25.5300,,,,,,,,,,,,,,
2002-05-08,25.0300,25.0300,,,,,,,,,,,,,,
2002-05-09,24.6000,24.6000,,,,,,,,,,,,,,
2002-05-10,21.4900,21.4900,,,,,,,,,,,,,,
2002-05-13,17.5900,17.5900,,,,,,,,,,,,,,
2002-05-14,15.8700,15.8700,,,,,,,,,,,,,,
2002-05-15,15.9200,15.9200,,,,,,,,,,,,,,
2002-05-16,14.5000,14.5000,,,,,,,,,,,,,,
2002-05-17,14.3000,14.3000,,,,,,,,,,,,,,
2002-05-20,15.2700,15.2700,,,,,,,,,,,,,,
2002-05-21,15.4800,15.4800,,,,,,,,,,,,,,
2002-05-22,15.9200,15.9200,,,,,,,,,,,,,,
2002-05-23,17.3500,17.3500,,,,,,,,,,,,,,
2002-05-24,18.2500,18.2500,,,,,,,,,,,,,,
2002-05-28,17.4000,17.4000,,,,,,,,,,,,,,
2002-05-29,16.5200,16.5200,,,,,,,,,,,,,,
2002-05-30,16.9000,16.9000,,,,,,,,,,,,,,
2002-05-31,17.0100,17.0100,,,,,,,,,,,,,,
2002-06-03,16.6600,16.6600,,,,,,,,,,,,,,
2002-06-04,17.2100,17.2100,,,,,,,,,,,,,,
2002-06-05,17.1100,17.1100,,,,,,,,,,,,,,
2002-06-06,16.9200,16.9200,,,,,,,,,,,,,,
2002-06-07,16.9500,16.9500,,,,,,,,,,,,,,
2002-06-10,16.9900,16.9900,,,,,,,,,,,,,,
2002-06-11,17.2900,17.2900,,,,,,,,,,,,,,
2002-06-12,17.1600,17.1600,,,,,,,,,,,,,,
2002-06-13,17.4000,17.4000,,,,,,,,,,,,,,
2002-06-14,17.2200,17.2200,,,,,,,,,,,,,,
2002-06-17,17.8400,17.8400,,,,,,,,,,,,,,
2002-06-18,17.7000,17.7000,,,,,,,,,,,,,,
2002-06-19,17.1400,17.1400,,,,,,,,,,,,,,
2002-06-20,17.0000,17.0000,,,,,,,,,,,,,,
2002-06-21,15.8500,15.8500,,,,,,,,,,,,,,
2002-06-24,14.9800,14.9800,,,,,,,,,,,,,,
2002-06-25,15.8700,15.8700,,,,,,,,,,,,,,
2002-06-26,15.9300,15.9300,,,,,,,,,,,,,,
2002-06-27,16.2900,16.2900,,,,,,,,,,,,,,
2002-06-28,16.9000,16.9000,,,,,,,,,,,,,,
2002-07-01,16.1200,16.1200,,,,,,,,,,,,,,
2002-07-02,15.3600,15.3600,,,,,,,,,,,,,,
2002-07-03,15.8100,15.8100,,,,,,,,,,,,,,
2002-07-05,16.0500,16.0500,,,,,,,,,,,,,,
2002-07-08,17.0000,17.0000,,,,,,,,,,,,,,
2002-07-09,16.1500,16.1500,,,,,,,,,,,,,,
2002-07-10,15.3000,15.3000,,,,,,,,,,,,,,
2002-07-11,15.8000,15.8000,,,,,,,,,,,,,,
2002-07-12,14.9500,14.9500,,,,,,,,,,,,,,
2002-07-15,15.2500,15.2500,,,,,,,,,,,,,,
2002-07-16,14.7000,14.7000,,,,,,,,,,,,,,
2002-07-17,14.7100,14.7100,,,,,,,,,,,,,,
2002-07-18,14.6000,14.6000,,,,,,,,,,,,,,
2002-07-19,13.8800,13.8800,,,,,,,,,,,,,,
2002-07-22,13.6700,13.6700,,,,,,,,,,,,,,
2002-07-23,7.9000,7.9000,,,,,,,,,,,,,,
2002-07-24,5.4000,5.4000,,,,,,,,,,,,,,
2002-07-25,8.8000,8.8000,,,,,,,,,,,,,,
2002-07-26,8.9000,8.9000,,,,,,,,,,,,,,
2002-07-29,9.2000,9.2000,,,,,,,,,,,,,,
2002-07-30,10.5400,10.5400,,,,,,,,,,,,,,
2002-07-31,10.0600,10.0600,,,,,,,,,,,,,,
2002-08-01,10.0400,10.0400,,,,,,,,,,,,,,
2002-08-02,9.2600,9.2600,,,,,,,,,,,,,,
2002-08-05,9.5800,9.5800,,,,,,,,,,,,,,
2002-08-06,9.9100,9.9100,,,,,,,,,,,,,,
2002-08-07,10.0600,10.0600,,,,,,,,,,,,,,
2002-08-08,10.6300,10.6300,,,,,,,,,,,,,,
2002-08-09,10.9200,10.9200,,,,,,,,,,,,,,
2002-08-12,11.5500,11.5500,,,,,,,,,,,,,,
2002-08-13,10.6000,10.6000,,,,,,,,,,,,,,
2002-08-14,10.9900,10.9900,,,,,,,,,,,,,,
2002-08-15,10.7000,10.7000,,,,,,,,,,,,,,
2002-08-16,10.0000,10.0000,,,,,,,,,,,,,,
2002-08-19,10.4500,10.4500,,,,,,,,,,,,,,
2002-08-20,10.4000,10.4000,,,,,,,,,,,,,,
2002-08-21,11.2700,11.2700,,,,,,,,,,,,,,
2002-08-22,12.1800,12.1800,,,,,,,,,,,,,,
2002-08-23,11.3900,11.3900,,,,,,,,,,,,,,
2002-08-26,12.3500,12.3500,,,,,,,,,,,,,,
2002-08-27,12.1900,12.1900,,,,,,,,,,,,,,
2002-08-28,12.0000,12.0000,,,,,,,,,,,,,,
2002-08-29,12.0500,12.0500,,,,,,,,,,,,,,
2002-08-30,11.8500,11.8500,,,,,,,,,,,,,,
2002-09-03,11.3500,11.3500,,,,,,,,,,,,,,
2002-09-04,11.9200,11.9200,,,,,,,,,,,,,,
2002-09-05,11.9000,11.9000,,,,,,,,,,,,,,
2002-09-06,12.1500,12.1500,,,,,,,,,,,,,,
2002-09-09,12.1400,12.1400,,,,,,,,,,,,,,
2002-09-10,11.4300,11.4300,,,,,,,,,,,,,,
2002-09-11,11.9100,11.9100,,,,,,,,,,,,,,
2002-09-12,11.5100,11.5100,,,,,,,,,,,,,,
2002-09-13,11.4000,11.4000,,,,,,,,,,,,,,
2002-09-16,11.6000,11.6000,,,,,,,,,,,,,,
2002-09-17,10.7800,10.7800,,,,,,,,,,,,,,
2002-09-18,11.0500,11.0500,,,,,,,,,,,,,,
2002-09-19,10.3000,10.3000,,,,,,,,,,,,,,
2002-09-20,10.1200,10.1200,,,,,,,,,,,,,,
2002-09-23,9.5700,9.5700,,,,,,,,,,,,,,
2002-09-24,8.6000,8.6000,,,,,,,,,,,,,,
2002-09-25,8.7600,8.7600,,,,,,,,,,,,,,
2002-09-26,9.8900,9.8900,,,,,,,,,,,,,,
2002-09-27,9.3200,9.3200,,,,,,,,,,,,,,
2002-09-30,10.0100,10.0100,,,,,,,,,,,,,,
2002-10-01,8.9500,8.9500,,,,,,,,,,,,,,
2002-10-02,8.9000,8.9000,,,,,,,,,,,,,,
2002-10-03,9.0000,9.0000,,,,,,,,,,,,,,
2002-10-04,8.8000,8.8000,,,,,,,,,,,,,,
2002-10-07,8.7000,8.7000,,,,,,,,,,,,,,
2002-10-08,7.0500,7.0500,,,,,,,,,,,,,,
2002-10-09,7.1200,7.1200,,,,,,,,,,,,,,
2002-10-10,7.5000,7.5000,,,,,,,,,,,,,,
2002-10-11,7.2500,7.2500,,,,,,,,,,,,,,
2002-10-14,6.6500,6.6500,,,,,,,,,,,,,,
2002-10-15,7.1500,7.1500,,,,,,,,,,,,,,
2002-10-16,6.6300,6.6300,,,,,,,,,,,,,,
2002-10-17,6.1300,6.1300,,,,,,,,,,,,,,
2002-10-18,5.7300,5.7300,,,,,,,,,,,,,,
2002-10-21,5.8000,5.8000,,,,,,,,,,,,,,
2002-10-22,5.6500,5.6500,,,,,,,,,,,,,,
2002-10-23,5.7500,5.7500,,,,,,,,,,,,,,
2002-10-24,5.9900,5.9900,,,,,,,,,,,,,,
2002-10-25,6.1800,6.1800,,,,,,,,,,,,,,
2002-10-28,6.5000,6.5000,,,,,,,,,,,,,,
2002-10-29,6.6400,6.6400,,,,,,,,,,,,,,
2002-10-30,7.2000,7.2000,,,,,,,,,,,,,,
2002-10-31,7.0800,7.0800,,,,,,,,,,,,,,
2002-11-01,7.3100,7.3100,,,,,,,,,,,,,,
2002-11-04,7.6500,7.6500,,,,,,,,,,,,,,
2002-11-05,6.3500,6.3500,,,,,,,,,,,,,,
2002-11-06,6.2000,6.2000,,,,,,,,,,,,,,
2002-11-07,7.2000,7.2000,,,,,,,,,,,,,,
2002-11-08,6.3600,6.3600,,,,,,,,,,,,,,
2002-11-11,6.4500,6.4500,,,,,,,,,,,,,,
2002-11-12,6.6000,6.6000,,,,,,,,,,,,,,
2002-11-13,6.6300,6.6300,,,,,,,,,,,,,,
2002-11-14,6.7800,6.7800,,,,,,,,,,,,,,
2002-11-15,6.9800,6.9800,,,,,,,,,,,,,,
2002-11-18,7.1000,7.1000,,,,,,,,,,,,,,
2002-11-19,7.0100,7.0100,,,,,,,,,,,,,,
2002-11-20,7.1300,7.1300,,,,,,,,,,,,,,
2002-11-21,7.2600,7.2600,,,,,,,,,,,,,,
2002-11-22,7.5200,7.5200,,,,,,,,,,,,,,
2002-11-25,7.4600,7.4600,,,,,,,,,,,,,,
2002-11-26,7.6500,7.6500,,,,,,,,,,,,,,
2002-11-27,7.5900,7.5900,,,,,,,,,,,,,,
2002-11-29,7.6500,7.6500,,,,,,,,,,,,,,
2002-12-02,7.6100,7.6100,,,,,,,,,,,,,,
2002-12-03,7.4800,7.4800,,,,,,,,,,,,,,
2002-12-04,6.8600,6.8600,,,,,,,,,,,,,,
2002-12-05,6.9700,6.9700,,,,,,,,,,,,,,
2002-12-06,6.8500,6.8500,,,,,,,,,,,,,,
2002-12-09,6.8200,6.8200,,,,,,,,,,,,,,
2002-12-10,7.2200,7.2200,,,,,,,,,,,,,,
2002-12-11,7.5000,7.5000,,,,,,,,,,,,,,
2002-12-12,7.5000,7.5000,,,,,,,,,,,,,,
2002-12-13,7.4700,7.4700,,,,,,,,,,,,,,
2002-12-16,7.9800,7.9800,,,,,,,,,,,,,,
2002-12-17,7.9900,7.9900,,,,,,,,,,,,,,
2002-12-18,7.9800,7.9800,,,,,,,,,,,,,,
2002-12-19,8.0000,8.0000,,,,,,,,,,,,,,
2002-12-20,8.3600,8.3600,,,,,,,,,,,,,,
2002-12-23,8.4500,8.4500,,,,,,,,,,,,,,
2002-12-24,8.5900,8.5900,,,,,,,,,,,,,,
2002-12-26,8.5000,8.5000,,,,,,,,,,,,,,
2002-12-27,8.5500,8.5500,,,,,,,,,,,,,,
2002-12-30,8.5000,8.5000,,,,,,,,,,,,,,
2002-12-31,8.5000,8.5000,,,,,,,,,,,,,,
2003-01-02,8.5000,8.5000,,,,,,,,,,,,,,
2003-01-03,8.5500,8.5500,,,,,,,,,,,,,,
2003-01-06,8.5500,8.5500,,,,,,,,,,,,,,
2003-01-07,8.0600,8.0600,,,,,,,,,,,,,,
2003-01-08,8.1400,8.1400,,,,,,,,,,,,,,
2003-01-09,8.2500,8.2500,,,,,,,,,,,,,,
2003-01-10,8.4000,8.4000,,,,,,,,,,,,,,
2003-01-13,8.2500,8.2500,,,,,,,,,,,,,,
2003-01-14,8.2000,8.2000,,,,,,,,,,,,,,
2003-01-15,8.1000,8.1000,,,,,,,,,,,,,,
2003-01-16,8.3000,8.3000,,,,,,,,,,,,,,
2003-01-17,8.0400,8.0400,,,,,,,,,,,,,,
2003-01-21,7.8800,7.8800,,,,,,,,,,,,,,
2003-01-22,7.5900,7.5900,,,,,,,,,,,,,,
2003-01-23,7.5000,7.5000,,,,,,,,,,,,,,
2003-01-24,7.6000,7.6000,,,,,,,,,,,,,,
2003-01-27,6.8000,6.8000,,,,,,,,,,,,,,
2003-01-28,7.2500,7.2500,,,,,,,,,,,,,,
2003-01-29,7.1000,7.1000,,,,,,,,,,,,,,
2003-01-30,6.9500,6.9500,,,,,,,,,,,,,,
2003-01-31,6.9700,6.9700,,,,,,,,,,,,,,
2003-02-03,7.4400,7.4400,,,,,,,,,,,,,,
2003-02-04,7.1000,7.1000,,,,,,,,,,,,,,
2003-02-05,6.7500,6.7500,,,,,,,,,,,,,,
2003-02-06,6.7800,6.7800,,,,,,,,,,,,,,
2003-02-07,6.1200,6.1200,,,,,,,,,,,,,,
2003-02-10,6.1800,6.1800,,,,,,,,,,,,,,
2003-02-11,5.9500,5.9500,,,,,,,,,,,,,,
2003-02-12,5.7000,5.7000,,,,,,,,,,,,,,
2003-02-13,5.2000,5.2000,,,,,,,,,,,,,,
2003-02-14,5.0500,5.0500,,,,,,,,,,,,,,
2003-02-18,5.0400,5.0400,,,,,,,,,,,,,,
2003-02-19,4.8000,4.8000,,,,,,,,,,,,,,
2003-02-20,4.6500,4.6500,,,,,,,,,,,,,,
2003-02-21,4.5500,4.5500,,,,,,,,,,,,,,
2003-02-24,4.5400,4.5400,,,,,,,,,,,,,,
2003-02-25,4.5000,4.5000,,,,,,,,,,,,,,
2003-02-26,4.6500,4.6500,,,,,,,,,,,,,,
2003-02-27,4.7500,4.7500,,,,,,,,,,,,,,
2003-02-28,4.6500,4.6500,,,,,,,,,,,,,,
2003-03-03,5.8000,5.8000,,,,,,,,,,,,,,
2003-03-04,5.7000,5.7000,,,,,,,,,,,,,,
2003-03-05,5.9700,5.9700,,,,,,,,,,,,,,
2003-03-06,6.0000,6.0000,,,,,,,,,,,,,,
2003-03-07,6.4000,6.4000,,,,,,,,,,,,,,
2003-03-10,6.0500,6.0500,,,,,,,,,,,,,,
2003-03-11,6.0800,6.0800,,,,,,,,,,,,,,
2003-03-12,6.0900,6.0900,,,,,,,,,,,,,,
2003-03-13,6.1000,6.1000,,,,,,,,,,,,,,
2003-03-14,6.2200,6.2200,,,,,,,,,,,,,,
2003-03-17,6.2900,6.2900,,,,,,,,,,,,,,
2003-03-18,6.3000,6.3000,,,,,,,,,,,,,,
2003-03-19,6.4500,6.4500,,,,,,,,,,,,,,
2003-03-20,6.7500,6.7500,,,,,,,,,,,,,,
2003-03-21,6.8700,6.8700,,,,,,,,,,,,,,
2003-03-24,6.7200,6.7200,,,,,,,,,,,,,,
2003-03-25,7.0500,7.0500,,,,,,,,,,,,,,
2003-03-26,6.8500,6.8500,,,,,,,,,,,,,,
2003-03-27,6.7300,6.7300,,,,,,,,,,,,,,
2003-03-28,6.8800,6.8800,,,,,,,,,,,,,,
2003-03-31,7.0500,7.0500,,,,,,,,,,,,,,
2003-04-01,7.4300,7.4300,,,,,,,,,,,,,,
2003-04-02,7.3700,7.3700,,,,,,,,,,,,,,
2003-04-03,7.4900,7.4900,,,,,,,,,,,,,,
2003-04-04,7.5400,7.5400,,,,,,,,,,,,,,
2003-04-07,7.5100,7.5100,,,,,,,,,,,,,,
2003-04-08,7.5600,7.5600,,,,,,,,,,,,,,
2003-04-09,7.5800,7.5800,,,,,,,,,,,,,,
2003-04-10,7.5900,7.5900,,,,,,,,,,,,,,
2003-04-11,7.5000,7.5000,,,,,,,,,,,,,,
2003-04-14,7.6000,7.6000,,,,,,,,,,,,,,
2003-04-15,7.6000,7.6000,,,,,,,,,,,,,,
2003-04-16,7.4000,7.4000,,,,,,,,,,,,,,
2003-04-17,7.5900,7.5900,,,,,,,,,,,,,,
2003-04-21,7.5600,7.5600,,,,,,,,,,,,,,
2003-04-22,7.7800,7.7800,,,,,,,,,,,,,,
2003-04-23,7.8500,7.8500,,,,,,,,,,,,,,
2003-04-24,8.1000,8.1000,,,,,,,,,,,,,,
2003-04-25,8.1400,8.1400,,,,,,,,,,,,,,
2003-04-28,8.1300,8.1300,,,,,,,,,,,,,,
2003-04-29,7.9700,7.9700,,,,,,,,,,,,,,
2003-04-30,7.9000,7.9000,,,,,,,,,,,,,,
2003-05-01,7.8500,7.8500,,,,,,,,,,,,,,
2003-05-02,8.2000,8.2000,,,,,,,,,,,,,,
2003-05-05,8.0900,8.0900,,,,,,,,,,,,,,
2003-05-06,8.0200,8.0200,,,,,,,,,,,,,,
2003-05-07,8.1000,8.1000,,,,,,,,,,,,,,
2003-05-08,8.0200,8.0200,,,,,,,,,,,,,,
2003-05-09,7.9700,7.9700,,,,,,,,,,,,,,
2003-05-12,8.0000,8.0000,,,,,,,,,,,,,,
2003-05-13,7.7200,7.7200,,,,,,,,,,,,,,
2003-05-14,8.2800,8.2800,,,,,,,,,,,,,,
2003-05-15,8.9900,8.9900,,,,,,,,,,,,,,
2003-05-16,9.1200,9.1200,,,,,,,,,,,,,,
2003-05-19,8.8500,8.8500,,,,,,,,,,,,,,
2003-05-20,8.7000,8.7000,,,,,,,,,,,,,,
2003-05-21,8.5500,8.5500,,,,,,,,,,,,,,
2003-05-22,8.4500,8.4500,,,,,,,,,,,,,,
2003-05-23,9.0400,9.0400,,,,,,,,,,,,,,
2003-05-27,9.5000,9.5000,,,,,,,,,,,,,,
2003-05-28,9.7400,9.7400,,,,,,,,,,,,,,
2003-05-29,9.3800,9.3800,,,,,,,,,,,,,,
2003-05-30,9.5500,9.5500,,,,,,,,,,,,,,
2003-06-02,9.7000,9.7000,,,,,,,,,,,,,,
2003-06-03,9.6600,9.6600,,,,,,,,,,,,,,
2003-06-04,9.6600,9.6600,,,,,,,,,,,,,,
2003-06-05,9.6500,9.6500,,,,,,,,,,,,,,
2003-06-06,9.2700,9.2700,,,,,,,,,,,,,,
2003-06-09,9.1100,9.1100,,,,,,,,,,,,,,
2003-06-10,9.1700,9.1700,,,,,,,,,,,,,,
2003-06-11,9.0500,9.0500,,,,,,,,,,,,,,
2003-06-12,9.3200,9.3200,,,,,,,,,,,,,,
2003-06-13,8.9000,8.9000,,,,,,,,,,,,,,
2003-06-16,9.2900,9.2900,,,,,,,,,,,,,,
2003-06-17,9.1800,9.1800,,,,,,,,,,,,,,
2003-06-18,9.0000,9.0000,,,,,,,,,,,,,,
2003-06-19,9.0500,9.0500,,,,,,,,,,,,,,
2003-06-20,8.7000,8.7000,,,,,,,,,,,,,,
2003-06-23,8.5500,8.5500,,,,,,,,,,,,,,
2003-06-24,8.3400,8.3400,,,,,,,,,,,,,,
2003-06-25,8.3400,8.3400,,,,,,,,,,,,,,
2003-06-26,8.3300,8.3300,,,,,,,,,,,,,,
2003-06-27,8.1200,8.1200,,,,,,,,,,,,,,
2003-06-30,8.1500,8.1500,,,,,,,,,,,,,,
2003-07-01,8.0600,8.0600,,,,,,,,,,,,,,
2003-07-02,8.1600,8.1600,,,,,,,,,,,,,,
2003-07-03,8.1200,8.1200,,,,,,,,,,,,,,
2003-07-07,8.1000,8.1000,,,,,,,,,,,,,,
2003-07-08,8.1500,8.1500,,,,,,,,,,,,,,
2003-07-09,8.2500,8.2500,,,,,,,,,,,,,,
2003-07-10,8.1400,8.1400,,,,,,,,,,,,,,
2003-07-11,8.2800,8.2800,,,,,,,,,,,,,,
2003-07-14,8.1200,8.1200,,,,,,,,,,,,,,
2003-07-15,8.0000,8.0000,,,,,,,,,,,,,,
2003-07-16,7.8300,7.8300,,,,,,,,,,,,,,
2003-07-17,7.7100,7.7100,,,,,,,,,,,,,,
2003-07-18,8.1200,8.1200,,,,,,,,,,,,,,
2003-07-21,7.8200,7.8200,,,,,,,,,,,,,,
2003-07-22,8.1300,8.1300,,,,,,,,,,,,,,
2003-07-23,7.9700,7.9700,,,,,,,,,,,,,,
2003-07-24,8.0400,8.0400,,,,,,,,,,,,,,
2003-07-25,8.1500,8.1500,,,,,,,,,,,,,,
2003-07-28,8.1100,8.1100,,,,,,,,,,,,,,
2003-07-29,8.2500,8.2500,,,,,,,,,,,,,,
2003-07-30,8.1000,8.1000,,,,,,,,,,,,,,
2003-07-31,8.0700,8.0700,,,,,,,,,,,,,,
2003-08-01,8.0000,8.0000,,,,,,,,,,,,,,
2003-08-04,8.1700,8.1700,,,,,,,,,,,,,,
2003-08-05,8.1500,8.1500,,,,,,,,,,,,,,
2003-08-06,8.1300,8.1300,,,,,,,,,,,,,,
2003-08-07,8.0900,8.0900,,,,,,,,,,,,,,
2003-08-08,8.2000,8.2000,,,,,,,,,,,,,,
2003-08-11,8.2100,8.2100,,,,,,,,,,,,,,
2003-08-12,8.3700,8.3700,,,,,,,,,,,,,,
2003-08-13,8.1800,8.1800,,,,,,,,,,,,,,
2003-08-14,8.3600,8.3600,,,,,,,,,,,,,,
2003-08-15,8.2000,8.2000,,,,,,,,,,,,,,
2003-08-18,8.2700,8.2700,,,,,,,,,,,,,,
2003-08-19,8.2600,8.2600,,,,,,,,,,,,,,
2003-08-20,8.3700,8.3700,,,,,,,,,,,,,,
2003-08-21,8.4800,8.4800,,,,,,,,,,,,,,
2003-08-22,8.2300,8.2300,,,,,,,,,,,,,,
2003-08-25,8.2700,8.2700,,,,,,,,,,,,,,
2003-08-26,8.2500,8.2500,,,,,,,,,,,,,,
2003-08-27,8.4200,8.4200,,,,,,,,,,,,,,
2003-08-28,8.5100,8.5100,,,,,,,,,,,,,,
2003-08-29,8.4900,8.4900,,,,,,,,,,,,,,
2003-09-02,8.7800,8.7800,,,,,,,,,,,,,,
2003-09-03,8.8800,8.8800,,,,,,,,,,,,,,
2003-09-04,9.0400,9.0400,,,,,,,,,,,,,,
2003-09-05,8.9100,8.9100,,,,,,,,,,,,,,
2003-09-08,9.1200,9.1200,,,,,,,,,,,,,,
2003-09-09,9.1500,9.1500,,,,,,,,,,,,,,
2003-09-10,8.9700,8.9700,,,,,,,,,,,,,,
2003-09-11,8.9500,8.9500,,,,,,,,,,,,,,
2003-09-12,9.0800,9.0800,,,,,,,,,,,,,,
2003-09-15,8.8700,8.8700,,,,,,,,,,,,,,
2003-09-16,8.9000,8.9000,,,,,,,,,,,,,,
2003-09-17,8.7400,8.7400,,,,,,,,,,,,,,
2003-09-18,8.9800,8.9800,,,,,,,,,,,,,,
2003-09-19,9.0500,9.0500,,,,,,,,,,,,,,
2003-09-22,8.8800,8.8800,,,,,,,,,,,,,,
2003-09-23,9.2000,9.2000,,,,,,,,,,,,,,
2003-09-24,9.1000,9.1000,,,,,,,,,,,,,,
2003-09-25,9.0800,9.0800,,,,,,,,,,,,,,
2003-09-26,9.1300,9.1300,,,,,,,,,,,,,,
2003-09-29,9.3800,9.3800,,,,,,,,,,,,,,
2003-09-30,9.1700,9.1700,,,,,,,,,,,,,,
2003-10-01,9.2500,9.2500,,,,,,,,,,,,,,
2003-10-02,9.2000,9.2000,,,,,,,,,,,,,,
2003-10-03,9.2600,9.2600,,,,,,,,,,,,,,
2003-10-06,9.3100,9.3100,,,,,,,,,,,,,,
2003-10-07,9.2900,9.2900,,,,,,,,,,,,,,
2003-10-08,9.2400,9.2400,,,,,,,,,,,,,,
2003-10-09,9.4400,9.4400,,,,,,,,,,,,,,
2003-10-10,9.7000,9.7000,,,,,,,,,,,,,,
2003-10-13,9.7800,9.7800,,,,,,,,,,,,,,
2003-10-14,9.8300,9.8300,,,,,,,,,,,,,,
2003-10-15,9.5000,9.5000,,,,,,,,,,,,,,
2003-10-16,9.4300,9.4300,,,,,,,,,,,,,,
2003-10-17,9.4500,9.4500,,,,,,,,,,,,,,
2003-10-20,9.4700,9.4700,,,,,,,,,,,,,,
2003-10-21,9.9500,9.9500,,,,,,,,,,,,,,
2003-10-22,9.9800,9.9800,,,,,,,,,,,,,,
2003-10-23,9.7600,9.7600,,,,,,,,,,,,,,
2003-10-24,9.9200,9.9200,,,,,,,,,,,,,,
2003-10-27,9.8900,9.8900,,,,,,,,,,,,,,
2003-10-28,9.7000,9.7000,,,,,,,,,,,,,,
2003-10-29,9.9900,9.9900,,,,,,,,,,,,,,
2003-10-30,9.9800,9.9800,,,,,,,,,,,,,,
2003-10-31,9.8100,9.8100,,,,,,,,,,,,,,
2003-11-03,10.1100,10.1100,,,,,,,,,,,,,,
2003-11-04,9.7900,9.7900,,,,,,,,,,,,,,
2003-11-05,10.0000,10.0000,,,,,,,,,,,,,,
2003-11-06,10.0000,10.0000,,,,,,,,,,,,,,
2003-11-07,9.9800,9.9800,,,,,,,,,,,,,,
2003-11-10,10.0000,10.0000,,,,,,,,,,,,,,
2003-11-11,9.8500,9.8500,,,,,,,,,,,,,,
2003-11-12,9.8400,9.8400,,,,,,,,,,,,,,
2003-11-13,9.7500,9.7500,,,,,,,,,,,,,,
2003-11-14,9.6700,9.6700,,,,,,,,,,,,,,
2003-11-17,9.6800,9.6800,,,,,,,,,,,,,,
2003-11-18,9.5000,9.5000,,,,,,,,,,,,,,
2003-11-19,9.5400,9.5400,,,,,,,,,,,,,,
2003-11-20,9.5900,9.5900,,,,,,,,,,,,,,
2003-11-21,9.4800,9.4800,,,,,,,,,,,,,,
2003-11-24,9.5900,9.5900,,,,,,,,,,,,,,
2003-11-25,9.7600,9.7600,,,,,,,,,,,,,,
2003-11-26,9.6500,9.6500,,,,,,,,,,,,,,
2003-11-28,9.7000,9.7000,,,,,,,,,,,,,,
2003-12-01,9.8000,9.8000,,,,,,,,,,,,,,
2003-12-02,9.8600,9.8600,,,,,,,,,,,,,,
2003-12-03,9.8100,9.8100,,,,,,,,,,,,,,
2003-12-04,9.9200,9.9200,,,,,,,,,,,,,,
2003-12-05,9.5200,9.5200,,,,,,,,,,,,,,
2003-12-08,9.5000,9.5000,,,,,,,,,,,,,,
2003-12-09,9.4000,9.4000,,,,,,,,,,,,,,
2003-12-10,9.2400,9.2400,,,,,,,,,,,,,,
2003-12-11,9.1500,9.1500,,,,,,,,,,,,,,
2003-12-12,9.3500,9.3500,,,,,,,,,,,,,,
2003-12-15,9.2400,9.2400,,,,,,,,,,,,,,
2003-12-16,9.4300,9.4300,,,,,,,,,,,,,,
2003-12-17,9.4800,9.4800,,,,,,,,,,,,,,
2003-12-18,9.4900,9.4900,,,,,,,,,,,,,,
2003-12-19,9.3800,9.3800,,,,,,,,,,,,,,
2003-12-22,9.3900,9.3900,,,,,,,,,,,,,,
2003-12-23,9.4800,9.4800,,,,,,,,,,,,,,
2003-12-24,9.5700,9.5700,,,,,,,,,,,,,,
2003-12-26,9.6100,9.6100,,,,,,,,,,,,,,
2003-12-29,9.7100,9.7100,,,,,,,,,,,,,,
2003-12-30,9.6700,9.6700,,,,,,,,,,,,,,
2003-12-31,9.6900,9.6900,,,,,,,,,,,,,,
2004-01-02,9.7200,9.7200,,,,,,,,,,,,,,
2004-01-05,9.8500,9.8500,,,,,,,,,,,,,,
2004-01-06,9.9300,9.9300,,,,,,,,,,,,,,
2004-01-07,9.9800,9.9800,,,,,,,,,,,,,,
2004-01-08,10.0000,10.0000,,,,,,,,,,,,,,
2004-01-09,10.2400,10.2400,,,,,,,,,,,,,,
2004-01-12,10.3000,10.3000,,,,,,,,,,,,,,
2004-01-13,10.2600,10.2600,,,,,,,,,,,,,,
2004-01-14,10.3500,10.3500,,,,,,,,,,,,,,
2004-01-15,10.2300,10.2300,,,,,,,,,,,,,,
2004-01-16,10.2300,10.2300,,,,,,,,,,,,,,
2004-01-20,10.2500,10.2500,,,,,,,,,,,,,,
2004-01-21,10.4500,10.4500,,,,,,,,,,,,,,
2004-01-22,10.3800,10.3800,,,,,,,,,,,,,,
2004-01-23,10.2700,10.2700,,,,,,,,,,,,,,
2004-01-26,10.1700,10.1700,,,,,,,,,,,,,,
2004-01-27,10.3200,10.3200,,,,,,,,,,,,,,
2004-01-28,10.3000,10.3000,,,,,,,,,,,,,,
2004-01-29,10.2800,10.2800,,,,,,,,,,,,,,
2004-01-30,10.5000,10.5000,,,,,,,,,,,,,,
2004-02-02,10.3100,10.3100,,,,,,,,,,,,,,
2004-02-03,10.3500,10.3500,,,,,,,,,,,,,,
2004-02-04,10.2400,10.2400,,,,,,,,,,,,,,
2004-02-05,10.0900,10.0900,,,,,,,,,,,,,,
2004-02-06,10.1100,10.1100,,,,,,,,,,,,,,
2004-02-09,10.1800,10.1800,,,,,,,,,,,,,,
2004-02-10,10.3800,10.3800,,,,,,,,,,,,,,
2004-02-11,10.2500,10.2500,,,,,,,,,,,,,,
2004-02-12,10.4000,10.4000,,,,,,,,,,,,,,
2004-02-13,10.3200,10.3200,,,,,,,,,,,,,,
2004-02-17,10.4500,10.4500,,,,,,,,,,,,,,
2004-02-18,10.5000,10.5000,,,,,,,,,,,,,,
2004-02-19,10.4900,10.4900,,,,,,,,,,,,,,
2004-02-20,10.3000,10.3000,,,,,,,,,,,,,,
2004-02-23,10.2800,10.2800,,,,,,,,,,,,,,
2004-02-24,10.3000,10.3000,,,,,,,,,,,,,,
2004-02-25,10.4000,10.4000,,,,,,,,,,,,,,
2004-02-26,10.4100,10.4100,,,,,,,,,,,,,,
2004-02-27,10.4600,10.4600,,,,,,,,,,,,,,
2004-03-01,10.6600,10.6600,,,,,,,,,,,,,,
2004-03-02,10.8100,10.8100,,,,,,,,,,,,,,
2004-03-03,10.9400,10.9400,,,,,,,,,,,,,,
2004-03-04,11.2200,11.2200,,,,,,,,,,,,,,
2004-03-05,11.4200,11.4200,,,,,,,,,,,,,,
2004-03-08,11.2400,11.2400,,,,,,,,,,,,,,
2004-03-09,11.2500,11.2500,,,,,,,,,,,,,,
2004-03-10,10.8000,10.8000,,,,,,,,,,,,,,
2004-03-11,10.7000,10.7000,,,,,,,,,,,,,,
2004-03-12,10.8600,10.8600,,,,,,,,,,,,,,
2004-03-15,10.7000,10.7000,,,,,,,,,,,,,,
2004-03-16,10.7400,10.7400,,,,,,,,,,,,,,
2004-03-17,11.0500,11.0500,,,,,,,,,,,,,,
2004-03-18,11.1100,11.1100,,,,,,,,,,,,,,
2004-03-19,10.8700,10.8700,,,,,,,,,,,,,,
2004-03-22,10.9000,10.9000,,,,,,,,,,,,,,
2004-03-23,10.9000,10.9000,,,,,,,,,,,,,,
2004-03-24,10.8300,10.8300,,,,,,,,,,,,,,
2004-03-25,10.8500,10.8500,,,,,,,,,,,,,,
2004-03-26,11.1300,11.1300,,,,,,,,,,,,,,
2004-03-29,11.3000,11.3000,,,,,,,,,,,,,,
2004-03-30,11.3500,11.3500,,,,,,,,,,,,,,
2004-03-31,11.4300,11.4300,,,,,,,,,,,,,,
2004-04-01,11.7600,11.7600,,,,,,,,,,,,,,
2004-04-02,11.8800,11.8800,,,,,,,,,,,,,,
2004-04-05,11.6800,11.6800,,,,,,,,,,,,,,
2004-04-06,11.8500,11.8500,,,,,,,,,,,,,,
2004-04-07,11.6200,11.6200,,,,,,,,,,,,,,
2004-04-08,11.5700,11.5700,,,,,,,,,,,,,,
2004-04-12,11.2700,11.2700,,,,,,,,,,,,,,
2004-04-13,11.0500,11.0500,,,,,,,,,,,,,,
2004-04-14,10.8900,10.8900,,,,,,,,,,,,,,
2004-04-15,10.9700,10.9700,,,,,,,,,,,,,,
2004-04-16,11.1400,11.1400,,,,,,,,,,,,,,
2004-04-19,11.2100,11.2100,,,,,,,,,,,,,,
2004-04-20,11.1000,11.1000,,,,,,,,,,,,,,
2004-04-21,11.1400,11.1400,,,,,,,,,,,,,,
2004-04-22,11.3900,11.3900,,,,,,,,,,,,,,
2004-04-23,11.3200,11.3200,,,,,,,,,,,,,,
2004-04-26,11.2500,11.2500,,,,,,,,,,,,,,
2004-04-27,11.3500,11.3500,,,,,,,,,,,,,,
2004-04-28,11.1700,11.1700,,,,,,,,,,,,,,
2004-04-29,10.8800,10.8800,,,,,,,,,,,,,,
2004-04-30,10.7900,10.7900,,,,,,,,,,,,,,
2004-05-03,11.2500,11.2500,,,,,,,,,,,,,,
2004-05-04,11.2200,11.2200,,,,,,,,,,,,,,
2004-05-05,11.3100,11.3100,,,,,,,,,,,,,,
2004-05-06,10.9000,10.9000,,,,,,,,,,,,,,
2004-05-07,10.5900,10.5900,,,,,,,,,,,,,,
2004-05-10,10.3100,10.3100,,,,,,,,,,,,,,
2004-05-11,10.2500,10.2500,,,,,,,,,,,,,,
2004-05-12,10.3300,10.3300,,,,,,,,,,,,,,
2004-05-13,10.5200,10.5200,,,,,,,,,,,,,,
2004-05-14,10.6000,10.6000,,,,,,,,,,,,,,
2004-05-17,10.4500,10.4500,,,,,,,,,,,,,,
2004-05-18,10.6000,10.6000,,,,,,,,,,,,,,
2004-05-19,10.5200,10.5200,,,,,,,,,,,,,,
2004-05-20,10.5100,10.5100,,,,,,,,,,,,,,
2004-05-21,10.4600,10.4600,,,,,,,,,,,,,,
2004-05-24,10.4800,10.4800,,,,,,,,,,,,,,
2004-05-25,10.6700,10.6700,,,,,,,,,,,,,,
2004-05-26,10.8200,10.8200,,,,,,,,,,,,,,
2004-05-27,10.7400,10.7400,,,,,,,,,,,,,,
2004-05-28,10.8400,10.8400,,,,,,,,,,,,,,
2004-06-01,10.6200,10.6200,,,,,,,,,,,,,,
2004-06-02,10.7800,10.7800,,,,,,,,,,,,,,
2004-06-03,10.5700,10.5700,,,,,,,,,,,,,,
2004-06-04,10.6300,10.6300,,,,,,,,,,,,,,
2004-06-07,10.8900,10.8900,,,,,,,,,,,,,,
2004-06-08,10.7800,10.7800,,,,,,,,,,,,,,
2004-06-09,10.6700,10.6700,,,,,,,,,,,,,,
2004-06-10,10.7900,10.7900,,,,,,,,,,,,,,
2004-06-14,10.6700,10.6700,,,,,,,,,,,,,,
2004-06-15,10.7000,10.7000,,,,,,,,,,,,,,
2004-06-16,10.5800,10.5800,,,,,,,,,,,,,,
2004-06-17,10.6600,10.6600,,,,,,,,,,,,,,
2004-06-18,11.2000,11.2000,,,,,,,,,,,,,,
2004-06-21,11.2700,11.2700,,,,,,,,,,,,,,
2004-06-22,11.2500,11.2500,,,,,,,,,,,,,,
2004-06-23,11.3900,11.3900,,,,,,,,,,,,,,
2004-06-24,11.5300,11.5300,,,,,,,,,,,,,,
2004-06-25,11.4600,11.4600,,,,,,,,,,,,,,
2004-06-28,11.4200,11.4200,,,,,,,,,,,,,,
2004-06-29,11.2900,11.2900,,,,,,,,,,,,,,
2004-06-30,11.5000,11.5000,,,,,,,,,,,,,,
2004-07-01,11.2800,11.2800,,,,,,,,,,,,,,
2004-07-02,11.4100,11.4100,,,,,,,,,,,,,,
2004-07-06,11.4000,11.4000,,,,,,,,,,,,,,
2004-07-07,11.4200,11.4200,,,,,,,,,,,,,,
2004-07-08,11.5600,11.5600,,,,,,,,,,,,,,
2004-07-09,11.6400,11.6400,,,,,,,,,,,,,,
2004-07-12,11.7000,11.7000,,,,,,,,,,,,,,
2004-07-13,11.6800,11.6800,,,,,,,,,,,,,,
2004-07-14,11.6600,11.6600,,,,,,,,,,,,,,
2004-07-15,11.7900,11.7900,,,,,,,,,,,,,,
2004-07-16,11.9500,11.9500,,,,,,,,,,,,,,
2004-07-19,12.0300,12.0300,,,,,,,,,,,,,,
2004-07-20,12.2100,12.2100,,,,,,,,,,,,,,
2004-07-21,11.6500,11.6500,,,,,,,,,,,,,,
2004-07-22,11.4100,11.4100,,,,,,,,,,,,,,
2004-07-23,11.3500,11.3500,,,,,,,,,,,,,,
2004-07-26,11.2100,11.2100,,,,,,,,,,,,,,
2004-07-27,11.4300,11.4300,,,,,,,,,,,,,,
2004-07-28,11.2800,11.2800,,,,,,,,,,,,,,
2004-07-29,11.4100,11.4100,,,,,,,,,,,,,,
2004-07-30,11.6100,11.6100,,,,,,,,,,,,,,
2004-08-02,11.5200,11.5200,,,,,,,,,,,,,,
2004-08-03,11.6500,11.6500,,,,,,,,,,,,,,
2004-08-04,11.6000,11.6000,,,,,,,,,,,,,,
2004-08-05,11.3600,11.3600,,,,,,,,,,,,,,
2004-08-06,11.1700,11.1700,,,,,,,,,,,,,,
2004-08-09,11.0000,11.0000,,,,,,,,,,,,,,
2004-08-10,11.2800,11.2800,,,,,,,,,,,,,,
2004-08-11,11.1800,11.1800,,,,,,,,,,,,,,
2004-08-12,11.0300,11.0300,,,,,,,,,,,,,,
2004-08-13,10.9400,10.9400,,,,,,,,,,,,,,
2004-08-16,11.1700,11.1700,,,,,,,,,,,,,,
2004-08-17,11.1900,11.1900,,,,,,,,,,,,,,
2004-08-18,11.2900,11.2900,,,,,,,,,,,,,,
2004-08-19,11.0500,11.0500,,,,,,,,,,,,,,
2004-08-20,11.1600,11.1600,,,,,,,,,,,,,,
2004-08-23,10.9600,10.9600,,,,,,,,,,,,,,
2004-08-24,10.7500,10.7500,,,,,,,,,,,,,,
2004-08-25,10.7500,10.7500,,,,,,,,,,,,,,
2004-08-26,10.6100,10.6100,,,,,,,,,,,,,,
2004-08-27,10.6400,10.6400,,,,,,,,,,,,,,
2004-08-30,11.0700,11.0700,,,,,,,,,,,,,,
2004-08-31,10.9400,10.9400,,,,,,,,,,,,,,
2004-09-01,10.9300,10.9300,,,,,,,,,,,,,,
2004-09-02,10.6700,10.6700,,,,,,,,,,,,,,
2004-09-03,10.7500,10.7500,,,,,,,,,,,,,,
2004-09-07,10.8300,10.8300,,,,,,,,,,,,,,
2004-09-08,10.5600,10.5600,,,,,,,,,,,,,,
2004-09-09,10.7000,10.7000,,,,,,,,,,,,,,
2004-09-10,10.5300,10.5300,,,,,,,,,,,,,,
2004-09-13,10.7200,10.7200,,,,,,,,,,,,,,
2004-09-14,10.6500,10.6500,,,,,,,,,,,,,,
2004-09-15,10.5000,10.5000,,,,,,,,,,,,,,
2004-09-16,10.7600,10.7600,,,,,,,,,,,,,,
2004-09-17,10.6700,10.6700,,,,,,,,,,,,,,
2004-09-20,10.6800,10.6800,,,,,,,,,,,,,,
2004-09-21,10.4800,10.4800,,,,,,,,,,,,,,
2004-09-22,10.4000,10.4000,,,,,,,,,,,,,,
2004-09-23,10.1100,10.1100,,,,,,,,,,,,,,
2004-09-24,10.0200,10.0200,,,,,,,,,,,,,,
2004-09-27,10.0500,10.0500,,,,,,,,,,,,,,
2004-09-28,10.1400,10.1400,,,,,,,,,,,,,,
2004-09-29,10.1400,10.1400,,,,,,,,,,,,,,
2004-09-30,10.3600,10.3600,,,,,,,,,,,,,,
2004-10-01,10.7000,10.7000,,,,,,,,,,,,,,
2004-10-04,10.8300,10.8300,,,,,,,,,,,,,,
2004-10-05,10.9200,10.9200,,,,,,,,,,,,,,
2004-10-06,10.8700,10.8700,,,,,,,,,,,,,,
2004-10-07,10.8400,10.8400,,,,,,,,,,,,,,
2004-10-08,10.9500,10.9500,,,,,,,,,,,,,,
2004-10-11,10.8900,10.8900,,,,,,,,,,,,,,
2004-10-12,10.8000,10.8000,,,,,,,,,,,,,,
2004-10-13,10.6500,10.6500,,,,,,,,,,,,,,
2004-10-14,10.5800,10.5800,,,,,,,,,,,,,,
2004-10-15,10.6800,10.6800,,,,,,,,,,,,,,
2004-10-18,10.5300,10.5300,,,,,,,,,,,,,,
2004-10-19,10.4500,10.4500,,,,,,,,,,,,,,
2004-10-20,10.4700,10.4700,,,,,,,,,,,,,,
2004-10-21,10.4300,10.4300,,,,,,,,,,,,,,
2004-10-22,10.4100,10.4100,,,,,,,,,,,,,,
2004-10-25,10.4100,10.4100,,,,,,,,,,,,,,
2004-10-26,10.5400,10.5400,,,,,,,,,,,,,,
2004-10-27,10.4500,10.4500,,,,,,,,,,,,,,
2004-10-28,10.4800,10.4800,,,,,,,,,,,,,,
2004-10-29,10.5100,10.5100,,,,,,,,,,,,,,
2004-11-01,10.5900,10.5900,,,,,,,,,,,,,,
2004-11-02,10.4600,10.4600,,,,,,,,,,,,,,
2004-11-03,10.6500,10.6500,,,,,,,,,,,,,,
2004-11-04,10.8900,10.8900,,,,,,,,,,,,,,
2004-11-05,10.7500,10.7500,,,,,,,,,,,,,,
2004-11-08,10.9800,10.9800,,,,,,,,,,,,,,
2004-11-09,10.8900,10.8900,,,,,,,,,,,,,,
2004-11-10,10.7600,10.7600,,,,,,,,,,,,,,
2004-11-11,10.9500,10.9500,,,,,,,,,,,,,,
2004-11-12,11.2600,11.2600,,,,,,,,,,,,,,
2004-11-15,11.1700,11.1700,,,,,,,,,,,,,,
2004-11-16,11.1300,11.1300,,,,,,,,,,,,,,
2004-11-17,11.3400,11.3400,,,,,,,,,,,,,,
2004-11-18,11.2500,11.2500,,,,,,,,,,,,,,
2004-11-19,11.1700,11.1700,,,,,,,,,,,,,,
2004-11-22,11.1500,11.1500,,,,,,,,,,,,,,
2004-11-23,11.0400,11.0400,,,,,,,,,,,,,,
2004-11-24,11.2700,11.2700,,,,,,,,,,,,,,
2004-11-26,11.3400,11.3400,,,,,,,,,,,,,,
2004-11-29,11.1800,11.1800,,,,,,,,,,,,,,
2004-11-30,11.1600,11.1600,,,,,,,,,,,,,,
2004-12-01,11.1900,11.1900,,,,,,,,,,,,,,
2004-12-02,11.1000,11.1000,,,,,,,,,,,,,,
2004-12-03,11.2800,11.2800,,,,,,,,,,,,,,
2004-12-06,11.1200,11.1200,,,,,,,,,,,,,,
2004-12-07,10.9400,10.9400,,,,,,,,,,,,,,
2004-12-08,10.9500,10.9500,,,,,,,,,,,,,,
2004-12-09,10.9600,10.9600,,,,,,,,,,,,,,
2004-12-10,10.9000,10.9000,,,,,,,,,,,,,,
2004-12-13,11.0000,11.0000,,,,,,,,,,,,,,
2004-12-14,11.0500,11.0500,,,,,,,,,,,,,,
2004-12-15,11.3400,11.3400,,,,,,,,,,,,,,
2004-12-16,11.2200,11.2200,,,,,,,,,,,,,,
2004-12-17,11.2000,11.2000,,,,,,,,,,,,,,
2004-12-20,11.1500,11.1500,,,,,,,,,,,,,,
2004-12-21,11.2000,11.2000,,,,,,,,,,,,,,
2004-12-22,11.1800,11.1800,,,,,,,,,,,,,,
2004-12-23,11.1400,11.1400,,,,,,,,,,,,,,
2004-12-27,11.0000,11.0000,,,,,,,,,,,,,,
2004-12-28,11.2000,11.2000,,,,,,,,,,,,,,
2004-12-29,11.2100,11.2100,,,,,,,,,,,,,,
2004-12-30,11.2100,11.2100,,,,,,,,,,,,,,
2004-12-31,11.3000,11.3000,,,,,,,,,,,,,,
2005-01-03,11.0600,11.0600,,,,,,,,,,,,,,
2005-01-04,10.9500,10.9500,,,,,,,,,,,,,,
2005-01-05,10.7500,10.7500,,,,,,,,,,,,,,
2005-01-06,10.7600,10.7600,,,,,,,,,,,,,,
2005-01-07,10.7000,10.7000,,,,,,,,,,,,,,
2005-01-10,10.7000,10.7000,,,,,,,,,,,,,,
2005-01-11,10.6500,10.6500,,,,,,,,,,,,,,
2005-01-12,10.6600,10.6600,,,,,,,,,,,,,,
2005-01-13,10.7400,10.7400,,,,,,,,,,,,,,
2005-01-14,10.9000,10.9000,,,,,,,,,,,,,,
2005-01-18,10.8900,10.8900,,,,,,,,,,,,,,
2005-01-19,11.0400,11.0400,,,,,,,,,,,,,,
2005-01-20,11.0500,11.0500,,,,,,,,,,,,,,
2005-01-21,10.9900,10.9900,,,,,,,,,,,,,,
2005-01-24,11.1000,11.1000,,,,,,,,,,,,,,
2005-01-25,11.0000,11.0000,,,,,,,,,,,,,,
2005-01-26,11.1500,11.1500,,,,,,,,,,,,,,
2005-01-27,11.2100,11.2100,,,,,,,,,,,,,,
2005-01-28,11.1000,11.1000,,,,,,,,,,,,,,
2005-01-31,11.2500,11.2500,,,,,,,,,,,,,,
2005-02-01,11.4500,11.4500,,,,,,,,,,,,,,
2005-02-02,11.6400,11.6400,,,,,,,,,,,,,,
2005-02-03,11.7000,11.7000,,,,,,,,,,,,,,
2005-02-04,11.9100,11.9100,,,,,,,,,,,,,,
2005-02-07,11.7700,11.7700,,,,,,,,,,,,,,
2005-02-08,11.8300,11.8300,,,,,,,,,,,,,,
2005-02-09,11.8300,11.8300,,,,,,,,,,,,,,
2005-02-10,11.9500,11.9500,,,,,,,,,,,,,,
2005-02-11,11.9900,11.9900,,,,,,,,,,,,,,
2005-02-14,12.1500,12.1500,,,,,,,,,,,,,,
2005-02-15,12.3100,12.3100,,,,,,,,,,,,,,
2005-02-16,12.3300,12.3300,,,,,,,,,,,,,,
2005-02-17,12.3300,12.3300,,,,,,,,,,,,,,
2005-02-18,12.0000,12.0000,,,,,,,,,,,,,,
2005-02-22,11.7200,11.7200,,,,,,,,,,,,,,
2005-02-23,11.8600,11.8600,,,,,,,,,,,,,,
2005-02-24,11.8000,11.8000,,,,,,,,,,,,,,
2005-02-25,12.1100,12.1100,,,,,,,,,,,,,,
2005-02-28,11.9800,11.9800,,,,,,,,,,,,,,
2005-03-01,12.0600,12.0600,,,,,,,,,,,,,,
2005-03-02,12.1400,12.1400,,,,,,,,,,,,,,
2005-03-03,12.3400,12.3400,,,,,,,,,,,,,,
2005-03-04,12.4700,12.4700,,,,,,,,,,,,,,
2005-03-07,12.5100,12.5100,,,,,,,,,,,,,,
2005-03-08,12.6100,12.6100,,,,,,,,,,,,,,
2005-03-09,12.4100,12.4100,,,,,,,,,,,,,,
2005-03-10,12.3500,12.3500,,,,,,,,,,,,,,
2005-03-11,12.3500,12.3500,,,,,,,,,,,,,,
2005-03-14,12.5000,12.5000,,,,,,,,,,,,,,
2005-03-15,12.3200,12.3200,,,,,,,,,,,,,,
2005-03-16,12.1500,12.1500,,,,,,,,,,,,,,
2005-03-17,12.2400,12.2400,,,,,,,,,,,,,,
2005-03-18,12.2700,12.2700,,,,,,,,,,,,,,
2005-03-21,12.1800,12.1800,,,,,,,,,,,,,,
2005-03-22,11.8400,11.8400,,,,,,,,,,,,,,
2005-03-23,11.5600,11.5600,,,,,,,,,,,,,,
2005-03-24,11.8400,11.8400,,,,,,,,,,,,,,
2005-03-28,11.9200,11.9200,,,,,,,,,,,,,,
2005-03-29,11.6100,11.6100,,,,,,,,,,,,,,
2005-03-30,11.9000,11.9000,,,,,,,,,,,,,,
2005-03-31,12.0300,12.0300,,,,,,,,,,,,,,
2005-04-01,11.9400,11.9400,,,,,,,,,,,,,,
2005-04-04,11.9300,11.9300,,,,,,,,,,,,,,
2005-04-05,11.9500,11.9500,,,,,,,,,,,,,,
2005-04-06,11.9500,11.9500,,,,,,,,,,,,,,
2005-04-07,12.0800,12.0800,,,,,,,,,,,,,,
2005-04-08,11.9500,11.9500,,,,,,,,,,,,,,
2005-04-11,12.1000,12.1000,,,,,,,,,,,,,,
2005-04-12,12.0600,12.0600,,,,,,,,,,,,,,
2005-04-13,12.0900,12.0900,,,,,,,,,,,,,,
2005-04-14,11.9400,11.9400,,,,,,,,,,,,,,
2005-04-15,11.7600,11.7600,,,,,,,,,,,,,,
2005-04-18,11.8200,11.8200,,,,,,,,,,,,,,
2005-04-19,11.8100,11.8100,,,,,,,,,,,,,,
2005-04-20,11.6800,11.6800,,,,,,,,,,,,,,
2005-04-21,11.8100,11.8100,,,,,,,,,,,,,,
2005-04-22,11.8500,11.8500,,,,,,,,,,,,,,
2005-04-25,12.1500,12.1500,,,,,,,,,,,,,,
2005-04-26,11.8700,11.8700,,,,,,,,,,,,,,
2005-04-27,12.0900,12.0900,,,,,,,,,,,,,,
2005-04-28,11.9300,11.9300,,,,,,,,,,,,,,
2005-04-29,11.8400,11.8400,,,,,,,,,,,,,,
2005-05-02,11.8500,11.8500,,,,,,,,,,,,,,
2005-05-03,12.0100,12.0100,,,,,,,,,,,,,,
2005-05-04,12.0600,12.0600,,,,,,,,,,,,,,
2005-05-05,12.0200,12.0200,,,,,,,,,,,,,,
2005-05-06,11.9800,11.9800,,,,,,,,,,,,,,
2005-05-09,12.1800,12.1800,,,,,,,,,,,,,,
2005-05-10,11.9600,11.9600,,,,,,,,,,,,,,
2005-05-11,12.0100,12.0100,,,,,,,,,,,,,,
2005-05-12,11.9300,11.9300,,,,,,,,,,,,,,
2005-05-13,11.7700,11.7700,,,,,,,,,,,,,,
2005-05-16,11.9200,11.9200,,,,,,,,,,,,,,
2005-05-17,12.0200,12.0200,,,,,,,,,,,,,,
2005-05-18,12.0300,12.0300,,,,,,,,,,,,,,
2005-05-19,12.1900,12.1900,,,,,,,,,,,,,,
2005-05-20,12.0700,12.0700,,,,,,,,,,,,,,
2005-05-23,12.0000,12.0000,,,,,,,,,,,,,,
2005-05-24,12.0100,12.0100,,,,,,,,,,,,,,
2005-05-25,11.8900,11.8900,,,,,,,,,,,,,,
2005-05-26,11.9500,11.9500,,,,,,,,,,,,,,
2005-05-27,12.1000,12.1000,,,,,,,,,,,,,,
2005-05-31,12.2600,12.2600,,,,,,,,,,,,,,
2005-06-01,12.3100,12.3100,,,,,,,,,,,,,,
2005-06-02,12.2900,12.2900,,,,,,,,,,,,,,
2005-06-03,12.3800,12.3800,,,,,,,,,,,,,,
2005-06-06,12.4000,12.4000,,,,,,,,,,,,,,
2005-06-07,12.3300,12.3300,,,,,,,,,,,,,,
2005-06-08,12.5000,12.5000,,,,,,,,,,,,,,
2005-06-09,12.4900,12.4900,,,,,,,,,,,,,,
2005-06-10,12.4900,12.4900,,,,,,,,,,,,,,
2005-06-13,12.5000,12.5000,,,,,,,,,,,,,,
2005-06-14,12.5800,12.5800,,,,,,,,,,,,,,
2005-06-15,12.6400,12.6400,,,,,,,,,,,,,,
2005-06-16,12.7100,12.7100,,,,,,,,,,,,,,
2005-06-17,12.6500,12.6500,,,,,,,,,,,,,,
2005-06-20,12.6300,12.6300,,,,,,,,,,,,,,
2005-06-21,12.7100,12.7100,,,,,,,,,,,,,,
2005-06-22,12.6900,12.6900,,,,,,,,,,,,,,
2005-06-23,12.8300,12.8300,,,,,,,,,,,,,,
2005-06-24,12.7500,12.7500,,,,,,,,,,,,,,
2005-06-27,12.6400,12.6400,,,,,,,,,,,,,,
2005-06-28,12.9400,12.9400,,,,,,,,,,,,,,
2005-06-29,13.0500,13.0500,,,,,,,,,,,,,,
2005-06-30,13.2100,13.2100,,,,,,,,,,,,,,
2005-07-01,13.4100,13.4100,,,,,,,,,,,,,,
2005-07-05,13.3800,13.3800,,,,,,,,,,,,,,
2005-07-06,13.2100,13.2100,,,,,,,,,,,,,,
2005-07-07,13.3000,13.3000,,,,,,,,,,,,,,
2005-07-08,13.4900,13.4900,,,,,,,,,,,,,,
2005-07-11,13.5300,13.5300,,,,,,,,,,,,,,
2005-07-12,13.4600,13.4600,,,,,,,,,,,,,,
2005-07-13,13.6200,13.6200,,,,,,,,,,,,,,
2005-07-14,13.5500,13.5500,,,,,,,,,,,,,,
2005-07-15,13.7400,13.7400,,,,,,,,,,,,,,
2005-07-18,13.6700,13.6700,,,,,,,,,,,,,,
2005-07-19,13.6100,13.6100,,,,,,,,,,,,,,
2005-07-20,13.5800,13.5800,,,,,,,,,,,,,,
2005-07-21,13.3500,13.3500,,,,,,,,,,,,,,
2005-07-22,13.5800,13.5800,,,,,,,,,,,,,,
2005-07-25,13.6000,13.6000,,,,,,,,,,,,,,
2005-07-26,13.5900,13.5900,,,,,,,,,,,,,,
2005-07-27,13.7200,13.7200,,,,,,,,,,,,,,
2005-07-28,13.8200,13.8200,,,,,,,,,,,,,,
2005-07-29,13.7400,13.7400,,,,,,,,,,,,,,
2005-08-01,13.7000,13.7000,,,,,,,,,,,,,,
2005-08-02,13.8500,13.8500,,,,,,,,,,,,,,
2005-08-03,14.0100,14.0100,,,,,,,,,,,,,,
2005-08-04,13.9800,13.9800,,,,,,,,,,,,,,
2005-08-05,13.8100,13.8100,,,,,,,,,,,,,,
2005-08-08,13.0400,13.0400,,,,,,,,,,,,,,
2005-08-09,13.5500,13.5500,,,,,,,,,,,,,,
2005-08-10,13.5200,13.5200,,,,,,,,,,,,,,
2005-08-11,13.4800,13.4800,,,,,,,,,,,,,,
2005-08-12,13.4000,13.4000,,,,,,,,,,,,,,
2005-08-15,13.3500,13.3500,,,,,,,,,,,,,,
2005-08-16,13.1400,13.1400,,,,,,,,,,,,,,
2005-08-17,13.1300,13.1300,,,,,,,,,,,,,,
2005-08-18,13.1000,13.1000,,,,,,,,,,,,,,
2005-08-19,13.4400,13.4400,,,,,,,,,,,,,,
2005-08-22,13.6300,13.6300,,,,,,,,,,,,,,
2005-08-23,13.6900,13.6900,,,,,,,,,,,,,,
2005-08-24,13.7100,13.7100,,,,,,,,,,,,,,
2005-08-25,13.8000,13.8000,,,,,,,,,,,,,,
2005-08-26,13.8300,13.8300,,,,,,,,,,,,,,
2005-08-29,14.1100,14.1100,,,,,,,,,,,,,,
2005-08-30,14.0800,14.0800,,,,,,,,,,,,,,
2005-08-31,14.2100,14.2100,,,,,,,,,,,,,,
2005-09-01,14.4800,14.4800,,,,,,,,,,,,,,
2005-09-02,14.4500,14.4500,,,,,,,,,,,,,,
2005-09-06,14.5800,14.5800,,,,,,,,,,,,,,
2005-09-07,14.6000,14.6000,,,,,,,,,,,,,,
2005-09-08,14.5900,14.5900,,,,,,,,,,,,,,
2005-09-09,14.6400,14.6400,,,,,,,,,,,,,,
2005-09-12,14.8800,14.8800,,,,,,,,,,,,,,
2005-09-13,14.9800,14.9800,,,,,,,,,,,,,,
2005-09-14,14.9400,14.9400,,,,,,,,,,,,,,
2005-09-15,14.9400,14.9400,,,,,,,,,,,,,,
2005-09-16,15.1300,15.1300,,,,,,,,,,,,,,
2005-09-19,14.9100,14.9100,,,,,,,,,,,,,,
2005-09-20,14.7200,14.7200,,,,,,,,,,,,,,
2005-09-21,14.3600,14.3600,,,,,,,,,,,,,,
2005-09-22,14.0600,14.0600,,,,,,,,,,,,,,
2005-09-23,14.3300,14.3300,,,,,,,,,,,,,,
2005-09-26,14.5000,14.5000,,,,,,,,,,,,,,
2005-09-27,14.5800,14.5800,,,,,,,,,,,,,,
2005-09-28,14.6400,14.6400,,,,,,,,,,,,,,
2005-09-29,14.7800,14.7800,,,,,,,,,,,,,,
2005-09-30,14.8700,14.8700,,,,,,,,,,,,,,
2005-10-03,14.8200,14.8200,,,,,,,,,,,,,,
2005-10-04,14.5300,14.5300,,,,,,,,,,,,,,
2005-10-05,13.9700,13.9700,,,,,,,,,,,,,,
2005-10-06,13.8600,13.8600,,,,,,,,,,,,,,
2005-10-07,13.8900,13.8900,,,,,,,,,,,,,,
2005-10-10,13.6500,13.6500,,,,,,,,,,,,,,
2005-10-11,13.7100,13.7100,,,,,,,,,,,,,,
2005-10-12,13.5400,13.5400,,,,,,,,,,,,,,
2005-10-13,13.4100,13.4100,,,,,,,,,,,,,,
2005-10-14,13.5700,13.5700,,,,,,,,,,,,,,
2005-10-17,13.7000,13.7000,,,,,,,,,,,,,,
2005-10-18,13.4100,13.4100,,,,,,,,,,,,,,
2005-10-19,13.6000,13.6000,,,,,,,,,,,,,,
2005-10-20,12.9900,12.9900,,,,,,,,,,,,,,
2005-10-21,12.6500,12.6500,,,,,,,,,,,,,,
2005-10-24,13.0000,13.0000,,,,,,,,,,,,,,
2005-10-25,12.9000,12.9000,,,,,,,,,,,,,,
2005-10-26,12.9000,12.9000,,,,,,,,,,,,,,
2005-10-27,12.7200,12.7200,,,,,,,,,,,,,,
2005-10-28,13.1200,13.1200,,,,,,,,,,,,,,
2005-10-31,13.2400,13.2400,,,,,,,,,,,,,,
2005-11-01,13.2700,13.2700,,,,,,,,,,,,,,
2005-11-02,13.2200,13.2200,,,,,,,,,,,,,,
2005-11-03,12.9400,12.9400,,,,,,,,,,,,,,
2005-11-04,13.0000,13.0000,,,,,,,,,,,,,,
2005-11-07,12.9800,12.9800,,,,,,,,,,,,,,
2005-11-08,13.0700,13.0700,,,,,,,,,,,,,,
2005-11-09,13.1100,13.1100,,,,,,,,,,,,,,
2005-11-10,13.1600,13.1600,,,,,,,,,,,,,,
2005-11-11,12.9300,12.9300,,,,,,,,,,,,,,
2005-11-14,12.8800,12.8800,,,,,,,,,,,,,,
2005-11-15,12.9200,12.9200,,,,,,,,,,,,,,
2005-11-16,13.0800,13.0800,,,,,,,,,,,,,,
2005-11-17,13.1800,13.1800,,,,,,,,,,,,,,
2005-11-18,13.1900,13.1900,,,,,,,,,,,,,,
2005-11-21,13.1800,13.1800,,,,,,,,,,,,,,
2005-11-22,13.2000,13.2000,,,,,,,,,,,,,,
2005-11-23,13.2400,13.2400,,,,,,,,,,,,,,
2005-11-25,13.3100,13.3100,,,,,,,,,,,,,,
2005-11-28,13.4100,13.4100,,,,,,,,,,,,,,
2005-11-29,13.1700,13.1700,,,,,,,,,,,,,,
2005-11-30,13.2200,13.2200,,,,,,,,,,,,,,
2005-12-01,13.2000,13.2000,,,,,,,,,,,,,,
2005-12-02,13.2800,13.2800,,,,,,,,,,,,,,
2005-12-05,13.1600,13.1600,,,,,,,,,,,,,,
2005-12-06,13.0800,13.0800,,,,,,,,,,,,,,
2005-12-07,13.0300,13.0300,,,,,,,,,,,,,,
2005-12-08,13.0200,13.0200,,,,,,,,,,,,,,
2005-12-09,13.0000,13.0000,,,,,,,,,,,,,,
2005-12-12,12.8400,12.8400,,,,,,,,,,,,,,
2005-12-13,12.9700,12.9700,,,,,,,,,,,,,,
2005-12-14,13.3800,13.3800,,,,,,,,,,,,,,
2005-12-15,13.3600,13.3600,,,,,,,,,,,,,,
2005-12-16,13.3000,13.3000,,,,,,,,,,,,,,
2005-12-19,13.0100,13.0100,,,,,,,,,,,,,,
2005-12-20,13.2700,13.2700,,,,,,,,,,,,,,
2005-12-21,12.9800,12.9800,,,,,,,,,,,,,,
2005-12-22,13.0600,13.0600,,,,,,,,,,,,,,
2005-12-23,13.0500,13.0500,,,,,,,,,,,,,,
2005-12-27,12.9600,12.9600,,,,,,,,,,,,,,
2005-12-28,12.7600,12.7600,,,,,,,,,,,,,,
2005-12-29,12.9200,12.9200,,,,,,,,,,,,,,
2005-12-30,12.8500,12.8500,,,,,,,,,,,,,,
2006-01-03,13.0000,13.0000,,,,,,,,,,,,,,
2006-01-04,13.0000,13.0000,,,,,,,,,,,,,,
2006-01-05,13.0100,13.0100,,,,,,,,,,,,,,
2006-01-06,13.1000,13.1000,,,,,,,,,,,,,,
2006-01-09,13.0000,13.0000,,,,,,,,,,,,,,
2006-01-10,12.9600,12.9600,,,,,,,,,,,,,,
2006-01-11,12.8300,12.8300,,,,,,,,,,,,,,
2006-01-12,13.0000,13.0000,,,,,,,,,,,,,,
2006-01-13,13.0000,13.0000,,,,,,,,,,,,,,
2006-01-17,13.2100,13.2100,,,,,,,,,,,,,,
2006-01-18,13.1900,13.1900,,,,,,,,,,,,,,
2006-01-19,13.2800,13.2800,,,,,,,,,,,,,,
2006-01-20,13.2000,13.2000,,,,,,,,,,,,,,
2006-01-23,12.8500,12.8500,,,,,,,,,,,,,,
2006-01-24,12.9600,12.9600,,,,,,,,,,,,,,
2006-01-25,12.7900,12.7900,,,,,,,,,,,,,,
2006-01-26,12.7800,12.7800,,,,,,,,,,,,,,
2006-01-27,12.9700,12.9700,,,,,,,,,,,,,,
2006-01-30,12.7600,12.7600,,,,,,,,,,,,,,
2006-01-31,12.7800,12.7800,,,,,,,,,,,,,,
2006-02-01,12.8300,12.8300,,,,,,,,,,,,,,
2006-02-02,12.7500,12.7500,,,,,,,,,,,,,,
2006-02-03,12.6000,12.6000,,,,,,,,,,,,,,
2006-02-06,12.6600,12.6600,,,,,,,,,,,,,,
2006-02-07,12.7100,12.7100,,,,,,,,,,,,,,
2006-02-08,12.6700,12.6700,,,,,,,,,,,,,,
2006-02-09,12.5800,12.5800,,,,,,,,,,,,,,
2006-02-10,12.6500,12.6500,,,,,,,,,,,,,,
2006-02-13,12.6300,12.6300,,,,,,,,,,,,,,
2006-02-14,12.6600,12.6600,,,,,,,,,,,,,,
2006-02-15,12.8500,12.8500,,,,,,,,,,,,,,
2006-02-16,12.9400,12.9400,,,,,,,,,,,,,,
2006-02-17,13.0600,13.0600,,,,,,,,,,,,,,
2006-02-21,13.0300,13.0300,,,,,,,,,,,,,,
2006-02-22,13.1200,13.1200,,,,,,,,,,,,,,
2006-02-23,13.1900,13.1900,,,,,,,,,,,,,,
2006-02-24,13.0400,13.0400,,,,,,,,,,,,,,
2006-02-27,13.1900,13.1900,,,,,,,,,,,,,,
2006-02-28,12.9700,12.9700,,,,,,,,,,,,,,
2006-03-01,13.0300,13.0300,,,,,,,,,,,,,,
2006-03-02,12.9400,12.9400,,,,,,,,,,,,,,
2006-03-03,12.8500,12.8500,,,,,,,,,,,,,,
2006-03-06,12.7400,12.7400,,,,,,,,,,,,,,
2006-03-07,12.7200,12.7200,,,,,,,,,,,,,,
2006-03-08,12.7900,12.7900,,,,,,,,,,,,,,
2006-03-09,12.5700,12.5700,,,,,,,,,,,,,,
2006-03-10,12.7400,12.7400,,,,,,,,,,,,,,
2006-03-13,12.6500,12.6500,,,,,,,,,,,,,,
2006-03-14,12.8400,12.8400,,,,,,,,,,,,,,
2006-03-15,12.8000,12.8000,,,,,,,,,,,,,,
2006-03-16,12.7000,12.7000,,,,,,,,,,,,,,
2006-03-17,12.5100,12.5100,,,,,,,,,,,,,,
2006-03-20,12.2000,12.2000,,,,,,,,,,,,,,
2006-03-21,12.1500,12.1500,,,,,,,,,,,,,,
2006-03-22,12.1500,12.1500,,,,,,,,,,,,,,
2006-03-23,12.1000,12.1000,,,,,,,,,,,,,,
2006-03-24,12.1500,12.1500,,,,,,,,,,,,,,
2006-03-27,11.9200,11.9200,,,,,,,,,,,,,,
2006-03-28,11.9800,11.9800,,,,,,,,,,,,,,
2006-03-29,12.2200,12.2200,,,,,,,,,,,,,,
2006-03-30,12.1500,12.1500,,,,,,,,,,,,,,
2006-03-31,11.9300,11.9300,,,,,,,,,,,,,,
2006-04-03,12.0400,12.0400,,,,,,,,,,,,,,
2006-04-04,12.1400,12.1400,,,,,,,,,,,,,,
2006-04-05,12.2900,12.2900,,,,,,,,,,,,,,
2006-04-06,11.9600,11.9600,,,,,,,,,,,,,,
2006-04-07,11.8600,11.8600,,,,,,,,,,,,,,
2006-04-10,11.8600,11.8600,,,,,,,,,,,,,,
2006-04-11,11.7800,11.7800,,,,,,,,,,,,,,
2006-04-12,11.7300,11.7300,,,,,,,,,,,,,,
2006-04-13,11.7600,11.7600,,,,,,,,,,,,,,
2006-04-17,11.7500,11.7500,,,,,,,,,,,,,,
2006-04-18,11.9000,11.9000,,,,,,,,,,,,,,
2006-04-19,12.0100,12.0100,,,,,,,,,,,,,,
2006-04-20,11.9900,11.9900,,,,,,,,,,,,,,
2006-04-21,12.0900,12.0900,,,,,,,,,,,,,,
2006-04-24,12.0800,12.0800,,,,,,,,,,,,,,
2006-04-25,11.9300,11.9300,,,,,,,,,,,,,,
2006-04-26,11.9000,11.9000,,,,,,,,,,,,,,
2006-04-27,12.0100,12.0100,,,,,,,,,,,,,,
2006-04-28,12.0200,12.0200,,,,,,,,,,,,,,
2006-05-01,11.8100,11.8100,,,,,,,,,,,,,,
2006-05-02,12.0200,12.0200,,,,,,,,,,,,,,
2006-05-03,12.0100,12.0100,,,,,,,,,,,,,,
2006-05-04,12.1100,12.1100,,,,,,,,,,,,,,
2006-05-05,12.3600,12.3600,,,,,,,,,,,,,,
2006-05-08,12.3400,12.3400,,,,,,,,,,,,,,
2006-05-09,12.3900,12.3900,,,,,,,,,,,,,,
2006-05-10,12.2900,12.2900,,,,,,,,,,,,,,
2006-05-11,12.2800,12.2800,,,,,,,,,,,,,,
2006-05-12,12.0200,12.0200,,,,,,,,,,,,,,
2006-05-15,12.2900,12.2900,,,,,,,,,,,,,,
2006-05-16,12.1500,12.1500,,,,,,,,,,,,,,
2006-05-17,12.0100,12.0100,,,,,,,,,,,,,,
2006-05-18,12.0300,12.0300,,,,,,,,,,,,,,
2006-05-19,12.0800,12.0800,,,,,,,,,,,,,,
2006-05-22,12.1700,12.1700,,,,,,,,,,,,,,
2006-05-23,12.1200,12.1200,,,,,,,,,,,,,,
2006-05-24,12.0400,12.0400,,,,,,,,,,,,,,
2006-05-25,12.1000,12.1000,,,,,,,,,,,,,,
2006-05-26,12.0400,12.0400,,,,,,,,,,,,,,
2006-05-30,11.8600,11.8600,,,,,,,,,,,,,,
2006-05-31,11.9900,11.9900,,,,,,,,,,,,,,
2006-06-01,12.2500,12.2500,,,,,,,,,,,,,,
2006-06-02,12.4200,12.4200,,,,,,,,,,,,,,
2006-06-05,12.2100,12.2100,,,,,,,,,,,,,,
2006-06-06,12.2500,12.2500,,,,,,,,,,,,,,
2006-06-07,12.1900,12.1900,,,,,,,,,,,,,,
2006-06-08,12.2900,12.2900,,,,,,,,,,,,,,
2006-06-09,12.3200,12.3200,,,,,,,,,,,,,,
2006-06-12,12.3800,12.3800,,,,,,,,,,,,,,
2006-06-13,12.1100,12.1100,,,,,,,,,,,,,,
2006-06-14,12.2000,12.2000,,,,,,,,,,,,,,
2006-06-15,12.4500,12.4500,,,,,,,,,,,,,,
2006-06-16,12.3800,12.3800,,,,,,,,,,,,,,
2006-06-19,12.2500,12.2500,,,,,,,,,,,,,,
2006-06-20,12.2200,12.2200,,,,,,,,,,,,,,
2006-06-21,12.2100,12.2100,,,,,,,,,,,,,,
2006-06-22,12.2000,12.2000,,,,,,,,,,,,,,
2006-06-23,12.2000,12.2000,,,,,,,,,,,,,,
2006-06-26,12.2600,12.2600,,,,,,,,,,,,,,
2006-06-27,12.4200,12.4200,,,,,,,,,,,,,,
2006-06-28,12.4900,12.4900,,,,,,,,,,,,,,
2006-06-29,12.4800,12.4800,,,,,,,,,,,,,,
2006-06-30,12.5000,12.5000,,,,,,,,,,,,,,
2006-07-03,12.5500,12.5500,,,,,,,,,,,,,,
2006-07-05,12.7300,12.7300,,,,,,,,,,,,,,
2006-07-06,12.7000,12.7000,,,,,,,,,,,,,,
2006-07-07,12.7200,12.7200,,,,,,,,,,,,,,
2006-07-10,12.8500,12.8500,,,,,,,,,,,,,,
2006-07-11,12.9000,12.9000,,,,,,,,,,,,,,
2006-07-12,12.7700,12.7700,,,,,,,,,,,,,,
2006-07-13,12.6000,12.6000,,,,,,,,,,,,,,
2006-07-14,12.7400,12.7400,,,,,,,,,,,,,,
2006-07-17,12.8500,12.8500,,,,,,,,,,,,,,
2006-07-18,12.9700,12.9700,,,,,,,,,,,,,,
2006-07-19,13.0500,13.0500,,,,,,,,,,,,,,
2006-07-20,13.2000,13.2000,,,,,,,,,,,,,,
2006-07-21,13.3600,13.3600,,,,,,,,,,,,,,
2006-07-24,13.4900,13.4900,,,,,,,,,,,,,,
2006-07-25,13.4800,13.4800,,,,,,,,,,,,,,
2006-07-26,13.4800,13.4800,,,,,,,,,,,,,,
2006-07-27,13.6000,13.6000,,,,,,,,,,,,,,
2006-07-28,13.6400,13.6400,,,,,,,,,,,,,,
2006-07-31,13.7400,13.7400,,,,,,,,,,,,,,
2006-08-01,13.7300,13.7300,,,,,,,,,,,,,,
2006-08-02,13.5600,13.5600,,,,,,,,,,,,,,
2006-08-03,13.6400,13.6400,,,,,,,,,,,,,,
2006-08-04,13.8400,13.8400,,,,,,,,,,,,,,
2006-08-07,13.7100,13.7100,,,,,,,,,,,,,,
2006-08-08,13.8300,13.8300,,,,,,,,,,,,,,
2006-08-09,13.8800,13.8800,,,,,,,,,,,,,,
2006-08-10,13.8200,13.8200,,,,,,,,,,,,,,
2006-08-11,13.8700,13.8700,,,,,,,,,,,,,,
2006-08-14,13.9700,13.9700,,,,,,,,,,,,,,
2006-08-15,14.1700,14.1700,,,,,,,,,,,,,,
2006-08-16,14.0600,14.0600,,,,,,,,,,,,,,
2006-08-17,14.0300,14.0300,,,,,,,,,,,,,,
2006-08-18,14.2400,14.2400,,,,,,,,,,,,,,
2006-08-21,14.2000,14.2000,,,,,,,,,,,,,,
2006-08-22,14.2300,14.2300,,,,,,,,,,,,,,
2006-08-23,14.2800,14.2800,,,,,,,,,,,,,,
2006-08-24,14.3500,14.3500,,,,,,,,,,,,,,
2006-08-25,14.4600,14.4600,,,,,,,,,,,,,,
2006-08-28,14.5300,14.5300,,,,,,,,,,,,,,
2006-08-29,14.4800,14.4800,,,,,,,,,,,,,,
2006-08-30,14.3100,14.3100,,,,,,,,,,,,,,
2006-08-31,14.4500,14.4500,,,,,,,,,,,,,,
2006-09-01,14.5500,14.5500,,,,,,,,,,,,,,
2006-09-05,14.2200,14.2200,,,,,,,,,,,,,,
2006-09-06,13.9800,13.9800,,,,,,,,,,,,,,
2006-09-07,13.9200,13.9200,,,,,,,,,,,,,,
2006-09-08,14.1000,14.1000,,,,,,,,,,,,,,
2006-09-11,14.0700,14.0700,,,,,,,,,,,,,,
2006-09-12,14.1300,14.1300,,,,,,,,,,,,,,
2006-09-13,14.0000,14.0000,,,,,,,,,,,,,,
2006-09-14,14.0200,14.0200,,,,,,,,,,,,,,
2006-09-15,14.1400,14.1400,,,,,,,,,,,,,,
2006-09-18,13.8900,13.8900,,,,,,,,,,,,,,
2006-09-19,13.9100,13.9100,,,,,,,,,,,,,,
2006-09-20,13.9000,13.9000,,,,,,,,,,,,,,
2006-09-21,13.8600,13.8600,,,,,,,,,,,,,,
2006-09-22,13.8600,13.8600,,,,,,,,,,,,,,
2006-09-25,14.2000,14.2000,,,,,,,,,,,,,,
2006-09-26,14.1700,14.1700,,,,,,,,,,,,,,
2006-09-27,14.3600,14.3600,,,,,,,,,,,,,,
2006-09-28,14.3700,14.3700,,,,,,,,,,,,,,
2006-09-29,14.3200,14.3200,,,,,,,,,,,,,,
2006-10-02,14.2200,14.2200,,,,,,,,,,,,,,
2006-10-03,14.4000,14.4000,,,,,,,,,,,,,,
2006-10-04,14.6100,14.6100,,,,,,,,,,,,,,
2006-10-05,14.6200,14.6200,,,,,,,,,,,,,,
2006-10-06,14.3900,14.3900,,,,,,,,,,,,,,
2006-10-09,14.4200,14.4200,,,,,,,,,,,,,,
2006-10-10,14.4800,14.4800,,,,,,,,,,,,,,
2006-10-11,14.5300,14.5300,,,,,,,,,,,,,,
2006-10-12,14.6700,14.6700,,,,,,,,,,,,,,
2006-10-13,14.7300,14.7300,,,,,,,,,,,,,,
2006-10-16,14.9200,14.9200,,,,,,,,,,,,,,
2006-10-17,15.0000,15.0000,,,,,,,,,,,,,,
2006-10-18,15.1200,15.1200,,,,,,,,,,,,,,
2006-10-19,15.1400,15.1400,,,,,,,,,,,,,,
2006-10-20,15.2600,15.2600,,,,,,,,,,,,,,
2006-10-23,15.2900,15.2900,,,,,,,,,,,,,,
2006-10-24,15.4800,15.4800,,,,,,,,,,,,,,
2006-10-25,15.5200,15.5200,,,,,,,,,,,,,,
2006-10-26,15.4600,15.4600,,,,,,,,,,,,,,
2006-10-27,15.4100,15.4100,,,,,,,,,,,,,,
2006-10-30,15.4300,15.4300,,,,,,,,,,,,,,
2006-10-31,15.4800,15.4800,,,,,,,,,,,,,,
2006-11-01,15.4500,15.4500,,,,,,,,,,,,,,
2006-11-02,15.4700,15.4700,,,,,,,,,,,,,,
2006-11-03,15.6100,15.6100,,,,,,,,,,,,,,
2006-11-06,15.6900,15.6900,,,,,,,,,,,,,,
2006-11-07,15.7900,15.7900,,,,,,,,,,,,,,
2006-11-08,15.9200,15.9200,,,,,,,,,,,,,,
2006-11-09,15.9700,15.9700,,,,,,,,,,,,,,
2006-11-10,16.0800,16.0800,,,,,,,,,,,,,,
2006-11-13,16.0500,16.0500,,,,,,,,,,,,,,
2006-11-14,16.1800,16.1800,,,,,,,,,,,,,,
2006-11-15,16.1900,16.1900,,,,,,,,,,,,,,
2006-11-16,16.1700,16.1700,,,,,,,,,,,,,,
2006-11-17,16.0000,16.0000,,,,,,,,,,,,,,
2006-11-20,16.0000,16.0000,,,,,,,,,,,,,,
2006-11-21,16.0500,16.0500,,,,,,,,,,,,,,
2006-11-22,16.0400,16.0400,,,,,,,,,,,,,,
2006-11-24,16.1000,16.1000,,,,,,,,,,,,,,
2006-11-27,15.8300,15.8300,,,,,,,,,,,,,,
2006-11-28,15.9700,15.9700,,,,,,,,,,,,,,
2006-11-29,16.1900,16.1900,,,,,,,,,,,,,,
2006-11-30,16.3500,16.3500,,,,,,,,,,,,,,
2006-12-01,16.2600,16.2600,,,,,,,,,,,,,,
2006-12-04,16.3700,16.3700,,,,,,,,,,,,,,
2006-12-05,16.3100,16.3100,,,,,,,,,,,,,,
2006-12-06,16.2600,16.2600,,,,,,,,,,,,,,
2006-12-07,16.1600,16.1600,,,,,,,,,,,,,,
2006-12-08,16.1800,16.1800,,,,,,,,,,,,,,
2006-12-11,16.2500,16.2500,,,,,,,,,,,,,,
2006-12-12,16.3800,16.3800,,,,,,,,,,,,,,
2006-12-13,16.3800,16.3800,,,,,,,,,,,,,,
2006-12-14,16.5400,16.5400,,,,,,,,,,,,,,
2006-12-15,16.5400,16.5400,,,,,,,,,,,,,,
2006-12-18,16.4200,16.4200,,,,,,,,,,,,,,
2006-12-19,16.5300,16.5300,,,,,,,,,,,,,,
2006-12-20,16.6100,16.6100,,,,,,,,,,,,,,
2006-12-21,16.4900,16.4900,,,,,,,,,,,,,,
2006-12-22,16.4900,16.4900,,,,,,,,,,,,,,
2006-12-26,16.7200,16.7200,,,,,,,,,,,,,,
2006-12-27,16.8000,16.8000,,,,,,,,,,,,,,
2006-12-28,16.6700,16.6700,,,,,,,,,,,,,,
2006-12-29,16.5800,16.5800,,,,,,,,,,,,,,
2007-01-03,17.0500,17.0500,,,,,,,,,,,,,,
2007-01-04,17.0800,17.0800,,,,,,,,,,,,,,
2007-01-05,16.7900,16.7900,,,,,,,,,,,,,,
2007-01-08,16.6300,16.6300,,,,,,,,,,,,,,
2007-01-09,16.7000,16.7000,,,,,,,,,,,,,,
2007-01-10,16.7900,16.7900,,,,,,,,,,,,,,
2007-01-11,16.8700,16.8700,,,,,,,,,,,,,,
2007-01-12,16.8400,16.8400,,,,,,,,,,,,,,
2007-01-16,16.9000,16.9000,,,,,,,,,,,,,,
2007-01-17,16.7100,16.7100,,,,,,,,,,,,,,
2007-01-18,16.5100,16.5100,,,,,,,,,,,,,,
2007-01-19,16.7200,16.7200,,,,,,,,,,,,,,
2007-01-22,16.8500,16.8500,,,,,,,,,,,,,,
2007-01-23,17.0100,17.0100,,,,,,,,,,,,,,
2007-01-24,17.3100,17.3100,,,,,,,,,,,,,,
2007-01-25,17.4100,17.4100,,,,,,,,,,,,,,
2007-01-26,17.4900,17.4900,,,,,,,,,,,,,,
2007-01-29,17.4300,17.4300,,,,,,,,,,,,,,
2007-01-30,17.4700,17.4700,,,,,,,,,,,,,,
2007-01-31,17.2600,17.2600,,,,,,,,,,,,,,
2007-02-01,17.5000,17.5000,,,,,,,,,,,,,,
2007-02-02,17.5000,17.5000,,,,,,,,,,,,,,
2007-02-05,17.7700,17.7700,,,,,,,,,,,,,,
2007-02-06,18.0000,18.0000,,,,,,,,,,,,,,
2007-02-07,17.8000,17.8000,,,,,,,,,,,,,,
2007-02-08,18.0600,18.0600,,,,,,,,,,,,,,
2007-02-09,17.9500,17.9500,,,,,,,,,,,,,,
2007-02-12,17.9400,17.9400,,,,,,,,,,,,,,
2007-02-13,18.1900,18.1900,,,,,,,,,,,,,,
2007-02-14,18.1700,18.1700,,,,,,,,,,,,,,
2007-02-15,18.1800,18.1800,,,,,,,,,,,,,,
2007-02-16,18.1600,18.1600,,,,,,,,,,,,,,
2007-02-20,18.2800,18.2800,,,,,,,,,,,,,,
2007-02-21,18.2500,18.2500,,,,,,,,,,,,,,
2007-02-22,18.2400,18.2400,,,,,,,,,,,,,,
2007-02-23,18.2300,18.2300,,,,,,,,,,,,,,
2007-02-26,18.3700,18.3700,,,,,,,,,,,,,,
2007-02-27,17.8500,17.8500,,,,,,,,,,,,,,
2007-02-28,17.8300,17.8300,,,,,,,,,,,,,,
2007-03-01,17.8700,17.8700,,,,,,,,,,,,,,
2007-03-02,17.5000,17.5000,,,,,,,,,,,,,,
2007-03-05,17.0900,17.0900,,,,,,,,,,,,,,
2007-03-06,17.4100,17.4100,,,,,,,,,,,,,,
2007-03-07,17.5300,17.5300,,,,,,,,,,,,,,
2007-03-08,17.5400,17.5400,,,,,,,,,,,,,,
2007-03-09,17.6300,17.6300,,,,,,,,,,,,,,
2007-03-12,17.6200,17.6200,,,,,,,,,,,,,,
2007-03-13,17.4000,17.4000,,,,,,,,,,,,,,
2007-03-14,17.4400,17.4400,,,,,,,,,,,,,,
2007-03-15,17.5600,17.5600,,,,,,,,,,,,,,
2007-03-16,17.4600,17.4600,,,,,,,,,,,,,,
2007-03-19,17.6800,17.6800,,,,,,,,,,,,,,
2007-03-20,17.8300,17.8300,,,,,,,,,,,,,,
2007-03-21,18.1200,18.1200,,,,,,,,,,,,,,
2007-03-22,17.9800,17.9800,,,,,,,,,,,,,,
2007-03-23,18.2000,18.2000,,,,,,,,,,,,,,
2007-03-26,18.1800,18.1800,,,,,,,,,,,,,,
2007-03-27,18.1500,18.1500,,,,,,,,,,,,,,
2007-03-28,17.9800,17.9800,,,,,,,,,,,,,,
2007-03-29,18.1000,18.1000,,,,,,,,,,,,,,
2007-03-30,17.9400,17.9400,,,,,,,,,,,,,,
2007-04-02,18.4200,18.4200,,,,,,,,,,,,,,
2007-04-03,18.3800,18.3800,,,,,,,,,,,,,,
2007-04-04,18.4500,18.4500,,,,,,,,,,,,,,
2007-04-05,18.4900,18.4900,,,,,,,,,,,,,,
2007-04-09,18.5300,18.5300,,,,,,,,,,,,,,
2007-04-10,18.6400,18.6400,,,,,,,,,,,,,,
2007-04-11,18.6300,18.6300,,,,,,,,,,,,,,
2007-04-12,18.4700,18.4700,,,,,,,,,,,,,,
2007-04-13,18.2700,18.2700,,,,,,,,,,,,,,
2007-04-16,18.4800,18.4800,,,,,,,,,,,,,,
2007-04-17,18.7500,18.7500,,,,,,,,,,,,,,
2007-04-18,18.9300,18.9300,,,,,,,,,,,,,,
2007-04-19,18.6800,18.6800,,,,,,,,,,,,,,
2007-04-20,18.8600,18.8600,,,,,,,,,,,,,,
2007-04-23,18.8900,18.8900,,,,,,,,,,,,,,
2007-04-24,18.9300,18.9300,,,,,,,,,,,,,,
2007-04-25,19.1500,19.1500,,,,,,,,,,,,,,
2007-04-26,18.9400,18.9400,,,,,,,,,,,,,,
2007-04-27,19.0600,19.0600,,,,,,,,,,,,,,
2007-04-30,18.8300,18.8300,,,,,,,,,,,,,,
2007-05-01,19.3400,19.3400,,,,,,,,,,,,,,
2007-05-02,19.3600,19.3600,,,,,,,,,,,,,,
2007-05-03,19.6100,19.6100,,,,,,,,,,,,,,
2007-05-04,19.5700,19.5700,,,,,,,,,,,,,,
2007-05-07,19.5300,19.5300,,,,,,,,,,,,,,
2007-05-08,19.8700,19.8700,,,,,,,,,,,,,,
2007-05-09,20.0200,20.0200,,,,,,,,,,,,,,
2007-05-10,19.7500,19.7500,,,,,,,,,,,,,,
2007-05-11,19.8700,19.8700,,,,,,,,,,,,,,
2007-05-14,19.6400,19.6400,,,,,,,,,,,,,,
2007-05-15,19.6100,19.6100,,,,,,,,,,,,,,
2007-05-16,19.5100,19.5100,,,,,,,,,,,,,,
2007-05-17,19.5300,19.5300,,,,,,,,,,,,,,
2007-05-18,19.5600,19.5600,,,,,,,,,,,,,,
2007-05-21,19.5600,19.5600,,,,,,,,,,,,,,
2007-05-22,19.4800,19.4800,,,,,,,,,,,,,,
2007-05-23,19.2400,19.2400,,,,,,,,,,,,,,
2007-05-24,18.7600,18.7600,,,,,,,,,,,,,,
2007-05-25,18.7100,18.7100,,,,,,,,,,,,,,
2007-05-29,18.9800,18.9800,,,,,,,,,,,,,,
2007-05-30,19.0700,19.0700,,,,,,,,,,,,,,
2007-05-31,18.9300,18.9300,,,,,,,,,,,,,,
2007-06-01,18.7100,18.7100,,,,,,,,,,,,,,
2007-06-04,18.6700,18.6700,,,,,,,,,,,,,,
2007-06-05,18.3200,18.3200,,,,,,,,,,,,,,
2007-06-06,17.9700,17.9700,,,,,,,,,,,,,,
2007-06-07,17.4300,17.4300,,,,,,,,,,,,,,
2007-06-08,17.5600,17.5600,,,,,,,,,,,,,,
2007-06-11,17.7900,17.7900,,,,,,,,,,,,,,
2007-06-12,17.5000,17.5000,,,,,,,,,,,,,,
2007-06-13,17.8900,17.8900,,,,,,,,,,,,,,
2007-06-14,17.9400,17.9400,,,,,,,,,,,,,,
2007-06-15,18.0600,18.0600,,,,,,,,,,,,,,
2007-06-18,17.8500,17.8500,,,,,,,,,,,,,,
2007-06-19,17.9100,17.9100,,,,,,,,,,,,,,
2007-06-20,17.3100,17.3100,,,,,,,,,,,,,,
2007-06-21,17.3100,17.3100,,,,,,,,,,,,,,
2007-06-22,16.9000,16.9000,,,,,,,,,,,,,,
2007-06-25,16.9200,16.9200,,,,,,,,,,,,,,
2007-06-26,16.9200,16.9200,,,,,,,,,,,,,,
2007-06-27,17.2800,17.2800,,,,,,,,,,,,,,
2007-06-28,17.3100,17.3100,,,,,,,,,,,,,,
2007-06-29,17.4000,17.4000,,,,,,,,,,,,,,
2007-07-02,17.6100,17.6100,,,,,,,,,,,,,,
2007-07-03,17.7100,17.7100,,,,,,,,,,,,,,
2007-07-05,17.6600,17.6600,,,,,,,,,,,,,,
2007-07-06,17.7800,17.7800,,,,,,,,,,,,,,
2007-07-09,17.6400,17.6400,,,,,,,,,,,,,,
2007-07-10,17.3500,17.3500,,,,,,,,,,,,,,
2007-07-11,17.3100,17.3100,,,,,,,,,,,,,,
2007-07-12,17.5100,17.5100,,,,,,,,,,,,,,
2007-07-13,17.8800,17.8800,,,,,,,,,,,,,,
2007-07-16,17.4600,17.4600,,,,,,,,,,,,,,
2007-07-17,17.1100,17.1100,,,,,,,,,,,,,,
2007-07-18,17.1100,17.1100,,,,,,,,,,,,,,
2007-07-19,17.5600,17.5600,,,,,,,,,,,,,,
2007-07-20,17.2300,17.2300,,,,,,,,,,,,,,
2007-07-23,17.1800,17.1800,,,,,,,,,,,,,,
2007-07-24,16.9800,16.9800,,,,,,,,,,,,,,
2007-07-25,17.0400,17.0400,,,,,,,,,,,,,,
2007-07-26,16.7700,16.7700,,,,,,,,,,,,,,
2007-07-27,16.4600,16.4600,,,,,,,,,,,,,,
2007-07-30,16.6400,16.6400,,,,,,,,,,,,,,
2007-07-31,16.4800,16.4800,,,,,,,,,,,,,,
2007-08-01,17.0700,17.0700,,,,,,,,,,,,,,
2007-08-02,16.8000,16.8000,,,,,,,,,,,,,,
2007-08-03,16.0100,16.0100,,,,,,,,,,,,,,
2007-08-06,16.4400,16.4400,,,,,,,,,,,,,,
2007-08-07,16.7800,16.7800,,,,,,,,,,,,,,
2007-08-08,16.5800,16.5800,,,,,,,,,,,,,,
2007-08-09,16.1600,16.1600,,,,,,,,,,,,,,
2007-08-10,16.1700,16.1700,,,,,,,,,,,,,,
2007-08-13,16.1200,16.1200,,,,,,,,,,,,,,
2007-08-14,15.5600,15.5600,,,,,,,,,,,,,,
2007-08-15,15.1500,15.1500,,,,,,,,,,,,,,
2007-08-16,15.4800,15.4800,,,,,,,,,,,,,,
2007-08-17,15.9700,15.9700,,,,,,,,,,,,,,
2007-08-20,16.7000,16.7000,,,,,,,,,,,,,,
2007-08-21,16.8000,16.8000,,,,,,,,,,,,,,
2007-08-22,16.8900,16.8900,,,,,,,,,,,,,,
2007-08-23,17.0900,17.0900,,,,,,,,,,,,,,
2007-08-24,17.0400,17.0400,,,,,,,,,,,,,,
2007-08-27,16.4300,16.4300,,,,,,,,,,,,,,
2007-08-28,16.1900,16.1900,,,,,,,,,,,,,,
2007-08-29,16.4900,16.4900,,,,,,,,,,,,,,
2007-08-30,16.2000,16.2000,,,,,,,,,,,,,,
2007-08-31,16.2200,16.2200,,,,,,,,,,,,,,
2007-09-04,16.3300,16.3300,,,,,,,,,,,,,,
2007-09-05,16.2100,16.2100,,,,,,,,,,,,,,
2007-09-06,16.3600,16.3600,,,,,,,,,,,,,,
2007-09-07,16.0000,16.0000,,,,,,,,,,,,,,
2007-09-10,15.9800,15.9800,,,,,,,,,,,,,,
2007-09-11,16.2000,16.2000,,,,,,,,,,,,,,
2007-09-12,16.2200,16.2200,,,,,,,,,,,,,,
2007-09-13,16.0700,16.0700,,,,,,,,,,,,,,
2007-09-14,16.1400,16.1400,,,,,,,,,,,,,,
2007-09-17,16.0600,16.0600,,,,,,,,,,,,,,
2007-09-18,16.2700,16.2700,,,,,,,,,,,,,,
2007-09-19,16.5900,16.5900,,,,,,,,,,,,,,
2007-09-20,16.3200,16.3200,,,,,,,,,,,,,,
2007-09-21,16.5700,16.5700,,,,,,,,,,,,,,
2007-09-24,16.4500,16.4500,,,,,,,,,,,,,,
2007-09-25,16.3600,16.3600,,,,,,,,,,,,,,
2007-09-26,16.4600,16.4600,,,,,,,,,,,,,,
2007-09-27,16.3200,16.3200,,,,,,,,,,,,,,
2007-09-28,16.0300,16.0300,,,,,,,,,,,,,,
2007-10-01,16.4000,16.4000,,,,,,,,,,,,,,
2007-10-02,16.4700,16.4700,,,,,,,,,,,,,,
2007-10-03,16.4700,16.4700,,,,,,,,,,,,,,
2007-10-04,16.4700,16.4700,,,,,,,,,,,,,,
2007-10-05,16.8700,16.8700,,,,,,,,,,,,,,
2007-10-08,17.0000,17.0000,,,,,,,,,,,,,,
2007-10-09,17.1700,17.1700,,,,,,,,,,,,,,
2007-10-10,16.9400,16.9400,,,,,,,,,,,,,,
2007-10-11,16.7900,16.7900,,,,,,,,,,,,,,
2007-10-12,16.9200,16.9200,,,,,,,,,,,,,,
2007-10-15,16.6500,16.6500,,,,,,,,,,,,,,
2007-10-16,16.4400,16.4400,,,,,,,,,,,,,,
2007-10-17,16.3800,16.3800,,,,,,,,,,,,,,
2007-10-18,16.3600,16.3600,,,,,,,,,,,,,,
2007-10-19,15.9700,15.9700,,,,,,,,,,,,,,
2007-10-22,16.1600,16.1600,,,,,,,,,,,,,,
2007-10-23,16.0500,16.0500,,,,,,,,,,,,,,
2007-10-24,16.0400,16.0400,,,,,,,,,,,,,,
2007-10-25,16.2600,16.2600,,,,,,,,,,,,,,
2007-10-26,16.4300,16.4300,,,,,,,,,,,,,,
2007-10-29,16.4400,16.4400,,,,,,,,,,,,,,
2007-10-30,16.5700,16.5700,,,,,,,,,,,,,,
2007-10-31,16.7600,16.7600,,,,,,,,,,,,,,
2007-11-01,16.6700,16.6700,,,,,,,,,,,,,,
2007-11-02,17.1100,17.1100,,,,,,,,,,,,,,
2007-11-05,17.6400,17.6400,,,,,,,,,,,,,,
2007-11-06,18.2100,18.2100,,,,,,,,,,,,,,
2007-11-07,18.0600,18.0600,,,,,,,,,,,,,,
2007-11-08,18.5100,18.5100,,,,,,,,,,,,,,
2007-11-09,18.2200,18.2200,,,,,,,,,,,,,,
2007-11-12,17.6700,17.6700,,,,,,,,,,,,,,
2007-11-13,17.9200,17.9200,,,,,,,,,,,,,,
2007-11-14,17.8300,17.8300,,,,,,,,,,,,,,
2007-11-15,17.8400,17.8400,,,,,,,,,,,,,,
2007-11-16,17.6600,17.6600,,,,,,,,,,,,,,
2007-11-19,17.5700,17.5700,,,,,,,,,,,,,,
2007-11-20,17.7800,17.7800,,,,,,,,,,,,,,
2007-11-21,17.4600,17.4600,,,,,,,,,,,,,,
2007-11-22,17.4600,17.4600,,,,,,,,,,,,,,
2007-11-23,17.4900,17.4900,,,,,,,,,,,,,,
2007-11-26,17.4400,17.4400,,,,,,,,,,,,,,
2007-11-27,17.4000,17.4000,,,,,,,,,,,,,,
2007-11-28,17.6300,17.6300,,,,,,,,,,,,,,
2007-11-29,17.6000,17.6000,,,,,,,,,,,,,,
2007-11-30,17.8500,17.8500,,,,,,,,,,,,,,
2007-12-03,17.9400,17.9400,,,,,,,,,,,,,,
2007-12-04,18.0700,18.0700,,,,,,,,,,,,,,
2007-12-05,18.2700,18.2700,,,,,,,,,,,,,,
2007-12-06,18.0800,18.0800,,,,,,,,,,,,,,
2007-12-07,18.0800,18.0800,,,,,,,,,,,,,,
2007-12-10,18.2500,18.2500,,,,,,,,,,,,,,
2007-12-11,18.0200,18.0200,,,,,,,,,,,,,,
2007-12-12,18.0000,18.0000,,,,,,,,,,,,,,
2007-12-13,18.3700,18.3700,,,,,,,,,,,,,,
2007-12-14,18.3300,18.3300,,,,,,,,,,,,,,
2007-12-17,18.1600,18.1600,,,,,,,,,,,,,,
2007-12-18,18.2000,18.2000,,,,,,,,,,,,,,
2007-12-19,18.1000,18.1000,,,,,,,,,,,,,,
2007-12-20,17.3400,17.3400,,,,,,,,,,,,,,
2007-12-21,17.3800,17.3800,,,,,,,,,,,,,,
2007-12-24,17.6500,17.6500,,,,,,,,,,,,,,
2007-12-26,17.6000,17.6000,,,,,,,,,,,,,,
2007-12-27,17.5200,17.5200,,,,,,,,,,,,,,
2007-12-28,17.4700,17.4700,,,,,,,,,,,,,,
2007-12-31,17.1300,17.1300,,,,,,,,,,,,,,
2008-01-02,16.8700,16.8700,,,,,,,,,,,,,,
2008-01-03,16.6800,16.6800,,,,,,,,,,,,,,
2008-01-04,16.5200,16.5200,,,,,,,,,,,,,,
2008-01-07,16.6200,16.6200,,,,,,,,,,,,,,
2008-01-08,16.7300,16.7300,,,,,,,,,,,,,,
2008-01-09,16.9800,16.9800,,,,,,,,,,,,,,
2008-01-10,16.9700,16.9700,,,,,,,,,,,,,,
2008-01-11,16.8200,16.8200,,,,,,,,,,,,,,
2008-01-14,16.7500,16.7500,,,,,,,,,,,,,,
2008-01-15,16.4300,16.4300,,,,,,,,,,,,,,
2008-01-16,16.5500,16.5500,,,,,,,,,,,,,,
2008-01-17,16.0100,16.0100,,,,,,,,,,,,,,
2008-01-18,15.8800,15.8800,,,,,,,,,,,,,,
2008-01-22,15.4600,15.4600,,,,,,,,,,,,,,
2008-01-23,15.8300,15.8300,,,,,,,,,,,,,,
2008-01-24,15.4100,15.4100,,,,,,,,,,,,,,
2008-01-25,15.3300,15.3300,,,,,,,,,,,,,,
2008-01-28,15.8000,15.8000,,,,,,,,,,,,,,
2008-01-29,15.7500,15.7500,,,,,,,,,,,,,,
2008-01-30,15.7700,15.7700,,,,,,,,,,,,,,
2008-01-31,15.9900,15.9900,,,,,,,,,,,,,,
2008-02-01,16.1500,16.1500,,,,,,,,,,,,,,
2008-02-04,16.3400,16.3400,,,,,,,,,,,,,,
2008-02-05,15.8900,15.8900,,,,,,,,,,,,,,
2008-02-06,15.8500,15.8500,,,,,,,,,,,,,,
2008-02-07,15.7600,15.7600,,,,,,,,,,,,,,
2008-02-08,15.5800,15.5800,,,,,,,,,,,,,,
2008-02-11,15.4700,15.4700,,,,,,,,,,,,,,
2008-02-12,15.6800,15.6800,,,,,,,,,,,,,,
2008-02-13,15.4900,15.4900,,,,,,,,,,,,,,
2008-02-14,15.2800,15.2800,,,,,,,,,,,,,,
2008-02-15,15.3000,15.3000,,,,,,,,,,,,,,
2008-02-19,15.4500,15.4500,,,,,,,,,,,,,,
2008-02-20,15.5300,15.5300,,,,,,,,,,,,,,
2008-02-21,15.1800,15.1800,,,,,,,,,,,,,,
2008-02-22,15.3400,15.3400,,,,,,,,,,,,,,
2008-02-25,15.3400,15.3400,,,,,,,,,,,,,,
2008-02-26,15.3300,15.3300,,,,,,,,,,,,,,
2008-02-27,15.2400,15.2400,,,,,,,,,,,,,,
2008-02-28,15.2700,15.2700,,,,,,,,,,,,,,
2008-02-29,14.6800,14.6800,,,,,,,,,,,,,,
2008-03-03,14.5100,14.5100,,,,,,,,,,,,,,
2008-03-04,14.5800,14.5800,,,,,,,,,,,,,,
2008-03-05,14.5000,14.5000,,,,,,,,,,,,,,
2008-03-06,14.2600,14.2600,,,,,,,,,,,,,,
2008-03-07,14.2000,14.2000,,,,,,,,,,,,,,
2008-03-10,14.2800,14.2800,,,,,,,,,,,,,,
2008-03-11,14.5600,14.5600,,,,,,,,,,,,,,
2008-03-12,14.2000,14.2000,,,,,,,,,,,,,,
2008-03-13,14.0000,14.0000,,,,,,,,,,,,,,
2008-03-14,13.9100,13.9100,,,,,,,,,,,,,,
2008-03-17,13.8400,13.8400,,,,,,,,,,,,,,
2008-03-18,14.1700,14.1700,,,,,,,,,,,,,,
2008-03-19,13.9600,13.9600,,,,,,,,,,,,,,
2008-03-20,14.1600,14.1600,,,,,,,,,,,,,,
2008-03-24,13.9100,13.9100,,,,,,,,,,,,,,
2008-03-25,14.2400,14.2400,,,,,,,,,,,,,,
2008-03-26,14.2200,14.2200,,,,,,,,,,,,,,
2008-03-27,14.1900,14.1900,,,,,,,,,,,,,,
2008-03-28,14.0500,14.0500,,,,,,,,,,,,,,
2008-03-31,14.2700,14.2700,,,,,,,,,,,,,,
2008-04-01,14.6600,14.6600,,,,,,,,,,,,,,
2008-04-02,15.0400,15.0400,,,,,,,,,,,,,,
2008-04-03,14.8200,14.8200,,,,,,,,,,,,,,
2008-04-04,14.9400,14.9400,,,,,,,,,,,,,,
2008-04-07,15.1400,15.1400,,,,,,,,,,,,,,
2008-04-08,15.1500,15.1500,,,,,,,,,,,,,,
2008-04-09,15.1500,15.1500,,,,,,,,,,,,,,
2008-04-10,15.0300,15.0300,,,,,,,,,,,,,,
2008-04-11,15.0900,15.0900,,,,,,,,,,,,,,
2008-04-14,15.1400,15.1400,,,,,,,,,,,,,,
2008-04-15,15.2600,15.2600,,,,,,,,,,,,,,
2008-04-16,15.4500,15.4500,,,,,,,,,,,,,,
2008-04-17,15.4700,15.4700,,,,,,,,,,,,,,
2008-04-18,15.6900,15.6900,,,,,,,,,,,,,,
2008-04-21,15.4900,15.4900,,,,,,,,,,,,,,
2008-04-22,15.4100,15.4100,,,,,,,,,,,,,,
2008-04-23,15.4700,15.4700,,,,,,,,,,,,,,
2008-04-24,15.4400,15.4400,,,,,,,,,,,,,,
2008-04-25,15.5700,15.5700,,,,,,,,,,,,,,
2008-04-28,15.6900,15.6900,,,,,,,,,,,,,,
2008-04-29,15.6200,15.6200,,,,,,,,,,,,,,
2008-04-30,15.2200,15.2200,,,,,,,,,,,,,,
2008-05-01,15.5500,15.5500,,,,,,,,,,,,,,
2008-05-02,15.7200,15.7200,,,,,,,,,,,,,,
2008-05-05,15.5400,15.5400,,,,,,,,,,,,,,
2008-05-06,15.4400,15.4400,,,,,,,,,,,,,,
2008-05-07,15.1600,15.1600,,,,,,,,,,,,,,
2008-05-08,15.3900,15.3900,,,,,,,,,,,,,,
2008-05-09,15.2300,15.2300,,,,,,,,,,,,,,
2008-05-12,15.5000,15.5000,,,,,,,,,,,,,,
2008-05-13,15.6300,15.6300,,,,,,,,,,,,,,
2008-05-14,15.7800,15.7800,,,,,,,,,,,,,,
2008-05-15,15.7100,15.7100,,,,,,,,,,,,,,
2008-05-16,15.8500,15.8500,,,,,,,,,,,,,,
2008-05-19,15.8700,15.8700,,,,,,,,,,,,,,
2008-05-20,16.0300,16.0300,,,,,,,,,,,,,,
2008-05-21,15.9800,15.9800,,,,,,,,,,,,,,
2008-05-22,16.3100,16.3100,,,,,,,,,,,,,,
2008-05-23,16.3300,16.3300,,,,,,,,,,,,,,
2008-05-27,16.7200,16.7200,,,,,,,,,,,,,,
2008-05-28,16.8800,16.8800,,,,,,,,,,,,,,
2008-05-29,17.1600,17.1600,,,,,,,,,,,,,,
2008-05-30,16.9400,16.9400,,,,,,,,,,,,,,
2008-06-02,16.8700,16.8700,,,,,,,,,,,,,,
2008-06-03,16.7000,16.7000,,,,,,,,,,,,,,
2008-06-04,16.9700,16.9700,,,,,,,,,,,,,,
2008-06-05,17.1000,17.1000,,,,,,,,,,,,,,
2008-06-06,16.6400,16.6400,,,,,,,,,,,,,,
2008-06-09,16.9100,16.9100,,,,,,,,,,,,,,
2008-06-10,16.8300,16.8300,,,,,,,,,,,,,,
2008-06-11,16.5300,16.5300,,,,,,,,,,,,,,
2008-06-12,16.4500,16.4500,,,,,,,,,,,,,,
2008-06-13,16.5600,16.5600,,,,,,,,,,,,,,
2008-06-16,16.5600,16.5600,,,,,,,,,,,,,,
2008-06-17,16.5200,16.5200,,,,,,,,,,,,,,
2008-06-18,16.4900,16.4900,,,,,,,,,,,,,,
2008-06-19,16.5200,16.5200,,,,,,,,,,,,,,
2008-06-20,16.1500,16.1500,,,,,,,,,,,,,,
2008-06-23,16.2100,16.2100,,,,,,,,,,,,,,
2008-06-24,16.0300,16.0300,,,,,,,,,,,,,,
2008-06-25,16.2100,16.2100,,,,,,,,,,,,,,
2008-06-26,15.8900,15.8900,,,,,,,,,,,,,,
2008-06-27,15.5400,15.5400,,,,,,,,,,,,,,
2008-06-30,16.0500,16.0500,,,,,,,,,,,,,,
2008-07-01,16.0300,16.0300,,,,,,,,,,,,,,
2008-07-02,16.0100,16.0100,,,,,,,,,,,,,,
2008-07-03,15.9000,15.9000,,,,,,,,,,,,,,
2008-07-07,15.8100,15.8100,,,,,,,,,,,,,,
2008-07-08,15.8300,15.8300,,,,,,,,,,,,,,
2008-07-09,16.0000,16.0000,,,,,,,,,,,,,,
2008-07-10,16.0800,16.0800,,,,,,,,,,,,,,
2008-07-11,15.9400,15.9400,,,,,,,,,,,,,,
2008-07-14,15.7100,15.7100,,,,,,,,,,,,,,
2008-07-15,15.5600,15.5600,,,,,,,,,,,,,,
2008-07-16,15.4200,15.4200,,,,,,,,,,,,,,
2008-07-17,15.3700,15.3700,,,,,,,,,,,,,,
2008-07-18,15.3400,15.3400,,,,,,,,,,,,,,
2008-07-21,15.6300,15.6300,,,,,,,,,,,,,,
2008-07-22,15.6500,15.6500,,,,,,,,,,,,,,
2008-07-23,15.4300,15.4300,,,,,,,,,,,,,,
2008-07-24,15.2600,15.2600,,,,,,,,,,,,,,
2008-07-25,15.1900,15.1900,,,,,,,,,,,,,,
2008-07-28,15.1500,15.1500,,,,,,,,,,,,,,
2008-07-29,15.1600,15.1600,,,,,,,,,,,,,,
2008-07-30,15.6000,15.6000,,,,,,,,,,,,,,
2008-07-31,15.7700,15.7700,,,,,,,,,,,,,,
2008-08-01,15.3200,15.3200,,,,,,,,,,,,,,
2008-08-04,15.2100,15.2100,,,,,,,,,,,,,,
2008-08-05,15.5100,15.5100,,,,,,,,,,,,,,
2008-08-06,16.0300,16.0300,,,,,,,,,,,,,,
2008-08-07,15.8300,15.8300,,,,,,,,,,,,,,
2008-08-08,16.2500,16.2500,,,,,,,,,,,,,,
2008-08-11,16.5900,16.5900,,,,,,,,,,,,,,
2008-08-12,16.1500,16.1500,,,,,,,,,,,,,,
2008-08-13,15.9700,15.9700,,,,,,,,,,,,,,
2008-08-14,15.9400,15.9400,,,,,,,,,,,,,,
2008-08-15,15.8400,15.8400,,,,,,,,,,,,,,
2008-08-18,15.7200,15.7200,,,,,,,,,,,,,,
2008-08-19,15.8900,15.8900,,,,,,,,,,,,,,
2008-08-20,15.8600,15.8600,,,,,,,,,,,,,,
2008-08-21,16.0000,16.0000,,,,,,,,,,,,,,
2008-08-22,16.0800,16.0800,,,,,,,,,,,,,,
2008-08-25,15.9900,15.9900,,,,,,,,,,,,,,
2008-08-26,16.1500,16.1500,,,,,,,,,,,,,,
2008-08-27,15.8400,15.8400,,,,,,,,,,,,,,
2008-08-28,16.1400,16.1400,,,,,,,,,,,,,,
2008-08-29,15.8800,15.8800,,,,,,,,,,,,,,
2008-09-02,15.6900,15.6900,,,,,,,,,,,,,,
2008-09-03,15.6800,15.6800,,,,,,,,,,,,,,
2008-09-04,15.6900,15.6900,,,,,,,,,,,,,,
2008-09-05,15.7500,15.7500,,,,,,,,,,,,,,
2008-09-08,16.0300,16.0300,,,,,,,,,,,,,,
2008-09-09,15.3000,15.3000,,,,,,,,,,,,,,
2008-09-10,15.6300,15.6300,,,,,,,,,,,,,,
2008-09-11,15.2900,15.2900,,,,,,,,,,,,,,
2008-09-12,15.4500,15.4500,,,,,,,,,,,,,,
2008-09-15,14.9700,14.9700,,,,,,,,,,,,,,
2008-09-16,14.8700,14.8700,,,,,,,,,,,,,,
2008-09-17,14.1300,14.1300,,,,,,,,,,,,,,
2008-09-18,13.9800,13.9800,,,,,,,,,,,,,,
2008-09-19,14.8300,14.8300,,,,,,,,,,,,,,
2008-09-22,14.6700,14.6700,,,,,,,,,,,,,,
2008-09-23,14.2400,14.2400,,,,,,,,,,,,,,
2008-09-24,14.5300,14.5300,,,,,,,,,,,,,,
2008-09-25,14.8300,14.8300,,,,,,,,,,,,,,
2008-09-26,14.8100,14.8100,,,,,,,,,,,,,,
2008-09-29,14.2200,14.2200,,,,,,,,,,,,,,
2008-09-30,14.5700,14.5700,,,,,,,,,,,,,,
2008-10-01,14.4000,14.4000,,,,,,,,,,,,,,
2008-10-02,13.9900,13.9900,,,,,,,,,,,,,,
2008-10-03,13.6000,13.6000,,,,,,,,,,,,,,
2008-10-06,12.7300,12.7300,,,,,,,,,,,,,,
2008-10-07,11.7300,11.7300,,,,,,,,,,,,,,
2008-10-08,11.4100,11.4100,,,,,,,,,,,,,,
2008-10-09,10.1300,10.1300,,,,,,,,,,,,,,
2008-10-10,9.0800,9.0800,,,,,,,,,,,,,,
2008-10-13,10.2900,10.2900,,,,,,,,,,,,,,
2008-10-14,10.8000,10.8000,,,,,,,,,,,,,,
2008-10-15,9.5400,9.5400,,,,,,,,,,,,,,
2008-10-16,10.2700,10.2700,,,,,,,,,,,,,,
2008-10-17,10.2000,10.2000,,,,,,,,,,,,,,
2008-10-20,11.1100,11.1100,,,,,,,,,,,,,,
2008-10-21,11.0600,11.0600,,,,,,,,,,,,,,
2008-10-22,10.4400,10.4400,,,,,,,,,,,,,,
2008-10-23,10.7800,10.7800,,,,,,,,,,,,,,
2008-10-24,10.5100,10.5100,,,,,,,,,,,,,,
2008-10-27,10.1300,10.1300,,,,,,,,,,,,,,
2008-10-28,11.4000,11.4000,,,,,,,,,,,,,,
2008-10-29,11.1700,11.1700,,,,,,,,,,,,,,
2008-10-30,11.7000,11.7000,,,,,,,,,,,,,,
2008-10-31,11.5200,11.5200,,,,,,,,,,,,,,
2008-11-03,11.7900,11.7900,,,,,,,,,,,,,,
2008-11-04,11.6700,11.6700,,,,,,,,,,,,,,
2008-11-05,12.1200,12.1200,,,,,,,,,,,,,,
2008-11-06,11.4500,11.4500,,,,,,,,,,,,,,
2008-11-07,12.1600,12.1600,,,,,,,,,,,,,,
2008-11-10,11.8100,11.8100,,,,,,,,,,,,,,
2008-11-11,12.0300,12.0300,,,,,,,,,,,,,,
2008-11-12,11.4600,11.4600,,,,,,,,,,,,,,
2008-11-13,12.1300,12.1300,,,,,,,,,,,,,,
2008-11-14,11.8500,11.8500,,,,,,,,,,,,,,
2008-11-17,11.6200,11.6200,,,,,,,,,,,,,,
2008-11-18,11.9800,11.9800,,,,,,,,,,,,,,
2008-11-19,11.5200,11.5200,,,,,,,,,,,,,,
2008-11-20,11.1900,11.1900,,,,,,,,,,,,,,
2008-11-21,11.9900,11.9900,,,,,,,,,,,,,,
2008-11-24,12.3300,12.3300,,,,,,,,,,,,,,
2008-11-25,12.5000,12.5000,,,,,,,,,,,,,,
2008-11-26,12.4700,12.4700,,,,,,,,,,,,,,
2008-11-28,12.9300,12.9300,,,,,,,,,,,,,,
2008-12-01,12.1900,12.1900,,,,,,,,,,,,,,
2008-12-02,12.3700,12.3700,,,,,,,,,,,,,,
2008-12-03,12.8500,12.8500,,,,,,,,,,,,,,
2008-12-04,12.5300,12.5300,,,,,,,,,,,,,,
2008-12-05,12.8000,12.8000,,,,,,,,,,,,,,
2008-12-08,12.8700,12.8700,,,,,,,,,,,,,,
2008-12-09,12.5900,12.5900,,,,,,,,,,,,,,
2008-12-10,12.7100,12.7100,,,,,,,,,,,,,,
2008-12-11,12.5500,12.5500,,,,,,,,,,,,,,
2008-12-12,12.7200,12.7200,,,,,,,,,,,,,,
2008-12-15,12.3300,12.3300,,,,,,,,,,,,,,
2008-12-16,12.7100,12.7100,,,,,,,,,,,,,,
2008-12-17,12.5100,12.5100,,,,,,,,,,,,,,
2008-12-18,12.2700,12.2700,,,,,,,,,,,,,,
2008-12-19,12.4200,12.4200,,,,,,,,,,,,,,
2008-12-22,12.3400,12.3400,,,,,,,,,,,,,,
2008-12-23,12.0300,12.0300,,,,,,,,,,,,,,
2008-12-24,12.0700,12.0700,,,,,,,,,,,,,,
2008-12-26,12.1000,12.1000,,,,,,,,,,,,,,
2008-12-29,12.1100,12.1100,,,,,,,,,,,,,,
2008-12-30,12.3800,12.3800,,,,,,,,,,,,,,
2008-12-31,12.6200,12.6200,,,,,,,,,,,,,,
2009-01-02,12.8500,12.8500,,,,,,,,,,,,,,
2009-01-05,13.1400,13.1400,,,,,,,,,,,,,,
2009-01-06,12.9100,12.9100,,,,,,,,,,,,,,
2009-01-07,12.7200,12.7200,,,,,,,,,,,,,,
2009-01-08,13.0600,13.0600,,,,,,,,,,,,,,
2009-01-09,12.8500,12.8500,,,,,,,,,,,,,,
2009-01-12,12.8000,12.8000,,,,,,,,,,,,,,
2009-01-13,12.6400,12.6400,,,,,,,,,,,,,,
2009-01-14,12.4300,12.4300,,,,,,,,,,,,,,
2009-01-15,12.5400,12.5400,,,,,,,,,,,,,,
2009-01-16,12.7400,12.7400,,,,,,,,,,,,,,
2009-01-19,12.7400,12.7400,,,,,,,,,,,,,,
2009-01-20,12.4300,12.4300,,,,,,,,,,,,,,
2009-01-21,12.5900,12.5900,,,,,,,,,,,,,,
2009-01-22,12.7500,12.7500,,,,,,,,,,,,,,
2009-01-23,12.9800,12.9800,,,,,,,,,,,,,,
2009-01-26,13.4700,13.4700,,,,,,,,,,,,,,
2009-01-27,13.6000,13.6000,,,,,,,,,,,,,,
2009-01-28,13.7200,13.7200,,,,,,,,,,,,,,
2009-01-29,13.6400,13.6400,,,,,,,,,,,,,,
2009-01-30,13.3800,13.3800,,,,,,,,,,,,,,
2009-02-02,13.8300,13.8300,,,,,,,,,,,,,,
2009-02-03,14.0000,14.0000,,,,,,,,,,,,,,
2009-02-04,13.9800,13.9800,,,,,,,,,,,,,,
2009-02-05,14.3000,14.3000,,,,,,,,,,,,,,
2009-02-06,14.3900,14.3900,,,,,,,,,,,,,,
2009-02-09,14.2100,14.2100,,,,,,,,,,,,,,
2009-02-10,13.5200,13.5200,,,,,,,,,,,,,,
2009-02-11,13.1600,13.1600,,,,,,,,,,,,,,
2009-02-12,13.2200,13.2200,,,,,,,,,,,,,,
2009-02-13,13.1300,13.1300,,,,,,,,,,,,,,
2009-02-17,12.5600,12.5600,,,,,,,,,,,,,,
2009-02-18,12.2400,12.2400,,,,,,,,,,,,,,
2009-02-19,12.1900,12.1900,,,,,,,,,,,,,,
2009-02-20,11.8300,11.8300,,,,,,,,,,,,,,
2009-02-23,11.6600,11.6600,,,,,,,,,,,,,,
2009-02-24,11.8800,11.8800,,,,,,,,,,,,,,
2009-02-25,10.5200,10.5200,,,,,,,,,,,,,,
2009-02-26,10.6000,10.6000,,,,,,,,,,,,,,
2009-02-27,10.3200,10.3200,,,,,,,,,,,,,,
2009-03-02,9.6400,9.6400,,,,,,,,,,,,,,
2009-03-03,9.1800,9.1800,,,,,,,,,,,,,,
2009-03-04,9.5200,9.5200,,,,,,,,,,,,,,
2009-03-05,8.9500,8.9500,,,,,,,,,,,,,,
2009-03-06,8.8800,8.8800,,,,,,,,,,,,,,
2009-03-09,9.0600,9.0600,,,,,,,,,,,,,,
2009-03-10,9.3000,9.3000,,,,,,,,,,,,,,
2009-03-11,9.3000,9.3000,,,,,,,,,,,,,,
2009-03-12,9.7400,9.7400,,,,,,,,,,,,,,
2009-03-13,10.1400,10.1400,,,,,,,,,,,,,,
2009-03-16,10.1000,10.1000,,,,,,,,,,,,,,
2009-03-17,10.2100,10.2100,,,,,,,,,,,,,,
2009-03-18,10.4200,10.4200,,,,,,,,,,,,,,
2009-03-19,10.3900,10.3900,,,,,,,,,,,,,,
2009-03-20,10.4700,10.4700,,,,,,,,,,,,,,
2009-03-23,10.7900,10.7900,,,,,,,,,,,,,,
2009-03-24,10.4400,10.4400,,,,,,,,,,,,,,
2009-03-25,10.2900,10.2900,,,,,,,,,,,,,,
2009-03-26,10.3200,10.3200,,,,,,,,,,,,,,
2009-03-27,10.1700,10.1700,,,,,,,,,,,,,,
2009-03-30,10.1100,10.1100,,,,,,,,,,,,,,
2009-03-31,10.4300,10.4300,,,,,,,,,,,,,,
2009-04-01,10.2800,10.2800,,,,,,,,,,,,,,
2009-04-02,10.4600,10.4600,,,,,,,,,,,,,,
2009-04-03,10.5600,10.5600,,,,,,,,,,,,,,
2009-04-06,10.4900,10.4900,,,,,,,,,,,,,,
2009-04-07,10.3000,10.3000,,,,,,,,,,,,,,
2009-04-08,10.2600,10.2600,,,,,,,,,,,,,,
2009-04-09,10.2300,10.2300,,,,,,,,,,,,,,
2009-04-13,10.1800,10.1800,,,,,,,,,,,,,,
2009-04-14,10.1200,10.1200,,,,,,,,,,,,,,
2009-04-15,10.1800,10.1800,,,,,,,,,,,,,,
2009-04-16,10.2800,10.2800,,,,,,,,,,,,,,
2009-04-17,10.5200,10.5200,,,,,,,,,,,,,,
2009-04-20,10.4200,10.4200,,,,,,,,,,,,,,
2009-04-21,10.4400,10.4400,,,,,,,,,,,,,,
2009-04-22,10.3100,10.3100,,,,,,,,,,,,,,
2009-04-23,10.2000,10.2000,,,,,,,,,,,,,,
2009-04-24,10.3100,10.3100,,,,,,,,,,,,,,
2009-04-27,10.6700,10.6700,,,,,,,,,,,,,,
2009-04-28,10.7400,10.7400,,,,,,,,,,,,,,
2009-04-29,10.7000,10.7000,,,,,,,,,,,,,,
2009-04-30,10.6400,10.6400,,,,,,,,,,,,,,
2009-05-01,11.0100,11.0100,,,,,,,,,,,,,,
2009-05-04,10.9700,10.9700,,,,,,,,,,,,,,
2009-05-05,10.7700,10.7700,,,,,,,,,,,,,,
2009-05-06,10.8400,10.8400,,,,,,,,,,,,,,
2009-05-07,10.8500,10.8500,,,,,,,,,,,,,,
2009-05-08,10.9300,10.9300,,,,,,,,,,,,,,
2009-05-11,10.7900,10.7900,,,,,,,,,,,,,,
2009-05-12,10.6800,10.6800,,,,,,,,,,,,,,
2009-05-13,10.1900,10.1900,,,,,,,,,,,,,,
2009-05-14,10.2400,10.2400,,,,,,,,,,,,,,
2009-05-15,10.0500,10.0500,,,,,,,,,,,,,,
2009-05-18,10.2700,10.2700,,,,,,,,,,,,,,
2009-05-19,10.3200,10.3200,,,,,,,,,,,,,,
2009-05-20,9.9600,9.9600,,,,,,,,,,,,,,
2009-05-21,9.8300,9.8300,,,,,,,,,,,,,,
2009-05-22,9.8500,9.8500,,,,,,,,,,,,,,
2009-05-26,10.0000,10.0000,,,,,,,,,,,,,,
2009-05-27,9.7700,9.7700,,,,,,,,,,,,,,
2009-05-28,10.1000,10.1000,,,,,,,,,,,,,,
2009-05-29,10.1200,10.1200,,,,,,,,,,,,,,
2009-06-01,10.2700,10.2700,,,,,,,,,,,,,,
2009-06-02,10.2400,10.2400,,,,,,,,,,,,,,
2009-06-03,10.0500,10.0500,,,,,,,,,,,,,,
2009-06-04,10.0200,10.0200,,,,,,,,,,,,,,
2009-06-05,9.9900,9.9900,,,,,,,,,,,,,,
2009-06-08,10.1500,10.1500,,,,,,,,,,,,,,
2009-06-09,10.0400,10.0400,,,,,,,,,,,,,,
2009-06-10,10.1800,10.1800,,,,,,,,,,,,,,
2009-06-11,10.5400,10.5400,,,,,,,,,,,,,,
2009-06-12,10.6600,10.6600,,,,,,,,,,,,,,
2009-06-15,10.4600,10.4600,,,,,,,,,,,,,,
2009-06-16,10.4700,10.4700,,,,,,,,,,,,,,
2009-06-17,10.5000,10.5000,,,,,,,,,,,,,,
2009-06-18,10.7300,10.7300,,,,,,,,,,,,,,
2009-06-19,10.7500,10.7500,,,,,,,,,,,,,,
2009-06-22,11.0500,11.0500,,,,,,,,,,,,,,
2009-06-23,10.6900,10.6900,,,,,,,,,,,,,,
2009-06-24,10.8000,10.8000,,,,,,,,,,,,,,
2009-06-25,11.0500,11.0500,,,,,,,,,,,,,,
2009-06-26,11.0600,11.0600,,,,,,,,,,,,,,
2009-06-29,11.2400,11.2400,,,,,,,,,,,,,,
2009-06-30,11.0800,11.0800,,,,,,,,,,,,,,
2009-07-01,11.2000,11.2000,,,,,,,,,,,,,,
2009-07-02,10.9400,10.9400,,,,,,,,,,,,,,
2009-07-03,10.9400,10.9400,,,,,,,,,,,,,,
2009-07-06,11.1700,11.1700,,,,,,,,,,,,,,
2009-07-07,10.9400,10.9400,,,,,,,,,,,,,,
2009-07-08,10.8000,10.8000,,,,,,,,,,,,,,
2009-07-09,10.7800,10.7800,,,,,,,,,,,,,,
2009-07-10,10.9200,10.9200,,,,,,,,,,,,,,
2009-07-13,11.1100,11.1100,,,,,,,,,,,,,,
2009-07-14,11.2000,11.2000,,,,,,,,,,,,,,
2009-07-15,11.2900,11.2900,,,,,,,,,,,,,,
2009-07-16,11.2000,11.2000,,,,,,,,,,,,,,
2009-07-17,11.1900,11.1900,,,,,,,,,,,,,,
2009-07-20,11.4300,11.4300,,,,,,,,,,,,,,
2009-07-21,11.5500,11.5500,,,,,,,,,,,,,,
2009-07-22,11.5100,11.5100,,,,,,,,,,,,,,
2009-07-23,11.7300,11.7300,,,,,,,,,,,,,,
2009-07-24,11.8700,11.8700,,,,,,,,,,,,,,
2009-07-27,11.9700,11.9700,,,,,,,,,,,,,,
2009-07-28,11.8400,11.8400,,,,,,,,,,,,,,
2009-07-29,11.7500,11.7500,,,,,,,,,,,,,,
2009-07-30,12.0100,12.0100,,,,,,,,,,,,,,
2009-07-31,12.0500,12.0500,,,,,,,,,,,,,,
2009-08-03,12.1700,12.1700,,,,,,,,,,,,,,
2009-08-04,12.0900,12.0900,,,,,,,,,,,,,,
2009-08-05,12.0700,12.0700,,,,,364392928,364392928,364392928,364392928,364392928,364392928,364392928,364392928,364392928,364392928
2009-08-06,12.1300,12.1300,,,,,364392928,364392928,364392928,364392928,364392928,364392928,364392928,364392928,364392928,364392928
2009-08-07,12.3400,12.3400,,,,,364392928,364392928,364392928,364392928,364392928,364392928,364392928,364392928,364392928,364392928
2009-08-10,12.4400,12.4400,,,,,364392928,364392928,364392928,364392928,364392928,364392928,364392928,364392928,364392928,364392928
2009-08-11,12.5200,12.5200,,,,,364392928,364392928,364392928,364392928,364392928,364392928,364392928,364392928,364392928,364392928
2009-08-12,12.3400,12.3400,,,,,364392928,364392928,364392928,364392928,364392928,364392928,364392928,364392928,364392928,364392928
2009-08-13,12.4000,12.4000,,,,,364392928,364392928,364392928,364392928,364392928,364392928,364392928,364392928,364392928,364392928
2009-08-14,12.4800,12.4800,,,,,364392928,364392928,364392928,364392928,364392928,364392928,364392928,364392928,364392928,364392928
2009-08-17,12.4800,12.4800,,,,,364392928,364392928,364392928,364392928,364392928,364392928,364392928,364392928,364392928,364392928
2009-08-18,12.5400,12.5400,,,,,364392928,364392928,364392928,364392928,364392928,364392928,364392928,364392928,364392928,364392928
2009-08-19,12.5700,12.5700,,,,,364392928,364392928,364392928,364392928,364392928,364392928,364392928,364392928,364392928,364392928
2009-08-20,12.6700,12.6700,,,,,364392928,364392928,364392928,364392928,364392928,364392928,364392928,364392928,364392928,364392928
2009-08-21,12.8000,12.8000,,,,,364392928,364392928,364392928,364392928,364392928,364392928,364392928,364392928,364392928,364392928
2009-08-24,12.8100,12.8100,,,,,364392928,364392928,364392928,364392928,364392928,364392928,364392928,364392928,364392928,364392928
2009-08-25,12.7700,12.7700,,,,,364392928,364392928,364392928,364392928,364392928,364392928,364392928,364392928,364392928,364392928
2009-08-26,12.8300,12.8300,,,,,364392928,364392928,364392928,364392928,364392928,364392928,364392928,364392928,364392928,364392928
2009-08-27,12.7500,12.7500,,,,,364392928,364392928,364392928,364392928,364392928,364392928,364392928,364392928,364392928,364392928
2009-08-28,12.5700,12.5700,,,,,364392928,364392928,364392928,364392928,364392928,364392928,364392928,364392928,364392928,364392928
2009-08-31,12.4000,12.4000,,,,,364392928,364392928,364392928,364392928,364392928,364392928,364392928,364392928,364392928,364392928
2009-09-01,12.3200,12.3200,,,,,364392928,364392928,364392928,364392928,364392928,364392928,364392928,364392928,364392928,364392928
2009-09-02,12.1700,12.1700,,,,,364392928,364392928,364392928,364392928,364392928,364392928,364392928,364392928,364392928,364392928
2009-09-03,12.1200,12.1200,,,,,364392928,364392928,364392928,364392928,364392928,364392928,364392928,364392928,364392928,364392928
2009-09-04,12.0700,12.0700,,,,,364392928,364392928,364392928,364392928,364392928,364392928,364392928,364392928,364392928,364392928
2009-09-08,12.1300,12.1300,,,,,364392928,364392928,364392928,364392928,364392928,364392928,364392928,364392928,364392928,364392928
2009-09-09,12.2100,12.2100,,,,,364392928,364392928,364392928,364392928,364392928,364392928,364392928,364392928,364392928,364392928
2009-09-10,12.1300,12.1300,,,,,364392928,364392928,364392928,364392928,364392928,364392928,364392928,364392928,364392928,364392928
2009-09-11,12.4500,12.4500,,,,,364392928,364392928,364392928,364392928,364392928,364392928,364392928,364392928,364392928,364392928
2009-09-14,12.5300,12.5300,,,,,364392928,364392928,364392928,364392928,364392928,364392928,364392928,364392928,364392928,364392928
2009-09-15,12.6900,12.6900,,,,,364392928,364392928,364392928,364392928,364392928,364392928,364392928,364392928,364392928,364392928
2009-09-16,12.7700,12.7700,,,,,364392928,364392928,364392928,364392928,364392928,364392928,364392928,364392928,364392928,364392928
2009-09-17,12.4900,12.4900,,,,,364392928,364392928,364392928,364392928,364392928,364392928,364392928,364392928,364392928,364392928
2009-09-18,12.4900,12.4900,,,,,364392928,364392928,364392928,364392928,364392928,364392928,364392928,364392928,364392928,364392928
2009-09-21,12.5000,12.5000,,,,,364392928,364392928,364392928,364392928,364392928,364392928,364392928,364392928,364392928,364392928
2009-09-22,12.4800,12.4800,,,,,364392928,364392928,364392928,364392928,364392928,364392928,364392928,364392928,364392928,364392928
2009-09-23,12.3800,12.3800,,,,,364392928,364392928,364392928,364392928,364392928,364392928,364392928,364392928,364392928,364392928
2009-09-24,12.2600,12.2600,,,,,364392928,364392928,364392928,364392928,364392928,364392928,364392928,364392928,364392928,364392928
2009-09-25,12.2500,12.2500,,,,,364392928,364392928,364392928,364392928,364392928,364392928,364392928,364392928,364392928,364392928
2009-09-28,12.4900,12.4900,,,,,364392928,364392928,364392928,364392928,364392928,364392928,364392928,364392928,364392928,364392928
2009-09-29,12.6000,12.6000,,,,,364392928,364392928,364392928,364392928,364392928,364392928,364392928,364392928,364392928,364392928
2009-09-30,12.4300,12.4300,,,,,364392928,364392928,364392928,364392928,364392928,364392928,364392928,364392928,364392928,364392928
2009-10-01,12.2900,12.2900,,,,,364392928,364392928,364392928,364392928,364392928,364392928,364392928,364392928,364392928,364392928
2009-10-02,12.2200,12.2200,,,,,364392928,364392928,364392928,364392928,364392928,364392928,364392928,364392928,364392928,364392928
2009-10-05,12.3600,12.3600,,,,,364392928,364392928,364392928,364392928,364392928,364392928,364392928,364392928,364392928,364392928
2009-10-06,12.3800,12.3800,,,,,364392928,364392928,364392928,364392928,364392928,364392928,364392928,364392928,364392928,364392928
2009-10-07,12.3500,12.3500,,,,,364392928,364392928,364392928,364392928,364392928,364392928,364392928,364392928,364392928,364392928
2009-10-08,12.5300,12.5300,,,,,364392928,364392928,364392928,364392928,364392928,364392928,364392928,364392928,364392928,364392928
2009-10-09,12.6700,12.6700,,,,,364392928,364392928,364392928,364392928,364392928,364392928,364392928,364392928,364392928,364392928
2009-10-12,12.7700,12.7700,,,,,364392928,364392928,364392928,364392928,364392928,364392928,364392928,364392928,364392928,364392928
2009-10-13,12.6800,12.6800,,,,,364392928,364392928,364392928,364392928,364392928,364392928,364392928,364392928,364392928,364392928
2009-10-14,12.7300,12.7300,,,,,364392928,364392928,364392928,364392928,364392928,364392928,364392928,364392928,364392928,364392928
2009-10-15,12.8500,12.8500,,,,,364392928,364392928,364392928,364392928,364392928,364392928,364392928,364392928,364392928,364392928
2009-10-16,12.9400,12.9400,,,,,364392928,364392928,364392928,364392928,364392928,364392928,364392928,364392928,364392928,364392928
2009-10-19,13.0900,13.0900,,,,,364392928,364392928,364392928,364392928,364392928,364392928,364392928,364392928,364392928,364392928
2009-10-20,12.9300,12.9300,,,,,364392928,364392928,364392928,364392928,364392928,364392928,364392928,364392928,364392928,364392928
2009-10-21,12.7900,12.7900,,,,,364392928,364392928,364392928,364392928,364392928,364392928,364392928,364392928,364392928,364392928
2009-10-22,13.0000,13.0000,,,,,364392928,364392928,364392928,364392928,364392928,364392928,364392928,364392928,364392928,364392928
2009-10-23,12.8500,12.8500,,,,,364392928,364392928,364392928,364392928,364392928,364392928,364392928,364392928,364392928,364392928
2009-10-26,12.7000,12.7000,,,,,364392928,364392928,364392928,364392928,364392928,364392928,364392928,364392928,364392928,364392928
2009-10-27,12.7100,12.7100,,,,,364392928,364392928,364392928,364392928,364392928,364392928,364392928,364392928,364392928,364392928
2009-10-28,12.6000,12.6000,,,,,390331500,390331500,390331500,390331500,390331500,390331500,390331500,390331500,390331500,390331500
2009-10-29,12.5900,12.5900,,,,,390331500,390331500,390331500,390331500,390331500,390331500,390331500,390331500,390331500,390331500
2009-10-30,12.6000,12.6000,,,,,390331500,390331500,390331500,390331500,390331500,390331500,390331500,390331500,390331500,390331500
2009-11-02,12.5400,12.5400,,,,,390331500,390331500,390331500,390331500,390331500,390331500,390331500,390331500,390331500,390331500
2009-11-03,12.4800,12.4800,,,,,390331500,390331500,390331500,390331500,390331500,390331500,390331500,390331500,390331500,390331500
2009-11-04,12.5800,12.5800,,,,,390331500,390331500,390331500,390331500,390331500,390331500,390331500,390331500,390331500,390331500
2009-11-05,12.7400,12.7400,,,,,390331500,390331500,390331500,390331500,390331500,390331500,390331500,390331500,390331500,390331500
2009-11-06,12.7400,12.7400,,,,,390331500,390331500,390331500,390331500,390331500,390331500,390331500,390331500,390331500,390331500
2009-11-09,12.8900,12.8900,,,,,390331500,390331500,390331500,390331500,390331500,390331500,390331500,390331500,390331500,390331500
2009-11-10,12.9400,12.9400,,,,,390331500,390331500,390331500,390331500,390331500,390331500,390331500,390331500,390331500,390331500
2009-11-11,12.8200,12.8200,,,,,390331500,390331500,390331500,390331500,390331500,390331500,390331500,390331500,390331500,390331500
2009-11-12,12.4500,12.4500,,,,,390331500,390331500,390331500,390331500,390331500,390331500,390331500,390331500,390331500,390331500
2009-11-13,12.6300,12.6300,,,,,390331500,390331500,390331500,390331500,390331500,390331500,390331500,390331500,390331500,390331500
2009-11-16,12.8700,12.8700,,,,,390331500,390331500,390331500,390331500,390331500,390331500,390331500,390331500,390331500,390331500
2009-11-17,12.8800,12.8800,,,,,390331500,390331500,390331500,390331500,390331500,390331500,390331500,390331500,390331500,390331500
2009-11-18,12.8500,12.8500,,,,,390331500,390331500,390331500,390331500,390331500,390331500,390331500,390331500,390331500,390331500
2009-11-19,12.7300,12.7300,,,,,390331500,390331500,390331500,390331500,390331500,390331500,390331500,390331500,390331500,390331500
2009-11-20,12.7700,12.7700,,,,,390331500,390331500,390331500,390331500,390331500,390331500,390331500,390331500,390331500,390331500
2009-11-23,12.9800,12.9800,,,,,390331500,390331500,390331500,390331500,390331500,390331500,390331500,390331500,390331500,390331500
2009-11-24,13.0300,13.0300,,,,,390331500,390331500,390331500,390331500,390331500,390331500,390331500,390331500,390331500,390331500
2009-11-25,13.1900,13.1900,,,,,390331500,390331500,390331500,390331500,390331500,390331500,390331500,390331500,390331500,390331500
2009-11-27,12.9600,12.9600,,,,,390331500,390331500,390331500,390331500,390331500,390331500,390331500,390331500,390331500,390331500
2009-11-30,13.2700,13.2700,,,,,390331500,390331500,390331500,390331500,390331500,390331500,390331500,390331500,390331500,390331500
2009-12-01,13.4700,13.4700,,,,,390331500,390331500,390331500,390331500,390331500,390331500,390331500,390331500,390331500,390331500
2009-12-02,13.5800,13.5800,,,,,390331500,390331500,390331500,390331500,390331500,390331500,390331500,390331500,390331500,390331500
2009-12-03,13.8000,13.8000,,,,,390331500,390331500,390331500,390331500,390331500,390331500,390331500,390331500,390331500,390331500
2009-12-04,13.7700,13.7700,,,,,390331500,390331500,390331500,390331500,390331500,390331500,390331500,390331500,390331500,390331500
2009-12-07,13.8800,13.8800,,,,,390331500,390331500,390331500,390331500,390331500,390331500,390331500,390331500,390331500,390331500
2009-12-08,13.8800,13.8800,,,,,390331500,390331500,390331500,390331500,390331500,390331500,390331500,390331500,390331500,390331500
2009-12-09,13.8900,13.8900,,,,,390331500,390331500,390331500,390331500,390331500,390331500,390331500,390331500,390331500,390331500
2009-12-10,14.0000,14.0000,,,,,390331500,390331500,390331500,390331500,390331500,390331500,390331500,390331500,390331500,390331500
2009-12-11,14.4500,14.4500,,,,,390331500,390331500,390331500,390331500,390331500,390331500,390331500,390331500,390331500,390331500
2009-12-14,14.5700,14.5700,,,,,390331500,390331500,390331500,390331500,390331500,390331500,390331500,390331500,390331500,390331500
2009-12-15,14.5300,14.5300,,,,,390331500,390331500,390331500,390331500,390331500,390331500,390331500,390331500,390331500,390331500
2009-12-16,14.5900,14.5900,,,,,390331500,390331500,390331500,390331500,390331500,390331500,390331500,390331500,390331500,390331500
2009-12-17,14.4600,14.4600,,,,,390331500,390331500,390331500,390331500,390331500,390331500,390331500,390331500,390331500,390331500
2009-12-18,14.5500,14.5500,,,,,390331500,390331500,390331500,390331500,390331500,390331500,390331500,390331500,390331500,390331500
2009-12-21,14.6500,14.6500,,,,,390331500,390331500,390331500,390331500,390331500,390331500,390331500,390331500,390331500,390331500
2009-12-22,14.7000,14.7000,,,,,390331500,390331500,390331500,390331500,390331500,390331500,390331500,390331500,390331500,390331500
2009-12-23,14.7000,14.7000,,,,,390331500,390331500,390331500,390331500,390331500,390331500,390331500,390331500,390331500,390331500
2009-12-24,14.7700,14.7700,,,,,390331500,390331500,390331500,390331500,390331500,390331500,390331500,390331500,390331500,390331500
2009-12-28,14.8100,14.8100,,,,,390331500,390331500,390331500,390331500,390331500,390331500,390331500,390331500,390331500,390331500
2009-12-29,14.7600,14.7600,,,,,390331500,390331500,390331500,390331500,390331500,390331500,390331500,390331500,390331500,390331500
2009-12-30,14.6900,14.6900,,,,,390331500,390331500,390331500,390331500,390331500,390331500,390331500,390331500,390331500,390331500
2009-12-31,14.5100,14.5100,,,,,390331500,390331500,390331500,390331500,390331500,390331500,390331500,390331500,390331500,390331500
2010-01-04,14.5200,14.5200,,,,,390331500,390331500,390331500,390331500,390331500,390331500,390331500,390331500,390331500,390331500
2010-01-05,14.4100,14.4100,,,,,390331500,390331500,390331500,390331500,390331500,390331500,390331500,390331500,390331500,390331500
2010-01-06,14.2700,14.2700,,,,,390331500,390331500,390331500,390331500,390331500,390331500,390331500,390331500,390331500,390331500
2010-01-07,14.4100,14.4100,,,,,390331500,390331500,390331500,390331500,390331500,390331500,390331500,390331500,390331500,390331500
2010-01-08,14.2400,14.2400,,,,,390331500,390331500,390331500,390331500,390331500,390331500,390331500,390331500,390331500,390331500
2010-01-11,14.3400,14.3400,,,,,390331500,390331500,390331500,390331500,390331500,390331500,390331500,390331500,390331500,390331500
2010-01-12,14.4300,14.4300,,,,,390331500,390331500,390331500,390331500,390331500,390331500,390331500,390331500,390331500,390331500
2010-01-13,14.5500,14.5500,,,,,390331500,390331500,390331500,390331500,390331500,390331500,390331500,390331500,390331500,390331500
2010-01-14,14.6200,14.6200,,,,,390331500,390331500,390331500,390331500,390331500,390331500,390331500,390331500,390331500,390331500
2010-01-15,14.6100,14.6100,,,,,390331500,390331500,390331500,390331500,390331500,390331500,390331500,390331500,390331500,390331500
2010-01-18,14.6100,14.6100,,,,,390331500,390331500,390331500,390331500,390331500,390331500,390331500,390331500,390331500,390331500
2010-01-19,14.8200,14.8200,,,,,390331500,390331500,390331500,390331500,390331500,390331500,390331500,390331500,390331500,390331500
2010-01-20,14.8600,14.8600,,,,,390331500,390331500,390331500,390331500,390331500,390331500,390331500,390331500,390331500,390331500
2010-01-21,14.5600,14.5600,,,,,390331500,390331500,390331500,390331500,390331500,390331500,390331500,390331500,390331500,390331500
2010-01-22,14.2000,14.2000,,,,,390331500,390331500,390331500,390331500,390331500,390331500,390331500,390331500,390331500,390331500
2010-01-25,14.3300,14.3300,,,,,390331500,390331500,390331500,390331500,390331500,390331500,390331500,390331500,390331500,390331500
2010-01-26,14.2000,14.2000,,,,,390331500,390331500,390331500,390331500,390331500,390331500,390331500,390331500,390331500,390331500
2010-01-27,14.0800,14.0800,,,,,390331500,390331500,390331500,390331500,390331500,390331500,390331500,390331500,390331500,390331500
2010-01-28,14.1000,14.1000,,,,,390331500,390331500,390331500,390331500,390331500,390331500,390331500,390331500,390331500,390331500
2010-01-29,13.9500,13.9500,,,,,390331500,390331500,390331500,390331500,390331500,390331500,390331500,390331500,390331500,390331500
2010-02-01,14.2600,14.2600,,,,,390331500,390331500,390331500,390331500,390331500,390331500,390331500,390331500,390331500,390331500
2010-02-02,14.4600,14.4600,,,,,390331500,390331500,390331500,390331500,390331500,390331500,390331500,390331500,390331500,390331500
2010-02-03,14.3800,14.3800,,,,,390331500,390331500,390331500,390331500,390331500,390331500,390331500,390331500,390331500,390331500
2010-02-04,13.8900,13.8900,,,,,390331500,390331500,390331500,390331500,390331500,390331500,390331500,390331500,390331500,390331500
2010-02-05,13.9200,13.9200,,,,,390331500,390331500,390331500,390331500,390331500,390331500,390331500,390331500,390331500,390331500
2010-02-08,13.7500,13.7500,,,,,390331500,390331500,390331500,390331500,390331500,390331500,390331500,390331500,390331500,390331500
2010-02-09,14.0100,14.0100,,,,,390331500,390331500,390331500,390331500,390331500,390331500,390331500,390331500,390331500,390331500
2010-02-10,13.8300,13.8300,,,,,390331500,390331500,390331500,390331500,390331500,390331500,390331500,390331500,390331500,390331500
2010-02-11,13.7400,13.7400,,,,,390331500,390331500,390331500,390331500,390331500,390331500,390331500,390331500,390331500,390331500
2010-02-12,13.6500,13.6500,,,,,390331500,390331500,390331500,390331500,390331500,390331500,390331500,390331500,390331500,390331500
2010-02-16,13.9500,13.9500,,,,,390331500,390331500,390331500,390331500,390331500,390331500,390331500,390331500,390331500,390331500
2010-02-17,14.0600,14.0600,,,,,390331500,390331500,390331500,390331500,390331500,390331500,390331500,390331500,390331500,390331500
2010-02-18,14.3900,14.3900,,,,,390331500,390331500,390331500,390331500,390331500,390331500,390331500,390331500,390331500,390331500
2010-02-19,14.5300,14.5300,,,,,390331500,390331500,390331500,390331500,390331500,390331500,390331500,390331500,390331500,390331500
2010-02-22,14.4500,14.4500,,,,,390331500,390331500,390331500,390331500,390331500,390331500,390331500,390331500,390331500,390331500
2010-02-23,14.3100,14.3100,,,,,390331500,390331500,390331500,390331500,390331500,390331500,390331500,390331500,390331500,390331500
2010-02-24,14.2100,14.2100,,,,,390331500,390331500,390331500,390331500,390331500,390331500,390331500,390331500,390331500,390331500
2010-02-25,14.1000,14.1000,,,,,390331500,390331500,390331500,390331500,390331500,390331500,390331500,390331500,390331500,390331500
2010-02-26,13.3800,13.3800,,,,,365229000,367681000,365229000,367681000,391746779,365229000,367681000,365229000,367681000,391746779
2010-03-01,13.6000,13.6000,,,,,365229000,367681000,365229000,367681000,391746779,365229000,367681000,365229000,367681000,391746779
2010-03-02,13.8300,13.8300,,,,,365229000,367681000,365229000,367681000,391746779,365229000,367681000,365229000,367681000,391746779
2010-03-03,13.7700,13.7700,,,,,365229000,367681000,365229000,367681000,391746779,365229000,367681000,365229000,367681000,391746779
2010-03-04,14.0200,14.0200,,,,,365229000,367681000,365229000,367681000,391746779,365229000,367681000,365229000,367681000,391746779
2010-03-05,14.0100,14.0100,,,,,365229000,367681000,365229000,367681000,391746779,365229000,367681000,365229000,367681000,391746779
2010-03-08,14.1500,14.1500,,,,,365229000,367681000,365229000,367681000,391746779,365229000,367681000,365229000,367681000,391746779
2010-03-09,14.1100,14.1100,,,,,365229000,367681000,365229000,367681000,391746779,365229000,367681000,365229000,367681000,391746779
2010-03-10,14.1200,14.1200,,,,,365229000,367681000,365229000,367681000,391746779,365229000,367681000,365229000,367681000,391746779
2010-03-11,14.2800,14.2800,,,,,365229000,367681000,365229000,367681000,391746779,365229000,367681000,365229000,367681000,391746779
2010-03-12,14.2400,14.2400,,,,,365229000,367681000,365229000,367681000,391746779,365229000,367681000,365229000,367681000,391746779
2010-03-15,14.2300,14.2300,,,,,365229000,367681000,365229000,367681000,391746779,365229000,367681000,365229000,367681000,391746779
2010-03-16,14.4300,14.4300,,,,,365229000,367681000,365229000,367681000,391746779,365229000,367681000,365229000,367681000,391746779
2010-03-17,14.4600,14.4600,,,,,365229000,367681000,365229000,367681000,391746779,365229000,367681000,365229000,367681000,391746779
2010-03-18,14.4100,14.4100,,,,,365229000,367681000,365229000,367681000,391746779,365229000,367681000,365229000,367681000,391746779
2010-03-19,14.4300,14.4300,,,,,365229000,367681000,365229000,367681000,391746779,365229000,367681000,365229000,367681000,391746779
2010-03-22,14.2800,14.2800,,,,,365229000,367681000,365229000,367681000,391746779,365229000,367681000,365229000,367681000,391746779
2010-03-23,14.3000,14.3000,,,,,365229000,367681000,365229000,367681000,391746779,365229000,367681000,365229000,367681000,391746779
2010-03-24,14.1900,14.1900,,,,,365229000,367681000,365229000,367681000,391746779,365229000,367681000,365229000,367681000,391746779
2010-03-25,14.1300,14.1300,,,,,365229000,367681000,365229000,367681000,391746779,365229000,367681000,365229000,367681000,391746779
2010-03-26,14.1900,14.1900,,,,,365229000,367681000,365229000,367681000,391746779,365229000,367681000,365229000,367681000,391746779
2010-03-29,14.4700,14.4700,,,,,365229000,367681000,365229000,367681000,391746779,365229000,367681000,365229000,367681000,391746779
2010-03-30,14.4400,14.4400,,,,,365229000,367681000,365229000,367681000,391746779,365229000,367681000,365229000,367681000,391746779
2010-03-31,14.3600,14.3600,,,,,365229000,367681000,365229000,367681000,391746779,365229000,367681000,365229000,367681000,391746779
2010-04-01,14.5000,14.5000,,,,,365229000,367681000,365229000,367681000,391746779,365229000,367681000,365229000,367681000,391746779
2010-04-05,14.6400,14.6400,,,,,365229000,367681000,365229000,367681000,391746779,365229000,367681000,365229000,367681000,391746779
2010-04-06,14.7400,14.7400,,,,,365229000,367681000,365229000,367681000,391746779,365229000,367681000,365229000,367681000,391746779
2010-04-07,14.4700,14.4700,,,,,365229000,367681000,365229000,367681000,391746779,365229000,367681000,365229000,367681000,391746779
2010-04-08,14.3700,14.3700,,,,,365229000,367681000,365229000,367681000,391746779,365229000,367681000,365229000,367681000,391746779
2010-04-09,14.5000,14.5000,,,,,365229000,367681000,365229000,367681000,391746779,365229000,367681000,365229000,367681000,391746779
2010-04-12,14.5300,14.5300,,,,,365229000,367681000,365229000,367681000,391746779,365229000,367681000,365229000,367681000,391746779
2010-04-13,14.5000,14.5000,,,,,365229000,367681000,365229000,367681000,391746779,365229000,367681000,365229000,367681000,391746779
2010-04-14,14.5200,14.5200,,,,,365229000,367681000,365229000,367681000,391746779,365229000,367681000,365229000,367681000,391746779
2010-04-15,14.6200,14.6200,,,,,365229000,367681000,365229000,367681000,391746779,365229000,367681000,365229000,367681000,391746779
2010-04-16,14.3200,14.3200,,,,,365229000,367681000,365229000,367681000,391746779,365229000,367681000,365229000,367681000,391746779
2010-04-19,14.2500,14.2500,,,,,365229000,367681000,365229000,367681000,391746779,365229000,367681000,365229000,367681000,391746779
2010-04-20,14.3600,14.3600,,,,,365229000,367681000,365229000,367681000,391746779,365229000,367681000,365229000,367681000,391746779
2010-04-21,14.3800,14.3800,,,,,365229000,367681000,365229000,367681000,391746779,365229000,367681000,365229000,367681000,391746779
2010-04-22,14.3600,14.3600,,,,,365229000,367681000,365229000,367681000,391746779,365229000,367681000,365229000,367681000,391746779
2010-04-23,14.5700,14.5700,,,,,365229000,367681000,365229000,367681000,391746779,365229000,367681000,365229000,367681000,391746779
2010-04-26,14.5500,14.5500,,,,,365229000,367681000,365229000,367681000,391746779,365229000,367681000,365229000,367681000,391746779
2010-04-27,14.1800,14.1800,,,,,365229000,367681000,365229000,367681000,391746779,365229000,367681000,365229000,367681000,391746779
2010-04-28,14.3400,14.3400,,,,,365229000,367681000,365229000,367681000,391746779,365229000,367681000,365229000,367681000,391746779
2010-04-29,14.3900,14.3900,,,,,365229000,367681000,365229000,367681000,391746779,365229000,367681000,365229000,367681000,391746779
2010-04-30,14.3600,14.3600,,,,,365229000,367681000,365229000,367681000,391746779,365229000,367681000,365229000,367681000,391746779
2010-05-03,14.5700,14.5700,,,,,365229000,367681000,365229000,367681000,391746779,365229000,367681000,365229000,367681000,391746779
2010-05-04,14.3400,14.3400,,,,,365229000,367681000,365229000,367681000,391746779,365229000,367681000,365229000,367681000,391746779
2010-05-05,14.3800,14.3800,,,,,393000000,395000000,393000000,395000000,394186137,393000000,395000000,393000000,395000000,394186137
2010-05-06,13.8800,13.8800,,,,,393000000,395000000,393000000,395000000,394186137,393000000,395000000,393000000,395000000,394186137
2010-05-07,13.7500,13.7500,,,,,393000000,395000000,393000000,395000000,394186137,393000000,395000000,393000000,395000000,394186137
2010-05-10,14.1400,14.1400,,,,,393000000,395000000,393000000,395000000,394186137,393000000,395000000,393000000,395000000,394186137
2010-05-11,14.1800,14.1800,,,,,393000000,395000000,393000000,395000000,394186137,393000000,395000000,393000000,395000000,394186137
2010-05-12,14.2900,14.2900,,,,,393000000,395000000,393000000,395000000,394186137,393000000,395000000,393000000,395000000,394186137
2010-05-13,14.2500,14.2500,,,,,393000000,395000000,393000000,395000000,394186137,393000000,395000000,393000000,395000000,394186137
2010-05-14,14.1500,14.1500,,,,,393000000,395000000,393000000,395000000,394186137,393000000,395000000,393000000,395000000,394186137
2010-05-17,14.1800,14.1800,,,,,393000000,395000000,393000000,395000000,394186137,393000000,395000000,393000000,395000000,394186137
2010-05-18,13.9800,13.9800,,,,,393000000,395000000,393000000,395000000,394186137,393000000,395000000,393000000,395000000,394186137
2010-05-19,13.7600,13.7600,,,,,393000000,395000000,393000000,395000000,394186137,393000000,395000000,393000000,395000000,394186137
2010-05-20,13.2700,13.2700,,,,,393000000,395000000,393000000,395000000,394186137,393000000,395000000,393000000,395000000,394186137
2010-05-21,13.3300,13.3300,,,,,393000000,395000000,393000000,395000000,394186137,393000000,395000000,393000000,395000000,394186137
2010-05-24,13.2000,13.2000,,,,,393000000,395000000,393000000,395000000,394186137,393000000,395000000,393000000,395000000,394186137
2010-05-25,13.0600,13.0600,,,,,393000000,395000000,393000000,395000000,394186137,393000000,395000000,393000000,395000000,394186137
2010-05-26,13.1500,13.1500,,,,,393000000,395000000,393000000,395000000,394186137,393000000,395000000,393000000,395000000,394186137
2010-05-27,13.5200,13.5200,,,,,393000000,395000000,393000000,395000000,394186137,393000000,395000000,393000000,395000000,394186137
2010-05-28,13.6200,13.6200,,,,,393000000,395000000,393000000,395000000,394186137,393000000,395000000,393000000,395000000,394186137
2010-06-01,13.2800,13.2800,,,,,393000000,395000000,393000000,395000000,394186137,393000000,395000000,393000000,395000000,394186137
2010-06-02,13.5800,13.5800,,,,,393000000,395000000,393000000,395000000,394186137,393000000,395000000,393000000,395000000,394186137
2010-06-03,13.7200,13.7200,,,,,393000000,395000000,393000000,395000000,394186137,393000000,395000000,393000000,395000000,394186137
2010-06-04,13.2000,13.2000,,,,,393000000,395000000,393000000,395000000,394186137,393000000,395000000,393000000,395000000,394186137
2010-06-07,13.2900,13.2900,,,,,393000000,395000000,393000000,395000000,394186137,393000000,395000000,393000000,395000000,394186137
2010-06-08,13.3300,13.3300,,,,,393000000,395000000,393000000,395000000,394186137,393000000,395000000,393000000,395000000,394186137
2010-06-09,12.9000,12.9000,,,,,393000000,395000000,393000000,395000000,394186137,393000000,395000000,393000000,395000000,394186137
2010-06-10,13.1600,13.1600,,,,,393000000,395000000,393000000,395000000,394186137,393000000,395000000,393000000,395000000,394186137
2010-06-11,13.2700,13.2700,,,,,393000000,395000000,393000000,395000000,394186137,393000000,395000000,393000000,395000000,394186137
2010-06-14,13.3400,13.3400,,,,,393000000,395000000,393000000,395000000,394186137,393000000,395000000,393000000,395000000,394186137
2010-06-15,13.6000,13.6000,,,,,393000000,395000000,393000000,395000000,394186137,393000000,395000000,393000000,395000000,394186137
2010-06-16,13.7800,13.7800,,,,,393000000,395000000,393000000,395000000,394186137,393000000,395000000,393000000,395000000,394186137
2010-06-17,13.9500,13.9500,,,,,393000000,395000000,393000000,395000000,394186137,393000000,395000000,393000000,395000000,394186137
2010-06-18,14.0100,14.0100,,,,,393000000,395000000,393000000,395000000,394186137,393000000,395000000,393000000,395000000,394186137
2010-06-21,13.9900,13.9900,,,,,393000000,395000000,393000000,395000000,394186137,393000000,395000000,393000000,395000000,394186137
2010-06-22,13.6400,13.6400,,,,,393000000,395000000,393000000,395000000,394186137,393000000,395000000,393000000,395000000,394186137
2010-06-23,13.5200,13.5200,,,,,393000000,395000000,393000000,395000000,394186137,393000000,395000000,393000000,395000000,394186137
2010-06-24,13.5400,13.5400,,,,,393000000,395000000,393000000,395000000,394186137,393000000,395000000,393000000,395000000,394186137
2010-06-25,13.5200,13.5200,,,,,393000000,395000000,393000000,395000000,394186137,393000000,395000000,393000000,395000000,394186137
2010-06-28,13.7200,13.7200,,,,,393000000,395000000,393000000,395000000,394186137,393000000,395000000,393000000,395000000,394186137
2010-06-29,13.3100,13.3100,,,,,393000000,395000000,393000000,395000000,394186137,393000000,395000000,393000000,395000000,394186137
2010-06-30,13.1600,13.1600,,,,,393000000,395000000,393000000,395000000,394186137,393000000,395000000,393000000,395000000,394186137
2010-07-01,13.0600,13.0600,,,,,393000000,395000000,393000000,395000000,394186137,393000000,395000000,393000000,395000000,394186137
2010-07-02,13.0300,13.0300,,,,,393000000,395000000,393000000,395000000,394186137,393000000,395000000,393000000,395000000,394186137
2010-07-06,13.2400,13.2400,,,,,393000000,395000000,393000000,395000000,394186137,393000000,395000000,393000000,395000000,394186137
2010-07-07,13.7100,13.7100,,,,,393000000,395000000,393000000,395000000,394186137,393000000,395000000,393000000,395000000,394186137
2010-07-08,13.9700,13.9700,,,,,393000000,395000000,393000000,395000000,394186137,393000000,395000000,393000000,395000000,394186137
2010-07-09,14.0500,14.0500,,,,,393000000,395000000,393000000,395000000,394186137,393000000,395000000,393000000,395000000,394186137
2010-07-12,14.0700,14.0700,,,,,393000000,395000000,393000000,395000000,394186137,393000000,395000000,393000000,395000000,394186137
2010-07-13,14.1900,14.1900,,,,,393000000,395000000,393000000,395000000,394186137,393000000,395000000,393000000,395000000,394186137
2010-07-14,14.1800,14.1800,,,,,393000000,395000000,393000000,395000000,394186137,393000000,395000000,393000000,395000000,394186137
2010-07-15,14.3000,14.3000,,,,,393000000,395000000,393000000,395000000,394186137,393000000,395000000,393000000,395000000,394186137
2010-07-16,13.9300,13.9300,,,,,393000000,395000000,393000000,395000000,394186137,393000000,395000000,393000000,395000000,394186137
2010-07-19,14.0500,14.0500,,,,,393000000,395000000,393000000,395000000,394186137,393000000,395000000,393000000,395000000,394186137
2010-07-20,14.1700,14.1700,,,,,393000000,395000000,393000000,395000000,394186137,393000000,395000000,393000000,395000000,394186137
2010-07-21,13.9100,13.9100,,,,,393000000,395000000,393000000,395000000,394186137,393000000,395000000,393000000,395000000,394186137
2010-07-22,14.1900,14.1900,,,,,393000000,395000000,393000000,395000000,394186137,393000000,395000000,393000000,395000000,394186137
2010-07-23,14.2500,14.2500,,,,,393000000,395000000,393000000,395000000,394186137,393000000,395000000,393000000,395000000,394186137
2010-07-26,14.4000,14.4000,,,,,393000000,395000000,393000000,395000000,394186137,393000000,395000000,393000000,395000000,394186137
2010-07-27,14.6000,14.6000,,,,,393000000,395000000,393000000,395000000,394186137,393000000,395000000,393000000,395000000,394186137
2010-07-28,14.5400,14.5400,,,,,393000000,395000000,393000000,395000000,394186137,393000000,395000000,393000000,395000000,394186137
2010-07-29,14.3300,14.3300,,,,,393000000,395000000,393000000,395000000,394186137,393000000,395000000,393000000,395000000,394186137
2010-07-30,14.2300,14.2300,,,,,393000000,395000000,393000000,395000000,394186137,393000000,395000000,393000000,395000000,394186137
2010-08-02,14.5300,14.5300,,,,,393000000,395000000,393000000,395000000,394186137,393000000,395000000,393000000,395000000,394186137
2010-08-03,14.4600,14.4600,,,,,393000000,395000000,393000000,395000000,394186137,393000000,395000000,393000000,395000000,394186137
2010-08-04,14.7300,14.7300,,,,,400,402,400,402,421476056,400000000,402000000,400000000,402000000,421476056
2010-08-05,14.8100,14.8100,,,,,400,402,400,402,421476056,400000000,402000000,400000000,402000000,421476056
2010-08-06,14.8400,14.8400,,,,,400,402,400,402,421476056,400000000,402000000,400000000,402000000,421476056
2010-08-09,14.9600,14.9600,,,,,400,402,400,402,421476056,400000000,402000000,400000000,402000000,421476056
2010-08-10,15.0600,15.0600,,,,,400,402,400,402,421476056,400000000,402000000,400000000,402000000,421476056
2010-08-11,14.7400,14.7400,,,,,400,402,400,402,421476056,400000000,402000000,400000000,402000000,421476056
2010-08-12,14.4800,14.4800,,,,,400,402,400,402,421476056,400000000,402000000,400000000,402000000,421476056
2010-08-13,14.5000,14.5000,,,,,400,402,400,402,421476056,400000000,402000000,400000000,402000000,421476056
2010-08-16,14.5000,14.5000,,,,,400,402,400,402,421476056,400000000,402000000,400000000,402000000,421476056
2010-08-17,14.7800,14.7800,,,,,400,402,400,402,421476056,400000000,402000000,400000000,402000000,421476056
2010-08-18,14.7200,14.7200,,,,,400,402,400,402,421476056,400000000,402000000,400000000,402000000,421476056
2010-08-19,14.4900,14.4900,,,,,400,402,400,402,421476056,400000000,402000000,400000000,402000000,421476056
2010-08-20,14.5500,14.5500,,,,,400,402,400,402,421476056,400000000,402000000,400000000,402000000,421476056
2010-08-23,14.5500,14.5500,,,,,400,402,400,402,421476056,400000000,402000000,400000000,402000000,421476056
2010-08-24,14.6700,14.6700,,,,,400,402,400,402,421476056,400000000,402000000,400000000,402000000,421476056
2010-08-25,14.7700,14.7700,,,,,400,402,400,402,421476056,400000000,402000000,400000000,402000000,421476056
2010-08-26,14.6200,14.6200,,,,,400,402,400,402,421476056,400000000,402000000,400000000,402000000,421476056
2010-08-27,14.9600,14.9600,,,,,400,402,400,402,421476056,400000000,402000000,400000000,402000000,421476056
2010-08-30,14.6700,14.6700,,,,,400,402,400,402,421476056,400000000,402000000,400000000,402000000,421476056
2010-08-31,14.7900,14.7900,,,,,400,402,400,402,421476056,400000000,402000000,400000000,402000000,421476056
2010-09-01,15.1200,15.1200,,,,,400,402,400,402,421476056,400000000,402000000,400000000,402000000,421476056
2010-09-02,15.0600,15.0600,,,,,400,402,400,402,421476056,400000000,402000000,400000000,402000000,421476056
2010-09-03,15.2600,15.2600,,,,,400,402,400,402,421476056,400000000,402000000,400000000,402000000,421476056
2010-09-07,15.2700,15.2700,,,,,400,402,400,402,421476056,400000000,402000000,400000000,402000000,421476056
2010-09-08,15.0600,15.0600,,,,,400,402,400,402,421476056,400000000,402000000,400000000,402000000,421476056
2010-09-09,15.2100,15.2100,,,,,400,402,400,402,421476056,400000000,402000000,400000000,402000000,421476056
2010-09-10,15.2000,15.2000,,,,,400,402,400,402,421476056,400000000,402000000,400000000,402000000,421476056
2010-09-13,15.2600,15.2600,,,,,400,402,400,402,421476056,400000000,402000000,400000000,402000000,421476056
2010-09-14,15.2500,15.2500,,,,,400,402,400,402,421476056,400000000,402000000,400000000,402000000,421476056
2010-09-15,15.1200,15.1200,,,,,400,402,400,402,421476056,400000000,402000000,400000000,402000000,421476056
2010-09-16,14.9900,14.9900,,,,,400,402,400,402,421476056,400000000,402000000,400000000,402000000,421476056
2010-09-17,15.0300,15.0300,,,,,400,402,400,402,421476056,400000000,402000000,400000000,402000000,421476056
2010-09-20,15.3800,15.3800,,,,,400,402,400,402,421476056,400000000,402000000,400000000,402000000,421476056
2010-09-21,15.3600,15.3600,,,,,400,402,400,402,421476056,400000000,402000000,400000000,402000000,421476056
2010-09-22,15.4100,15.4100,,,,,400,402,400,402,421476056,400000000,402000000,400000000,402000000,421476056
2010-09-23,15.2400,15.2400,,,,,400,402,400,402,421476056,400000000,402000000,400000000,402000000,421476056
2010-09-24,15.6500,15.6500,,,,,400,402,400,402,421476056,400000000,402000000,400000000,402000000,421476056
2010-09-27,15.7200,15.7200,,,,,400,402,400,402,421476056,400000000,402000000,400000000,402000000,421476056
2010-09-28,15.8400,15.8400,,,,,400,402,400,402,421476056,400000000,402000000,400000000,402000000,421476056
2010-09-29,15.7600,15.7600,,,,,400,402,400,402,421476056,400000000,402000000,400000000,402000000,421476056
2010-09-30,15.7200,15.7200,,,,,400,402,400,402,421476056,400000000,402000000,400000000,402000000,421476056
2010-10-01,15.9000,15.9000,,,,,400,402,400,402,421476056,400000000,402000000,400000000,402000000,421476056
2010-10-04,15.7800,15.7800,,,,,400,402,400,402,421476056,400000000,402000000,400000000,402000000,421476056
2010-10-05,16.0300,16.0300,,,,,400,402,400,402,421476056,400000000,402000000,400000000,402000000,421476056
2010-10-06,15.8900,15.8900,,,,,400,402,400,402,421476056,400000000,402000000,400000000,402000000,421476056
2010-10-07,16.0000,16.0000,,,,,400,402,400,402,421476056,400000000,402000000,400000000,402000000,421476056
2010-10-08,16.0900,16.0900,,,,,400,402,400,402,421476056,400000000,402000000,400000000,402000000,421476056
2010-10-11,16.1600,16.1600,,,,,400,402,400,402,421476056,400000000,402000000,400000000,402000000,421476056
2010-10-12,16.0800,16.0800,,,,,400,402,400,402,421476056,400000000,402000000,400000000,402000000,421476056
2010-10-13,15.9900,15.9900,,,,,400,402,400,402,421476056,400000000,402000000,400000000,402000000,421476056
2010-10-14,15.9600,15.9600,,,,,400,402,400,402,421476056,400000000,402000000,400000000,402000000,421476056
2010-10-15,16.1300,16.1300,,,,,400,402,400,402,421476056,400000000,402000000,400000000,402000000,421476056
2010-10-18,16.1500,16.1500,,,,,400,402,400,402,421476056,400000000,402000000,400000000,402000000,421476056
2010-10-19,16.1500,16.1500,,,,,400,402,400,402,421476056,400000000,402000000,400000000,402000000,421476056
2010-10-20,16.3900,16.3900,,,,,400,402,400,402,421476056,400000000,402000000,400000000,402000000,421476056
2010-10-21,16.3900,16.3900,,,,,400,402,400,402,421476056,400000000,402000000,400000000,402000000,421476056
2010-10-22,16.4200,16.4200,,,,,400,402,400,402,421476056,400000000,402000000,400000000,402000000,421476056
2010-10-25,16.4000,16.4000,,,,,400,402,400,402,421476056,400000000,402000000,400000000,402000000,421476056
2010-10-26,16.4200,16.4200,,,,,400,402,400,402,421476056,400000000,402000000,400000000,402000000,421476056
2010-10-27,16.4200,16.4200,,,,,400,402,400,402,421476056,400000000,402000000,400000000,402000000,421476056
2010-10-28,16.3900,16.3900,,,,,422,425,422,425,423119026,422000000,425000000,422000000,425000000,423119026
2010-10-29,16.5600,16.5600,,,,,422,425,422,425,423119026,422000000,425000000,422000000,425000000,423119026
2010-11-01,16.5500,16.5500,,,,,422,425,422,425,423119026,422000000,425000000,422000000,425000000,423119026
2010-11-02,16.7700,16.7700,,,,,422,425,422,425,423119026,422000000,425000000,422000000,425000000,423119026
2010-11-03,16.7200,16.7200,,,,,422,425,422,425,423119026,422000000,425000000,422000000,425000000,423119026
2010-11-04,16.9200,16.9200,,,,,422,425,422,425,423119026,422000000,425000000,422000000,425000000,423119026
2010-11-05,16.6800,16.6800,,,,,422,425,422,425,423119026,422000000,425000000,422000000,425000000,423119026
2010-11-08,16.5500,16.5500,,,,,422,425,422,425,423119026,422000000,425000000,422000000,425000000,423119026
2010-11-09,16.6000,16.6000,,,,,422,425,422,425,423119026,422000000,425000000,422000000,425000000,423119026
2010-11-10,16.5800,16.5800,,,,,422,425,422,425,423119026,422000000,425000000,422000000,425000000,423119026
2010-11-11,16.5900,16.5900,,,,,422,425,422,425,423119026,422000000,425000000,422000000,425000000,423119026
2010-11-12,16.1100,16.1100,,,,,422,425,422,425,423119026,422000000,425000000,422000000,425000000,423119026
2010-11-15,16.2200,16.2200,,,,,422,425,422,425,423119026,422000000,425000000,422000000,425000000,423119026
2010-11-16,15.8800,15.8800,,,,,422,425,422,425,423119026,422000000,425000000,422000000,425000000,423119026
2010-11-17,15.6900,15.6900,,,,,422,425,422,425,423119026,422000000,425000000,422000000,425000000,423119026
2010-11-18,15.8500,15.8500,,,,,422,425,422,425,423119026,422000000,425000000,422000000,425000000,423119026
2010-11-19,15.8200,15.8200,,,,,422,425,422,425,423119026,422000000,425000000,422000000,425000000,423119026
2010-11-22,15.8700,15.8700,,,,,422,425,422,425,423119026,422000000,425000000,422000000,425000000,423119026
2010-11-23,15.7600,15.7600,,,,,422,425,422,425,423119026,422000000,425000000,422000000,425000000,423119026
2010-11-24,15.9175,15.9175,,,,,422,425,422,425,423119026,422000000,425000000,422000000,425000000,423119026
2010-11-26,15.7900,15.7900,,,,,422,425,422,425,423119026,422000000,425000000,422000000,425000000,423119026
2010-11-29,15.6000,15.6000,,,,,422,425,422,425,423119026,422000000,425000000,422000000,425000000,423119026
2010-11-30,15.6300,15.6300,,,,,422,425,422,425,423119026,422000000,425000000,422000000,425000000,423119026
2010-12-01,15.7600,15.7600,,,,,422,425,422,425,423119026,422000000,425000000,422000000,425000000,423119026
2010-12-02,15.8400,15.8400,,,,,422,425,422,425,423119026,422000000,425000000,422000000,425000000,423119026
2010-12-03,15.9000,15.9000,,,,,422,425,422,425,423119026,422000000,425000000,422000000,425000000,423119026
2010-12-06,15.6600,15.6600,,,,,422,425,422,425,423119026,422000000,425000000,422000000,425000000,423119026
2010-12-07,15.6400,15.6400,,,,,422,425,422,425,423119026,422000000,425000000,422000000,425000000,423119026
2010-12-08,15.6300,15.6300,,,,,422,425,422,425,423119026,422000000,425000000,422000000,425000000,423119026
2010-12-09,15.7500,15.7500,,,,,422,425,422,425,423119026,422000000,425000000,422000000,425000000,423119026
2010-12-10,15.8400,15.8400,,,,,422,425,422,425,423119026,422000000,425000000,422000000,425000000,423119026
2010-12-13,15.9300,15.9300,,,,,422,425,422,425,423119026,422000000,425000000,422000000,425000000,423119026
2010-12-14,16.1000,16.1000,,,,,422,425,422,425,423119026,422000000,425000000,422000000,425000000,423119026
2010-12-15,15.8600,15.8600,,,,,422,425,422,425,423119026,422000000,425000000,422000000,425000000,423119026
2010-12-16,15.9000,15.9000,,,,,422,425,422,425,423119026,422000000,425000000,422000000,425000000,423119026
2010-12-17,15.8700,15.8700,,,,,422,425,422,425,423119026,422000000,425000000,422000000,425000000,423119026
2010-12-20,15.9100,15.9100,,,,,422,425,422,425,423119026,422000000,425000000,422000000,425000000,423119026
2010-12-21,15.8800,15.8800,,,,,422,425,422,425,423119026,422000000,425000000,422000000,425000000,423119026
2010-12-22,15.8800,15.8800,,,,,422,425,422,425,423119026,422000000,425000000,422000000,425000000,423119026
2010-12-23,15.9000,15.9000,,,,,422,425,422,425,423119026,422000000,425000000,422000000,425000000,423119026
2010-12-27,15.9000,15.9000,,,,,422,425,422,425,423119026,422000000,425000000,422000000,425000000,423119026
2010-12-28,15.8500,15.8500,,,,,422,425,422,425,423119026,422000000,425000000,422000000,425000000,423119026
2010-12-29,15.8300,15.8300,,,,,422,425,422,425,423119026,422000000,425000000,422000000,425000000,423119026
2010-12-30,15.7600,15.7600,,,,,422,425,422,425,423119026,422000000,425000000,422000000,425000000,423119026
2010-12-31,15.7200,15.7200,,,,,422,425,422,425,423119026,422000000,425000000,422000000,425000000,423119026
2011-01-03,15.8000,15.8000,,,,,422,425,422,425,423119026,422000000,425000000,422000000,425000000,423119026
2011-01-04,15.8300,15.8300,,,,,422,425,422,425,423119026,422000000,425000000,422000000,425000000,423119026
2011-01-05,15.7700,15.7700,,,,,422,425,422,425,423119026,422000000,425000000,422000000,425000000,423119026
2011-01-06,15.6100,15.6100,,,,,422,425,422,425,423119026,422000000,425000000,422000000,425000000,423119026
2011-01-07,15.6800,15.6800,,,,,422,425,422,425,423119026,422000000,425000000,422000000,425000000,423119026
2011-01-10,15.7400,15.7400,,,,,422,425,422,425,423119026,422000000,425000000,422000000,425000000,423119026
2011-01-11,15.6300,15.6300,,,,,422,425,422,425,423119026,422000000,425000000,422000000,425000000,423119026
2011-01-12,15.7700,15.7700,,,,,422,425,422,425,423119026,422000000,425000000,422000000,425000000,423119026
2011-01-13,15.7700,15.7700,,,,,422,425,422,425,423119026,422000000,425000000,422000000,425000000,423119026
2011-01-14,15.7000,15.7000,,,,,422,425,422,425,423119026,422000000,425000000,422000000,425000000,423119026
2011-01-18,15.7400,15.7400,,,,,422,425,422,425,423119026,422000000,425000000,422000000,425000000,423119026
2011-01-19,15.8200,15.8200,,,,,422,425,422,425,423119026,422000000,425000000,422000000,425000000,423119026
2011-01-20,15.9400,15.9400,,,,,422,425,422,425,423119026,422000000,425000000,422000000,425000000,423119026
2011-01-21,15.9000,15.9000,,,,,422,425,422,425,423119026,422000000,425000000,422000000,425000000,423119026
2011-01-24,16.0900,16.0900,,,,,422,425,422,425,423119026,422000000,425000000,422000000,425000000,423119026
2011-01-25,16.1500,16.1500,,,,,422,425,422,425,423119026,422000000,425000000,422000000,425000000,423119026
2011-01-26,16.1100,16.1100,,,,,422,425,422,425,423119026,422000000,425000000,422000000,425000000,423119026
2011-01-27,16.1500,16.1500,,,,,422,425,422,425,423119026,422000000,425000000,422000000,425000000,423119026
2011-01-28,16.0300,16.0300,,,,,422,425,422,425,423119026,422000000,425000000,422000000,425000000,423119026
2011-01-31,16.1500,16.1500,,,,,422,425,422,425,423119026,422000000,425000000,422000000,425000000,423119026
2011-02-01,16.2500,16.2500,,,,,422,425,422,425,423119026,422000000,425000000,422000000,425000000,423119026
2011-02-02,16.0700,16.0700,,,,,422,425,422,425,423119026,422000000,425000000,422000000,425000000,423119026
2011-02-03,16.1600,16.1600,,,,,422,425,422,425,423119026,422000000,425000000,422000000,425000000,423119026
2011-02-04,16.1400,16.1400,,,,,422,425,422,425,423119026,422000000,425000000,422000000,425000000,423119026
2011-02-07,16.3400,16.3400,,,,,422,425,422,425,423119026,422000000,425000000,422000000,425000000,423119026
2011-02-08,16.2400,16.2400,,,,,422,425,422,425,423119026,422000000,425000000,422000000,425000000,423119026
2011-02-09,16.1000,16.1000,,,,,422,425,422,425,423119026,422000000,425000000,422000000,425000000,423119026
2011-02-10,16.1300,16.1300,,,,,422,425,422,425,423119026,422000000,425000000,422000000,425000000,423119026
2011-02-11,16.1900,16.1900,,,,,422,425,422,425,423119026,422000000,425000000,422000000,425000000,423119026
2011-02-14,15.8800,15.8800,,,,,422,425,422,425,423119026,422000000,425000000,422000000,425000000,423119026
2011-02-15,15.9600,15.9600,,,,,422,425,422,425,423119026,422000000,425000000,422000000,425000000,423119026
2011-02-16,15.9200,15.9200,,,,,422,425,422,425,423119026,422000000,425000000,422000000,425000000,423119026
2011-02-17,15.9100,15.9100,,,,,422,425,422,425,423119026,422000000,425000000,422000000,425000000,423119026
2011-02-18,15.9000,15.9000,,,,,422,425,422,425,423119026,422000000,425000000,422000000,425000000,423119026
2011-02-22,15.7800,15.7800,,,,,422,425,422,425,423119026,422000000,425000000,422000000,425000000,423119026
2011-02-23,15.5400,15.5400,,,,,422,425,422,425,423119026,422000000,425000000,422000000,425000000,423119026
2011-02-24,15.4700,15.4700,,,,,422,425,422,425,423119026,422000000,425000000,422000000,425000000,423119026
2011-02-25,15.6800,15.6800,,,,,422,425,422,425,423119026,422000000,425000000,422000000,425000000,423119026
2011-02-28,15.8600,15.8600,,,,,422,425,422,425,423119026,422000000,425000000,422000000,425000000,423119026
2011-03-01,15.6400,15.6400,,,,,422,425,422,425,423119026,422000000,425000000,422000000,425000000,423119026
2011-03-02,15.7600,15.7600,,,,,422,425,422,425,423119026,422000000,425000000,422000000,425000000,423119026
2011-03-03,15.9200,15.9200,,,,,422,425,422,425,423119026,422000000,425000000,422000000,425000000,423119026
2011-03-04,15.8800,15.8800,,,,,422,425,422,425,423119026,422000000,425000000,422000000,425000000,423119026
2011-03-07,15.8200,15.8200,,,,,422,425,422,425,423119026,422000000,425000000,422000000,425000000,423119026
2011-03-08,16.1000,16.1000,,,,,422,425,422,425,423119026,422000000,425000000,422000000,425000000,423119026
2011-03-09,16.2400,16.2400,,,,,422,425,422,425,423119026,422000000,425000000,422000000,425000000,423119026
2011-03-10,16.0200,16.0200,,,,,422,425,422,425,423119026,422000000,425000000,422000000,425000000,423119026
2011-03-11,16.1000,16.1000,,,,,422,425,422,425,423119026,422000000,425000000,422000000,425000000,423119026
2011-03-14,15.7500,15.7500,,,,,422,425,422,425,423119026,422000000,425000000,422000000,425000000,423119026
2011-03-15,15.5800,15.5800,,,,,422,425,422,425,423119026,422000000,425000000,422000000,425000000,423119026
2011-03-16,15.3200,15.3200,,,,,422,425,422,425,423119026,422000000,425000000,422000000,425000000,423119026
2011-03-17,15.2000,15.2000,,,,,422,425,422,425,423119026,422000000,425000000,422000000,425000000,423119026
2011-03-18,16.6700,16.6700,,,,,422,425,422,425,423119026,422000000,425000000,422000000,425000000,423119026
2011-03-21,17.1000,17.1000,,,,,422,425,422,425,423119026,422000000,425000000,422000000,425000000,423119026
2011-03-22,16.8900,16.8900,,,,,422,425,422,425,423119026,422000000,425000000,422000000,425000000,423119026
2011-03-23,16.9600,16.9600,,,,,422,425,422,425,423119026,422000000,425000000,422000000,425000000,423119026
2011-03-24,17.1700,17.1700,,,,,422,425,422,425,423119026,422000000,425000000,422000000,425000000,423119026
2011-03-25,17.1300,17.1300,,,,,422,425,422,425,423119026,422000000,425000000,422000000,425000000,423119026
2011-03-28,17.1700,17.1700,,,,,422,425,422,425,423119026,422000000,425000000,422000000,425000000,423119026
2011-03-29,17.2900,17.2900,,,,,422,425,422,425,423119026,422000000,425000000,422000000,425000000,423119026
2011-03-30,17.6800,17.6800,,,424849672.96060790,7511342217.943547672000,409721000,412776000,409721000,412776000,424849673,409721000,412776000,409721000,412776000,424849673
2011-03-31,17.5600,17.5600,,,424849672.97107387,7460360257.372057157200,409721000,412776000,409721000,412776000,424849673,409721000,412776000,409721000,412776000,424849673
2011-04-01,17.7500,17.7500,,,424849672.99374370,7541081695.638950675000,409721000,412776000,409721000,412776000,424849673,409721000,412776000,409721000,412776000,424849673
2011-04-04,17.9100,17.9100,,,424849673.04564154,7609057644.247439981400,409721000,412776000,409721000,412776000,424849673,409721000,412776000,409721000,412776000,424849673
2011-04-05,17.6800,17.6800,,,424849672.96060790,7511342217.943547672000,409721000,412776000,409721000,412776000,424849673,409721000,412776000,409721000,412776000,424849673
2011-04-06,17.7100,17.7100,,,424849673.03058743,7524087709.371703385300,409721000,412776000,409721000,412776000,424849673,409721000,412776000,409721000,412776000,424849673
2011-04-07,17.4900,17.4900,,,424849673.03226566,7430620781.334326393400,409721000,412776000,409721000,412776000,424849673,409721000,412776000,409721000,412776000,424849673
2011-04-08,17.5000,17.5000,,,424849673.02212167,7434869277.887129225000,409721000,412776000,409721000,412776000,424849673,409721000,412776000,409721000,412776000,424849673
2011-04-11,17.3200,17.3200,,,424849672.98920520,7358396336.173034064000,409721000,412776000,409721000,412776000,424849673,409721000,412776000,409721000,412776000,424849673
2011-04-12,17.2300,17.2300,,,424849672.97248910,7320159865.315987193000,409721000,412776000,409721000,412776000,424849673,409721000,412776000,409721000,412776000,424849673
2011-04-13,17.3200,17.3200,,,424849672.98920520,7358396336.173034064000,409721000,412776000,409721000,412776000,424849673,409721000,412776000,409721000,412776000,424849673
2011-04-14,17.6400,17.6400,,,424849672.99434590,7494348231.620261676000,409721000,412776000,409721000,412776000,424849673,409721000,412776000,409721000,412776000,424849673
2011-04-15,17.8800,17.8800,,,424849672.97647000,7596312152.819283600000,409721000,412776000,409721000,412776000,424849673,409721000,412776000,409721000,412776000,424849673
2011-04-18,17.8200,17.8200,,,424849673.02976390,7570821173.390392698000,409721000,412776000,409721000,412776000,424849673,409721000,412776000,409721000,412776000,424849673
2011-04-19,17.8100,17.8100,,,424849673.03658370,7566572676.781555697000,409721000,412776000,409721000,412776000,424849673,409721000,412776000,409721000,412776000,424849673
2011-04-20,18.1100,18.1100,,,424849672.96573520,7694027577.409464472000,409721000,412776000,409721000,412776000,424849673,409721000,412776000,409721000,412776000,424849673
2011-04-21,18.2800,18.2800,,,424849673.00715300,7766252022.570756840000,409721000,412776000,409721000,412776000,424849673,409721000,412776000,409721000,412776000,424849673
2011-04-22,18.2800,18.2800,,,424849673.00715300,7766252022.570756840000,409721000,412776000,409721000,412776000,424849673,409721000,412776000,409721000,412776000,424849673
2011-04-25,18.2600,18.2600,,,424849673.02350026,7757755029.409114747600,409721000,412776000,409721000,412776000,424849673,409721000,412776000,409721000,412776000,424849673
2011-04-26,18.2700,18.2700,,,424849673.01685570,7762003526.017953639000,409721000,412776000,409721000,412776000,424849673,409721000,412776000,409721000,412776000,424849673
2011-04-27,18.3400,18.3400,,,424849672.95526963,7791743001.999645014200,409721000,412776000,409721000,412776000,424849673,409721000,412776000,409721000,412776000,424849673
2011-04-28,18.4600,18.4600,,,424849673.03818270,7842724964.284852642000,409721000,412776000,409721000,412776000,424849673,409721000,412776000,409721000,412776000,424849673
2011-04-29,18.6000,18.6000,,,424849673.01171960,7902203918.017984560000,409721000,412776000,409721000,412776000,424849673,409721000,412776000,409721000,412776000,424849673
2011-05-02,18.5900,18.5900,,,424849673.02125780,7897955421.465182502000,409721000,412776000,409721000,412776000,424849673,409721000,412776000,409721000,412776000,424849673
2011-05-03,18.6500,18.6500,,,424849672.97019154,7923446400.894072221000,409721000,412776000,409721000,412776000,424849673,409721000,412776000,409721000,412776000,424849673
2011-05-04,18.4900,18.4900,,,424849673.01240104,7855470453.999295229600,409721000,412776000,409721000,412776000,424849673,409721000,412776000,409721000,412776000,424849673
2011-05-05,18.4900,18.4900,,,425410779.00532000,7865845303.808366800000,425018000,427415000,425018000,427415000,425410779,425018000,427415000,425018000,427415000,425410779
2011-05-06,18.7200,18.7200,,,425410778.95565563,7963689782.049873393600,425018000,427415000,425018000,427415000,425410779,425018000,427415000,425018000,427415000,425410779
2011-05-09,18.9100,18.9100,,,425410779.01128280,8044517831.103357748000,425018000,427415000,425018000,427415000,425410779,425018000,427415000,425018000,427415000,425410779
2011-05-10,19.2600,19.2600,,,425410779.00468916,8193411603.630313221600,425018000,427415000,425018000,427415000,425410779,425018000,427415000,425018000,427415000,425410779
2011-05-11,19.1100,19.1100,,,425410779.01929840,8129599987.058792424000,425018000,427415000,425018000,427415000,425410779,425018000,427415000,425018000,427415000,425410779
2011-05-12,18.9000,18.9000,,,425410778.99119700,8040263722.933623300000,425018000,427415000,425018000,427415000,425410779,425018000,427415000,425018000,427415000,425410779
2011-05-13,18.7300,18.7300,,,425410779.00322360,7967943890.730378028000,425018000,427415000,425018000,427415000,425410779,425018000,427415000,425018000,427415000,425410779
2011-05-16,18.6900,18.6900,,,425410779.03811250,7950927460.222322625000,425018000,427415000,425018000,427415000,425410779,425018000,427415000,425018000,427415000,425410779
2011-05-17,18.6300,18.6300,,,425410778.99259880,7925402812.632115644000,425018000,427415000,425018000,427415000,425410779,425018000,427415000,425018000,427415000,425410779
2011-05-18,18.9800,18.9800,,,425410779.01885440,8074296585.777856512000,425018000,427415000,425018000,427415000,425410779,425018000,427415000,425018000,427415000,425410779
2011-05-19,19.0000,19.0000,,,425410779.00167817,8082804801.031885230000,425018000,427415000,425018000,427415000,425410779,425018000,427415000,425018000,427415000,425410779
2011-05-20,18.9600,18.9600,,,425410779.03606700,8065788370.523830320000,425018000,427415000,425018000,427415000,425410779,425018000,427415000,425018000,427415000,425410779
2011-05-23,18.7300,18.7300,,,425410779.00322360,7967943890.730378028000,425018000,427415000,425018000,427415000,425410779,425018000,427415000,425018000,427415000,425410779
2011-05-24,18.7500,18.7500,,,425410778.98583496,7976452105.984405500000,425018000,427415000,425018000,427415000,425410779,425018000,427415000,425018000,427415000,425410779
2011-05-25,18.9700,18.9700,,,425410778.98275380,8070042477.302839586000,425018000,427415000,425018000,427415000,425410779,425018000,427415000,425018000,427415000,425410779
2011-05-26,19.0200,19.0200,,,425410778.98453796,8091313016.285911999200,425018000,427415000,425018000,427415000,425410779,425018000,427415000,425018000,427415000,425410779
2011-05-27,19.0800,19.0800,,,425410779.02222220,8116837663.743999576000,425018000,427415000,425018000,427415000,425410779,425018000,427415000,425018000,427415000,425410779
2011-05-31,19.3300,19.3300,,,425410779.03732430,8223190358.791478719000,425018000,427415000,425018000,427415000,425410779,425018000,427415000,425018000,427415000,425410779
2011-06-01,19.2400,19.2400,,,425410778.98151493,8184903387.604347253200,425018000,427415000,425018000,427415000,425410779,425018000,427415000,425018000,427415000,425410779
2011-06-02,19.3500,19.3500,,,425410779.02043960,8231698574.045506260000,425018000,427415000,425018000,427415000,425410779,425018000,427415000,425018000,427415000,425410779
2011-06-03,19.0900,19.0900,,,425410778.96925170,8121091770.523014953000,425018000,427415000,425018000,427415000,425410779,425018000,427415000,425018000,427415000,425410779
2011-06-06,19.0900,19.0900,,,425410778.96925170,8121091770.523014953000,425018000,427415000,425018000,427415000,425410779,425018000,427415000,425018000,427415000,425410779
2011-06-07,19.0900,19.0900,,,425410778.96925170,8121091770.523014953000,425018000,427415000,425018000,427415000,425410779,425018000,427415000,425018000,427415000,425410779
2011-06-08,18.9000,18.9000,,,425410778.99119700,8040263722.933623300000,425018000,427415000,425018000,427415000,425410779,425018000,427415000,425018000,427415000,425410779
2011-06-09,18.8200,18.8200,,,425410778.97032450,8006230860.221507090000,425018000,427415000,425018000,427415000,425410779,425018000,427415000,425018000,427415000,425410779
2011-06-10,18.8600,18.8600,,,425410779.02574570,8023247292.425563902000,425018000,427415000,425018000,427415000,425410779,425018000,427415000,425018000,427415000,425410779
2011-06-13,18.7200,18.7200,,,425410778.96663254,7963689782.255361148800,425018000,427415000,425018000,427415000,425410779,425018000,427415000,425018000,427415000,425410779
2011-06-14,18.8400,18.8400,,,425410779.04307514,8014739077.171535637600,425018000,427415000,425018000,427415000,425410779,425018000,427415000,425018000,427415000,425410779
2011-06-15,18.4900,18.4900,,,425410779.02422464,7865845304.157913593600,425018000,427415000,425018000,427415000,425410779,425018000,427415000,425018000,427415000,425410779
2011-06-16,18.6600,18.6600,,,425410779.01893240,7938165136.493278584000,425018000,427415000,425018000,427415000,425410779,425018000,427415000,425018000,427415000,425410779
2011-06-17,18.7400,18.7400,,,425410779.03977555,7972197999.205393807000,425018000,427415000,425018000,427415000,425410779,425018000,427415000,425018000,427415000,425410779
2011-06-20,18.8300,18.8300,,,425410779.00671910,8010484968.696520653000,425018000,427415000,425018000,427415000,425410779,425018000,427415000,425018000,427415000,425410779
2011-06-21,19.0000,19.0000,,,425410779.00167817,8082804801.031885230000,425018000,427415000,425018000,427415000,425410779,425018000,427415000,425018000,427415000,425410779
2011-06-22,19.0200,19.0200,,,425410778.98453796,8091313016.285911999200,425018000,427415000,425018000,427415000,425410779,425018000,427415000,425018000,427415000,425410779
2011-06-23,18.7600,18.7600,,,425410779.02235730,7980706214.459422948000,425018000,427415000,425018000,427415000,425410779,425018000,427415000,425018000,427415000,425410779
2011-06-24,18.9500,18.9500,,,425410778.99993736,8061534262.048812972000,425018000,427415000,425018000,427415000,425410779,425018000,427415000,425018000,427415000,425410779
2011-06-27,19.1200,19.1200,,,425410778.98807836,8133854094.252058243200,425018000,427415000,425018000,427415000,425410779,425018000,427415000,425018000,427415000,425410779
2011-06-28,19.2400,19.2400,,,425410778.98151493,8184903387.604347253200,425018000,427415000,425018000,427415000,425410779,425018000,427415000,425018000,427415000,425410779
2011-06-29,19.3400,19.3400,,,425410778.98503065,8227444465.570492771000,425018000,427415000,425018000,427415000,425410779,425018000,427415000,425018000,427415000,425410779
2011-06-30,19.3500,19.3500,,,425410779.02043960,8231698574.045506260000,425018000,427415000,425018000,427415000,425410779,425018000,427415000,425018000,427415000,425410779
2011-07-01,19.7900,19.7900,,,425410779.01376340,8418879316.682377686000,425018000,427415000,425018000,427415000,425410779,425018000,427415000,425018000,427415000,425410779
2011-07-05,19.7500,19.7500,,,425410778.96092740,8401862884.478316150000,425018000,427415000,425018000,427415000,425410779,425018000,427415000,425018000,427415000,425410779
2011-07-06,19.8100,19.8100,,,425410778.99729460,8427387531.936406026000,425018000,427415000,425018000,427415000,425410779,425018000,427415000,425018000,427415000,425410779
2011-07-07,19.8000,19.8000,,,425410778.96269650,8423133423.461390700000,425018000,427415000,425018000,427415000,425410779,425018000,427415000,425018000,427415000,425410779
2011-07-08,19.7500,19.7500,,,425410778.96092740,8401862884.478316150000,425018000,427415000,425018000,427415000,425410779,425018000,427415000,425018000,427415000,425410779
2011-07-11,19.2900,19.2900,,,425410778.98327740,8206173926.587421046000,425018000,427415000,425018000,427415000,425410779,425018000,427415000,425018000,427415000,425410779
2011-07-12,19.4500,19.4500,,,425410779.03052820,8274239652.143773490000,425018000,427415000,425018000,427415000,425410779,425018000,427415000,425018000,427415000,425410779
2011-07-13,19.4000,19.4000,,,425410779.02209160,8252969113.028577040000,425018000,427415000,425018000,427415000,425410779,425018000,427415000,425018000,427415000,425410779
2011-07-14,19.3100,19.3100,,,425410778.96641374,8214682141.841449319400,425018000,427415000,425018000,427415000,425410779,425018000,427415000,425018000,427415000,425410779
2011-07-15,19.3900,19.3900,,,425410778.98677486,8248715004.553564535400,425018000,427415000,425018000,427415000,425410779,425018000,427415000,425018000,427415000,425410779
2011-07-18,19.4000,19.4000,,,425410779.02209160,8252969113.028577040000,425018000,427415000,425018000,427415000,425410779,425018000,427415000,425018000,427415000,425410779
2011-07-19,19.7100,19.7100,,,425410778.99392503,8384846453.970262341300,425018000,427415000,425018000,427415000,425410779,425018000,427415000,425018000,427415000,425410779
2011-07-20,20.1200,20.1200,,,425410778.96351740,8559264872.745970088000,425018000,427415000,425018000,427415000,425410779,425018000,427415000,425018000,427415000,425410779
2011-07-21,20.2800,20.2800,,,425410779.00899017,8627330598.302320647600,425018000,427415000,425018000,427415000,425410779,425018000,427415000,425018000,427415000,425410779
2011-07-22,20.2600,20.2600,,,425410779.02508850,8618822383.048293010000,425018000,427415000,425018000,427415000,425410779,425018000,427415000,425018000,427415000,425410779
2011-07-25,20.1000,20.1000,,,425410778.97969860,8550756657.491941860000,425018000,427415000,425018000,427415000,425410779,425018000,427415000,425018000,427415000,425410779
2011-07-26,20.0500,20.0500,,,425410778.97799850,8529486118.508869925000,425018000,427415000,425018000,427415000,425410779,425018000,427415000,425018000,427415000,425410779
2011-07-27,20.0500,20.0500,,,425410778.97799850,8529486118.508869925000,425018000,427415000,425018000,427415000,425410779,425018000,427415000,425018000,427415000,425410779
2011-07-28,19.7900,19.7900,,,425410779.01376340,8418879316.682377686000,425018000,427415000,425018000,427415000,425410779,425018000,427415000,425018000,427415000,425410779
2011-07-29,19.5800,19.5800,,,425410778.96542170,8329543052.142956886000,425018000,427415000,425018000,427415000,425410779,425018000,427415000,425018000,427415000,425410779
2011-08-01,19.5600,19.5600,,,425410778.98205155,8321034836.888928318000,425018000,427415000,425018000,427415000,425410779,425018000,427415000,425018000,427415000,425410779
2011-08-02,19.2900,19.2900,,,425410778.98327740,8206173926.587421046000,425018000,427415000,425018000,427415000,425410779,425018000,427415000,425018000,427415000,425410779
2011-08-03,19.3200,19.3200,,,425410779.00188730,8218936250.316462636000,425018000,427415000,425018000,427415000,425410779,425018000,427415000,425018000,427415000,425410779
2011-08-04,18.4500,18.4500,,,425856293.97435310,7857048623.826814695000,425638000,428284000,425638000,428284000,425856294,425638000,428284000,425638000,428284000,425856294
2011-08-05,18.5400,18.5400,,,425856293.95513920,7895375689.928280768000,425638000,428284000,425638000,428284000,425856294,425638000,428284000,425638000,428284000,425856294
2011-08-08,17.2400,17.2400,,,425856293.98628640,7341762508.323577536000,425638000,428284000,425638000,428284000,425856294,425638000,428284000,425638000,428284000,425856294
2011-08-09,18.3500,18.3500,,,425856294.04044515,7814462995.642168502500,425638000,428284000,425638000,428284000,425856294,425638000,428284000,425638000,428284000,425856294
2011-08-10,18.2300,18.2300,,,425856294.00491220,7763360239.709549406000,425638000,428284000,425638000,428284000,425856294,425638000,428284000,425638000,428284000,425856294
2011-08-11,19.1300,19.1300,,,425856293.98466240,8146630903.926591712000,425638000,428284000,425638000,428284000,425856294,425638000,428284000,425638000,428284000,425856294
2011-08-12,18.7000,18.7000,,,425856294.01574380,7963512698.094409060000,425638000,428284000,425638000,428284000,425856294,425638000,428284000,425638000,428284000,425856294
2011-08-15,19.5400,19.5400,,,425856294.00243956,8321231984.807669002400,425638000,428284000,425638000,428284000,425856294,425638000,428284000,425638000,428284000,425856294
2011-08-16,19.3500,19.3500,,,425856293.95742613,8240319288.076195615500,425638000,428284000,425638000,428284000,425856294,425638000,428284000,425638000,428284000,425856294
2011-08-17,19.4400,19.4400,,,425856294.01302046,8278646355.613117742400,425638000,428284000,425638000,428284000,425856294,425638000,428284000,425638000,428284000,425856294
2011-08-18,18.8500,18.8500,,,425856294.04379225,8027391142.725483912500,425638000,428284000,425638000,428284000,425856294,425638000,428284000,425638000,428284000,425856294
2011-08-19,18.7300,18.7300,,,425856293.95633940,7976288385.802236962000,425638000,428284000,425638000,428284000,425856294,425638000,428284000,425638000,428284000,425856294
2011-08-22,18.6600,18.6600,,,425856293.99753530,7946478445.994008698000,425638000,428284000,425638000,428284000,425856294,425638000,428284000,425638000,428284000,425856294
2011-08-23,19.2100,19.2100,,,425856294.03746676,8180699408.459736459600,425638000,428284000,425638000,428284000,425856294,425638000,428284000,425638000,428284000,425856294
2011-08-24,19.5700,19.5700,,,425856294.03137410,8334007674.193991137000,425638000,428284000,425638000,428284000,425856294,425638000,428284000,425638000,428284000,425856294
2011-08-25,19.2400,19.2400,,,425856293.97960340,8193475096.167569416000,425638000,428284000,425638000,428284000,425856294,425638000,428284000,425638000,428284000,425856294
2011-08-26,19.5500,19.5500,,,425856294.02270037,8325490548.143792233500,425638000,428284000,425638000,428284000,425856294,425638000,428284000,425638000,428284000,425856294
2011-08-29,19.8300,19.8300,,,425856294.03599060,8444730310.733693598000,425638000,428284000,425638000,428284000,425856294,425638000,428284000,425638000,428284000,425856294
2011-08-30,19.8800,19.8800,,,425856293.98851740,8466023124.491725912000,425638000,428284000,425638000,428284000,425856294,425638000,428284000,425638000,428284000,425856294
2011-08-31,20.0100,20.0100,,,425856293.97553980,8521384442.450551398000,425638000,428284000,425638000,428284000,425856294,425638000,428284000,425638000,428284000,425856294
2011-09-01,19.7900,19.7900,,,425856293.98743033,8427696058.011246230700,425638000,428284000,425638000,428284000,425856294,425638000,428284000,425638000,428284000,425856294
2011-09-02,19.4500,19.4500,,,425856294.03338000,8282904918.949241000000,425638000,428284000,425638000,428284000,425856294,425638000,428284000,425638000,428284000,425856294
2011-09-06,19.2300,19.2300,,,425856293.95899343,8189216532.831443658900,425638000,428284000,425638000,428284000,425856294,425638000,428284000,425638000,428284000,425856294
2011-09-07,19.6100,19.6100,,,425856293.96307486,8351041924.615898004600,425638000,428284000,425638000,428284000,425856294,425638000,428284000,425638000,428284000,425856294
2011-09-08,20.0100,20.0100,,,425856293.97553980,8521384442.450551398000,425638000,428284000,425638000,428284000,425856294,425638000,428284000,425638000,428284000,425856294
2011-09-09,19.5200,19.5200,,,425856293.99372286,8312714858.757470227200,425638000,428284000,425638000,428284000,425856294,425638000,428284000,425638000,428284000,425856294
2011-09-12,19.5400,19.5400,,,425856294.00243956,8321231984.807669002400,425638000,428284000,425638000,428284000,425856294,425638000,428284000,425638000,428284000,425856294
2011-09-13,19.8300,19.8300,,,425856294.03599060,8444730310.733693598000,425638000,428284000,425638000,428284000,425856294,425638000,428284000,425638000,428284000,425856294
2011-09-14,19.9100,19.9100,,,425856293.98573570,8478798813.255997787000,425638000,428284000,425638000,428284000,425856294,425638000,428284000,425638000,428284000,425856294
2011-09-15,19.8800,19.8800,,,425856293.98851740,8466023124.491725912000,425638000,428284000,425638000,428284000,425856294,425638000,428284000,425638000,428284000,425856294
2011-09-16,19.9300,19.9300,,,425856293.99428993,8487315939.306198304900,425638000,428284000,425638000,428284000,425856294,425638000,428284000,425638000,428284000,425856294
2011-09-19,19.9700,19.9700,,,425856293.95844537,8504350190.350154038900,425638000,428284000,425638000,428284000,425856294,425638000,428284000,425638000,428284000,425856294
2011-09-20,20.1300,20.1300,,,425856293.97393453,8572487197.695302088900,425638000,428284000,425638000,428284000,425856294,425638000,428284000,425638000,428284000,425856294
2011-09-21,19.3600,19.3600,,,425856293.97790915,8244577851.412321144000,425638000,428284000,425638000,428284000,425856294,425638000,428284000,425638000,428284000,425856294
2011-09-22,18.7100,18.7100,,,425856294.03690710,7967771261.430531841000,425638000,428284000,425638000,428284000,425856294,425638000,428284000,425638000,428284000,425856294
2011-09-23,18.9700,18.9700,,,425856294.04165710,8078493897.970235187000,425638000,428284000,425638000,428284000,425856294,425638000,428284000,425638000,428284000,425856294
2011-09-26,19.2400,19.2400,,,425856293.97960340,8193475096.167569416000,425638000,428284000,425638000,428284000,425856294,425638000,428284000,425638000,428284000,425856294
2011-09-27,19.2300,19.2300,,,425856293.95899343,8189216532.831443658900,425638000,428284000,425638000,428284000,425856294,425638000,428284000,425638000,428284000,425856294
2011-09-28,19.1200,19.1200,,,425856293.98131895,8142372340.922818324000,425638000,428284000,425638000,428284000,425856294,425638000,428284000,425638000,428284000,425856294
2011-09-29,19.9600,19.9600,,,425856294.02267146,8500091628.692522341600,425638000,428284000,425638000,428284000,425856294,425638000,428284000,425638000,428284000,425856294
2011-09-30,19.6200,19.6200,,,425856293.98328360,8355300487.952024232000,425638000,428284000,425638000,428284000,425856294,425638000,428284000,425638000,428284000,425856294
2011-10-03,19.1800,19.1800,,,425856294.00799870,8167923719.073415066000,425638000,428284000,425638000,428284000,425856294,425638000,428284000,425638000,428284000,425856294
2011-10-04,19.5700,19.5700,,,425856294.03137410,8334007674.193991137000,425638000,428284000,425638000,428284000,425856294,425638000,428284000,425638000,428284000,425856294
2011-10-05,19.7100,19.7100,,,425856294.03799810,8393627555.488942551000,425638000,428284000,425638000,428284000,425856294,425638000,428284000,425638000,428284000,425856294
2011-10-06,20.1300,20.1300,,,425856293.97393453,8572487197.695302088900,425638000,428284000,425638000,428284000,425856294,425638000,428284000,425638000,428284000,425856294
2011-10-07,19.9300,19.9300,,,425856293.99428993,8487315939.306198304900,425638000,428284000,425638000,428284000,425856294,425638000,428284000,425638000,428284000,425856294
2011-10-10,20.5000,20.5000,,,425856294.04010380,8730054027.822127900000,425638000,428284000,425638000,428284000,425856294,425638000,428284000,425638000,428284000,425856294
2011-10-11,20.0500,20.0500,,,425856293.99256605,8538418694.550949302500,425638000,428284000,425638000,428284000,425856294,425638000,428284000,425638000,428284000,425856294
2011-10-12,19.8800,19.8800,,,425856293.98851740,8466023124.491725912000,425638000,428284000,425638000,428284000,425856294,425638000,428284000,425638000,428284000,425856294
2011-10-13,20.0700,20.0700,,,425856294.03204760,8546935821.223195332000,425638000,428284000,425638000,428284000,425856294,425638000,428284000,425638000,428284000,425856294
2011-10-14,20.3500,20.3500,,,425856293.96238863,8666175582.134608620500,425638000,428284000,425638000,428284000,425856294,425638000,428284000,425638000,428284000,425856294
2011-10-17,20.5100,20.5100,,,425856293.97756004,8734312589.479756420400,425638000,428284000,425638000,428284000,425856294,425638000,428284000,425638000,428284000,425856294
2011-10-18,20.7300,20.7300,,,425856293.96618730,8828000973.919062729000,425638000,428284000,425638000,428284000,425856294,425638000,428284000,425638000,428284000,425856294
2011-10-19,20.6700,20.6700,,,425856293.99249667,8802449596.824906168900,425638000,428284000,425638000,428284000,425856294,425638000,428284000,425638000,428284000,425856294
2011-10-20,20.9400,20.9400,,,425856294.01627190,8917430796.700733586000,425638000,428284000,425638000,428284000,425856294,425638000,428284000,425638000,428284000,425856294
2011-10-21,21.2300,21.2300,,,425856293.96835935,9040929120.948269000500,425638000,428284000,425638000,428284000,425856294,425638000,428284000,425638000,428284000,425856294
2011-10-24,21.2500,21.2500,,,425856293.97639847,9049446246.998467487500,425638000,428284000,425638000,428284000,425856294,425638000,428284000,425638000,428284000,425856294
2011-10-25,20.9100,20.9100,,,425856293.98921144,8904655107.314411210400,425638000,428284000,425638000,428284000,425856294,425638000,428284000,425638000,428284000,425856294
2011-10-26,21.0200,21.0200,,,425856293.96874577,8951499299.223036085400,425638000,428284000,425638000,428284000,425856294,425638000,428284000,425638000,428284000,425856294
2011-10-27,21.2500,21.2500,,,425856293.97639847,9049446246.998467487500,425638000,428284000,425638000,428284000,425856294,425638000,428284000,425638000,428284000,425856294
2011-10-28,21.2900,21.2900,,,425856293.99243146,9066480499.098865783400,425638000,428284000,425638000,428284000,425856294,425638000,428284000,425638000,428284000,425856294
2011-10-31,20.8400,20.8400,,,425856294.02620830,8874845167.506180972000,425638000,428284000,425638000,428284000,425856294,425638000,428284000,425638000,428284000,425856294
2011-11-01,20.2300,20.2300,,,425856293.96390790,8615072826.889856817000,425638000,428284000,425638000,428284000,425856294,425638000,428284000,425638000,428284000,425856294
2011-11-02,20.0800,20.0800,,,,,425885000,428842000,425885000,428842000,425932721000,425885000,428842000,425885000,428842000,425932721
2011-11-03,20.3000,20.3000,,,,,425885000,428842000,425885000,428842000,425932721000,425885000,428842000,425885000,428842000,425932721
2011-11-04,20.3100,20.3100,,,,,425885000,428842000,425885000,428842000,425932721000,425885000,428842000,425885000,428842000,425932721
2011-11-07,20.3500,20.3500,,,,,425885000,428842000,425885000,428842000,425932721000,425885000,428842000,425885000,428842000,425932721
2011-11-08,20.1700,20.1700,,,,,425885000,428842000,425885000,428842000,425932721000,425885000,428842000,425885000,428842000,425932721
2011-11-09,19.5800,19.5800,,,,,425885000,428842000,425885000,428842000,425932721000,425885000,428842000,425885000,428842000,425932721
2011-11-10,19.5500,19.5500,,,,,425885000,428842000,425885000,428842000,425932721000,425885000,428842000,425885000,428842000,425932721
2011-11-11,19.8000,19.8000,,,,,425885000,428842000,425885000,428842000,425932721000,425885000,428842000,425885000,428842000,425932721
2011-11-14,19.2500,19.2500,,,,,425885000,428842000,425885000,428842000,425932721000,425885000,428842000,425885000,428842000,425932721
2011-11-15,19.6000,19.6000,,,,,425885000,428842000,425885000,428842000,425932721000,425885000,428842000,425885000,428842000,425932721
2011-11-16,19.2700,19.2700,,,,,425885000,428842000,425885000,428842000,425932721000,425885000,428842000,425885000,428842000,425932721
2011-11-17,19.3600,19.3600,,,,,425885000,428842000,425885000,428842000,425932721000,425885000,428842000,425885000,428842000,425932721
2011-11-18,19.3600,19.3600,,,,,425885000,428842000,425885000,428842000,425932721000,425885000,428842000,425885000,428842000,425932721
2011-11-21,19.0100,19.0100,,,,,425885000,428842000,425885000,428842000,425932721000,425885000,428842000,425885000,428842000,425932721
2011-11-22,18.9000,18.9000,,,,,425885000,428842000,425885000,428842000,425932721000,425885000,428842000,425885000,428842000,425932721
2011-11-23,18.6800,18.6800,,,,,425885000,428842000,425885000,428842000,425932721000,425885000,428842000,425885000,428842000,425932721
2011-11-25,18.5900,18.5900,,,,,425885000,428842000,425885000,428842000,425932721000,425885000,428842000,425885000,428842000,425932721
2011-11-28,18.9700,18.9700,,,,,425885000,428842000,425885000,428842000,425932721000,425885000,428842000,425885000,428842000,425932721
2011-11-29,19.2200,19.2200,,,,,425885000,428842000,425885000,428842000,425932721000,425885000,428842000,425885000,428842000,425932721
2011-11-30,19.9000,19.9000,,,,,425885000,428842000,425885000,428842000,425932721000,425885000,428842000,425885000,428842000,425932721
2011-12-01,19.8000,19.8000,,,,,425885000,428842000,425885000,428842000,425932721000,425885000,428842000,425885000,428842000,425932721
2011-12-02,19.6300,19.6300,,,,,425885000,428842000,425885000,428842000,425932721000,425885000,428842000,425885000,428842000,425932721
2011-12-05,19.7900,19.7900,,,,,425885000,428842000,425885000,428842000,425932721000,425885000,428842000,425885000,428842000,425932721
2011-12-06,19.6800,19.6800,,,,,425885000,428842000,425885000,428842000,425932721000,425885000,428842000,425885000,428842000,425932721
2011-12-07,19.8000,19.8000,,,,,425885000,428842000,425885000,428842000,425932721000,425885000,428842000,425885000,428842000,425932721
2011-12-08,19.4200,19.4200,,,,,425885000,428842000,425885000,428842000,425932721000,425885000,428842000,425885000,428842000,425932721
2011-12-09,19.8300,19.8300,,,,,425885000,428842000,425885000,428842000,425932721000,425885000,428842000,425885000,428842000,425932721
2011-12-12,19.4400,19.4400,,,,,425885000,428842000,425885000,428842000,425932721000,425885000,428842000,425885000,428842000,425932721
2011-12-13,19.2000,19.2000,,,,,425885000,428842000,425885000,428842000,425932721000,425885000,428842000,425885000,428842000,425932721
2011-12-14,18.7600,18.7600,,,,,425885000,428842000,425885000,428842000,425932721000,425885000,428842000,425885000,428842000,425932721
2011-12-15,19.1000,19.1000,,,,,425885000,428842000,425885000,428842000,425932721000,425885000,428842000,425885000,428842000,425932721
2011-12-16,19.2200,19.2200,,,,,425885000,428842000,425885000,428842000,425932721000,425885000,428842000,425885000,428842000,425932721
2011-12-19,19.1000,19.1000,,,,,425885000,428842000,425885000,428842000,425932721000,425885000,428842000,425885000,428842000,425932721
2011-12-20,19.5200,19.5200,,,,,425885000,428842000,425885000,428842000,425932721000,425885000,428842000,425885000,428842000,425932721
2011-12-21,19.7600,19.7600,,,,,425885000,428842000,425885000,428842000,425932721000,425885000,428842000,425885000,428842000,425932721
2011-12-22,19.9200,19.9200,,,,,425885000,428842000,425885000,428842000,425932721000,425885000,428842000,425885000,428842000,425932721
2011-12-23,20.2200,20.2200,,,,,425885000,428842000,425885000,428842000,425932721000,425885000,428842000,425885000,428842000,425932721
2011-12-27,20.3100,20.3100,,,,,425885000,428842000,425885000,428842000,425932721000,425885000,428842000,425885000,428842000,425932721
2011-12-28,20.1700,20.1700,,,,,425885000,428842000,425885000,428842000,425932721000,425885000,428842000,425885000,428842000,425932721
2011-12-29,20.2300,20.2300,,,,,425885000,428842000,425885000,428842000,425932721000,425885000,428842000,425885000,428842000,425932721
2011-12-30,20.0900,20.0900,,,,,425885000,428842000,425885000,428842000,425932721000,425885000,428842000,425885000,428842000,425932721
2012-01-03,19.8900,19.8900,,,,,425885000,428842000,425885000,428842000,425932721000,425885000,428842000,425885000,428842000,425932721
2012-01-04,19.7900,19.7900,,,,,425885000,428842000,425885000,428842000,425932721000,425885000,428842000,425885000,428842000,425932721
2012-01-05,19.8000,19.8000,,,,,425885000,428842000,425885000,428842000,425932721000,425885000,428842000,425885000,428842000,425932721
2012-01-06,19.5400,19.5400,,,,,425885000,428842000,425885000,428842000,425932721000,425885000,428842000,425885000,428842000,425932721
2012-01-09,19.7000,19.7000,,,,,425885000,428842000,425885000,428842000,425932721000,425885000,428842000,425885000,428842000,425932721
2012-01-10,19.5500,19.5500,,,,,425885000,428842000,425885000,428842000,425932721000,425885000,428842000,425885000,428842000,425932721
2012-01-11,19.3200,19.3200,,,,,425885000,428842000,425885000,428842000,425932721000,425885000,428842000,425885000,428842000,425932721
2012-01-12,19.1600,19.1600,,,,,425885000,428842000,425885000,428842000,425932721000,425885000,428842000,425885000,428842000,425932721
2012-01-13,19.0900,19.0900,,,,,425885000,428842000,425885000,428842000,425932721000,425885000,428842000,425885000,428842000,425932721
2012-01-17,19.1300,19.1300,,,,,425885000,428842000,425885000,428842000,425932721000,425885000,428842000,425885000,428842000,425932721
2012-01-18,18.9400,18.9400,,,,,425885000,428842000,425885000,428842000,425932721000,425885000,428842000,425885000,428842000,425932721
2012-01-19,18.4300,18.4300,,,,,425885000,428842000,425885000,428842000,425932721000,425885000,428842000,425885000,428842000,425932721
2012-01-20,18.8100,18.8100,,,,,425885000,428842000,425885000,428842000,425932721000,425885000,428842000,425885000,428842000,425932721
2012-01-23,18.7400,18.7400,,,,,425885000,428842000,425885000,428842000,425932721000,425885000,428842000,425885000,428842000,425932721
2012-01-24,18.5800,18.5800,,,,,425885000,428842000,425885000,428842000,425932721000,425885000,428842000,425885000,428842000,425932721
2012-01-25,18.7200,18.7200,,,,,425885000,428842000,425885000,428842000,425932721000,425885000,428842000,425885000,428842000,425932721
2012-01-26,18.4800,18.4800,,,,,425885000,428842000,425885000,428842000,425932721000,425885000,428842000,425885000,428842000,425932721
2012-01-27,18.2300,18.2300,,,,,425885000,428842000,425885000,428842000,425932721000,425885000,428842000,425885000,428842000,425932721
2012-01-30,18.3400,18.3400,,,,,425885000,428842000,425885000,428842000,425932721000,425885000,428842000,425885000,428842000,425932721
2012-01-31,18.4700,18.4700,,,,,425885000,428842000,425885000,428842000,425932721000,425885000,428842000,425885000,428842000,425932721
2012-02-01,18.6800,18.6800,,,,,425885000,428842000,425885000,428842000,425932721000,425885000,428842000,425885000,428842000,425932721
2012-02-02,18.5800,18.5800,,,,,425885000,428842000,425885000,428842000,425932721000,425885000,428842000,425885000,428842000,425932721
2012-02-03,18.8800,18.8800,,,,,425885000,428842000,425885000,428842000,425932721000,425885000,428842000,425885000,428842000,425932721
2012-02-06,18.7700,18.7700,,,,,425885000,428842000,425885000,428842000,425932721000,425885000,428842000,425885000,428842000,425932721
2012-02-07,18.8700,18.8700,,,,,425885000,428842000,425885000,428842000,425932721000,425885000,428842000,425885000,428842000,425932721
2012-02-08,18.8900,18.8900,,,,,425885000,428842000,425885000,428842000,425932721000,425885000,428842000,425885000,428842000,425932721
2012-02-09,18.8400,18.8400,,,,,425885000,428842000,425885000,428842000,425932721000,425885000,428842000,425885000,428842000,425932721
2012-02-10,18.9100,18.9100,,,,,425885000,428842000,425885000,428842000,425932721000,425885000,428842000,425885000,428842000,425932721
2012-02-13,18.8600,18.8600,,,,,425885000,428842000,425885000,428842000,425932721000,425885000,428842000,425885000,428842000,425932721
2012-02-14,18.6300,18.6300,,,,,425885000,428842000,425885000,428842000,425932721000,425885000,428842000,425885000,428842000,425932721
2012-02-15,18.8400,18.8400,,,,,425885000,428842000,425885000,428842000,425932721000,425885000,428842000,425885000,428842000,425932721
2012-02-16,18.8500,18.8500,,,,,425885000,428842000,425885000,428842000,425932721000,425885000,428842000,425885000,428842000,425932721
2012-02-17,18.9800,18.9800,,,,,425885000,428842000,425885000,428842000,425932721000,425885000,428842000,425885000,428842000,425932721
2012-02-21,18.9500,18.9500,,,,,425885000,428842000,425885000,428842000,425932721000,425885000,428842000,425885000,428842000,425932721
2012-02-22,18.7900,18.7900,,,,,425885000,428842000,425885000,428842000,425932721000,425885000,428842000,425885000,428842000,425932721
2012-02-23,18.8300,18.8300,,,,,425885000,428842000,425885000,428842000,425932721000,425885000,428842000,425885000,428842000,425932721
2012-02-24,18.8000,18.8000,,,,,425885000,428842000,425885000,428842000,425932721000,425885000,428842000,425885000,428842000,425932721
2012-02-27,18.6200,18.6200,,,,,425885000,428842000,425885000,428842000,425932721000,425885000,428842000,425885000,428842000,425932721
2012-02-28,18.5200,18.5200,,,,,425885000,428842000,425885000,428842000,425932721000,425885000,428842000,425885000,428842000,425932721
2012-02-29,19.4900,19.4900,,,426074270.02589430,8304187522.804679907000,425636000,428724000,425636000,428724000,426074270,425636000,428724000,425636000,428724000,426074270
2012-03-01,19.3600,19.3600,,,426074270.00543445,8248797867.305210952000,425636000,428724000,425636000,428724000,426074270,425636000,428724000,425636000,428724000,426074270
2012-03-02,19.5300,19.5300,,,426074269.96178514,8321230492.353663784200,425636000,428724000,425636000,428724000,426074270,425636000,428724000,425636000,428724000,426074270
2012-03-05,19.3100,19.3100,,,426074269.98910310,8227494153.489580861000,425636000,428724000,425636000,428724000,426074270,425636000,428724000,425636000,428724000,426074270
2012-03-06,19.1600,19.1600,,,426074270.02539635,8163583013.686594066000,425636000,428724000,425636000,428724000,426074270,425636000,428724000,425636000,428724000,426074270
2012-03-07,19.2900,19.2900,,,426074269.99710250,8218972668.244107225000,425636000,428724000,425636000,428724000,426074270,425636000,428724000,425636000,428724000,426074270
2012-03-08,19.4200,19.4200,,,426074270.01769190,8274362323.743576698000,425636000,428724000,425636000,428724000,426074270,425636000,428724000,425636000,428724000,426074270
2012-03-09,19.2600,19.2600,,,426074269.97268695,8206190439.673950657000,425636000,428724000,425636000,428724000,426074270,425636000,428724000,425636000,428724000,426074270
2012-03-12,19.3700,19.3700,,,426074270.00144280,8253058609.927947036000,425636000,428724000,425636000,428724000,426074270,425636000,428724000,425636000,428724000,426074270
2012-03-13,19.4700,19.4700,,,426074270.03385764,8295666037.559208250800,425636000,428724000,425636000,428724000,426074270,425636000,428724000,425636000,428724000,426074270
2012-03-14,19.1400,19.1400,,,426074270.03349650,8155061528.441123010000,425636000,428724000,425636000,428724000,426074270,425636000,428724000,425636000,428724000,426074270
2012-03-15,19.2200,19.2200,,,426074270.03771900,8189147470.124959180000,425636000,428724000,425636000,428724000,426074270,425636000,428724000,425636000,428724000,426074270
2012-03-16,19.0700,19.0700,,,426074270.02517150,8125236329.380020505000,425636000,428724000,425636000,428724000,426074270,425636000,428724000,425636000,428724000,426074270
2012-03-19,18.9400,18.9400,,,426074270.00425300,8069846673.880551820000,425636000,428724000,425636000,428724000,426074270,425636000,428724000,425636000,428724000,426074270
2012-03-20,19.1500,19.1500,,,426074270.02944434,8159322271.063859111000,425636000,428724000,425636000,428724000,426074270,425636000,428724000,425636000,428724000,426074270
2012-03-21,19.1300,19.1300,,,426074270.03755295,8150800785.818387933500,425636000,428724000,425636000,428724000,426074270,425636000,428724000,425636000,428724000,426074270
2012-03-22,19.3000,19.3000,,,426074269.99310070,8223233410.866843510000,425636000,428724000,425636000,428724000,426074270,425636000,428724000,425636000,428724000,426074270
2012-03-23,19.3100,19.3100,,,426074269.98910310,8227494153.489580861000,425636000,428724000,425636000,428724000,426074270,425636000,428724000,425636000,428724000,426074270
2012-03-26,19.4900,19.4900,,,426074270.02589430,8304187522.804679907000,425636000,428724000,425636000,428724000,426074270,425636000,428724000,425636000,428724000,426074270
2012-03-27,19.5400,19.5400,,,426074270.04198110,8325491236.620310694000,425636000,428724000,425636000,428724000,426074270,425636000,428724000,425636000,428724000,426074270
2012-03-28,19.1700,19.1700,,,426074269.97221560,8167843755.367373052000,425636000,428724000,425636000,428724000,426074270,425636000,428724000,425636000,428724000,426074270
2012-03-29,19.3500,19.3500,,,426074270.00943020,8244537124.682474370000,425636000,428724000,425636000,428724000,426074270,425636000,428724000,425636000,428724000,426074270
2012-03-30,19.7200,19.7200,,,426074269.99449813,8402184604.291503123600,425636000,428724000,425636000,428724000,426074270,425636000,428724000,425636000,428724000,426074270
2012-04-02,19.8700,19.8700,,,426074269.95946060,8466095744.094482122000,425636000,428724000,425636000,428724000,426074270,425636000,428724000,425636000,428724000,426074270
2012-04-03,19.8200,19.8200,,,426074270.02637560,8444792031.922764392000,425636000,428724000,425636000,428724000,426074270,425636000,428724000,425636000,428724000,426074270
2012-04-04,19.6300,19.6300,,,426074269.95837903,8363837919.282980358900,425636000,428724000,425636000,428724000,426074270,425636000,428724000,425636000,428724000,426074270
2012-04-05,19.5500,19.5500,,,426074270.03800744,8329751979.243045452000,425636000,428724000,425636000,428724000,426074270,425636000,428724000,425636000,428724000,426074270
2012-04-09,19.4200,19.4200,,,426074270.01769190,8274362323.743576698000,425636000,428724000,425636000,428724000,426074270,425636000,428724000,425636000,428724000,426074270
2012-04-10,19.0600,19.0600,,,426074270.02923846,8120975586.757285047600,425636000,428724000,425636000,428724000,426074270,425636000,428724000,425636000,428724000,426074270
2012-04-11,19.0700,19.0700,,,426074270.02517150,8125236329.380020505000,425636000,428724000,425636000,428724000,426074270,425636000,428724000,425636000,428724000,426074270
2012-04-12,19.2600,19.2600,,,426074269.97268695,8206190439.673950657000,425636000,428724000,425636000,428724000,426074270,425636000,428724000,425636000,428724000,426074270
2012-04-13,19.1700,19.1700,,,426074269.97221560,8167843755.367373052000,425636000,428724000,425636000,428724000,426074270,425636000,428724000,425636000,428724000,426074270
2012-04-16,19.3200,19.3200,,,426074269.98510957,8231754896.112316892400,425636000,428724000,425636000,428724000,426074270,425636000,428724000,425636000,428724000,426074270
2012-04-17,19.4800,19.4800,,,426074270.02987390,8299926780.181943572000,425636000,428724000,425636000,428724000,426074270,425636000,428724000,425636000,428724000,426074270
2012-04-18,19.3200,19.3200,,,426074269.98510957,8231754896.112316892400,425636000,428724000,425636000,428724000,426074270,425636000,428724000,425636000,428724000,426074270
2012-04-19,19.3300,19.3300,,,426074269.98112020,8236015638.735053466000,425636000,428724000,425636000,428724000,426074270,425636000,428724000,425636000,428724000,426074270
2012-04-20,19.5300,19.5300,,,426074269.96178514,8321230492.353663784200,425636000,428724000,425636000,428724000,426074270,425636000,428724000,425636000,428724000,426074270
2012-04-23,19.2800,19.2800,,,426074270.00110847,8214711925.621371301600,425636000,428724000,425636000,428724000,426074270,425636000,428724000,425636000,428724000,426074270
2012-04-24,19.5300,19.5300,,,426074269.96178514,8321230492.353663784200,425636000,428724000,425636000,428724000,426074270,425636000,428724000,425636000,428724000,426074270
2012-04-25,19.7200,19.7200,,,426074269.99449813,8402184604.291503123600,425636000,428724000,425636000,428724000,426074270,425636000,428724000,425636000,428724000,426074270
2012-04-26,19.8500,19.8500,,,426074270.01465850,8457574259.790971225000,425636000,428724000,425636000,428724000,426074270,425636000,428724000,425636000,428724000,426074270
2012-04-27,20.0500,20.0500,,,426074269.99549050,8542789113.409584525000,425636000,428724000,425636000,428724000,426074270,425636000,428724000,425636000,428724000,426074270
2012-04-30,20.2100,20.2100,,,426074270.00382300,8610960996.777262830000,425636000,428724000,425636000,428724000,426074270,425636000,428724000,425636000,428724000,426074270
2012-05-01,20.4200,20.4200,,,426074269.98132290,8700436593.018613618000,425636000,428724000,425636000,428724000,426074270,425636000,428724000,425636000,428724000,426074270
2012-05-02,20.0500,20.0500,,,426074269.99549050,8542789113.409584525000,425636000,428724000,425636000,428724000,426074270,425636000,428724000,425636000,428724000,426074270
2012-05-03,19.7200,19.7200,,,,,426499000,428492000,426499000,428492000,427298767000,426499000,428492000,426499000,428492000,427298767
2012-05-04,20.0500,20.0500,,,,,426499000,428492000,426499000,428492000,427298767000,426499000,428492000,426499000,428492000,427298767
2012-05-07,19.8900,19.8900,,,,,426499000,428492000,426499000,428492000,427298767000,426499000,428492000,426499000,428492000,427298767
2012-05-08,19.8900,19.8900,,,,,426499000,428492000,426499000,428492000,427298767000,426499000,428492000,426499000,428492000,427298767
2012-05-09,19.7700,19.7700,,,,,426499000,428492000,426499000,428492000,427298767000,426499000,428492000,426499000,428492000,427298767
2012-05-10,20.2500,20.2500,,,,,426499000,428492000,426499000,428492000,427298767000,426499000,428492000,426499000,428492000,427298767
2012-05-11,20.2400,20.2400,,,,,426499000,428492000,426499000,428492000,427298767000,426499000,428492000,426499000,428492000,427298767
2012-05-14,20.0800,20.0800,,,,,426499000,428492000,426499000,428492000,427298767000,426499000,428492000,426499000,428492000,427298767
2012-05-15,19.8300,19.8300,,,,,426499000,428492000,426499000,428492000,427298767000,426499000,428492000,426499000,428492000,427298767
2012-05-16,20.0200,20.0200,,,,,426499000,428492000,426499000,428492000,427298767000,426499000,428492000,426499000,428492000,427298767
2012-05-17,19.8300,19.8300,,,,,426499000,428492000,426499000,428492000,427298767000,426499000,428492000,426499000,428492000,427298767
2012-05-18,19.6200,19.6200,,,,,426499000,428492000,426499000,428492000,427298767000,426499000,428492000,426499000,428492000,427298767
2012-05-21,19.8600,19.8600,,,,,426499000,428492000,426499000,428492000,427298767000,426499000,428492000,426499000,428492000,427298767
2012-05-22,19.9800,19.9800,,,,,426499000,428492000,426499000,428492000,427298767000,426499000,428492000,426499000,428492000,427298767
2012-05-23,19.8700,19.8700,,,,,426499000,428492000,426499000,428492000,427298767000,426499000,428492000,426499000,428492000,427298767
2012-05-24,20.0300,20.0300,,,,,426499000,428492000,426499000,428492000,427298767000,426499000,428492000,426499000,428492000,427298767
2012-05-25,20.1800,20.1800,,,,,426499000,428492000,426499000,428492000,427298767000,426499000,428492000,426499000,428492000,427298767
2012-05-29,20.2400,20.2400,,,,,426499000,428492000,426499000,428492000,427298767000,426499000,428492000,426499000,428492000,427298767
2012-05-30,20.0200,20.0200,,,,,426499000,428492000,426499000,428492000,427298767000,426499000,428492000,426499000,428492000,427298767
2012-05-31,20.2300,20.2300,,,,,426499000,428492000,426499000,428492000,427298767000,426499000,428492000,426499000,428492000,427298767
2012-06-01,19.9700,19.9700,,,,,426499000,428492000,426499000,428492000,427298767000,426499000,428492000,426499000,428492000,427298767
2012-06-04,19.7800,19.7800,,,,,426499000,428492000,426499000,428492000,427298767000,426499000,428492000,426499000,428492000,427298767
2012-06-05,19.9300,19.9300,,,,,426499000,428492000,426499000,428492000,427298767000,426499000,428492000,426499000,428492000,427298767
2012-06-06,20.1500,20.1500,,,,,426499000,428492000,426499000,428492000,427298767000,426499000,428492000,426499000,428492000,427298767
2012-06-07,20.3200,20.3200,,,,,426499000,428492000,426499000,428492000,427298767000,426499000,428492000,426499000,428492000,427298767
2012-06-08,20.4000,20.4000,,,,,426499000,428492000,426499000,428492000,427298767000,426499000,428492000,426499000,428492000,427298767
2012-06-11,20.1600,20.1600,,,,,426499000,428492000,426499000,428492000,427298767000,426499000,428492000,426499000,428492000,427298767
2012-06-12,20.3000,20.3000,,,,,426499000,428492000,426499000,428492000,427298767000,426499000,428492000,426499000,428492000,427298767
2012-06-13,20.3000,20.3000,,,,,426499000,428492000,426499000,428492000,427298767000,426499000,428492000,426499000,428492000,427298767
2012-06-14,20.4100,20.4100,,,,,426499000,428492000,426499000,428492000,427298767000,426499000,428492000,426499000,428492000,427298767
2012-06-15,20.6200,20.6200,,,,,426499000,428492000,426499000,428492000,427298767000,426499000,428492000,426499000,428492000,427298767
2012-06-18,20.7100,20.7100,,,,,426499000,428492000,426499000,428492000,427298767000,426499000,428492000,426499000,428492000,427298767
2012-06-19,20.5900,20.5900,,,,,426499000,428492000,426499000,428492000,427298767000,426499000,428492000,426499000,428492000,427298767
2012-06-20,20.5800,20.5800,,,,,426499000,428492000,426499000,428492000,427298767000,426499000,428492000,426499000,428492000,427298767
2012-06-21,20.1800,20.1800,,,,,426499000,428492000,426499000,428492000,427298767000,426499000,428492000,426499000,428492000,427298767
2012-06-22,20.3400,20.3400,,,,,426499000,428492000,426499000,428492000,427298767000,426499000,428492000,426499000,428492000,427298767
2012-06-25,20.2800,20.2800,,,,,426499000,428492000,426499000,428492000,427298767000,426499000,428492000,426499000,428492000,427298767
2012-06-26,20.2900,20.2900,,,,,426499000,428492000,426499000,428492000,427298767000,426499000,428492000,426499000,428492000,427298767
2012-06-27,20.5200,20.5200,,,,,426499000,428492000,426499000,428492000,427298767000,426499000,428492000,426499000,428492000,427298767
2012-06-28,20.6200,20.6200,,,,,426499000,428492000,426499000,428492000,427298767000,426499000,428492000,426499000,428492000,427298767
2012-06-29,20.6700,20.6700,,,,,426499000,428492000,426499000,428492000,427298767000,426499000,428492000,426499000,428492000,427298767
2012-07-02,20.7600,20.7600,,,,,426499000,428492000,426499000,428492000,427298767000,426499000,428492000,426499000,428492000,427298767
2012-07-03,20.6500,20.6500,,,,,426499000,428492000,426499000,428492000,427298767000,426499000,428492000,426499000,428492000,427298767
2012-07-05,20.4600,20.4600,,,,,426499000,428492000,426499000,428492000,427298767000,426499000,428492000,426499000,428492000,427298767
2012-07-06,20.5700,20.5700,,,,,426499000,428492000,426499000,428492000,427298767000,426499000,428492000,426499000,428492000,427298767
2012-07-09,20.5600,20.5600,,,,,426499000,428492000,426499000,428492000,427298767000,426499000,428492000,426499000,428492000,427298767
2012-07-10,20.4700,20.4700,,,,,426499000,428492000,426499000,428492000,427298767000,426499000,428492000,426499000,428492000,427298767
2012-07-11,20.5200,20.5200,,,,,426499000,428492000,426499000,428492000,427298767000,426499000,428492000,426499000,428492000,427298767
2012-07-12,20.6300,20.6300,,,,,426499000,428492000,426499000,428492000,427298767000,426499000,428492000,426499000,428492000,427298767
2012-07-13,20.9900,20.9900,,,,,426499000,428492000,426499000,428492000,427298767000,426499000,428492000,426499000,428492000,427298767
2012-07-16,20.7000,20.7000,,,,,426499000,428492000,426499000,428492000,427298767000,426499000,428492000,426499000,428492000,427298767
2012-07-17,20.8000,20.8000,,,,,426499000,428492000,426499000,428492000,427298767000,426499000,428492000,426499000,428492000,427298767
2012-07-18,20.9500,20.9500,,,,,426499000,428492000,426499000,428492000,427298767000,426499000,428492000,426499000,428492000,427298767
2012-07-19,20.9200,20.9200,,,,,426499000,428492000,426499000,428492000,427298767000,426499000,428492000,426499000,428492000,427298767
2012-07-20,21.1500,21.1500,,,,,426499000,428492000,426499000,428492000,427298767000,426499000,428492000,426499000,428492000,427298767
2012-07-23,20.9700,20.9700,,,,,426499000,428492000,426499000,428492000,427298767000,426499000,428492000,426499000,428492000,427298767
2012-07-24,20.5500,20.5500,,,,,426499000,428492000,426499000,428492000,427298767000,426499000,428492000,426499000,428492000,427298767
2012-07-25,20.5700,20.5700,,,,,426499000,428492000,426499000,428492000,427298767000,426499000,428492000,426499000,428492000,427298767
2012-07-26,20.8900,20.8900,,,,,426499000,428492000,426499000,428492000,427298767000,426499000,428492000,426499000,428492000,427298767
2012-07-27,21.1900,21.1900,,,,,426499000,428492000,426499000,428492000,427298767000,426499000,428492000,426499000,428492000,427298767
2012-07-30,21.1900,21.1900,,,,,426499000,428492000,426499000,428492000,427298767000,426499000,428492000,426499000,428492000,427298767
2012-07-31,21.0600,21.0600,,,,,426499000,428492000,426499000,428492000,427298767000,426499000,428492000,426499000,428492000,427298767
2012-08-01,20.9000,20.9000,,,,,426499000,428492000,426499000,428492000,427298767000,426499000,428492000,426499000,428492000,427298767
2012-08-02,20.8300,20.8300,,,427386150.97936577,8902453524.900188989100,427349000,429629000,427349000,429629000,427386151,427349000,429629000,427349000,429629000,427386151
2012-08-03,21.1600,21.1600,,,427386150.99447770,9043490955.043148132000,427349000,429629000,427349000,429629000,427386151,427349000,429629000,427349000,429629000,427386151
2012-08-06,21.0600,21.0600,,,427386150.96905816,9000752339.408364849600,427349000,429629000,427349000,429629000,427386151,427349000,429629000,427349000,429629000,427386151
2012-08-07,21.0400,21.0400,,,427386151.01987140,8992204617.458094256000,427349000,429629000,427349000,429629000,427386151,427349000,429629000,427349000,429629000,427386151
2012-08-08,21.1100,21.1100,,,427386150.98179800,9022121647.225755780000,427349000,429629000,427349000,429629000,427386151,427349000,429629000,427349000,429629000,427386151
2012-08-09,21.0100,21.0100,,,427386151.03371880,8979383033.218431988000,427349000,429629000,427349000,429629000,427386151,427349000,429629000,427349000,429629000,427386151
2012-08-10,21.0800,21.0800,,,427386150.99554530,9009300062.986094924000,427349000,429629000,427349000,429629000,427386151,427349000,429629000,427349000,429629000,427386151
2012-08-13,20.7800,20.7800,,,427386150.96644840,8881084217.082797752000,427349000,429629000,427349000,429629000,427386151,427349000,429629000,427349000,429629000,427386151
2012-08-14,20.5500,20.5500,,,427386150.98068430,8782785402.653062365000,427349000,429629000,427349000,429629000,427386151,427349000,429629000,427349000,429629000,427386151
2012-08-15,20.5100,20.5100,,,427386151.02345500,8765689957.491062050000,427349000,429629000,427349000,429629000,427386151,427349000,429629000,427349000,429629000,427386151
2012-08-16,20.4200,20.4200,,,427386151.01100180,8727225203.644656756000,427349000,429629000,427349000,429629000,427386151,427349000,429629000,427349000,429629000,427386151
2012-08-17,20.2400,20.2400,,,427386151.01641070,8650295696.572152568000,427349000,429629000,427349000,429629000,427386151,427349000,429629000,427349000,429629000,427386151
2012-08-20,20.4300,20.4300,,,427386151.00025240,8731499064.935156532000,427349000,429629000,427349000,429629000,427386151,427349000,429629000,427349000,429629000,427386151
2012-08-21,20.4300,20.4300,,,427386151.00025240,8731499064.935156532000,427349000,429629000,427349000,429629000,427386151,427349000,429629000,427349000,429629000,427386151
2012-08-22,20.3800,20.3800,,,427386150.97502730,8710129756.871056374000,427349000,429629000,427349000,429629000,427386151,427349000,429629000,427349000,429629000,427386151
2012-08-23,20.2400,20.2400,,,427386151.01641070,8650295696.572152568000,427349000,429629000,427349000,429629000,427386151,427349000,429629000,427349000,429629000,427386151
2012-08-24,20.3200,20.3200,,,427386150.96045560,8684486587.516457792000,427349000,429629000,427349000,429629000,427386151,427349000,429629000,427349000,429629000,427386151
2012-08-27,20.4600,20.4600,,,427386150.96806717,8744320648.806654298200,427349000,429629000,427349000,429629000,427386151,427349000,429629000,427349000,429629000,427386151
2012-08-28,20.6000,20.6000,,,427386151.00568760,8804154710.717164560000,427349000,429629000,427349000,429629000,427386151,427349000,429629000,427349000,429629000,427386151
2012-08-29,20.5800,20.5800,,,427386151.02702450,8795606988.136164210000,427349000,429629000,427349000,429629000,427386151,427349000,429629000,427349000,429629000,427386151
2012-08-30,20.5200,20.5200,,,427386151.01274675,8769963818.781563310000,427349000,429629000,427349000,429629000,427386151,427349000,429629000,427349000,429629000,427386151
2012-08-31,20.3900,20.3900,,,427386150.96427447,8714403618.161556443300,427349000,429629000,427349000,429629000,427386151,427349000,429629000,427349000,429629000,427386151
2012-09-04,20.6300,20.6300,,,427386150.97375965,8816976294.588661579500,427349000,429629000,427349000,429629000,427386151,427349000,429629000,427349000,429629000,427386151
2012-09-05,20.6400,20.6400,,,427386150.96313760,8821250155.879160064000,427349000,429629000,427349000,429629000,427386151,427349000,429629000,427349000,429629000,427386151
2012-09-06,20.9900,20.9900,,,427386150.96396730,8970835308.733673627000,427349000,429629000,427349000,429629000,427386151,427349000,429629000,427349000,429629000,427386151
2012-09-07,20.9500,20.9500,,,427386151.00580794,8953739863.571676343000,427349000,429629000,427349000,429629000,427386151,427349000,429629000,427349000,429629000,427386151
2012-09-10,20.9300,20.9300,,,427386151.02678810,8945192140.990674933000,427349000,429629000,427349000,429629000,427386151,427349000,429629000,427349000,429629000,427386151
2012-09-11,20.9000,20.9000,,,427386150.98122370,8932370555.507575330000,427349000,429629000,427349000,429629000,427386151,427349000,429629000,427349000,429629000,427386151
2012-09-12,20.7000,20.7000,,,427386151.00744295,8846893325.854069065000,427349000,429629000,427349000,429629000,427386151,427349000,429629000,427349000,429629000,427386151
2012-09-13,21.1000,21.1000,,,427386151.03188060,9017847786.772680660000,427349000,429629000,427349000,429629000,427386151,427349000,429629000,427349000,429629000,427386151
2012-09-14,21.0200,21.0200,,,427386151.00936145,8983656894.216777679000,427349000,429629000,427349000,429629000,427386151,427349000,429629000,427349000,429629000,427386151
2012-09-17,20.8000,20.8000,,,427386150.97935910,8889631940.370669280000,427349000,429629000,427349000,429629000,427386151,427349000,429629000,427349000,429629000,427386151
2012-09-18,20.8100,20.8100,,,427386150.96882117,8893905801.661168547700,427349000,429629000,427349000,429629000,427386151,427349000,429629000,427349000,429629000,427386151
2012-09-19,20.7200,20.7200,,,427386150.98624855,8855441048.435069956000,427349000,429629000,427349000,429629000,427386151,427349000,429629000,427349000,429629000,427386151
2012-09-20,20.8700,20.8700,,,427386151.01274914,8919548971.636074551800,427349000,429629000,427349000,429629000,427386151,427349000,429629000,427349000,429629000,427386151
2012-09-21,21.1200,21.1200,,,427386151.01106447,9026395509.353681606400,427349000,429629000,427349000,429629000,427386151,427349000,429629000,427349000,429629000,427386151
2012-09-24,21.2900,21.2900,,,427386151.01623710,9099051155.135687859000,427349000,429629000,427349000,429629000,427386151,427349000,429629000,427349000,429629000,427386151
2012-09-25,21.4200,21.4200,,,427386151.03339830,9154611355.135391586000,427349000,429629000,427349000,429629000,427386151,427349000,429629000,427349000,429629000,427386151
2012-09-26,21.4500,21.4500,,,427386151.00265220,9167432939.006889690000,427349000,429629000,427349000,429629000,427386151,427349000,429629000,427349000,429629000,427386151
2012-09-27,21.3000,21.3000,,,427386151.00592434,9103325016.426188442000,427349000,429629000,427349000,429629000,427386151,427349000,429629000,427349000,429629000,427386151
2012-09-28,21.3000,21.3000,,,427386151.00592434,9103325016.426188442000,427349000,429629000,427349000,429629000,427386151,427349000,429629000,427349000,429629000,427386151
2012-10-01,21.1500,21.1500,,,427386150.97991407,9039217093.225182580500,427349000,429629000,427349000,429629000,427386151,427349000,429629000,427349000,429629000,427386151
2012-10-02,21.2000,21.2000,,,427386151.00421140,9060586401.289281680000,427349000,429629000,427349000,429629000,427386151,427349000,429629000,427349000,429629000,427386151
2012-10-03,21.5200,21.5200,,,427386151.03495795,9197349970.272295084000,427349000,429629000,427349000,429629000,427386151,427349000,429629000,427349000,429629000,427386151
2012-10-04,21.5100,21.5100,,,427386150.97025550,9193076107.370195805000,427349000,429629000,427349000,429629000,427386151,427349000,429629000,427349000,429629000,427386151
2012-10-05,21.4100,21.4100,,,427386150.96839267,9150337492.233287064700,427349000,429629000,427349000,429629000,427386151,427349000,429629000,427349000,429629000,427386151
2012-10-08,21.4100,21.4100,,,427386150.96839267,9150337492.233287064700,427349000,429629000,427349000,429629000,427386151,427349000,429629000,427349000,429629000,427386151
2012-10-09,21.3600,21.3600,,,427386151.01969990,9128968185.780789864000,427349000,429629000,427349000,429629000,427386151,427349000,429629000,427349000,429629000,427386151
2012-10-10,21.2900,21.2900,,,427386151.01623710,9099051155.135687859000,427349000,429629000,427349000,429629000,427386151,427349000,429629000,427349000,429629000,427386151
2012-10-11,21.1800,21.1800,,,427386151.02494250,9052038678.708282150000,427349000,429629000,427349000,429629000,427386151,427349000,429629000,427349000,429629000,427386151
2012-10-12,21.1300,21.1300,,,427386151.00067115,9030669370.644181399500,427349000,429629000,427349000,429629000,427386151,427349000,429629000,427349000,429629000,427386151
2012-10-15,21.4000,21.4000,,,427386150.97863495,9146063630.942787930000,427349000,429629000,427349000,429629000,427386151,427349000,429629000,427349000,429629000,427386151
2012-10-16,21.4400,21.4400,,,427386151.01289135,9163159077.716390544000,427349000,429629000,427349000,429629000,427386151,427349000,429629000,427349000,429629000,427386151
2012-10-17,21.7500,21.7500,,,427386150.97918624,9295648783.797300720000,427349000,429629000,427349000,429629000,427386151,427349000,429629000,427349000,429629000,427386151
2012-10-18,21.6900,21.6900,,,427386150.96554640,9270005614.442701416000,427349000,429629000,427349000,429629000,427386151,427349000,429629000,427349000,429629000,427386151
2012-10-19,21.4100,21.4100,,,427386150.96839267,9150337492.233287064700,427349000,429629000,427349000,429629000,427386151,427349000,429629000,427349000,429629000,427386151
2012-10-22,21.2400,21.2400,,,427386150.96286630,9077681846.451280212000,427349000,429629000,427349000,429629000,427386151,427349000,429629000,427349000,429629000,427386151
2012-10-23,21.0400,21.0400,,,427386150.98848740,8992204616.797774896000,427349000,429629000,427349000,429629000,427386151,427349000,429629000,427349000,429629000,427386151
2012-10-24,21.1200,21.1200,,,427386151.01106447,9026395509.353681606400,427349000,429629000,427349000,429629000,427386151,427349000,429629000,427349000,429629000,427386151
2012-10-25,21.3800,21.3800,,,427386150.99914825,9137515908.361789585000,427349000,429629000,427349000,429629000,427386151,427349000,429629000,427349000,429629000,427386151
2012-10-26,21.4700,21.4700,,,427386151.01109430,9175980662.208194621000,427349000,429629000,427349000,429629000,427386151,427349000,429629000,427349000,429629000,427386151
2012-10-30,21.4700,21.4700,,,427386151.01109430,9175980662.208194621000,427349000,429629000,427349000,429629000,427386151,427349000,429629000,427349000,429629000,427386151
2012-10-31,21.6700,21.6700,,,427386150.98577300,9261457891.861700910000,427349000,429629000,427349000,429629000,427386151,427349000,429629000,427349000,429629000,427386151
2012-11-01,21.7400,21.7400,,,427386150.98927330,9291374922.506801542000,427349000,429629000,427349000,429629000,427386151,427349000,429629000,427349000,429629000,427386151
2012-11-02,21.5400,21.5400,,,427386151.01454480,9205897692.853294992000,427349000,429629000,427349000,429629000,427386151,427349000,429629000,427349000,429629000,427386151
2012-11-05,21.3700,21.3700,,,427386151.00941926,9133242047.071289586200,427349000,429629000,427349000,429629000,427386151,427349000,429629000,427349000,429629000,427386151
2012-11-06,21.4800,21.4800,,,427386151.00087030,9180254523.498694044000,427349000,429629000,427349000,429629000,427386151,427349000,429629000,427349000,429629000,427386151
2012-11-07,20.6300,20.6300,,,427411738.00279665,8817504154.997694889500,427406000,429983000,427406000,429983000,427411738,427406000,429983000,427406000,429983000,427411738
2012-11-08,20.3900,20.3900,,,427411737.98608917,8714925337.536358176300,427406000,429983000,427406000,429983000,427411738,427406000,429983000,427406000,429983000,427411738
2012-11-09,20.1500,20.1500,,,427411737.96898370,8612346520.075021555000,427406000,429983000,427406000,429983000,427411738,427406000,429983000,427406000,429983000,427411738
2012-11-12,20.1550,20.1550,,,427411738.01794310,8614483579.751643180500,427406000,429983000,427406000,429983000,427411738,427406000,429983000,427406000,429983000,427411738
2012-11-13,19.9600,19.9600,,,427411737.96143790,8531138289.710300484000,427406000,429983000,427406000,429983000,427411738,427406000,429983000,427406000,429983000,427411738
2012-11-14,19.4900,19.4900,,,427411737.99877226,8330254773.596071347400,427406000,429983000,427406000,429983000,427411738,427406000,429983000,427406000,429983000,427411738
2012-11-15,19.1300,19.1300,,,427411738.02098100,8176386548.341366530000,427406000,429983000,427406000,429983000,427411738,427406000,429983000,427406000,429983000,427411738
2012-11-16,19.5800,19.5800,,,427411737.99688774,8368721829.979061949200,427406000,429983000,427406000,429983000,427411738,427406000,429983000,427406000,429983000,427411738
2012-11-19,19.3800,19.3800,,,427411737.97803860,8283239482.014388068000,427406000,429983000,427406000,429983000,427411738,427406000,429983000,427406000,429983000,427411738
2012-11-20,19.3600,19.3600,,,427411737.96967703,8274691247.092947300800,427406000,429983000,427406000,429983000,427411738,427406000,429983000,427406000,429983000,427411738
2012-11-21,19.3000,19.3000,,,427411737.99841300,8249046543.369370900000,427406000,429983000,427406000,429983000,427411738,427406000,429983000,427406000,429983000,427411738
2012-11-23,19.2600,19.2600,,,427411737.96725005,8231950073.249235963000,427406000,429983000,427406000,429983000,427411738,427406000,429983000,427406000,429983000,427411738
2012-11-26,19.5600,19.5600,,,427411737.97445640,8360173594.780367184000,427406000,429983000,427406000,429983000,427411738,427406000,429983000,427406000,429983000,427411738
2012-11-27,19.6200,19.6200,,,427411738.02748190,8385818300.099194878000,427406000,429983000,427406000,429983000,427411738,427406000,429983000,427406000,429983000,427411738
2012-11-28,19.7400,19.7400,,,427411737.97093950,8437107707.546345730000,427406000,429983000,427406000,429983000,427411738,427406000,429983000,427406000,429983000,427411738
2012-11-29,19.7600,19.7600,,,427411737.97913910,8445655942.467788616000,427406000,429983000,427406000,429983000,427411738,427406000,429983000,427406000,429983000,427411738
2012-11-30,19.7300,19.7300,,,427411738.03363520,8432833591.403622496000,427406000,429983000,427406000,429983000,427411738,427406000,429983000,427406000,429983000,427411738
2012-12-03,19.7600,19.7600,,,427411737.97913910,8445655942.467788616000,427406000,429983000,427406000,429983000,427411738,427406000,429983000,427406000,429983000,427411738
2012-12-04,19.6300,19.6300,,,427411738.03157985,8390092417.559912455500,427406000,429983000,427406000,429983000,427411738,427406000,429983000,427406000,429983000,427411738
2012-12-05,19.9200,19.9200,,,427411738.03365076,8514041821.630323139200,427406000,429983000,427406000,429983000,427411738,427406000,429983000,427406000,429983000,427411738
2012-12-06,19.8600,19.8600,,,427411737.99540540,8488397116.588751244000,427406000,429983000,427406000,429983000,427411738,427406000,429983000,427406000,429983000,427411738
2012-12-07,19.8400,19.8400,,,427411737.97328920,8479848881.390057728000,427406000,429983000,427406000,429983000,427411738,427406000,429983000,427406000,429983000,427411738
2012-12-10,19.9200,19.9200,,,427411738.03365076,8514041821.630323139200,427406000,429983000,427406000,429983000,427411738,427406000,429983000,427406000,429983000,427411738
2012-12-11,19.8800,19.8800,,,427411738.00353074,8496945351.510191111200,427406000,429983000,427406000,429983000,427411738,427406000,429983000,427406000,429983000,427411738
2012-12-12,19.8500,19.8500,,,427411737.97736920,8484122998.850778620000,427406000,429983000,427406000,429983000,427411738,427406000,429983000,427406000,429983000,427411738
2012-12-13,19.8300,19.8300,,,427411737.96920500,8475574763.929335150000,427406000,429983000,427406000,429983000,427411738,427406000,429983000,427406000,429983000,427411738
2012-12-14,19.6700,19.6700,,,427411737.99502040,8407188886.362051268000,427406000,429983000,427406000,429983000,427411738,427406000,429983000,427406000,429983000,427411738
2012-12-17,19.8400,19.8400,,,427411737.97328920,8479848881.390057728000,427406000,429983000,427406000,429983000,427411738,427406000,429983000,427406000,429983000,427411738
2012-12-18,19.9000,19.9000,,,427411738.02557210,8505493586.708884790000,427406000,429983000,427406000,429983000,427411738,427406000,429983000,427406000,429983000,427411738
2012-12-19,19.7200,19.7200,,,427411738.02955900,8428559473.942903480000,427406000,429983000,427406000,429983000,427411738,427406000,429983000,427406000,429983000,427411738
2012-12-20,19.6700,19.6700,,,427411737.99502040,8407188886.362051268000,427406000,429983000,427406000,429983000,427411738,427406000,429983000,427406000,429983000,427411738
2012-12-21,19.4600,19.4600,,,427411737.97207900,8317432420.936657340000,427406000,429983000,427406000,429983000,427411738,427406000,429983000,427406000,429983000,427411738
2012-12-24,19.3900,19.3900,,,427411737.99651170,8287513599.752361863000,427406000,429983000,427406000,429983000,427411738,427406000,429983000,427406000,429983000,427411738
2012-12-26,19.1300,19.1300,,,427411738.02098100,8176386548.341366530000,427406000,429983000,427406000,429983000,427411738,427406000,429983000,427406000,429983000,427411738
2012-12-27,19.0500,19.0500,,,427411738.02724904,8142193609.419094212000,427406000,429983000,427406000,429983000,427411738,427406000,429983000,427406000,429983000,427411738
2012-12-28,19.0000,19.0000,,,427411737.99148640,8120823021.838241600000,427406000,429983000,427406000,429983000,427411738,427406000,429983000,427406000,429983000,427411738
2012-12-31,19.2500,19.2500,,,427411738.03150713,8227675957.106512252500,427406000,429983000,427406000,429983000,427411738,427406000,429983000,427406000,429983000,427411738
2013-01-02,19.6200,19.6200,,,427411738.02748190,8385818300.099194878000,427406000,429983000,427406000,429983000,427411738,427406000,429983000,427406000,429983000,427411738
2013-01-03,19.6800,19.6800,,,427411737.99912450,8411463003.822770160000,427406000,429983000,427406000,429983000,427411738,427406000,429983000,427406000,429983000,427411738
2013-01-04,19.8200,19.8200,,,427411738.03161520,8471300647.786613264000,427406000,429983000,427406000,429983000,427411738,427406000,429983000,427406000,429983000,427411738
2013-01-07,19.6000,19.6000,,,427411738.00512755,8377270064.900499980000,427406000,429983000,427406000,429983000,427411738,427406000,429983000,427406000,429983000,427411738
2013-01-08,19.4700,19.4700,,,427411737.97623926,8321706538.397378392200,427406000,429983000,427406000,429983000,427411738,427406000,429983000,427406000,429983000,427411738
2013-01-09,19.6700,19.6700,,,427411737.99502040,8407188886.362051268000,427406000,429983000,427406000,429983000,427411738,427406000,429983000,427406000,429983000,427411738
2013-01-10,19.7900,19.7900,,,427411738.00541690,8458478295.127200451000,427406000,429983000,427406000,429983000,427411738,427406000,429983000,427406000,429983000,427411738
2013-01-11,20.0400,20.0400,,,427411737.97791800,8565331229.077476720000,427406000,429983000,427406000,429983000,427411738,427406000,429983000,427406000,429983000,427411738
2013-01-14,19.8800,19.8800,,,427411738.00353074,8496945351.510191111200,427406000,429983000,427406000,429983000,427411738,427406000,429983000,427406000,429983000,427411738
2013-01-15,20.0600,20.0600,,,427411737.99980915,8573879464.276171549000,427406000,429983000,427406000,429983000,427411738,427406000,429983000,427406000,429983000,427411738
2013-01-16,19.9200,19.9200,,,427411738.03365076,8514041821.630323139200,427406000,429983000,427406000,429983000,427411738,427406000,429983000,427406000,429983000,427411738
2013-01-17,19.9100,19.9100,,,427411738.02961350,8509767704.169604785000,427406000,429983000,427406000,429983000,427411738,427406000,429983000,427406000,429983000,427411738
2013-01-18,20.0200,20.0200,,,427411737.96983194,8556782994.156035438800,427406000,429983000,427406000,429983000,427411738,427406000,429983000,427406000,429983000,427411738
2013-01-21,20.0200,20.0200,,,427411737.96983194,8556782994.156035438800,427406000,429983000,427406000,429983000,427411738,427406000,429983000,427406000,429983000,427411738
2013-01-22,20.1900,20.1900,,,427411738.02770160,8629442990.779295304000,427406000,429983000,427406000,429983000,427411738,427406000,429983000,427406000,429983000,427411738
2013-01-23,20.1600,20.1600,,,427411738.00197830,8616620638.119882528000,427406000,429983000,427406000,429983000,427411738,427406000,429983000,427406000,429983000,427411738
2013-01-24,20.2400,20.2400,,,427411737.98245550,8650813576.764899320000,427406000,429983000,427406000,429983000,427411738,427406000,429983000,427406000,429983000,427411738
2013-01-25,20.3300,20.3300,,,427411737.98071265,8689280633.147888174500,427406000,429983000,427406000,429983000,427411738,427406000,429983000,427406000,429983000,427411738
2013-01-28,20.2500,20.2500,,,427411738.00014180,8655087694.502871450000,427406000,429983000,427406000,429983000,427411738,427406000,429983000,427406000,429983000,427411738
2013-01-29,20.5300,20.5300,,,427411737.99866350,8774762981.112561655000,427406000,429983000,427406000,429983000,427411738,427406000,429983000,427406000,429983000,427411738
2013-01-30,20.5100,20.5100,,,427411737.97727290,8766214745.913867179000,427406000,429983000,427406000,429983000,427411738,427406000,429983000,427406000,429983000,427411738
2013-01-31,20.4400,20.4400,,,427411738.00046825,8736295924.729571030000,427406000,429983000,427406000,429983000,427411738,427406000,429983000,427406000,429983000,427411738
2013-02-01,20.5600,20.5600,,,427411738.01044360,8787585333.494720416000,427406000,429983000,427406000,429983000,427411738,427406000,429983000,427406000,429983000,427411738
2013-02-04,20.5300,20.5300,,,427411737.99866350,8774762981.112561655000,427406000,429983000,427406000,429983000,427411738,427406000,429983000,427406000,429983000,427411738
2013-02-05,20.6700,20.6700,,,427411738.02982130,8834600625.076406271000,427406000,429983000,427406000,429983000,427411738,427406000,429983000,427406000,429983000,427411738
2013-02-06,20.7800,20.7800,,,427411738.03565127,8881615916.380833390600,427406000,429983000,427406000,429983000,427411738,427406000,429983000,427406000,429983000,427411738
2013-02-07,20.8700,20.8700,,,427411738.03372420,8920082972.763824054000,427406000,429983000,427406000,429983000,427411738,427406000,429983000,427406000,429983000,427411738
2013-02-08,20.9100,20.9100,,,427411737.98606926,8937179441.288708226600,427406000,429983000,427406000,429983000,427411738,427406000,429983000,427406000,429983000,427411738
2013-02-11,20.9200,20.9200,,,427411738.00318750,8941453559.026682500000,427406000,429983000,427406000,429983000,427411738,427406000,429983000,427406000,429983000,427411738
2013-02-12,21.0500,21.0500,,,427411738.02991956,8997017085.529806738000,427406000,429983000,427406000,429983000,427411738,427406000,429983000,427406000,429983000,427411738
2013-02-13,20.7800,20.7800,,,427411738.01669230,8881615915.986865994000,427406000,429983000,427406000,429983000,427411738,427406000,429983000,427406000,429983000,427411738
2013-02-14,20.4300,20.4300,,,427411738.01442677,8732021807.634738911100,427406000,429983000,427406000,429983000,427411738,427406000,429983000,427406000,429983000,427411738
2013-02-15,20.4100,20.4100,,,427411738.02005947,8723473572.989413782700,427406000,429983000,427406000,429983000,427411738,427406000,429983000,427406000,429983000,427411738
2013-02-18,20.4100,20.4100,,,427411738.02005947,8723473572.989413782700,427406000,429983000,427406000,429983000,427411738,427406000,429983000,427406000,429983000,427411738
2013-02-19,20.5100,20.5100,,,427411738.01877564,8766214746.765088376400,427406000,429983000,427406000,429983000,427411738,427406000,429983000,427406000,429983000,427411738
2013-02-20,20.7000,20.7000,,,427411738.01239204,8847422976.856515228000,427406000,429983000,427406000,429983000,427411738,427406000,429983000,427406000,429983000,427411738
2013-02-21,20.6700,20.6700,,,427411738.01409120,8834600624.751265104000,427406000,429983000,427406000,429983000,427411738,427406000,429983000,427406000,429983000,427411738
2013-02-22,20.9000,20.9000,,,427411738.00994575,8932905324.407866175000,427406000,429983000,427406000,429983000,427411738,427406000,429983000,427406000,429983000,427411738
2013-02-25,20.5200,20.5200,,,427411738.02266150,8770488864.225013980000,427406000,429983000,427406000,429983000,427411738,427406000,429983000,427406000,429983000,427411738
2013-02-26,20.7000,20.7000,,,427411738.01239204,8847422976.856515228000,427406000,429983000,427406000,429983000,427411738,427406000,429983000,427406000,429983000,427411738
2013-02-27,21.2300,21.2300,,,427671738.97192854,9079471018.374042904200,427189000,429794000,427189000,429794000,427671739,427189000,429794000,427189000,429794000,427671739
2013-02-28,21.4300,21.4300,,,427671739.02147800,9165005367.230273540000,427189000,429794000,427189000,429794000,427671739,427189000,429794000,427189000,429794000,427671739
2013-03-01,21.5300,21.5300,,,427671739.01560450,9207772541.005964885000,427189000,429794000,427189000,429794000,427671739,427189000,429794000,427189000,429794000,427671739
2013-03-04,21.6500,21.6500,,,427671739.01624036,9259093149.701603794000,427189000,429794000,427189000,429794000,427671739,427189000,429794000,427189000,429794000,427671739
2013-03-05,21.8600,21.8600,,,427671738.99534667,9348904214.438278206200,427189000,429794000,427189000,429794000,427671739,427189000,429794000,427189000,429794000,427671739
2013-03-06,21.7100,21.7100,,,427671739.01022947,9284753453.912081793700,427189000,429794000,427189000,429794000,427671739,427189000,429794000,427189000,429794000,427671739
2013-03-07,21.6300,21.6300,,,427671739.00978530,9250539714.781656039000,427189000,429794000,427189000,429794000,427671739,427189000,429794000,427189000,429794000,427671739
2013-03-08,21.8200,21.8200,,,427671738.99509930,9331797344.873066726000,427189000,429794000,427189000,429794000,427671739,427189000,429794000,427189000,429794000,427671739
2013-03-11,21.8500,21.8500,,,427671738.99214214,9344627496.978305759000,427189000,429794000,427189000,429794000,427671739,427189000,429794000,427189000,429794000,427671739
2013-03-12,21.7700,21.7700,,,427671739.00425170,9310413758.122559509000,427189000,429794000,427189000,429794000,427671739,427189000,429794000,427189000,429794000,427671739
2013-03-13,21.8700,21.8700,,,427671738.99854827,9353180931.898250664900,427189000,429794000,427189000,429794000,427671739,427189000,429794000,427189000,429794000,427671739
2013-03-14,21.8400,21.8400,,,427671739.00151150,9340350779.793011160000,427189000,429794000,427189000,429794000,427671739,427189000,429794000,427189000,429794000,427671739
2013-03-15,23.4100,23.4100,,,427671739.03069320,10011795410.708527812000,427189000,429794000,427189000,429794000,427671739,427189000,429794000,427189000,429794000,427671739
2013-03-18,23.1100,23.1100,,,427671738.97888047,9883493887.801927661700,427189000,429794000,427189000,429794000,427671739,427189000,429794000,427189000,429794000,427671739
2013-03-19,22.9700,22.9700,,,427671738.99589480,9823619844.735703556000,427189000,429794000,427189000,429794000,427671739,427189000,429794000,427189000,429794000,427671739
2013-03-20,23.1200,23.1200,,,427671738.98191607,9887770605.261899538400,427189000,429794000,427189000,429794000,427671739,427189000,429794000,427189000,429794000,427671739
2013-03-21,23.4400,23.4400,,,427671739.02789104,10024625562.813765977600,427189000,429794000,427189000,429794000,427671739,427189000,429794000,427189000,429794000,427671739
2013-03-22,23.4300,23.4300,,,427671739.02491640,10020348845.353791252000,427189000,429794000,427189000,429794000,427671739,427189000,429794000,427189000,429794000,427671739
2013-03-25,23.4100,23.4100,,,427671739.03069320,10011795410.708527812000,427189000,429794000,427189000,429794000,427671739,427189000,429794000,427189000,429794000,427671739
2013-03-26,23.7500,23.7500,,,427671739.00320560,10157203801.326133000000,427189000,429794000,427189000,429794000,427671739,427189000,429794000,427189000,429794000,427671739
2013-03-27,23.6700,23.6700,,,427671739.01438060,10122990062.470388802000,427189000,429794000,427189000,429794000,427671739,427189000,429794000,427189000,429794000,427671739
2013-03-28,23.9600,23.9600,,,427671738.99572160,10247014866.337489536000,427189000,429794000,427189000,429794000,427671739,427189000,429794000,427189000,429794000,427671739
2013-03-29,23.9600,23.9600,,,427671738.99572160,10247014866.337489536000,427189000,429794000,427189000,429794000,427671739,427189000,429794000,427189000,429794000,427671739
2013-04-01,23.8000,23.8000,,,427671739.00635790,10178587388.351318020000,427189000,429794000,427189000,429794000,427671739,427189000,429794000,427189000,429794000,427671739
2013-04-02,23.9600,23.9600,,,427671738.99572160,10247014866.337489536000,427189000,429794000,427189000,429794000,427671739,427189000,429794000,427189000,429794000,427671739
2013-04-03,23.7300,23.7300,,,427671739.00888610,10148650366.680867153000,427189000,429794000,427189000,429794000,427671739,427189000,429794000,427189000,429794000,427671739
2013-04-04,23.9400,23.9400,,,427671739.00134600,10238461431.692223240000,427189000,429794000,427189000,429794000,427671739,427189000,429794000,427189000,429794000,427671739
2013-04-05,23.8700,23.8700,,,427671739.00384460,10208524410.021770602000,427189000,429794000,427189000,429794000,427671739,427189000,429794000,427189000,429794000,427671739
2013-04-08,24.0700,24.0700,,,427671738.99348370,10294058757.573152659000,427189000,429794000,427189000,429794000,427671739,427189000,429794000,427189000,429794000,427671739
2013-04-09,23.9400,23.9400,,,427671739.00134600,10238461431.692223240000,427189000,429794000,427189000,429794000,427671739,427189000,429794000,427189000,429794000,427671739
2013-04-10,24.1000,24.1000,,,427671738.99080470,10306888909.678393270000,427189000,429794000,427189000,429794000,427671739,427189000,429794000,427189000,429794000,427671739
2013-04-11,24.2300,24.2300,,,427671738.98305080,10362486235.559320884000,427189000,429794000,427189000,429794000,427671739,427189000,429794000,427189000,429794000,427671739
2013-04-12,24.0200,24.0200,,,427671738.99034005,10272675170.547968001000,427189000,429794000,427189000,429794000,427671739,427189000,429794000,427189000,429794000,427671739
2013-04-15,23.5100,23.5100,,,427671739.02527510,10054562584.484217601000,427189000,429794000,427189000,429794000,427671739,427189000,429794000,427189000,429794000,427671739
2013-04-16,23.8500,23.8500,,,427671738.99798006,10199970975.101824431000,427189000,429794000,427189000,429794000,427671739,427189000,429794000,427189000,429794000,427671739
2013-04-17,23.5700,23.5700,,,427671739.01971560,10080222888.694696692000,427189000,429794000,427189000,429794000,427671739,427189000,429794000,427189000,429794000,427671739
2013-04-18,23.7400,23.7400,,,427671739.01182985,10152927084.140840639000,427189000,429794000,427189000,429794000,427671739,427189000,429794000,427189000,429794000,427671739
2013-04-19,24.1400,24.1400,,,427671738.97965730,10323995778.968927222000,427189000,429794000,427189000,429794000,427671739,427189000,429794000,427189000,429794000,427671739
2013-04-22,24.0200,24.0200,,,427671738.99034005,10272675170.547968001000,427189000,429794000,427189000,429794000,427671739,427189000,429794000,427189000,429794000,427671739
2013-04-23,24.1900,24.1900,,,427671738.98280734,10345379365.994109554600,427189000,429794000,427189000,429794000,427671739,427189000,429794000,427189000,429794000,427671739
2013-04-24,24.1900,24.1900,,,427671738.98280734,10345379365.994109554600,427189000,429794000,427189000,429794000,427671739,427189000,429794000,427189000,429794000,427671739
2013-04-25,24.3200,24.3200,,,427671738.97512500,10400976691.875040000000,427189000,429794000,427189000,429794000,427671739,427189000,429794000,427189000,429794000,427671739
2013-04-26,24.2600,24.2600,,,427671738.98040235,10375316387.664561011000,427189000,429794000,427189000,429794000,427671739,427189000,429794000,427189000,429794000,427671739
2013-04-29,24.5200,24.5200,,,427671739.02960650,10486511041.005951380000,427189000,429794000,427189000,429794000,427671739,427189000,429794000,427189000,429794000,427671739
2013-04-30,24.6800,24.6800,,,427671739.01912970,10554938518.992120996000,427189000,429794000,427189000,429794000,427671739,427189000,429794000,427189000,429794000,427671739
2013-05-01,24.3400,24.3400,,,427671738.96961004,10409530126.520308373600,427189000,429794000,427189000,429794000,427671739,427189000,429794000,427189000,429794000,427671739
2013-05-02,24.1400,24.1400,,,428530395.01148330,10344723735.577206862000,427961000,429672000,427961000,429672000,428530395,427961000,429672000,427961000,429672000,428530395
2013-05-03,24.3400,24.3400,,,428530395.01093465,10430429814.566149381000,427961000,429672000,427961000,429672000,428530395,427961000,429672000,427961000,429672000,428530395
2013-05-06,24.1800,24.1800,,,428530395.01188886,10361864951.387472634800,427961000,429672000,427961000,429672000,428530395,427961000,429672000,427961000,429672000,428530395
2013-05-07,24.3800,24.3800,,,428530395.01133790,10447571030.376418002000,427961000,429672000,427961000,429672000,428530395,427961000,429672000,427961000,429672000,428530395
2013-05-08,24.2200,24.2200,,,428530395.01229316,10379006167.197740335200,427961000,429672000,427961000,429672000,428530395,427961000,429672000,427961000,429672000,428530395
2013-05-09,24.0900,24.0900,,,428530394.98013294,10323297215.071402524600,427961000,429672000,427961000,429672000,428530395,427961000,429672000,427961000,429672000,428530395
2013-05-10,24.2100,24.2100,,,428530394.97892660,10374720862.439812986000,427961000,429672000,427961000,429672000,428530395,427961000,429672000,427961000,429672000,428530395
2013-05-13,24.0800,24.0800,,,428530395.01216780,10319011911.893000624000,427961000,429672000,427961000,429672000,428530395,427961000,429672000,427961000,429672000,428530395
2013-05-14,24.1300,24.1300,,,428530395.01606154,10340438431.737564960200,427961000,429672000,427961000,429672000,428530395,427961000,429672000,427961000,429672000,428530395
2013-05-15,24.4100,24.4100,,,428530394.97571900,10460426941.357300790000,427961000,429672000,427961000,429672000,428530395,427961000,429672000,427961000,429672000,428530395
2013-05-16,24.1000,24.1000,,,428530394.98648506,10327582519.174289946000,427961000,429672000,427961000,429672000,428530395,427961000,429672000,427961000,429672000,428530395
2013-05-17,24.3000,24.3000,,,428530395.02258650,10413288599.048851950000,427961000,429672000,427961000,429672000,428530395,427961000,429672000,427961000,429672000,428530395
2013-05-20,24.2700,24.2700,,,428530394.99577385,10400432686.547431339500,427961000,429672000,427961000,429672000,428530395,427961000,429672000,427961000,429672000,428530395
2013-05-21,24.3700,24.3700,,,428530394.98033774,10443285725.670830723800,427961000,429672000,427961000,429672000,428530395,427961000,429672000,427961000,429672000,428530395
2013-05-22,23.7400,23.7400,,,428530394.97378050,10173311576.677549070000,427961000,429672000,427961000,429672000,428530395,427961000,429672000,427961000,429672000,428530395
2013-05-23,23.8600,23.8600,,,428530395.02267490,10224735225.241023114000,427961000,429672000,427961000,429672000,428530395,427961000,429672000,427961000,429672000,428530395
2013-05-24,23.5600,23.5600,,,428530395.00182780,10096176106.243062968000,427961000,429672000,427961000,429672000,428530395,427961000,429672000,427961000,429672000,428530395
2013-05-28,23.4300,23.4300,,,428530394.98746866,10040467154.556390703800,427961000,429672000,427961000,429672000,428530395,427961000,429672000,427961000,429672000,428530395
2013-05-29,23.0400,23.0400,,,428530395.01406880,9873340301.124145152000,427961000,429672000,427961000,429672000,428530395,427961000,429672000,427961000,429672000,428530395
2013-05-30,23.2000,23.2000,,,428530394.98906560,9941905163.746321920000,427961000,429672000,427961000,429672000,428530395,427961000,429672000,427961000,429672000,428530395
2013-05-31,23.1800,23.1800,,,428530394.99283920,9933334555.934012656000,427961000,429672000,427961000,429672000,428530395,427961000,429672000,427961000,429672000,428530395
2013-06-03,23.2000,23.2000,,,428530394.98906560,9941905163.746321920000,427961000,429672000,427961000,429672000,428530395,427961000,429672000,427961000,429672000,428530395
2013-06-04,23.1100,23.1100,,,428530394.96954215,9903337427.746119086500,427961000,429672000,427961000,429672000,428530395,427961000,429672000,427961000,429672000,428530395
2013-06-05,22.8500,22.8500,,,428530395.00825787,9791919525.938692329500,427961000,429672000,427961000,429672000,428530395,427961000,429672000,427961000,429672000,428530395
2013-06-06,23.1500,23.1500,,,428530395.02966106,9920478644.936653539000,427961000,429672000,427961000,429672000,428530395,427961000,429672000,427961000,429672000,428530395
2013-06-07,23.3900,23.3900,,,428530394.99230100,10023325938.869920390000,427961000,429672000,427961000,429672000,428530395,427961000,429672000,427961000,429672000,428530395
2013-06-10,23.3300,23.3300,,,428530395.00355740,9997614115.432994142000,427961000,429672000,427961000,429672000,428530395,427961000,429672000,427961000,429672000,428530395
2013-06-11,23.1200,23.1200,,,428530395.00152390,9907622732.435232568000,427961000,429672000,427961000,429672000,428530395,427961000,429672000,427961000,429672000,428530395
2013-06-12,23.0700,23.0700,,,428530394.97441050,9886196212.059650235000,427961000,429672000,427961000,429672000,428530395,427961000,429672000,427961000,429672000,428530395
2013-06-13,23.6200,23.6200,,,428530394.99330410,10121887929.741842842000,427961000,429672000,427961000,429672000,428530395,427961000,429672000,427961000,429672000,428530395
2013-06-14,23.7100,23.7100,,,428530395.01231730,10160455665.742043183000,427961000,429672000,427961000,429672000,428530395,427961000,429672000,427961000,429672000,428530395
2013-06-17,23.5400,23.5400,,,428530395.00555456,10087605498.430754342400,427961000,429672000,427961000,429672000,428530395,427961000,429672000,427961000,429672000,428530395
2013-06-18,23.6700,23.6700,,,428530395.01713437,10143314450.055570537900,427961000,429672000,427961000,429672000,428530395,427961000,429672000,427961000,429672000,428530395
2013-06-19,23.0900,23.0900,,,428530394.97063494,9894766819.871960764600,427961000,429672000,427961000,429672000,428530395,427961000,429672000,427961000,429672000,428530395
2013-06-20,22.4900,22.4900,,,428530394.99519575,9637648583.441952417500,427961000,429672000,427961000,429672000,428530395,427961000,429672000,427961000,429672000,428530395
2013-06-21,22.7600,22.7600,,,428530394.98851020,9753351789.938492152000,427961000,429672000,427961000,429672000,428530395,427961000,429672000,427961000,429672000,428530395
2013-06-24,22.6200,22.6200,,,428530395.01010716,9693357535.128623959200,427961000,429672000,427961000,429672000,428530395,427961000,429672000,427961000,429672000,428530395
2013-06-25,23.0700,23.0700,,,428530394.97441050,9886196212.059650235000,427961000,429672000,427961000,429672000,428530395,427961000,429672000,427961000,429672000,428530395
2013-06-26,23.3000,23.3000,,,428530394.97294930,9984758202.869718690000,427961000,429672000,427961000,429672000,428530395,427961000,429672000,427961000,429672000,428530395
2013-06-27,23.4900,23.4900,,,428530394.97893447,10066178978.055170700300,427961000,429672000,427961000,429672000,428530395,427961000,429672000,427961000,429672000,428530395
2013-06-28,23.4900,23.4900,,,428530394.97893447,10066178978.055170700300,427961000,429672000,427961000,429672000,428530395,427961000,429672000,427961000,429672000,428530395
2013-07-01,23.2700,23.2700,,,428530395.01221370,9971902291.934212799000,427961000,429672000,427961000,429672000,428530395,427961000,429672000,427961000,429672000,428530395
2013-07-02,23.4500,23.4500,,,428530394.98373985,10049037762.368699482500,427961000,429672000,427961000,429672000,428530395,427961000,429672000,427961000,429672000,428530395
2013-07-03,23.3600,23.3600,,,428530395.03143895,10010470027.934413872000,427961000,429672000,427961000,429672000,428530395,427961000,429672000,427961000,429672000,428530395
2013-07-04,23.3600,23.3600,,,428530395.03143895,10010470027.934413872000,427961000,429672000,427961000,429672000,428530395,427961000,429672000,427961000,429672000,428530395
2013-07-05,23.3400,23.3400,,,428530394.96813154,10001899418.556190143600,427961000,429672000,427961000,429672000,428530395,427961000,429672000,427961000,429672000,428530395
2013-07-08,23.6800,23.6800,,,428530394.98482350,10147599753.240620480000,427961000,429672000,427961000,429672000,428530395,427961000,429672000,427961000,429672000,428530395
2013-07-09,23.8600,23.8600,,,428530395.02267490,10224735225.241023114000,427961000,429672000,427961000,429672000,428530395,427961000,429672000,427961000,429672000,428530395
2013-07-10,24.0400,24.0400,,,428530394.99739444,10301870695.737362337600,427961000,429672000,427961000,429672000,428530395,427961000,429672000,427961000,429672000,428530395
2013-07-11,24.3100,24.3100,,,428530394.98856646,10417573902.172050642600,427961000,429672000,427961000,429672000,428530395,427961000,429672000,427961000,429672000,428530395
2013-07-12,24.4000,24.4000,,,428530395.00959450,10456141638.234105800000,427961000,429672000,427961000,429672000,428530395,427961000,429672000,427961000,429672000,428530395
2013-07-15,24.6400,24.6400,,,428530394.97432506,10558988932.167369478400,427961000,429672000,427961000,429672000,428530395,427961000,429672000,427961000,429672000,428530395
2013-07-16,24.5100,24.5100,,,428530395.02434160,10503279982.046612616000,427961000,429672000,427961000,429672000,428530395,427961000,429672000,427961000,429672000,428530395
2013-07-17,24.4600,24.4600,,,428530394.99881566,10481853461.671031043600,427961000,429672000,427961000,429672000,428530395,427961000,429672000,427961000,429672000,428530395
2013-07-18,24.7400,24.7400,,,428530395.02250130,10601841972.856682162000,427961000,429672000,427961000,429672000,428530395,427961000,429672000,427961000,429672000,428530395
2013-07-19,24.6400,24.6400,,,428530394.97432506,10558988932.167369478400,427961000,429672000,427961000,429672000,428530395,427961000,429672000,427961000,429672000,428530395
2013-07-22,24.5800,24.5800,,,428530394.98244876,10533277108.668590520800,427961000,429672000,427961000,429672000,428530395,427961000,429672000,427961000,429672000,428530395
2013-07-23,24.7800,24.7800,,,428530395.01788354,10618983188.543154121200,427961000,429672000,427961000,429672000,428530395,427961000,429672000,427961000,429672000,428530395
2013-07-24,24.4500,24.4500,,,428530394.96858570,10477568156.981920365000,427961000,429672000,427961000,429672000,428530395,427961000,429672000,427961000,429672000,428530395
2013-07-25,24.7100,24.7100,,,428530394.99616600,10588986060.355261860000,427961000,429672000,427961000,429672000,428530395,427961000,429672000,427961000,429672000,428530395
2013-07-26,24.8200,24.8200,,,428530395.01078850,10636124404.167770570000,427961000,429672000,427961000,429672000,428530395,427961000,429672000,427961000,429672000,428530395
2013-07-29,24.6700,24.6700,,,428530395.00076170,10571844844.668791139000,427961000,429672000,427961000,429672000,428530395,427961000,429672000,427961000,429672000,428530395
2013-07-30,24.8300,24.8300,,,428530394.97997665,10640409707.352820219500,427961000,429672000,427961000,429672000,428530395,427961000,429672000,427961000,429672000,428530395
2013-07-31,24.8200,24.8200,,,428530395.01078850,10636124404.167770570000,427961000,429672000,427961000,429672000,428530395,427961000,429672000,427961000,429672000,428530395
2013-08-01,25.1600,25.1600,,,428621467.01686037,10784116110.144206909200,428571000,430554000,428571000,430554000,428621467,428571000,430554000,428571000,430554000,428621467
2013-08-02,25.1100,25.1100,,,428621467.00425310,10762685036.476795341000,428571000,430554000,428571000,430554000,428621467,428571000,430554000,428571000,430554000,428621467
2013-08-05,24.5800,24.5800,,,428621466.97755610,10535515658.308328938000,428571000,430554000,428571000,430554000,428621467,428571000,430554000,428571000,430554000,428621467
2013-08-06,24.6200,24.6200,,,428621467.01521397,10552660517.914567941400,428571000,430554000,428571000,430554000,428621467,428571000,430554000,428571000,430554000,428621467
2013-08-07,24.5300,24.5300,,,428621467.02840730,10514084586.206831069000,428571000,430554000,428571000,430554000,428621467,428571000,430554000,428571000,430554000,428621467
2013-08-08,24.4000,24.4000,,,428621467.02263530,10458363795.352301320000,428571000,430554000,428571000,430554000,428621467,428571000,430554000,428571000,430554000,428621467
2013-08-09,24.2500,24.2500,,,428621466.98350790,10394070574.350066575000,428571000,430554000,428571000,430554000,428621467,428571000,430554000,428571000,430554000,428621467
2013-08-12,24.1100,24.1100,,,428621467.00266945,10334063569.434360439500,428571000,430554000,428571000,430554000,428621467,428571000,430554000,428571000,430554000,428621467
2013-08-13,24.0300,24.0300,,,428621466.99075310,10299773851.787796993000,428571000,430554000,428571000,430554000,428621467,428571000,430554000,428571000,430554000,428621467
2013-08-14,23.5500,23.5500,,,428621467.03054035,10094035548.569225242500,428571000,430554000,428571000,430554000,428621467,428571000,430554000,428571000,430554000,428621467
2013-08-15,23.2900,23.2900,,,428621467.01238453,9982593966.718435703700,428571000,430554000,428571000,430554000,428621467,428571000,430554000,428571000,430554000,428621467
2013-08-16,23.1800,23.1800,,,428621467.00330836,9935445605.136687784800,428571000,430554000,428571000,430554000,428621467,428571000,430554000,428571000,430554000,428621467
2013-08-19,22.9300,22.9300,,,428621467.02593650,9828290238.904723945000,428571000,430554000,428571000,430554000,428621467,428571000,430554000,428571000,430554000,428621467
2013-08-20,23.3100,23.3100,,,428621467.01741534,9991166396.175951575400,428571000,430554000,428571000,430554000,428621467,428571000,430554000,428571000,430554000,428621467
2013-08-21,23.0000,23.0000,,,428621467.01494354,9858293741.343701420000,428571000,430554000,428571000,430554000,428621467,428571000,430554000,428571000,430554000,428621467
2013-08-22,23.0100,23.0100,,,428621466.97880894,9862579955.182393709400,428571000,430554000,428571000,430554000,428621467,428571000,430554000,428571000,430554000,428621467
2013-08-23,23.1700,23.1700,,,428621466.97218820,9931159389.745600594000,428571000,430554000,428571000,430554000,428621467,428571000,430554000,428571000,430554000,428621467
2013-08-26,22.9900,22.9900,,,428621466.97367890,9854007525.724877911000,428571000,430554000,428571000,430554000,428621467,428571000,430554000,428571000,430554000,428621467
2013-08-27,23.0400,23.0400,,,428621467.02511860,9875438600.258732544000,428571000,430554000,428571000,430554000,428621467,428571000,430554000,428571000,430554000,428621467
2013-08-28,23.2000,23.2000,,,428621467.00837090,9944018034.594204880000,428571000,430554000,428571000,430554000,428621467,428571000,430554000,428571000,430554000,428621467
2013-08-29,23.0500,23.0500,,,428621466.99892240,9879724814.325161320000,428571000,430554000,428571000,430554000,428621467,428571000,430554000,428571000,430554000,428621467
2013-08-30,22.9300,22.9300,,,428621467.02593650,9828290238.904723945000,428571000,430554000,428571000,430554000,428621467,428571000,430554000,428571000,430554000,428621467
2013-09-03,22.7600,22.7600,,,428621467.00133690,9755424588.950427844000,428571000,430554000,428571000,430554000,428621467,428571000,430554000,428571000,430554000,428621467
2013-09-04,22.9300,22.9300,,,428621467.02593650,9828290238.904723945000,428571000,430554000,428571000,430554000,428621467,428571000,430554000,428571000,430554000,428621467
2013-09-05,22.7600,22.7600,,,428621467.00133690,9755424588.950427844000,428571000,430554000,428571000,430554000,428621467,428571000,430554000,428571000,430554000,428621467
2013-09-06,22.8100,22.8100,,,428621466.98517700,9776855661.931887370000,428571000,430554000,428571000,430554000,428621467,428571000,430554000,428571000,430554000,428621467
2013-09-09,23.0200,23.0200,,,428621467.02003550,9866866170.801217210000,428571000,430554000,428571000,430554000,428621467,428571000,430554000,428571000,430554000,428621467
2013-09-10,23.1100,23.1100,,,428621467.01418050,9905442102.697711355000,428571000,430554000,428571000,430554000,428621467,428571000,430554000,428571000,430554000,428621467
2013-09-11,22.8600,22.8600,,,428621466.96908784,9798286734.913348022400,428571000,430554000,428571000,430554000,428621467,428571000,430554000,428571000,430554000,428621467
2013-09-12,22.8700,22.8700,,,428621467.00063130,9802572950.304437831000,428571000,430554000,428571000,430554000,428621467,428571000,430554000,428571000,430554000,428621467
2013-09-13,22.8900,22.8900,,,428621467.00576466,9811145379.761953067400,428571000,430554000,428571000,430554000,428621467,428571000,430554000,428571000,430554000,428621467
2013-09-16,22.8700,22.8700,,,428621467.00063130,9802572950.304437831000,428571000,430554000,428571000,430554000,428621467,428571000,430554000,428571000,430554000,428621467
2013-09-17,23.4900,23.4900,,,428621467.00591480,10068318259.968938652000,428571000,430554000,428571000,430554000,428621467,428571000,430554000,428571000,430554000,428621467
2013-09-18,24.3100,24.3100,,,428621467.01405520,10419787863.111681912000,428571000,430554000,428571000,430554000,428621467,428571000,430554000,428571000,430554000,428621467
2013-09-19,24.2100,24.2100,,,428621466.98043644,10376925715.596366212400,428571000,430554000,428571000,430554000,428621467,428571000,430554000,428571000,430554000,428621467
2013-09-20,23.9200,23.9200,,,428621466.98250970,10252625490.221632024000,428571000,430554000,428571000,430554000,428621467,428571000,430554000,428571000,430554000,428621467
2013-09-23,24.2500,24.2500,,,428621466.99955190,10394070574.739133575000,428571000,430554000,428571000,430554000,428621467,428571000,430554000,428571000,430554000,428621467
2013-09-24,24.0300,24.0300,,,428621466.99140143,10299773851.803376362900,428571000,430554000,428571000,430554000,428621467,428571000,430554000,428571000,430554000,428621467
2013-09-25,24.0000,24.0000,,,428621467.01164293,10286915208.279430320000,428571000,430554000,428571000,430554000,428621467,428571000,430554000,428571000,430554000,428621467
2013-09-26,24.0900,24.0900,,,428621467.00605744,10325491140.175923729600,428571000,430554000,428571000,430554000,428621467,428571000,430554000,428571000,430554000,428621467
2013-09-27,23.9300,23.9300,,,428621467.02216690,10256911705.840453917000,428571000,430554000,428571000,430554000,428621467,428571000,430554000,428571000,430554000,428621467
2013-09-30,23.9700,23.9700,,,428621467.03193510,10274056564.755484347000,428571000,430554000,428571000,430554000,428621467,428571000,430554000,428571000,430554000,428621467
2013-10-01,24.1900,24.1900,,,428621466.97556216,10368353286.138848650400,428571000,430554000,428571000,430554000,428621467,428571000,430554000,428571000,430554000,428621467
2013-10-02,24.4100,24.4100,,,428621466.98380196,10462650009.074605843600,428571000,430554000,428571000,430554000,428621467,428571000,430554000,428571000,430554000,428621467
2013-10-03,23.8700,23.8700,,,428621466.99791235,10231194417.240167794500,428571000,430554000,428571000,430554000,428621467,428571000,430554000,428571000,430554000,428621467
2013-10-04,24.1300,24.1300,,,428621467.02522570,10342635999.318696141000,428571000,430554000,428571000,430554000,428621467,428571000,430554000,428571000,430554000,428621467
2013-10-07,23.8700,23.8700,,,428621466.99791235,10231194417.240167794500,428571000,430554000,428571000,430554000,428621467,428571000,430554000,428571000,430554000,428621467
2013-10-08,23.8500,23.8500,,,428621466.99298334,10222621987.782652659000,428571000,430554000,428571000,430554000,428621467,428571000,430554000,428571000,430554000,428621467
2013-10-09,23.9300,23.9300,,,428621467.02216690,10256911705.840453917000,428571000,430554000,428571000,430554000,428621467,428571000,430554000,428571000,430554000,428621467
2013-10-10,24.3400,24.3400,,,428621466.99406850,10432646506.635627290000,428571000,430554000,428571000,430554000,428621467,428571000,430554000,428571000,430554000,428621467
2013-10-11,24.4600,24.4600,,,428621466.96876806,10484081082.056066747600,428571000,430554000,428571000,430554000,428621467,428571000,430554000,428571000,430554000,428621467
2013-10-14,24.4100,24.4100,,,428621466.98380196,10462650009.074605843600,428571000,430554000,428571000,430554000,428621467,428571000,430554000,428571000,430554000,428621467
2013-10-15,24.0400,24.0400,,,428621467.02140030,10304060067.194463212000,428571000,430554000,428571000,430554000,428621467,428571000,430554000,428571000,430554000,428621467
2013-10-16,24.3500,24.3500,,,428621467.02368430,10436932722.026712705000,428571000,430554000,428571000,430554000,428621467,428571000,430554000,428571000,430554000,428621467
2013-10-17,24.6800,24.6800,,,428621466.97697824,10578377804.991822963200,428571000,430554000,428571000,430554000,428621467,428571000,430554000,428571000,430554000,428621467
2013-10-18,24.6000,24.6000,,,428621467.01164293,10544088088.486416078000,428571000,430554000,428571000,430554000,428621467,428571000,430554000,428571000,430554000,428621467
2013-10-21,24.6000,24.6000,,,428621467.01164293,10544088088.486416078000,428571000,430554000,428571000,430554000,428621467,428571000,430554000,428571000,430554000,428621467
2013-10-22,24.7100,24.7100,,,428621467.01094400,10591236449.840426240000,428571000,430554000,428571000,430554000,428621467,428571000,430554000,428571000,430554000,428621467
2013-10-23,24.6800,24.6800,,,428621466.97697824,10578377804.991822963200,428571000,430554000,428571000,430554000,428621467,428571000,430554000,428571000,430554000,428621467
2013-10-24,24.6200,24.6200,,,428621467.01640666,10552660517.943931969200,428571000,430554000,428571000,430554000,428621467,428571000,430554000,428571000,430554000,428621467
2013-10-25,24.8700,24.8700,,,428621467.00456923,10659815884.403636750100,428571000,430554000,428571000,430554000,428621467,428571000,430554000,428571000,430554000,428621467
2013-10-28,24.8400,24.8400,,,428621467.02414210,10646957240.879689764000,428571000,430554000,428571000,430554000,428621467,428571000,430554000,428571000,430554000,428621467
2013-10-29,24.8000,24.8000,,,428621467.01470390,10629812381.964656720000,428571000,430554000,428571000,430554000,428621467,428571000,430554000,428571000,430554000,428621467
2013-10-30,24.4800,24.4800,,,428621466.97359410,10492653511.513583568000,428571000,430554000,428571000,430554000,428621467,428571000,430554000,428571000,430554000,428621467
2013-10-31,24.6000,24.6000,,,428621467.01164293,10544088088.486416078000,428571000,430554000,428571000,430554000,428621467,428571000,430554000,428571000,430554000,428621467
2013-11-01,24.4100,24.4100,,,428621466.98380196,10462650009.074605843600,428571000,430554000,428571000,430554000,428621467,428571000,430554000,428571000,430554000,428621467
2013-11-04,24.4500,24.4500,,,428621466.99344120,10479794867.989637340000,428571000,430554000,428571000,430554000,428621467,428571000,430554000,428571000,430554000,428621467
2013-11-05,24.2600,24.2600,,,428621467.02927536,10398356790.130220233600,428571000,430554000,428571000,430554000,428621467,428571000,430554000,428571000,430554000,428621467
2013-11-06,25.0500,25.0500,,,428640167.01370820,10737436183.693390410000,428628000,430867000,428628000,430867000,428640167,428628000,430867000,428628000,430867000,428640167
2013-11-07,24.7300,24.7300,,,428640166.97844350,10600271329.376907755000,428628000,430867000,428628000,430867000,428640167,428628000,430867000,428628000,430867000,428640167
2013-11-08,24.8200,24.8200,,,428640166.99816114,10638848944.894359494800,428628000,430867000,428628000,430867000,428640167,428628000,430867000,428628000,430867000,428640167
2013-11-11,25.0000,25.0000,,,428640166.97507490,10716004174.376872500000,428628000,430867000,428628000,430867000,428640167,428628000,430867000,428628000,430867000,428640167
2013-11-12,24.9000,24.9000,,,428640167.02307403,10673140158.874543347000,428628000,430867000,428628000,430867000,428640167,428628000,430867000,428628000,430867000,428640167
2013-11-13,24.9800,24.9800,,,428640167.01075400,10707431371.928634920000,428628000,430867000,428628000,430867000,428640167,428628000,430867000,428628000,430867000,428640167
2013-11-14,24.9400,24.9400,,,428640166.97015520,10690285764.235670688000,428628000,430867000,428628000,430867000,428640167,428628000,430867000,428628000,430867000,428640167
2013-11-15,25.0700,25.0700,,,428640167.02486950,10746008987.313478365000,428628000,430867000,428628000,430867000,428640167,428628000,430867000,428628000,430867000,428640167
2013-11-18,24.9100,24.9100,,,428640166.98597115,10677426559.620541346500,428628000,430867000,428628000,430867000,428640167,428628000,430867000,428628000,430867000,428640167
2013-11-19,24.6800,24.6800,,,428640166.98270910,10578839321.133260588000,428628000,430867000,428628000,430867000,428640167,428628000,430867000,428628000,430867000,428640167
2013-11-20,24.3900,24.3900,,,428640167.01066065,10454533673.390013253500,428628000,430867000,428628000,430867000,428640167,428628000,430867000,428628000,430867000,428640167
2013-11-21,24.5400,24.5400,,,428640166.99392120,10518829698.030826248000,428628000,430867000,428628000,430867000,428640167,428628000,430867000,428628000,430867000,428640167
2013-11-22,24.9800,24.9800,,,428640167.01075400,10707431371.928634920000,428628000,430867000,428628000,430867000,428640167,428628000,430867000,428628000,430867000,428640167
2013-11-25,24.8700,24.8700,,,428640167.00711850,10660280953.467037095000,428628000,430867000,428628000,430867000,428640167,428628000,430867000,428628000,430867000,428640167
2013-11-26,23.5800,23.5800,,,428640167.00289220,10107335137.928198076000,428628000,430867000,428628000,430867000,428640167,428628000,430867000,428628000,430867000,428640167
2013-11-27,23.4500,23.4500,,,428640167.01022810,10051611916.389848945000,428628000,430867000,428628000,430867000,428640167,428628000,430867000,428628000,430867000,428640167
2013-11-29,23.4300,23.4300,,,428640167.02037490,10043039113.287383907000,428628000,430867000,428628000,430867000,428640167,428628000,430867000,428628000,430867000,428640167
2013-12-02,23.1300,23.1300,,,428640166.99057555,9914447062.492012471500,428628000,430867000,428628000,430867000,428640167,428628000,430867000,428628000,430867000,428640167
2013-12-03,23.0500,23.0500,,,428640166.96943796,9880155848.645544978000,428628000,430867000,428628000,430867000,428640167,428628000,430867000,428628000,430867000,428640167
2013-12-04,23.0900,23.0900,,,428640167.01336110,9897301456.338507799000,428628000,430867000,428628000,430867000,428640167,428628000,430867000,428628000,430867000,428640167
2013-12-05,23.1900,23.1900,,,428640167.02292913,9940165473.261726524700,428628000,430867000,428628000,430867000,428640167,428628000,430867000,428628000,430867000,428640167
2013-12-06,23.3600,23.3600,,,428640166.99397660,10013034300.979293376000,428628000,430867000,428628000,430867000,428640167,428628000,430867000,428628000,430867000,428640167
2013-12-09,23.2900,23.2900,,,428640166.96741950,9983029488.671200155000,428628000,430867000,428628000,430867000,428640167,428628000,430867000,428628000,430867000,428640167
2013-12-10,23.2400,23.2400,,,428640166.99566780,9961597480.979319672000,428628000,430867000,428628000,430867000,428640167,428628000,430867000,428628000,430867000,428640167
2013-12-11,22.8500,22.8500,,,428640167.01587963,9794427816.312849545500,428628000,430867000,428628000,430867000,428640167,428628000,430867000,428628000,430867000,428640167
2013-12-12,22.8500,22.8500,,,428640167.01587963,9794427816.312849545500,428628000,430867000,428628000,430867000,428640167,428628000,430867000,428628000,430867000,428640167
2013-12-13,22.6800,22.6800,,,428640166.97777020,9721558987.055828136000,428628000,430867000,428628000,430867000,428640167,428628000,430867000,428628000,430867000,428640167
2013-12-16,22.7900,22.7900,,,428640166.98302470,9768709405.543132913000,428628000,430867000,428628000,430867000,428640167,428628000,430867000,428628000,430867000,428640167
2013-12-17,22.8900,22.8900,,,428640166.99285084,9811573422.466355727600,428628000,430867000,428628000,430867000,428640167,428628000,430867000,428628000,430867000,428640167
2013-12-18,22.9900,22.9900,,,428640167.00370973,9854437439.415286692700,428628000,430867000,428628000,430867000,428640167,428628000,430867000,428628000,430867000,428640167
2013-12-19,22.7600,22.7600,,,428640167.00035170,9755850200.928004692000,428628000,430867000,428628000,430867000,428640167,428628000,430867000,428628000,430867000,428640167
2013-12-20,23.2500,23.2500,,,428640166.99000840,9965883882.517695300000,428628000,430867000,428628000,430867000,428640167,428628000,430867000,428628000,430867000,428640167
2013-12-23,23.0600,23.0600,,,428640167.03050210,9884442251.723378426000,428628000,430867000,428628000,430867000,428640167,428628000,430867000,428628000,430867000,428640167
2013-12-24,23.1500,23.1500,,,428640166.97921234,9923019865.568765671000,428628000,430867000,428628000,430867000,428640167,428628000,430867000,428628000,430867000,428640167
2013-12-26,23.0700,23.0700,,,428640167.02478350,9888728653.261755345000,428628000,430867000,428628000,430867000,428640167,428628000,430867000,428628000,430867000,428640167
2013-12-27,23.1200,23.1200,,,428640166.99626460,9910160660.953637552000,428628000,430867000,428628000,430867000,428640167,428628000,430867000,428628000,430867000,428640167
2013-12-30,23.1100,23.1100,,,428640167.00195850,9905874259.415260935000,428628000,430867000,428628000,430867000,428640167,428628000,430867000,428628000,430867000,428640167
2013-12-31,23.1800,23.1800,,,428640167.02861740,9935879071.723351332000,428628000,430867000,428628000,430867000,428640167,428628000,430867000,428628000,430867000,428640167
2014-01-02,22.8200,22.8200,,,428640167.03320426,9781568611.697721213200,428628000,430867000,428628000,430867000,428640167,428628000,430867000,428628000,430867000,428640167
2014-01-03,22.8100,22.8100,,,428640166.97149870,9777282208.619885347000,428628000,430867000,428628000,430867000,428640167,428628000,430867000,428628000,430867000,428640167
2014-01-06,22.8400,22.8400,,,428640167.02164950,9790141414.774474580000,428628000,430867000,428628000,430867000,428640167,428628000,430867000,428628000,430867000,428640167
2014-01-07,23.0800,23.0800,,,428640167.01906980,9893015054.800130984000,428628000,430867000,428628000,430867000,428640167,428628000,430867000,428628000,430867000,428640167
2014-01-08,22.8400,22.8400,,,428640167.02164950,9790141414.774474580000,428628000,430867000,428628000,430867000,428640167,428628000,430867000,428628000,430867000,428640167
2014-01-09,23.1000,23.1000,,,428640167.00765730,9901587857.876883630000,428628000,430867000,428628000,430867000,428640167,428628000,430867000,428628000,430867000,428640167
2014-01-10,23.3800,23.3800,,,428640166.98272230,10021607104.056047374000,428628000,430867000,428628000,430867000,428640167,428628000,430867000,428628000,430867000,428640167
2014-01-13,23.0400,23.0400,,,428640166.97513750,9875869447.107168000000,428628000,430867000,428628000,430867000,428640167,428628000,430867000,428628000,430867000,428640167
2014-01-14,23.2300,23.2300,,,428640167.00133204,9957311079.440943289200,428628000,430867000,428628000,430867000,428640167,428628000,430867000,428628000,430867000,428640167
2014-01-15,23.4600,23.4600,,,428640167.00461310,10055898317.928223326000,428628000,430867000,428628000,430867000,428640167,428628000,430867000,428628000,430867000,428640167
2014-01-16,23.5600,23.5600,,,428640167.01406810,10098762334.851444436000,428628000,430867000,428628000,430867000,428640167,428628000,430867000,428628000,430867000,428640167
2014-01-17,23.4200,23.4200,,,428640167.02600370,10038752711.749006654000,428628000,430867000,428628000,430867000,428640167,428628000,430867000,428628000,430867000,428640167
2014-01-21,23.7100,23.7100,,,428640166.99672110,10163058359.492257281000,428628000,430867000,428628000,430867000,428640167,428628000,430867000,428628000,430867000,428640167
2014-01-22,23.7900,23.7900,,,428640167.01718056,10197349573.338725522400,428628000,430867000,428628000,430867000,428640167,428628000,430867000,428628000,430867000,428640167
2014-01-23,23.5700,23.5700,,,428640167.00847775,10103048736.389820567500,428628000,430867000,428628000,430867000,428640167,428628000,430867000,428628000,430867000,428640167
2014-01-24,23.1500,23.1500,,,428640166.97921234,9923019865.568765671000,428628000,430867000,428628000,430867000,428640167,428628000,430867000,428628000,430867000,428640167
2014-01-27,23.1800,23.1800,,,428640167.02861740,9935879071.723351332000,428628000,430867000,428628000,430867000,428640167,428628000,430867000,428628000,430867000,428640167
2014-01-28,23.3400,23.3400,,,428640167.00525030,10004461497.902542002000,428628000,430867000,428628000,430867000,428640167,428628000,430867000,428628000,430867000,428640167
2014-01-29,23.1500,23.1500,,,428640166.97921234,9923019865.568765671000,428628000,430867000,428628000,430867000,428640167,428628000,430867000,428628000,430867000,428640167
2014-01-30,23.5500,23.5500,,,428640167.01966320,10094475933.313068360000,428628000,430867000,428628000,430867000,428640167,428628000,430867000,428628000,430867000,428640167
2014-01-31,23.4000,23.4000,,,428640166.97148720,10030179907.132800480000,428628000,430867000,428628000,430867000,428640167,428628000,430867000,428628000,430867000,428640167
2014-02-03,23.0500,23.0500,,,428640166.96943796,9880155848.645544978000,428628000,430867000,428628000,430867000,428640167,428628000,430867000,428628000,430867000,428640167
2014-02-04,23.0600,23.0600,,,428640167.03050210,9884442251.723378426000,428628000,430867000,428628000,430867000,428640167,428628000,430867000,428628000,430867000,428640167
2014-02-05,23.0400,23.0400,,,428640166.97513750,9875869447.107168000000,428628000,430867000,428628000,430867000,428640167,428628000,430867000,428628000,430867000,428640167
2014-02-06,23.1800,23.1800,,,428640167.02861740,9935879071.723351332000,428628000,430867000,428628000,430867000,428640167,428628000,430867000,428628000,430867000,428640167
2014-02-07,23.3300,23.3300,,,428640167.01089430,10000175096.364164019000,428628000,430867000,428628000,430867000,428640167,428628000,430867000,428628000,430867000,428640167
2014-02-10,23.4000,23.4000,,,428640166.97148720,10030179907.132800480000,428628000,430867000,428628000,430867000,428640167,428628000,430867000,428628000,430867000,428640167
2014-02-11,23.5600,23.5600,,,428640167.01406810,10098762334.851444436000,428628000,430867000,428628000,430867000,428640167,428628000,430867000,428628000,430867000,428640167
2014-02-12,23.3000,23.3000,,,428640166.97952163,9987315890.622853979000,428628000,430867000,428628000,430867000,428640167,428628000,430867000,428628000,430867000,428640167
2014-02-13,23.5000,23.5000,,,428640166.98442340,10073043924.133949900000,428628000,430867000,428628000,430867000,428640167,428628000,430867000,428628000,430867000,428640167
2014-02-14,24.0500,24.0500,,,428640167.03101736,10308796017.095967508000,428628000,430867000,428628000,430867000,428640167,428628000,430867000,428628000,430867000,428640167
2014-02-18,24.0900,24.0900,,,428640167.00721800,10325941623.203881620000,428628000,430867000,428628000,430867000,428640167,428628000,430867000,428628000,430867000,428640167
2014-02-19,24.1400,24.1400,,,428640166.97705245,10347373630.826046143000,428628000,430867000,428628000,430867000,428640167,428628000,430867000,428628000,430867000,428640167
2014-02-20,24.2800,24.2800,,,428640167.01815170,10407383255.200723276000,428628000,430867000,428628000,430867000,428640167,428628000,430867000,428628000,430867000,428640167
2014-02-21,24.4800,24.4800,,,428640167.02358127,10493111288.737269489600,428628000,430867000,428628000,430867000,428640167,428628000,430867000,428628000,430867000,428640167
2014-02-24,24.3800,24.3800,,,428640167.02087760,10450247271.968995888000,428628000,430867000,428628000,430867000,428640167,428628000,430867000,428628000,430867000,428640167
2014-02-25,24.1900,24.1900,,,428640167.01001050,10368805639.972153995000,428628000,430867000,428628000,430867000,428640167,428628000,430867000,428628000,430867000,428640167
2014-02-26,23.5500,23.5500,,,428841791.96811056,10099224200.849003688000,428466000,430930000,428466000,430930000,426000000,428466000,430930000,428466000,430930000,426000000
2014-02-27,23.5600,23.5600,,,428841791.99089260,10103512619.305429656000,428466000,430930000,428466000,430930000,426000000,428466000,430930000,428466000,430930000,426000000
2014-02-28,23.6500,23.6500,,,428841791.99690700,10142108380.726850550000,428466000,430930000,428466000,430930000,426000000,428466000,430930000,428466000,430930000,426000000
2014-03-03,23.4800,23.4800,,,428841791.99605380,10069205276.067343224000,428466000,430930000,428466000,430930000,426000000,428466000,430930000,428466000,430930000,426000000
2014-03-04,23.6100,23.6100,,,428841791.99370027,10124954708.971263374700,428466000,430930000,428466000,430930000,426000000,428466000,430930000,428466000,430930000,426000000
2014-03-05,23.3300,23.3300,,,428841792.01776737,10004879007.774512742100,428466000,430930000,428466000,430930000,426000000,428466000,430930000,428466000,430930000,426000000
2014-03-06,23.2500,23.2500,,,428841792.02307210,9970571664.536426325000,428466000,430930000,428466000,430930000,426000000,428466000,430930000,428466000,430930000,426000000
2014-03-07,23.1900,23.1900,,,428841791.98538494,9944841156.141076758600,428466000,430930000,428466000,430930000,426000000,428466000,430930000,428466000,430930000,426000000
2014-03-10,23.0900,23.0900,,,428841791.96779200,9901956976.536317280000,428466000,430930000,428466000,430930000,426000000,428466000,430930000,428466000,430930000,426000000
2014-03-11,23.3100,23.3100,,,428841791.98347270,9996302171.134748637000,428466000,430930000,428466000,430930000,426000000,428466000,430930000,428466000,430930000,426000000
2014-03-12,23.4200,23.4200,,,428841792.02373750,10043474769.195932250000,428466000,430930000,428466000,430930000,426000000,428466000,430930000,428466000,430930000,426000000
2014-03-13,23.9400,23.9400,,,428841791.99582410,10266472500.380028954000,428466000,430930000,428466000,430930000,426000000,428466000,430930000,428466000,430930000,426000000
2014-03-14,23.9000,23.9000,,,428841791.99265450,10249318828.624442550000,428466000,430930000,428466000,430930000,426000000,428466000,430930000,428466000,430930000,426000000
2014-03-17,24.2500,24.2500,,,428841792.02775145,10399413456.672972662500,428466000,430930000,428466000,430930000,426000000,428466000,430930000,428466000,430930000,426000000
2014-03-18,24.0500,24.0500,,,428841791.97161233,10313645096.917276536500,428466000,430930000,428466000,430930000,426000000,428466000,430930000,428466000,430930000,426000000
2014-03-19,23.8700,23.8700,,,428841792.01195145,10236453575.325281111500,428466000,430930000,428466000,430930000,426000000,428466000,430930000,428466000,430930000,426000000
2014-03-20,23.7000,23.7000,,,428841792.01121414,10163550470.665775118000,428466000,430930000,428466000,430930000,426000000,428466000,430930000,428466000,430930000,426000000
2014-03-21,23.7200,23.7200,,,428841791.98067445,10172127305.781597954000,428466000,430930000,428466000,430930000,426000000,428466000,430930000,428466000,430930000,426000000
2014-03-24,23.5400,23.5400,,,428841792.02164850,10094935784.189605690000,428466000,430930000,428466000,430930000,426000000,428466000,430930000,428466000,430930000,426000000
2014-03-25,23.3900,23.3900,,,428841791.97831696,10030609514.372833694400,428466000,430930000,428466000,430930000,426000000,428466000,430930000,428466000,430930000,426000000
2014-03-26,23.2800,23.2800,,,428841792.00324690,9983436917.835587832000,428466000,430930000,428466000,430930000,426000000,428466000,430930000,428466000,430930000,426000000
2014-03-27,23.3900,23.3900,,,428841791.97831696,10030609514.372833694400,428466000,430930000,428466000,430930000,426000000,428466000,430930000,428466000,430930000,426000000
2014-03-28,23.5400,23.5400,,,428841792.02164850,10094935784.189605690000,428466000,430930000,428466000,430930000,426000000,428466000,430930000,428466000,430930000,426000000
2014-03-31,23.6900,23.6900,,,428841791.98857534,10159262052.209349804600,428466000,430930000,428466000,430930000,426000000,428466000,430930000,428466000,430930000,426000000
2014-04-01,23.8200,23.8200,,,428841791.99774800,10215011485.386357360000,428466000,430930000,428466000,430930000,426000000,428466000,430930000,428466000,430930000,426000000
2014-04-02,23.9700,23.9700,,,428841791.97660375,10279337753.679191887500,428466000,430930000,428466000,430930000,426000000,428466000,430930000,428466000,430930000,426000000
2014-04-03,23.8700,23.8700,,,428841792.01195145,10236453575.325281111500,428466000,430930000,428466000,430930000,426000000,428466000,430930000,428466000,430930000,426000000
2014-04-04,23.8000,23.8000,,,428841791.97561693,10206434649.019682934000,428466000,430930000,428466000,430930000,426000000,428466000,430930000,428466000,430930000,426000000
2014-04-07,23.3900,23.3900,,,428841791.97831696,10030609514.372833694400,428466000,430930000,428466000,430930000,426000000,428466000,430930000,428466000,430930000,426000000
2014-04-08,23.6900,23.6900,,,428841791.98857534,10159262052.209349804600,428466000,430930000,428466000,430930000,426000000,428466000,430930000,428466000,430930000,426000000
2014-04-09,23.8600,23.8600,,,428841792.00091970,10232165157.141944042000,428466000,430930000,428466000,430930000,426000000,428466000,430930000,428466000,430930000,426000000
2014-04-10,23.9600,23.9600,,,428841792.02920675,10275049337.019793730000,428466000,430930000,428466000,430930000,426000000,428466000,430930000,428466000,430930000,426000000
2014-04-11,24.0000,24.0000,,,428841792.02092874,10292203008.502289760000,428466000,430930000,428466000,430930000,426000000,428466000,430930000,428466000,430930000,426000000
2014-04-14,24.0500,24.0500,,,428841791.97161233,10313645096.917276536500,428466000,430930000,428466000,430930000,426000000,428466000,430930000,428466000,430930000,426000000
2014-04-15,24.4600,24.4600,,,428841791.96909755,10489470231.564126073000,428466000,430930000,428466000,430930000,426000000,428466000,430930000,428466000,430930000,426000000
2014-04-16,24.7000,24.7000,,,428841792.01628830,10592392262.802321010000,428466000,430930000,428466000,430930000,426000000,428466000,430930000,428466000,430930000,426000000
2014-04-17,24.6100,24.6100,,,428841792.01060130,10553796501.380897993000,428466000,430930000,428466000,430930000,426000000,428466000,430930000,428466000,430930000,426000000
2014-04-21,24.4000,24.4000,,,428841792.00679530,10463739724.965805320000,428466000,430930000,428466000,430930000,426000000,428466000,430930000,428466000,430930000,426000000
2014-04-22,24.5500,24.5500,,,428841791.97497140,10528065992.985547870000,428466000,430930000,428466000,430930000,426000000,428466000,430930000,428466000,430930000,426000000
2014-04-23,24.6200,24.6200,,,428841792.02129304,10558084919.564234644800,428466000,430930000,428466000,430930000,426000000,428466000,430930000,428466000,430930000,426000000
2014-04-24,24.5600,24.5600,,,428841791.99682310,10532354411.441975336000,428466000,430930000,428466000,430930000,426000000,428466000,430930000,428466000,430930000,426000000
2014-04-25,24.8600,24.8600,,,428841792.00637530,10661006949.278489958000,428466000,430930000,428466000,430930000,426000000,428466000,430930000,428466000,430930000,426000000
2014-04-28,24.8200,24.8200,,,428841792.00334010,10643853277.522901282000,428466000,430930000,428466000,430930000,426000000,428466000,430930000,428466000,430930000,426000000
2014-04-29,24.5900,24.5900,,,428841791.97808600,10545219664.741134740000,428466000,430930000,428466000,430930000,426000000,428466000,430930000,428466000,430930000,426000000
2014-04-30,24.7600,24.7600,,,428841791.97902435,10618122769.400642906000,428466000,430930000,428466000,430930000,426000000,428466000,430930000,428466000,430930000,426000000
2014-05-01,24.7400,24.7400,,,429748467.01120466,10631977073.857203288400,429163000,430559000,429163000,430559000,429748467,429163000,430559000,429163000,430559000,429748467
2014-05-02,24.2900,24.2900,,,429748467.03055400,10438590264.172156660000,429163000,430559000,429163000,430559000,429748467,429163000,430559000,429163000,430559000,429748467
2014-05-05,24.4700,24.4700,,,429748466.97099730,10515944986.780303931000,429163000,430559000,429163000,430559000,429748467,429163000,430559000,429163000,430559000,429748467
2014-05-06,24.2500,24.2500,,,429748467.01062673,10421400325.007698202500,429163000,430559000,429163000,430559000,429748467,429163000,430559000,429163000,430559000,429748467
2014-05-07,24.5100,24.5100,,,429748466.98127866,10533134925.711139956600,429163000,430559000,429163000,430559000,429748467,429163000,430559000,429163000,430559000,429748467
2014-05-08,24.3600,24.3600,,,429748466.99072250,10468672655.894000100000,429163000,430559000,429163000,430559000,429748467,429163000,430559000,429163000,430559000,429748467
2014-05-09,23.9500,23.9500,,,429748467.03020510,10292475785.373412145000,429163000,430559000,429163000,430559000,429748467,429163000,430559000,429163000,430559000,429748467
2014-05-12,23.7300,23.7300,,,429748467.00703210,10197931122.076871733000,429163000,430559000,429163000,430559000,429748467,429163000,430559000,429163000,430559000,429748467
2014-05-13,23.6700,23.6700,,,429748466.98128390,10172146213.446989913000,429163000,430559000,429163000,430559000,429748467,429163000,430559000,429163000,430559000,429748467
2014-05-14,23.7000,23.7000,,,429748466.96882120,10185038667.161062440000,429163000,430559000,429163000,430559000,429748467,429163000,430559000,429163000,430559000,429748467
2014-05-15,23.5500,23.5500,,,429748467.00832800,10120576398.046124400000,429163000,430559000,429163000,430559000,429748467,429163000,430559000,429163000,430559000,429748467
2014-05-16,23.8800,23.8800,,,429748466.97159610,10262393391.281714868000,429163000,430559000,429163000,430559000,429748467,429163000,430559000,429163000,430559000,429748467
2014-05-19,23.5100,23.5100,,,429748466.96826770,10103386458.423973627000,429163000,430559000,429163000,430559000,429748467,429163000,430559000,429163000,430559000,429748467
2014-05-20,23.6400,23.6400,,,429748466.97767025,10159253759.352124710000,429163000,430559000,429163000,430559000,429748467,429163000,430559000,429163000,430559000,429748467
2014-05-21,23.6800,23.6800,,,429748467.01749470,10176443698.974274496000,429163000,430559000,429163000,430559000,429748467,429163000,430559000,429163000,430559000,429748467
2014-05-22,24.0300,24.0300,,,429748466.99564296,10326855661.905300328800,429163000,430559000,429163000,430559000,429748467,429163000,430559000,429163000,430559000,429748467
2014-05-23,23.8700,23.8700,,,429748467.01765250,10258095907.711365175000,429163000,430559000,429163000,430559000,429748467,429163000,430559000,429163000,430559000,429748467
2014-05-27,23.9600,23.9600,,,429748466.98736920,10296773269.017366032000,429163000,430559000,429163000,430559000,429748467,429163000,430559000,429163000,430559000,429748467
2014-05-28,24.0100,24.0100,,,429748466.97120310,10318260691.978586431000,429163000,430559000,429163000,430559000,429748467,429163000,430559000,429163000,430559000,429748467
2014-05-29,24.0600,24.0600,,,429748467.02742016,10339748116.679729049600,429163000,430559000,429163000,430559000,429748467,429163000,430559000,429163000,430559000,429748467
2014-05-30,24.1200,24.1200,,,429748467.01860166,10365533024.488672039200,429163000,430559000,429163000,430559000,429748467,429163000,430559000,429163000,430559000,429748467
2014-06-02,24.0800,24.0800,,,429748466.97950670,10348343084.866521336000,429163000,430559000,429163000,430559000,429748467,429163000,430559000,429163000,430559000,429748467
2014-06-03,24.0200,24.0200,,,429748466.97861385,10322558176.826304677000,429163000,430559000,429163000,430559000,429748467,429163000,430559000,429163000,430559000,429748467
2014-06-04,23.9400,23.9400,,,429748467.02586890,10288178300.599301466000,429163000,430559000,429163000,430559000,429748467,429163000,430559000,429163000,430559000,429748467
2014-06-05,24.1000,24.1000,,,429748467.00386864,10356938054.793234224000,429163000,430559000,429163000,430559000,429748467,429163000,430559000,429163000,430559000,429748467
2014-06-06,24.0500,24.0500,,,429748467.01042570,10335450631.600738085000,429163000,430559000,429163000,430559000,429748467,429163000,430559000,429163000,430559000,429748467
2014-06-09,23.9300,23.9300,,,429748467.01845300,10283880815.751580290000,429163000,430559000,429163000,430559000,429748467,429163000,430559000,429163000,430559000,429748467
2014-06-10,23.8900,23.8900,,,429748466.97904694,10266690876.129431396600,429163000,430559000,429163000,430559000,429748467,429163000,430559000,429163000,430559000,429748467
2014-06-11,23.8100,23.8100,,,429748467.02656120,10232310999.902422172000,429163000,430559000,429163000,430559000,429748467,429163000,430559000,429163000,430559000,429748467
2014-06-12,23.9500,23.9500,,,429748466.97028680,10292475783.938368860000,429163000,430559000,429163000,430559000,429748467,429163000,430559000,429163000,430559000,429748467
2014-06-13,24.0100,24.0100,,,429748466.97120310,10318260691.978586431000,429163000,430559000,429163000,430559000,429748467,429163000,430559000,429163000,430559000,429748467
2014-06-16,24.6300,24.6300,,,429748466.97578690,10584704741.613631347000,429163000,430559000,429163000,430559000,429748467,429163000,430559000,429163000,430559000,429748467
2014-06-17,24.4800,24.4800,,,429748467.01383540,10520242472.498690592000,429163000,430559000,429163000,430559000,429748467,429163000,430559000,429163000,430559000,429748467
2014-06-18,24.7700,24.7700,,,429748466.99190550,10644869527.389499235000,429163000,430559000,429163000,430559000,429748467,429163000,430559000,429163000,430559000,429748467
2014-06-19,24.9700,24.9700,,,429748467.00863373,10730819221.205584238100,429163000,430559000,429163000,430559000,429748467,429163000,430559000,429163000,430559000,429748467
2014-06-20,24.5800,24.5800,,,429748466.98214537,10563217318.421133194600,429163000,430559000,429163000,430559000,429748467,429163000,430559000,429163000,430559000,429748467
2014-06-23,24.6100,24.6100,,,429748467.01322910,10576109773.195568151000,429163000,430559000,429163000,430559000,429748467,429163000,430559000,429163000,430559000,429748467
2014-06-24,24.7600,24.7600,,,429748466.98472470,10640572042.541783572000,429163000,430559000,429163000,430559000,429748467,429163000,430559000,429163000,430559000,429748467
2014-06-25,25.0600,25.0600,,,429748466.97048324,10769496582.280309994400,429163000,430559000,429163000,430559000,429748467,429163000,430559000,429163000,430559000,429748467
2014-06-26,25.1600,25.1600,,,429748467.00885046,10812471429.942677573600,429163000,430559000,429163000,430559000,429748467,429163000,430559000,429163000,430559000,429748467
2014-06-27,25.3600,25.3600,,,429748467.02518773,10898421123.758760832800,429163000,430559000,429163000,430559000,429748467,429163000,430559000,429163000,430559000,429748467
2014-06-30,25.5400,25.5400,,,429748467.01832944,10975775847.648133897600,429163000,430559000,429163000,430559000,429748467,429163000,430559000,429163000,430559000,429748467
2014-07-01,25.3800,25.3800,,,429748466.97973010,10907016091.945549938000,429163000,430559000,429163000,430559000,429748467,429163000,430559000,429163000,430559000,429748467
2014-07-02,24.9100,24.9100,,,429748467.00784296,10705034313.165368133600,429163000,430559000,429163000,430559000,429748467,429163000,430559000,429163000,430559000,429748467
2014-07-03,24.7700,24.7700,,,429748466.99190550,10644869527.389499235000,429163000,430559000,429163000,430559000,429748467,429163000,430559000,429163000,430559000,429748467
2014-07-07,24.7800,24.7800,,,429748466.99908066,10649167012.237218754800,429163000,430559000,429163000,430559000,429748467,429163000,430559000,429163000,430559000,429748467
2014-07-08,24.8300,24.8300,,,429748466.99273930,10670654435.429716819000,429163000,430559000,429163000,430559000,429748467,429163000,430559000,429163000,430559000,429748467
2014-07-09,24.9000,24.9000,,,429748467.00070890,10700736828.317651610000,429163000,430559000,429163000,430559000,429748467,429163000,430559000,429163000,430559000,429748467
2014-07-10,25.0600,25.0600,,,429748466.97048324,10769496582.280309994400,429163000,430559000,429163000,430559000,429748467,429163000,430559000,429163000,430559000,429748467
2014-07-11,24.9700,24.9700,,,429748467.00863373,10730819221.205584238100,429163000,430559000,429163000,430559000,429748467,429163000,430559000,429163000,430559000,429748467
2014-07-14,24.7200,24.7200,,,429748466.99826060,10623382104.197002032000,429163000,430559000,429163000,430559000,429748467,429163000,430559000,429163000,430559000,429748467
2014-07-15,24.9000,24.9000,,,429748467.00070890,10700736828.317651610000,429163000,430559000,429163000,430559000,429748467,429163000,430559000,429163000,430559000,429748467
2014-07-16,24.9200,24.9200,,,429748467.01497144,10709331798.013088284800,429163000,430559000,429163000,430559000,429748467,429163000,430559000,429163000,430559000,429748467
2014-07-17,24.8100,24.8100,,,429748467.02989320,10662059467.011650292000,429163000,430559000,429163000,430559000,429748467,429163000,430559000,429163000,430559000,429748467
2014-07-18,25.0700,25.0700,,,429748466.97758390,10773794067.128028373000,429163000,430559000,429163000,430559000,429748467,429163000,430559000,429163000,430559000,429748467
2014-07-21,25.1300,25.1300,,,429748466.97844190,10799578975.168244947000,429163000,430559000,429163000,430559000,429748467,429163000,430559000,429163000,430559000,429748467
2014-07-22,25.1200,25.1200,,,429748466.97135854,10795281490.320526524800,429163000,430559000,429163000,430559000,429748467,429163000,430559000,429163000,430559000,429748467
2014-07-23,25.0000,25.0000,,,429748467.02994970,10743711675.748742500000,429163000,430559000,429163000,430559000,429748467,429163000,430559000,429163000,430559000,429748467
2014-07-24,25.1600,25.1600,,,429748467.00885046,10812471429.942677573600,429163000,430559000,429163000,430559000,429748467,429163000,430559000,429163000,430559000,429748467
2014-07-25,24.8700,24.8700,,,429748466.96997270,10687844373.543221049000,429163000,430559000,429163000,430559000,429748467,429163000,430559000,429163000,430559000,429748467
2014-07-28,25.1500,25.1500,,,429748467.00178754,10808173945.094956631000,429163000,430559000,429163000,430559000,429748467,429163000,430559000,429163000,430559000,429748467
2014-07-29,24.9800,24.9800,,,429748467.01574475,10735116706.053303855000,429163000,430559000,429163000,430559000,429748467,429163000,430559000,429163000,430559000,429748467
2014-07-30,24.5600,24.5600,,,429748467.02908570,10554622350.234344792000,429163000,430559000,429163000,430559000,429748467,429163000,430559000,429163000,430559000,429748467
2014-07-31,24.3200,24.3200,,,429748466.97352420,10451482716.796108544000,429163000,430559000,429163000,430559000,429748467,429163000,430559000,429163000,430559000,429748467
2014-08-01,24.4900,24.4900,,,429748467.02108650,10524539957.346408385000,429163000,430559000,429163000,430559000,429748467,429163000,430559000,429163000,430559000,429748467
2014-08-04,24.4500,24.4500,,,429748466.98258730,10507350017.724259485000,429163000,430559000,429163000,430559000,429748467,429163000,430559000,429163000,430559000,429748467
2014-08-05,23.9400,23.9400,,,429748467.02586890,10288178300.599301466000,429163000,430559000,429163000,430559000,429748467,429163000,430559000,429163000,430559000,429748467
2014-08-06,23.5600,23.5600,,,429795830.01421565,10125989755.134920714000,429773000,431409000,429773000,431409000,429795830,429773000,431409000,429773000,431409000,429795830
2014-08-07,23.8800,23.8800,,,429795830.00606490,10263524420.544829812000,429773000,431409000,429773000,431409000,429795830,429773000,431409000,429773000,431409000,429795830
2014-08-08,24.3300,24.3300,,,429795829.97457683,10456932543.281454273900,429773000,431409000,429773000,431409000,429795830,429773000,431409000,429773000,431409000,429795830
2014-08-11,24.3600,24.3600,,,429795829.97355530,10469826418.155807108000,429773000,431409000,429773000,431409000,429795830,429773000,431409000,429773000,431409000,429795830
2014-08-12,24.3900,24.3900,,,429795829.97253630,10482720293.030160357000,429773000,431409000,429773000,431409000,429795830,429773000,431409000,429773000,431409000,429795830
2014-08-13,24.2300,24.2300,,,429795829.99870527,10413952960.868628692100,429773000,431409000,429773000,431409000,429795830,429773000,431409000,429773000,431409000,429795830
2014-08-14,24.5000,24.5000,,,429795830.03036696,10529997835.743990520000,429773000,431409000,429773000,431409000,429795830,429773000,431409000,429773000,431409000,429795830
2014-08-15,24.5100,24.5100,,,429795830.02663650,10534295793.952860615000,429773000,431409000,429773000,431409000,429795830,429773000,431409000,429773000,431409000,429795830
2014-08-18,24.3900,24.3900,,,429795829.97464130,10482720293.081501307000,429773000,431409000,429773000,431409000,429795830,429773000,431409000,429773000,431409000,429795830
2014-08-19,24.6500,24.6500,,,429795830.01006070,10594467209.747996255000,429773000,431409000,429773000,431409000,429795830,429773000,431409000,429773000,431409000,429795830
2014-08-20,24.6900,24.6900,,,429795829.99528040,10611659042.583473076000,429773000,431409000,429773000,431409000,429795830,429773000,431409000,429773000,431409000,429795830
2014-08-21,24.6900,24.6900,,,429795829.99528040,10611659042.583473076000,429773000,431409000,429773000,431409000,429795830,429773000,431409000,429773000,431409000,429795830
2014-08-22,24.5200,24.5200,,,429795830.02290890,10538593752.161726228000,429773000,431409000,429773000,431409000,429795830,429773000,431409000,429773000,431409000,429795830
2014-08-25,24.7900,24.7900,,,429795829.99367225,10654638625.543135077500,429773000,431409000,429773000,431409000,429795830,429773000,431409000,429773000,431409000,429795830
2014-08-26,24.5600,24.5600,,,429795830.00802940,10555785584.997202064000,429773000,431409000,429773000,431409000,429795830,429773000,431409000,429773000,431409000,429795830
2014-08-27,24.6300,24.6300,,,429795830.01746890,10585871293.330259007000,429773000,431409000,429773000,431409000,429795830,429773000,431409000,429773000,431409000,429795830
2014-08-28,24.8400,24.8400,,,429795829.97534130,10676128416.587477892000,429773000,431409000,429773000,431409000,429795830,429773000,431409000,429773000,431409000,429795830
2014-08-29,24.8400,24.8400,,,429795829.97534130,10676128416.587477892000,429773000,431409000,429773000,431409000,429795830,429773000,431409000,429773000,431409000,429795830
2014-09-01,24.7400,24.7400,,,429795829.97687215,10633148833.627816991000,429773000,431409000,429773000,431409000,429795830,429773000,431409000,429773000,431409000,429795830
2014-09-02,24.7400,24.7400,,,429795829.97687215,10633148833.627816991000,429773000,431409000,429773000,431409000,429795830,429773000,431409000,429773000,431409000,429795830
2014-09-03,24.8800,24.8800,,,429795830.02077603,10693320250.916907626400,429773000,431409000,429773000,431409000,429795830,429773000,431409000,429773000,431409000,429795830
2014-09-04,24.7500,24.7500,,,429795830.00839030,10637446792.707659925000,429773000,431409000,429773000,431409000,429795830,429773000,431409000,429773000,431409000,429795830
2014-09-05,25.0200,25.0200,,,429795830.00447834,10753491666.712048066800,429773000,431409000,429773000,431409000,429795830,429773000,431409000,429773000,431409000,429795830
2014-09-08,24.8500,24.8500,,,429795829.97168400,10680426374.796347400000,429773000,431409000,429773000,431409000,429795830,429773000,431409000,429773000,431409000,429795830
2014-09-09,24.6900,24.6900,,,429795829.99528040,10611659042.583473076000,429773000,431409000,429773000,431409000,429795830,429773000,431409000,429773000,431409000,429795830
2014-09-10,24.6100,24.6100,,,429795830.02488923,10577275376.912523950300,429773000,431409000,429773000,431409000,429795830,429773000,431409000,429773000,431409000,429795830
2014-09-11,24.7500,24.7500,,,429795830.00839030,10637446792.707659925000,429773000,431409000,429773000,431409000,429795830,429773000,431409000,429773000,431409000,429795830
2014-09-12,24.2500,24.2500,,,429795829.99119030,10422548877.286364775000,429773000,431409000,429773000,431409000,429795830,429773000,431409000,429773000,431409000,429795830
2014-09-15,24.2700,24.2700,,,429795829.98368780,10431144793.704102906000,429773000,431409000,429773000,431409000,429795830,429773000,431409000,429773000,431409000,429795830
2014-09-16,24.4300,24.4300,,,429795829.99541354,10499912126.787952782200,429773000,431409000,429773000,431409000,429795830,429773000,431409000,429773000,431409000,429795830
2014-09-17,24.2200,24.2200,,,429795830.00246733,10409655002.659758732600,429773000,431409000,429773000,431409000,429795830,429773000,431409000,429773000,431409000,429795830
2014-09-18,24.2200,24.2200,,,429795830.00246733,10409655002.659758732600,429773000,431409000,429773000,431409000,429795830,429773000,431409000,429773000,431409000,429795830
2014-09-19,24.0600,24.0600,,,429795830.02688620,10340887670.446881972000,429773000,431409000,429773000,431409000,429795830,429773000,431409000,429773000,431409000,429795830
2014-09-22,23.8500,23.8500,,,429795830.00820583,10250630545.695709045500,429773000,431409000,429773000,431409000,429795830,429773000,431409000,429773000,431409000,429795830
2014-09-23,23.8600,23.8600,,,429795830.00438297,10254928503.904577664200,429773000,431409000,429773000,431409000,429795830,429773000,431409000,429773000,431409000,429795830
2014-09-24,23.8700,23.8700,,,429795830.00056326,10259226462.113445016200,429773000,431409000,429773000,431409000,429795830,429773000,431409000,429773000,431409000,429795830
2014-09-25,23.9400,23.9400,,,429795829.97391510,10289312169.575527494000,429773000,431409000,429773000,431409000,429795830,429773000,431409000,429773000,431409000,429795830
2014-09-26,24.3900,24.3900,,,429795829.97464130,10482720293.081501307000,429773000,431409000,429773000,431409000,429795830,429773000,431409000,429773000,431409000,429795830
2014-09-29,24.4600,24.4600,,,429795829.98424200,10512806001.414559320000,429773000,431409000,429773000,431409000,429795830,429773000,431409000,429773000,431409000,429795830
2014-09-30,24.4700,24.4700,,,429795829.98052420,10517103959.623427174000,429773000,431409000,429773000,431409000,429795830,429773000,431409000,429773000,431409000,429795830
2014-10-01,24.5400,24.5400,,,429795830.01546305,10547189668.579463247000,429773000,431409000,429773000,431409000,429795830,429773000,431409000,429773000,431409000,429795830
2014-10-02,24.5300,24.5300,,,429795830.01918450,10542891710.370595785000,429773000,431409000,429773000,431409000,429795830,429773000,431409000,429773000,431409000,429795830
2014-10-03,24.7300,24.7300,,,429795829.98054780,10628850875.418947094000,429773000,431409000,429773000,431409000,429795830,429773000,431409000,429773000,431409000,429795830
2014-10-06,24.6200,24.6200,,,429795830.02117753,10581573335.121390788600,429773000,431409000,429773000,431409000,429795830,429773000,431409000,429773000,431409000,429795830
2014-10-07,24.4800,24.4800,,,429795829.97680950,10521401917.832296560000,429773000,431409000,429773000,431409000,429795830,429773000,431409000,429773000,431409000,429795830
2014-10-08,24.7500,24.7500,,,429795830.00839030,10637446792.707659925000,429773000,431409000,429773000,431409000,429795830,429773000,431409000,429773000,431409000,429795830
2014-10-09,24.1900,24.1900,,,429795830.01377230,10396761128.033151937000,429773000,431409000,429773000,431409000,429795830,429773000,431409000,429773000,431409000,429795830
2014-10-10,24.0800,24.0800,,,429795830.01929480,10349483586.864618784000,429773000,431409000,429773000,431409000,429795830,429773000,431409000,429773000,431409000,429795830
2014-10-13,23.1600,23.1600,,,429795830.02741490,9954071423.434929084000,429773000,431409000,429773000,431409000,429795830,429773000,431409000,429773000,431409000,429795830
2014-10-14,22.8100,22.8100,,,429795830.02580523,9803642882.888617296300,429773000,431409000,429773000,431409000,429795830,429773000,431409000,429773000,431409000,429795830
2014-10-15,22.1400,22.1400,,,429795830.01005423,9515679676.422600652200,429773000,431409000,429773000,431409000,429795830,429773000,431409000,429773000,431409000,429795830
2014-10-16,22.5500,22.5500,,,429795830.02630170,9691895967.093103335000,429773000,431409000,429773000,431409000,429795830,429773000,431409000,429773000,431409000,429795830
2014-10-17,23.1700,23.1700,,,429795830.02346990,9958369381.643797583000,429773000,431409000,429773000,431409000,429795830,429773000,431409000,429773000,431409000,429795830
2014-10-20,23.5400,23.5400,,,429795829.99086106,10117393837.984869352400,429773000,431409000,429773000,431409000,429795830,429773000,431409000,429773000,431409000,429795830
2014-10-21,23.8700,23.8700,,,429795830.00056326,10259226462.113445016200,429773000,431409000,429773000,431409000,429795830,429773000,431409000,429773000,431409000,429795830
2014-10-22,23.5200,23.5200,,,429795829.99860260,10108797921.567133152000,429773000,431409000,429773000,431409000,429795830,429773000,431409000,429773000,431409000,429795830
2014-10-23,23.8200,23.8200,,,429795830.01969370,10237736671.069103934000,429773000,431409000,429773000,431409000,429795830,429773000,431409000,429773000,431409000,429795830
2014-10-24,24.0000,24.0000,,,429795829.98748815,10315099919.699715600000,429773000,431409000,429773000,431409000,429795830,429773000,431409000,429773000,431409000,429795830
2014-10-27,24.0100,24.0100,,,429795829.98369770,10319397877.908581777000,429773000,431409000,429773000,431409000,429795830,429773000,431409000,429773000,431409000,429795830
2014-10-28,24.2900,24.2900,,,429795830.01205500,10439740710.992815950000,429773000,431409000,429773000,431409000,429795830,429773000,431409000,429773000,431409000,429795830
2014-10-29,24.2000,24.2000,,,429795830.01000090,10401059086.242021780000,429773000,431409000,429773000,431409000,429795830,429773000,431409000,429773000,431409000,429795830
2014-10-30,24.4100,24.4100,,,429795830.02839790,10491316210.993192739000,429773000,431409000,429773000,431409000,429795830,429773000,431409000,429773000,431409000,429795830
2014-10-31,24.5500,24.5500,,,429795830.01174474,10551487626.788333367000,429773000,431409000,429773000,431409000,429795830,429773000,431409000,429773000,431409000,429795830
2014-11-03,24.8800,24.8800,,,429795830.02077603,10693320250.916907626400,429773000,431409000,429773000,431409000,429795830,429773000,431409000,429773000,431409000,429795830
2014-11-04,24.6400,24.6400,,,429795830.01376337,10590169251.539129436800,429773000,431409000,429773000,431409000,429795830,429773000,431409000,429773000,431409000,429795830
2014-11-05,25.1300,25.1300,,,429795829.99922710,10800769207.880577023000,429796000,431573000,429796000,431573000,429795830,429796000,431573000,429796000,431573000,429795830
2014-11-06,24.9400,24.9400,,,429795829.97382280,10719107999.547140632000,429796000,431573000,429796000,431573000,429795830,429796000,431573000,429796000,431573000,429795830
2014-11-07,25.2300,25.2300,,,429795829.99763143,10843748790.840240978900,429796000,431573000,429796000,431573000,429795830,429796000,431573000,429796000,431573000,429795830
2014-11-10,25.3800,25.3800,,,429795829.97810274,10908218164.844247541200,429796000,431573000,429796000,431573000,429795830,429796000,431573000,429796000,431573000,429795830
2014-11-11,25.3000,25.3000,,,429795829.97242385,10873834498.302323405000,429796000,431573000,429796000,431573000,429795830,429796000,431573000,429796000,431573000,429795830
2014-11-12,24.5700,24.5700,,,429795829.98536330,10560083542.740376281000,429796000,431573000,429796000,431573000,429795830,429796000,431573000,429796000,431573000,429795830
2014-11-13,24.1900,24.1900,,,429795829.99394315,10396761127.553484798500,429796000,431573000,429796000,431573000,429795830,429796000,431573000,429796000,431573000,429795830
2014-11-14,24.0400,24.0400,,,429795830.02954936,10332291753.910366614400,429796000,431573000,429796000,431573000,429795830,429796000,431573000,429796000,431573000,429795830
2014-11-17,24.3800,24.3800,,,429795830.01997120,10478422335.886897856000,429796000,431573000,429796000,431573000,429795830,429796000,431573000,429796000,431573000,429795830
2014-11-18,24.5900,24.5900,,,429795830.00312960,10568679459.776956864000,429796000,431573000,429796000,431573000,429795830,429796000,431573000,429796000,431573000,429795830
2014-11-19,24.3800,24.3800,,,429795830.01997120,10478422335.886897856000,429796000,431573000,429796000,431573000,429795830,429796000,431573000,429796000,431573000,429795830
2014-11-20,24.3300,24.3300,,,429795830.02329695,10456932544.466814793500,429796000,431573000,429796000,431573000,429795830,429796000,431573000,429796000,431573000,429795830
2014-11-21,24.3400,24.3400,,,429795829.98413056,10461230501.813737830400,429796000,431573000,429796000,431573000,429795830,429796000,431573000,429796000,431573000,429795830
2014-11-24,24.3500,24.3500,,,429795830.00577390,10465528460.640594465000,429796000,431573000,429796000,431573000,429795830,429796000,431573000,429796000,431573000,429795830
2014-11-25,24.3100,24.3100,,,429795830.00535720,10448336627.430233532000,429796000,431573000,429796000,431573000,429795830,429796000,431573000,429796000,431573000,429795830
2014-11-26,24.2700,24.2700,,,429795830.03036696,10431144794.837006119200,429796000,431573000,429796000,431573000,429795830,429796000,431573000,429796000,431573000,429795830
2014-11-28,23.9400,23.9400,,,429795829.97453076,10289312169.590266394400,429796000,431573000,429796000,431573000,429795830,429796000,431573000,429796000,431573000,429795830
2014-12-01,23.5000,23.5000,,,429795829.99036473,10100202004.773571155000,429796000,431573000,429796000,431573000,429795830,429796000,431573000,429796000,431573000,429795830
2014-12-02,23.7700,23.7700,,,429795830.02832866,10216246879.773372248200,429796000,431573000,429796000,431573000,429795830,429796000,431573000,429796000,431573000,429795830
2014-12-03,24.0900,24.0900,,,429795830.02617060,10353781545.330449754000,429796000,431573000,429796000,431573000,429795830,429796000,431573000,429796000,431573000,429795830
2014-12-04,23.9200,23.9200,,,429795830.01812790,10280716254.033619368000,429796000,431573000,429796000,431573000,429795830,429796000,431573000,429796000,431573000,429795830
2014-12-05,23.5500,23.5500,,,429795829.98699164,10121691796.193653122000,429796000,431573000,429796000,431573000,429795830,429796000,431573000,429796000,431573000,429795830
2014-12-08,23.3000,23.3000,,,429795830.03048784,10014242839.710366672000,429796000,431573000,429796000,431573000,429795830,429796000,431573000,429796000,431573000,429795830
2014-12-09,23.4500,23.4500,,,429795829.99375210,10078712213.353486745000,429796000,431573000,429796000,431573000,429795830,429796000,431573000,429796000,431573000,429795830
2014-12-10,22.6500,22.6500,,,429795830.00104540,9734875549.523678310000,429796000,431573000,429796000,431573000,429795830,429796000,431573000,429796000,431573000,429795830
2014-12-11,22.5800,22.5800,,,429795829.98525316,9704789841.067016352800,429796000,431573000,429796000,431573000,429795830,429796000,431573000,429796000,431573000,429795830
2014-12-12,22.0000,22.0000,,,429795830.00908140,9455508260.199790800000,429796000,431573000,429796000,431573000,429795830,429796000,431573000,429796000,431573000,429795830
2014-12-15,21.5400,21.5400,,,429795830.00680190,9257802178.346512926000,429796000,431573000,429796000,431573000,429795830,429796000,431573000,429796000,431573000,429795830
2014-12-16,21.7100,21.7100,,,429795830.01581500,9330867469.643343650000,429796000,431573000,429796000,431573000,429795830,429796000,431573000,429796000,431573000,429795830
2014-12-17,22.4900,22.4900,,,429795829.98828685,9666108216.436571256500,429796000,431573000,429796000,431573000,429795830,429796000,431573000,429796000,431573000,429795830
2014-12-18,23.0000,23.0000,,,429795830.01422020,9885304090.327064600000,429796000,431573000,429796000,431573000,429795830,429796000,431573000,429796000,431573000,429795830
2014-12-19,23.1000,23.1000,,,429795829.98052377,9928283672.550099087000,429796000,431573000,429796000,431573000,429795830,429796000,431573000,429796000,431573000,429795830
2014-12-22,23.2700,23.2700,,,429795829.98912470,10001348963.846931769000,429796000,431573000,429796000,431573000,429795830,429796000,431573000,429796000,431573000,429795830
2014-12-23,23.4500,23.4500,,,429795829.99375210,10078712213.353486745000,429796000,431573000,429796000,431573000,429795830,429796000,431573000,429796000,431573000,429795830
2014-12-24,23.7600,23.7600,,,429795829.96985320,10211948920.083712032000,429796000,431573000,429796000,431573000,429795830,429796000,431573000,429796000,431573000,429795830
2014-12-26,23.9300,23.9300,,,429795829.97829276,10285014211.380545746800,429796000,431573000,429796000,431573000,429795830,429796000,431573000,429796000,431573000,429795830
2014-12-29,24.2900,24.2900,,,429795829.98738796,10439740710.393653548400,429796000,431573000,429796000,431573000,429795830,429796000,431573000,429796000,431573000,429795830
2014-12-30,23.8200,23.8200,,,429795830.02491410,10237736671.193453862000,429796000,431573000,429796000,431573000,429795830,429796000,431573000,429796000,431573000,429795830
2014-12-31,23.4300,23.4300,,,429795829.97511340,10070116296.316906962000,429796000,431573000,429796000,431573000,429795830,429796000,431573000,429796000,431573000,429795830
2015-01-02,23.6300,23.6300,,,429795829.99830896,10156075462.860040724800,429796000,431573000,429796000,431573000,429795830,429796000,431573000,429796000,431573000,429795830
2015-01-05,22.8800,22.8800,,,429795830.00219920,9833728590.450317696000,429796000,431573000,429796000,431573000,429795830,429796000,431573000,429796000,431573000,429795830
2015-01-06,22.3700,22.3700,,,429795830.00344014,9614532717.176955931800,429796000,431573000,429796000,431573000,429795830,429796000,431573000,429796000,431573000,429795830
2015-01-07,22.6600,22.6600,,,429795829.99706100,9739173507.733402260000,429796000,431573000,429796000,431573000,429795830,429796000,431573000,429796000,431573000,429795830
2015-01-08,23.2000,23.2000,,,429795829.97371846,9971263255.390268272000,429796000,431573000,429796000,431573000,429795830,429796000,431573000,429796000,431573000,429795830
2015-01-09,22.7100,22.7100,,,429795829.99354850,9760663299.153486435000,429796000,431573000,429796000,431573000,429795830,429796000,431573000,429796000,431573000,429795830
2015-01-12,22.7600,22.7600,,,429795829.99005145,9782153090.573571002000,429796000,431573000,429796000,431573000,429795830,429796000,431573000,429796000,431573000,429795830
2015-01-13,22.6400,22.6400,,,429795829.97777486,9730577590.696822830400,429796000,431573000,429796000,431573000,429795830,429796000,431573000,429796000,431573000,429795830
2015-01-14,22.6200,22.6200,,,429795830.02388040,9721981675.140174648000,429796000,431573000,429796000,431573000,429795830,429796000,431573000,429796000,431573000,429795830
2015-01-15,22.6600,22.6600,,,429795829.99706100,9739173507.733402260000,429796000,431573000,429796000,431573000,429795830,429796000,431573000,429796000,431573000,429795830
2015-01-16,23.0000,23.0000,,,429795830.01422020,9885304090.327064600000,429796000,431573000,429796000,431573000,429795830,429796000,431573000,429796000,431573000,429795830
2015-01-20,22.8900,22.8900,,,429795829.99825430,9838026548.660040927000,429796000,431573000,429796000,431573000,429795830,429796000,431573000,429796000,431573000,429795830
2015-01-21,23.1500,23.1500,,,429795829.97711380,9949773463.970184470000,429796000,431573000,429796000,431573000,429795830,429796000,431573000,429796000,431573000,429795830
2015-01-22,22.8900,22.8900,,,429795829.99825430,9838026548.660040927000,429796000,431573000,429796000,431573000,429795830,429796000,431573000,429796000,431573000,429795830
2015-01-23,22.9700,22.9700,,,429795829.97229560,9872410214.463629932000,429796000,431573000,429796000,431573000,429795830,429796000,431573000,429796000,431573000,429795830
2015-01-26,23.0000,23.0000,,,429795830.01422020,9885304090.327064600000,429796000,431573000,429796000,431573000,429795830,429796000,431573000,429796000,431573000,429795830
2015-01-27,23.1400,23.1400,,,429795830.01829135,9945475506.623261839000,429796000,431573000,429796000,431573000,429795830,429796000,431573000,429796000,431573000,429795830
2015-01-28,22.7600,22.7600,,,429795829.99005145,9782153090.573571002000,429796000,431573000,429796000,431573000,429795830,429796000,431573000,429796000,431573000,429795830
2015-01-29,23.3700,23.3700,,,429795829.98233205,10044328546.687100008500,429796000,431573000,429796000,431573000,429795830,429796000,431573000,429796000,431573000,429795830
2015-01-30,23.0900,23.0900,,,429795829.98442520,9923985714.340377868000,429796000,431573000,429796000,431573000,429795830,429796000,431573000,429796000,431573000,429795830
2015-02-02,22.9000,22.9000,,,429795830.02126193,9842324507.486898197000,429796000,431573000,429796000,431573000,429795830,429796000,431573000,429796000,431573000,429795830
2015-02-03,22.8400,22.8400,,,429795830.00174950,9816536757.239958580000,429796000,431573000,429796000,431573000,429795830,429796000,431573000,429796000,431573000,429795830
2015-02-04,22.8000,22.8000,,,429795830.02836540,9799344924.646731120000,429796000,431573000,429796000,431573000,429795830,429796000,431573000,429796000,431573000,429795830
2015-02-05,23.1900,23.1900,,,429795830.01480573,9966965298.043344878700,429796000,431573000,429796000,431573000,429795830,429796000,431573000,429796000,431573000,429795830
2015-02-06,22.2200,22.2200,,,429795830.01425314,9550063342.916704770800,429796000,431573000,429796000,431573000,429795830,429796000,431573000,429796000,431573000,429795830
2015-02-09,22.1900,22.1900,,,429795829.97085480,9537169467.053268012000,429796000,431573000,429796000,431573000,429795830,429796000,431573000,429796000,431573000,429795830
2015-02-10,22.6700,22.6700,,,429795830.02030250,9743471466.560257675000,429796000,431573000,429796000,431573000,429795830,429796000,431573000,429796000,431573000,429795830
2015-02-11,21.6500,21.6500,,,429795830.02603024,9305079720.063554696000,429796000,431573000,429796000,431573000,429795830,429796000,431573000,429796000,431573000,429795830
2015-02-12,22.1100,22.1100,,,429795830.00105930,9502785801.323421123000,429796000,431573000,429796000,431573000,429795830,429796000,431573000,429796000,431573000,429795830
2015-02-13,21.7600,21.7600,,,429795829.99791470,9352357260.754623872000,429796000,431573000,429796000,431573000,429795830,429796000,431573000,429796000,431573000,429795830
2015-02-17,21.6000,21.6000,,,429795830.01274025,9283589928.275189400000,429796000,431573000,429796000,431573000,429795830,429796000,431573000,429796000,431573000,429795830
2015-02-18,21.9400,21.9400,,,429795830.03082340,9429720510.876265396000,429796000,431573000,429796000,431573000,429795830,429796000,431573000,429796000,431573000,429795830
2015-02-19,21.6100,21.6100,,,429795829.96911240,9287887885.632518964000,429796000,431573000,429796000,431573000,429795830,429796000,431573000,429796000,431573000,429795830
2015-02-20,21.7300,21.7300,,,429795830.03260314,9339463386.608466232200,429796000,431573000,429796000,431573000,429795830,429796000,431573000,429796000,431573000,429795830
2015-02-23,21.6800,21.6800,,,429795829.99122274,9317973594.209709003200,429796000,431573000,429796000,431573000,429795830,429796000,431573000,429796000,431573000,429795830
2015-02-24,22.0400,22.0400,,,429795829.97941154,9472700092.746230341600,429796000,431573000,429796000,431573000,429795830,429796000,431573000,429796000,431573000,429795830
2015-02-25,21.5700,21.5700,,,429795829.97984510,9270696052.665258807000,429796000,431573000,429796000,431573000,429795830,429796000,431573000,429796000,431573000,429795830
2015-02-26,21.0200,21.0200,,,429802702.97560600,9034452816.547238120000,429634000,431668000,429634000,431668000,430300000,429634000,431668000,429634000,431668000,430300000
2015-02-27,20.7900,20.7900,,,429802703.02048860,8935598195.795957994000,429634000,431668000,429634000,431668000,430300000,429634000,431668000,429634000,431668000,430300000
2015-03-02,20.6900,20.6900,,,429802702.99334264,8892617924.932259221600,429634000,431668000,429634000,431668000,430300000,429634000,431668000,429634000,431668000,430300000
2015-03-03,20.7800,20.7800,,,429802702.97685295,8931300167.859004301000,429634000,431668000,429634000,431668000,430300000,429634000,431668000,429634000,431668000,430300000
2015-03-04,20.7400,20.7400,,,429802702.98119813,8914108059.830049216200,429634000,431668000,429634000,431668000,430300000,429634000,431668000,429634000,431668000,430300000
2015-03-05,20.9600,20.9600,,,429802703.03301185,9008664655.571928376000,429634000,431668000,429634000,431668000,430300000,429634000,431668000,429634000,431668000,430300000
2015-03-06,20.6500,20.6500,,,429802702.97857860,8875425816.507648090000,429634000,431668000,429634000,431668000,430300000,429634000,431668000,429634000,431668000,430300000
2015-03-09,20.7300,20.7300,,,429802703.00804967,8909810033.356869659100,429634000,431668000,429634000,431668000,430300000,429634000,431668000,429634000,431668000,430300000
2015-03-10,20.6400,20.6400,,,429802703.02471540,8871127790.430125856000,429634000,431668000,429634000,431668000,430300000,429634000,431668000,429634000,431668000,430300000
2015-03-11,20.4600,20.4600,,,429802702.96760530,8793763302.717204438000,429634000,431668000,429634000,431668000,430300000,429634000,431668000,429634000,431668000,430300000
2015-03-12,20.7400,20.7400,,,429802702.98119813,8914108059.830049216200,429634000,431668000,429634000,431668000,430300000,429634000,431668000,429634000,431668000,430300000
2015-03-13,20.5400,20.5400,,,429802702.99739170,8828147519.566425518000,429634000,431668000,429634000,431668000,430300000,429634000,431668000,429634000,431668000,430300000
2015-03-16,20.7000,20.7000,,,429802702.96644630,8896915951.405438410000,429634000,431668000,429634000,431668000,430300000,429634000,431668000,429634000,431668000,430300000
2015-03-17,20.7000,20.7000,,,429802702.96644630,8896915951.405438410000,429634000,431668000,429634000,431668000,430300000,429634000,431668000,429634000,431668000,430300000
2015-03-18,21.3500,21.3500,,,429802703.00844670,9176287709.230337045000,429634000,431668000,429634000,431668000,430300000,429634000,431668000,429634000,431668000,430300000
2015-03-19,20.8400,20.8400,,,429802702.98935187,8957088330.298092970800,429634000,431668000,429634000,431668000,430300000,429634000,431668000,429634000,431668000,430300000
2015-03-20,21.1700,21.1700,,,429802702.97180310,9098923221.913071627000,429634000,431668000,429634000,431668000,430300000,429634000,431668000,429634000,431668000,430300000
2015-03-23,20.9100,20.9100,,,429802702.97514874,8987174519.210360153400,429634000,431668000,429634000,431668000,430300000,429634000,431668000,429634000,431668000,430300000
2015-03-24,20.7900,20.7900,,,429802703.02048860,8935598195.795957994000,429634000,431668000,429634000,431668000,430300000,429634000,431668000,429634000,431668000,430300000
2015-03-25,20.5800,20.5800,,,429802703.01219815,8845339627.991037927000,429634000,431668000,429634000,431668000,430300000,429634000,431668000,429634000,431668000,430300000
2015-03-26,20.4200,20.4200,,,429802702.97200036,8776571194.688247351200,429634000,431668000,429634000,431668000,430300000,429634000,431668000,429634000,431668000,430300000
2015-03-27,20.6200,20.6200,,,429802703.00775900,8862531736.019990580000,429634000,431668000,429634000,431668000,430300000,429634000,431668000,429634000,431668000,430300000
2015-03-30,20.6300,20.6300,,,429802702.98076445,8866829762.493170603500,429634000,431668000,429634000,431668000,430300000,429634000,431668000,429634000,431668000,430300000
2015-03-31,20.4100,20.4100,,,429802702.99926850,8772273168.215070085000,429634000,431668000,429634000,431668000,430300000,429634000,431668000,429634000,431668000,430300000
2015-04-01,20.7800,20.7800,,,429802702.97685295,8931300167.859004301000,429634000,431668000,429634000,431668000,430300000,429634000,431668000,429634000,431668000,430300000
2015-04-02,20.7200,20.7200,,,429802703.03492707,8905512006.883688890400,429634000,431668000,429634000,431668000,430300000,429634000,431668000,429634000,431668000,430300000
2015-04-06,21.0600,21.0600,,,429802702.97132930,9051644924.576195058000,429634000,431668000,429634000,431668000,430300000,429634000,431668000,429634000,431668000,430300000
2015-04-07,20.8700,20.8700,,,429802703.03064310,8969982412.249521497000,429634000,431668000,429634000,431668000,430300000,429634000,431668000,429634000,431668000,430300000
2015-04-08,20.6900,20.6900,,,429802702.99334264,8892617924.932259221600,429634000,431668000,429634000,431668000,430300000,429634000,431668000,429634000,431668000,430300000
2015-04-09,20.5200,20.5200,,,429802702.99960770,8819551465.551950004000,429634000,431668000,429634000,431668000,430300000,429634000,431668000,429634000,431668000,430300000
2015-04-10,20.7600,20.7600,,,429802702.97902346,8922704113.844527029600,429634000,431668000,429634000,431668000,430300000,429634000,431668000,429634000,431668000,430300000
2015-04-13,20.5600,20.5600,,,429802702.99518010,8836743573.580902856000,429634000,431668000,429634000,431668000,430300000,429634000,431668000,429634000,431668000,430300000
2015-04-14,20.7200,20.7200,,,429802703.03492707,8905512006.883688890400,429634000,431668000,429634000,431668000,430300000,429634000,431668000,429634000,431668000,430300000
2015-04-15,21.3100,21.3100,,,429802703.01273510,9159095601.201384981000,429634000,431668000,429634000,431668000,430300000,429634000,431668000,429634000,431668000,430300000
2015-04-16,20.8600,20.8600,,,429802703.00614700,8965684384.708226420000,429634000,431668000,429634000,431668000,430300000,429634000,431668000,429634000,431668000,430300000
2015-04-17,20.9000,20.9000,,,429802703.02071005,8982876493.132840045000,429634000,431668000,429634000,431668000,430300000,429634000,431668000,429634000,431668000,430300000
2015-04-20,21.1200,21.1200,,,429802703.00241190,9077433087.410939328000,429634000,431668000,429634000,431668000,430300000,429634000,431668000,429634000,431668000,430300000
2015-04-21,20.6600,20.6600,,,429802703.02248800,8879723844.444602080000,429634000,431668000,429634000,431668000,430300000,429634000,431668000,429634000,431668000,430300000
2015-04-22,20.8300,20.8300,,,429802703.03507304,8952790304.220571423200,429634000,431668000,429634000,431668000,430300000,429634000,431668000,429634000,431668000,430300000
2015-04-23,20.9700,20.9700,,,429802702.98757500,9012962681.649447750000,429634000,431668000,429634000,431668000,430300000,429634000,431668000,429634000,431668000,430300000
2015-04-24,21.0500,21.0500,,,429802703.01656400,9047346898.498672200000,429634000,431668000,429634000,431668000,430300000,429634000,431668000,429634000,431668000,430300000
2015-04-27,20.8100,20.8100,,,429802703.01828134,8944194249.810434685400,429634000,431668000,429634000,431668000,430300000,429634000,431668000,429634000,431668000,430300000
2015-04-28,21.0100,21.0100,,,429802703.00209710,9030154790.074060071000,429634000,431668000,429634000,431668000,430300000,429634000,431668000,429634000,431668000,430300000
2015-04-29,21.1300,21.1300,,,429802703.02660840,9081731114.952235492000,429634000,431668000,429634000,431668000,430300000,429634000,431668000,429634000,431668000,430300000
2015-04-30,20.9700,20.9700,,,429802702.98757500,9012962681.649447750000,429634000,431668000,429634000,431668000,430300000,429634000,431668000,429634000,431668000,430300000
2015-05-01,21.0600,21.0600,,,429802702.97132930,9051644924.576195058000,429634000,431668000,429634000,431668000,430300000,429634000,431668000,429634000,431668000,430300000
2015-05-04,21.1100,21.1100,,,429802703.02879020,9073135060.937761122000,429634000,431668000,429634000,431668000,430300000,429634000,431668000,429634000,431668000,430300000
2015-05-05,20.7000,20.7000,,,429802702.96644630,8896915951.405438410000,429634000,431668000,429634000,431668000,430300000,429634000,431668000,429634000,431668000,430300000
2015-05-06,20.3600,20.3600,,,429802703.03108734,8750783033.712938242400,429634000,431668000,429634000,431668000,430300000,429634000,431668000,429634000,431668000,430300000
2015-05-07,20.3000,20.3000,,,429802702.99892560,8724994870.878189680000,429634000,431668000,429634000,431668000,430300000,429634000,431668000,429634000,431668000,430300000
2015-05-08,20.7200,20.7200,,,429802703.03492707,8905512006.883688890400,429634000,431668000,429634000,431668000,430300000,429634000,431668000,429634000,431668000,430300000
2015-05-11,20.5000,20.5000,,,430207010.97473030,8819243724.981971150000,429955000,431183000,429955000,431183000,430207011,429955000,431183000,429955000,431183000,430207011
2015-05-12,20.0400,20.0400,,,430207011.01485693,8621348500.737732877200,429955000,431183000,429955000,431183000,430207011,429955000,431183000,429955000,431183000,430207011
2015-05-13,19.8400,19.8400,,,430207010.96659017,8535307097.577148972800,429955000,431183000,429955000,431183000,430207011,429955000,431183000,429955000,431183000,430207011
2015-05-14,20.2000,20.2000,,,430207010.98586510,8690181621.914475020000,429955000,431183000,429955000,431183000,430207011,429955000,431183000,429955000,431183000,430207011
2015-05-15,20.3900,20.3900,,,430207010.96859735,8771920953.649699966500,429955000,431183000,429955000,431183000,430207011,429955000,431183000,429955000,431183000,430207011
2015-05-18,20.4200,20.4200,,,430207010.98076415,8784827164.227203943000,429955000,431183000,429955000,431183000,430207011,429955000,431183000,429955000,431183000,430207011
2015-05-19,20.3900,20.3900,,,430207010.96859735,8771920953.649699966500,429955000,431183000,429955000,431183000,430207011,429955000,431183000,429955000,431183000,430207011
2015-05-20,20.5300,20.5300,,,430207011.01346403,8832149936.106416535900,429955000,431183000,429955000,431183000,430207011,429955000,431183000,429955000,431183000,430207011
2015-05-21,20.5100,20.5100,,,430207010.97491350,8823545795.095475885000,429955000,431183000,429955000,431183000,430207011,429955000,431183000,429955000,431183000,430207011
2015-05-22,20.4400,20.4400,,,430207010.99833786,8793431304.806025858400,429955000,431183000,429955000,431183000,430207011,429955000,431183000,429955000,431183000,430207011
2015-05-26,20.2700,20.2700,,,430207011.03352857,8720296113.649624113900,429955000,431183000,429955000,431183000,430207011,429955000,431183000,429955000,431183000,430207011
2015-05-27,20.2400,20.2400,,,430207010.97127190,8707389902.058543256000,429955000,431183000,429955000,431183000,430207011,429955000,431183000,429955000,431183000,430207011
2015-05-28,20.3800,20.3800,,,430207010.99524724,8767618884.083138751200,429955000,431183000,429955000,431183000,430207011,429955000,431183000,429955000,431183000,430207011
2015-05-29,20.3700,20.3700,,,430207011.02192320,8763316814.516575584000,429955000,431183000,429955000,431183000,430207011,429955000,431183000,429955000,431183000,430207011
2015-06-01,20.2200,20.2200,,,430207011.00362500,8698785762.493297500000,429955000,431183000,429955000,431183000,430207011,429955000,431183000,429955000,431183000,430207011
2015-06-02,19.7300,19.7300,,,430207011.00575936,8487984327.143632172800,429955000,431183000,429955000,431183000,430207011,429955000,431183000,429955000,431183000,430207011
2015-06-03,19.6200,19.6200,,,430207010.97168285,8440661555.264417517000,429955000,431183000,429955000,431183000,430207011,429955000,431183000,429955000,431183000,430207011
2015-06-04,19.3000,19.3000,,,430207011.01123595,8302995312.516853835000,429955000,431183000,429955000,431183000,430207011,429955000,431183000,429955000,431183000,430207011
2015-06-05,19.3200,19.3200,,,430207011.02979696,8311599453.095677267200,429955000,431183000,429955000,431183000,430207011,429955000,431183000,429955000,431183000,430207011
2015-06-08,19.1800,19.1800,,,430207011.00474864,8251370471.071078915200,429955000,431183000,429955000,431183000,430207011,429955000,431183000,429955000,431183000,430207011
2015-06-09,19.2900,19.2900,,,430207011.01701266,8298693242.518174211400,429955000,431183000,429955000,431183000,430207011,429955000,431183000,429955000,431183000,430207011
2015-06-10,19.3900,19.3900,,,430207011.00490600,8341713943.385127340000,429955000,431183000,429955000,431183000,430207011,429955000,431183000,429955000,431183000,430207011
2015-06-11,19.4900,19.4900,,,430207010.99292356,8384734644.252080184400,429955000,431183000,429955000,431183000,430207011,429955000,431183000,429955000,431183000,430207011
2015-06-12,19.2600,19.2600,,,430207011.02662450,8285787032.372787870000,429955000,431183000,429955000,431183000,430207011,429955000,431183000,429955000,431183000,430207011
2015-06-15,19.1300,19.1300,,,430207010.97306610,8229860119.914754493000,429955000,431183000,429955000,431183000,430207011,429955000,431183000,429955000,431183000,430207011
2015-06-16,19.0800,19.0800,,,430207011.01698770,8208349770.204125316000,429955000,431183000,429955000,431183000,430207011,429955000,431183000,429955000,431183000,430207011
2015-06-17,19.3900,19.3900,,,430207011.00490600,8341713943.385127340000,429955000,431183000,429955000,431183000,430207011,429955000,431183000,429955000,431183000,430207011
2015-06-18,19.6700,19.6700,,,430207011.00257975,8462171906.420743682500,429955000,431183000,429955000,431183000,430207011,429955000,431183000,429955000,431183000,430207011
2015-06-19,19.5200,19.5200,,,430207010.98347664,8397640854.397464012800,429955000,431183000,429955000,431183000,430207011,429955000,431183000,429955000,431183000,430207011
2015-06-22,19.7100,19.7100,,,430207010.98756015,8479380186.564810556500,429955000,431183000,429955000,431183000,430207011,429955000,431183000,429955000,431183000,430207011
2015-06-23,19.3400,19.3400,,,430207010.97356780,8320203592.228801252000,429955000,431183000,429955000,431183000,430207011,429955000,431183000,429955000,431183000,430207011
2015-06-24,19.1700,19.1700,,,430207011.01055807,8247068401.072398201900,429955000,431183000,429955000,431183000,430207011,429955000,431183000,429955000,431183000,430207011
2015-06-25,19.1600,19.1600,,,430207010.96347270,8242766330.060136932000,429955000,431183000,429955000,431183000,430207011,429955000,431183000,429955000,431183000,430207011
2015-06-26,19.3500,19.3500,,,430207011.02020997,8324505663.241062919500,429955000,431183000,429955000,431183000,430207011,429955000,431183000,429955000,431183000,430207011
2015-06-29,19.2600,19.2600,,,430207011.02662450,8285787032.372787870000,429955000,431183000,429955000,431183000,430207011,429955000,431183000,429955000,431183000,430207011
2015-06-30,19.0300,19.0300,,,430207010.98517080,8186839419.047800324000,429955000,431183000,429955000,431183000,430207011,429955000,431183000,429955000,431183000,430207011
2015-07-01,19.0800,19.0800,,,430207011.01698770,8208349770.204125316000,429955000,431183000,429955000,431183000,430207011,429955000,431183000,429955000,431183000,430207011
2015-07-02,19.3500,19.3500,,,430207011.02020997,8324505663.241062919500,429955000,431183000,429955000,431183000,430207011,429955000,431183000,429955000,431183000,430207011
2015-07-06,19.2200,19.2200,,,430207010.96685870,8268578750.783024214000,429955000,431183000,429955000,431183000,430207011,429955000,431183000,429955000,431183000,430207011
2015-07-07,19.6000,19.6000,,,430207011.02710680,8432057416.131293280000,429955000,431183000,429955000,431183000,430207011,429955000,431183000,429955000,431183000,430207011
2015-07-08,19.2200,19.2200,,,430207010.96685870,8268578750.783024214000,429955000,431183000,429955000,431183000,430207011,429955000,431183000,429955000,431183000,430207011
2015-07-09,18.9500,18.9500,,,430207010.96285444,8152422857.746091638000,429955000,431183000,429955000,431183000,430207011,429955000,431183000,429955000,431183000,430207011
2015-07-10,19.1200,19.1200,,,430207011.00147444,8225558050.348191292800,429955000,431183000,429955000,431183000,430207011,429955000,431183000,429955000,431183000,430207011
2015-07-13,19.1700,19.1700,,,430207011.01055807,8247068401.072398201900,429955000,431183000,429955000,431183000,430207011,429955000,431183000,429955000,431183000,430207011
2015-07-14,19.2600,19.2600,,,430207011.02662450,8285787032.372787870000,429955000,431183000,429955000,431183000,430207011,429955000,431183000,429955000,431183000,430207011
2015-07-15,19.2700,19.2700,,,430207010.99840950,8290089101.939351065000,429955000,431183000,429955000,431183000,430207011,429955000,431183000,429955000,431183000,430207011
2015-07-16,19.2400,19.2400,,,430207011.00800240,8277182891.793966176000,429955000,431183000,429955000,431183000,430207011,429955000,431183000,429955000,431183000,430207011
2015-07-17,19.0000,19.0000,,,430207010.97212076,8173933208.470294440000,429955000,431183000,429955000,431183000,430207011,429955000,431183000,429955000,431183000,430207011
2015-07-20,18.7500,18.7500,,,430207010.98731637,8066381456.012181937500,429955000,431183000,429955000,431183000,430207011,429955000,431183000,429955000,431183000,430207011
2015-07-21,18.5900,18.5900,,,430207010.99636050,7997548334.422341695000,429955000,431183000,429955000,431183000,430207011,429955000,431183000,429955000,431183000,430207011
2015-07-22,18.6200,18.6200,,,430207011.00965870,8010454544.999844994000,429955000,431183000,429955000,431183000,430207011,429955000,431183000,429955000,431183000,430207011
2015-07-23,18.3400,18.3400,,,430207011.01222616,7889996581.964227774400,429955000,431183000,429955000,431183000,430207011,429955000,431183000,429955000,431183000,430207011
2015-07-24,18.2900,18.2900,,,430207010.97910880,7868486230.807899952000,429955000,431183000,429955000,431183000,430207011,429955000,431183000,429955000,431183000,430207011
2015-07-27,18.6800,18.6800,,,430207011.01299430,8036266965.722733524000,429955000,431183000,429955000,431183000,430207011,429955000,431183000,429955000,431183000,430207011
2015-07-28,18.8900,18.8900,,,430207011.03593950,8126610438.468897155000,429955000,431183000,429955000,431183000,430207011,429955000,431183000,429955000,431183000,430207011
2015-07-29,19.0800,19.0800,,,430207011.01698770,8208349770.204125316000,429955000,431183000,429955000,431183000,430207011,429955000,431183000,429955000,431183000,430207011
2015-07-30,19.1400,19.1400,,,430207011.02022010,8234162190.927012714000,429955000,431183000,429955000,431183000,430207011,429955000,431183000,429955000,431183000,430207011
2015-07-31,19.3400,19.3400,,,430207010.97356780,8320203592.228801252000,429955000,431183000,429955000,431183000,430207011,429955000,431183000,429955000,431183000,430207011
2015-08-03,19.2200,19.2200,,,430207010.96685870,8268578750.783024214000,429955000,431183000,429955000,431183000,430207011,429955000,431183000,429955000,431183000,430207011
2015-08-04,18.8600,18.8600,,,430207011.02287360,8113704227.891396096000,429955000,431183000,429955000,431183000,430207011,429955000,431183000,429955000,431183000,430207011
2015-08-05,19.0400,19.0400,,,430207011.03256620,8191141490.060060448000,429955000,431183000,429955000,431183000,430207011,429955000,431183000,429955000,431183000,430207011
2015-08-06,19.0800,19.0800,,,430207011.01698770,8208349770.204125316000,429955000,431183000,429955000,431183000,430207011,429955000,431183000,429955000,431183000,430207011
2015-08-07,19.1400,19.1400,,,430207011.02022010,8234162190.927012714000,429955000,431183000,429955000,431183000,430207011,429955000,431183000,429955000,431183000,430207011
2015-08-10,19.5300,19.5300,,,430261710.03249663,8403011196.934659183900,430235000,431733000,430235000,431733000,430261710,430235000,431733000,430235000,431733000,430261710
2015-08-11,19.3600,19.3600,,,430261709.96527650,8329866704.927753040000,430235000,431733000,430235000,431733000,430261710,430235000,431733000,430235000,431733000,430261710
2015-08-12,19.5900,19.5900,,,430261709.96648693,8428826898.243478958700,430235000,431733000,430235000,431733000,430261710,430235000,431733000,430235000,431733000,430261710
2015-08-13,19.6400,19.6400,,,430261709.96504635,8450339983.713510314000,430235000,431733000,430235000,431733000,430261710,430235000,431733000,430235000,431733000,430261710
2015-08-14,19.9200,19.9200,,,430261710.00121800,8570813263.224262560000,430235000,431733000,430235000,431733000,430261710,430235000,431733000,430235000,431733000,430261710
2015-08-17,19.9200,19.9200,,,430261710.00121800,8570813263.224262560000,430235000,431733000,430235000,431733000,430261710,430235000,431733000,430235000,431733000,430261710
2015-08-18,19.9100,19.9100,,,430261710.01132596,8566510646.325499863600,430235000,431733000,430235000,431733000,430261710,430235000,431733000,430235000,431733000,430261710
2015-08-19,19.9000,19.9000,,,430261710.00918010,8562208029.182683990000,430235000,431733000,430235000,431733000,430261710,430235000,431733000,430235000,431733000,430261710
2015-08-20,19.8200,19.8200,,,430261709.99193500,8527787092.040151700000,430235000,431733000,430235000,431733000,430261710,430235000,431733000,430235000,431733000,430261710
2015-08-21,19.3100,19.3100,,,430261710.00310427,8308353620.159943453700,430235000,431733000,430235000,431733000,430261710,430235000,431733000,430235000,431733000,430261710
2015-08-24,18.4900,18.4900,,,430261710.03373140,7955539018.523693586000,430235000,431733000,430235000,431733000,430261710,430235000,431733000,430235000,431733000,430261710
2015-08-25,17.9200,17.9200,,,430261710.03273360,7710289843.786586112000,430235000,431733000,430235000,431733000,430261710,430235000,431733000,430235000,431733000,430261710
2015-08-26,18.2300,18.2300,,,430261709.99992174,7843670973.298573320200,430235000,431733000,430235000,431733000,430261710,430235000,431733000,430235000,431733000,430261710
2015-08-27,18.7500,18.7500,,,430261709.99048525,8067407062.321598437500,430235000,431733000,430235000,431733000,430261710,430235000,431733000,430235000,431733000,430261710
2015-08-28,18.8200,18.8200,,,430261710.00644594,8097525382.321312590800,430235000,431733000,430235000,431733000,430261710,430235000,431733000,430235000,431733000,430261710
2015-08-31,18.6200,18.6200,,,430261709.97363260,8011473039.709039012000,430235000,431733000,430235000,431733000,430261710,430235000,431733000,430235000,431733000,430261710
2015-09-01,17.8400,17.8400,,,430261710.01368010,7675868906.644052984000,430235000,431733000,430235000,431733000,430261710,430235000,431733000,430235000,431733000,430261710
2015-09-02,17.7200,17.7200,,,430261709.99855020,7624237501.174309544000,430235000,431733000,430235000,431733000,430261710,430235000,431733000,430235000,431733000,430261710
2015-09-03,17.9400,17.9400,,,430261710.03747046,7718895078.072220052400,430235000,431733000,430235000,431733000,430261710,430235000,431733000,430235000,431733000,430261710
2015-09-04,17.6100,17.6100,,,430261709.98565490,7576908712.847382789000,430235000,431733000,430235000,431733000,430261710,430235000,431733000,430235000,431733000,430261710
2015-09-08,17.9800,17.9800,,,430261710.03333860,7736105546.399428028000,430235000,431733000,430235000,431733000,430261710,430235000,431733000,430235000,431733000,430261710
2015-09-09,17.7500,17.7500,,,430261710.00578930,7637145352.602760075000,430235000,431733000,430235000,431733000,430261710,430235000,431733000,430235000,431733000,430261710
2015-09-10,17.7300,17.7300,,,430261710.00096595,7628540118.317126293500,430235000,431733000,430235000,431733000,430261710,430235000,431733000,430235000,431733000,430261710
2015-09-11,17.6900,17.6900,,,430261709.99128670,7611329649.745861723000,430235000,431733000,430235000,431733000,430261710,430235000,431733000,430235000,431733000,430261710
2015-09-14,17.8100,17.8100,,,430261710.02019423,7662961055.459659236300,430235000,431733000,430235000,431733000,430261710,430235000,431733000,430235000,431733000,430261710
2015-09-15,17.8700,17.8700,,,430261710.02084520,7688776758.072503724000,430235000,431733000,430235000,431733000,430261710,430235000,431733000,430235000,431733000,430261710
2015-09-16,18.1400,18.1400,,,430261709.97867835,7804947419.013225269000,430235000,431733000,430235000,431733000,430261710,430235000,431733000,430235000,431733000,430261710
2015-09-17,18.2800,18.2800,,,430261709.99828240,7865184058.768602272000,430235000,431733000,430235000,431733000,430261710,430235000,431733000,430235000,431733000,430261710
2015-09-18,18.0500,18.0500,,,430261709.97074400,7766223864.971929200000,430235000,431733000,430235000,431733000,430261710,430235000,431733000,430235000,431733000,430261710
2015-09-21,18.1900,18.1900,,,430261709.99050610,7826460504.727305959000,430235000,431733000,430235000,431733000,430261710,430235000,431733000,430235000,431733000,430261710
2015-09-22,17.8200,17.8200,,,430261710.00889000,7667263672.358419800000,430235000,431733000,430235000,431733000,430261710,430235000,431733000,430235000,431733000,430261710
2015-09-23,17.7500,17.7500,,,430261710.00578930,7637145352.602760075000,430235000,431733000,430235000,431733000,430261710,430235000,431733000,430235000,431733000,430261710
2015-09-24,17.8200,17.8200,,,430261710.00889000,7667263672.358419800000,430235000,431733000,430235000,431733000,430261710,430235000,431733000,430235000,431733000,430261710
2015-09-25,17.8900,17.8900,,,430261710.02560850,7697381992.358136065000,430235000,431733000,430235000,431733000,430261710,430235000,431733000,430235000,431733000,430261710
2015-09-28,17.5400,17.5400,,,430261709.96851020,7546790392.847668908000,430235000,431733000,430235000,431733000,430261710,430235000,431733000,430235000,431733000,430261710
2015-09-29,17.5300,17.5300,,,430261709.96604980,7542487775.704852994000,430235000,431733000,430235000,431733000,430261710,430235000,431733000,430235000,431733000,430261710
2015-09-30,18.0400,18.0400,,,430261709.96835440,7761921247.829113376000,430235000,431733000,430235000,431733000,430261710,430235000,431733000,430235000,431733000,430261710
2015-10-01,17.7700,17.7700,,,430261710.01060176,7645750586.888393275200,430235000,431733000,430235000,431733000,430261710,430235000,431733000,430235000,431733000,430261710
2015-10-02,18.0300,18.0300,,,430261709.96596220,7757618630.686298466000,430235000,431733000,430235000,431733000,430261710,430235000,431733000,430235000,431733000,430261710
2015-10-05,18.5500,18.5500,,,430261709.97053236,7981354719.953375278000,430235000,431733000,430235000,431733000,430261710,430235000,431733000,430235000,431733000,430261710
2015-10-06,18.4900,18.4900,,,430261710.03373140,7955539018.523693586000,430235000,431733000,430235000,431733000,430261710,430235000,431733000,430235000,431733000,430261710
2015-10-07,18.5700,18.5700,,,430261709.96203330,7989959953.994958381000,430235000,431733000,430235000,431733000,430261710,430235000,431733000,430235000,431733000,430261710
2015-10-08,18.7400,18.7400,,,430261709.98819540,8063104445.178781796000,430235000,431733000,430235000,431733000,430261710,430235000,431733000,430235000,431733000,430261710
2015-10-09,18.6700,18.6700,,,430261709.98516977,8032986125.423119605900,430235000,431733000,430235000,431733000,430261710,430235000,431733000,430235000,431733000,430261710
2015-10-12,18.5400,18.5400,,,430261709.96820706,7977052102.810558892400,430235000,431733000,430235000,431733000,430261710,430235000,431733000,430235000,431733000,430261710
2015-10-13,18.3900,18.3900,,,430261710.02390340,7912512847.339583526000,430235000,431733000,430235000,431733000,430261710,430235000,431733000,430235000,431733000,430261710
2015-10-14,18.2600,18.2600,,,430261710.00695634,7856578824.727022768400,430235000,431733000,430235000,431733000,430261710,430235000,431733000,430235000,431733000,430261710
2015-10-15,18.6600,18.6600,,,430261709.98286724,8028683508.280302698400,430235000,431733000,430235000,431733000,430261710,430235000,431733000,430235000,431733000,430261710
2015-10-16,18.7000,18.7000,,,430261709.99206257,8045893976.851570059000,430235000,431733000,430235000,431733000,430261710,430235000,431733000,430235000,431733000,430261710
2015-10-19,18.4800,18.4800,,,430261710.03143270,7951236401.380876296000,430235000,431733000,430235000,431733000,430261710,430235000,431733000,430235000,431733000,430261710
2015-10-20,18.5900,18.5900,,,430261709.96668050,7998565188.280590495000,430235000,431733000,430235000,431733000,430261710,430235000,431733000,430235000,431733000,430261710
2015-10-21,18.7700,18.7700,,,430261709.99505760,8076012296.607231152000,430235000,431733000,430235000,431733000,430261710,430235000,431733000,430235000,431733000,430261710
2015-10-22,19.1300,19.1300,,,430261709.97560376,8230906511.833299928800,430235000,431733000,430235000,431733000,430261710,430235000,431733000,430235000,431733000,430261710
2015-10-23,18.6200,18.6200,,,430261709.97363260,8011473039.709039012000,430235000,431733000,430235000,431733000,430261710,430235000,431733000,430235000,431733000,430261710
2015-10-26,18.7700,18.7700,,,430261709.99505760,8076012296.607231152000,430235000,431733000,430235000,431733000,430261710,430235000,431733000,430235000,431733000,430261710
2015-10-27,18.5900,18.5900,,,430261709.96668050,7998565188.280590495000,430235000,431733000,430235000,431733000,430261710,430235000,431733000,430235000,431733000,430261710
2015-10-28,18.5300,18.5300,,,430261709.96587926,7972749485.667742687800,430235000,431733000,430235000,431733000,430261710,430235000,431733000,430235000,431733000,430261710
2015-10-29,18.5300,18.5300,,,430261709.96587926,7972749485.667742687800,430235000,431733000,430235000,431733000,430261710,430235000,431733000,430235000,431733000,430261710
2015-10-30,18.5500,18.5500,,,430261709.97053236,7981354719.953375278000,430235000,431733000,430235000,431733000,430261710,430235000,431733000,430235000,431733000,430261710
2015-11-02,18.5000,18.5000,,,430261710.03602755,7959841635.666509675000,430235000,431733000,430235000,431733000,430261710,430235000,431733000,430235000,431733000,430261710
2015-11-03,18.7300,18.7300,,,430261709.98590314,8058801828.035965812200,430235000,431733000,430235000,431733000,430261710,430235000,431733000,430235000,431733000,430261710
2015-11-04,18.6800,18.6800,,,430261709.98746980,8037288742.565935864000,430235000,431733000,430235000,431733000,430261710,430235000,431733000,430235000,431733000,430261710
2015-11-05,18.5100,18.5100,,,430262191.02033263,7964153155.786356981300,430262000,430262000,430262000,430262000,430262191,430262000,430262000,430262000,430262000,430262191
2015-11-06,17.4600,17.4600,,,430262191.01490980,7512377855.120325108000,430262000,430262000,430262000,430262000,430262191,430262000,430262000,430262000,430262000,430262191
2015-11-09,17.5000,17.5000,,,430262190.98649440,7529588342.263652000000,430262000,430262000,430262000,430262000,430262191,430262000,430262000,430262000,430262000,430262191
2015-11-10,17.1300,17.1300,,,430262191.03707720,7370391332.465132436000,430262000,430262000,430262000,430262000,430262191,430262000,430262000,430262000,430262000,430262191
2015-11-11,17.3300,17.3300,,,430262191.00895530,7456443770.185195349000,430262000,430262000,430262000,430262000,430262191,430262000,430262000,430262000,430262000,430262191
2015-11-12,16.9100,16.9100,,,430262191.01030105,7275733649.984190755500,430262000,430262000,430262000,430262000,430262191,430262000,430262000,430262000,430262000,430262191
2015-11-13,16.9600,16.9600,,,430262191.01030380,7297246759.534752448000,430262000,430262000,430262000,430262000,430262191,430262000,430262000,430262000,430262000,430262191
2015-11-16,17.2300,17.2300,,,430262190.99104990,7413417550.775789777000,430262000,430262000,430262000,430262000,430262191,430262000,430262000,430262000,430262000,430262191
2015-11-17,17.0700,17.0700,,,430262191.00058526,7344575600.379990388200,430262000,430262000,430262000,430262000,430262191,430262000,430262000,430262000,430262000,430262191
2015-11-18,17.1600,17.1600,,,430262190.98221534,7383299197.254815234400,430262000,430262000,430262000,430262000,430262191,430262000,430262000,430262000,430262000,430262191
2015-11-19,17.1000,17.1000,,,430262191.00984920,7357483466.268421320000,430262000,430262000,430262000,430262000,430262191,430262000,430262000,430262000,430262000,430262191
2015-11-20,17.0900,17.0900,,,430262190.99134700,7353180844.042120230000,430262000,430262000,430262000,430262000,430262191,430262000,430262000,430262000,430262000,430262191
2015-11-23,17.0000,17.0000,,,430262190.99170680,7314457246.859015600000,430262000,430262000,430262000,430262000,430262191,430262000,430262000,430262000,430262000,430262191
2015-11-24,17.0600,17.0600,,,430262190.96397465,7340272977.845407529000,430262000,430262000,430262000,430262000,430262191,430262000,430262000,430262000,430262000,430262191
2015-11-25,17.0800,17.0800,,,430262191.03715300,7348878222.914573240000,430262000,430262000,430262000,430262000,430262191,430262000,430262000,430262000,430262000,430262191
2015-11-27,17.0000,17.0000,,,430262190.99170680,7314457246.859015600000,430262000,430262000,430262000,430262000,430262191,430262000,430262000,430262000,430262000,430262191
2015-11-30,16.9500,16.9500,,,430262190.99164910,7292944137.308452245000,430262000,430262000,430262000,430262000,430262191,430262000,430262000,430262000,430262000,430262191
2015-12-01,16.9900,16.9900,,,430262191.03775537,7310154625.731463736300,430262000,430262000,430262000,430262000,430262191,430262000,430262000,430262000,430262000,430262191
2015-12-02,16.6000,16.6000,,,430262190.98314106,7142352370.320141596000,430262000,430262000,430262000,430262000,430262191,430262000,430262000,430262000,430262000,430262191
2015-12-03,16.4500,16.4500,,,430262191.03093755,7077813042.458922697500,430262000,430262000,430262000,430262000,430262191,430262000,430262000,430262000,430262000,430262191
2015-12-04,16.5100,16.5100,,,430262191.00213910,7103628773.445316541000,430262000,430262000,430262000,430262000,430262191,430262000,430262000,430262000,430262000,430262191
2015-12-07,16.4100,16.4100,,,430262190.96451140,7060602553.727632074000,430262000,430262000,430262000,430262000,430262191,430262000,430262000,430262000,430262000,430262191
2015-12-08,16.3400,16.3400,,,430262190.97398630,7030484200.514936142000,430262000,430262000,430262000,430262000,430262191,430262000,430262000,430262000,430262000,430262191
2015-12-09,16.4100,16.4100,,,430262190.96451140,7060602553.727632074000,430262000,430262000,430262000,430262000,430262191,430262000,430262000,430262000,430262000,430262191
2015-12-10,16.1400,16.1400,,,430262191.00339985,6944431762.794873579000,430262000,430262000,430262000,430262000,430262191,430262000,430262000,430262000,430262000,430262191
2015-12-11,16.6900,16.6900,,,430262190.96434800,7181075967.194968120000,430262000,430262000,430262000,430262000,430262191,430262000,430262000,430262000,430262000,430262191
2015-12-14,16.5400,16.5400,,,430262191.01171386,7116536639.333747244400,430262000,430262000,430262000,430262000,430262191,430262000,430262000,430262000,430262000,430262191
2015-12-15,16.8900,16.8900,,,430262191.01966010,7267128406.322059089000,430262000,430262000,430262000,430262000,430262191,430262000,430262000,430262000,430262000,430262191
2015-12-16,17.6000,17.6000,,,430262190.97261083,7572614561.117950608000,430262000,430262000,430262000,430262000,430262191,430262000,430262000,430262000,430262000,430262191
2015-12-17,17.8400,17.8400,,,430262190.98996780,7675877487.261025552000,430262000,430262000,430262000,430262000,430262191,430262000,430262000,430262000,430262000,430262191
2015-12-18,17.4300,17.4300,,,430262191.02665526,7499469989.594601181800,430262000,430262000,430262000,430262000,430262191,430262000,430262000,430262000,430262000,430262191
2015-12-21,17.5300,17.5300,,,430262190.96388930,7542496207.596979429000,430262000,430262000,430262000,430262000,430262191,430262000,430262000,430262000,430262000,430262191
2015-12-22,17.5900,17.5900,,,430262191.01707790,7568311939.990400261000,430262000,430262000,430262000,430262000,430262191,430262000,430262000,430262000,430262000,430262191
2015-12-23,18.0500,18.0500,,,430262190.99809796,7766232547.515668178000,430262000,430262000,430262000,430262000,430262191,430262000,430262000,430262000,430262000,430262191
2015-12-24,18.1100,18.1100,,,430262191.03262347,7792048279.600811041700,430262000,430262000,430262000,430262000,430262191,430262000,430262000,430262000,430262000,430262191
2015-12-28,18.1800,18.1800,,,430262190.96340780,7822166631.714753804000,430262000,430262000,430262000,430262000,430262191,430262000,430262000,430262000,430262000,430262191
2015-12-29,18.4600,18.4600,,,430262190.96327686,7942640045.182090835600,430262000,430262000,430262000,430262000,430262191,430262000,430262000,430262000,430262000,430262191
2015-12-30,18.3000,18.3000,,,430262190.97192854,7873798094.786292282000,430262000,430262000,430262000,430262000,430262191,430262000,430262000,430262000,430262000,430262191
2015-12-31,18.3600,18.3600,,,430262191.00606954,7899613826.871436754400,430262000,430262000,430262000,430262000,430262191,430262000,430262000,430262000,430262000,430262191
2016-01-04,18.2700,18.2700,,,430262191.02335036,7860890229.996611077200,430262000,430262000,430262000,430262000,430262191,430262000,430262000,430262000,430262000,430262191
2016-01-05,18.4400,18.4400,,,430262190.97179830,7934034801.519960652000,430262000,430262000,430262000,430262000,430262191,430262000,430262000,430262000,430262000,430262191
2016-01-06,18.2100,18.2100,,,430262190.97216856,7835074497.603189477600,430262000,430262000,430262000,430262000,430262191,430262000,430262000,430262000,430262000,430262191
2016-01-07,17.8500,17.8500,,,430262191.02496400,7680180109.795607400000,430262000,430262000,430262000,430262000,430262191,430262000,430262000,430262000,430262000,430262191
2016-01-08,17.8100,17.8100,,,430262190.96374595,7662969621.064315369500,430262000,430262000,430262000,430262000,430262191,430262000,430262000,430262000,430262000,430262191
2016-01-11,17.6000,17.6000,,,430262190.97261083,7572614561.117950608000,430262000,430262000,430262000,430262000,430262191,430262000,430262000,430262000,430262000,430262191
2016-01-12,17.3000,17.3000,,,430262190.98199326,7443535903.988483398000,430262000,430262000,430262000,430262000,430262191,430262000,430262000,430262000,430262000,430262191
2016-01-13,17.0700,17.0700,,,430262191.00058526,7344575600.379990388200,430262000,430262000,430262000,430262000,430262191,430262000,430262000,430262000,430262000,430262191
2016-01-14,17.6300,17.6300,,,430262190.99913010,7585522427.314663663000,430262000,430262000,430262000,430262000,430262191,430262000,430262000,430262000,430262000,430262191
2016-01-15,17.3000,17.3000,,,430262190.98199326,7443535903.988483398000,430262000,430262000,430262000,430262000,430262191,430262000,430262000,430262000,430262000,430262191
2016-01-19,17.5000,17.5000,,,430262191.03517586,7529588343.115577550000,430262000,430262000,430262000,430262000,430262191,430262000,430262000,430262000,430262000,430262191
2016-01-20,16.9000,16.9000,,,430262190.97334963,7271431027.449608747000,430262000,430262000,430262000,430262000,430262191,430262000,430262000,430262000,430262000,430262191
2016-01-21,17.4300,17.4300,,,430262191.02665526,7499469989.594601181800,430262000,430262000,430262000,430262000,430262191,430262000,430262000,430262000,430262000,430262191
2016-01-22,17.7800,17.7800,,,430262191.03390974,7650061756.582915177200,430262000,430262000,430262000,430262000,430262191,430262000,430262000,430262000,430262000,430262191
2016-01-25,17.1000,17.1000,,,430262191.00984920,7357483466.268421320000,430262000,430262000,430262000,430262000,430262191,430262000,430262000,430262000,430262000,430262191
2016-01-26,17.3700,17.3700,,,430262190.97300977,7473654257.201179704900,430262000,430262000,430262000,430262000,430262191,430262000,430262000,430262000,430262000,430262191
2016-01-27,17.3100,17.3100,,,430262191.01808570,7447838526.523063467000,430262000,430262000,430262000,430262000,430262191,430262000,430262000,430262000,430262000,430262191
2016-01-28,17.5400,17.5400,,,430262190.99951870,7546798830.131557998000,430262000,430262000,430262000,430262000,430262191,430262000,430262000,430262000,430262000,430262191
2016-01-29,17.8700,17.8700,,,430262191.01610170,7688785353.457737379000,430262000,430262000,430262000,430262000,430262191,430262000,430262000,430262000,430262000,430262191
2016-02-01,18.6200,18.6200,,,430262191.03033970,8011481996.984925214000,430262000,430262000,430262000,430262000,430262191,430262000,430262000,430262000,430262000,430262191
2016-02-02,18.4200,18.4200,,,430262190.98033820,7925429557.857829644000,430262000,430262000,430262000,430262000,430262191,430262000,430262000,430262000,430262000,430262191
2016-02-03,19.0500,19.0500,,,430262190.97140160,8196494738.005200480000,430262000,430262000,430262000,430262000,430262191,430262000,430262000,430262000,430262000,430262191
2016-02-04,18.9500,18.9500,,,430262191.02917266,8153468520.002821907000,430262000,430262000,430262000,430262000,430262191,430262000,430262000,430262000,430262000,430262191
2016-02-05,18.8500,18.8500,,,430262191.01291335,8110442300.593416647500,430262000,430262000,430262000,430262000,430262191,430262000,430262000,430262000,430262000,430262191
2016-02-08,18.4300,18.4300,,,430262191.01423830,7929732180.392411869000,430262000,430262000,430262000,430262000,430262191,430262000,430262000,430262000,430262000,430262191
2016-02-09,18.5500,18.5500,,,430262191.02231526,7981363643.463948073000,430262000,430262000,430262000,430262000,430262191,430262000,430262000,430262000,430262000,430262191
2016-02-10,18.5100,18.5100,,,430262190.96340670,7964153154.732658017000,430262000,430262000,430262000,430262000,430262191,430262000,430262000,430262000,430262000,430262191
2016-02-11,17.6500,17.6500,,,430262191.00549483,7594127671.246983749500,430262000,430262000,430262000,430262000,430262191,430262000,430262000,430262000,430262000,430262191
2016-02-12,17.9700,17.9700,,,430262190.96959496,7731811571.723621431200,430262000,430262000,430262000,430262000,430262191,430262000,430262000,430262000,430262000,430262191
2016-02-16,18.1000,18.1000,,,430262191.02372460,7787745657.529415260000,430262000,430262000,430262000,430262000,430262191,430262000,430262000,430262000,430262000,430262191
2016-02-17,18.3400,18.3400,,,430262191.03673667,7891008583.613750527800,430262000,430262000,430262000,430262000,430262191,430262000,430262000,430262000,430262000,430262191
2016-02-18,18.5600,18.5600,,,430262190.99947670,7985666264.950287552000,430262000,430262000,430262000,430262000,430262191,430262000,430262000,430262000,430262000,430262191
2016-02-19,18.4400,18.4400,,,430262190.96347016,7934034801.366389750400,430262000,430262000,430262000,430262000,430262191,430262000,430262000,430262000,430262000,430262191
2016-02-22,18.6400,18.6400,,,430262190.96816456,8020087239.646587398400,430262000,430262000,430262000,430262000,430262191,430262000,430262000,430262000,430262000,430262191
2016-02-23,18.5800,18.5800,,,430262191.03305100,7994271509.394087580000,430262000,430262000,430262000,430262000,430262191,430262000,430262000,430262000,430262000,430262191
2016-02-24,18.8600,18.8600,,,430262191.02198160,8114744922.674572976000,430262000,430262000,430262000,430262000,430262191,430262000,430262000,430262000,430262000,430262191
2016-02-25,19.1400,19.1400,,,430262191.01123595,8235218335.955056083000,430262000,430262000,430262000,430262000,430262191,430262000,430262000,430262000,430262000,430262191
2016-02-26,18.5300,18.5300,,,430271749.03035480,7972935509.532474444000,430180000,430180000,430180000,430180000,429800000,430180000,430180000,430180000,430180000,429800000
2016-02-29,18.6300,18.6300,,,430271749.03555420,8015962684.532374746000,430180000,430180000,430180000,430180000,429800000,430180000,430180000,430180000,430180000,429800000
2016-03-01,18.6700,18.6700,,,430271748.99489456,8033173553.734681435200,430180000,430180000,430180000,430180000,429800000,430180000,430180000,430180000,430180000,429800000
2016-03-02,18.8200,18.8200,,,430271748.99000330,8097714315.991862106000,430180000,430180000,430180000,430180000,429800000,430180000,430180000,430180000,430180000,429800000
2016-03-03,18.7800,18.7800,,,430271749.01740590,8080503446.546882802000,430180000,430180000,430180000,430180000,429800000,430180000,430180000,430180000,430180000,429800000
2016-03-04,19.4900,19.4900,,,430271749.01938450,8385996388.387803905000,430180000,430180000,430180000,430180000,429800000,430180000,430180000,430180000,430180000,429800000
2016-03-07,19.6900,19.6900,,,430271749.01701033,8472050738.144933397700,430180000,430180000,430180000,430180000,429800000,430180000,430180000,430180000,430180000,429800000
2016-03-08,19.8600,19.8600,,,430271748.98700570,8545196934.881933202000,430180000,430180000,430180000,430180000,429800000,430180000,430180000,430180000,430180000,429800000
2016-03-09,19.9500,19.9500,,,430271749.03329900,8583921393.214315050000,430180000,430180000,430180000,430180000,429800000,430180000,430180000,430180000,430180000,429800000
2016-03-10,20.1900,20.1900,,,430271748.99325170,8687186612.173751823000,430180000,430180000,430180000,430180000,429800000,430180000,430180000,430180000,430180000,429800000
2016-03-11,20.2800,20.2800,,,430271749.02679810,8725911070.263465468000,430180000,430180000,430180000,430180000,429800000,430180000,430180000,430180000,430180000,429800000
2016-03-14,20.4300,20.4300,,,430271749.02205800,8790451832.520644940000,430180000,430180000,430180000,430180000,429800000,430180000,430180000,430180000,430180000,429800000
2016-03-15,20.5100,20.5100,,,430271748.97175014,8824873571.410595371400,430180000,430180000,430180000,430180000,429800000,430180000,430180000,430180000,430180000,429800000
2016-03-16,20.6300,20.6300,,,430271749.01976610,8876506182.277774643000,430180000,430180000,430180000,430180000,429800000,430180000,430180000,430180000,430180000,429800000
2016-03-17,21.0700,21.0700,,,430271748.96780610,9065825750.751674527000,430180000,430180000,430180000,430180000,429800000,430180000,430180000,430180000,430180000,429800000
2016-03-18,20.7300,20.7300,,,430271749.01278360,8919533357.035004028000,430180000,430180000,430180000,430180000,429800000,430180000,430180000,430180000,430180000,429800000
2016-03-21,20.9500,20.9500,,,430271748.98672813,9014193141.271954323500,430180000,430180000,430180000,430180000,429800000,430180000,430180000,430180000,430180000,429800000
2016-03-22,20.9700,20.9700,,,430271748.97446070,9022798575.994440879000,430180000,430180000,430180000,430180000,429800000,430180000,430180000,430180000,430180000,429800000
2016-03-23,20.9400,20.9400,,,430271749.02599984,9009890424.604436649600,430180000,430180000,430180000,430180000,429800000,430180000,430180000,430180000,430180000,429800000
2016-03-24,21.0000,21.0000,,,430271748.98913820,9035706728.771902200000,430180000,430180000,430180000,430180000,429800000,430180000,430180000,430180000,430180000,429800000
2016-03-28,20.7900,20.7900,,,430271749.03065210,8945349662.347257159000,430180000,430180000,430180000,430180000,429800000,430180000,430180000,430180000,430180000,429800000
2016-03-29,21.2500,21.2500,,,430271748.97817940,9143274665.786312250000,430180000,430180000,430180000,430180000,429800000,430180000,430180000,430180000,430180000,429800000
2016-03-30,20.8500,20.8500,,,430271748.99351190,8971165966.514723115000,430180000,430180000,430180000,430180000,429800000,430180000,430180000,430180000,430180000,429800000
2016-03-31,20.9200,20.9200,,,430271748.97201220,9001284988.494495224000,430180000,430180000,430180000,430180000,429800000,430180000,430180000,430180000,430180000,429800000
2016-04-01,21.2000,21.2000,,,430271748.97577196,9121761078.286365552000,430180000,430180000,430180000,430180000,429800000,430180000,430180000,430180000,430180000,429800000
2016-04-04,20.9600,20.9600,,,430271749.01368920,9018495859.326925632000,430180000,430180000,430180000,430180000,429800000,430180000,430180000,430180000,430180000,429800000
2016-04-05,20.5100,20.5100,,,430271748.97175014,8824873571.410595371400,430180000,430180000,430180000,430180000,429800000,430180000,430180000,430180000,430180000,429800000
2016-04-06,20.7200,20.7200,,,430271748.98552280,8915230638.980032416000,430180000,430180000,430180000,430180000,429800000,430180000,430180000,430180000,430180000,429800000
2016-04-07,20.7300,20.7300,,,430271749.01278360,8919533357.035004028000,430180000,430180000,430180000,430180000,429800000,430180000,430180000,430180000,430180000,429800000
2016-04-08,20.9100,20.9100,,,430271749.02293855,8996982272.069645080500,430180000,430180000,430180000,430180000,429800000,430180000,430180000,430180000,430180000,429800000
2016-04-11,20.8600,20.8600,,,430271749.02059900,8975468684.569695140000,430180000,430180000,430180000,430180000,429800000,430180000,430180000,430180000,430180000,429800000
2016-04-12,21.2600,21.2600,,,430271749.00476410,9147577383.841284766000,430180000,430180000,430180000,430180000,429800000,430180000,430180000,430180000,430180000,429800000
2016-04-13,21.2000,21.2000,,,430271748.97577196,9121761078.286365552000,430180000,430180000,430180000,430180000,429800000,430180000,430180000,430180000,430180000,429800000
2016-04-14,20.9600,20.9600,,,430271749.01368920,9018495859.326925632000,430180000,430180000,430180000,430180000,429800000,430180000,430180000,430180000,430180000,429800000
2016-04-15,20.9900,20.9900,,,430271749.02831763,9031404012.104387053700,430180000,430180000,430180000,430180000,429800000,430180000,430180000,430180000,430180000,429800000
2016-04-18,21.0200,21.0200,,,430271748.97689766,9044312163.494388813200,430180000,430180000,430180000,430180000,429800000,430180000,430180000,430180000,430180000,429800000
2016-04-19,21.0000,21.0000,,,430271748.98913820,9035706728.771902200000,430180000,430180000,430180000,430180000,429800000,430180000,430180000,430180000,430180000,429800000
2016-04-20,20.5800,20.5800,,,430271749.01738703,8854992594.777825077400,430180000,430180000,430180000,430180000,429800000,430180000,430180000,430180000,430180000,429800000
2016-04-21,20.5500,20.5500,,,430271749.00245080,8842084442.000363940000,430180000,430180000,430180000,430180000,429800000,430180000,430180000,430180000,430180000,429800000
2016-04-22,20.8100,20.8100,,,430271749.01824826,8953955097.069746290600,430180000,430180000,430180000,430180000,429800000,430180000,430180000,430180000,430180000,429800000
2016-04-25,21.0600,21.0600,,,430271749.00684500,9061523034.084155700000,430180000,430180000,430180000,430180000,429800000,430180000,430180000,430180000,430180000,429800000
2016-04-26,21.1000,21.1000,,,430271748.98242337,9078733903.529133107000,430180000,430180000,430180000,430180000,429800000,430180000,430180000,430180000,430180000,429800000
2016-04-27,21.4300,21.4300,,,430271748.98837850,9220723580.820951255000,430180000,430180000,430180000,430180000,429800000,430180000,430180000,430180000,430180000,429800000
2016-04-28,21.3600,21.3600,,,430271748.99805784,9190604558.598515462400,430180000,430180000,430180000,430180000,429800000,430180000,430180000,430180000,430180000,429800000
2016-04-29,21.4500,21.4500,,,430271748.97638410,9229329015.543438945000,430180000,430180000,430180000,430180000,429800000,430180000,430180000,430180000,430180000,429800000
2016-05-02,21.7000,21.7000,,,430271749.02973765,9336896953.945307005000,430180000,430180000,430180000,430180000,429800000,430180000,430180000,430180000,430180000,429800000
2016-05-03,21.4400,21.4400,,,430271749.01473530,9225026298.875924832000,430180000,430180000,430180000,430180000,429800000,430180000,430180000,430180000,430180000,429800000
2016-05-04,21.6800,21.6800,,,430271748.97764580,9328291517.835360944000,430180000,430180000,430180000,430180000,429800000,430180000,430180000,430180000,430180000,429800000
2016-05-05,21.6500,21.6500,,,430271749.02749914,9315383366.445356381000,430180000,430180000,430180000,430180000,429800000,430180000,430180000,430180000,430180000,429800000
2016-05-06,21.6300,21.6300,,,430271748.97528493,9306777930.335413035900,430180000,430180000,430180000,430180000,429800000,430180000,430180000,430180000,430180000,429800000
2016-05-09,21.6800,21.6800,,,430271748.97764580,9328291517.835360944000,430180000,430180000,430180000,430180000,429800000,430180000,430180000,430180000,430180000,429800000
2016-05-10,22.1000,22.1000,,,430619432.02079310,9516689447.659527510000,430407000,432594000,430407000,432594000,430619432,430407000,432594000,430407000,432594000,430619432
2016-05-11,22.0100,22.0100,,,430619431.97004460,9477933697.660681646000,430407000,432594000,430407000,432594000,430619432,430407000,432594000,430407000,432594000,430619432
2016-05-12,22.1100,22.1100,,,430619431.97534150,9520995640.974800565000,430407000,432594000,430407000,432594000,430619432,430407000,432594000,430407000,432594000,430619432
2016-05-13,22.0000,22.0000,,,430619432.00304160,9473627504.066915200000,430407000,432594000,430407000,432594000,430619432,430407000,432594000,430407000,432594000,430619432
2016-05-16,22.2400,22.2400,,,430619432.02767104,9576976168.295403929600,430407000,432594000,430407000,432594000,430619432,430407000,432594000,430407000,432594000,430619432
2016-05-17,22.0000,22.0000,,,430619432.00304160,9473627504.066915200000,430407000,432594000,430407000,432594000,430619432,430407000,432594000,430407000,432594000,430619432
2016-05-18,21.5300,21.5300,,,430619432.02155240,9271236371.424023172000,430407000,432594000,430407000,432594000,430619432,430407000,432594000,430407000,432594000,430619432
2016-05-19,21.8900,21.8900,,,430619432.02746210,9426259367.081145369000,430407000,432594000,430407000,432594000,430619432,430407000,432594000,430407000,432594000,430619432
2016-05-20,22.0700,22.0700,,,430619432.00104386,9503770864.263037990200,430407000,432594000,430407000,432594000,430619432,430407000,432594000,430407000,432594000,430619432
2016-05-23,21.9800,21.9800,,,430619431.98477810,9465015115.025422638000,430407000,432594000,430407000,432594000,430619432,430407000,432594000,430407000,432594000,430619432
2016-05-24,22.0300,22.0300,,,430619432.02683950,9486546087.551274185000,430407000,432594000,430407000,432594000,430619432,430407000,432594000,430407000,432594000,430619432
2016-05-25,22.1200,22.1200,,,430619431.98442810,9525301835.495549572000,430407000,432594000,430407000,432594000,430619432,430407000,432594000,430407000,432594000,430619432
2016-05-26,22.3500,22.3500,,,430619432.00014730,9624344305.203292155000,430407000,432594000,430407000,432594000,430619432,430407000,432594000,430407000,432594000,430619432
2016-05-27,22.5100,22.5100,,,430619432.01754385,9693243414.714912063500,430407000,432594000,430407000,432594000,430619432,430407000,432594000,430407000,432594000,430619432
2016-05-31,22.5300,22.5300,,,430619431.97448665,9701855802.385184224500,430407000,432594000,430407000,432594000,430619432,430407000,432594000,430407000,432594000,430619432
2016-06-01,22.5900,22.5900,,,430619432.02442590,9727692969.431781081000,430407000,432594000,430407000,432594000,430619432,430407000,432594000,430407000,432594000,430619432
2016-06-02,22.6000,22.6000,,,430619431.97262400,9731999162.581302400000,430407000,432594000,430407000,432594000,430619432,430407000,432594000,430407000,432594000,430619432
2016-06-03,22.9100,22.9100,,,430619431.99841994,9865491187.083800825400,430407000,432594000,430407000,432594000,430619432,430407000,432594000,430407000,432594000,430619432
2016-06-06,23.0700,23.0700,,,430619432.01540620,9934390296.595421034000,430407000,432594000,430407000,432594000,430619432,430407000,432594000,430407000,432594000,430619432
2016-06-07,23.1100,23.1100,,,430619431.99079126,9951615073.307186018600,430407000,432594000,430407000,432594000,430619432,430407000,432594000,430407000,432594000,430619432
2016-06-08,23.2600,23.2600,,,430619431.99570820,10016207988.220172732000,430407000,432594000,430407000,432594000,430619432,430407000,432594000,430407000,432594000,430619432
2016-06-09,23.3900,23.3900,,,430619431.98672740,10072188514.169553886000,430407000,432594000,430407000,432594000,430619432,430407000,432594000,430407000,432594000,430619432
2016-06-10,23.1400,23.1400,,,430619432.01346344,9964533656.791544001600,430407000,432594000,430407000,432594000,430619432,430407000,432594000,430407000,432594000,430619432
2016-06-13,22.9700,22.9700,,,430619431.99116500,9891328352.837060050000,430407000,432594000,430407000,432594000,430619432,430407000,432594000,430407000,432594000,430619432
2016-06-14,23.0700,23.0700,,,430619432.01540620,9934390296.595421034000,430407000,432594000,430407000,432594000,430619432,430407000,432594000,430407000,432594000,430619432
2016-06-15,22.9500,22.9500,,,430619431.97366303,9882715963.795566538500,430407000,432594000,430407000,432594000,430619432,430407000,432594000,430407000,432594000,430619432
2016-06-16,23.0400,23.0400,,,430619431.98928740,9921471713.033181696000,430407000,432594000,430407000,432594000,430619432,430407000,432594000,430407000,432594000,430619432
2016-06-17,23.1000,23.1000,,,430619431.98209697,9947308878.786440007000,430407000,432594000,430407000,432594000,430619432,430407000,432594000,430407000,432594000,430619432
2016-06-20,23.2200,23.2200,,,430619432.02352685,9998983211.586293457000,430407000,432594000,430407000,432594000,430619432,430407000,432594000,430407000,432594000,430619432
2016-06-21,23.5000,23.5000,,,430619432.02240630,10119556652.526548050000,430407000,432594000,430407000,432594000,430619432,430407000,432594000,430407000,432594000,430619432
2016-06-22,23.2400,23.2400,,,430619431.98178000,10007595599.256567200000,430407000,432594000,430407000,432594000,430619432,430407000,432594000,430407000,432594000,430619432
2016-06-23,23.4900,23.4900,,,430619432.01386980,10115250458.005801602000,430407000,432594000,430407000,432594000,430619432,430407000,432594000,430407000,432594000,430619432
2016-06-24,23.3400,23.3400,,,430619432.00578100,10050657543.014928540000,430407000,432594000,430407000,432594000,430619432,430407000,432594000,430407000,432594000,430619432
2016-06-27,23.1700,23.1700,,,430619431.98025715,9977452238.982558165500,430407000,432594000,430407000,432594000,430619432,430407000,432594000,430407000,432594000,430619432
2016-06-28,23.6200,23.6200,,,430619432.00487650,10171230983.955182930000,430407000,432594000,430407000,432594000,430619432,430407000,432594000,430407000,432594000,430619432
2016-06-29,24.0000,24.0000,,,430619432.02724165,10334866368.653799600000,430407000,432594000,430407000,432594000,430619432,430407000,432594000,430407000,432594000,430619432
2016-06-30,24.0000,24.0000,,,430619432.02724165,10334866368.653799600000,430407000,432594000,430407000,432594000,430619432,430407000,432594000,430407000,432594000,430619432
2016-07-01,24.0500,24.0500,,,430619432.01190480,10356397339.886310440000,430407000,432594000,430407000,432594000,430619432,430407000,432594000,430407000,432594000,430619432
2016-07-05,24.0500,24.0500,,,430619432.01190480,10356397339.886310440000,430407000,432594000,430407000,432594000,430619432,430407000,432594000,430407000,432594000,430619432
2016-07-06,24.0500,24.0500,,,430619432.01190480,10356397339.886310440000,430407000,432594000,430407000,432594000,430619432,430407000,432594000,430407000,432594000,430619432
2016-07-07,23.5200,23.5200,,,430619431.98115736,10128169040.196821107200,430407000,432594000,430407000,432594000,430619432,430407000,432594000,430407000,432594000,430619432
2016-07-08,23.9000,23.9000,,,430619432.00399315,10291804424.895436285000,430407000,432594000,430407000,432594000,430619432,430407000,432594000,430407000,432594000,430619432
2016-07-11,23.8100,23.8100,,,430619431.98571754,10253048675.579934627400,430407000,432594000,430407000,432594000,430619432,430407000,432594000,430407000,432594000,430619432
2016-07-12,23.7000,23.7000,,,430619432.01147896,10205680538.672051352000,430407000,432594000,430407000,432594000,430619432,430407000,432594000,430407000,432594000,430619432
2016-07-13,23.9400,23.9400,,,430619431.97699726,10309029201.529314404400,430407000,432594000,430407000,432594000,430619432,430407000,432594000,430407000,432594000,430619432
2016-07-14,23.6600,23.6600,,,430619431.98085160,10188455760.666948856000,430407000,432594000,430407000,432594000,430619432,430407000,432594000,430407000,432594000,430619432
2016-07-15,24.0600,24.0600,,,430619432.02024350,10360703534.407058610000,430407000,432594000,430407000,432594000,430619432,430407000,432594000,430407000,432594000,430619432
2016-07-18,23.9500,23.9500,,,430619431.98538880,10313335396.050061760000,430407000,432594000,430407000,432594000,430619432,430407000,432594000,430407000,432594000,430619432
2016-07-19,23.9200,23.9200,,,430619432.02077470,10300416813.936930824000,430407000,432594000,430407000,432594000,430619432,430407000,432594000,430407000,432594000,430619432
2016-07-20,24.1200,24.1200,,,430619432.01005113,10386540700.082433255600,430407000,432594000,430407000,432594000,430619432,430407000,432594000,430407000,432594000,430619432
2016-07-21,24.2400,24.2400,,,430619431.99303067,10438215031.511063440800,430407000,432594000,430407000,432594000,430619432,430407000,432594000,430407000,432594000,430619432
2016-07-22,24.6900,24.6900,,,430619432.01635027,10631993776.483688166300,430407000,432594000,430407000,432594000,430619432,430407000,432594000,430407000,432594000,430619432
2016-07-25,24.5100,24.5100,,,430619431.98411140,10554482277.930570414000,430407000,432594000,430407000,432594000,430619432,430407000,432594000,430407000,432594000,430619432
2016-07-26,24.3200,24.3200,,,430619432.00270635,10472664586.305818432000,430407000,432594000,430407000,432594000,430619432,430407000,432594000,430407000,432594000,430619432
2016-07-27,23.9000,23.9000,,,430619432.00399315,10291804424.895436285000,430407000,432594000,430407000,432594000,430619432,430407000,432594000,430407000,432594000,430619432
2016-07-28,23.7700,23.7700,,,430619432.01287574,10235823898.946056339800,430407000,432594000,430407000,432594000,430619432,430407000,432594000,430407000,432594000,430619432
2016-07-29,23.9200,23.9200,,,430619432.02077470,10300416813.936930824000,430407000,432594000,430407000,432594000,430619432,430407000,432594000,430407000,432594000,430619432
2016-08-01,23.6700,23.6700,,,430619431.98605020,10192761955.109808234000,430407000,432594000,430407000,432594000,430619432,430407000,432594000,430407000,432594000,430619432
2016-08-02,23.4700,23.4700,,,430619431.99677500,10106638068.964309250000,430407000,432594000,430407000,432594000,430619432,430407000,432594000,430407000,432594000,430619432
2016-08-03,23.5000,23.5000,,,430619432.02240630,10119556652.526548050000,430407000,432594000,430407000,432594000,430619432,430407000,432594000,430407000,432594000,430619432
2016-08-04,23.6000,23.6000,,,430619431.98786820,10162618594.913689520000,430407000,432594000,430407000,432594000,430619432,430407000,432594000,430407000,432594000,430619432
2016-08-05,22.6700,22.6700,,,430681743.99825805,9763555136.440509993500,430653000,430653000,430653000,430653000,430681744,430653000,430653000,430653000,430653000,430681744
2016-08-08,22.7100,22.7100,,,430681744.01333183,9780782406.542765859300,430653000,430653000,430653000,430653000,430681744,430653000,430653000,430653000,430653000,430681744
2016-08-09,22.7000,22.7000,,,430681743.99710050,9776475588.734181350000,430653000,430653000,430653000,430653000,430681744,430653000,430653000,430653000,430653000,430681744
2016-08-10,22.6600,22.6600,,,430681743.98199135,9759248318.631923991000,430653000,430653000,430653000,430653000,430681744,430653000,430653000,430653000,430653000,430681744
2016-08-11,22.7000,22.7000,,,430681743.99710050,9776475588.734181350000,430653000,430653000,430653000,430653000,430681744,430653000,430653000,430653000,430653000,430681744
2016-08-12,22.5700,22.5700,,,430681743.99048570,9720486961.865262249000,430653000,430653000,430653000,430653000,430681744,430653000,430653000,430653000,430653000,430681744
2016-08-15,22.4500,22.4500,,,430681744.01120770,9668805153.051612865000,430653000,430653000,430653000,430653000,430681744,430653000,430653000,430653000,430653000,430681744
2016-08-16,22.1300,22.1300,,,430681743.99656945,9530986994.644081928500,430653000,430653000,430653000,430653000,430681744,430653000,430653000,430653000,430653000,430681744
2016-08-17,22.5900,22.5900,,,430681744.00182440,9729100597.001213196000,430653000,430653000,430653000,430653000,430681744,430653000,430653000,430653000,430653000,430681744
2016-08-18,22.8200,22.8200,,,430681744.01473300,9828157398.416207060000,430653000,430653000,430653000,430653000,430681744,430653000,430653000,430653000,430653000,430681744
2016-08-19,22.8300,22.8300,,,430681744.02033210,9832464215.984181843000,430653000,430653000,430653000,430653000,430681744,430653000,430653000,430653000,430653000,430681744
2016-08-22,22.9400,22.9400,,,430681743.99432670,9879839207.229854498000,430653000,430653000,430653000,430653000,430681744,430653000,430653000,430653000,430653000,430681744
2016-08-23,22.8500,22.8500,,,430681743.98253345,9841077850.000889332500,430653000,430653000,430653000,430653000,430681744,430653000,430653000,430653000,430653000,430681744
2016-08-24,22.7600,22.7600,,,430681744.01982280,9802316493.891166928000,430653000,430653000,430653000,430653000,430681744,430653000,430653000,430653000,430653000,430681744
2016-08-25,22.7100,22.7100,,,430681743.98127973,9780782405.814862668300,430653000,430653000,430653000,430653000,430681744,430653000,430653000,430653000,430653000,430681744
2016-08-26,22.3200,22.3200,,,430681744.02643305,9612816526.669985676000,430653000,430653000,430653000,430653000,430681744,430653000,430653000,430653000,430653000,430681744
2016-08-29,22.6700,22.6700,,,430681744.00803710,9763555136.662201057000,430653000,430653000,430653000,430653000,430681744,430653000,430653000,430653000,430653000,430681744
2016-08-30,22.4700,22.4700,,,430681743.97277796,9677418787.068320761200,430653000,430653000,430653000,430653000,430681744,430653000,430653000,430653000,430653000,430681744
2016-08-31,22.4700,22.4700,,,430681743.97277796,9677418787.068320761200,430653000,430653000,430653000,430653000,430681744,430653000,430653000,430653000,430653000,430681744
2016-09-01,22.4400,22.4400,,,430681744.00550960,9664498335.483635424000,430653000,430653000,430653000,430653000,430681744,430653000,430653000,430653000,430653000,430681744
2016-09-02,22.6300,22.6300,,,430681743.97498333,9746327866.153872757900,430653000,430653000,430653000,430653000,430681744,430653000,430653000,430653000,430653000,430681744
2016-09-06,22.8000,22.8000,,,430681743.99315030,9819543763.043826840000,430653000,430653000,430653000,430653000,430681744,430653000,430653000,430653000,430653000,430681744
2016-09-07,23.2900,23.2900,,,430681743.97690296,10030577817.222069938400,430653000,430653000,430653000,430653000,430681744,430653000,430653000,430653000,430653000,430681744
2016-09-08,23.6400,23.6400,,,430681744.01734155,10181316428.569954242000,430653000,430653000,430653000,430653000,430681744,430653000,430653000,430653000,430653000,430681744
2016-09-09,22.6100,22.6100,,,430681744.02359980,9737714232.373591478000,430653000,430653000,430653000,430653000,430681744,430653000,430653000,430653000,430653000,430681744
2016-09-12,22.9500,22.9500,,,430681743.99990550,9884146024.797831225000,430653000,430653000,430653000,430653000,430681744,430653000,430653000,430653000,430653000,430681744
2016-09-13,22.4400,22.4400,,,430681744.00550960,9664498335.483635424000,430653000,430653000,430653000,430653000,430681744,430653000,430653000,430653000,430653000,430681744
2016-09-14,22.4300,22.4300,,,430681743.99980660,9660191517.915662038000,430653000,430653000,430653000,430653000,430681744,430653000,430653000,430653000,430653000,430681744
2016-09-15,22.6500,22.6500,,,430681743.99674404,9754941501.526252506000,430653000,430653000,430653000,430653000,430681744,430653000,430653000,430653000,430653000,430681744
2016-09-16,23.0500,23.0500,,,430681744.01712670,9927214199.594770435000,430653000,430653000,430653000,430653000,430681744,430653000,430653000,430653000,430653000,430681744
2016-09-19,23.3000,23.3000,,,430681743.98240536,10034884634.790044888000,430653000,430653000,430653000,430653000,430681744,430653000,430653000,430653000,430653000,430681744
2016-09-20,23.4700,23.4700,,,430681744.00000000,10108100531.680000000000,430653000,430653000,430653000,430653000,430681744,430653000,430653000,430653000,430653000,430681744
2016-09-21,24.0200,24.0200,,,430681744.02591690,10344975491.502523938000,430653000,430653000,430653000,430653000,430681744,430653000,430653000,430653000,430653000,430681744
2016-09-22,24.1100,24.1100,,,430681743.98074734,10383736847.375818367400,430653000,430653000,430653000,430653000,430681744,430653000,430653000,430653000,430653000,430681744
2016-09-23,24.1900,24.1900,,,430681743.98663950,10418191387.036809505000,430653000,430653000,430653000,430653000,430681744,430653000,430653000,430653000,430653000,430681744
2016-09-26,24.2600,24.2600,,,430681743.98721445,10448339109.129822557000,430653000,430653000,430653000,430653000,430681744,430653000,430653000,430653000,430653000,430681744
2016-09-27,23.8800,23.8800,,,430681743.97810950,10284680046.197254860000,430653000,430653000,430653000,430653000,430681744,430653000,430653000,430653000,430653000,430681744
2016-09-28,24.1200,24.1200,,,430681743.99586330,10388043665.180222796000,430653000,430653000,430653000,430653000,430681744,430653000,430653000,430653000,430653000,430681744
2016-09-29,23.5800,23.5800,,,430681743.97479534,10155475522.925674117200,430653000,430653000,430653000,430653000,430681744,430653000,430653000,430653000,430653000,430681744
2016-09-30,23.2300,23.2300,,,430681743.99196980,10004736912.933458454000,430653000,430653000,430653000,430653000,430681744,430653000,430653000,430653000,430653000,430681744
2016-10-03,22.9000,22.9000,,,430681744.02083826,9862611938.077196154000,430653000,430653000,430653000,430653000,430681744,430653000,430653000,430653000,430653000,430681744
2016-10-04,22.3600,22.3600,,,430681743.99922395,9630043795.822647522000,430653000,430653000,430653000,430653000,430681744,430653000,430653000,430653000,430653000,430681744
2016-10-05,22.3500,22.3500,,,430681743.99349760,9625736978.254671360000,430653000,430653000,430653000,430653000,430681744,430653000,430653000,430653000,430653000,430681744
2016-10-06,22.3000,22.3000,,,430681744.01497924,9604202891.534037052000,430653000,430653000,430653000,430653000,430681744,430653000,430653000,430653000,430653000,430681744
2016-10-07,21.9000,21.9000,,,430681743.98306346,9431930193.229089774000,430653000,430653000,430653000,430653000,430681744,430653000,430653000,430653000,430653000,430681744
2016-10-10,22.1800,22.1800,,,430681743.97496470,9552521081.364717046000,430653000,430653000,430653000,430653000,430681744,430653000,430653000,430653000,430653000,430681744
2016-10-11,21.8400,21.8400,,,430681743.99910617,9406089288.940478752800,430653000,430653000,430653000,430653000,430681744,430653000,430653000,430653000,430653000,430681744
2016-10-12,22.0800,22.0800,,,430681744.00756425,9509452907.687018640000,430653000,430653000,430653000,430653000,430681744,430653000,430653000,430653000,430653000,430681744
2016-10-13,22.3400,22.3400,,,430681743.98776620,9621430160.686696908000,430653000,430653000,430653000,430653000,430681744,430653000,430653000,430653000,430653000,430681744
2016-10-14,22.3700,22.3700,,,430681744.00494510,9634350613.390621887000,430653000,430653000,430653000,430653000,430681744,430653000,430653000,430653000,430653000,430681744
2016-10-17,22.4300,22.4300,,,430681743.99980660,9660191517.915662038000,430653000,430653000,430653000,430653000,430681744,430653000,430653000,430653000,430653000,430681744
2016-10-18,22.5100,22.5100,,,430681744.00607073,9694646057.576652132300,430653000,430653000,430653000,430653000,430681744,430653000,430653000,430653000,430653000,430681744
2016-10-19,22.6300,22.6300,,,430681743.97498333,9746327866.153872757900,430653000,430653000,430653000,430653000,430681744,430653000,430653000,430653000,430653000,430681744
2016-10-20,22.6600,22.6600,,,430681744.00239307,9759248319.094226966200,430653000,430653000,430653000,430653000,430681744,430653000,430653000,430653000,430653000,430681744
2016-10-21,22.7200,22.7200,,,430681743.99732685,9785089223.619266032000,430653000,430653000,430653000,430653000,430681744,430653000,430653000,430653000,430653000,430681744
2016-10-24,22.5500,22.5500,,,430681743.97912680,9711873326.729309340000,430653000,430653000,430653000,430653000,430681744,430653000,430653000,430653000,430653000,430681744
2016-10-25,22.6700,22.6700,,,430681744.00803710,9763555136.662201057000,430653000,430653000,430653000,430653000,430681744,430653000,430653000,430653000,430653000,430681744
2016-10-26,22.6600,22.6600,,,430681744.00239307,9759248319.094226966200,430653000,430653000,430653000,430653000,430681744,430653000,430653000,430653000,430653000,430681744
2016-10-27,22.5700,22.5700,,,430681743.99048570,9720486961.865262249000,430653000,430653000,430653000,430653000,430681744,430653000,430653000,430653000,430653000,430681744
2016-10-28,22.5300,22.5300,,,430681744.01742570,9703259692.712601021000,430653000,430653000,430653000,430653000,430681744,430653000,430653000,430653000,430653000,430681744
2016-10-31,22.8000,22.8000,,,430681743.99315030,9819543763.043826840000,430653000,430653000,430653000,430653000,430681744,430653000,430653000,430653000,430653000,430681744
2016-11-01,22.5000,22.5000,,,430681743.98987764,9690339239.772246900000,430653000,430653000,430653000,430653000,430681744,430653000,430653000,430653000,430653000,430681744
2016-11-02,22.1100,22.1100,,,430681743.97429687,9522373359.271703795700,430653000,430653000,430653000,430653000,430681744,430653000,430653000,430653000,430653000,430681744
2016-11-03,22.5400,22.5400,,,430681744.02309567,9707566510.280576401800,430653000,430653000,430653000,430653000,430681744,430653000,430653000,430653000,430653000,430681744
2016-11-04,22.9300,22.9300,,,430682419.99278706,9875547890.434607285800,430682000,433396000,430682000,433396000,430682420,430682000,433396000,430682000,433396000,430682420
2016-11-07,23.6200,23.6200,,,430682420.00562465,10172718760.532854233000,430682000,433396000,430682000,433396000,430682420,430682000,433396000,430682000,433396000,430682420
2016-11-08,23.7000,23.7000,,,430682420.01819010,10207173354.431105370000,430682000,433396000,430682000,433396000,430682420,430682000,433396000,430682000,433396000,430682420
2016-11-09,23.2100,23.2100,,,430682419.99450960,9996138968.072567816000,430682000,433396000,430682000,433396000,430682420,430682000,433396000,430682000,433396000,430682420
2016-11-10,23.1200,23.1200,,,430682419.97619367,9957377549.849597650400,430682000,433396000,430682000,433396000,430682420,430682000,433396000,430682000,433396000,430682420
2016-11-11,22.9200,22.9200,,,430682419.97302860,9871241065.781815512000,430682000,433396000,430682000,433396000,430682420,430682000,433396000,430682000,433396000,430682420
2016-11-14,22.9600,22.9600,,,430682419.97349480,9888468362.591440608000,430682000,433396000,430682000,433396000,430682420,430682000,433396000,430682000,433396000,430682420
2016-11-15,23.2700,23.2700,,,430682419.98847926,10021979913.131912380200,430682000,433396000,430682000,433396000,430682420,430682000,433396000,430682000,433396000,430682420
2016-11-16,23.2200,23.2200,,,430682420.00381000,10000445792.488468200000,430682000,433396000,430682000,433396000,430682420,430682000,433396000,430682000,433396000,430682420
2016-11-17,23.2200,23.2200,,,430682420.00381000,10000445792.488468200000,430682000,433396000,430682000,433396000,430682420,430682000,433396000,430682000,433396000,430682420
2016-11-18,23.3400,23.3400,,,430682420.02733720,10052127683.438050248000,430682000,433396000,430682000,433396000,430682420,430682000,433396000,430682000,433396000,430682420
2016-11-21,23.5200,23.5200,,,430682420.02678590,10129650519.030004368000,430682000,433396000,430682000,433396000,430682420,430682000,433396000,430682000,433396000,430682420
2016-11-22,23.6200,23.6200,,,430682419.99648154,10172718760.316893974800,430682000,433396000,430682000,433396000,430682420,430682000,433396000,430682000,433396000,430682420
2016-11-23,23.6100,23.6100,,,430682420.00499610,10168411936.317957921000,430682000,433396000,430682000,433396000,430682420,430682000,433396000,430682000,433396000,430682420
2016-11-25,23.9500,23.9500,,,430682420.00749975,10314843959.179619012500,430682000,433396000,430682000,433396000,430682420,430682000,433396000,430682000,433396000,430682420
2016-11-28,24.1700,24.1700,,,430682420.00066550,10409594091.416085135000,430682000,433396000,430682000,433396000,430682420,430682000,433396000,430682000,433396000,430682420
2016-11-29,24.0900,24.0900,,,430682420.02704257,10375139498.451455511300,430682000,433396000,430682000,433396000,430682420,430682000,433396000,430682000,433396000,430682420
2016-11-30,23.8600,23.8600,,,430682419.98640454,10276082540.875612324400,430682000,433396000,430682000,433396000,430682420,430682000,433396000,430682000,433396000,430682420
2016-12-01,23.8000,23.8000,,,430682419.99617016,10250241595.908849808000,430682000,433396000,430682000,433396000,430682420,430682000,433396000,430682000,433396000,430682420
2016-12-02,24.1000,24.1000,,,430682420.01868830,10379446322.450388030000,430682000,433396000,430682000,433396000,430682420,430682000,433396000,430682000,433396000,430682420
2016-12-05,23.9800,23.9800,,,430682419.99586350,10327764431.500806730000,430682000,433396000,430682000,433396000,430682420,430682000,433396000,430682000,433396000,430682420
2016-12-06,23.7800,23.7800,,,430682419.99943630,10241627947.586595214000,430682000,433396000,430682000,433396000,430682420,430682000,433396000,430682000,433396000,430682420
2016-12-07,24.0900,24.0900,,,430682420.02704257,10375139498.451455511300,430682000,433396000,430682000,433396000,430682420,430682000,433396000,430682000,433396000,430682420
2016-12-08,24.0500,24.0500,,,430682419.97781730,10357912200.466506065000,430682000,433396000,430682000,433396000,430682420,430682000,433396000,430682000,433396000,430682420
2016-12-09,24.4300,24.4300,,,430682419.97432154,10521571519.972675222200,430682000,433396000,430682000,433396000,430682420,430682000,433396000,430682000,433396000,430682420
2016-12-12,24.5100,24.5100,,,430682420.00317200,10556026114.277745720000,430682000,433396000,430682000,433396000,430682420,430682000,433396000,430682000,433396000,430682420
2016-12-13,24.5800,24.5800,,,430682419.98549410,10586173883.243444978000,430682000,433396000,430682000,433396000,430682420,430682000,433396000,430682000,433396000,430682420
2016-12-14,24.1800,24.1800,,,430682419.99234980,10413900915.415018164000,430682000,433396000,430682000,433396000,430682420,430682000,433396000,430682000,433396000,430682420
2016-12-15,24.3100,24.3100,,,430682420.02007080,10469889630.687921148000,430682000,433396000,430682000,433396000,430682420,430682000,433396000,430682000,433396000,430682420
2016-12-16,24.2900,24.2900,,,430682420.02328810,10461275982.365667949000,430682000,433396000,430682000,433396000,430682420,430682000,433396000,430682000,433396000,430682420
2016-12-19,24.4600,24.4600,,,430682420.01775550,10534491993.634299530000,430682000,433396000,430682000,433396000,430682420,430682000,433396000,430682000,433396000,430682420
2016-12-20,24.6600,24.6600,,,430682420.01413280,10620628477.548514848000,430682000,433396000,430682000,433396000,430682420,430682000,433396000,430682000,433396000,430682420
2016-12-21,24.6500,24.6500,,,430682420.02229530,10616321653.549579145000,430682000,433396000,430682000,433396000,430682420,430682000,433396000,430682000,433396000,430682420
2016-12-22,24.8400,24.8400,,,430682420.02676570,10698151313.464859988000,430682000,433396000,430682000,433396000,430682420,430682000,433396000,430682000,433396000,430682420
2016-12-23,24.8300,24.8300,,,430682420.02180976,10693844489.141536340800,430682000,433396000,430682000,433396000,430682420,430682000,433396000,430682000,433396000,430682420
2016-12-27,24.7600,24.7600,,,430682419.98527473,10663696718.835402314800,430682000,433396000,430682000,433396000,430682420,430682000,433396000,430682000,433396000,430682420
2016-12-28,24.4400,24.4400,,,430682419.97937780,10525878344.295993432000,430682000,433396000,430682000,433396000,430682420,430682000,433396000,430682000,433396000,430682420
2016-12-29,24.7300,24.7300,,,430682419.99653100,10650776246.514211630000,430682000,433396000,430682000,433396000,430682420,430682000,433396000,430682000,433396000,430682420
2016-12-30,24.6400,24.6400,,,430682419.97606350,10612014828.210204640000,430682000,433396000,430682000,433396000,430682420,430682000,433396000,430682000,433396000,430682420
2017-01-03,24.5900,24.5900,,,430682419.99051500,10590480707.566763850000,430682000,433396000,430682000,433396000,430682420,430682000,433396000,430682000,433396000,430682420
2017-01-04,24.8100,24.8100,,,430682420.02496094,10685230840.819280921400,430682000,433396000,430682000,433396000,430682420,430682000,433396000,430682000,433396000,430682420
2017-01-05,24.8100,24.8100,,,430682420.02496094,10685230840.819280921400,430682000,433396000,430682000,433396000,430682420,430682000,433396000,430682000,433396000,430682420
2017-01-06,25.3600,25.3600,,,430682419.97547466,10922106170.578037377600,430682000,433396000,430682000,433396000,430682420,430682000,433396000,430682000,433396000,430682420
2017-01-09,24.8800,24.8800,,,430682420.00743490,10715378609.784980312000,430682000,433396000,430682000,433396000,430682420,430682000,433396000,430682000,433396000,430682420
2017-01-10,24.9500,24.9500,,,430682419.99000716,10745526378.750678642000,430682000,433396000,430682000,433396000,430682420,430682000,433396000,430682000,433396000,430682420
2017-01-11,25.4200,25.4200,,,430682420.01908890,10947947116.885239838000,430682000,433396000,430682000,433396000,430682420,430682000,433396000,430682000,433396000,430682420
2017-01-12,25.3300,25.3300,,,430682419.98645276,10909185698.256848410800,430682000,433396000,430682000,433396000,430682420,430682000,433396000,430682000,433396000,430682420
2017-01-13,25.4200,25.4200,,,430682420.01908890,10947947116.885239838000,430682000,433396000,430682000,433396000,430682420,430682000,433396000,430682000,433396000,430682420
2017-01-17,25.4900,25.4900,,,430682419.98927230,10978094885.526550927000,430682000,433396000,430682000,433396000,430682420,430682000,433396000,430682000,433396000,430682420
2017-01-18,25.6800,25.6800,,,430682419.99384063,11059924545.441827378400,430682000,433396000,430682000,433396000,430682420,430682000,433396000,430682000,433396000,430682420
2017-01-19,25.4400,25.4400,,,430682420.00326680,10956560764.883107392000,430682000,433396000,430682000,433396000,430682420,430682000,433396000,430682000,433396000,430682420
2017-01-20,25.6000,25.6000,,,430682420.01864050,11025469952.477196800000,430682000,433396000,430682000,433396000,430682420,430682000,433396000,430682000,433396000,430682420
2017-01-23,25.4400,25.4400,,,430682420.00326680,10956560764.883107392000,430682000,433396000,430682000,433396000,430682420,430682000,433396000,430682000,433396000,430682420
2017-01-24,25.6200,25.6200,,,430682420.01559144,11034083600.799452692800,430682000,433396000,430682000,433396000,430682420,430682000,433396000,430682000,433396000,430682420
2017-01-25,25.9500,25.9500,,,430682420.02551740,11176208799.662176530000,430682000,433396000,430682000,433396000,430682420,430682000,433396000,430682000,433396000,430682420
2017-01-26,25.9900,25.9900,,,430682420.00701420,11193436095.982299058000,430682000,433396000,430682000,433396000,430682420,430682000,433396000,430682000,433396000,430682420
2017-01-27,26.0600,26.0600,,,430682419.99032986,11223583864.947996151600,430682000,433396000,430682000,433396000,430682420,430682000,433396000,430682000,433396000,430682420
2017-01-30,25.8300,25.8300,,,430682420.00435910,11124526908.712595553000,430682000,433396000,430682000,433396000,430682420,430682000,433396000,430682000,433396000,430682420
2017-01-31,26.2100,26.2100,,,430682420.00071600,11288186228.218766360000,430682000,433396000,430682000,433396000,430682420,430682000,433396000,430682000,433396000,430682420
2017-02-01,25.9300,25.9300,,,430682419.97684085,11167595149.999483240500,430682000,433396000,430682000,433396000,430682420,430682000,433396000,430682000,433396000,430682420
2017-02-02,26.1900,26.1900,,,430682420.00368506,11279572579.896511721400,430682000,433396000,430682000,433396000,430682420,430682000,433396000,430682000,433396000,430682420
2017-02-03,26.3000,26.3000,,,430682419.98124400,11326947645.506717200000,430682000,433396000,430682000,433396000,430682420,430682000,433396000,430682000,433396000,430682420
2017-02-06,26.0900,26.0900,,,430682419.97965455,11236504337.269187209500,430682000,433396000,430682000,433396000,430682420,430682000,433396000,430682000,433396000,430682420
2017-02-07,26.1700,26.1700,,,430682420.00665870,11270958931.574258179000,430682000,433396000,430682000,433396000,430682420,430682000,433396000,430682000,433396000,430682420
2017-02-08,26.4200,26.4200,,,430682419.98985285,11378629536.131912297000,430682000,433396000,430682000,433396000,430682420,430682000,433396000,430682000,433396000,430682420
2017-02-09,26.4700,26.4700,,,430682419.97640187,11400163656.775357498900,430682000,433396000,430682000,433396000,430682420,430682000,433396000,430682000,433396000,430682420
2017-02-10,26.4900,26.4900,,,430682420.02408640,11408777306.438048736000,430682000,433396000,430682000,433396000,430682420,430682000,433396000,430682000,433396000,430682420
2017-02-13,26.6700,26.6700,,,430682420.02362230,11486300142.030006741000,430682000,433396000,430682000,433396000,430682420,430682000,433396000,430682000,433396000,430682420
2017-02-14,26.0500,26.0500,,,430682420.02363634,11219277041.615726657000,430682000,433396000,430682000,433396000,430682420,430682000,433396000,430682000,433396000,430682420
2017-02-15,26.0700,26.0700,,,430682419.99602970,11227890689.296494279000,430682000,433396000,430682000,433396000,430682420,430682000,433396000,430682000,433396000,430682420
2017-02-16,26.3700,26.3700,,,430682419.98792270,11357095415.081521599000,430682000,433396000,430682000,433396000,430682420,430682000,433396000,430682000,433396000,430682420
2017-02-17,26.5100,26.5100,,,430682420.02252537,11417390954.797147558700,430682000,433396000,430682000,433396000,430682420,430682000,433396000,430682000,433396000,430682420
2017-02-21,26.6100,26.6100,,,430682420.01117050,11460459196.497247005000,430682000,433396000,430682000,433396000,430682420,430682000,433396000,430682000,433396000,430682420
2017-02-22,26.5700,26.5700,,,430682420.00329626,11443231899.487581628200,430682000,433396000,430682000,433396000,430682420,430682000,433396000,430682000,433396000,430682420
2017-02-23,26.8400,26.8400,,,430682419.98002595,11559516152.263896498000,430682000,433396000,430682000,433396000,430682420,430682000,433396000,430682000,433396000,430682420
2017-02-24,27.0200,27.0200,,,430682420.02180560,11637038988.989187312000,430682000,433396000,430682000,433396000,430682420,430682000,433396000,430682000,433396000,430682420
2017-02-27,26.7900,26.7900,,,430682419.99157935,11537982031.574410786500,430682000,433396000,430682000,433396000,430682420,430682000,433396000,430682000,433396000,430682420
2017-02-28,27.3200,27.3200,,,430688867.00440550,11766419846.560358260000,430606000,433603000,430606000,433603000,432000000,430606000,433603000,430606000,433603000,432000000
2017-03-01,27.7000,27.7000,,,430688867.02244880,11930081616.521831760000,430606000,433603000,430606000,433603000,432000000,430606000,433603000,430606000,433603000,432000000
2017-03-02,27.7700,27.7700,,,430688867.01390547,11960229836.976154901900,430606000,433603000,430606000,433603000,432000000,430606000,433603000,430606000,433603000,432000000
2017-03-03,27.9000,27.9000,,,430688867.01545780,12016219389.731272620000,430606000,433603000,430606000,433603000,432000000,430606000,433603000,430606000,433603000,432000000
2017-03-06,27.9600,27.9600,,,430688866.97800684,12042060720.705071246400,430606000,433603000,430606000,433603000,432000000,430606000,433603000,430606000,433603000,432000000
2017-03-07,28.0000,28.0000,,,430688866.98293390,12059288275.522149200000,430606000,433603000,430606000,433603000,432000000,430606000,433603000,430606000,433603000,432000000
2017-03-08,27.4400,27.4400,,,430688866.97649230,11818102509.834948712000,430606000,433603000,430606000,433603000,432000000,430606000,433603000,430606000,433603000,432000000
2017-03-09,27.3700,27.3700,,,430688866.99053603,11787954289.530971141100,430606000,433603000,430606000,433603000,432000000,430606000,433603000,430606000,433603000,432000000
2017-03-10,27.7100,27.7100,,,430688867.00380236,11934388504.675363395600,430606000,433603000,430606000,433603000,432000000,430606000,433603000,430606000,433603000,432000000
2017-03-13,27.6100,27.6100,,,430688866.98323596,11891319617.407144855600,430606000,433603000,430606000,433603000,432000000,430606000,433603000,430606000,433603000,432000000
2017-03-14,27.5000,27.5000,,,430688866.98675410,11843943842.135737750000,430606000,433603000,430606000,433603000,432000000,430606000,433603000,430606000,433603000,432000000
2017-03-15,28.0900,28.0900,,,430688867.02160330,12098050274.636836697000,430606000,433603000,430606000,433603000,432000000,430606000,433603000,430606000,433603000,432000000
2017-03-16,27.5900,27.5900,,,430688866.97801480,11882705839.923428332000,430606000,433603000,430606000,433603000,432000000,430606000,433603000,430606000,433603000,432000000
2017-03-17,27.6800,27.6800,,,430688867.02270460,11921467839.188463328000,430606000,433603000,430606000,433603000,432000000,430606000,433603000,430606000,433603000,432000000
2017-03-20,27.4500,27.4500,,,430688867.00055110,11822409399.165127695000,430606000,433603000,430606000,433603000,432000000,430606000,433603000,430606000,433603000,432000000
2017-03-21,27.5800,27.5800,,,430688867.00218440,11878398951.920245752000,430606000,433603000,430606000,433603000,432000000,430606000,433603000,430606000,433603000,432000000
2017-03-22,27.8800,27.8800,,,430688867.01031420,12007605612.247559896000,430606000,433603000,430606000,433603000,432000000,430606000,433603000,430606000,433603000,432000000
2017-03-23,27.7500,27.7500,,,430688867.00873667,11951616059.492442592500,430606000,433603000,430606000,433603000,432000000,430606000,433603000,430606000,433603000,432000000
2017-03-24,27.8700,27.8700,,,430688866.98123530,12003298722.767027811000,430606000,433603000,430606000,433603000,432000000,430606000,433603000,430606000,433603000,432000000
2017-03-27,27.6900,27.6900,,,430688866.99861497,11925774727.191648519300,430606000,433603000,430606000,433603000,432000000,430606000,433603000,430606000,433603000,432000000
2017-03-28,27.6900,27.6900,,,430688866.99861497,11925774727.191648519300,430606000,433603000,430606000,433603000,432000000,430606000,433603000,430606000,433603000,432000000
2017-03-29,27.8500,27.8500,,,430688866.98146020,11994684945.433666570000,430606000,433603000,430606000,433603000,432000000,430606000,433603000,430606000,433603000,432000000
2017-03-30,27.5100,27.5100,,,430688867.01622200,11848250731.616267220000,430606000,433603000,430606000,433603000,432000000,430606000,433603000,430606000,433603000,432000000
2017-03-31,27.5700,27.5700,,,430688866.97823966,11874092062.590067426200,430606000,433603000,430606000,433603000,432000000,430606000,433603000,430606000,433603000,432000000
2017-04-03,27.5500,27.5500,,,430688867.02117413,11865478286.433347281500,430606000,433603000,430606000,433603000,432000000,430606000,433603000,430606000,433603000,432000000
2017-04-04,27.7700,27.7700,,,430688867.01390547,11960229836.976154901900,430606000,433603000,430606000,433603000,432000000,430606000,433603000,430606000,433603000,432000000
2017-04-05,27.8400,27.8400,,,430688867.00000477,11990378057.280132796800,430606000,433603000,430606000,433603000,432000000,430606000,433603000,430606000,433603000,432000000
2017-04-06,27.9000,27.9000,,,430688867.01545780,12016219389.731272620000,430606000,433603000,430606000,433603000,432000000,430606000,433603000,430606000,433603000,432000000
2017-04-07,27.9000,27.9000,,,430688867.01545780,12016219389.731272620000,430606000,433603000,430606000,433603000,432000000,430606000,433603000,430606000,433603000,432000000
2017-04-10,28.0000,28.0000,,,430688866.98293390,12059288275.522149200000,430606000,433603000,430606000,433603000,432000000,430606000,433603000,430606000,433603000,432000000
2017-04-11,27.9100,27.9100,,,430688866.99156070,12020526277.734459137000,430606000,433603000,430606000,433603000,432000000,430606000,433603000,430606000,433603000,432000000
2017-04-12,28.0400,28.0400,,,430688866.99320880,12076515830.489574752000,430606000,433603000,430606000,433603000,432000000,430606000,433603000,430606000,433603000,432000000
2017-04-13,27.9400,27.9400,,,430688867.02034190,12033446944.548352686000,430606000,433603000,430606000,433603000,432000000,430606000,433603000,430606000,433603000,432000000
2017-04-17,28.2400,28.2400,,,430688866.98118530,12162653603.548672872000,430606000,433603000,430606000,433603000,432000000,430606000,433603000,430606000,433603000,432000000
2017-04-18,28.3000,28.3000,,,430688866.99114716,12188494935.849464628000,430606000,433603000,430606000,433603000,432000000,430606000,433603000,430606000,433603000,432000000
2017-04-19,27.9700,27.9700,,,430688867.00161785,12046367610.035251264500,430606000,433603000,430606000,433603000,432000000,430606000,433603000,430606000,433603000,432000000
2017-04-20,27.9000,27.9000,,,430688867.01545780,12016219389.731272620000,430606000,433603000,430606000,433603000,432000000,430606000,433603000,430606000,433603000,432000000
2017-04-21,28.1200,28.1200,,,430688867.00297770,12110970940.123732924000,430606000,433603000,430606000,433603000,432000000,430606000,433603000,430606000,433603000,432000000
2017-04-24,28.3200,28.3200,,,430688866.99622800,12197108713.333176960000,430606000,433603000,430606000,433603000,432000000,430606000,433603000,430606000,433603000,432000000
2017-04-25,28.3900,28.3900,,,430688866.98264015,12227256933.637153858500,430606000,433603000,430606000,433603000,432000000,430606000,433603000,430606000,433603000,432000000
2017-04-26,28.3300,28.3300,,,430688867.01953250,12201415602.663355725000,430606000,433603000,430606000,433603000,432000000,430606000,433603000,430606000,433603000,432000000
2017-04-27,28.6400,28.6400,,,430688867.00397545,12334929150.993856888000,430606000,433603000,430606000,433603000,432000000,430606000,433603000,430606000,433603000,432000000
2017-04-28,28.5300,28.5300,,,430688867.00744660,12287553375.722451498000,430606000,433603000,430606000,433603000,432000000,430606000,433603000,430606000,433603000,432000000
2017-05-01,28.3100,28.3100,,,430688867.01446990,12192801825.179642869000,430606000,433603000,430606000,433603000,432000000,430606000,433603000,430606000,433603000,432000000
2017-05-02,28.1900,28.1900,,,430688866.99461010,12141119160.578058719000,430606000,433603000,430606000,433603000,432000000,430606000,433603000,430606000,433603000,432000000
2017-05-03,28.1000,28.1000,,,430688867.00321597,12102357162.790368757000,430606000,433603000,430606000,433603000,432000000,430606000,433603000,430606000,433603000,432000000
2017-05-04,27.9800,27.9800,,,430688866.97778535,12050674498.038434093000,430606000,433603000,430606000,433603000,432000000,430606000,433603000,430606000,433603000,432000000
2017-05-05,28.0500,28.0500,,,430964722.01722014,12088560452.583024927000,430794000,433348000,430794000,433348000,430964722,430794000,433348000,430794000,433348000,430964722
2017-05-08,27.8700,27.8700,,,430964722.00663733,12010986802.324982387100,430794000,433348000,430794000,433348000,430964722,430794000,433348000,430794000,433348000,430964722
2017-05-09,27.4500,27.4500,,,430964721.98319620,11829981618.438735690000,430794000,433348000,430794000,433348000,430964722,430794000,433348000,430794000,433348000,430964722
2017-05-10,27.5400,27.5400,,,430964722.00137810,11868768443.917952874000,430794000,433348000,430794000,433348000,430964722,430794000,433348000,430794000,433348000,430964722
2017-05-11,27.4200,27.4200,,,430964722.01788690,11817052677.730458798000,430794000,433348000,430794000,433348000,430964722,430794000,433348000,430794000,433348000,430964722
2017-05-12,27.2900,27.2900,,,430964721.99885400,11761027263.348725660000,430794000,433348000,430794000,433348000,430964722,430794000,433348000,430794000,433348000,430964722
2017-05-15,27.4200,27.4200,,,430964721.99858147,11817052677.201103907400,430794000,433348000,430794000,433348000,430964722,430794000,433348000,430794000,433348000,430964722
2017-05-16,27.1900,27.1900,,,430964722.01548440,11717930791.601020836000,430794000,433348000,430794000,433348000,430964722,430794000,433348000,430794000,433348000,430964722
2017-05-17,27.1700,27.1700,,,430964722.00458490,11709311496.864571733000,430794000,433348000,430794000,433348000,430964722,430794000,433348000,430794000,433348000,430964722
2017-05-18,27.2100,27.2100,,,430964721.97807500,11726550085.023420750000,430794000,433348000,430794000,433348000,430964722,430794000,433348000,430794000,433348000,430964722
2017-05-19,27.4800,27.4800,,,430964722.00836820,11842910560.789958136000,430794000,433348000,430794000,433348000,430964722,430794000,433348000,430794000,433348000,430964722
2017-05-22,27.7000,27.7000,,,430964721.98634720,11937722799.021817440000,430794000,433348000,430794000,433348000,430964722,430794000,433348000,430794000,433348000,430964722
2017-05-23,27.7500,27.7500,,,430964722.01307900,11959271035.862942250000,430794000,433348000,430794000,433348000,430964722,430794000,433348000,430794000,433348000,430964722
2017-05-24,27.9700,27.9700,,,430964722.01602980,12054083274.788353506000,430794000,433348000,430794000,433348000,430964722,430794000,433348000,430794000,433348000,430964722
2017-05-25,28.1800,28.1800,,,430964721.98906980,12144585865.651986964000,430794000,433348000,430794000,433348000,430964722,430794000,433348000,430794000,433348000,430964722
2017-05-26,28.3300,28.3300,,,430964721.99932280,12209230574.240814924000,430794000,433348000,430794000,433348000,430964722,430794000,433348000,430794000,433348000,430964722
2017-05-30,28.3900,28.3900,,,430964722.00879425,12235088457.829668757500,430794000,433348000,430794000,433348000,430964722,430794000,433348000,430794000,433348000,430964722
2017-05-31,28.6100,28.6100,,,430964721.98747030,12329900696.061525283000,430794000,433348000,430794000,433348000,430964722,430794000,433348000,430794000,433348000,430964722
2017-06-01,28.9300,28.9300,,,430964721.99637540,12467809407.355140322000,430794000,433348000,430794000,433348000,430964722,430794000,433348000,430794000,433348000,430964722
2017-06-02,28.8800,28.8800,,,430964722.01620716,12446261171.828062780800,430794000,433348000,430794000,433348000,430964722,430794000,433348000,430794000,433348000,430964722
2017-06-05,28.5500,28.5500,,,430964721.97802700,12304042812.472670850000,430794000,433348000,430794000,433348000,430964722,430794000,433348000,430794000,433348000,430964722
2017-06-06,28.5000,28.5000,,,430964721.99809116,12282494576.945598060000,430794000,433348000,430794000,433348000,430964722,430794000,433348000,430794000,433348000,430964722
2017-06-07,28.3200,28.3200,,,430964721.99408865,12204920926.872590568000,430794000,433348000,430794000,433348000,430964722,430794000,433348000,430794000,433348000,430964722
2017-06-08,28.2100,28.2100,,,430964722.00484440,12157514807.756660524000,430794000,433348000,430794000,433348000,430964722,430794000,433348000,430794000,433348000,430964722
2017-06-09,28.2400,28.2400,,,430964722.02058554,12170443749.861335649600,430794000,433348000,430794000,433348000,430964722,430794000,433348000,430794000,433348000,430964722
2017-06-12,28.1100,28.1100,,,430964722.02095187,12114418336.008957065700,430794000,433348000,430794000,433348000,430964722,430794000,433348000,430794000,433348000,430964722
2017-06-13,28.1300,28.1300,,,430964721.98476210,12123037629.431357873000,430794000,433348000,430794000,433348000,430964722,430794000,433348000,430794000,433348000,430964722
2017-06-14,28.3700,28.3700,,,430964721.99835104,12226469163.093219004800,430794000,433348000,430794000,433348000,430964722,430794000,433348000,430794000,433348000,430964722
2017-06-15,28.6100,28.6100,,,430964721.98747030,12329900696.061525283000,430794000,433348000,430794000,433348000,430964722,430794000,433348000,430794000,433348000,430964722
2017-06-16,28.8800,28.8800,,,430964722.01620716,12446261171.828062780800,430794000,433348000,430794000,433348000,430964722,430794000,433348000,430794000,433348000,430964722
2017-06-19,28.7100,28.7100,,,430964722.01752980,12372997169.123280558000,430794000,433348000,430794000,433348000,430964722,430794000,433348000,430794000,433348000,430964722
2017-06-20,28.4100,28.4100,,,430964722.01922274,12243707752.566118043400,430794000,433348000,430794000,433348000,430964722,430794000,433348000,430794000,433348000,430964722
2017-06-21,27.9800,27.9800,,,430964722.02132160,12058392922.156578368000,430794000,433348000,430794000,433348000,430964722,430794000,433348000,430794000,433348000,430964722
2017-06-22,28.0900,28.0900,,,430964722.01041320,12105799041.272506788000,430794000,433348000,430794000,433348000,430964722,430794000,433348000,430794000,433348000,430964722
2017-06-23,28.0500,28.0500,,,430964722.01141185,12088560452.420102392500,430794000,433348000,430794000,433348000,430964722,430794000,433348000,430794000,433348000,430964722
2017-06-26,28.3800,28.3800,,,430964722.00357450,12230778810.461444310000,430794000,433348000,430794000,433348000,430964722,430794000,433348000,430794000,433348000,430964722
2017-06-27,28.1800,28.1800,,,430964721.98906980,12144585865.651986964000,430794000,433348000,430794000,433348000,430964722,430794000,433348000,430794000,433348000,430964722
2017-06-28,27.8300,27.8300,,,430964721.98613710,11993748212.874195493000,430794000,433348000,430794000,433348000,430964722,430794000,433348000,430794000,433348000,430964722
2017-06-29,27.4600,27.4600,,,430964722.02017490,11834291266.674002754000,430794000,433348000,430794000,433348000,430964722,430794000,433348000,430794000,433348000,430964722
2017-06-30,27.3800,27.3800,,,430964721.97692496,11799814087.728205404800,430794000,433348000,430794000,433348000,430964722,430794000,433348000,430794000,433348000,430964722
2017-07-03,27.5800,27.5800,,,430964721.99193850,11886007032.537663830000,430794000,433348000,430794000,433348000,430964722,430794000,433348000,430794000,433348000,430964722
2017-07-05,27.4500,27.4500,,,430964722.01478240,11829981619.305776880000,430794000,433348000,430794000,433348000,430964722,430794000,433348000,430794000,433348000,430964722
2017-07-06,27.2800,27.2800,,,430964721.99342010,11756717615.980500328000,430794000,433348000,430794000,433348000,430964722,430794000,433348000,430794000,433348000,430964722
2017-07-07,27.3200,27.3200,,,430964722.01513180,11773956205.453400776000,430794000,433348000,430794000,433348000,430964722,430794000,433348000,430794000,433348000,430964722
2017-07-10,27.2700,27.2700,,,430964721.98798230,11752407968.612277321000,430794000,433348000,430794000,433348000,430964722,430794000,433348000,430794000,433348000,430964722
2017-07-11,27.1600,27.1600,,,430964722.02197504,11705001850.116842086400,430794000,433348000,430794000,433348000,430964722,430794000,433348000,430794000,433348000,430964722
2017-07-12,27.4800,27.4800,,,430964722.00836820,11842910560.789958136000,430794000,433348000,430794000,433348000,430964722,430794000,433348000,430794000,433348000,430964722
2017-07-13,27.3600,27.3600,,,430964721.98875177,11791194793.612248427200,430794000,433348000,430794000,433348000,430964722,430794000,433348000,430794000,433348000,430964722
2017-07-14,27.6200,27.6200,,,430964722.01341647,11903245622.010562901400,430794000,433348000,430794000,433348000,430964722,430794000,433348000,430794000,433348000,430964722
2017-07-17,27.7700,27.7700,,,430964722.00140065,11967890329.978896050500,430794000,433348000,430794000,433348000,430964722,430794000,433348000,430794000,433348000,430964722
2017-07-18,27.7800,27.7800,,,430964722.00673580,11972199977.347120524000,430794000,433348000,430794000,433348000,430964722,430794000,433348000,430794000,433348000,430964722
2017-07-19,27.6300,27.6300,,,430964722.01877624,11907555269.378787511200,430794000,433348000,430794000,433348000,430964722,430794000,433348000,430794000,433348000,430964722
2017-07-20,28.0500,28.0500,,,430964722.01141185,12088560452.420102392500,430794000,433348000,430794000,433348000,430964722,430794000,433348000,430794000,433348000,430964722
2017-07-21,28.1500,28.1500,,,430964721.99530400,12131656924.167807600000,430794000,433348000,430794000,433348000,430964722,430794000,433348000,430794000,433348000,430964722
2017-07-24,28.1700,28.1700,,,430964721.98380417,12140276218.283763468900,430794000,433348000,430794000,433348000,430964722,430794000,433348000,430794000,433348000,430964722
2017-07-25,27.9200,27.9200,,,430964722.01173800,12032535038.567724960000,430794000,433348000,430794000,433348000,430964722,430794000,433348000,430794000,433348000,430964722
2017-07-26,28.0800,28.0800,,,430964722.00513830,12101489393.904283464000,430794000,433348000,430794000,433348000,430964722,430794000,433348000,430794000,433348000,430964722
2017-07-27,28.1300,28.1300,,,430964721.98476210,12123037629.431357873000,430794000,433348000,430794000,433348000,430964722,430794000,433348000,430794000,433348000,430964722
2017-07-28,28.1400,28.1400,,,430964721.99003490,12127347276.799582086000,430794000,433348000,430794000,433348000,430964722,430794000,433348000,430794000,433348000,430964722
2017-07-31,28.1900,28.1900,,,430964721.99433170,12148895513.020210623000,430794000,433348000,430794000,433348000,430964722,430794000,433348000,430794000,433348000,430964722
2017-08-01,28.2500,28.2500,,,430964721.97931010,12174753395.915510325000,430794000,433348000,430794000,433348000,430964722,430794000,433348000,430794000,433348000,430964722
2017-08-02,28.1700,28.1700,,,430964721.98380417,12140276218.283763468900,430794000,433348000,430794000,433348000,430964722,430794000,433348000,430794000,433348000,430964722
2017-08-03,28.4700,28.4700,,,431024401.01726675,12271264696.961584372500,430996000,433797000,430996000,433797000,431024401,430996000,433797000,430996000,433797000,431024401
2017-08-04,28.5400,28.5400,,,431024401.01109160,12301436404.856554264000,430996000,433797000,430996000,433797000,431024401,430996000,433797000,430996000,433797000,431024401
2017-08-07,28.7400,28.7400,,,431024401.01868653,12387641285.277050872200,430996000,433797000,430996000,433797000,431024401,430996000,433797000,430996000,433797000,431024401
2017-08-08,29.0500,29.0500,,,431024401.00962585,12521258849.329630942500,430996000,433797000,430996000,433797000,431024401,430996000,433797000,430996000,433797000,431024401
2017-08-09,29.0600,29.0600,,,431024401.01470053,12525569093.487197401800,430996000,433797000,430996000,433797000,431024401,430996000,433797000,430996000,433797000,431024401
2017-08-10,29.1300,29.1300,,,431024401.00865660,12555740801.382166758000,430996000,433797000,430996000,433797000,431024401,430996000,433797000,430996000,433797000,431024401
2017-08-11,28.8200,28.8200,,,431024401.01768170,12422123237.329586594000,430996000,433797000,430996000,433797000,431024401,430996000,433797000,430996000,433797000,431024401
2017-08-14,28.8000,28.8000,,,431024400.98904730,12413502748.484562240000,430996000,433797000,430996000,433797000,431024401,430996000,433797000,430996000,433797000,431024401
2017-08-15,28.8400,28.8400,,,431024401.00933960,12430743725.109354064000,430996000,433797000,430996000,433797000,431024401,430996000,433797000,430996000,433797000,431024401
2017-08-16,28.9500,28.9500,,,431024400.98931980,12478156408.640808210000,430996000,433797000,430996000,433797000,431024401,430996000,433797000,430996000,433797000,431024401
2017-08-17,28.7700,28.7700,,,431024400.99912670,12400572016.744875159000,430996000,433797000,430996000,433797000,431024401,430996000,433797000,430996000,433797000,431024401
2017-08-18,29.0100,29.0100,,,431024400.99445330,12504017872.849090233000,430996000,433797000,430996000,433797000,431024401,430996000,433797000,430996000,433797000,431024401
2017-08-21,29.2800,29.2800,,,431024401.00484640,12620394461.421902592000,430996000,433797000,430996000,433797000,431024401,430996000,433797000,430996000,433797000,431024401
2017-08-22,29.5100,29.5100,,,431024401.01995350,12719530074.098827785000,430996000,433797000,430996000,433797000,431024401,430996000,433797000,430996000,433797000,431024401
2017-08-23,29.7300,29.7300,,,431024400.98613197,12814355441.317703468100,430996000,433797000,430996000,433797000,431024401,430996000,433797000,430996000,433797000,431024401
2017-08-24,29.6400,29.6400,,,431024400.99088174,12775563245.369734773600,430996000,433797000,430996000,433797000,431024401,430996000,433797000,430996000,433797000,431024401
2017-08-25,29.7300,29.7300,,,431024400.98613197,12814355441.317703468100,430996000,433797000,430996000,433797000,431024401,430996000,433797000,430996000,433797000,431024401
2017-08-28,29.9300,29.9300,,,431024400.98650300,12900560321.526034790000,430996000,433797000,430996000,433797000,431024401,430996000,433797000,430996000,433797000,431024401
2017-08-29,29.8900,29.8900,,,431024400.99130650,12883319345.630151285000,430996000,433797000,430996000,433797000,431024401,430996000,433797000,430996000,433797000,431024401
2017-08-30,29.6600,29.6600,,,431024401.02006330,12784183734.255077478000,430996000,433797000,430996000,433797000,431024401,430996000,433797000,430996000,433797000,431024401
2017-08-31,29.6200,29.6200,,,431024400.98100406,12766942757.057340257200,430996000,433797000,430996000,433797000,431024401,430996000,433797000,430996000,433797000,431024401
2017-09-01,29.6300,29.6300,,,431024400.98594460,12771253001.213538498000,430996000,433797000,430996000,433797000,431024401,430996000,433797000,430996000,433797000,431024401
2017-09-05,29.6200,29.6200,,,431024400.98100406,12766942757.057340257200,430996000,433797000,430996000,433797000,431024401,430996000,433797000,430996000,433797000,431024401
2017-09-06,29.4400,29.4400,,,431024401.00999826,12689358365.734348774400,430996000,433797000,430996000,433797000,431024401,430996000,433797000,430996000,433797000,431024401
2017-09-07,29.9600,29.9600,,,431024401.00115585,12913491053.994629266000,430996000,433797000,430996000,433797000,431024401,430996000,433797000,430996000,433797000,431024401
2017-09-08,30.0100,30.0100,,,431024401.00122330,12935042274.046711233000,430996000,433797000,430996000,433797000,431024401,430996000,433797000,430996000,433797000,431024401
2017-09-11,30.4500,30.4500,,,431024401.02095780,13124693011.088165010000,430996000,433797000,430996000,433797000,431024401,430996000,433797000,430996000,433797000,431024401
2017-09-12,29.9800,29.9800,,,431024400.98659500,12922111541.578118100000,430996000,433797000,430996000,433797000,431024401,430996000,433797000,430996000,433797000,431024401
2017-09-13,29.9400,29.9400,,,431024400.99139050,12904870565.682231570000,430996000,433797000,430996000,433797000,431024401,430996000,433797000,430996000,433797000,431024401
2017-09-14,30.1400,30.1400,,,431024400.99172413,12991075445.890565278200,430996000,433797000,430996000,433797000,431024401,430996000,433797000,430996000,433797000,431024401
2017-09-15,30.2700,30.2700,,,431024401.00638670,13047108618.463325409000,430996000,433797000,430996000,433797000,431024401,430996000,433797000,430996000,433797000,431024401
2017-09-18,29.9800,29.9800,,,431024400.98659500,12922111541.578118100000,430996000,433797000,430996000,433797000,431024401,430996000,433797000,430996000,433797000,431024401
2017-09-19,29.9700,29.9700,,,431024400.98171234,12917801297.421918829800,430996000,433797000,430996000,433797000,431024401,430996000,433797000,430996000,433797000,431024401
2017-09-20,29.7000,29.7000,,,431024400.99589280,12801424709.578016160000,430996000,433797000,430996000,433797000,431024401,430996000,433797000,430996000,433797000,431024401
2017-09-21,29.4900,29.4900,,,431024401.01005197,12710909585.786432595300,430996000,433797000,430996000,433797000,431024401,430996000,433797000,430996000,433797000,431024401
2017-09-22,29.2000,29.2000,,,431024401.01473050,12585912509.630130600000,430996000,433797000,430996000,433797000,431024401,430996000,433797000,430996000,433797000,431024401
2017-09-25,29.6600,29.6600,,,431024401.02006330,12784183734.255077478000,430996000,433797000,430996000,433797000,431024401,430996000,433797000,430996000,433797000,431024401
2017-09-26,29.6400,29.6400,,,431024400.99088174,12775563245.369734773600,430996000,433797000,430996000,433797000,431024401,430996000,433797000,430996000,433797000,431024401
2017-09-27,29.0800,29.0800,,,431024401.00459320,12534189581.213570256000,430996000,433797000,430996000,433797000,431024401,430996000,433797000,430996000,433797000,431024401
2017-09-28,29.1500,29.1500,,,431024401.01468430,12564361289.578047345000,430996000,433797000,430996000,433797000,431024401,430996000,433797000,430996000,433797000,431024401
2017-09-29,29.2100,29.2100,,,431024401.01973050,12590222753.786327905000,430996000,433797000,430996000,433797000,431024401,430996000,433797000,430996000,433797000,431024401
2017-10-02,28.9600,28.9600,,,431024400.99437183,12482466652.797008196800,430996000,433797000,430996000,433797000,431024401,430996000,433797000,430996000,433797000,431024401
2017-10-03,28.7800,28.7800,,,431024401.00420684,12404882260.901072855200,430996000,433797000,430996000,433797000,431024401,430996000,433797000,430996000,433797000,431024401
2017-10-04,28.9900,28.9900,,,431024401.00950676,12495397385.265600972400,430996000,433797000,430996000,433797000,431024401,430996000,433797000,430996000,433797000,431024401
2017-10-05,29.0600,29.0600,,,431024400.99453455,12525569092.901174023000,430996000,433797000,430996000,433797000,431024401,430996000,433797000,430996000,433797000,431024401
2017-10-06,28.8800,28.8800,,,431024401.00433650,12447984701.005238120000,430996000,433797000,430996000,433797000,431024401,430996000,433797000,430996000,433797000,431024401
2017-10-09,28.7300,28.7300,,,431024401.00414160,12383331040.848988168000,430996000,433797000,430996000,433797000,431024401,430996000,433797000,430996000,433797000,431024401
2017-10-10,29.1200,29.1200,,,431024400.99963790,12551430557.109455648000,430996000,433797000,430996000,433797000,431024401,430996000,433797000,430996000,433797000,431024401
2017-10-11,29.3100,29.3100,,,431024401.01980540,12633325193.890496274000,430996000,433797000,430996000,433797000,431024401,430996000,433797000,430996000,433797000,431024401
2017-10-12,29.7200,29.7200,,,431024400.98120810,12810045197.161504732000,430996000,433797000,430996000,433797000,431024401,430996000,433797000,430996000,433797000,431024401
2017-10-13,29.3600,29.3600,,,431024401.01984260,12654876413.942578736000,430996000,433797000,430996000,433797000,431024401,430996000,433797000,430996000,433797000,431024401
2017-10-16,29.4600,29.4600,,,431024401.01991665,12697978854.046744509000,430996000,433797000,430996000,433797000,431024401,430996000,433797000,430996000,433797000,431024401
2017-10-17,29.5300,29.5300,,,431024400.98575590,12728150561.109371727000,430996000,433797000,430996000,433797000,431024401,430996000,433797000,430996000,433797000,431024401
2017-10-18,29.5800,29.5800,,,431024400.98585045,12749701781.161456311000,430996000,433797000,430996000,433797000,431024401,430996000,433797000,430996000,433797000,431024401
2017-10-19,29.7500,29.7500,,,431024400.99596970,12822975929.630098575000,430996000,433797000,430996000,433797000,431024401,430996000,433797000,430996000,433797000,431024401
2017-10-20,29.7000,29.7000,,,431024400.99589280,12801424709.578016160000,430996000,433797000,430996000,433797000,431024401,430996000,433797000,430996000,433797000,431024401
2017-10-23,29.6700,29.6700,,,431024400.98110620,12788493977.109420954000,430996000,433797000,430996000,433797000,431024401,430996000,433797000,430996000,433797000,431024401
2017-10-24,29.5900,29.5900,,,431024400.99079600,12754012025.317653640000,430996000,433797000,430996000,433797000,431024401,430996000,433797000,430996000,433797000,431024401
2017-10-25,29.3800,29.3800,,,431024401.00497174,12663496901.526069721200,430996000,433797000,430996000,433797000,431024401,430996000,433797000,430996000,433797000,431024401
2017-10-26,29.4900,29.4900,,,431024401.01005197,12710909585.786432595300,430996000,433797000,430996000,433797000,431024401,430996000,433797000,430996000,433797000,431024401
2017-10-27,29.7500,29.7500,,,431024400.99596970,12822975929.630098575000,430996000,433797000,430996000,433797000,431024401,430996000,433797000,430996000,433797000,431024401
2017-10-30,29.4700,29.4700,,,431024400.98069530,12702289096.901090491000,430996000,433797000,430996000,433797000,431024401,430996000,433797000,430996000,433797000,431024401
2017-10-31,29.5800,29.5800,,,431024400.98585045,12749701781.161456311000,430996000,433797000,430996000,433797000,431024401,430996000,433797000,430996000,433797000,431024401
2017-11-01,29.7100,29.7100,,,431024401.02009964,12805734954.307160304400,430996000,433797000,430996000,433797000,431024401,430996000,433797000,430996000,433797000,431024401
2017-11-02,29.7400,29.7400,,,431024400.99105250,12818665685.473901350000,430996000,433797000,430996000,433797000,431024401,430996000,433797000,430996000,433797000,431024401
2017-11-03,29.5900,29.5900,,,431033509.01043594,12754281531.618799464600,431026000,434086000,431026000,434086000,431033509,431026000,434086000,431026000,434086000,431033509
2017-11-06,29.7200,29.7200,,,431033509.00170830,12810315887.530770676000,431026000,434086000,431026000,434086000,431033509,431026000,434086000,431026000,434086000,431033509
2017-11-07,29.9500,29.9500,,,431033508.99994350,12909453594.548307825000,431026000,434086000,431026000,434086000,431033509,431026000,434086000,431026000,434086000,431033509
2017-11-08,29.9500,29.9500,,,431033508.99994350,12909453594.548307825000,431026000,434086000,431026000,434086000,431033509,431026000,434086000,431026000,434086000,431033509
2017-11-09,29.8100,29.8100,,,431033508.98109454,12849108902.726428237400,431026000,434086000,431026000,434086000,431033509,431026000,434086000,431026000,434086000,431033509
2017-11-10,29.4100,29.4100,,,431033508.97927920,12676695499.080601272000,431026000,434086000,431026000,434086000,431033509,431026000,434086000,431026000,434086000,431033509
2017-11-13,29.6300,29.6300,,,431033508.97851050,12771522871.033266115000,431026000,434086000,431026000,434086000,431033509,431026000,434086000,431026000,434086000,431033509
2017-11-14,29.9500,29.9500,,,431033508.99994350,12909453594.548307825000,431026000,434086000,431026000,434086000,431033509,431026000,434086000,431026000,434086000,431033509
2017-11-15,29.3500,29.3500,,,431033509.01178120,12650833489.495778220000,431026000,434086000,431026000,434086000,431033509,431026000,434086000,431026000,434086000,431033509
2017-11-16,29.0300,29.0300,,,431033509.02222220,12512902766.915110466000,431026000,434086000,431026000,434086000,431033509,431026000,434086000,431026000,434086000,431033509
2017-11-17,29.0000,29.0000,,,431033509.01155420,12499971761.335071800000,431026000,434086000,431026000,434086000,431033509,431026000,434086000,431026000,434086000,431033509
2017-11-20,29.1200,29.1200,,,431033508.99657506,12551695781.980265747200,431026000,434086000,431026000,434086000,431033509,431026000,434086000,431026000,434086000,431033509
2017-11-21,29.0900,29.0900,,,431033509.01470290,12538764777.237707361000,431026000,434086000,431026000,434086000,431033509,431026000,434086000,431026000,434086000,431033509
2017-11-22,29.1500,29.1500,,,431033509.00721460,12564626787.560305590000,431026000,434086000,431026000,434086000,431033509,431026000,434086000,431026000,434086000,431033509
2017-11-24,29.0300,29.0300,,,431033509.02222220,12512902766.915110466000,431026000,434086000,431026000,434086000,431033509,431026000,434086000,431026000,434086000,431033509
2017-11-27,29.5400,29.5400,,,431033508.98878370,12732729855.528670498000,431026000,434086000,431026000,434086000,431033509,431026000,434086000,431026000,434086000,431033509
2017-11-28,29.5800,29.5800,,,431033508.99843840,12749971196.173807872000,431026000,434086000,431026000,434086000,431033509,431026000,434086000,431026000,434086000,431033509
2017-11-29,29.6700,29.6700,,,431033509.00156550,12788764212.076448385000,431026000,434086000,431026000,434086000,431033509,431026000,434086000,431026000,434086000,431033509
2017-11-30,30.0100,30.0100,,,431033509.01782070,12935315605.624799207000,431026000,434086000,431026000,434086000,431033509,431026000,434086000,431026000,434086000,431033509
2017-12-01,29.5300,29.5300,,,431033508.98962320,12728419520.463573096000,431026000,434086000,431026000,434086000,431033509,431026000,434086000,431026000,434086000,431033509
2017-12-04,29.3600,29.3600,,,431033509.01092910,12655143824.560878376000,431026000,434086000,431026000,434086000,431033509,431026000,434086000,431026000,434086000,431033509
2017-12-05,28.9100,28.9100,,,431033508.99272550,12461178744.979694205000,431026000,434086000,431026000,434086000,431033509,431026000,434086000,431026000,434086000,431033509
2017-12-06,29.0100,29.0100,,,431033508.99508550,12504282095.947430355000,431026000,434086000,431026000,434086000,431033509,431026000,434086000,431026000,434086000,431033509
2017-12-07,28.8600,28.8600,,,431033508.99938303,12439627069.722194245800,431026000,434086000,431026000,434086000,431033509,431026000,434086000,431026000,434086000,431033509
2017-12-08,28.9100,28.9100,,,431033508.99272550,12461178744.979694205000,431026000,434086000,431026000,434086000,431033509,431026000,434086000,431026000,434086000,431033509
2017-12-11,28.8500,28.8500,,,431033509.01593894,12435316735.109838419000,431026000,434086000,431026000,434086000,431033509,431026000,434086000,431026000,434086000,431033509
2017-12-12,28.3800,28.3800,,,431033509.01519350,12232730985.851191530000,431026000,434086000,431026000,434086000,431033509,431026000,434086000,431026000,434086000,431033509
2017-12-13,28.4000,28.4000,,,431033508.99748766,12241351655.528649544000,431026000,434086000,431026000,434086000,431033509,431026000,434086000,431026000,434086000,431033509
2017-12-14,28.6200,28.6200,,,431033508.98468137,12336179027.141580809400,431026000,434086000,431026000,434086000,431033509,431026000,434086000,431026000,434086000,431033509
2017-12-15,28.8000,28.8000,,,431033509.00693050,12413765059.399598400000,431026000,434086000,431026000,434086000,431033509,431026000,434086000,431026000,434086000,431033509
2017-12-18,28.4600,28.4600,,,431033508.98985410,12267213665.851247686000,431026000,434086000,431026000,434086000,431033509,431026000,434086000,431026000,434086000,431033509
2017-12-19,28.0100,28.0100,,,431033508.98689050,12073248586.722802905000,431026000,434086000,431026000,434086000,431033509,431026000,434086000,431026000,434086000,431033509
2017-12-20,28.0200,28.0200,,,431033508.98600644,12077558921.787900448800,431026000,434086000,431026000,434086000,431033509,431026000,434086000,431026000,434086000,431033509
2017-12-21,27.7700,27.7700,,,431033509.01809200,11969800545.432414840000,431026000,434086000,431026000,434086000,431033509,431026000,434086000,431026000,434086000,431033509
2017-12-22,28.0700,28.0700,,,431033508.97917350,12099110597.045400145000,431026000,434086000,431026000,434086000,431033509,431026000,434086000,431026000,434086000,431033509
2017-12-26,28.0300,28.0300,,,431033509.01500120,12081869257.690483636000,431026000,434086000,431026000,434086000,431033509,431026000,434086000,431026000,434086000,431033509
2017-12-27,28.1500,28.1500,,,431033508.99949120,12133593278.335677280000,431026000,434086000,431026000,434086000,431033509,431026000,434086000,431026000,434086000,431033509
2017-12-28,28.3600,28.3600,,,431033508.98742990,12224110314.883511964000,431026000,434086000,431026000,434086000,431033509,431026000,434086000,431026000,434086000,431033509
2017-12-29,28.3600,28.3600,,,431033508.98742990,12224110314.883511964000,431026000,434086000,431026000,434086000,431033509,431026000,434086000,431026000,434086000,431033509
2018-01-02,28.0200,28.0200,,,431033508.98600644,12077558921.787900448800,431026000,434086000,431026000,434086000,431033509,431026000,434086000,431026000,434086000,431033509
2018-01-03,27.9600,27.9600,,,431033508.99375190,12051696911.465303124000,431026000,434086000,431026000,434086000,431033509,431026000,434086000,431026000,434086000,431033509
2018-01-04,27.9900,27.9900,,,431033509.00483550,12064627917.045345645000,431026000,434086000,431026000,434086000,431033509,431026000,434086000,431026000,434086000,431033509
2018-01-05,27.8700,27.8700,,,431033509.02045750,12012903896.400150525000,431026000,434086000,431026000,434086000,431033509,431026000,434086000,431026000,434086000,431033509
2018-01-08,28.0400,28.0400,,,431033508.99796160,12086179592.302843264000,431026000,434086000,431026000,434086000,431033509,431026000,434086000,431026000,434086000,431033509
2018-01-09,27.7600,27.7600,,,431033508.98882675,11965490209.529830580000,431026000,434086000,431026000,434086000,431033509,431026000,434086000,431026000,434086000,431033509
2018-01-10,27.2600,27.2600,,,431033509.02352790,11749973455.981370554000,431026000,434086000,431026000,434086000,431033509,431026000,434086000,431026000,434086000,431033509
2018-01-11,27.4300,27.4300,,,431033509.00051270,11823249151.884063361000,431026000,434086000,431026000,434086000,431033509,431026000,434086000,431026000,434086000,431033509
2018-01-12,27.3700,27.3700,,,431033509.00845695,11797387141.561466721500,431026000,434086000,431026000,434086000,431033509,431026000,434086000,431026000,434086000,431033509
2018-01-16,27.5200,27.5200,,,431033509.02032860,11862042168.239443072000,431026000,434086000,431026000,434086000,431033509,431026000,434086000,431026000,434086000,431033509
2018-01-17,27.8800,27.8800,,,431033509.01955706,12017214231.465250832800,431026000,434086000,431026000,434086000,431033509,431026000,434086000,431026000,434086000,431033509
2018-01-18,27.8300,27.8300,,,431033509.01024110,11995662555.755009813000,431026000,434086000,431026000,434086000,431033509,431026000,434086000,431026000,434086000,431033509
2018-01-19,27.8000,27.8000,,,431033508.99909960,11982731550.174968880000,431026000,434086000,431026000,434086000,431033509,431026000,434086000,431026000,434086000,431033509
2018-01-22,27.7900,27.7900,,,431033508.99999535,11978421215.109870776500,431026000,434086000,431026000,434086000,431033509,431026000,434086000,431026000,434086000,431033509
2018-01-23,28.0800,28.0800,,,431033509.00811905,12103420932.947982924000,431026000,434086000,431026000,434086000,431033509,431026000,434086000,431026000,434086000,431033509
2018-01-24,28.1400,28.1400,,,431033509.00037600,12129282943.270580640000,431026000,434086000,431026000,434086000,431033509,431026000,434086000,431026000,434086000,431033509
2018-01-25,28.3800,28.3800,,,431033509.01519350,12232730985.851191530000,431026000,434086000,431026000,434086000,431033509,431026000,434086000,431026000,434086000,431033509
2018-01-26,28.4600,28.4600,,,431033508.98985410,12267213665.851247686000,431026000,434086000,431026000,434086000,431033509,431026000,434086000,431026000,434086000,431033509
2018-01-29,27.7300,27.7300,,,431033509.00783530,11952559204.787272869000,431026000,434086000,431026000,434086000,431033509,431026000,434086000,431026000,434086000,431033509
2018-01-30,27.8200,27.8200,,,431033508.98103610,11991352219.852424302000,431026000,434086000,431026000,434086000,431033509,431026000,434086000,431026000,434086000,431033509
2018-01-31,28.1800,28.1800,,,431033509.01049393,12146524283.915718947400,431026000,434086000,431026000,434086000,431033509,431026000,434086000,431026000,434086000,431033509
2018-02-01,27.7200,27.7200,,,431033508.97852415,11948248868.884689438000,431026000,434086000,431026000,434086000,431033509,431026000,434086000,431026000,434086000,431033509
2018-02-02,27.5500,27.5500,,,431033508.98472804,11874973172.529257502000,431026000,434086000,431026000,434086000,431033509,431026000,434086000,431026000,434086000,431033509
2018-02-05,26.9100,26.9100,,,431033509.02343600,11599111727.820662760000,431026000,434086000,431026000,434086000,431033509,431026000,434086000,431026000,434086000,431033509
2018-02-06,26.3200,26.3200,,,431033509.00757370,11344801957.079339784000,431026000,434086000,431026000,434086000,431033509,431026000,434086000,431026000,434086000,431033509
2018-02-07,26.3600,26.3600,,,431033509.00120413,11362043297.271740866800,431026000,434086000,431026000,434086000,431033509,431026000,434086000,431026000,434086000,431033509
2018-02-08,25.8500,25.8500,,,431033509.00660336,11142216207.820696856000,431026000,434086000,431026000,434086000,431033509,431026000,434086000,431026000,434086000,431033509
2018-02-09,26.5000,26.5000,,,431033509.01451373,11422387988.884613845000,431026000,434086000,431026000,434086000,431033509,431026000,434086000,431026000,434086000,431033509
2018-02-12,26.7300,26.7300,,,431033508.99972480,11521525695.562643904000,431026000,434086000,431026000,434086000,431033509,431026000,434086000,431026000,434086000,431033509
2018-02-13,26.7700,26.7700,,,431033509.01037675,11538767036.207785597500,431026000,434086000,431026000,434086000,431033509,431026000,434086000,431026000,434086000,431033509
2018-02-14,26.1900,26.1900,,,431033509.02425000,11288767601.345107500000,431026000,434086000,431026000,434086000,431033509,431026000,434086000,431026000,434086000,431033509
2018-02-15,26.7600,26.7600,,,431033509.00380766,11534456700.941892981600,431026000,434086000,431026000,434086000,431033509,431026000,434086000,431026000,434086000,431033509
2018-02-16,26.9100,26.9100,,,431033508.98919590,11599111726.899261669000,431026000,434086000,431026000,434086000,431033509,431026000,434086000,431026000,434086000,431033509
2018-02-20,26.7300,26.7300,,,431033508.97808856,11521525694.984307208800,431026000,434086000,431026000,434086000,431033509,431026000,434086000,431026000,434086000,431033509
2018-02-21,26.2300,26.2300,,,431033508.98372656,11306008940.643147668800,431026000,434086000,431026000,434086000,431033509,431026000,434086000,431026000,434086000,431033509
2018-02-22,27.0000,27.0000,,,431048125.01773400,11638299375.478818000000,430964000,434308000,430964000,434308000,430800000,430964000,434308000,430964000,434308000,430800000
2018-02-23,27.7300,27.7300,,,431048125.01438930,11952964506.649015289000,430964000,434308000,430964000,434308000,430800000,430964000,434308000,430964000,434308000,430800000
2018-02-26,27.7900,27.7900,,,431048125.02010150,11978827394.308620685000,430964000,434308000,430964000,434308000,430800000,430964000,434308000,430964000,434308000,430800000
2018-02-27,27.2500,27.2500,,,431048125.02342844,11746061406.888424990000,430964000,434308000,430964000,434308000,430800000,430964000,434308000,430964000,434308000,430800000
2018-02-28,27.0500,27.0500,,,431048124.98524890,11659851780.850982745000,430964000,434308000,430964000,434308000,430800000,430964000,434308000,430964000,434308000,430800000
2018-03-01,26.7200,26.7200,,,431048125.00895990,11517605900.239408528000,430964000,434308000,430964000,434308000,430800000,430964000,434308000,430964000,434308000,430800000
2018-03-02,26.6900,26.6900,,,431048125.00598000,11504674456.409606200000,430964000,434308000,430964000,434308000,430800000,430964000,434308000,430964000,434308000,430800000
2018-03-05,27.1500,27.1500,,,431048124.98530330,11702956593.350984595000,430964000,434308000,430964000,434308000,430800000,430964000,434308000,430964000,434308000,430800000
2018-03-06,26.7700,26.7700,,,431048124.98509470,11539158305.850985119000,430964000,434308000,430964000,434308000,430800000,430964000,434308000,430964000,434308000,430800000
2018-03-07,26.7100,26.7100,,,431048124.97908570,11513295418.191379047000,430964000,434308000,430964000,434308000,430800000,430964000,434308000,430964000,434308000,430800000
2018-03-08,27.0900,27.0900,,,431048124.97937906,11677093705.691378735400,430964000,434308000,430964000,434308000,430800000,430964000,434308000,430964000,434308000,430800000
2018-03-09,27.1300,27.1300,,,431048125.01176610,11694335631.569214293000,430964000,434308000,430964000,434308000,430800000,430964000,434308000,430964000,434308000,430800000
2018-03-12,27.4300,27.4300,,,431048124.99418133,11823650068.590393881900,430964000,434308000,430964000,434308000,430800000,430964000,434308000,430964000,434308000,430800000
2018-03-13,27.3100,27.3100,,,431048124.98246730,11771924293.271181963000,430964000,434308000,430964000,434308000,430800000,430964000,434308000,430964000,434308000,430800000
2018-03-14,27.0500,27.0500,,,431048124.98524890,11659851780.850982745000,430964000,434308000,430964000,434308000,430800000,430964000,434308000,430964000,434308000,430800000
2018-03-15,26.9200,26.9200,,,431048124.99110657,11603815524.760588864400,430964000,434308000,430964000,434308000,430800000,430964000,434308000,430964000,434308000,430800000
2018-03-16,27.1500,27.1500,,,431048124.98530330,11702956593.350984595000,430964000,434308000,430964000,434308000,430800000,430964000,434308000,430964000,434308000,430800000
2018-03-19,26.9500,26.9500,,,431048124.99407770,11616746968.590394015000,430964000,434308000,430964000,434308000,430800000,430964000,434308000,430964000,434308000,430800000
2018-03-20,26.8100,26.8100,,,431048125.01785970,11556400231.728818557000,430964000,434308000,430964000,434308000,430800000,430964000,434308000,430964000,434308000,430800000
2018-03-21,26.8400,26.8400,,,431048125.02081305,11569331675.558622262000,430964000,434308000,430964000,434308000,430800000,430964000,434308000,430964000,434308000,430800000
2018-03-22,26.7300,26.7300,,,431048124.99104340,11521916381.010590082000,430964000,434308000,430964000,434308000,430800000,430964000,434308000,430964000,434308000,430800000
2018-03-23,26.5000,26.5000,,,431048125.00602290,11422775312.659606850000,430964000,434308000,430964000,434308000,430800000,430964000,434308000,430964000,434308000,430800000
2018-03-26,26.8400,26.8400,,,431048125.02081305,11569331675.558622262000,430964000,434308000,430964000,434308000,430800000,430964000,434308000,430964000,434308000,430800000
2018-03-27,27.0900,27.0900,,,431048124.97937906,11677093705.691378735400,430964000,434308000,430964000,434308000,430800000,430964000,434308000,430964000,434308000,430800000
2018-03-28,26.9500,26.9500,,,431048124.99407770,11616746968.590394015000,430964000,434308000,430964000,434308000,430800000,430964000,434308000,430964000,434308000,430800000
2018-03-29,27.4000,27.4000,,,431048124.99126244,11810718624.760590856000,430964000,434308000,430964000,434308000,430800000,430964000,434308000,430964000,434308000,430800000
2018-04-02,26.9800,26.9800,,,431048124.99704220,11629678412.420198556000,430964000,434308000,430964000,434308000,430800000,430964000,434308000,430964000,434308000,430800000
2018-04-03,27.0800,27.0800,,,431048124.98821217,11672783224.680785563600,430964000,434308000,430964000,434308000,430800000,430964000,434308000,430964000,434308000,430800000
2018-04-04,27.2000,27.2000,,,431048125.00000000,11724509000.000000000000,430964000,434308000,430964000,434308000,430800000,430964000,434308000,430964000,434308000,430800000
2018-04-05,27.2900,27.2900,,,431048125.00877280,11763303331.489409712000,430964000,434308000,430964000,434308000,430800000,430964000,434308000,430964000,434308000,430800000
2018-04-06,26.8900,26.8900,,,431048124.98812896,11590884080.930787734400,430964000,434308000,430964000,434308000,430800000,430964000,434308000,430964000,434308000,430800000
2018-04-09,27.1300,27.1300,,,431048125.01176610,11694335631.569214293000,430964000,434308000,430964000,434308000,430800000,430964000,434308000,430964000,434308000,430800000
2018-04-10,27.1000,27.1000,,,431048125.00883430,11681404187.739409530000,430964000,434308000,430964000,434308000,430800000,430964000,434308000,430964000,434308000,430800000
2018-04-11,26.8300,26.8300,,,431048124.98215360,11565021193.271181088000,430964000,434308000,430964000,434308000,430800000,430964000,434308000,430964000,434308000,430800000
2018-04-12,26.5300,26.5300,,,431048125.00902410,11435706756.489409373000,430964000,434308000,430964000,434308000,430800000,430964000,434308000,430964000,434308000,430800000
2018-04-13,26.6700,26.6700,,,431048124.98503876,11496053493.350983729200,430964000,434308000,430964000,434308000,430800000,430964000,434308000,430964000,434308000,430800000
2018-04-16,27.0700,27.0700,,,431048125.00589603,11668472743.909605532100,430964000,434308000,430964000,434308000,430800000,430964000,434308000,430964000,434308000,430800000
2018-04-17,27.1700,27.1700,,,431048124.99706280,11711577556.170196276000,430964000,434308000,430964000,434308000,430800000,430964000,434308000,430964000,434308000,430800000
2018-04-18,27.1400,27.1400,,,431048124.99411910,11698646112.340392374000,430964000,434308000,430964000,434308000,430800000,430964000,434308000,430964000,434308000,430800000
2018-04-19,26.9800,26.9800,,,431048124.99704220,11629678412.420198556000,430964000,434308000,430964000,434308000,430800000,430964000,434308000,430964000,434308000,430800000
2018-04-20,26.6800,26.6800,,,431048125.02392894,11500363975.638424119200,430964000,434308000,430964000,434308000,430800000,430964000,434308000,430964000,434308000,430800000
2018-04-23,25.9400,25.9400,,,431048124.98769420,11181388362.180787548000,430964000,434308000,430964000,434308000,430800000,430964000,434308000,430964000,434308000,430800000
2018-04-24,25.3600,25.3600,,,431048125.00629360,10931380450.159605696000,430964000,434308000,430964000,434308000,430800000,430964000,434308000,430964000,434308000,430800000
2018-04-25,24.9200,24.9200,,,431048125.00000000,10741719275.000000000000,430964000,434308000,430964000,434308000,430800000,430964000,434308000,430964000,434308000,430800000
2018-04-26,25.1100,25.1100,,,431048125.00000000,10823618418.750000000000,430964000,434308000,430964000,434308000,430800000,430964000,434308000,430964000,434308000,430800000
2018-04-27,25.4700,25.4700,,,431048124.97806740,10978795743.191376678000,430964000,434308000,430964000,434308000,430800000,430964000,434308000,430964000,434308000,430800000
2018-04-30,25.3300,25.3300,,,431048125.00315050,10918449006.329802165000,430964000,434308000,430964000,434308000,430800000,430964000,434308000,430964000,434308000,430800000
2018-05-01,25.4400,25.4400,,,431048125.02509540,10965864300.638426976000,430964000,434308000,430964000,434308000,430800000,430964000,434308000,430964000,434308000,430800000
2018-05-02,25.4600,25.4600,,,431048124.99686560,10974485262.420198176000,430964000,434308000,430964000,434308000,430800000,430964000,434308000,430964000,434308000,430800000
2018-05-03,25.3800,25.3800,,,431048125.01886606,10940001412.978820602800,430964000,434308000,430964000,434308000,430800000,430964000,434308000,430964000,434308000,430800000
2018-05-04,26.3900,26.3900,,,431473291.99729050,11386580175.808496295000,431231000,434008000,431231000,434008000,431473292,431231000,434008000,431231000,434008000,431473292
2018-05-07,26.6300,26.6300,,,431473292.00230145,11490133766.021287613500,431231000,434008000,431231000,434008000,431473292,431231000,434008000,431231000,434008000,431473292
2018-05-08,26.5500,26.5500,,,431473292.00611734,11455615902.762415377000,431231000,434008000,431231000,434008000,431473292,431231000,434008000,431231000,434008000,431473292
2018-05-09,26.2700,26.2700,,,431473292.00305235,11334803380.920185234500,431231000,434008000,431231000,434008000,431473292,431231000,434008000,431231000,434008000,431473292
2018-05-10,26.6400,26.6400,,,431473292.01775320,11494448499.352945248000,431231000,434008000,431231000,434008000,431473292,431231000,434008000,431231000,434008000,431473292
2018-05-11,26.6800,26.6800,,,431473292.00007660,11511707430.562043688000,431231000,434008000,431231000,434008000,431473292,431231000,434008000,431231000,434008000,431473292
2018-05-14,26.4900,26.4900,,,431473291.99282765,11429727504.890004448500,431231000,434008000,431231000,434008000,431473292,431231000,434008000,431231000,434008000,431473292
2018-05-15,26.0600,26.0600,,,431473291.98024460,11244193989.005174276000,431231000,434008000,431231000,434008000,431473292,431231000,434008000,431231000,434008000,431473292
2018-05-16,25.5000,25.5000,,,431473291.98454374,11002568945.605865370000,431231000,434008000,431231000,434008000,431473292,431231000,434008000,431231000,434008000,431473292
2018-05-17,25.2900,25.2900,,,431473292.00737274,10911959554.866456594600,431231000,434008000,431231000,434008000,431473292,431231000,434008000,431231000,434008000,431473292
2018-05-18,25.3300,25.3300,,,431473291.98958670,10929218486.096231111000,431231000,434008000,431231000,434008000,431473292,431231000,434008000,431231000,434008000,431473292
2018-05-21,25.2200,25.2200,,,431473291.97617745,10881756423.639195289000,431231000,434008000,431231000,434008000,431473292,431231000,434008000,431231000,434008000,431473292
2018-05-22,25.4100,25.4100,,,431473292.02026380,10963736350.234903158000,431231000,434008000,431231000,434008000,431473292,431231000,434008000,431231000,434008000,431473292
2018-05-23,25.8600,25.8600,,,431473292.02286160,11157899331.711200976000,431231000,434008000,431231000,434008000,431473292,431231000,434008000,431231000,434008000,431473292
2018-05-24,26.1700,26.1700,,,431473291.99712300,11291656051.564708910000,431231000,434008000,431231000,434008000,431473292,431231000,434008000,431231000,434008000,431473292
2018-05-25,25.9800,25.9800,,,431473292.00278133,11209676126.232258953400,431231000,434008000,431231000,434008000,431473292,431231000,434008000,431231000,434008000,431473292
2018-05-29,25.8400,25.8400,,,431473291.99075043,11149269865.040991111200,431231000,434008000,431231000,434008000,431473292,431231000,434008000,431231000,434008000,431473292
2018-05-30,26.1200,26.1200,,,431473291.99876190,11270082387.007660828000,431231000,434008000,431231000,434008000,431473292,431231000,434008000,431231000,434008000,431473292
2018-05-31,26.1300,26.1300,,,431473291.99843365,11274397119.919071274500,431231000,434008000,431231000,434008000,431473292,431231000,434008000,431231000,434008000,431473292
2018-06-01,25.6600,25.6600,,,431473291.99610096,11071604672.619950633600,431231000,434008000,431231000,434008000,431473292,431231000,434008000,431231000,434008000,431473292
2018-06-04,25.6300,25.6300,,,431473291.99710184,11058660473.885720159200,431231000,434008000,431231000,434008000,431473292,431231000,434008000,431231000,434008000,431473292
2018-06-05,25.6600,25.6600,,,431473291.99610096,11071604672.619950633600,431231000,434008000,431231000,434008000,431473292,431231000,434008000,431231000,434008000,431473292
2018-06-06,25.2100,25.2100,,,431473291.97650880,10877441690.727786848000,431231000,434008000,431231000,434008000,431473292,431231000,434008000,431231000,434008000,431473292
2018-06-07,25.4100,25.4100,,,431473292.02026380,10963736350.234903158000,431231000,434008000,431231000,434008000,431473292,431231000,434008000,431231000,434008000,431473292
2018-06-08,25.3500,25.3500,,,431473291.98891723,10937847951.919051780500,431231000,434008000,431231000,434008000,431473292,431231000,434008000,431231000,434008000,431473292
2018-06-11,25.2200,25.2200,,,431473291.97617745,10881756423.639195289000,431231000,434008000,431231000,434008000,431473292,431231000,434008000,431231000,434008000,431473292
2018-06-12,25.9100,25.9100,,,431473292.02115990,11179472996.268253009000,431231000,434008000,431231000,434008000,431473292,431231000,434008000,431231000,434008000,431473292
2018-06-13,25.6400,25.6400,,,431473291.99676794,11062975206.797129981600,431231000,434008000,431231000,434008000,431473292,431231000,434008000,431231000,434008000,431473292
2018-06-14,26.1800,26.1800,,,431473291.98091130,11295970784.060257834000,431231000,434008000,431231000,434008000,431473292,431231000,434008000,431231000,434008000,431473292
2018-06-15,25.8900,25.8900,,,431473292.02183974,11170843530.445430868600,431231000,434008000,431231000,434008000,431473292,431231000,434008000,431231000,434008000,431473292
2018-06-18,26.0800,26.0800,,,431473292.01602316,11252823455.777884012800,431231000,434008000,431231000,434008000,431473292,431231000,434008000,431231000,434008000,431473292
2018-06-19,26.3800,26.3800,,,431473292.02302396,11382265443.567372064800,431231000,434008000,431231000,434008000,431473292,431231000,434008000,431231000,434008000,431473292
2018-06-20,26.3100,26.3100,,,431473291.99316275,11352062312.340111952500,431231000,434008000,431231000,434008000,431473292,431231000,434008000,431231000,434008000,431473292
2018-06-21,26.5200,26.5200,,,431473291.98700540,11442671703.495383208000,431231000,434008000,431231000,434008000,431473292,431231000,434008000,431231000,434008000,431473292
2018-06-22,26.6200,26.6200,,,431473292.00003790,11485819033.041008898000,431231000,434008000,431231000,434008000,431473292,431231000,434008000,431231000,434008000,431473292
2018-06-25,27.1900,27.1900,,,431473291.98375750,11731758809.038366425000,431231000,434008000,431231000,434008000,431473292,431231000,434008000,431231000,434008000,431473292
2018-06-26,27.3300,27.3300,,,431473291.99522990,11792165070.229633167000,431231000,434008000,431231000,434008000,431473292,431231000,434008000,431231000,434008000,431473292
2018-06-27,27.5600,27.5600,,,431473292.01941630,11891403928.055113228000,431231000,434008000,431231000,434008000,431473292,431231000,434008000,431231000,434008000,431473292
2018-06-28,27.5600,27.5600,,,431473292.01941630,11891403928.055113228000,431231000,434008000,431231000,434008000,431473292,431231000,434008000,431231000,434008000,431473292
2018-06-29,27.7100,27.7100,,,431473291.98464580,11956124920.894535118000,431231000,434008000,431231000,434008000,431473292,431231000,434008000,431231000,434008000,431473292
2018-07-02,27.5700,27.5700,,,431473292.01909770,11895718660.966523589000,431231000,434008000,431231000,434008000,431473292,431231000,434008000,431231000,434008000,431473292
2018-07-03,27.6100,27.6100,,,431473292.00276350,11912977592.196300235000,431231000,434008000,431231000,434008000,431473292,431231000,434008000,431231000,434008000,431473292
2018-07-05,27.7500,27.7500,,,431473292.01396640,11973383853.387567600000,431231000,434008000,431231000,434008000,431473292,431231000,434008000,431231000,434008000,431473292
2018-07-06,27.9400,27.9400,,,431473292.00859046,12055363778.720017452400,431231000,434008000,431231000,434008000,431473292,431231000,434008000,431231000,434008000,431473292
2018-07-09,26.9200,26.9200,,,431473292.00707650,11615261020.830499380000,431231000,434008000,431231000,434008000,431473292,431231000,434008000,431231000,434008000,431473292
2018-07-10,27.1100,27.1100,,,431473292.00158430,11697240946.162950373000,431231000,434008000,431231000,434008000,431473292,431231000,434008000,431231000,434008000,431473292
2018-07-11,27.5100,27.5100,,,431473291.99020990,11869830262.650674349000,431231000,434008000,431231000,434008000,431473292,431231000,434008000,431231000,434008000,431473292
2018-07-12,27.8300,27.8300,,,431473291.99651390,12007901716.262981837000,431231000,434008000,431231000,434008000,431473292,431231000,434008000,431231000,434008000,431473292
2018-07-13,27.7600,27.7600,,,431473292.01365185,11977698586.298975356000,431231000,434008000,431231000,434008000,431473292,431231000,434008000,431231000,434008000,431473292
2018-07-16,27.7300,27.7300,,,431473292.01459590,11964754387.564744307000,431231000,434008000,431231000,434008000,431473292,431231000,434008000,431231000,434008000,431473292
2018-07-17,27.7100,27.7100,,,431473291.98464580,11956124920.894535118000,431231000,434008000,431231000,434008000,431473292,431231000,434008000,431231000,434008000,431473292
2018-07-18,27.6100,27.6100,,,431473292.00276350,11912977592.196300235000,431231000,434008000,431231000,434008000,431473292,431231000,434008000,431231000,434008000,431473292
2018-07-19,28.0200,28.0200,,,431473291.99127170,12089881641.595433034000,431231000,434008000,431231000,434008000,431473292,431231000,434008000,431231000,434008000,431473292
2018-07-20,27.7600,27.7600,,,431473292.01365185,11977698586.298975356000,431231000,434008000,431231000,434008000,431473292,431231000,434008000,431231000,434008000,431473292
2018-07-23,27.6400,27.6400,,,431473292.00182820,11925921790.930531448000,431231000,434008000,431231000,434008000,431473292,431231000,434008000,431231000,434008000,431473292
2018-07-24,27.9300,27.9300,,,431473292.00890110,12051049045.808607723000,431231000,434008000,431231000,434008000,431473292,431231000,434008000,431231000,434008000,431473292
2018-07-25,28.1000,28.1000,,,431473292.00420785,12124399505.318240585000,431231000,434008000,431231000,434008000,431473292,431231000,434008000,431231000,434008000,431473292
2018-07-26,28.1700,28.1700,,,431473291.98730020,12154602635.282246634000,431231000,434008000,431231000,434008000,431473292,431231000,434008000,431231000,434008000,431473292
2018-07-27,28.1600,28.1600,,,431473292.00236860,12150287902.786699776000,431231000,434008000,431231000,434008000,431473292,431231000,434008000,431231000,434008000,431473292
2018-07-30,28.0300,28.0300,,,431473291.99096835,12094196374.506842850500,431231000,434008000,431231000,434008000,431473292,431231000,434008000,431231000,434008000,431473292
2018-07-31,28.4800,28.4800,,,431473291.99379015,12288359355.983143472000,431231000,434008000,431231000,434008000,431473292,431231000,434008000,431231000,434008000,431473292
2018-08-01,27.9300,27.9300,,,431473292.00890110,12051049045.808607723000,431231000,434008000,431231000,434008000,431473292,431231000,434008000,431231000,434008000,431473292
2018-08-02,28.1100,28.1100,,,431473292.00390077,12128714238.229650644700,431231000,434008000,431231000,434008000,431473292,431231000,434008000,431231000,434008000,431473292
2018-08-03,27.9700,27.9700,,,431555691.01945690,12070612677.814209493000,431523000,431523000,431523000,431523000,431555691,431523000,431523000,431523000,431523000,431555691
2018-08-06,28.2700,28.2700,,,431555690.99188070,12200079384.340467389000,431523000,431523000,431523000,431523000,431555691,431523000,431523000,431523000,431523000,431555691
2018-08-07,28.2800,28.2800,,,431555690.99371946,12204394941.302386328800,431523000,431523000,431523000,431523000,431555691,431523000,431523000,431523000,431523000,431555691
2018-08-08,28.2400,28.2400,,,431555690.98635650,12187132713.454707560000,431523000,431523000,431523000,431523000,431555691,431523000,431523000,431523000,431523000,431555691
2018-08-09,28.2000,28.2000,,,431555691.00446620,12169870486.325946840000,431523000,431523000,431523000,431523000,431555691,431523000,431523000,431523000,431523000,431555691
2018-08-10,28.1300,28.1300,,,431555691.01711430,12139661588.311425259000,431523000,431523000,431523000,431523000,431555691,431523000,431523000,431523000,431523000,431555691
2018-08-13,28.2200,28.2200,,,431555691.00814270,12178501600.249786994000,431523000,431523000,431523000,431523000,431555691,431523000,431523000,431523000,431523000,431555691
2018-08-14,28.1300,28.1300,,,431555691.01711430,12139661588.311425259000,431523000,431523000,431523000,431523000,431555691,431523000,431523000,431523000,431523000,431555691
2018-08-15,27.9500,27.9500,,,431555691.00233600,12061981563.515291200000,431523000,431523000,431523000,431523000,431555691,431523000,431523000,431523000,431523000,431555691
2018-08-16,28.2900,28.2900,,,431555690.98537874,12208710497.976364554600,431523000,431523000,431523000,431523000,431555691,431523000,431523000,431523000,431523000,431555691
2018-08-17,28.2900,28.2900,,,431555690.98537874,12208710497.976364554600,431523000,431523000,431523000,431523000,431555691,431523000,431523000,431523000,431523000,431555691
2018-08-20,28.3500,28.3500,,,431555691.00310600,12234603839.938055100000,431523000,431523000,431523000,431523000,431555691,431523000,431523000,431523000,431523000,431555691
2018-08-21,28.0600,28.0600,,,431555691.01088536,12109452689.765443201600,431523000,431523000,431523000,431523000,431555691,431523000,431523000,431523000,431523000,431555691
2018-08-22,27.8300,27.8300,,,431555690.99186960,12010194880.303730968000,431523000,431523000,431523000,431523000,431555691,431523000,431523000,431523000,431523000,431555691
2018-08-23,27.7100,27.7100,,,431555690.98131263,11958408197.092172977300,431523000,431523000,431523000,431523000,431555691,431523000,431523000,431523000,431523000,431555691
2018-08-24,27.8800,27.8800,,,431555691.00803506,12031772665.304017472800,431523000,431523000,431523000,431523000,431555691,431523000,431523000,431523000,431523000,431555691
2018-08-27,27.6800,27.6800,,,431555691.00768190,11945461527.092634992000,431523000,431523000,431523000,431523000,431555691,431523000,431523000,431523000,431523000,431555691
2018-08-28,27.5500,27.5500,,,431555691.02110680,11889359287.631492340000,431523000,431523000,431523000,431523000,431555691,431523000,431523000,431523000,431523000,431555691
2018-08-29,27.7900,27.7900,,,431555690.99689890,11992932652.803820431000,431523000,431523000,431523000,431523000,431555691,431523000,431523000,431523000,431523000,431555691
2018-08-30,27.7700,27.7700,,,431555690.99941900,11984301539.053865630000,431523000,431523000,431523000,431523000,431555691,431523000,431523000,431523000,431523000,431555691
2018-08-31,27.7900,27.7900,,,431555690.99689890,11992932652.803820431000,431523000,431523000,431523000,431523000,431555691,431523000,431523000,431523000,431523000,431555691
2018-09-04,27.9200,27.9200,,,431555691.00300604,12049034892.803928636800,431523000,431523000,431523000,431523000,431555691,431523000,431523000,431523000,431523000,431555691
2018-09-05,28.9200,28.9200,,,431555691.00486994,12480590583.860838664800,431523000,431523000,431523000,431523000,431555691,431523000,431523000,431523000,431523000,431555691
2018-09-06,28.9000,28.9000,,,431555691.00729700,12471959470.110883300000,431523000,431523000,431523000,431523000,431555691,431523000,431523000,431523000,431523000,431555691
2018-09-07,28.5100,28.5100,,,431555690.98343390,12303652749.937700489000,431523000,431523000,431523000,431523000,431555691,431523000,431523000,431523000,431523000,431555691
2018-09-10,28.7300,28.7300,,,431555690.98151900,12398595001.899040870000,431523000,431523000,431523000,431523000,431555691,431523000,431523000,431523000,431523000,431555691
2018-09-11,28.7600,28.7600,,,431555690.98089015,12411541672.610400714000,431523000,431523000,431523000,431523000,431555691,431523000,431523000,431523000,431523000,431555691
2018-09-12,28.5800,28.5800,,,431555691.02168540,12333861649.399768732000,431523000,431523000,431523000,431523000,431555691,431523000,431523000,431523000,431523000,431555691
2018-09-13,28.7800,28.7800,,,431555690.97846967,12420172786.360357102600,431523000,431523000,431523000,431523000,431555691,431523000,431523000,431523000,431523000,431555691
2018-09-14,28.9200,28.9200,,,431555691.00486994,12480590583.860838664800,431523000,431523000,431523000,431523000,431555691,431523000,431523000,431523000,431523000,431555691
2018-09-17,28.7800,28.7800,,,431555690.97846967,12420172786.360357102600,431523000,431523000,431523000,431523000,431555691,431523000,431523000,431523000,431523000,431555691
2018-09-18,28.6000,28.6000,,,431555691.01922107,12342492763.149722602000,431523000,431523000,431523000,431523000,431555691,431523000,431523000,431523000,431523000,431555691
2018-09-19,27.9100,27.9100,,,431555690.98185440,12044719335.303556304000,431523000,431523000,431523000,431523000,431555691,431523000,431523000,431523000,431523000,431555691
2018-09-20,28.0000,28.0000,,,431555691.01841350,12083559348.515578000000,431523000,431523000,431523000,431523000,431555691,431523000,431523000,431523000,431523000,431555691
2018-09-21,28.0300,28.0300,,,431555690.99233370,12096506018.515113611000,431523000,431523000,431523000,431523000,431555691,431523000,431523000,431523000,431523000,431555691
2018-09-24,27.8200,27.8200,,,431555691.01560570,12005879324.054150574000,431523000,431523000,431523000,431523000,431555691,431523000,431523000,431523000,431523000,431555691
2018-09-25,27.6500,27.6500,,,431555690.98887175,11932514855.842303887500,431523000,431523000,431523000,431523000,431555691,431523000,431523000,431523000,431523000,431555691
2018-09-26,27.2500,27.2500,,,431555690.98787300,11759892579.419539250000,431523000,431523000,431523000,431523000,431555691,431523000,431523000,431523000,431523000,431555691
2018-09-27,27.4200,27.4200,,,431555691.01500314,11833257047.631386098800,431523000,431523000,431523000,431523000,431555691,431523000,431523000,431523000,431523000,431555691
2018-09-28,27.6500,27.6500,,,431555690.98887175,11932514855.842303887500,431523000,431523000,431523000,431523000,431555691,431523000,431523000,431523000,431523000,431555691
2018-10-01,27.5400,27.5400,,,431555690.99967754,11885043730.131119451600,431523000,431523000,431523000,431523000,431555691,431523000,431523000,431523000,431523000,431555691
2018-10-02,27.9100,27.9100,,,431555690.98185440,12044719335.303556304000,431523000,431523000,431523000,431523000,431555691,431523000,431523000,431523000,431523000,431555691
2018-10-03,27.3200,27.3200,,,431555691.00182220,11790101478.169782504000,431523000,431523000,431523000,431523000,431555691,431523000,431523000,431523000,431523000,431555691
2018-10-04,27.2800,27.2800,,,431555691.00696010,11772839250.669871528000,431523000,431523000,431523000,431523000,431555691,431523000,431523000,431523000,431523000,431555691
2018-10-05,27.7300,27.7300,,,431555690.97880010,11967039310.842126773000,431523000,431523000,431523000,431523000,431555691,431523000,431523000,431523000,431523000,431555691
2018-10-08,27.9500,27.9500,,,431555691.00233600,12061981563.515291200000,431523000,431523000,431523000,431523000,431555691,431523000,431523000,431523000,431523000,431555691
2018-10-09,28.1300,28.1300,,,431555690.97991090,12139661587.264893617000,431523000,431523000,431523000,431523000,431555691,431523000,431523000,431523000,431523000,431555691
2018-10-10,27.8800,27.8800,,,431555691.00803506,12031772665.304017472800,431523000,431523000,431523000,431523000,431555691,431523000,431523000,431523000,431523000,431555691
2018-10-11,27.1500,27.1500,,,431555691.02057930,11716737011.208727995000,431523000,431523000,431523000,431523000,431555691,431523000,431523000,431523000,431523000,431555691
2018-10-12,27.3400,27.3400,,,431555690.99925890,11798732591.919738326000,431523000,431523000,431523000,431523000,431555691,431523000,431523000,431523000,431523000,431555691
2018-10-15,27.5500,27.5500,,,431555691.02110680,11889359287.631492340000,431523000,431523000,431523000,431523000,431555691,431523000,431523000,431523000,431523000,431555691
2018-10-16,27.7500,27.7500,,,431555691.02136480,11975670425.842873200000,431523000,431523000,431523000,431523000,431555691,431523000,431523000,431523000,431523000,431555691
2018-10-17,27.5600,27.5600,,,431555690.97758013,11893674843.342108382800,431523000,431523000,431523000,431523000,431555691,431523000,431523000,431523000,431523000,431555691
2018-10-18,27.7600,27.7600,,,431555690.97815170,11979985981.553491192000,431523000,431523000,431523000,431523000,431555691,431523000,431523000,431523000,431523000,431555691
2018-10-19,28.1200,28.1200,,,431555691.00338940,12135346031.015309928000,431523000,431523000,431523000,431523000,431555691,431523000,431523000,431523000,431523000,431555691
2018-10-22,27.8100,27.8100,,,431555690.99438250,12001563766.553777325000,431523000,431523000,431523000,431523000,431555691,431523000,431523000,431523000,431523000,431555691
2018-10-23,27.6700,27.6700,,,431555690.98634845,11941145969.592261611500,431523000,431523000,431523000,431523000,431555691,431523000,431523000,431523000,431523000,431555691
2018-10-24,27.9100,27.9100,,,431555690.98185440,12044719335.303556304000,431523000,431523000,431523000,431523000,431555691,431523000,431523000,431523000,431523000,431555691
2018-10-25,27.7500,27.7500,,,431555691.02136480,11975670425.842873200000,431523000,431523000,431523000,431523000,431555691,431523000,431523000,431523000,431523000,431555691
2018-10-26,27.1700,27.1700,,,431555690.99814934,11725368124.419717567800,431523000,431523000,431523000,431523000,431555691,431523000,431523000,431523000,431523000,431555691
2018-10-29,27.2200,27.2200,,,431555691.01469520,11746945909.420003344000,431523000,431523000,431523000,431523000,431555691,431523000,431523000,431523000,431523000,431555691
2018-10-30,27.3000,27.3000,,,431555691.00438920,11781470364.419825160000,431523000,431523000,431523000,431523000,431555691,431523000,431523000,431523000,431523000,431555691
2018-10-31,27.0100,27.0100,,,431555690.99253040,11656319213.708246104000,431523000,431523000,431523000,431523000,431555691,431523000,431523000,431523000,431523000,431555691
2018-11-01,27.1900,27.1900,,,431555690.99557465,11733999238.169674733500,431523000,431523000,431523000,431523000,431555691,431523000,431523000,431523000,431523000,431555691
2018-11-02,26.9600,26.9600,,,431555690.99580590,11634741429.246927064000,431523000,431523000,431523000,431523000,431555691,431523000,431523000,431523000,431523000,431555691
2018-11-05,27.4900,27.4900,,,431555690.98329700,11863465945.130834530000,431523000,431523000,431523000,431523000,431555691,431523000,431523000,431523000,431523000,431555691
2018-11-06,27.8000,27.8000,,,431555691.01813650,11997248210.304194700000,431523000,431523000,431523000,431523000,431555691,431523000,431523000,431523000,431523000,431555691
2018-11-07,28.3200,28.3200,,,431555691.00376740,12221657169.226692768000,431523000,431523000,431523000,431523000,431555691,431523000,431523000,431523000,431523000,431555691
2018-11-08,28.0600,28.0600,,,501193386.98749200,14063486438.869025520000,431554000,434891000,431554000,434891000,501193387,431554000,434891000,431554000,434891000,501193387
2018-11-09,28.1300,28.1300,,,501193387.00210760,14098569976.369286788000,431554000,434891000,431554000,434891000,501193387,431554000,434891000,431554000,434891000,501193387
2018-11-12,28.1000,28.1000,,,501193387.01492935,14083534175.119514735000,431554000,434891000,431554000,434891000,501193387,431554000,434891000,431554000,434891000,501193387
2018-11-13,28.2200,28.2200,,,501193386.97881810,14143677380.542246782000,431554000,434891000,431554000,434891000,501193387,431554000,434891000,431554000,434891000,501193387
2018-11-14,27.4600,27.4600,,,501193387.00438840,13762770407.140505464000,431554000,434891000,431554000,434891000,501193387,431554000,434891000,431554000,434891000,501193387
2018-11-15,27.5500,27.5500,,,501193386.99381423,13807877811.679582036500,431554000,434891000,431554000,434891000,501193387,431554000,434891000,431554000,434891000,501193387
2018-11-16,27.7300,27.7300,,,501193386.98799914,13898092621.177216152200,431554000,434891000,431554000,434891000,501193387,431554000,434891000,431554000,434891000,501193387
2018-11-19,27.9700,27.9700,,,501193387.01464320,14018379034.799570304000,431554000,434891000,431554000,434891000,501193387,431554000,434891000,431554000,434891000,501193387
2018-11-20,27.8500,27.8500,,,501193386.97914356,13958235827.369148146000,431554000,434891000,431554000,434891000,501193387,431554000,434891000,431554000,434891000,501193387
2018-11-21,27.8100,27.8100,,,501193386.99693160,13938188092.384667796000,431554000,434891000,431554000,434891000,501193387,431554000,434891000,431554000,434891000,501193387
2018-11-23,27.6500,27.6500,,,501193386.97901500,13857997149.969764750000,431554000,434891000,431554000,434891000,501193387,431554000,434891000,431554000,434891000,501193387
2018-11-26,27.8100,27.8100,,,501193386.99693160,13938188092.384667796000,431554000,434891000,431554000,434891000,501193387,431554000,434891000,431554000,434891000,501193387
2018-11-27,27.9500,27.9500,,,501193386.99385850,14008355166.478345075000,431554000,434891000,431554000,434891000,501193387,431554000,434891000,431554000,434891000,501193387
2018-11-28,28.0100,28.0100,,,501193386.99693143,14038426769.784049354300,431554000,434891000,431554000,434891000,501193387,431554000,434891000,431554000,434891000,501193387
2018-11-29,27.7400,27.7400,,,501193387.01324210,13903104555.747335854000,431554000,434891000,431554000,434891000,501193387,431554000,434891000,431554000,434891000,501193387
2018-11-30,28.0100,28.0100,,,501193386.99693143,14038426769.784049354300,431554000,434891000,431554000,434891000,501193387,431554000,434891000,431554000,434891000,501193387
2018-12-03,28.3700,28.3700,,,501193387.01439303,14218856389.598330261100,431554000,434891000,431554000,434891000,501193387,431554000,434891000,431554000,434891000,501193387
2018-12-04,28.0500,28.0500,,,501193386.97927016,14058474504.768527988000,431554000,434891000,431554000,434891000,501193387,431554000,434891000,431554000,434891000,501193387
2018-12-06,28.1700,28.1700,,,501193387.01451725,14118617712.198950932500,431554000,434891000,431554000,434891000,501193387,431554000,434891000,431554000,434891000,501193387
2018-12-07,28.3800,28.3800,,,501193386.99541790,14223868322.929960002000,431554000,434891000,431554000,434891000,501193387,431554000,434891000,431554000,434891000,501193387
2018-12-10,28.4600,28.4600,,,501193387.00412536,14263963794.137407745600,431554000,434891000,431554000,434891000,501193387,431554000,434891000,431554000,434891000,501193387
2018-12-11,28.7800,28.7800,,,501193387.01001380,14424345678.148197164000,431554000,434891000,431554000,434891000,501193387,431554000,434891000,431554000,434891000,501193387
2018-12-12,28.8900,28.8900,,,501193387.00550440,14479476950.589022116000,431554000,434891000,431554000,434891000,501193387,431554000,434891000,431554000,434891000,501193387
2018-12-13,29.3400,29.3400,,,501193386.98443650,14705013974.123366910000,431554000,434891000,431554000,434891000,501193387,431554000,434891000,431554000,434891000,501193387
2018-12-14,29.3000,29.3000,,,501193387.00132720,14684966239.138886960000,431554000,434891000,431554000,434891000,501193387,431554000,434891000,431554000,434891000,501193387
2018-12-17,28.9100,28.9100,,,501193386.98276560,14489500817.671753496000,431554000,434891000,431554000,434891000,501193387,431554000,434891000,431554000,434891000,501193387
2018-12-18,28.3000,28.3000,,,501193386.98666110,14183772851.722509130000,431554000,434891000,431554000,434891000,501193387,431554000,434891000,431554000,434891000,501193387
2018-12-19,28.3900,28.3900,,,501193386.99123156,14228880256.681063988400,431554000,434891000,431554000,434891000,501193387,431554000,434891000,431554000,434891000,501193387
2018-12-20,28.4000,28.4000,,,501193387.01588670,14233892191.251182280000,431554000,434891000,431554000,434891000,501193387,431554000,434891000,431554000,434891000,501193387
2018-12-21,28.3700,28.3700,,,501193387.01439303,14218856389.598330261100,431554000,434891000,431554000,434891000,501193387,431554000,434891000,431554000,434891000,501193387
2018-12-24,27.2200,27.2200,,,501193387.02265410,13642483994.756644602000,431554000,434891000,431554000,434891000,501193387,431554000,434891000,431554000,434891000,501193387
2018-12-26,27.6500,27.6500,,,501193386.97901500,13857997149.969764750000,431554000,434891000,431554000,434891000,501193387,431554000,434891000,431554000,434891000,501193387
2018-12-27,28.0900,28.0900,,,501193387.00574934,14078522240.991498960600,431554000,434891000,431554000,434891000,501193387,431554000,434891000,431554000,434891000,501193387
2018-12-28,28.0000,28.0000,,,501193387.01615790,14033414836.452421200000,431554000,434891000,431554000,434891000,501193387,431554000,434891000,431554000,434891000,501193387
2018-12-31,28.2300,28.2300,,,501193387.01752230,14148689315.504654529000,431554000,434891000,431554000,434891000,501193387,431554000,434891000,431554000,434891000,501193387
2019-01-02,28.0000,28.0000,,,501193387.01615790,14033414836.452421200000,431554000,434891000,431554000,434891000,501193387,431554000,434891000,431554000,434891000,501193387
2019-01-03,28.1600,28.1600,,,501193386.98966014,14113605777.628829542400,431554000,434891000,431554000,434891000,501193387,431554000,434891000,431554000,434891000,501193387
2019-01-04,28.6800,28.6800,,,501193386.98115490,14374226338.619522532000,431554000,434891000,431554000,434891000,501193387,431554000,434891000,431554000,434891000,501193387
2019-01-07,28.7900,28.7900,,,501193386.99131036,14429357611.479825264400,431554000,434891000,431554000,434891000,501193387,431554000,434891000,431554000,434891000,501193387
2019-01-08,29.3400,29.3400,,,501193386.98443650,14705013974.123366910000,431554000,434891000,431554000,434891000,501193387,431554000,434891000,431554000,434891000,501193387
2019-01-09,28.9800,28.9800,,,501193387.00992334,14524584355.547578393200,431554000,434891000,431554000,434891000,501193387,431554000,434891000,431554000,434891000,501193387
2019-01-10,29.5100,29.5100,,,501193386.98305310,14790216849.869896981000,431554000,434891000,431554000,434891000,501193387,431554000,434891000,431554000,434891000,501193387
2019-01-11,29.3800,29.3800,,,501193387.00974610,14725061710.346340418000,431554000,434891000,431554000,434891000,501193387,431554000,434891000,431554000,434891000,501193387
2019-01-14,29.2000,29.2000,,,501193387.01536655,14634846900.848703260000,431554000,434891000,431554000,434891000,501193387,431554000,434891000,431554000,434891000,501193387
2019-01-15,29.2900,29.2900,,,501193387.01970850,14679954305.807261965000,431554000,434891000,431554000,434891000,501193387,431554000,434891000,431554000,434891000,501193387
2019-01-16,29.5200,29.5200,,,501193386.97903120,14795228783.621001024000,431554000,434891000,431554000,434891000,501193387,431554000,434891000,431554000,434891000,501193387
2019-01-17,29.5400,29.5400,,,501193386.98452090,14805252651.522747386000,431554000,434891000,431554000,434891000,501193387,431554000,434891000,431554000,434891000,501193387
2019-01-18,29.4400,29.4400,,,501193387.01263730,14755133313.652042112000,431554000,434891000,431554000,434891000,501193387,431554000,434891000,431554000,434891000,501193387
2019-01-22,29.6100,29.6100,,,501193387.01109666,14840336189.398572102600,431554000,434891000,431554000,434891000,501193387,431554000,434891000,431554000,434891000,501193387
2019-01-23,29.8700,29.8700,,,501193387.01384860,14970646470.103657682000,431554000,434891000,431554000,434891000,501193387,431554000,434891000,431554000,434891000,501193387
2019-01-24,30.1200,30.1200,,,501193387.02050585,15095944817.057636202000,431554000,434891000,431554000,434891000,501193387,431554000,434891000,431554000,434891000,501193387
2019-01-25,29.7900,29.7900,,,501193387.00557923,14930550998.896205261700,431554000,434891000,431554000,434891000,501193387,431554000,434891000,431554000,434891000,501193387
2019-01-28,29.8600,29.8600,,,501193387.01783496,14965634536.352551905600,431554000,434891000,431554000,434891000,501193387,431554000,434891000,431554000,434891000,501193387
2019-01-29,30.0300,30.0300,,,501193386.98901320,15050837411.280066396000,431554000,434891000,431554000,434891000,501193387,431554000,434891000,431554000,434891000,501193387
2019-01-30,30.2100,30.2100,,,501193387.01081470,15141052221.596712087000,431554000,434891000,431554000,434891000,501193387,431554000,434891000,431554000,434891000,501193387
2019-01-31,30.9200,30.9200,,,501193386.99340695,15496899525.836142894000,431554000,434891000,431554000,434891000,501193387,431554000,434891000,431554000,434891000,501193387
2019-02-01,30.8100,30.8100,,,501193386.98396110,15441768252.975841491000,431554000,434891000,431554000,434891000,501193387,431554000,434891000,431554000,434891000,501193387
2019-02-04,30.9300,30.9300,,,501193387.01604474,15501911460.406263808200,431554000,434891000,431554000,434891000,501193387,431554000,434891000,431554000,434891000,501193387
2019-02-05,30.8300,30.8300,,,501193386.98921794,15451792120.877589090200,431554000,434891000,431554000,434891000,501193387,431554000,434891000,431554000,434891000,501193387
2019-02-06,30.6000,30.6000,,,501193386.98775680,15336517641.825358080000,431554000,434891000,431554000,434891000,501193387,431554000,434891000,431554000,434891000,501193387
2019-02-07,30.8100,30.8100,,,501193386.98396110,15441768252.975841491000,431554000,434891000,431554000,434891000,501193387,431554000,434891000,431554000,434891000,501193387
2019-02-08,30.8500,30.8500,,,501193387.00806520,15461815989.198811420000,431554000,434891000,431554000,434891000,501193387,431554000,434891000,431554000,434891000,501193387
2019-02-11,30.7900,30.7900,,,501193387.00529750,15431744385.893110025000,431554000,434891000,431554000,434891000,501193387,431554000,434891000,431554000,434891000,501193387
2019-02-12,30.8400,30.8400,,,501193387.01192310,15456804055.447708404000,431554000,434891000,431554000,434891000,501193387,431554000,434891000,431554000,434891000,501193387
2019-02-13,30.7600,30.7600,,,501193387.00390950,15416708584.240256220000,431554000,434891000,431554000,434891000,501193387,431554000,434891000,431554000,434891000,501193387
2019-02-14,30.8300,30.8300,,,501193386.98921794,15451792120.877589090200,431554000,434891000,431554000,434891000,501193387,431554000,434891000,431554000,434891000,501193387
2019-02-15,30.8900,30.8900,,,501193386.99201334,15481863724.183292072600,431554000,434891000,431554000,434891000,501193387,431554000,434891000,431554000,434891000,501193387
2019-02-19,31.2100,31.2100,,,501193386.98412700,15642245607.774603670000,431554000,434891000,431554000,434891000,501193387,431554000,434891000,431554000,434891000,501193387
2019-02-20,30.9800,30.9800,,,501193386.99008590,15526971128.952861182000,431554000,434891000,431554000,434891000,501193387,431554000,434891000,431554000,434891000,501193387
2019-02-21,31.2200,31.2200,,,501193386.98393240,15647257541.638369528000,431554000,434891000,431554000,434891000,501193387,431554000,434891000,431554000,434891000,501193387
2019-02-22,31.4000,31.4000,,,501193386.98899144,15737472351.454331216000,431554000,434891000,431554000,434891000,501193387,431554000,434891000,431554000,434891000,501193387
2019-02-25,31.0100,31.0100,,,501193387.00423010,15542006931.001175401000,431554000,434891000,431554000,434891000,501193387,431554000,434891000,431554000,434891000,501193387
2019-02-26,30.9300,30.9300,,,501193386.99759185,15501911459.835515920500,431554000,434891000,431554000,434891000,501193387,431554000,434891000,431554000,434891000,501193387
2019-02-27,31.1600,31.1600,,,501193387.00848645,15617185939.184437782000,431554000,434891000,431554000,434891000,501193387,431554000,434891000,431554000,434891000,501193387
2019-02-28,30.1400,30.1400,,,501208303.98619020,15106418282.143772628000,448829000,452465000,448829000,452465000,450000000,448829000,452465000,448829000,452465000,450000000
2019-03-01,30.1700,30.1700,,,501208304.00865510,15121454531.941124367000,448829000,452465000,448829000,452465000,450000000,448829000,452465000,448829000,452465000,450000000
2019-03-04,30.3400,30.3400,,,501208304.00440030,15206659943.493505102000,448829000,452465000,448829000,452465000,450000000,448829000,452465000,448829000,452465000,450000000
2019-03-05,30.1700,30.1700,,,501208304.00865510,15121454531.941124367000,448829000,452465000,448829000,452465000,450000000,448829000,452465000,448829000,452465000,450000000
2019-03-06,30.1000,30.1000,,,501208304.01513270,15086369950.855494270000,448829000,452465000,448829000,452465000,450000000,448829000,452465000,448829000,452465000,450000000
2019-03-07,30.0300,30.0300,,,501208303.98770875,15051285368.750893762500,448829000,452465000,448829000,452465000,450000000,448829000,452465000,448829000,452465000,450000000
2019-03-08,30.0300,30.0300,,,501208303.98770875,15051285368.750893762500,448829000,452465000,448829000,452465000,450000000,448829000,452465000,448829000,452465000,450000000
2019-03-11,30.4300,30.4300,,,501208304.01716226,15251768691.242247571800,448829000,452465000,448829000,452465000,450000000,448829000,452465000,448829000,452465000,450000000
2019-03-12,30.6800,30.6800,,,501208304.00281570,15377070766.806385676000,448829000,452465000,448829000,452465000,450000000,448829000,452465000,448829000,452465000,450000000
2019-03-13,30.4100,30.4100,,,501208303.99115497,15241744524.371022637700,448829000,452465000,448829000,452465000,450000000,448829000,452465000,448829000,452465000,450000000
2019-03-14,30.4100,30.4100,,,501208303.99115497,15241744524.371022637700,448829000,452465000,448829000,452465000,450000000,448829000,452465000,448829000,452465000,450000000
2019-03-15,30.8100,30.8100,,,501208303.98712780,15442227845.843407518000,448829000,452465000,448829000,452465000,450000000,448829000,452465000,448829000,452465000,450000000
2019-03-18,30.5800,30.5800,,,501208303.99383650,15326949936.131520170000,448829000,452465000,448829000,452465000,450000000,448829000,452465000,448829000,452465000,450000000
2019-03-19,30.2700,30.2700,,,501208304.01770700,15171575362.615990890000,448829000,452465000,448829000,452465000,450000000,448829000,452465000,448829000,452465000,450000000
2019-03-20,30.2600,30.2600,,,501208303.98092467,15166563278.462780514200,448829000,452465000,448829000,452465000,450000000,448829000,452465000,448829000,452465000,450000000
2019-03-21,30.6200,30.6200,,,501208304.00545020,15346998268.646885124000,448829000,452465000,448829000,452465000,450000000,448829000,452465000,448829000,452465000,450000000
2019-03-22,30.7200,30.7200,,,501208304.01437986,15397119099.321749299200,448829000,452465000,448829000,452465000,450000000,448829000,452465000,448829000,452465000,450000000
2019-03-25,30.8000,30.8000,,,501208303.99757767,15437215763.125392236000,448829000,452465000,448829000,452465000,450000000,448829000,452465000,448829000,452465000,450000000
2019-03-26,30.9300,30.9300,,,501208303.98197263,15502372842.162413445900,448829000,452465000,448829000,452465000,450000000,448829000,452465000,448829000,452465000,450000000
2019-03-27,30.5400,30.5400,,,501208303.98219240,15306901603.616155896000,448829000,452465000,448829000,452465000,450000000,448829000,452465000,448829000,452465000,450000000
2019-03-28,30.3300,30.3300,,,501208304.00815630,15201647860.567380579000,448829000,452465000,448829000,452465000,450000000,448829000,452465000,448829000,452465000,450000000
2019-03-29,30.7000,30.7000,,,501208303.98861650,15387094932.450526550000,448829000,452465000,448829000,452465000,450000000,448829000,452465000,448829000,452465000,450000000
2019-04-01,30.7000,30.7000,,,501208303.98861650,15387094932.450526550000,448829000,452465000,448829000,452465000,450000000,448829000,452465000,448829000,452465000,450000000
2019-04-02,30.7800,30.7800,,,501208304.01173663,15427191597.481253471400,448829000,452465000,448829000,452465000,450000000,448829000,452465000,448829000,452465000,450000000
2019-04-03,30.7000,30.7000,,,501208303.98861650,15387094932.450526550000,448829000,452465000,448829000,452465000,450000000,448829000,452465000,448829000,452465000,450000000
2019-04-04,30.5300,30.5300,,,501208303.98591650,15301889520.690030745000,448829000,452465000,448829000,452465000,450000000,448829000,452465000,448829000,452465000,450000000
2019-04-05,30.8700,30.8700,,,501208303.98454520,15472300344.002910324000,448829000,452465000,448829000,452465000,450000000,448829000,452465000,448829000,452465000,450000000
2019-04-08,30.4600,30.4600,,,501208303.99909760,15266804939.812512896000,448829000,452465000,448829000,452465000,450000000,448829000,452465000,448829000,452465000,450000000
2019-04-09,30.3200,30.3200,,,501208304.01877856,15196635777.849365939200,448829000,452465000,448829000,452465000,450000000,448829000,452465000,448829000,452465000,450000000
2019-04-10,30.2000,30.2000,,,501208303.98355220,15136490780.303276440000,448829000,452465000,448829000,452465000,450000000,448829000,452465000,448829000,452465000,450000000
2019-04-11,30.2900,30.2900,,,501208304.00330573,15181599528.260130561700,448829000,452465000,448829000,452465000,450000000,448829000,452465000,448829000,452465000,450000000
2019-04-12,30.5700,30.5700,,,501208303.99755950,15321937853.205393915000,448829000,452465000,448829000,452465000,450000000,448829000,452465000,448829000,452465000,450000000
2019-04-15,30.5000,30.5000,,,501208304.01075006,15286853272.327876830000,448829000,452465000,448829000,452465000,450000000,448829000,452465000,448829000,452465000,450000000
2019-04-16,30.1500,30.1500,,,501208303.98241794,15111430365.069900891000,448829000,452465000,448829000,452465000,450000000,448829000,452465000,448829000,452465000,450000000
2019-04-17,30.0100,30.0100,,,501208304.00222440,15041261203.106754244000,448829000,452465000,448829000,452465000,450000000,448829000,452465000,448829000,452465000,450000000
2019-04-18,30.2900,30.2900,,,501208304.00330573,15181599528.260130561700,448829000,452465000,448829000,452465000,450000000,448829000,452465000,448829000,452465000,450000000
2019-04-22,30.4800,30.4800,,,501208303.98479830,15276829105.456652184000,448829000,452465000,448829000,452465000,450000000,448829000,452465000,448829000,452465000,450000000
2019-04-23,30.6200,30.6200,,,501208304.00545020,15346998268.646885124000,448829000,452465000,448829000,452465000,450000000,448829000,452465000,448829000,452465000,450000000
2019-04-24,30.2900,30.2900,,,501208304.00330573,15181599528.260130561700,448829000,452465000,448829000,452465000,450000000,448829000,452465000,448829000,452465000,450000000
2019-04-25,30.5100,30.5100,,,501208304.00019300,15291865355.045888430000,448829000,452465000,448829000,452465000,450000000,448829000,452465000,448829000,452465000,450000000
2019-04-26,30.4700,30.4700,,,501208303.98853060,15271817022.530527382000,448829000,452465000,448829000,452465000,450000000,448829000,452465000,448829000,452465000,450000000
2019-04-29,30.4500,30.4500,,,501208304.00283700,15261792856.886386650000,448829000,452465000,448829000,452465000,450000000,448829000,452465000,448829000,452465000,450000000
2019-04-30,31.0000,31.0000,,,501208304.01532660,15537457424.475124600000,448829000,452465000,448829000,452465000,450000000,448829000,452465000,448829000,452465000,450000000
2019-05-01,30.7800,30.7800,,,501208304.01173663,15427191597.481253471400,448829000,452465000,448829000,452465000,450000000,448829000,452465000,448829000,452465000,450000000
2019-05-02,30.7500,30.7500,,,501208303.98972040,15412155347.683902300000,448829000,452465000,448829000,452465000,450000000,448829000,452465000,448829000,452465000,450000000
2019-05-03,31.1500,31.1500,,,501208303.98575556,15612638669.156285694000,448829000,452465000,448829000,452465000,450000000,448829000,452465000,448829000,452465000,450000000
2019-05-06,31.0500,31.0500,,,501208304.01637700,15562517839.708505850000,448829000,452465000,448829000,452465000,450000000,448829000,452465000,448829000,452465000,450000000
2019-05-07,30.8100,30.8100,,,501208303.98712780,15442227845.843407518000,448829000,452465000,448829000,452465000,450000000,448829000,452465000,448829000,452465000,450000000
2019-05-08,30.4500,30.4500,,,501208304.00283700,15261792856.886386650000,448829000,452465000,448829000,452465000,450000000,448829000,452465000,448829000,452465000,450000000
2019-05-09,29.2500,29.2500,,,502175861.01438940,14688643934.670889950000,501521000,503944000,501521000,503944000,502175861,501521000,503944000,501521000,503944000,502175861
2019-05-10,29.6600,29.6600,,,502175861.00756690,14894536037.484434254000,501521000,503944000,501521000,503944000,502175861,501521000,503944000,501521000,503944000,502175861
2019-05-13,30.1600,30.1600,,,502175860.99289620,15145623967.545749392000,501521000,503944000,501521000,503944000,502175861,501521000,503944000,501521000,503944000,502175861
2019-05-14,29.7800,29.7800,,,502175860.99905646,14954797140.551901378800,501521000,503944000,501521000,503944000,502175861,501521000,503944000,501521000,503944000,502175861
2019-05-15,29.4200,29.4200,,,502175861.01209044,14774013830.975700744800,501521000,503944000,501521000,503944000,502175861,501521000,503944000,501521000,503944000,502175861
2019-05-16,29.6000,29.6000,,,502175861.01143800,14864405485.938564800000,501521000,503944000,501521000,503944000,502175861,501521000,503944000,501521000,503944000,502175861
2019-05-17,29.7700,29.7700,,,502175861.01325450,14949775382.364586465000,501521000,503944000,501521000,503944000,502175861,501521000,503944000,501521000,503944000,502175861
2019-05-20,29.6400,29.6400,,,502175861.01851964,14884492520.588922129600,501521000,503944000,501521000,503944000,502175861,501521000,503944000,501521000,503944000,502175861
2019-05-21,29.5200,29.5200,,,502175860.99721720,14824231416.637851744000,501521000,503944000,501521000,503944000,502175861,501521000,503944000,501521000,503944000,502175861
2019-05-22,29.5500,29.5500,,,502175860.98979280,14839296692.248377240000,501521000,503944000,501521000,503944000,502175861,501521000,503944000,501521000,503944000,502175861
2019-05-23,29.4200,29.4200,,,502175861.01209044,14774013830.975700744800,501521000,503944000,501521000,503944000,502175861,501521000,503944000,501521000,503944000,502175861
2019-05-24,29.3900,29.3900,,,502175861.00245610,14758948554.862184779000,501521000,503944000,501521000,503944000,502175861,501521000,503944000,501521000,503944000,502175861
2019-05-28,28.8200,28.8200,,,502175861.01916470,14472708314.572326654000,501521000,503944000,501521000,503944000,502175861,501521000,503944000,501521000,503944000,502175861
2019-05-29,28.4500,28.4500,,,502175860.98047507,14286903244.894515741500,501521000,503944000,501521000,503944000,502175861,501521000,503944000,501521000,503944000,502175861
2019-05-30,28.2700,28.2700,,,502175860.98095685,14196511589.931650149500,501521000,503944000,501521000,503944000,502175861,501521000,503944000,501521000,503944000,502175861
2019-05-31,28.4400,28.4400,,,502175861.00808454,14281881487.069924317600,501521000,503944000,501521000,503944000,502175861,501521000,503944000,501521000,503944000,502175861
2019-06-03,28.6600,28.6600,,,502175860.98991260,14392360175.970895116000,501521000,503944000,501521000,503944000,502175861,501521000,503944000,501521000,503944000,502175861
2019-06-04,28.8200,28.8200,,,502175861.01916470,14472708314.572326654000,501521000,503944000,501521000,503944000,502175861,501521000,503944000,501521000,503944000,502175861
2019-06-05,29.0400,29.0400,,,502175861.00114660,14583187003.473297264000,501521000,503944000,501521000,503944000,502175861,501521000,503944000,501521000,503944000,502175861
2019-06-06,29.1500,29.1500,,,502175860.98361200,14638426347.672289800000,501521000,503944000,501521000,503944000,502175861,501521000,503944000,501521000,503944000,502175861
2019-06-07,28.8200,28.8200,,,502175861.01916470,14472708314.572326654000,501521000,503944000,501521000,503944000,502175861,501521000,503944000,501521000,503944000,502175861
2019-06-10,28.9200,28.9200,,,502175861.00395840,14522925900.234476928000,501521000,503944000,501521000,503944000,502175861,501521000,503944000,501521000,503944000,502175861
2019-06-11,28.6400,28.6400,,,502175861.01988340,14382316659.609460576000,501521000,503944000,501521000,503944000,502175861,501521000,503944000,501521000,503944000,502175861
2019-06-12,28.9800,28.9800,,,502175860.98158270,14553056451.246266646000,501521000,503944000,501521000,503944000,502175861,501521000,503944000,501521000,503944000,502175861
2019-06-13,29.2600,29.2600,,,502175861.00774163,14693665693.086520093800,501521000,503944000,501521000,503944000,502175861,501521000,503944000,501521000,503944000,502175861
2019-06-14,29.6200,29.6200,,,502175861.00649060,14874449003.012251572000,501521000,503944000,501521000,503944000,502175861,501521000,503944000,501521000,503944000,502175861
2019-06-17,29.6000,29.6000,,,502175861.01143800,14864405485.938564800000,501521000,503944000,501521000,503944000,502175861,501521000,503944000,501521000,503944000,502175861
2019-06-18,29.5400,29.5400,,,502175860.99226594,14834274933.711535867600,501521000,503944000,501521000,503944000,502175861,501521000,503944000,501521000,503944000,502175861
2019-06-19,29.9800,29.9800,,,502175860.98151200,15055232312.225729760000,501521000,503944000,501521000,503944000,502175861,501521000,503944000,501521000,503944000,502175861
2019-06-20,30.0400,30.0400,,,502175861.00042474,15085362864.452759189600,501521000,503944000,501521000,503944000,502175861,501521000,503944000,501521000,503944000,502175861
2019-06-21,29.9200,29.9200,,,502175861.00313970,15025101761.213939824000,501521000,503944000,501521000,503944000,502175861,501521000,503944000,501521000,503944000,502175861
2019-06-24,29.8500,29.8500,,,502175860.98660190,14989949450.450066715000,501521000,503944000,501521000,503944000,502175861,501521000,503944000,501521000,503944000,502175861
2019-06-25,29.5100,29.5100,,,502175860.98265064,14819209657.598020386400,501521000,503944000,501521000,503944000,502175861,501521000,503944000,501521000,503944000,502175861
2019-06-26,28.6500,28.6500,,,502175860.99246260,14387338417.434053490000,501521000,503944000,501521000,503944000,502175861,501521000,503944000,501521000,503944000,502175861
2019-06-27,28.5100,28.5100,,,502175860.98276246,14317033796.618557734600,501521000,503944000,501521000,503944000,502175861,501521000,503944000,501521000,503944000,502175861
2019-06-28,28.6300,28.6300,,,502175860.97999930,14377294899.857379959000,501521000,503944000,501521000,503944000,502175861,501521000,503944000,501521000,503944000,502175861
2019-07-01,28.4900,28.4900,,,502175860.98788610,14306990279.544874989000,501521000,503944000,501521000,503944000,502175861,501521000,503944000,501521000,503944000,502175861
2019-07-02,29.0000,29.0000,,,502175860.99389446,14563099968.822939340000,501521000,503944000,501521000,503944000,502175861,501521000,503944000,501521000,503944000,502175861
2019-07-03,29.4300,29.4300,,,502175861.00960046,14779035589.512541537800,501521000,503944000,501521000,503944000,502175861,501521000,503944000,501521000,503944000,502175861
2019-07-05,29.4400,29.4400,,,502175861.00711226,14784057348.049384934400,501521000,503944000,501521000,503944000,502175861,501521000,503944000,501521000,503944000,502175861
2019-07-08,29.1600,29.1600,,,502175860.98110880,14643448106.209132608000,501521000,503944000,501521000,503944000,502175861,501521000,503944000,501521000,503944000,502175861
2019-07-09,29.0900,29.0900,,,502175861.00586104,14608295796.660497653600,501521000,503944000,501521000,503944000,502175861,501521000,503944000,501521000,503944000,502175861
2019-07-10,29.0100,29.0100,,,502175860.99137480,14568121727.359782948000,501521000,503944000,501521000,503944000,502175861,501521000,503944000,501521000,503944000,502175861
2019-07-11,29.0600,29.0600,,,502175860.99611090,14593230520.546982754000,501521000,503944000,501521000,503944000,502175861,501521000,503944000,501521000,503944000,502175861
2019-07-12,28.8700,28.8700,,,502175860.99921286,14497817107.047275268200,501521000,503944000,501521000,503944000,502175861,501521000,503944000,501521000,503944000,502175861
2019-07-15,28.9900,28.9900,,,502175860.97906554,14558078209.783110004600,501521000,503944000,501521000,503944000,502175861,501521000,503944000,501521000,503944000,502175861
2019-07-16,28.9000,28.9000,,,502175861.00902385,14512882383.160789265000,501521000,503944000,501521000,503944000,502175861,501521000,503944000,501521000,503944000,502175861
2019-07-17,29.0100,29.0100,,,502175860.99137480,14568121727.359782948000,501521000,503944000,501521000,503944000,502175861,501521000,503944000,501521000,503944000,502175861
2019-07-18,29.2500,29.2500,,,502175861.01024530,14688643934.549675025000,501521000,503944000,501521000,503944000,502175861,501521000,503944000,501521000,503944000,502175861
2019-07-19,28.6400,28.6400,,,502175861.01988340,14382316659.609460576000,501521000,503944000,501521000,503944000,502175861,501521000,503944000,501521000,503944000,502175861
2019-07-22,28.6800,28.6800,,,502175860.98481800,14402403693.044580240000,501521000,503944000,501521000,503944000,502175861,501521000,503944000,501521000,503944000,502175861
2019-07-23,28.6900,28.6900,,,502175860.99980515,14407425452.084409753500,501521000,503944000,501521000,503944000,502175861,501521000,503944000,501521000,503944000,502175861
2019-07-24,28.4300,28.4300,,,502175861.01066060,14276859728.533080858000,501521000,503944000,501521000,503944000,502175861,501521000,503944000,501521000,503944000,502175861
2019-07-25,28.5500,28.5500,,,502175861.00777240,14337120831.771902020000,501521000,503944000,501521000,503944000,502175861,501521000,503944000,501521000,503944000,502175861
2019-07-26,28.8000,28.8000,,,502175860.98206260,14462664796.283402880000,501521000,503944000,501521000,503944000,502175861,501521000,503944000,501521000,503944000,502175861
2019-07-29,28.7600,28.7600,,,502175861.01697780,14442577762.848281528000,501521000,503944000,501521000,503944000,502175861,501521000,503944000,501521000,503944000,502175861
2019-07-30,28.8400,28.8400,,,502175860.98938143,14482751830.933760441200,501521000,503944000,501521000,503944000,502175861,501521000,503944000,501521000,503944000,502175861
2019-07-31,29.0100,29.0100,,,502175860.99137480,14568121727.359782948000,501521000,503944000,501521000,503944000,502175861,501521000,503944000,501521000,503944000,502175861
2019-08-01,29.0900,29.0900,,,502175861.00586104,14608295796.660497653600,501521000,503944000,501521000,503944000,502175861,501521000,503944000,501521000,503944000,502175861
2019-08-02,29.3300,29.3300,,,502175860.98312837,14728818002.635155092100,501521000,503944000,501521000,503944000,502175861,501521000,503944000,501521000,503944000,502175861
2019-08-05,28.5500,28.5500,,,502175861.00777240,14337120831.771902020000,501521000,503944000,501521000,503944000,502175861,501521000,503944000,501521000,503944000,502175861
2019-08-06,28.8600,28.8600,,,502175861.00174750,14492795348.510432850000,501521000,503944000,501521000,503944000,502175861,501521000,503944000,501521000,503944000,502175861
2019-08-07,28.0600,28.0600,,,502220696.01257680,14092312730.112905008000,502200000,504831000,502200000,504831000,502220696,502200000,504831000,502200000,504831000,502220696
2019-08-08,27.8300,27.8300,,,502220695.99884720,13976801969.647917576000,502200000,504831000,502200000,504831000,502220696,502200000,504831000,502200000,504831000,502220696
2019-08-09,27.6200,27.6200,,,502220696.01066520,13871335623.814572824000,502200000,504831000,502200000,504831000,502220696,502200000,504831000,502200000,504831000,502220696
2019-08-12,27.7600,27.7600,,,502220696.00276667,13941646521.036802759200,502200000,504831000,502200000,504831000,502220696,502200000,504831000,502200000,504831000,502220696
2019-08-13,28.0000,28.0000,,,502220695.98277840,14062179487.517795200000,502200000,504831000,502200000,504831000,502220696,502200000,504831000,502200000,504831000,502220696
2019-08-14,27.5000,27.5000,,,502220695.98191047,13811069139.502537925000,502200000,504831000,502200000,504831000,502220696,502200000,504831000,502200000,504831000,502220696
2019-08-15,27.5700,27.5700,,,502220696.00345516,13846224588.815258761200,502200000,504831000,502200000,504831000,502220696,502200000,504831000,502200000,504831000,502220696
2019-08-16,27.8700,27.8700,,,502220696.02143990,13996890798.117530013000,502200000,504831000,502200000,504831000,502220696,502200000,504831000,502200000,504831000,502220696
2019-08-19,28.1100,28.1100,,,502220695.98182380,14117423764.049067018000,502200000,504831000,502200000,504831000,502220696,502200000,504831000,502200000,504831000,502220696
2019-08-20,27.8300,27.8300,,,502220695.98288566,13976801969.203707917800,502200000,504831000,502200000,504831000,502220696,502200000,504831000,502200000,504831000,502220696
2019-08-21,27.9200,27.9200,,,502220695.98032165,14022001831.770580468000,502200000,504831000,502200000,504831000,502220696,502200000,504831000,502200000,504831000,502220696
2019-08-22,28.0200,28.0200,,,502220695.98736286,14072223901.565907337200,502200000,504831000,502200000,504831000,502220696,502200000,504831000,502200000,504831000,502220696
2019-08-23,27.4200,27.4200,,,502220695.99431520,13770891484.164122784000,502200000,504831000,502200000,504831000,502220696,502200000,504831000,502200000,504831000,502220696
2019-08-26,27.5800,27.5800,,,502220696.01318765,13851246796.043715387000,502200000,504831000,502200000,504831000,502220696,502200000,504831000,502200000,504831000,502220696
2019-08-27,27.2800,27.2800,,,502220695.99492090,13700580586.741442152000,502200000,504831000,502200000,504831000,502220696,502200000,504831000,502200000,504831000,502220696
2019-08-28,27.3100,27.3100,,,502220695.98037535,13715647207.224050808500,502200000,504831000,502200000,504831000,502220696,502200000,504831000,502200000,504831000,502220696
2019-08-29,27.6200,27.6200,,,502220696.00546950,13871335623.671067590000,502200000,504831000,502200000,504831000,502220696,502200000,504831000,502200000,504831000,502220696
2019-08-30,27.6900,27.6900,,,502220695.98342466,13906491071.781028835400,502200000,504831000,502200000,504831000,502220696,502200000,504831000,502200000,504831000,502220696
2019-09-03,28.2900,28.2900,,,502220696.01928496,14207823490.385571518400,502200000,504831000,502200000,504831000,502220696,502200000,504831000,502200000,504831000,502220696
2019-09-04,28.1500,28.1500,,,502220696.01999617,14137512592.962892185500,502200000,504831000,502200000,504831000,502220696,502200000,504831000,502200000,504831000,502220696
2019-09-05,27.9900,27.9900,,,502220696.00154700,14057157281.083300530000,502200000,504831000,502200000,504831000,502220696,502200000,504831000,502200000,504831000,502220696
2019-09-06,28.5000,28.5000,,,502220695.99713030,14313289835.918213550000,502200000,504831000,502200000,504831000,502220696,502200000,504831000,502200000,504831000,502220696
2019-09-09,28.7800,28.7800,,,502220695.99595460,14453911630.763573388000,502200000,504831000,502200000,504831000,502220696,502200000,504831000,502200000,504831000,502220696
2019-09-10,29.3100,29.3100,,,502220696.00722230,14720088599.971685613000,502200000,504831000,502200000,504831000,502220696,502200000,504831000,502200000,504831000,502220696
2019-09-11,30.4100,30.4100,,,502220695.98750174,15272531364.979927913400,502200000,504831000,502200000,504831000,502220696,502200000,504831000,502200000,504831000,502220696
2019-09-12,29.8800,29.8800,,,502220696.01375040,15006354396.890861952000,502200000,504831000,502200000,504831000,502220696,502200000,504831000,502200000,504831000,502220696
2019-09-13,29.8500,29.8500,,,502220695.98958814,14991287775.289205979000,502200000,504831000,502200000,504831000,502220696,502200000,504831000,502200000,504831000,502220696
2019-09-16,30.3400,30.3400,,,502220696.00757970,15237375916.869968098000,502200000,504831000,502200000,504831000,502220696,502200000,504831000,502200000,504831000,502220696
2019-09-17,29.9100,29.9100,,,502220696.00045040,15021421017.373471464000,502200000,504831000,502200000,504831000,502220696,502200000,504831000,502200000,504831000,502220696
2019-09-18,29.9700,29.9700,,,502220696.01126910,15051554259.457734927000,502200000,504831000,502200000,504831000,502220696,502200000,504831000,502200000,504831000,502220696
2019-09-19,30.0400,30.0400,,,502220695.99093527,15086709707.567695510800,502200000,504831000,502200000,504831000,502220696,502200000,504831000,502200000,504831000,502220696
2019-09-20,30.3300,30.3300,,,502220695.99873100,15232353709.641511230000,502200000,504831000,502200000,504831000,502220696,502200000,504831000,502200000,504831000,502220696
2019-09-23,30.4000,30.4000,,,502220696.01823130,15267509158.954231520000,502200000,504831000,502200000,504831000,502220696,502200000,504831000,502200000,504831000,502220696
2019-09-24,30.4500,30.4500,,,502220695.98053470,15292620192.607281615000,502200000,504831000,502200000,504831000,502220696,502200000,504831000,502200000,504831000,502220696
2019-09-25,30.6100,30.6100,,,502220695.99761100,15372975504.486872710000,502200000,504831000,502200000,504831000,502220696,502200000,504831000,502200000,504831000,502220696
2019-09-26,30.1200,30.1200,,,502220696.01955080,15126887364.108870096000,502200000,504831000,502200000,504831000,502220696,502200000,504831000,502200000,504831000,502220696
2019-09-27,30.0000,30.0000,,,502220695.99522110,15066620879.856633000000,502200000,504831000,502200000,504831000,502220696,502200000,504831000,502200000,504831000,502220696
2019-09-30,30.1800,30.1800,,,502220695.99040340,15157020604.990374612000,502200000,504831000,502200000,504831000,502220696,502200000,504831000,502200000,504831000,502220696
2019-10-01,29.8900,29.8900,,,502220695.98248780,15011376602.916560342000,502200000,504831000,502200000,504831000,502220696,502200000,504831000,502200000,504831000,502220696
2019-10-02,29.1200,29.1200,,,502220696.00594777,14624666667.693199062400,502200000,504831000,502200000,504831000,502220696,502200000,504831000,502200000,504831000,502220696
2019-10-03,28.9000,28.9000,,,502220696.01841180,14514178114.932101020000,502200000,504831000,502200000,504831000,502220696,502200000,504831000,502200000,504831000,502220696
2019-10-04,29.2500,29.2500,,,502220695.99615120,14689955357.887422600000,502200000,504831000,502200000,504831000,502220696,502200000,504831000,502200000,504831000,502220696
2019-10-07,28.8300,28.8300,,,502220695.99789740,14479022665.619382042000,502200000,504831000,502200000,504831000,502220696,502200000,504831000,502200000,504831000,502220696
2019-10-08,28.1800,28.1800,,,502220696.00290230,14152579213.361786814000,502200000,504831000,502200000,504831000,502220696,502200000,504831000,502200000,504831000,502220696
2019-10-09,28.1400,28.1400,,,502220696.01046324,14132490385.734435573600,502200000,504831000,502200000,504831000,502220696,502200000,504831000,502200000,504831000,502220696
2019-10-10,28.1600,28.1600,,,502220695.98681060,14142534798.988586496000,502200000,504831000,502200000,504831000,502220696,502200000,504831000,502200000,504831000,502220696
2019-10-11,28.2700,28.2700,,,502220696.00030630,14197779075.928659101000,502200000,504831000,502200000,504831000,502220696,502200000,504831000,502200000,504831000,502220696
2019-10-14,27.8900,27.8900,,,502220695.99454900,14006935211.287971610000,502200000,504831000,502200000,504831000,502220696,502200000,504831000,502200000,504831000,502220696
2019-10-15,28.1800,28.1800,,,502220696.00290230,14152579213.361786814000,502200000,504831000,502200000,504831000,502220696,502200000,504831000,502200000,504831000,502220696
2019-10-16,28.6200,28.6200,,,502220696.01980220,14373556320.086738964000,502200000,504831000,502200000,504831000,502220696,502200000,504831000,502200000,504831000,502220696
2019-10-17,28.7100,28.7100,,,502220696.01719300,14418756182.653611030000,502200000,504831000,502200000,504831000,502220696,502200000,504831000,502200000,504831000,502220696
2019-10-18,28.6400,28.6400,,,502220695.99653953,14383600733.340892139200,502200000,504831000,502200000,504831000,502220696,502200000,504831000,502200000,504831000,502220696
2019-10-21,28.7400,28.7400,,,502220696.00043523,14433822803.052508510200,502200000,504831000,502200000,504831000,502220696,502200000,504831000,502200000,504831000,502220696
2019-10-22,29.2900,29.2900,,,502220695.99175435,14710044185.598484911500,502200000,504831000,502200000,504831000,502220696,502200000,504831000,502200000,504831000,502220696
2019-10-23,29.6000,29.6000,,,502220696.01505077,14865732602.045502792000,502200000,504831000,502200000,504831000,502220696,502200000,504831000,502200000,504831000,502220696
2019-10-24,30.1600,30.1600,,,502220696.01247420,15146976191.736221872000,502200000,504831000,502200000,504831000,502220696,502200000,504831000,502200000,504831000,502220696
2019-10-25,29.5400,29.5400,,,502220696.00410426,14835599359.961239840400,502200000,504831000,502200000,504831000,502220696,502200000,504831000,502200000,504831000,502220696
2019-10-28,29.1400,29.1400,,,502220695.98309370,14634711080.947350418000,502200000,504831000,502200000,504831000,502220696,502200000,504831000,502200000,504831000,502220696
2019-10-29,29.0400,29.0400,,,502220696.01772660,14584489012.354780464000,502200000,504831000,502200000,504831000,502220696,502200000,504831000,502200000,504831000,502220696
2019-10-30,29.0800,29.0800,,,502220696.01326840,14604577840.065845072000,502200000,504831000,502200000,504831000,502220696,502200000,504831000,502200000,504831000,502220696
2019-10-31,29.0700,29.0700,,,502220696.00403816,14599555632.837389311200,502200000,504831000,502200000,504831000,502220696,502200000,504831000,502200000,504831000,502220696
2019-11-01,29.0200,29.0200,,,502220695.99923740,14574444597.897869348000,502200000,504831000,502200000,504831000,502220696,502200000,504831000,502200000,504831000,502220696
2019-11-04,28.9100,28.9100,,,502220695.98608774,14519200320.957796563400,502200000,504831000,502200000,504831000,502220696,502200000,504831000,502200000,504831000,502220696
2019-11-05,28.7400,28.7400,,,502220696.00043523,14433822803.052508510200,502200000,504831000,502200000,504831000,502220696,502200000,504831000,502200000,504831000,502220696
2019-11-06,28.7700,28.7700,,,502220695.98662204,14448889423.535116090800,502200000,504831000,502200000,504831000,502220696,502200000,504831000,502200000,504831000,502220696
2019-11-07,29.0000,29.0000,,,502243723.00009954,14565067967.002886660000,502228000,505080000,502228000,505080000,502243723,502228000,505080000,502228000,505080000,502243723
2019-11-08,28.7800,28.7800,,,502243722.99745490,14454574347.866752022000,502228000,505080000,502228000,505080000,502243723,502228000,505080000,502228000,505080000,502243723
2019-11-11,27.7000,27.7000,,,502243722.99221900,13912151126.884466300000,502228000,505080000,502228000,505080000,502243723,502228000,505080000,502228000,505080000,502243723
2019-11-12,27.9400,27.9400,,,502243723.00354284,14032689620.718986949600,502228000,505080000,502228000,505080000,502243723,502228000,505080000,502228000,505080000,502243723
2019-11-13,28.0900,28.0900,,,502243722.99247250,14108026178.858552525000,502228000,505080000,502228000,505080000,502243723,502228000,505080000,502228000,505080000,502243723
2019-11-14,26.6900,26.6900,,,502243723.01785440,13404884967.346533936000,502228000,505080000,502228000,505080000,502243723,502228000,505080000,502228000,505080000,502243723
2019-11-15,25.4800,25.4800,,,502243722.98745316,12797170061.720306516800,502228000,505080000,502228000,505080000,502243723,502228000,505080000,502228000,505080000,502243723
2019-11-18,25.1600,25.1600,,,502243723.00249535,12636452070.742783006000,502228000,505080000,502228000,505080000,502243723,502228000,505080000,502228000,505080000,502243723
2019-11-19,25.3400,25.3400,,,502243723.00433826,12726855940.929931508400,502228000,505080000,502228000,505080000,502243723,502228000,505080000,502228000,505080000,502243723
2019-11-20,24.4500,24.4500,,,502243722.97740924,12279859026.797655918000,502228000,505080000,502228000,505080000,502243723,502228000,505080000,502228000,505080000,502243723
2019-11-21,24.5400,24.5400,,,502243722.98567635,12325060962.068497629000,502228000,505080000,502228000,505080000,502243723,502228000,505080000,502228000,505080000,502243723
2019-11-22,24.7500,24.7500,,,502243723.01069480,12430532144.514696300000,502228000,505080000,502228000,505080000,502243723,502228000,505080000,502228000,505080000,502243723
2019-11-25,24.8000,24.8000,,,502243723.02322130,12455644330.975888240000,502228000,505080000,502228000,505080000,502243723,502228000,505080000,502228000,505080000,502243723
2019-11-26,24.4900,24.4900,,,502243723.00341830,12299948776.353714167000,502228000,505080000,502228000,505080000,502243723,502228000,505080000,502228000,505080000,502243723
2019-11-27,24.6700,24.6700,,,502243723.01967550,12390352646.895394585000,502228000,505080000,502228000,505080000,502243723,502228000,505080000,502228000,505080000,502243723
2019-11-29,24.5600,24.5600,,,502243722.98962430,12335105836.625172808000,502228000,505080000,502228000,505080000,502243723,502228000,505080000,502228000,505080000,502243723
2019-12-02,24.3900,24.3900,,,502243723.00851740,12249724404.177739386000,502228000,505080000,502228000,505080000,502243723,502228000,505080000,502228000,505080000,502243723
2019-12-03,24.4000,24.4000,,,502243722.99519970,12254746841.082872680000,502228000,505080000,502228000,505080000,502243723,502228000,505080000,502228000,505080000,502243723
2019-12-04,24.7200,24.7200,,,502243723.00203000,12415464832.610181600000,502228000,505080000,502228000,505080000,502243723,502228000,505080000,502228000,505080000,502243723
2019-12-05,24.7900,24.7900,,,502243722.98836790,12450621892.881640241000,502228000,505080000,502228000,505080000,502243723,502228000,505080000,502228000,505080000,502243723
2019-12-06,25.0200,25.0200,,,502243722.98713460,12566137949.138107692000,502228000,505080000,502228000,505080000,502243723,502228000,505080000,502228000,505080000,502243723
2019-12-09,25.0400,25.0400,,,502243723.00868565,12576182824.137488676000,502228000,505080000,502228000,505080000,502243723,502228000,505080000,502228000,505080000,502243723
2019-12-10,24.9600,24.9600,,,502243722.98765147,12536003325.771780691200,502228000,505080000,502228000,505080000,502243723,502228000,505080000,502228000,505080000,502243723
2019-12-11,25.1100,25.1100,,,502243722.99517920,12611339884.408949712000,502228000,505080000,502228000,505080000,502243723,502228000,505080000,502228000,505080000,502243723
2019-12-12,24.8200,24.8200,,,502243722.99702483,12465689204.786156280600,502228000,505080000,502228000,505080000,502243723,502228000,505080000,502228000,505080000,502243723
2019-12-13,25.9400,25.9400,,,502243723.01119435,13028202174.910381439000,502228000,505080000,502228000,505080000,502243723,502228000,505080000,502228000,505080000,502243723
2019-12-16,26.3500,26.3500,,,502243722.97986406,13234122100.519417981000,502228000,505080000,502228000,505080000,502243723,502228000,505080000,502228000,505080000,502243723
2019-12-17,26.4100,26.4100,,,502243722.99615484,13264256724.328449324400,502228000,505080000,502228000,505080000,502243723,502228000,505080000,502228000,505080000,502243723
2019-12-18,26.8500,26.8500,,,502243723.00143050,13485243962.588408925000,502228000,505080000,502228000,505080000,502243723,502228000,505080000,502228000,505080000,502243723
2019-12-19,26.7800,26.7800,,,502243723.01407576,13450086902.316948852800,502228000,505080000,502228000,505080000,502243723,502228000,505080000,502228000,505080000,502243723
2019-12-20,26.7300,26.7300,,,502243723.00246010,13424974715.855758473000,502228000,505080000,502228000,505080000,502243723,502228000,505080000,502228000,505080000,502243723
2019-12-23,26.7300,26.7300,,,502243723.00246010,13424974715.855758473000,502228000,505080000,502228000,505080000,502243723,502228000,505080000,502228000,505080000,502243723
2019-12-24,26.7600,26.7600,,,502243722.99393000,13440042027.317566800000,502228000,505080000,502228000,505080000,502243723,502228000,505080000,502228000,505080000,502243723
2019-12-26,26.9100,26.9100,,,502243723.01737060,13515378586.397442846000,502228000,505080000,502228000,505080000,502243723,502228000,505080000,502228000,505080000,502243723
2019-12-27,26.9100,26.9100,,,502243723.01737060,13515378586.397442846000,502228000,505080000,502228000,505080000,502243723,502228000,505080000,502228000,505080000,502243723
2019-12-30,26.9100,26.9100,,,502243723.01737060,13515378586.397442846000,502228000,505080000,502228000,505080000,502243723,502228000,505080000,502228000,505080000,502243723
2019-12-31,27.2700,27.2700,,,502243723.00299567,13696186326.291691920900,502228000,505080000,502228000,505080000,502243723,502228000,505080000,502228000,505080000,502243723
2020-01-02,26.9500,26.9500,,,502243722.99682313,13535468334.764383353500,502228000,505080000,502228000,505080000,502243723,502228000,505080000,502228000,505080000,502243723
2020-01-03,26.7900,26.7900,,,502243723.00194410,13455109339.222082439000,502228000,505080000,502228000,505080000,502243723,502228000,505080000,502228000,505080000,502243723
2020-01-06,26.7500,26.7500,,,502243723.00607230,13435019590.412434025000,502228000,505080000,502228000,505080000,502243723,502228000,505080000,502228000,505080000,502243723
2020-01-07,26.8700,26.8700,,,502243723.02150315,13495288837.587789640500,502228000,505080000,502228000,505080000,502243723,502228000,505080000,502228000,505080000,502243723
2020-01-08,26.6400,26.6400,,,502243722.97831120,13379772780.142210368000,502228000,505080000,502228000,505080000,502243723,502228000,505080000,502228000,505080000,502243723
2020-01-09,26.4500,26.4500,,,502243723.02020810,13284346473.884504245000,502228000,505080000,502228000,505080000,502243723,502228000,505080000,502228000,505080000,502243723
2020-01-10,26.3000,26.3000,,,502243723.01320684,13209009915.247339892000,502228000,505080000,502228000,505080000,502243723,502228000,505080000,502228000,505080000,502243723
2020-01-13,26.2800,26.2800,,,502243722.99269250,13198965040.247958900000,502228000,505080000,502228000,505080000,502243723,502228000,505080000,502228000,505080000,502243723
2020-01-14,26.6600,26.6600,,,502243722.99855930,13389817655.141590938000,502228000,505080000,502228000,505080000,502243723,502228000,505080000,502228000,505080000,502243723
2020-01-15,27.0000,27.0000,,,502243722.98070997,13560580520.479169190000,502228000,505080000,502228000,505080000,502243723,502228000,505080000,502228000,505080000,502243723
2020-01-16,27.0500,27.0500,,,502243722.99224990,13585692706.940359795000,502228000,505080000,502228000,505080000,502243723,502228000,505080000,502228000,505080000,502243723
2020-01-17,27.0500,27.0500,,,502243722.99224990,13585692706.940359795000,502228000,505080000,502228000,505080000,502243723,502228000,505080000,502228000,505080000,502243723
2020-01-21,27.0100,27.0100,,,502243723.01271440,13565602958.573415944000,502228000,505080000,502228000,505080000,502243723,502228000,505080000,502228000,505080000,502243723
2020-01-22,26.1800,26.1800,,,502243722.99740190,13148740668.071981742000,502228000,505080000,502228000,505080000,502243723,502228000,505080000,502228000,505080000,502243723
2020-01-23,26.9300,26.9300,,,502243722.99323094,13525423460.207709214200,502228000,505080000,502228000,505080000,502243723,502228000,505080000,502228000,505080000,502243723
2020-01-24,26.4600,26.4600,,,502243723.00792295,13289368910.789641257000,502228000,505080000,502228000,505080000,502243723,502228000,505080000,502228000,505080000,502243723
2020-01-27,26.2100,26.2100,,,502243723.00558940,13163807979.976498174000,502228000,505080000,502228000,505080000,502243723,502228000,505080000,502228000,505080000,502243723
2020-01-28,26.3100,26.3100,,,502243723.00085425,13214032352.152475317500,502228000,505080000,502228000,505080000,502243723,502228000,505080000,502228000,505080000,502243723
2020-01-29,26.5800,26.5800,,,502243722.97877675,13349638156.775886015000,502228000,505080000,502228000,505080000,502243723,502228000,505080000,502228000,505080000,502243723
2020-01-30,26.6700,26.6700,,,502243722.98637897,13394840092.046727129900,502228000,505080000,502228000,505080000,502243723,502228000,505080000,502228000,505080000,502243723
2020-01-31,26.4800,26.4800,,,502243722.98338026,13299413784.599909284800,502228000,505080000,502228000,505080000,502243723,502228000,505080000,502228000,505080000,502243723
2020-02-03,26.3400,26.3400,,,502243722.99218994,13229099663.614283019600,502228000,505080000,502228000,505080000,502243723,502228000,505080000,502228000,505080000,502243723
2020-02-04,26.5200,26.5200,,,502243722.97924430,13319503533.409558836000,502228000,505080000,502228000,505080000,502243723,502228000,505080000,502228000,505080000,502243723
2020-02-05,26.7500,26.7500,,,502243723.00607230,13435019590.412434025000,502228000,505080000,502228000,505080000,502243723,502228000,505080000,502228000,505080000,502243723
2020-02-06,26.8600,26.8600,,,502243722.98933520,13490266399.493543472000,502228000,505080000,502228000,505080000,502243723,502228000,505080000,502228000,505080000,502243723
2020-02-07,26.7200,26.7200,,,502243723.01461910,13419952278.950622352000,502228000,505080000,502228000,505080000,502243723,502228000,505080000,502228000,505080000,502243723
2020-02-10,26.8600,26.8600,,,502243722.98933520,13490266399.493543472000,502228000,505080000,502228000,505080000,502243723,502228000,505080000,502228000,505080000,502243723
2020-02-11,27.0300,27.0300,,,502243722.98866755,13575647832.383683876500,502228000,505080000,502228000,505080000,502243723,502228000,505080000,502228000,505080000,502243723
2020-02-12,27.1200,27.1200,,,502243722.99611086,13620849767.654526523200,502228000,505080000,502228000,505080000,502243723,502228000,505080000,502228000,505080000,502243723
2020-02-13,27.1800,27.1800,,,502243722.99561630,13650984391.020851034000,502228000,505080000,502228000,505080000,502243723,502228000,505080000,502228000,505080000,502243723
2020-02-14,27.1800,27.1800,,,502243722.99561630,13650984391.020851034000,502228000,505080000,502228000,505080000,502243723,502228000,505080000,502228000,505080000,502243723
2020-02-18,27.0800,27.0800,,,502243723.00018007,13600760018.844876295600,502228000,505080000,502228000,505080000,502243723,502228000,505080000,502228000,505080000,502243723
2020-02-19,26.4300,26.4300,,,502243723.01077560,13274301599.174799108000,502228000,505080000,502228000,505080000,502243723,502228000,505080000,502228000,505080000,502243723
2020-02-20,25.7200,25.7200,,,502243723.02034880,12917708556.083371136000,502228000,505080000,502228000,505080000,502243723,502228000,505080000,502228000,505080000,502243723
2020-02-21,25.2700,25.2700,,,502243723.02292234,12691698880.789247531800,502228000,505080000,502228000,505080000,502243723,502228000,505080000,502228000,505080000,502243723
2020-02-24,25.2200,25.2200,,,502243722.98693484,12666586693.730496664800,502228000,505080000,502228000,505080000,502243723,502228000,505080000,502228000,505080000,502243723
2020-02-25,24.4900,24.4900,,,502243723.01026505,12299948776.521391074500,502228000,505080000,502228000,505080000,502243723,502228000,505080000,502228000,505080000,502243723
2020-02-26,24.0800,24.0800,,,502243722.98432800,12094028849.462618240000,502228000,505080000,502228000,505080000,502243723,502228000,505080000,502228000,505080000,502243723
2020-02-27,24.1600,24.1600,,,502245184.97779680,12134243669.063570688000,502050000,505157000,502050000,505157000,502245185,502050000,505157000,502050000,505157000,502245185
2020-02-28,23.0200,23.0200,,,502245185.01673610,11561684159.085265022000,502050000,505157000,502050000,505157000,502245185,502050000,505157000,502050000,505157000,502245185
2020-03-02,23.7500,23.7500,,,502245184.97605145,11928323143.181221937500,502050000,505157000,502050000,505157000,502245185,502050000,505157000,502050000,505157000,502245185
2020-03-03,23.1000,23.1000,,,502245184.98714125,11601863773.202962875000,502050000,505157000,502050000,505157000,502245185,502050000,505157000,502050000,505157000,502245185
2020-03-04,23.8200,23.8200,,,502245185.00044450,11963480306.710587990000,502050000,505157000,502050000,505157000,502245185,502050000,505157000,502050000,505157000,502245185
2020-03-05,22.6700,22.6700,,,502245184.99299460,11385898343.791187582000,502050000,505157000,502050000,505157000,502245185,502050000,505157000,502050000,505157000,502245185
2020-03-06,21.5500,21.5500,,,502245184.97289690,10823383736.165928195000,502050000,505157000,502050000,505157000,502245185,502050000,505157000,502050000,505157000,502245185
2020-03-09,18.0300,18.0300,,,502245185.00394730,9055480685.621169819000,502050000,505157000,502050000,505157000,502245185,502050000,505157000,502050000,505157000,502245185
2020-03-10,18.7100,18.7100,,,502245185.00820510,9397007411.503517421000,502050000,505157000,502050000,505157000,502245185,502050000,505157000,502050000,505157000,502245185
2020-03-11,17.6600,17.6600,,,502245184.98288060,8869649966.797671396000,502050000,505157000,502050000,505157000,502245185,502050000,505157000,502050000,505157000,502245185
2020-03-12,14.8700,14.8700,,,502245185.00059336,7468385900.958823263200,502050000,505157000,502050000,505157000,502245185,502050000,505157000,502050000,505157000,502245185
2020-03-13,15.5500,15.5500,,,502245185.00586295,7809912626.841168872500,502050000,505157000,502050000,505157000,502245185,502050000,505157000,502050000,505157000,502245185
2020-03-16,12.4800,12.4800,,,502245185.03506523,6268019909.237614070400,502050000,505157000,502050000,505157000,502245185,502050000,505157000,502050000,505157000,502245185
2020-03-17,14.6500,14.6500,,,502245184.96808124,7357891959.782390166000,502050000,505157000,502050000,505157000,502245185,502050000,505157000,502050000,505157000,502245185
2020-03-18,12.4700,12.4700,,,502245185.04193276,6262997457.472901517200,502050000,505157000,502050000,505157000,502245185,502050000,505157000,502050000,505157000,502245185
2020-03-19,12.2300,12.2300,,,502245185.01774670,6142458612.767042141000,502050000,505157000,502050000,505157000,502245185,502050000,505157000,502050000,505157000,502245185
2020-03-20,12.4800,12.4800,,,502245185.03506523,6268019909.237614070400,502050000,505157000,502050000,505157000,502245185,502050000,505157000,502050000,505157000,502245185
2020-03-23,12.1000,12.1000,,,502245185.01234710,6077166738.649399910000,502050000,505157000,502050000,505157000,502245185,502050000,505157000,502050000,505157000,502245185
2020-03-24,13.6300,13.6300,,,502245184.95822690,6845601870.980632647000,502050000,505157000,502050000,505157000,502245185,502050000,505157000,502050000,505157000,502245185
2020-03-25,15.1300,15.1300,,,502245185.00952460,7598969649.194107198000,502050000,505157000,502050000,505157000,502245185,502050000,505157000,502050000,505157000,502245185
2020-03-26,15.8900,15.8900,,,502245185.00695900,7980675989.760578510000,502050000,505157000,502050000,505157000,502245185,502050000,505157000,502050000,505157000,502245185
2020-03-27,16.3000,16.3000,,,502245185.00876874,8186596515.642930462000,502050000,505157000,502050000,505157000,502245185,502050000,505157000,502050000,505157000,502245185
2020-03-30,16.2300,16.2300,,,502245184.97310930,8151439352.113563939000,502050000,505157000,502050000,505157000,502245185,502050000,505157000,502050000,505157000,502245185
2020-03-31,15.4500,15.4500,,,502245184.98496210,7759688108.017664445000,502050000,505157000,502050000,505157000,502245185,502050000,505157000,502050000,505157000,502245185
2020-04-01,14.1200,14.1200,,,502245184.99695903,7091702012.157061503600,502050000,505157000,502050000,505157000,502245185,502050000,505157000,502050000,505157000,502245185
2020-04-02,14.1300,14.1300,,,502245184.99092530,7096724463.921774489000,502050000,505157000,502050000,505157000,502245185,502050000,505157000,502050000,505157000,502245185
2020-04-03,13.4400,13.4400,,,502245184.99067830,6750175286.274716352000,502050000,505157000,502050000,505157000,502245185,502050000,505157000,502050000,505157000,502245185
2020-04-06,15.3000,15.3000,,,502245184.99154234,7684351330.370597802000,502050000,505157000,502050000,505157000,502245185,502050000,505157000,502050000,505157000,502245185
2020-04-07,15.4700,15.4700,,,502245184.97395540,7769733011.547090038000,502050000,505157000,502050000,505157000,502245185,502050000,505157000,502050000,505157000,502245185
2020-04-08,16.8200,16.8200,,,502245185.02458370,8447764012.113497834000,502050000,505157000,502050000,505157000,502245185,502050000,505157000,502050000,505157000,502245185
2020-04-09,17.8100,17.8100,,,502245184.97724530,8944986744.444738793000,502050000,505157000,502050000,505157000,502245185,502050000,505157000,502050000,505157000,502245185
2020-04-13,16.8900,16.8900,,,502245184.98913467,8482921174.466484576300,502050000,505157000,502050000,505157000,502245185,502050000,505157000,502050000,505157000,502245185
2020-04-14,17.0000,17.0000,,,502245185.00321776,8538168145.054701920000,502050000,505157000,502050000,505157000,502245185,502050000,505157000,502050000,505157000,502245185
2020-04-15,15.8700,15.8700,,,502245185.01771600,7970631086.231152920000,502050000,505157000,502050000,505157000,502245185,502050000,505157000,502050000,505157000,502245185
2020-04-16,15.7900,15.7900,,,502245185.02514440,7930451471.547030076000,502050000,505157000,502050000,505157000,502245185,502050000,505157000,502050000,505157000,502245185
2020-04-17,16.5300,16.5300,,,502245185.03230950,8302112908.584076035000,502050000,505157000,502050000,505157000,502245185,502050000,505157000,502050000,505157000,502245185
2020-04-20,15.7500,15.7500,,,502245184.97217760,7910361663.311797200000,502050000,505157000,502050000,505157000,502245185,502050000,505157000,502050000,505157000,502245185
2020-04-21,15.5100,15.5100,,,502245185.02787364,7789822819.782320156400,502050000,505157000,502050000,505157000,502245185,502050000,505157000,502050000,505157000,502245185
2020-04-22,16.1900,16.1900,,,502245184.99411446,8131349545.054713107400,502050000,505157000,502050000,505157000,502245185,502050000,505157000,502050000,505157000,502245185
2020-04-23,16.4200,16.4200,,,502245185.01801820,8246865937.995858844000,502050000,505157000,502050000,505157000,502245185,502050000,505157000,502050000,505157000,502245185
2020-04-24,16.6800,16.6800,,,502245185.02584790,8377449686.231142972000,502050000,505157000,502050000,505157000,502245185,502050000,505157000,502050000,505157000,502245185
2020-04-27,17.3200,17.3200,,,502245185.01412740,8698886604.444686568000,502050000,505157000,502050000,505157000,502245185,502050000,505157000,502050000,505157000,502245185
2020-04-28,17.4100,17.4100,,,502245184.96996564,8744088670.327101792400,502050000,505157000,502050000,505157000,502245185,502050000,505157000,502050000,505157000,502245185
2020-04-29,17.6900,17.6900,,,502245184.96844600,8884717322.091809740000,502050000,505157000,502050000,505157000,502245185,502050000,505157000,502050000,505157000,502245185
2020-04-30,17.0300,17.0300,,,502245184.98818785,8553235500.348839085500,502050000,505157000,502050000,505157000,502245185,502050000,505157000,502050000,505157000,502245185
2020-05-01,16.4600,16.4600,,,502245184.99724840,8266955745.054708664000,502050000,505157000,502050000,505157000,502245185,502050000,505157000,502050000,505157000,502245185
2020-05-04,16.3600,16.3600,,,502245184.97745760,8216731226.231206336000,502050000,505157000,502050000,505157000,502245185,502050000,505157000,502050000,505157000,502245185
2020-05-05,16.3900,16.3900,,,502245185.03366200,8231798582.701720180000,502050000,505157000,502050000,505157000,502245185,502050000,505157000,502050000,505157000,502245185
2020-05-06,15.9800,15.9800,,,502245185.03250130,8025878056.819370774000,502050000,505157000,502050000,505157000,502245185,502050000,505157000,502050000,505157000,502245185
2020-05-07,17.8100,17.8100,,,502658950.96996640,8952355916.775101584000,502000000,502000000,502000000,502000000,502658951,502000000,502000000,502000000,502000000,502658951
2020-05-08,18.5900,18.5900,,,502658951.00204396,9344429899.127997216400,502000000,502000000,502000000,502000000,502658951,502000000,502000000,502000000,502000000,502658951
2020-05-11,18.1800,18.1800,,,502658951.02949360,9138339729.716193648000,502000000,502000000,502000000,502000000,502658951,502000000,502000000,502000000,502000000,502658951
2020-05-12,17.7900,17.7900,,,502658950.98097560,8942302737.951555924000,502000000,502000000,502000000,502000000,502658951,502000000,502000000,502000000,502000000,502658951
2020-05-13,16.9000,16.9000,,,502658951.00270780,8494936271.945761820000,502000000,502000000,502000000,502000000,502658951,502000000,502000000,502000000,502000000,502658951
2020-05-14,17.2800,17.2800,,,502658950.99087080,8685946673.122247424000,502000000,502000000,502000000,502000000,502658951,502000000,502000000,502000000,502000000,502658951
2020-05-15,16.8000,16.8000,,,502658950.99117010,8444670376.651657680000,502000000,502000000,502000000,502000000,502658951,502000000,502000000,502000000,502000000,502658951
2020-05-18,17.4900,17.4900,,,502658951.01461560,8791505053.245626844000,502000000,502000000,502000000,502000000,502658951,502000000,502000000,502000000,502000000,502658951
2020-05-19,17.0400,17.0400,,,502658950.99101835,8565308524.886952684000,502000000,502000000,502000000,502000000,502658951,502000000,502000000,502000000,502000000,502658951
2020-05-20,16.9200,16.9200,,,502658950.99545860,8504989450.843159512000,502000000,502000000,502000000,502000000,502658951,502000000,502000000,502000000,502000000,502658951
2020-05-21,16.7600,16.7600,,,502658950.99348810,8424564018.650860556000,502000000,502000000,502000000,502000000,502658951,502000000,502000000,502000000,502000000,502658951
2020-05-22,16.9200,16.9200,,,502658950.99545860,8504989450.843159512000,502000000,502000000,502000000,502000000,502658951,502000000,502000000,502000000,502000000,502658951
2020-05-26,17.4900,17.4900,,,502658950.97901960,8791505052.623052804000,502000000,502000000,502000000,502000000,502658951,502000000,502000000,502000000,502000000,502658951
2020-05-27,17.5000,17.5000,,,502658950.98045750,8796531642.158006250000,502000000,502000000,502000000,502000000,502658951,502000000,502000000,502000000,502000000,502658951
2020-05-28,18.0200,18.0200,,,502658951.02949360,9057914297.551474672000,502000000,502000000,502000000,502000000,502658951,502000000,502000000,502000000,502000000,502658951
2020-05-29,17.7800,17.7800,,,502658950.97190523,8937276148.280474989400,502000000,502000000,502000000,502000000,502658951,502000000,502000000,502000000,502000000,502658951
2020-06-01,18.0500,18.0500,,,502658950.96899223,9072994064.990309751500,502000000,502000000,502000000,502000000,502658951,502000000,502000000,502000000,502000000,502658951
2020-06-02,18.1000,18.1000,,,502658951.02687657,9098127013.586465917000,502000000,502000000,502000000,502000000,502658951,502000000,502000000,502000000,502000000,502658951
2020-06-03,18.4600,18.4600,,,502658951.02200663,9279084235.866242389800,502000000,502000000,502000000,502000000,502658951,502000000,502000000,502000000,502000000,502658951
2020-06-04,18.0500,18.0500,,,502658950.96899223,9072994064.990309751500,502000000,502000000,502000000,502000000,502658951,502000000,502000000,502000000,502000000,502658951
2020-06-05,18.2500,18.2500,,,502658951.02705810,9173525856.243810325000,502000000,502000000,502000000,502000000,502658951,502000000,502000000,502000000,502000000,502658951
2020-06-08,19.0900,19.0900,,,502658951.00751900,9595759374.733537710000,502000000,502000000,502000000,502000000,502658951,502000000,502000000,502000000,502000000,502658951
2020-06-09,18.6300,18.6300,,,502658951.01831340,9364536257.471178642000,502000000,502000000,502000000,502000000,502658951,502000000,502000000,502000000,502000000,502658951
2020-06-10,18.3900,18.3900,,,502658951.02589464,9243898109.366202429600,502000000,502000000,502000000,502000000,502658951,502000000,502000000,502000000,502000000,502658951
2020-06-11,17.7700,17.7700,,,502658950.97048515,8932249558.745521115500,502000000,502000000,502000000,502000000,502658951,502000000,502000000,502000000,502000000,502658951
2020-06-12,18.0000,18.0000,,,502658950.96877010,9047861117.437861800000,502000000,502000000,502000000,502000000,502658951,502000000,502000000,502000000,502000000,502658951
2020-06-15,18.2700,18.2700,,,502658951.02306527,9183579035.191402482900,502000000,502000000,502000000,502000000,502658951,502000000,502000000,502000000,502000000,502658951
2020-06-16,18.3900,18.3900,,,502658951.02589464,9243898109.366202429600,502000000,502000000,502000000,502000000,502658951,502000000,502000000,502000000,502000000,502658951
2020-06-17,18.4600,18.4600,,,502658951.02200663,9279084235.866242389800,502000000,502000000,502000000,502000000,502658951,502000000,502000000,502000000,502000000,502658951
2020-06-18,18.3500,18.3500,,,502658951.02717750,9223791751.348707125000,502000000,502000000,502000000,502000000,502658951,502000000,502000000,502000000,502000000,502658951
2020-06-19,17.7900,17.7900,,,502658950.97332370,8942302737.815428623000,502000000,502000000,502000000,502000000,502658951,502000000,502000000,502000000,502000000,502658951
2020-06-22,18.0500,18.0500,,,502658950.96899223,9072994064.990309751500,502000000,502000000,502000000,502000000,502658951,502000000,502000000,502000000,502000000,502658951
2020-06-23,18.1800,18.1800,,,502658951.03101050,9138339729.743770890000,502000000,502000000,502000000,502000000,502658951,502000000,502000000,502000000,502000000,502658951
2020-06-24,18.3300,18.3300,,,502658951.02448460,9213738572.278802718000,502000000,502000000,502000000,502000000,502658951,502000000,502000000,502000000,502000000,502658951
2020-06-25,18.1500,18.1500,,,502658951.02693740,9123259961.138913810000,502000000,502000000,502000000,502000000,502658951,502000000,502000000,502000000,502000000,502658951
2020-06-26,17.7000,17.7000,,,502658950.97432110,8897063432.245483470000,502000000,502000000,502000000,502000000,502658951,502000000,502000000,502000000,502000000,502658951
2020-06-29,18.6200,18.6200,,,502658951.01698310,9359509667.936225322000,502000000,502000000,502000000,502000000,502658951,502000000,502000000,502000000,502000000,502658951
2020-06-30,18.6700,18.6700,,,502658951.01706874,9384642615.488673375800,502000000,502000000,502000000,502000000,502658951,502000000,502000000,502000000,502000000,502658951
2020-07-01,19.2700,19.2700,,,502658951.00536720,9686237985.873425944000,502000000,502000000,502000000,502000000,502658951,502000000,502000000,502000000,502000000,502658951
2020-07-02,19.4600,19.4600,,,502658950.99825037,9781743186.425952200200,502000000,502000000,502000000,502000000,502658951,502000000,502000000,502000000,502000000,502658951
2020-07-06,19.6000,19.6000,,,502658950.99736450,9852115439.548344200000,502000000,502000000,502000000,502000000,502658951,502000000,502000000,502000000,502000000,502658951
2020-07-07,19.4900,19.4900,,,502658950.99581810,9796822954.908494769000,502000000,502000000,502000000,502000000,502658951,502000000,502000000,502000000,502000000,502658951
2020-07-08,19.3300,19.3300,,,502658951.00044036,9716397522.838512158800,502000000,502000000,502000000,502000000,502658951,502000000,502000000,502000000,502000000,502658951
2020-07-09,18.9500,18.9500,,,502658951.00850370,9525387121.611145115000,502000000,502000000,502000000,502000000,502658951,502000000,502000000,502000000,502000000,502658951
2020-07-10,19.2700,19.2700,,,502658951.00536720,9686237985.873425944000,502000000,502000000,502000000,502000000,502658951,502000000,502000000,502000000,502000000,502658951
2020-07-13,19.2100,19.2100,,,502658951.00395760,9656078448.786025496000,502000000,502000000,502000000,502000000,502658951,502000000,502000000,502000000,502000000,502658951
2020-07-14,19.2800,19.2800,,,502658951.00031450,9691264575.286063560000,502000000,502000000,502000000,502000000,502658951,502000000,502000000,502000000,502000000,502658951
2020-07-15,19.3000,19.3000,,,502658951.00289994,9701317754.355968842000,502000000,502000000,502000000,502000000,502658951,502000000,502000000,502000000,502000000,502658951
2020-07-16,19.2900,19.2900,,,502658951.00160795,9696291164.821017355500,502000000,502000000,502000000,502000000,502658951,502000000,502000000,502000000,502000000,502658951
2020-07-17,19.8600,19.8600,,,502658950.99311310,9982806766.723226166000,502000000,502000000,502000000,502000000,502658951,502000000,502000000,502000000,502000000,502658951
2020-07-20,19.1800,19.1800,,,502658951.00643800,9640998680.303480840000,502000000,502000000,502000000,502000000,502658951,502000000,502000000,502000000,502000000,502658951
2020-07-21,19.4000,19.4000,,,502658950.99683255,9751583649.338551470000,502000000,502000000,502000000,502000000,502658951,502000000,502000000,502000000,502000000,502658951
2020-07-22,20.0100,20.0100,,,502658950.98741900,10058205609.258254190000,502000000,502000000,502000000,502000000,502658951,502000000,502000000,502000000,502000000,502658951
2020-07-23,20.2100,20.2100,,,502658950.98197600,10158737399.345734960000,502000000,502000000,502000000,502000000,502658951,502000000,502000000,502000000,502000000,502658951
2020-07-24,19.7400,19.7400,,,502658950.99029490,9922487692.548421326000,502000000,502000000,502000000,502000000,502658951,502000000,502000000,502000000,502000000,502658951
2020-07-27,19.0700,19.0700,,,502658951.00490990,9585706195.663631793000,502000000,502000000,502000000,502000000,502658951,502000000,502000000,502000000,502000000,502658951
2020-07-28,19.3500,19.3500,,,502658951.00301903,9726450701.908418230500,502000000,502000000,502000000,502000000,502658951,502000000,502000000,502000000,502000000,502658951
2020-07-29,19.4300,19.4300,,,502658951.00069016,9766663417.943409808800,502000000,502000000,502000000,502000000,502658951,502000000,502000000,502000000,502000000,502658951
2020-07-30,19.1300,19.1300,,,502658951.00632690,9615865732.751033597000,502000000,502000000,502000000,502000000,502658951,502000000,502000000,502000000,502000000,502658951
2020-07-31,19.0100,19.0100,,,502658951.00991820,9555546658.698544982000,502000000,502000000,502000000,502000000,502658951,502000000,502000000,502000000,502000000,502658951
2020-08-03,19.3200,19.3200,,,502658950.99914900,9711370933.303558680000,502000000,502000000,502000000,502000000,502658951,502000000,502000000,502000000,502000000,502658951
2020-08-04,19.4900,19.4900,,,502658950.99581810,9796822954.908494769000,502000000,502000000,502000000,502000000,502658951,502000000,502000000,502000000,502000000,502658951
2020-08-05,19.0200,19.0200,,,502658951.01122487,9560573248.233497027400,502000000,502000000,502000000,502000000,502658951,502000000,502000000,502000000,502000000,502658951
2020-08-06,20.2700,20.2700,,,544820974.00468240,11043521143.074912248000,528066000,530837000,528066000,530837000,544820974,528066000,530837000,528066000,530837000,544820974
2020-08-07,20.4100,20.4100,,,544820974.01150600,11119796079.574837460000,528066000,530837000,528066000,530837000,544820974,528066000,530837000,528066000,530837000,544820974
2020-08-10,20.9800,20.9800,,,544820974.00071140,11430344034.534925172000,528066000,530837000,528066000,530837000,544820974,528066000,530837000,528066000,530837000,544820974
2020-08-11,20.6100,20.6100,,,544820974.00356420,11228760274.213458162000,528066000,530837000,528066000,530837000,544820974,528066000,530837000,528066000,530837000,544820974
2020-08-12,20.4000,20.4000,,,544820974.02745870,11114347870.160157480000,528066000,530837000,528066000,530837000,544820974,528066000,530837000,528066000,530837000,544820974
2020-08-13,20.7400,20.7400,,,544820974.02597400,11299587001.298700760000,528066000,530837000,528066000,530837000,544820974,528066000,530837000,528066000,530837000,544820974
2020-08-14,20.5400,20.5400,,,544820973.97731530,11190622805.494056262000,528066000,530837000,528066000,530837000,544820974,528066000,530837000,528066000,530837000,544820974
2020-08-17,20.6500,20.6500,,,544820973.98050800,11250553112.697490200000,528066000,530837000,528066000,530837000,544820974,528066000,530837000,528066000,530837000,544820974
2020-08-18,20.2400,20.2400,,,544820974.01213260,11027176514.005563824000,528066000,530837000,528066000,530837000,544820974,528066000,530837000,528066000,530837000,544820974
2020-08-19,20.2500,20.2500,,,544820973.97178840,11032624722.928715100000,528066000,530837000,528066000,530837000,544820974,528066000,530837000,528066000,530837000,544820974
2020-08-20,19.8200,19.8200,,,544820974.02028620,10798351705.082072484000,528066000,530837000,528066000,530837000,544820974,528066000,530837000,528066000,530837000,544820974
2020-08-21,19.7900,19.7900,,,544820973.98078240,10782007075.079683696000,528066000,530837000,528066000,530837000,544820974,528066000,530837000,528066000,530837000,544820974
2020-08-24,20.2200,20.2200,,,544820973.98471700,11016280093.970977740000,528066000,530837000,528066000,530837000,544820974,528066000,530837000,528066000,530837000,544820974
2020-08-25,20.0100,20.0100,,,544820973.97188960,10901867689.177510896000,528066000,530837000,528066000,530837000,544820974,528066000,530837000,528066000,530837000,544820974
2020-08-26,19.6400,19.6400,,,544820973.99421310,10700283929.246345284000,528066000,530837000,528066000,530837000,544820974,528066000,530837000,528066000,530837000,544820974
2020-08-27,19.7600,19.7600,,,544820973.99402560,10765662446.121945856000,528066000,530837000,528066000,530837000,544820974,528066000,530837000,528066000,530837000,544820974
2020-08-28,19.9500,19.9500,,,544820973.99809710,10869178431.262037145000,528066000,530837000,528066000,530837000,544820974,528066000,530837000,528066000,530837000,544820974
2020-08-31,20.0700,20.0700,,,544820973.99788940,10934556948.137640258000,528066000,530837000,528066000,530837000,544820974,528066000,530837000,528066000,530837000,544820974
2020-09-01,20.0000,20.0000,,,544820973.99365760,10896419479.873152000000,528066000,530837000,528066000,530837000,544820974,528066000,530837000,528066000,530837000,544820974
2020-09-02,20.4500,20.4500,,,544820974.01127390,11141588918.530551255000,528066000,530837000,528066000,530837000,544820974,528066000,530837000,528066000,530837000,544820974
2020-09-03,20.1500,20.1500,,,544820973.98047100,10978142625.706490650000,528066000,530837000,528066000,530837000,544820974,528066000,530837000,528066000,530837000,544820974
2020-09-04,19.8700,19.8700,,,544820974.01576190,10825592753.693188953000,528066000,530837000,528066000,530837000,544820974,528066000,530837000,528066000,530837000,544820974
2020-09-08,19.3700,19.3700,,,544820974.00230630,10553182266.424673031000,528066000,530837000,528066000,530837000,544820974,528066000,530837000,528066000,530837000,544820974
2020-09-09,19.5300,19.5300,,,544820974.02558910,10640353622.719755123000,528066000,530837000,528066000,530837000,544820974,528066000,530837000,528066000,530837000,544820974
2020-09-10,19.4500,19.4500,,,544820973.98424300,10596767943.993526350000,528066000,530837000,528066000,530837000,544820974,528066000,530837000,528066000,530837000,544820974
2020-09-11,19.4500,19.4500,,,544820973.98424300,10596767943.993526350000,528066000,530837000,528066000,530837000,544820974,528066000,530837000,528066000,530837000,544820974
2020-09-14,19.5400,19.5400,,,544820974.00328150,10645801832.024120510000,528066000,530837000,528066000,530837000,544820974,528066000,530837000,528066000,530837000,544820974
2020-09-15,19.0100,19.0100,,,544820974.00304410,10357046715.797868341000,528066000,530837000,528066000,530837000,544820974,528066000,530837000,528066000,530837000,544820974
2020-09-16,19.7400,19.7400,,,544820973.98523650,10754766026.468568510000,528066000,530837000,528066000,530837000,544820974,528066000,530837000,528066000,530837000,544820974
2020-09-17,19.2900,19.2900,,,544820974.02636370,10509596588.968555773000,528066000,530837000,528066000,530837000,544820974,528066000,530837000,528066000,530837000,544820974
2020-09-18,18.9300,18.9300,,,544820974.02160690,10313461038.229018617000,528066000,530837000,528066000,530837000,544820974,528066000,530837000,528066000,530837000,544820974
2020-09-21,18.9000,18.9000,,,544820973.97428050,10297116408.113901450000,528066000,530837000,528066000,530837000,544820974,528066000,530837000,528066000,530837000,544820974
2020-09-22,18.9100,18.9100,,,544820974.01246130,10302564618.575643183000,528066000,530837000,528066000,530837000,544820974,528066000,530837000,528066000,530837000,544820974
2020-09-23,18.8600,18.8600,,,544820974.01720730,10275323569.964529678000,528066000,530837000,528066000,530837000,544820974,528066000,530837000,528066000,530837000,544820974
2020-09-24,18.9000,18.9000,,,544820973.97428050,10297116408.113901450000,528066000,530837000,528066000,530837000,544820974,528066000,530837000,528066000,530837000,544820974
2020-09-25,18.9900,18.9900,,,544820973.99391760,10346150296.144495224000,528066000,530837000,528066000,530837000,544820974,528066000,530837000,528066000,530837000,544820974
2020-09-28,19.0200,19.0200,,,544820973.98013830,10362494925.102230466000,528066000,530837000,528066000,530837000,544820974,528066000,530837000,528066000,530837000,544820974
2020-09-29,19.0000,19.0000,,,544820974.02597400,10351598506.493506000000,528066000,530837000,528066000,530837000,544820974,528066000,530837000,528066000,530837000,544820974
2020-09-30,19.3500,19.3500,,,544820973.99334870,10542285846.771297345000,528066000,530837000,528066000,530837000,544820974,528066000,530837000,528066000,530837000,544820974
2020-10-01,19.4000,19.4000,,,544820973.98878420,10569526895.382413480000,528066000,530837000,528066000,530837000,544820974,528066000,530837000,528066000,530837000,544820974
2020-10-02,19.9300,19.9300,,,544820973.98939600,10858282011.608662280000,528066000,530837000,528066000,530837000,544820974,528066000,530837000,528066000,530837000,544820974
2020-10-05,20.1900,20.1900,,,544820974.00326740,10999935465.125968806000,528066000,530837000,528066000,530837000,544820974,528066000,530837000,528066000,530837000,544820974
2020-10-06,20.5700,20.5700,,,544820974.01099430,11206967435.406152751000,528066000,530837000,528066000,530837000,544820974,528066000,530837000,528066000,530837000,544820974
2020-10-07,20.6500,20.6500,,,544820973.99394690,11250553112.975003485000,528066000,530837000,528066000,530837000,544820974,528066000,530837000,528066000,530837000,544820974
2020-10-08,21.3200,21.3200,,,544820974.00235600,11615583165.730229920000,528066000,530837000,528066000,530837000,544820974,528066000,530837000,528066000,530837000,544820974
2020-10-09,21.3700,21.3700,,,544820973.99819110,11642824214.341343807000,528066000,530837000,528066000,530837000,544820974,528066000,530837000,528066000,530837000,544820974
2020-10-12,21.6100,21.6100,,,544820973.99780400,11773581248.092544440000,528066000,530837000,528066000,530837000,544820974,528066000,530837000,528066000,530837000,544820974
2020-10-13,20.8200,20.8200,,,544820973.98951580,11343172678.461718956000,528066000,530837000,528066000,530837000,544820974,528066000,530837000,528066000,530837000,544820974
2020-10-14,20.7900,20.7900,,,544820974.00211550,11326828049.503981245000,528066000,530837000,528066000,530837000,544820974,528066000,530837000,528066000,530837000,544820974
2020-10-15,20.9200,20.9200,,,544820973.98106810,11397654775.683944652000,528066000,530837000,528066000,530837000,544820974,528066000,530837000,528066000,530837000,544820974
2020-10-16,20.8500,20.8500,,,544820973.97695220,11359517307.419453370000,528066000,530837000,528066000,530837000,544820974,528066000,530837000,528066000,530837000,544820974
2020-10-19,20.8000,20.8000,,,544820973.98117030,11332276258.808342240000,528066000,530837000,528066000,530837000,544820974,528066000,530837000,528066000,530837000,544820974
2020-10-20,21.3400,21.3400,,,544820974.01047830,11626479585.383606922000,528066000,530837000,528066000,530837000,544820974,528066000,530837000,528066000,530837000,544820974
2020-10-21,21.5300,21.5300,,,544820974.01934170,11729995570.636426801000,528066000,530837000,528066000,530837000,544820974,528066000,530837000,528066000,530837000,544820974
2020-10-22,22.0700,22.0700,,,544820973.99430490,12024198896.054309143000,528066000,530837000,528066000,530837000,544820974,528066000,530837000,528066000,530837000,544820974
2020-10-23,22.2300,22.2300,,,544820974.01481750,12111370252.349393025000,528066000,530837000,528066000,530837000,544820974,528066000,530837000,528066000,530837000,544820974
2020-10-26,22.1300,22.1300,,,544820974.02291760,12056888155.127166488000,528066000,530837000,528066000,530837000,544820974,528066000,530837000,528066000,530837000,544820974
2020-10-27,22.3300,22.3300,,,544820974.00678980,12165852349.571616234000,528066000,530837000,528066000,530837000,544820974,528066000,530837000,528066000,530837000,544820974
2020-10-28,21.3000,21.3000,,,544820973.99421850,11604686746.076854050000,528066000,530837000,528066000,530837000,544820974,528066000,530837000,528066000,530837000,544820974
2020-10-29,21.4800,21.4800,,,544820974.02352490,11702754522.025314852000,528066000,530837000,528066000,530837000,544820974,528066000,530837000,528066000,530837000,544820974
2020-10-30,21.1300,21.1300,,,544820973.99858690,11512067180.590141197000,528066000,530837000,528066000,530837000,544820974,528066000,530837000,528066000,530837000,544820974
2020-11-02,21.4700,21.4700,,,544820973.98991940,11697306311.563569518000,528066000,530837000,528066000,530837000,544820974,528066000,530837000,528066000,530837000,544820974
2020-11-03,21.7900,21.7900,,,544820973.97354850,11871649022.883621815000,528066000,530837000,528066000,530837000,544820974,528066000,530837000,528066000,530837000,544820974
2020-11-04,21.5600,21.5600,,,544820974.00192180,11746340199.481434008000,528066000,530837000,528066000,530837000,544820974,528066000,530837000,528066000,530837000,544820974
2020-11-05,22.6700,22.6700,,,544823119.98080400,12351140129.964826680000,544811000,548188000,544811000,548188000,544823120,544811000,548188000,544811000,548188000,544823120
2020-11-06,22.8600,22.8600,,,544823120.01620130,12454656523.570361718000,544811000,548188000,544811000,548188000,544823120,544811000,548188000,544811000,548188000,544823120
2020-11-09,23.7300,23.7300,,,544823120.00078030,12928652637.618516519000,544811000,548188000,544811000,548188000,544823120,544811000,548188000,544811000,548188000,544823120
2020-11-10,24.1000,24.1000,,,544823119.97848520,13130237191.481493320000,544811000,548188000,544811000,548188000,544823120,544811000,548188000,544811000,548188000,544823120
2020-11-11,24.0700,24.0700,,,544823119.98422840,13113892498.020377588000,544811000,548188000,544811000,548188000,544823120,544811000,548188000,544811000,548188000,544823120
2020-11-12,23.4400,23.4400,,,544823119.99446980,12770653932.670372112000,544811000,548188000,544811000,548188000,544823120,544811000,548188000,544811000,548188000,544823120
2020-11-13,24.2500,24.2500,,,544823120.00954530,13211960660.231473525000,544811000,548188000,544811000,548188000,544823120,544811000,548188000,544811000,548188000,544823120
2020-11-16,25.0900,25.0900,,,544823120.00073800,13669612080.818516420000,544811000,548188000,544811000,548188000,544823120,544811000,548188000,544811000,548188000,544823120
2020-11-17,25.1700,25.1700,,,544823120.00515010,13713197930.529628017000,544811000,548188000,544811000,548188000,544823120,544811000,548188000,544811000,548188000,544823120
2020-11-18,23.7500,23.7500,,,544823120.01356360,12939549100.322135500000,544811000,548188000,544811000,548188000,544823120,544811000,548188000,544811000,548188000,544823120
2020-11-19,23.4300,23.4300,,,544823120.01296320,12765205701.903727776000,544811000,548188000,544811000,548188000,544823120,544811000,548188000,544811000,548188000,544823120
2020-11-20,23.4600,23.4600,,,544823119.99176120,12781550395.006717752000,544811000,548188000,544811000,548188000,544823120,544811000,548188000,544811000,548188000,544823120
2020-11-23,23.9800,23.9800,,,544823119.98042550,13064858417.130603490000,544811000,548188000,544811000,548188000,544823120,544811000,548188000,544811000,548188000,544823120
2020-11-24,24.3600,24.3600,,,544823120.00264480,13271891203.264427328000,544811000,548188000,544811000,548188000,544823120,544811000,548188000,544811000,548188000,544823120
2020-11-25,24.5100,24.5100,,,544823120.00976350,13353614671.439303385000,544811000,548188000,544811000,548188000,544823120,544811000,548188000,544811000,548188000,544823120
2020-11-27,24.0700,24.0700,,,544823119.98126340,13113892497.949010038000,544811000,548188000,544811000,548188000,544823120,544811000,548188000,544811000,548188000,544823120
2020-11-30,23.1900,23.1900,,,544823120.00476260,12634448152.910444694000,544811000,548188000,544811000,548188000,544823120,544811000,548188000,544811000,548188000,544823120
2020-12-01,22.8300,22.8300,,,544823120.01733530,12438311829.995764899000,544811000,548188000,544811000,548188000,544823120,544811000,548188000,544811000,548188000,544823120
2020-12-02,22.9300,22.9300,,,544823120.01083760,12492794141.848506168000,544811000,548188000,544811000,548188000,544823120,544811000,548188000,544811000,548188000,544823120
2020-12-03,22.7900,22.7900,,,544823119.99596140,12416518904.707960306000,544811000,548188000,544811000,548188000,544823120,544811000,548188000,544811000,548188000,544823120
2020-12-04,22.8600,22.8600,,,544823119.99557110,12454656523.098755346000,544811000,548188000,544811000,548188000,544823120,544811000,548188000,544811000,548188000,544823120
2020-12-07,23.1400,23.1400,,,544823119.97533980,12607206996.229362972000,544811000,548188000,544811000,548188000,544823120,544811000,548188000,544811000,548188000,544823120
2020-12-08,22.5000,22.5000,,,544823120.00818120,12258520200.184077000000,544811000,548188000,544811000,548188000,544823120,544811000,548188000,544811000,548188000,544823120
2020-12-09,22.2300,22.2300,,,544823120.02194360,12111417958.087806228000,544811000,548188000,544811000,548188000,544823120,544811000,548188000,544811000,548188000,544823120
2020-12-10,21.8000,21.8000,,,544823119.98311210,11877144015.631843780000,544811000,548188000,544811000,548188000,544823120,544811000,548188000,544811000,548188000,544823120
2020-12-11,21.7500,21.7500,,,544823120.00465480,11849902860.101241900000,544811000,548188000,544811000,548188000,544823120,544811000,548188000,544811000,548188000,544823120
2020-12-14,21.6400,21.6400,,,544823120.01913930,11789972317.214174452000,544811000,548188000,544811000,548188000,544823120,544811000,548188000,544811000,548188000,544823120
2020-12-15,22.2400,22.2400,,,544823120.01448450,12116866189.122135280000,544811000,548188000,544811000,548188000,544823120,544811000,548188000,544811000,548188000,544823120
2020-12-16,21.8700,21.8700,,,544823119.98274540,11915281634.022641898000,544811000,548188000,544811000,548188000,544823120,544811000,548188000,544811000,548188000,544823120
2020-12-17,21.8800,21.8800,,,544823119.97518160,11920729865.056973408000,544811000,548188000,544811000,548188000,544823120,544811000,548188000,544811000,548188000,544823120
2020-12-18,21.8700,21.8700,,,544823119.98274540,11915281634.022641898000,544811000,548188000,544811000,548188000,544823120,544811000,548188000,544811000,548188000,544823120
2020-12-21,21.0500,21.0500,,,544823119.97857520,11468526675.549007960000,544811000,548188000,544811000,548188000,544823120,544811000,548188000,544811000,548188000,544823120
2020-12-22,20.8200,20.8200,,,544823120.01635660,11343217358.740544412000,544811000,548188000,544811000,548188000,544823120,544811000,548188000,544811000,548188000,544823120
2020-12-23,21.5000,21.5000,,,544823120.00342480,11713697080.073633200000,544811000,548188000,544811000,548188000,544823120,544811000,548188000,544811000,548188000,544823120
2020-12-24,21.5800,21.5800,,,544823120.01194200,11757282929.857708360000,544811000,548188000,544811000,548188000,544823120,544811000,548188000,544811000,548188000,544823120
2020-12-28,21.4100,21.4100,,,544823120.00257930,11664662999.255222813000,544811000,548188000,544811000,548188000,544823120,544811000,548188000,544811000,548188000,544823120
2020-12-29,21.3000,21.3000,,,544823119.98012300,11604732455.576619900000,544811000,548188000,544811000,548188000,544823120,544811000,548188000,544811000,548188000,544823120
2020-12-30,21.4200,21.4200,,,544823120.01160140,11670111230.648501988000,544811000,548188000,544811000,548188000,544823120,544811000,548188000,544811000,548188000,544823120
2020-12-31,21.6400,21.6400,,,544823120.01913930,11789972317.214174452000,544811000,548188000,544811000,548188000,544823120,544811000,548188000,544811000,548188000,544823120
2021-01-04,21.3400,21.3400,,,544823120.00301910,11626525380.864427594000,544811000,548188000,544811000,548188000,544823120,544811000,548188000,544811000,548188000,544823120
2021-01-05,21.5700,21.5700,,,544823120.01962820,11751834698.823380274000,544811000,548188000,544811000,548188000,544823120,544811000,548188000,544811000,548188000,544823120
2021-01-06,21.9500,21.9500,,,544823119.99119450,11958867483.806719275000,544811000,548188000,544811000,548188000,544823120,544811000,548188000,544811000,548188000,544823120
2021-01-07,20.8800,20.8800,,,544823120.02380310,11375906746.097008728000,544811000,548188000,544811000,548188000,544823120,544811000,548188000,544811000,548188000,544823120
2021-01-08,20.7100,20.7100,,,544823119.97600140,11283286814.702988994000,544811000,548188000,544811000,548188000,544823120,544811000,548188000,544811000,548188000,544823120
2021-01-11,20.7900,20.7900,,,544823120.02302070,11326872665.278600353000,544811000,548188000,544811000,548188000,544823120,544811000,548188000,544811000,548188000,544823120
2021-01-12,20.7000,20.7000,,,544823119.98399330,11277838583.668661310000,544811000,548188000,544811000,548188000,544823120,544811000,548188000,544811000,548188000,544823120
2021-01-13,20.8200,20.8200,,,544823120.01635660,11343217358.740544412000,544811000,548188000,544811000,548188000,544823120,544811000,548188000,544811000,548188000,544823120
2021-01-14,20.8500,20.8500,,,544823119.99249550,11359562051.843531175000,544811000,548188000,544811000,548188000,544823120,544811000,548188000,544811000,548188000,544823120
2021-01-15,21.4600,21.4600,,,544823119.98070010,11691904154.785824146000,544811000,548188000,544811000,548188000,544823120,544811000,548188000,544811000,548188000,544823120
2021-01-19,21.6900,21.6900,,,544823119.99745390,11817213472.744775091000,544811000,548188000,544811000,548188000,544823120,544811000,548188000,544811000,548188000,544823120
2021-01-20,21.4800,21.4800,,,544823120.01885330,11702800618.004968884000,544811000,548188000,544811000,548188000,544823120,544811000,548188000,544811000,548188000,544823120
2021-01-21,21.6900,21.6900,,,544823119.99745390,11817213472.744775091000,544811000,548188000,544811000,548188000,544823120,544811000,548188000,544811000,548188000,544823120
2021-01-22,21.4400,21.4400,,,544823119.99613640,11681007692.717164416000,544811000,548188000,544811000,548188000,544823120,544811000,548188000,544811000,548188000,544823120
2021-01-25,21.6700,21.6700,,,544823120.01274190,11806317010.676116973000,544811000,548188000,544811000,548188000,544823120,544811000,548188000,544811000,548188000,544823120
2021-01-26,21.9500,21.9500,,,544823119.99119450,11958867483.806719275000,544811000,548188000,544811000,548188000,544823120,544811000,548188000,544811000,548188000,544823120
2021-01-27,20.8600,20.8600,,,544823119.98455730,11365010282.877865278000,544811000,548188000,544811000,548188000,544823120,544811000,548188000,544811000,548188000,544823120
2021-01-28,21.5800,21.5800,,,544823120.01194200,11757282929.857708360000,544811000,548188000,544811000,548188000,544823120,544811000,548188000,544811000,548188000,544823120
2021-01-29,21.0900,21.0900,,,544823120.00174570,11490319600.836816813000,544811000,548188000,544811000,548188000,544823120,544811000,548188000,544811000,548188000,544823120
2021-02-01,21.2400,21.2400,,,544823120.00996650,11572043069.011688460000,544811000,548188000,544811000,548188000,544823120,544811000,548188000,544811000,548188000,544823120
2021-02-02,21.5000,21.5000,,,544823120.00342480,11713697080.073633200000,544811000,548188000,544811000,548188000,544823120,544811000,548188000,544811000,548188000,544823120
2021-02-03,21.1500,21.1500,,,544823120.00913860,11523008988.193281390000,544811000,548188000,544811000,548188000,544823120,544811000,548188000,544811000,548188000,544823120
2021-02-04,21.4300,21.4300,,,544823120.00386540,11675559461.682835522000,544811000,548188000,544811000,548188000,544823120,544811000,548188000,544811000,548188000,544823120
2021-02-05,21.4000,21.4000,,,544823120.01032210,11659214768.220892940000,544811000,548188000,544811000,548188000,544823120,544811000,548188000,544811000,548188000,544823120
2021-02-08,21.0300,21.0300,,,544823119.97724200,11457630213.121399260000,544811000,548188000,544811000,548188000,544823120,544811000,548188000,544811000,548188000,544823120
2021-02-09,21.2800,21.2800,,,544823119.97880690,11593835993.149010832000,544811000,548188000,544811000,548188000,544823120,544811000,548188000,544811000,548188000,544823120
2021-02-10,21.4600,21.4600,,,544823119.98070010,11691904154.785824146000,544811000,548188000,544811000,548188000,544823120,544811000,548188000,544811000,548188000,544823120
2021-02-11,21.2500,21.2500,,,544823120.00216560,11577491300.046019000000,544811000,548188000,544811000,548188000,544823120,544811000,548188000,544811000,548188000,544823120
2021-02-12,21.3800,21.3800,,,544823120.02582930,11648318306.152230434000,544811000,548188000,544811000,548188000,544823120,544811000,548188000,544811000,548188000,544823120
2021-02-16,21.5400,21.5400,,,544823120.02606480,11735490005.361435792000,544811000,548188000,544811000,548188000,544823120,544811000,548188000,544811000,548188000,544823120
2021-02-17,21.5300,21.5300,,,544823119.99108930,11730041773.408152629000,544811000,548188000,544811000,548188000,544823120,544811000,548188000,544811000,548188000,544823120
2021-02-18,21.8000,21.8000,,,544823120.01382900,11877144016.301472200000,544811000,548188000,544811000,548188000,544823120,544811000,548188000,544811000,548188000,544823120
2021-02-19,21.4300,21.4300,,,544823120.00767330,11675559461.764438819000,544811000,548188000,544811000,548188000,544823120,544811000,548188000,544811000,548188000,544823120
2021-02-22,20.6700,20.6700,,,544823119.97259800,11261493889.833600660000,544811000,548188000,544811000,548188000,544823120,544811000,548188000,544811000,548188000,544823120
2021-02-23,20.7800,20.7800,,,544823120.00263790,11321424433.654815562000,544811000,548188000,544811000,548188000,544823120,544811000,548188000,544811000,548188000,544823120
2021-02-24,20.8100,20.8100,,,544823119.99956100,11337769127.190864410000,544811000,548188000,544811000,548188000,544823120,544811000,548188000,544811000,548188000,544823120
2021-02-25,19.7500,19.7500,,,551581921.97835230,10893742959.072457925000,531031000,531031000,531031000,531031000,551581922,531031000,531031000,531031000,531031000,551581922
2021-02-26,19.4400,19.4400,,,551581922.02635150,10722752564.192273160000,531031000,531031000,531031000,531031000,551581922,531031000,531031000,531031000,531031000,551581922
2021-03-01,19.6000,19.6000,,,551581922.01027750,10811005671.401439000000,531031000,531031000,531031000,531031000,551581922,531031000,531031000,531031000,531031000,551581922
2021-03-02,19.5700,19.5700,,,551581921.98395340,10794458213.225968038000,531031000,531031000,531031000,531031000,551581922,531031000,531031000,531031000,531031000,551581922
2021-03-03,19.4500,19.4500,,,551581921.98398350,10728268382.588479075000,531031000,531031000,531031000,531031000,551581922,531031000,531031000,531031000,531031000,551581922
2021-03-04,19.8700,19.8700,,,551581921.98940240,10959932789.929425688000,531031000,531031000,531031000,531031000,551581922,531031000,531031000,531031000,531031000,551581922
2021-03-05,20.6600,20.6600,,,551581922.00972810,11395682508.720982546000,531031000,531031000,531031000,531031000,551581922,531031000,531031000,531031000,531031000,551581922
2021-03-08,20.8100,20.8100,,,551581921.97943300,11478419796.392000730000,531031000,531031000,531031000,531031000,551581922,531031000,531031000,531031000,531031000,551581922
2021-03-09,20.9000,20.9000,,,551581922.00937590,11528062169.995956310000,531031000,531031000,531031000,531031000,551581922,531031000,531031000,531031000,531031000,551581922
2021-03-10,21.3200,21.3200,,,551581922.01392600,11759726577.336902320000,531031000,531031000,531031000,531031000,551581922,531031000,531031000,531031000,531031000,551581922
2021-03-11,21.2900,21.2900,,,551581921.98973380,11743179119.161432602000,531031000,531031000,531031000,531031000,551581922,531031000,531031000,531031000,531031000,551581922
2021-03-12,21.9700,21.9700,,,551581922.01338930,12118254826.634162921000,531031000,531031000,531031000,531031000,551581922,531031000,531031000,531031000,531031000,551581922
2021-03-15,22.5700,22.5700,,,551581922.02220130,12449203980.041083341000,531031000,531031000,531031000,531031000,551581922,531031000,531031000,531031000,531031000,551581922
2021-03-16,22.4400,22.4400,,,551581922.00826430,12377498329.865450892000,531031000,531031000,531031000,531031000,551581922,531031000,531031000,531031000,531031000,551581922
2021-03-17,22.2700,22.2700,,,551581922.01785470,12283729403.337624169000,531031000,531031000,531031000,531031000,551581922,531031000,531031000,531031000,531031000,551581922
2021-03-18,21.9400,21.9400,,,551581921.98991300,12101707368.458691220000,531031000,531031000,531031000,531031000,551581922,531031000,531031000,531031000,531031000,551581922
2021-03-19,22.2600,22.2600,,,551581922.00357040,12278213583.799477104000,531031000,531031000,531031000,531031000,551581922,531031000,531031000,531031000,531031000,551581922
2021-03-22,21.9600,21.9600,,,551581921.99890800,12112739007.096019680000,531031000,531031000,531031000,531031000,551581922,531031000,531031000,531031000,531031000,551581922
2021-03-23,21.8800,21.8800,,,551581921.98492730,12068612453.030209324000,531031000,531031000,531031000,531031000,551581922,531031000,531031000,531031000,531031000,551581922
2021-03-24,21.7500,21.7500,,,551581922.02282820,11996906803.996513350000,531031000,531031000,531031000,531031000,551581922,531031000,531031000,531031000,531031000,551581922
2021-03-25,22.3000,22.3000,,,551581921.98973800,12300276860.371157400000,531031000,531031000,531031000,531031000,551581922,531031000,531031000,531031000,531031000,551581922
2021-03-26,21.9700,21.9700,,,551581922.01338930,12118254826.634162921000,531031000,531031000,531031000,531031000,551581922,531031000,531031000,531031000,531031000,551581922
2021-03-29,22.6500,22.6500,,,551581921.98520770,12493330532.964954405000,531031000,531031000,531031000,531031000,551581922,531031000,531031000,531031000,531031000,551581922
2021-03-30,22.8000,22.8000,,,551581922.01742960,12576067821.997394880000,531031000,531031000,531031000,531031000,551581922,531031000,531031000,531031000,531031000,551581922
2021-03-31,22.6500,22.6500,,,551581921.98520770,12493330532.964954405000,531031000,531031000,531031000,531031000,551581922,531031000,531031000,531031000,531031000,551581922
2021-04-01,22.6500,22.6500,,,551581921.98520770,12493330532.964954405000,531031000,531031000,531031000,531031000,551581922,531031000,531031000,531031000,531031000,551581922
2021-04-05,22.9400,22.9400,,,551581921.98560380,12653289290.349751172000,531031000,531031000,531031000,531031000,551581922,531031000,531031000,531031000,531031000,551581922
2021-04-06,23.2400,23.2400,,,551581921.98079730,12818763866.833729252000,531031000,531031000,531031000,531031000,551581922,531031000,531031000,531031000,531031000,551581922
2021-04-07,23.3600,23.3600,,,551581921.99018410,12884953697.690700576000,531031000,531031000,531031000,531031000,551581922,531031000,531031000,531031000,531031000,551581922
2021-04-08,23.2300,23.2300,,,551581921.97654180,12813248047.515066014000,531031000,531031000,531031000,531031000,551581922,531031000,531031000,531031000,531031000,551581922
2021-04-09,23.2400,23.2400,,,551581921.98079730,12818763866.833729252000,531031000,531031000,531031000,531031000,551581922,531031000,531031000,531031000,531031000,551581922
2021-04-12,23.3400,23.3400,,,551581922.02124380,12873922059.975830292000,531031000,531031000,531031000,531031000,551581922,531031000,531031000,531031000,531031000,551581922
2021-04-13,23.6600,23.6600,,,551581921.98540480,13050428274.174677568000,531031000,531031000,531031000,531031000,551581922,531031000,531031000,531031000,531031000,551581922
2021-04-14,23.7100,23.7100,,,551581921.98584990,13078007370.284501129000,531031000,531031000,531031000,531031000,551581922,531031000,531031000,531031000,531031000,551581922
2021-04-15,24.0500,24.0500,,,551581922.01588740,13265545224.482091970000,531031000,531031000,531031000,531031000,551581922,531031000,531031000,531031000,531031000,551581922
2021-04-16,24.0600,24.0600,,,551581921.98164150,13271061042.878294490000,531031000,531031000,531031000,531031000,551581922,531031000,531031000,531031000,531031000,551581922
2021-04-19,23.7800,23.7800,,,551581921.99460240,13116618105.031645072000,531031000,531031000,531031000,531031000,551581922,531031000,531031000,531031000,531031000,551581922
2021-04-20,24.2300,24.2300,,,551581922.02014300,13364829970.548064890000,531031000,531031000,531031000,531031000,551581922,531031000,531031000,531031000,531031000,551581922
2021-04-21,24.2900,24.2900,,,551581921.97754670,13397924884.834609343000,531031000,531031000,531031000,531031000,551581922,531031000,531031000,531031000,531031000,551581922
2021-04-22,24.1700,24.1700,,,551581922.01570450,13331735055.119577765000,531031000,531031000,531031000,531031000,551581922,531031000,531031000,531031000,531031000,551581922
2021-04-23,24.1300,24.1300,,,551581921.99027960,13309671777.625446748000,531031000,531031000,531031000,531031000,551581922,531031000,531031000,531031000,531031000,551581922
2021-04-26,23.9900,23.9900,,,551581922.02055400,13232450309.273090460000,531031000,531031000,531031000,531031000,551581922,531031000,531031000,531031000,531031000,551581922
2021-04-27,23.8100,23.8100,,,551581922.01625860,13133165563.207117266000,531031000,531031000,531031000,531031000,551581922,531031000,531031000,531031000,531031000,551581922
2021-04-28,23.9400,23.9400,,,551581922.02018650,13204871213.163264810000,531031000,531031000,531031000,531031000,551581922,531031000,531031000,531031000,531031000,551581922
2021-04-29,24.5100,24.5100,,,551581922.00712840,13519272908.394717084000,531031000,531031000,531031000,531031000,551581922,531031000,531031000,531031000,531031000,551581922
2021-04-30,24.4900,24.4900,,,551581921.99011470,13508241269.537909003000,531031000,531031000,531031000,531031000,551581922,531031000,531031000,531031000,531031000,551581922
2021-05-03,24.4200,24.4200,,,551581921.98160370,13469630534.790762354000,531031000,531031000,531031000,531031000,551581922,531031000,531031000,531031000,531031000,551581922
2021-05-04,24.5600,24.5600,,,551581921.99857720,13546852004.285056032000,531031000,531031000,531031000,531031000,551581922,531031000,531031000,531031000,531031000,551581922
2021-05-05,24.2800,24.2800,,,551581922.01146640,13392409066.438404192000,531031000,531031000,531031000,531031000,551581922,531031000,531031000,531031000,531031000,551581922
2021-05-06,24.3800,24.3800,,,580497852.99090860,14152537655.918351668000,551546000,631420000,551546000,631420000,580497853,551546000,631420000,551546000,631420000,580497853
2021-05-07,24.4900,24.4900,,,580497852.97957660,14216392419.469830934000,551546000,631420000,551546000,631420000,580497853,551546000,631420000,551546000,631420000,580497853
2021-05-10,24.5000,24.5000,,,580497853.01122830,14222197398.775093350000,551546000,631420000,551546000,631420000,580497853,551546000,631420000,551546000,631420000,580497853
2021-05-11,23.9600,23.9600,,,580497853.00663910,13908728558.039072836000,551546000,631420000,551546000,631420000,580497853,551546000,631420000,551546000,631420000,580497853
2021-05-12,23.6500,23.6500,,,580497853.01104760,13728774223.711275740000,551546000,631420000,551546000,631420000,580497853,551546000,631420000,551546000,631420000,580497853
2021-05-13,24.4700,24.4700,,,580497852.99951000,14204782462.898009700000,551546000,631420000,551546000,631420000,580497853,551546000,631420000,551546000,631420000,580497853
2021-05-14,25.0200,25.0200,,,580497852.99930170,14524056282.042528534000,551546000,631420000,551546000,631420000,580497853,551546000,631420000,551546000,631420000,580497853
2021-05-17,25.0300,25.0300,,,580497852.99444770,14529861260.451025931000,551546000,631420000,551546000,631420000,580497853,551546000,631420000,551546000,631420000,580497853
2021-05-18,24.7000,24.7000,,,580497853.01827560,14338296969.551407320000,551546000,631420000,551546000,631420000,580497853,551546000,631420000,551546000,631420000,580497853
2021-05-19,24.4800,24.4800,,,580497852.99161140,14210587441.234647072000,551546000,631420000,551546000,631420000,580497853,551546000,631420000,551546000,631420000,580497853
2021-05-20,24.7000,24.7000,,,580497853.00561760,14338296969.238754720000,551546000,631420000,551546000,631420000,580497853,551546000,631420000,551546000,631420000,580497853
2021-05-21,24.7100,24.7100,,,580497853.00073000,14344101947.648038300000,551546000,631420000,551546000,631420000,580497853,551546000,631420000,551546000,631420000,580497853
2021-05-24,25.0300,25.0300,,,580497852.98570370,14529861260.232163611000,551546000,631420000,551546000,631420000,580497853,551546000,631420000,551546000,631420000,580497853
2021-05-25,24.9400,24.9400,,,580497853.01944720,14477616454.305013168000,551546000,631420000,551546000,631420000,580497853,551546000,631420000,551546000,631420000,580497853
2021-05-26,25.1100,25.1100,,,580497853.00217330,14576301088.884571563000,551546000,631420000,551546000,631420000,580497853,551546000,631420000,551546000,631420000,580497853
2021-05-27,25.0800,25.0800,,,580497853.01661550,14558886153.656716740000,551546000,631420000,551546000,631420000,580497853,551546000,631420000,551546000,631420000,580497853
2021-05-28,25.3000,25.3000,,,580497852.98522850,14686595680.526281050000,551546000,631420000,551546000,631420000,580497853,551546000,631420000,551546000,631420000,580497853
2021-06-01,25.1100,25.1100,,,580497853.00217330,14576301088.884571563000,551546000,631420000,551546000,631420000,580497853,551546000,631420000,551546000,631420000,580497853
2021-06-02,25.0900,25.0900,,,580497853.01179750,14564691132.065999275000,551546000,631420000,551546000,631420000,580497853,551546000,631420000,551546000,631420000,580497853
2021-06-03,25.3900,25.3900,,,580497852.99676930,14738840487.587972527000,551546000,631420000,551546000,631420000,580497853,551546000,631420000,551546000,631420000,580497853
2021-06-04,25.4000,25.4000,,,580497852.99201810,14744645465.997259740000,551546000,631420000,551546000,631420000,580497853,551546000,631420000,551546000,631420000,580497853
2021-06-07,25.5800,25.5800,,,580497852.98005020,14849135079.229684116000,551546000,631420000,551546000,631420000,580497853,551546000,631420000,551546000,631420000,580497853
2021-06-08,25.4600,25.4600,,,580497853.01771770,14779475337.831092642000,551546000,631420000,551546000,631420000,580497853,551546000,631420000,551546000,631420000,580497853
2021-06-09,25.7700,25.7700,,,580497852.99815100,14959429671.762351270000,551546000,631420000,551546000,631420000,580497853,551546000,631420000,551546000,631420000,580497853
2021-06-10,25.9500,25.9500,,,580497852.98631120,15063919284.994775640000,551546000,631420000,551546000,631420000,580497853,551546000,631420000,551546000,631420000,580497853
2021-06-11,26.1500,26.1500,,,580497853.00880730,15180018856.180310895000,551546000,631420000,551546000,631420000,580497853,551546000,631420000,551546000,631420000,580497853
2021-06-14,25.9800,25.9800,,,580497853.01605740,15081334221.357171252000,551546000,631420000,551546000,631420000,580497853,551546000,631420000,551546000,631420000,580497853
2021-06-15,25.9900,25.9900,,,580497853.01140650,15087139199.766454935000,551546000,631420000,551546000,631420000,580497853,551546000,631420000,551546000,631420000,580497853
2021-06-16,25.5300,25.5300,,,580497852.99411180,14820110186.939674254000,551546000,631420000,551546000,631420000,580497853,551546000,631420000,551546000,631420000,580497853
2021-06-17,25.3400,25.3400,,,580497853.01096930,14709815595.297962062000,551546000,631420000,551546000,631420000,580497853,551546000,631420000,551546000,631420000,580497853
2021-06-18,24.6300,24.6300,,,580497852.98398840,14297662118.995634292000,551546000,631420000,551546000,631420000,580497853,551546000,631420000,551546000,631420000,580497853
2021-06-21,24.9400,24.9400,,,580497853.01944720,14477616454.305013168000,551546000,631420000,551546000,631420000,580497853,551546000,631420000,551546000,631420000,580497853
2021-06-22,24.7900,24.7900,,,580497853.01736370,14390541776.300446123000,551546000,631420000,551546000,631420000,580497853,551546000,631420000,551546000,631420000,580497853
2021-06-23,24.7000,24.7000,,,580497853.00561760,14338296969.238754720000,551546000,631420000,551546000,631420000,580497853,551546000,631420000,551546000,631420000,580497853
2021-06-24,24.5100,24.5100,,,580497853.02313520,14228002377.597043752000,551546000,631420000,551546000,631420000,580497853,551546000,631420000,551546000,631420000,580497853
2021-06-25,24.7500,24.7500,,,580497852.99106120,14367321861.528764700000,551546000,631420000,551546000,631420000,580497853,551546000,631420000,551546000,631420000,580497853
2021-06-28,24.6300,24.6300,,,580497852.98398840,14297662118.995634292000,551546000,631420000,551546000,631420000,580497853,551546000,631420000,551546000,631420000,580497853
2021-06-29,24.4900,24.4900,,,580497852.98668580,14216392419.643935242000,551546000,631420000,551546000,631420000,580497853,551546000,631420000,551546000,631420000,580497853
2021-06-30,24.5200,24.5200,,,580497852.98186670,14233807355.115371484000,551546000,631420000,551546000,631420000,580497853,551546000,631420000,551546000,631420000,580497853
2021-07-01,24.7300,24.7300,,,580497853.00081660,14355711904.710194518000,551546000,631420000,551546000,631420000,580497853,551546000,631420000,551546000,631420000,580497853
2021-07-02,24.9100,24.9100,,,580497852.97868470,14460201517.699035877000,551546000,631420000,551546000,631420000,580497853,551546000,631420000,551546000,631420000,580497853
2021-07-06,24.8900,24.8900,,,580497852.98836740,14448591560.880464586000,551546000,631420000,551546000,631420000,580497853,551546000,631420000,551546000,631420000,580497853
2021-07-07,25.0100,25.0100,,,580497852.99534570,14518251303.413595957000,551546000,631420000,551546000,631420000,580497853,551546000,631420000,551546000,631420000,580497853
2021-07-08,25.2600,25.2600,,,580497852.99467750,14663375766.645553650000,551546000,631420000,551546000,631420000,580497853,551546000,631420000,551546000,631420000,580497853
2021-07-09,25.4700,25.4700,,,580497853.01297130,14785280316.240379011000,551546000,631420000,551546000,631420000,580497853,551546000,631420000,551546000,631420000,580497853
2021-07-12,25.2100,25.2100,,,580497853.00894670,14634350874.355546307000,551546000,631420000,551546000,631420000,580497853,551546000,631420000,551546000,631420000,580497853
2021-07-13,24.6800,24.6800,,,580497853.01540460,14326687012.420185528000,551546000,631420000,551546000,631420000,580497853,551546000,631420000,551546000,631420000,580497853
2021-07-14,24.7700,24.7700,,,580497852.98132160,14378931818.347336032000,551546000,631420000,551546000,631420000,580497853,551546000,631420000,551546000,631420000,580497853
2021-07-15,25.3200,25.3200,,,580497853.02051320,14698205638.479394224000,551546000,631420000,551546000,631420000,580497853,551546000,631420000,551546000,631420000,580497853
2021-07-16,25.5900,25.5900,,,580497853.01967600,14854940058.773508840000,551546000,631420000,551546000,631420000,580497853,551546000,631420000,551546000,631420000,580497853
2021-07-19,24.8700,24.8700,,,580497852.99806570,14436981604.061893959000,551546000,631420000,551546000,631420000,580497853,551546000,631420000,551546000,631420000,580497853
2021-07-20,25.2400,25.2400,,,580497853.00423880,14651765809.826987312000,551546000,631420000,551546000,631420000,580497853,551546000,631420000,551546000,631420000,580497853
2021-07-21,25.1700,25.1700,,,580497852.98306990,14611130959.583869383000,551546000,631420000,551546000,631420000,580497853,551546000,631420000,551546000,631420000,580497853
2021-07-22,25.0300,25.0300,,,580497852.98570370,14529861260.232163611000,551546000,631420000,551546000,631420000,580497853,551546000,631420000,551546000,631420000,580497853
2021-07-23,25.1800,25.1800,,,580497852.97828250,14616935937.993153350000,551546000,631420000,551546000,631420000,580497853,551546000,631420000,551546000,631420000,580497853
2021-07-26,25.3500,25.3500,,,580497853.00620300,14715620573.707246050000,551546000,631420000,551546000,631420000,580497853,551546000,631420000,551546000,631420000,580497853
2021-07-27,25.6900,25.6900,,,580497852.98209200,14912989843.109943480000,551546000,631420000,551546000,631420000,580497853,551546000,631420000,551546000,631420000,580497853
2021-07-28,25.6600,25.6600,,,580497852.99618420,14895574907.882086572000,551546000,631420000,551546000,631420000,580497853,551546000,631420000,551546000,631420000,580497853
2021-07-29,25.8100,25.8100,,,580497852.98888310,14982649585.643072811000,551546000,631420000,551546000,631420000,580497853,551546000,631420000,551546000,631420000,580497853
2021-07-30,25.4600,25.4600,,,580497853.01771770,14779475337.831092642000,551546000,631420000,551546000,631420000,580497853,551546000,631420000,551546000,631420000,580497853
2021-08-02,25.5500,25.5500,,,580497852.98466710,14831720143.758244405000,551546000,631420000,551546000,631420000,580497853,551546000,631420000,551546000,631420000,580497853
2021-08-03,25.8700,25.8700,,,580497853.01418280,15017479457.476909036000,551546000,631420000,551546000,631420000,580497853,551546000,631420000,551546000,631420000,580497853
2021-08-04,25.7000,25.7000,,,580497853.02154740,14918794822.653768180000,551546000,631420000,551546000,631420000,580497853,551546000,631420000,551546000,631420000,580497853
2021-08-05,26.2400,26.2400,,,592892377.00133610,15557495972.515059264000,585720000,596330000,585720000,596330000,592892377,585720000,596330000,585720000,596330000,592892377
2021-08-06,26.4800,26.4800,,,592892377.01265650,15699790143.295144120000,585720000,596330000,585720000,596330000,592892377,585720000,596330000,585720000,596330000,592892377
2021-08-09,26.5400,26.5400,,,592892376.98085300,15735363685.071838620000,585720000,596330000,585720000,596330000,592892377,585720000,596330000,585720000,596330000,592892377
2021-08-10,26.6200,26.6200,,,592892376.99887480,15782795075.710047176000,585720000,596330000,585720000,596330000,592892377,585720000,596330000,585720000,596330000,592892377
2021-08-11,26.8100,26.8100,,,592892376.99264090,15895444627.172702529000,585720000,596330000,585720000,596330000,592892377,585720000,596330000,585720000,596330000,592892377
2021-08-12,26.7500,26.7500,,,592892376.98173700,15859871084.261464750000,585720000,596330000,585720000,596330000,592892377,585720000,596330000,585720000,596330000,592892377
2021-08-13,26.9000,26.9000,,,592892377.01391820,15948804941.674399580000,585720000,596330000,585720000,596330000,592892377,585720000,596330000,585720000,596330000,592892377
2021-08-16,26.7900,26.7900,,,592892376.98565630,15883586779.445732277000,585720000,596330000,585720000,596330000,592892377,585720000,596330000,585720000,596330000,592892377
2021-08-17,26.8500,26.8500,,,592892376.99653510,15919160322.356967435000,585720000,596330000,585720000,596330000,592892377,585720000,596330000,585720000,596330000,592892377
2021-08-18,26.4000,26.4000,,,592892377.01206390,15652358753.118486960000,585720000,596330000,585720000,596330000,592892377,585720000,596330000,585720000,596330000,592892377
2021-08-19,25.9200,25.9200,,,592892376.99711100,15367770411.765117120000,585720000,596330000,585720000,596330000,592892377,585720000,596330000,585720000,596330000,592892377
2021-08-20,26.3400,26.3400,,,592892376.98881640,15616785209.885423976000,585720000,596330000,585720000,596330000,592892377,585720000,596330000,585720000,596330000,592892377
2021-08-23,26.1800,26.1800,,,592892377.00151200,15521922429.899584160000,585720000,596330000,585720000,596330000,592892377,585720000,596330000,585720000,596330000,592892377
2021-08-24,25.8400,25.8400,,,592892377.02020310,15320339022.202048104000,585720000,596330000,585720000,596330000,592892377,585720000,596330000,585720000,596330000,592892377
2021-08-25,25.7200,25.7200,,,592892377.01647380,15249191936.863706136000,585720000,596330000,585720000,596330000,592892377,585720000,596330000,585720000,596330000,592892377
2021-08-26,25.3700,25.3700,,,592892377.00873510,15041679604.711609487000,585720000,596330000,585720000,596330000,592892377,585720000,596330000,585720000,596330000,592892377
2021-08-27,25.6200,25.6200,,,592892377.00949060,15189902698.983149172000,585720000,596330000,585720000,596330000,592892377,585720000,596330000,585720000,596330000,592892377
2021-08-30,25.3800,25.3800,,,592892377.00183070,15047608528.306463166000,585720000,596330000,585720000,596330000,592892377,585720000,596330000,585720000,596330000,592892377
2021-08-31,25.0900,25.0900,,,592892377.01823150,14875669739.387428335000,585720000,596330000,585720000,596330000,592892377,585720000,596330000,585720000,596330000,592892377
2021-09-01,25.5100,25.5100,,,592892377.00931940,15124684537.507737894000,585720000,596330000,585720000,596330000,592892377,585720000,596330000,585720000,596330000,592892377
2021-09-02,25.7700,25.7700,,,592892377.00326470,15278836555.374131319000,585720000,596330000,585720000,596330000,592892377,585720000,596330000,585720000,596330000,592892377
2021-09-03,25.9400,25.9400,,,592892376.99394370,15379628259.222899578000,585720000,596330000,585720000,596330000,592892377,585720000,596330000,585720000,596330000,592892377
2021-09-07,25.8000,25.8000,,,592892376.99328580,15296623326.426773640000,585720000,596330000,585720000,596330000,592892377,585720000,596330000,585720000,596330000,592892377
2021-09-08,26.4700,26.4700,,,592892376.98596990,15693861218.818623253000,585720000,596330000,585720000,596330000,592892377,585720000,596330000,585720000,596330000,592892377
2021-09-09,26.5600,26.5600,,,592892376.99940980,15747221533.104324288000,585720000,596330000,585720000,596330000,592892377,585720000,596330000,585720000,596330000,592892377
2021-09-10,26.2200,26.2200,,,592892376.98501460,15545638124.547082812000,585720000,596330000,585720000,596330000,592892377,585720000,596330000,585720000,596330000,592892377
2021-09-13,26.1600,26.1600,,,592892377.00465600,15510064582.441800960000,585720000,596330000,585720000,596330000,592892377,585720000,596330000,585720000,596330000,592892377
2021-09-14,25.6600,25.6600,,,592892376.99262060,15213618393.630644596000,585720000,596330000,585720000,596330000,592892377,585720000,596330000,585720000,596330000,592892377
2021-09-15,25.1000,25.1000,,,592892377.01124630,14881598662.982282130000,585720000,596330000,585720000,596330000,592892377,585720000,596330000,585720000,596330000,592892377
2021-09-16,24.6300,24.6300,,,592892376.98837880,14602939245.223769844000,585720000,596330000,585720000,596330000,592892377,585720000,596330000,585720000,596330000,592892377
2021-09-17,24.4300,24.4300,,,592892377.01966580,14484360770.590435494000,585720000,596330000,585720000,596330000,592892377,585720000,596330000,585720000,596330000,592892377
2021-09-20,24.7100,24.7100,,,592892377.00989950,14650370635.914616645000,585720000,596330000,585720000,596330000,592892377,585720000,596330000,585720000,596330000,592892377
2021-09-21,24.9200,24.9200,,,592892376.98278010,14774878034.410880092000,585720000,596330000,585720000,596330000,592892377,585720000,596330000,585720000,596330000,592892377
2021-09-22,24.5600,24.5600,,,592892377.01643460,14561436779.523633776000,585720000,596330000,585720000,596330000,592892377,585720000,596330000,585720000,596330000,592892377
2021-09-23,24.8000,24.8000,,,592892376.97873130,14703730949.072536240000,585720000,596330000,585720000,596330000,592892377,585720000,596330000,585720000,596330000,592892377
2021-09-24,25.4100,25.4100,,,592892376.99170040,15065395299.359107164000,585720000,596330000,585720000,596330000,592892377,585720000,596330000,585720000,596330000,592892377
2021-09-27,25.4200,25.4200,,,592892376.99535930,15071324223.222033406000,585720000,596330000,585720000,596330000,592892377,585720000,596330000,585720000,596330000,592892377
2021-09-28,24.9500,24.9500,,,592892377.01768730,14792664806.591298135000,585720000,596330000,585720000,596330000,592892377,585720000,596330000,585720000,596330000,592892377
2021-09-29,25.1100,25.1100,,,592892377.00426670,14887527586.577136837000,585720000,596330000,585720000,596330000,592892377,585720000,596330000,585720000,596330000,592892377
2021-09-30,24.6000,24.6000,,,592892376.99882640,14585152474.171129440000,585720000,596330000,585720000,596330000,592892377,585720000,596330000,585720000,596330000,592892377
2021-10-01,24.9000,24.9000,,,592892376.98606800,14763020186.953093200000,585720000,596330000,585720000,596330000,592892377,585720000,596330000,585720000,596330000,592892377
2021-10-04,25.4900,25.4900,,,592892377.01255200,15112826690.049950480000,585720000,596330000,585720000,596330000,592892377,585720000,596330000,585720000,596330000,592892377
2021-10-05,25.4700,25.4700,,,592892377.01578990,15100968842.592168753000,585720000,596330000,585720000,596330000,592892377,585720000,596330000,585720000,596330000,592892377
2021-10-06,25.7900,25.7900,,,592892377.00007440,15290694402.831918776000,585720000,596330000,585720000,596330000,592892377,585720000,596330000,585720000,596330000,592892377
2021-10-07,25.5700,25.5700,,,592892376.97868380,15160258079.344944766000,585720000,596330000,585720000,596330000,592892377,585720000,596330000,585720000,596330000,592892377
2021-10-08,25.5400,25.5400,,,592892376.98873540,15142471308.292302116000,585720000,596330000,585720000,596330000,592892377,585720000,596330000,585720000,596330000,592892377
2021-10-11,25.5400,25.5400,,,592892376.98873540,15142471308.292302116000,585720000,596330000,585720000,596330000,592892377,585720000,596330000,585720000,596330000,592892377
2021-10-12,26.0400,26.0400,,,592892377.00090090,15438917497.103459436000,585720000,596330000,585720000,596330000,592892377,585720000,596330000,585720000,596330000,592892377
2021-10-13,25.9000,25.9000,,,592892377.00028310,15355912564.307332290000,585720000,596330000,585720000,596330000,592892377,585720000,596330000,585720000,596330000,592892377
2021-10-14,26.5700,26.5700,,,592892377.00290750,15753150456.967252275000,585720000,596330000,585720000,596330000,592892377,585720000,596330000,585720000,596330000,592892377
2021-10-15,26.7500,26.7500,,,592892377.01946100,15859871085.270581750000,585720000,596330000,585720000,596330000,592892377,585720000,596330000,585720000,596330000,592892377
2021-10-18,26.1900,26.1900,,,592892376.99482400,15527851353.494440560000,585720000,596330000,585720000,596330000,592892377,585720000,596330000,585720000,596330000,592892377
2021-10-19,26.1600,26.1600,,,592892377.00465600,15510064582.441800960000,585720000,596330000,585720000,596330000,592892377,585720000,596330000,585720000,596330000,592892377
2021-10-20,26.6300,26.6300,,,592892377.01585580,15788723999.932239954000,585720000,596330000,585720000,596330000,592892377,585720000,596330000,585720000,596330000,592892377
2021-10-21,26.5100,26.5100,,,592892376.97978840,15717576913.734190484000,585720000,596330000,585720000,596330000,592892377,585720000,596330000,585720000,596330000,592892377
2021-10-22,26.5400,26.5400,,,592892377.01260780,15735363685.914611012000,585720000,596330000,585720000,596330000,592892377,585720000,596330000,585720000,596330000,592892377
2021-10-25,26.7700,26.7700,,,592892377.01637540,15871728932.728369458000,585720000,596330000,585720000,596330000,592892377,585720000,596330000,585720000,596330000,592892377
2021-10-26,26.6800,26.6800,,,592892377.00309850,15818368618.442667980000,585720000,596330000,585720000,596330000,592892377,585720000,596330000,585720000,596330000,592892377
2021-10-27,26.3100,26.3100,,,592892376.99858550,15598998438.832784505000,585720000,596330000,585720000,596330000,592892377,585720000,596330000,585720000,596330000,592892377
2021-10-28,26.2900,26.2900,,,592892377.00171160,15587140591.374997964000,585720000,596330000,585720000,596330000,592892377,585720000,596330000,585720000,596330000,592892377
2021-10-29,26.0400,26.0400,,,592892377.00090090,15438917497.103459436000,585720000,596330000,585720000,596330000,592892377,585720000,596330000,585720000,596330000,592892377
2021-11-01,26.2900,26.2900,,,592892377.00171160,15587140591.374997964000,585720000,596330000,585720000,596330000,592892377,585720000,596330000,585720000,596330000,592892377
2021-11-02,26.1900,26.1900,,,592892376.99482400,15527851353.494440560000,585720000,596330000,585720000,596330000,592892377,585720000,596330000,585720000,596330000,592892377
2021-11-03,26.2900,26.2900,,,592892377.00171160,15587140591.374997964000,585720000,596330000,585720000,596330000,592892377,585720000,596330000,585720000,596330000,592892377
2021-11-04,26.5000,26.5000,,,628867734.01425680,16664994951.377805200000,604607000,609382000,604607000,609382000,628867734,604607000,609382000,604607000,609382000,628867734
2021-11-05,26.6700,26.6700,,,628867733.99243920,16771902465.578353464000,604607000,609382000,604607000,609382000,628867734,604607000,609382000,604607000,609382000,628867734
2021-11-08,26.5200,26.5200,,,628867734.01884730,16677572306.179830396000,604607000,609382000,604607000,609382000,628867734,604607000,609382000,604607000,609382000,628867734
2021-11-09,26.5200,26.5200,,,628867734.01884730,16677572306.179830396000,604607000,609382000,604607000,609382000,628867734,604607000,609382000,604607000,609382000,628867734
2021-11-10,26.5800,26.5800,,,628867733.99976240,16715304369.713684592000,604607000,609382000,604607000,609382000,628867734,604607000,609382000,604607000,609382000,628867734
2021-11-11,26.7700,26.7700,,,628867733.99222310,16834789238.971812387000,604607000,609382000,604607000,609382000,628867734,604607000,609382000,604607000,609382000,628867734
2021-11-12,26.6000,26.6000,,,628867734.00435010,16727881724.515712660000,604607000,609382000,604607000,609382000,628867734,604607000,609382000,604607000,609382000,628867734
2021-11-15,26.9500,26.9500,,,628867734.01962630,16947985431.828928785000,604607000,609382000,604607000,609382000,628867734,604607000,609382000,604607000,609382000,628867734
2021-11-16,26.7800,26.7800,,,628867733.99927570,16841077916.500603246000,604607000,609382000,604607000,609382000,628867734,604607000,609382000,604607000,609382000,628867734
2021-11-17,26.7000,26.7000,,,628867733.99759090,16790768497.735677030000,604607000,609382000,604607000,609382000,628867734,604607000,609382000,604607000,609382000,628867734
2021-11-18,26.4200,26.4200,,,628867733.98596900,16614685531.909300980000,604607000,609382000,604607000,609382000,628867734,604607000,609382000,604607000,609382000,628867734
2021-11-19,26.5500,26.5500,,,628867733.97995960,16696438337.167927380000,604607000,609382000,604607000,609382000,628867734,604607000,609382000,604607000,609382000,628867734
2021-11-22,26.6200,26.6200,,,628867734.00632300,16740459079.248318260000,604607000,609382000,604607000,609382000,628867734,604607000,609382000,604607000,609382000,628867734
2021-11-23,26.6100,26.6100,,,628867733.99927570,16734170401.720726377000,604607000,609382000,604607000,609382000,628867734,604607000,609382000,604607000,609382000,628867734
2021-11-24,26.7700,26.7700,,,628867734.01427460,16834789239.562131042000,604607000,609382000,604607000,609382000,628867734,604607000,609382000,604607000,609382000,628867734
2021-11-26,26.2300,26.2300,,,628867733.98215040,16495200662.351804992000,604607000,609382000,604607000,609382000,628867734,604607000,609382000,604607000,609382000,628867734
2021-11-29,26.5900,26.5900,,,628867734.01775970,16721593047.532230423000,604607000,609382000,604607000,609382000,628867734,604607000,609382000,604607000,609382000,628867734
2021-11-30,25.9100,25.9100,,,628867734.01784530,16293962988.402371723000,604607000,609382000,604607000,609382000,628867734,604607000,609382000,604607000,609382000,628867734
2021-12-01,25.7600,25.7600,,,628867733.99979110,16199632827.834618736000,604607000,609382000,604607000,609382000,628867734,604607000,609382000,604607000,609382000,628867734
2021-12-02,26.2200,26.2200,,,628867734.00804350,16488911985.690900570000,604607000,609382000,604607000,609382000,628867734,604607000,609382000,604607000,609382000,628867734
2021-12-03,26.9500,26.9500,,,628867734.02025850,16947985431.845966575000,604607000,609382000,604607000,609382000,628867734,604607000,609382000,604607000,609382000,628867734
2021-12-06,27.7200,27.7200,,,628867734.01842640,17432213586.990779808000,604607000,609382000,604607000,609382000,628867734,604607000,609382000,604607000,609382000,628867734
2021-12-07,27.8800,27.8800,,,628867734.00163190,17532832423.965497372000,604607000,609382000,604607000,609382000,628867734,604607000,609382000,604607000,609382000,628867734
2021-12-08,27.6300,27.6300,,,628867734.02011680,17375615490.975827184000,604607000,609382000,604607000,609382000,628867734,604607000,609382000,604607000,609382000,628867734
2021-12-09,27.5400,27.5400,,,628867733.98112760,17319017393.840254104000,604607000,609382000,604607000,609382000,628867734,604607000,609382000,604607000,609382000,628867734
2021-12-10,27.8700,27.8700,,,628867733.98579010,17526543746.183970087000,604607000,609382000,604607000,609382000,628867734,604607000,609382000,604607000,609382000,628867734
2021-12-13,28.0000,28.0000,,,628867733.98009290,17608296551.442601200000,604607000,609382000,604607000,609382000,628867734,604607000,609382000,604607000,609382000,628867734
2021-12-14,27.8200,27.8200,,,628867733.98320270,17495100359.412699114000,604607000,609382000,604607000,609382000,628867734,604607000,609382000,604607000,609382000,628867734
2021-12-15,28.0900,28.0900,,,628867733.98759290,17664894647.711484561000,604607000,609382000,604607000,609382000,628867734,604607000,609382000,604607000,609382000,628867734
2021-12-16,27.9800,27.9800,,,628867734.00672050,17595719197.508039590000,604607000,609382000,604607000,609382000,628867734,604607000,609382000,604607000,609382000,628867734
2021-12-17,26.9800,26.9800,,,628867733.99955980,16966851463.308123404000,604607000,609382000,604607000,609382000,628867734,604607000,609382000,604607000,609382000,628867734
2021-12-20,27.0000,27.0000,,,628867733.98135610,16979428817.496614700000,604607000,609382000,604607000,609382000,628867734,604607000,609382000,604607000,609382000,628867734
2021-12-21,27.3000,27.3000,,,628867734.00652670,17168089138.378178910000,604607000,609382000,604607000,609382000,628867734,604607000,609382000,604607000,609382000,628867734
2021-12-22,27.4800,27.4800,,,628867734.00320530,17281285330.408081644000,604607000,609382000,604607000,609382000,628867734,604607000,609382000,604607000,609382000,628867734
2021-12-23,27.5200,27.5200,,,628867733.99897380,17306440039.651758976000,604607000,609382000,604607000,609382000,628867734,604607000,609382000,604607000,609382000,628867734
2021-12-27,27.5800,27.5800,,,628867734.00836200,17344172103.950623960000,604607000,609382000,604607000,609382000,628867734,604607000,609382000,604607000,609382000,628867734
2021-12-28,27.8500,27.8500,,,628867734.01254620,17513966392.249411670000,604607000,609382000,604607000,609382000,628867734,604607000,609382000,604607000,609382000,628867734
2021-12-29,27.9500,27.9500,,,628867734.01760110,17576853165.791950745000,604607000,609382000,604607000,609382000,628867734,604607000,609382000,604607000,609382000,628867734
2021-12-30,27.8300,27.8300,,,628867733.98994950,17501389036.940294585000,604607000,609382000,604607000,609382000,628867734,604607000,609382000,604607000,609382000,628867734
2021-12-31,27.9100,27.9100,,,628867733.98164280,17551698455.427650548000,604607000,609382000,604607000,609382000,628867734,604607000,609382000,604607000,609382000,628867734
2022-01-03,27.6200,27.6200,,,628867734.00413850,17369326813.194305370000,604607000,609382000,604607000,609382000,628867734,604607000,609382000,604607000,609382000,628867734
2022-01-04,27.4500,27.4500,,,628867734.01428030,17262419298.691994235000,604607000,609382000,604607000,609382000,628867734,604607000,609382000,604607000,609382000,628867734
2022-01-05,27.3900,27.3900,,,628867734.00486050,17224687234.393129095000,604607000,609382000,604607000,609382000,628867734,604607000,609382000,604607000,609382000,628867734
2022-01-06,27.6500,27.6500,,,628867733.99314250,17388192844.910390125000,604607000,609382000,604607000,609382000,628867734,604607000,609382000,604607000,609382000,628867734
2022-01-07,27.6600,27.6600,,,628867733.99992700,17394481522.437980820000,604607000,609382000,604607000,609382000,628867734,604607000,609382000,604607000,609382000,628867734
2022-01-10,27.6900,27.6900,,,628867733.98895170,17413347554.154072573000,604607000,609382000,604607000,609382000,628867734,604607000,609382000,604607000,609382000,628867734
2022-01-11,27.4000,27.4000,,,628867734.01170520,17230975911.920722480000,604607000,609382000,604607000,609382000,628867734,604607000,609382000,604607000,609382000,628867734
2022-01-12,27.4200,27.4200,,,628867733.99377170,17243553266.109220014000,604607000,609382000,604607000,609382000,628867734,604607000,609382000,604607000,609382000,628867734
2022-01-13,27.5500,27.5500,,,628867733.98794380,17325306071.367851690000,604607000,609382000,604607000,609382000,628867734,604607000,609382000,604607000,609382000,628867734
2022-01-14,27.6100,27.6100,,,628867733.99734560,17363038135.666712016000,604607000,609382000,604607000,609382000,628867734,604607000,609382000,604607000,609382000,628867734
2022-01-18,27.3400,27.3400,,,628867734.00226250,17193243847.621856750000,604607000,609382000,604607000,609382000,628867734,604607000,609382000,604607000,609382000,628867734
2022-01-19,27.3500,27.3500,,,628867734.00912070,17199532525.149451145000,604607000,609382000,604607000,609382000,628867734,604607000,609382000,604607000,609382000,628867734
2022-01-20,27.2100,27.2100,,,628867734.00820390,17111491042.363228119000,604607000,609382000,604607000,609382000,628867734,604607000,609382000,604607000,609382000,628867734
2022-01-21,27.3400,27.3400,,,628867734.00226250,17193243847.621856750000,604607000,609382000,604607000,609382000,628867734,604607000,609382000,604607000,609382000,628867734
2022-01-24,27.1600,27.1600,,,628867734.00559480,17080047655.591954768000,604607000,609382000,604607000,609382000,628867734,604607000,609382000,604607000,609382000,628867734
2022-01-25,27.2800,27.2800,,,628867733.98347010,17155511783.069064328000,604607000,609382000,604607000,609382000,628867734,604607000,609382000,604607000,609382000,628867734
2022-01-26,27.3000,27.3000,,,628867734.00652670,17168089138.378178910000,604607000,609382000,604607000,609382000,628867734,604607000,609382000,604607000,609382000,628867734
2022-01-27,27.3700,27.3700,,,628867733.99115620,17212109879.337945194000,604607000,609382000,604607000,609382000,628867734,604607000,609382000,604607000,609382000,628867734
2022-01-28,27.8600,27.8600,,,628867734.01927510,17520255069.777004286000,604607000,609382000,604607000,609382000,628867734,604607000,609382000,604607000,609382000,628867734
2022-01-31,28.3600,28.3600,,,628867733.98294570,17834688935.756340052000,604607000,609382000,604607000,609382000,628867734,604607000,609382000,604607000,609382000,628867734
2022-02-01,28.0800,28.0800,,,628867734.01177290,17658605971.050583032000,604607000,609382000,604607000,609382000,628867734,604607000,609382000,604607000,609382000,628867734
2022-02-02,28.3200,28.3200,,,628867733.98702900,17809534226.512661280000,604607000,609382000,604607000,609382000,628867734,604607000,609382000,604607000,609382000,628867734
2022-02-03,28.1500,28.1500,,,628867733.99681520,17702626712.010347880000,604607000,609382000,604607000,609382000,628867734,604607000,609382000,604607000,609382000,628867734
2022-02-04,27.8900,27.8900,,,628867734.00835740,17539121101.493087886000,604607000,609382000,604607000,609382000,628867734,604607000,609382000,604607000,609382000,628867734
2022-02-07,28.0800,28.0800,,,628867734.01177290,17658605971.050583032000,604607000,609382000,604607000,609382000,628867734,604607000,609382000,604607000,609382000,628867734
2022-02-08,28.1900,28.1900,,,628867733.99269350,17727781421.254029765000,604607000,609382000,604607000,609382000,628867734,604607000,609382000,604607000,609382000,628867734
2022-02-09,28.2500,28.2500,,,628867734.00187230,17765513485.552892475000,604607000,609382000,604607000,609382000,628867734,604607000,609382000,604607000,609382000,628867734
2022-02-10,27.6200,27.6200,,,628867734.00413850,17369326813.194305370000,604607000,609382000,604607000,609382000,628867734,604607000,609382000,604607000,609382000,628867734
2022-02-11,27.4000,27.4000,,,628867734.01170520,17230975911.920722480000,604607000,609382000,604607000,609382000,628867734,604607000,609382000,604607000,609382000,628867734
2022-02-14,26.9100,26.9100,,,628867733.98296790,16922830721.481666189000,604607000,609382000,604607000,609382000,628867734,604607000,609382000,604607000,609382000,628867734
2022-02-15,26.8900,26.8900,,,628867734.00123360,16910253367.293171504000,604607000,609382000,604607000,609382000,628867734,604607000,609382000,604607000,609382000,628867734
2022-02-16,26.8800,26.8800,,,628867733.98565830,16903964689.534495104000,604607000,609382000,604607000,609382000,628867734,604607000,609382000,604607000,609382000,628867734
2022-02-17,26.8100,26.8100,,,628867734.00508380,16859943948.676296678000,604607000,609382000,604607000,609382000,628867734,604607000,609382000,604607000,609382000,628867734
2022-02-18,26.6100,26.6100,,,628867734.00622680,16734170401.905695148000,604607000,609382000,604607000,609382000,628867734,604607000,609382000,604607000,609382000,628867734
2022-02-22,27.2000,27.2000,,,628938066.99226670,17107115422.189654240000,592933000,609938000,592933000,609938000,628938067,592933000,609938000,592933000,609938000,628938067
2022-02-23,26.4900,26.4900,,,628938067.01388440,16660569395.197797756000,592933000,609938000,592933000,609938000,628938067,592933000,609938000,592933000,609938000,628938067
2022-02-24,26.5500,26.5500,,,628938067.01366020,16698305679.212678310000,592933000,609938000,592933000,609938000,628938067,592933000,609938000,592933000,609938000,628938067
2022-02-25,27.3800,27.3800,,,628938067.00747920,17220324274.664780496000,592933000,609938000,592933000,609938000,628938067,592933000,609938000,592933000,609938000,628938067
2022-02-28,27.3500,27.3500,,,628938067.00758100,17201456132.657340350000,592933000,609938000,592933000,609938000,628938067,592933000,609938000,592933000,609938000,628938067
2022-03-01,26.8800,26.8800,,,628938067.01105670,16905855241.257204096000,592933000,609938000,592933000,609938000,628938067,592933000,609938000,592933000,609938000,628938067
2022-03-02,27.7200,27.7200,,,628938066.98080240,17434163216.707842528000,592933000,609938000,592933000,609938000,628938067,592933000,609938000,592933000,609938000,628938067
2022-03-03,28.2400,28.2400,,,628938067.00156930,17761211012.124317032000,592933000,609938000,592933000,609938000,628938067,592933000,609938000,592933000,609938000,628938067
2022-03-04,28.9900,28.9900,,,628938067.00417150,18232914562.450931785000,592933000,609938000,592933000,609938000,628938067,592933000,609938000,592933000,609938000,628938067
2022-03-07,28.7300,28.7300,,,628938066.99043050,18069390664.635068265000,592933000,609938000,592933000,609938000,628938067,592933000,609938000,592933000,609938000,628938067
2022-03-08,28.5400,28.5400,,,628938066.99180650,17949892431.946157510000,592933000,609938000,592933000,609938000,628938067,592933000,609938000,592933000,609938000,628938067
2022-03-09,28.3800,28.3800,,,628938067.00828680,17849262341.695179384000,592933000,609938000,592933000,609938000,628938067,592933000,609938000,592933000,609938000,628938067
2022-03-10,28.7000,28.7000,,,628938066.98300980,18050522522.412381260000,592933000,609938000,592933000,609938000,628938067,592933000,609938000,592933000,609938000,628938067
2022-03-11,28.4500,28.4500,,,628938066.98448490,17893288005.708595405000,592933000,609938000,592933000,609938000,628938067,592933000,609938000,592933000,609938000,628938067
2022-03-14,28.4100,28.4100,,,628938067.00818790,17868130483.702618239000,592933000,609938000,592933000,609938000,628938067,592933000,609938000,592933000,609938000,628938067
2022-03-15,28.8800,28.8800,,,628938067.00494300,18163731375.102753840000,592933000,609938000,592933000,609938000,628938067,592933000,609938000,592933000,609938000,628938067
2022-03-16,28.8700,28.8700,,,628938066.98963210,18157441993.990678727000,592933000,609938000,592933000,609938000,628938067,592933000,609938000,592933000,609938000,628938067
2022-03-17,29.0800,29.0800,,,628938067.01129630,18289518988.688496404000,592933000,609938000,592933000,609938000,628938067,592933000,609938000,592933000,609938000,628938067
2022-03-18,29.0500,29.0500,,,628938067.00398650,18270650846.465807825000,592933000,609938000,592933000,609938000,628938067,592933000,609938000,592933000,609938000,628938067
2022-03-21,29.4700,29.4700,,,628938067.00875120,18534804834.747897864000,592933000,609938000,592933000,609938000,628938067,592933000,609938000,592933000,609938000,628938067
2022-03-22,29.4700,29.4700,,,628938067.00875120,18534804834.747897864000,592933000,609938000,592933000,609938000,628938067,592933000,609938000,592933000,609938000,628938067
2022-03-23,29.6200,29.6200,,,628938066.98521420,18629145544.102044604000,592933000,609938000,592933000,609938000,628938067,592933000,609938000,592933000,609938000,628938067
2022-03-24,29.7800,29.7800,,,628938067.01416410,18729775635.681806898000,592933000,609938000,592933000,609938000,628938067,592933000,609938000,592933000,609938000,628938067
2022-03-25,30.4100,30.4100,,,628938067.00257050,19126006617.548168905000,592933000,609938000,592933000,609938000,628938067,592933000,609938000,592933000,609938000,628938067
2022-03-28,30.3800,30.3800,,,628938066.99557220,19107138475.325483436000,592933000,609938000,592933000,609938000,628938067,592933000,609938000,592933000,609938000,628938067
2022-03-29,30.8000,30.8000,,,628938067.00024580,19371292463.607570640000,592933000,609938000,592933000,609938000,628938067,592933000,609938000,592933000,609938000,628938067
2022-03-30,30.7800,30.7800,,,628938067.01469160,19358713702.712207448000,592933000,609938000,592933000,609938000,628938067,592933000,609938000,592933000,609938000,628938067
2022-03-31,30.6400,30.6400,,,628938067.00852970,19270662373.141350008000,592933000,609938000,592933000,609938000,628938067,592933000,609938000,592933000,609938000,628938067
2022-04-01,31.1500,31.1500,,,628938066.98386700,19591420786.547457050000,592933000,609938000,592933000,609938000,628938067,592933000,609938000,592933000,609938000,628938067
2022-04-04,30.9300,30.9300,,,628938066.99212290,19453054412.066361297000,592933000,609938000,592933000,609938000,628938067,592933000,609938000,592933000,609938000,628938067
2022-04-05,31.0300,31.0300,,,628938067.01308390,19515948219.415993417000,592933000,609938000,592933000,609938000,628938067,592933000,609938000,592933000,609938000,628938067
2022-04-06,31.7700,31.7700,,,628938066.99450060,19981362388.415284062000,592933000,609938000,592933000,609938000,628938067,592933000,609938000,592933000,609938000,628938067
2022-04-07,32.0100,32.0100,,,628938067.01407490,20132307525.120537549000,592933000,609938000,592933000,609938000,628938067,592933000,609938000,592933000,609938000,628938067
2022-04-08,32.4900,32.4900,,,628938066.99043440,20434197796.519213656000,592933000,609938000,592933000,609938000,628938067,592933000,609938000,592933000,609938000,628938067
2022-04-11,32.2300,32.2300,,,628938067.01262450,20270673899.816887635000,592933000,609938000,592933000,609938000,628938067,592933000,609938000,592933000,609938000,628938067
2022-04-12,32.2500,32.2500,,,628938067.00550380,20283252660.927497550000,592933000,609938000,592933000,609938000,628938067,592933000,609938000,592933000,609938000,628938067
2022-04-13,32.3200,32.3200,,,628938066.98455800,20327278324.940914560000,592933000,609938000,592933000,609938000,628938067,592933000,609938000,592933000,609938000,628938067
2022-04-14,32.4000,32.4000,,,628938066.98400150,20377593370.281648600000,592933000,609938000,592933000,609938000,628938067,592933000,609938000,592933000,609938000,628938067
2022-04-18,32.2800,32.2800,,,628938067.00541940,20302120802.934938232000,592933000,609938000,592933000,609938000,628938067,592933000,609938000,592933000,609938000,628938067
2022-04-19,32.1700,32.1700,,,628938067.00611630,20232937615.586761371000,592933000,609938000,592933000,609938000,628938067,592933000,609938000,592933000,609938000,628938067
2022-04-20,32.7500,32.7500,,,628938067.00259770,20597721694.335074675000,592933000,609938000,592933000,609938000,628938067,592933000,609938000,592933000,609938000,628938067
2022-04-21,32.2600,32.2600,,,628938066.98468800,20289542040.926034880000,592933000,609938000,592933000,609938000,628938067,592933000,609938000,592933000,609938000,628938067
2022-04-22,31.8300,31.8300,,,628938067.00111260,20019098672.645414058000,592933000,609938000,592933000,609938000,628938067,592933000,609938000,592933000,609938000,628938067
2022-04-25,31.7500,31.7500,,,628938067.00850150,19968783627.519922625000,592933000,609938000,592933000,609938000,628938067,592933000,609938000,592933000,609938000,628938067
2022-04-26,31.2900,31.2900,,,628938066.99003910,19679472116.118323439000,592933000,609938000,592933000,609938000,628938067,592933000,609938000,592933000,609938000,628938067
2022-04-27,31.3300,31.3300,,,628938067.00408030,19704629639.237835799000,592933000,609938000,592933000,609938000,628938067,592933000,609938000,592933000,609938000,628938067
2022-04-28,31.4400,31.4400,,,628938067.00337170,19773812826.586006248000,592933000,609938000,592933000,609938000,628938067,592933000,609938000,592933000,609938000,628938067
2022-04-29,30.6100,30.6100,,,628938067.00862160,19251794231.133907176000,592933000,609938000,592933000,609938000,628938067,592933000,609938000,592933000,609938000,628938067
2022-05-02,30.2200,30.2200,,,628938067.01106900,19006508385.074505180000,592933000,609938000,592933000,609938000,628938067,592933000,609938000,592933000,609938000,628938067
2022-05-03,30.5400,30.5400,,,629450786.98757740,19223427034.600613796000,629134000,631304000,629134000,631304000,629450787,629134000,631304000,629134000,631304000,629450787
2022-05-04,31.3400,31.3400,,,629450787.00709900,19726987664.802482660000,629134000,631304000,629134000,631304000,629450787,629134000,631304000,629134000,631304000,629450787
2022-05-05,30.9400,30.9400,,,629450786.99888070,19475207349.745368858000,629134000,631304000,629134000,631304000,629450787,629134000,631304000,629134000,631304000,629450787
2022-05-06,30.7300,30.7300,,,629450787.01153760,19343022684.864550448000,629134000,631304000,629134000,631304000,629450787,629134000,631304000,629134000,631304000,629450787
2022-05-09,30.3800,30.3800,,,629450786.99088060,19122714908.782952628000,629134000,631304000,629134000,631304000,629450787,629134000,631304000,629134000,631304000,629450787
2022-05-10,30.4800,30.4800,,,629450787.00287150,19185659987.847523320000,629134000,631304000,629134000,631304000,629450787,629134000,631304000,629134000,631304000,629450787
2022-05-11,30.4000,30.4000,,,629450786.98480610,19135303924.338105440000,629134000,631304000,629134000,631304000,629450787,629134000,631304000,629134000,631304000,629450787
2022-05-12,30.3900,30.3900,,,629450786.98784230,19129009416.560527497000,629134000,631304000,629134000,631304000,629450787,629134000,631304000,629134000,631304000,629450787
2022-05-13,31.0300,31.0300,,,629450787.01078720,19531857920.944726816000,629134000,631304000,629134000,631304000,629450787,629134000,631304000,629134000,631304000,629450787
2022-05-16,30.9700,30.9700,,,629450786.98992900,19494090873.078101130000,629134000,631304000,629134000,631304000,629450787,629134000,631304000,629134000,631304000,629450787
2022-05-17,31.3700,31.3700,,,629450787.00104710,19745871188.222847527000,629134000,631304000,629134000,631304000,629450787,629134000,631304000,629134000,631304000,629450787
2022-05-18,30.6700,30.6700,,,629450786.98872270,19305255636.944125209000,629134000,631304000,629134000,631304000,629450787,629134000,631304000,629134000,631304000,629450787
2022-05-19,30.6600,30.6600,,,629450786.99171720,19298961129.166049352000,629134000,631304000,629134000,631304000,629450787,629134000,631304000,629134000,631304000,629450787
2022-05-20,30.5800,30.5800,,,629450786.98522730,19248605066.008250834000,629134000,631304000,629134000,631304000,629450787,629134000,631304000,629134000,631304000,629450787
2022-05-23,30.8400,30.8400,,,629450786.99580560,19412262270.950644704000,629134000,631304000,629134000,631304000,629450787,629134000,631304000,629134000,631304000,629450787
2022-05-24,31.3100,31.3100,,,629450786.99576950,19708104140.837543045000,629134000,631304000,629134000,631304000,629450787,629134000,631304000,629134000,631304000,629450787
2022-05-25,31.8400,31.8400,,,629450787.00772880,20041713058.326084992000,629134000,631304000,629134000,631304000,629450787,629134000,631304000,629134000,631304000,629450787
2022-05-26,31.9800,31.9800,,,629450786.99118290,20129836167.978029142000,629134000,631304000,629134000,631304000,629450787,629134000,631304000,629134000,631304000,629450787
2022-05-27,32.4200,32.4200,,,629450787.00240160,20406794514.617859872000,629134000,631304000,629134000,631304000,629450787,629134000,631304000,629134000,631304000,629450787
2022-05-31,32.0500,32.0500,,,629450787.00024190,20173897723.357752895000,629134000,631304000,629134000,631304000,629450787,629134000,631304000,629134000,631304000,629450787
2022-06-01,32.0600,32.0600,,,629450786.99737450,20180192231.135826470000,629134000,631304000,629134000,631304000,629450787,629134000,631304000,629134000,631304000,629450787
2022-06-02,32.1000,32.1000,,,629450786.98320810,20205370262.160980010000,629134000,631304000,629134000,631304000,629450787,629134000,631304000,629134000,631304000,629450787
2022-06-03,31.6700,31.6700,,,629450787.00093360,19934706424.319567112000,629134000,631304000,629134000,631304000,629450787,629134000,631304000,629134000,631304000,629450787
2022-06-06,31.5400,31.5400,,,629450787.01476550,19852877822.445703870000,629134000,631304000,629134000,631304000,629450787,629134000,631304000,629134000,631304000,629450787
2022-06-07,32.0700,32.0700,,,629450786.99179120,20186486738.826743784000,629134000,631304000,629134000,631304000,629450787,629134000,631304000,629134000,631304000,629450787
2022-06-08,31.3100,31.3100,,,629450786.99576950,19708104140.837543045000,629134000,631304000,629134000,631304000,629450787,629134000,631304000,629134000,631304000,629450787
2022-06-09,30.6100,30.6100,,,629450787.00956630,19267488590.362824443000,629134000,631304000,629134000,631304000,629450787,629134000,631304000,629134000,631304000,629450787
2022-06-10,30.1200,30.1200,,,629450786.98205270,18959057703.899427324000,629134000,631304000,629134000,631304000,629450787,629134000,631304000,629134000,631304000,629450787
2022-06-13,28.6400,28.6400,,,629450787.00696050,18027470539.879348720000,629134000,631304000,629134000,631304000,629450787,629134000,631304000,629134000,631304000,629450787
2022-06-14,27.6000,27.6000,,,629450787.01010000,17372841721.478760000000,629134000,631304000,629134000,631304000,629450787,629134000,631304000,629134000,631304000,629450787
2022-06-15,28.1200,28.1200,,,629450786.98725900,17700156130.081723080000,629134000,631304000,629134000,631304000,629450787,629134000,631304000,629134000,631304000,629450787
2022-06-16,27.4400,27.4400,,,629450786.99574200,17272129595.163160480000,629134000,631304000,629134000,631304000,629450787,629134000,631304000,629134000,631304000,629450787
2022-06-17,27.4000,27.4000,,,629450787.01233600,17246951564.138006400000,629134000,631304000,629134000,631304000,629450787,629134000,631304000,629134000,631304000,629450787
2022-06-21,27.7500,27.7500,,,629450786.98456290,17467259338.821620475000,629134000,631304000,629134000,631304000,629450787,629134000,631304000,629134000,631304000,629450787
2022-06-22,27.8000,27.8000,,,629450787.00476060,17498731878.732344680000,629134000,631304000,629134000,631304000,629450787,629134000,631304000,629134000,631304000,629450787
2022-06-23,28.2500,28.2500,,,629450787.01416830,17781984733.150254475000,629134000,631304000,629134000,631304000,629450787,629134000,631304000,629134000,631304000,629450787
2022-06-24,28.8500,28.8500,,,629450786.99864860,18159655204.911012110000,629134000,631304000,629134000,631304000,629450787,629134000,631304000,629134000,631304000,629450787
2022-06-27,28.9900,28.9900,,,629450787.01864300,18247778315.670460570000,629134000,631304000,629134000,631304000,629450787,629134000,631304000,629134000,631304000,629450787
2022-06-28,29.0900,29.0900,,,629450787.01606240,18310723394.297255216000,629134000,631304000,629134000,631304000,629450787,629134000,631304000,629134000,631304000,629450787
2022-06-29,29.1200,29.1200,,,629450787.00358270,18329606917.544328224000,629134000,631304000,629134000,631304000,629450787,629134000,631304000,629134000,631304000,629450787
2022-06-30,29.5800,29.5800,,,629450787.00947630,18619154279.740308954000,629134000,631304000,629134000,631304000,629450787,629134000,631304000,629134000,631304000,629450787
2022-07-01,30.5000,30.5000,,,629450787.01787260,19198249004.045114300000,629134000,631304000,629134000,631304000,629450787,629134000,631304000,629134000,631304000,629450787
2022-07-05,29.0900,29.0900,,,629450787.01606240,18310723394.297255216000,629134000,631304000,629134000,631304000,629450787,629134000,631304000,629134000,631304000,629450787
2022-07-06,29.3400,29.3400,,,629450786.99229960,18468086090.354070264000,629134000,631304000,629134000,631304000,629450787,629134000,631304000,629134000,631304000,629450787
2022-07-07,29.3100,29.3100,,,629450787.00170040,18449202567.019838724000,629134000,631304000,629134000,631304000,629450787,629134000,631304000,629134000,631304000,629450787
2022-07-08,29.3700,29.3700,,,629450787.01765900,18486969614.708644830000,629134000,631304000,629134000,631304000,629450787,629134000,631304000,629134000,631304000,629450787
2022-07-11,29.5300,29.5300,,,629450786.99050390,18587681739.829580167000,629134000,631304000,629134000,631304000,629450787,629134000,631304000,629134000,631304000,629450787
2022-07-12,29.4400,29.4400,,,629450786.98983910,18531031168.980863104000,629134000,631304000,629134000,631304000,629450787,629134000,631304000,629134000,631304000,629450787
2022-07-13,29.0800,29.0800,,,629450786.98114430,18304428885.411676244000,629134000,631304000,629134000,631304000,629450787,629134000,631304000,629134000,631304000,629450787
2022-07-14,29.1200,29.1200,,,629450787.00358270,18329606917.544328224000,629134000,631304000,629134000,631304000,629450787,629134000,631304000,629134000,631304000,629450787
2022-07-15,29.6100,29.6100,,,629450786.99720970,18638037802.987379217000,629134000,631304000,629134000,631304000,629450787,629134000,631304000,629134000,631304000,629450787
2022-07-18,29.5600,29.5600,,,629450787.01570210,18606565264.184154076000,629134000,631304000,629134000,631304000,629450787,629134000,631304000,629134000,631304000,629450787
2022-07-19,29.7500,29.7500,,,629450787.01670000,18726160913.746825000000,629134000,631304000,629134000,631304000,629450787,629134000,631304000,629134000,631304000,629450787
2022-07-20,29.3800,29.3800,,,629450787.01155760,18493264122.399562288000,629134000,631304000,629134000,631304000,629450787,629134000,631304000,629134000,631304000,629450787
2022-07-21,29.3200,29.3200,,,629450786.99856460,18455497074.797914072000,629134000,631304000,629134000,631304000,629450787,629134000,631304000,629134000,631304000,629450787
2022-07-22,29.7000,29.7000,,,629450786.99784840,18694688373.836097480000,629134000,631304000,629134000,631304000,629450787,629134000,631304000,629134000,631304000,629450787
2022-07-25,30.1000,30.1000,,,629450786.98814870,18946468688.343275870000,629134000,631304000,629134000,631304000,629450787,629134000,631304000,629134000,631304000,629450787
2022-07-26,30.5000,30.5000,,,629450787.01787260,19198249004.045114300000,629134000,631304000,629134000,631304000,629450787,629134000,631304000,629134000,631304000,629450787
2022-07-27,30.5500,30.5500,,,629450786.99709260,19229721542.761178930000,629134000,631304000,629134000,631304000,629450787,629134000,631304000,629134000,631304000,629450787
2022-07-28,31.5000,31.5000,,,629450786.99406520,19827699790.313053800000,629134000,631304000,629134000,631304000,629450787,629134000,631304000,629134000,631304000,629450787
2022-07-29,31.6900,31.6900,,,629450786.99513170,19947295439.875723573000,629134000,631304000,629134000,631304000,629450787,629134000,631304000,629134000,631304000,629450787
2022-08-01,31.6300,31.6300,,,629450787.01531530,19909528393.294422939000,629134000,631304000,629134000,631304000,629450787,629134000,631304000,629134000,631304000,629450787
2022-08-02,31.7000,31.7000,,,629504911.01561680,19955305679.195052560000,629475000,631663000,629475000,631663000,629504911,629475000,631663000,629475000,631663000,629504911
2022-08-03,31.6900,31.6900,,,629504911.00479140,19949010629.741839466000,629475000,631663000,629475000,631663000,629504911,629475000,631663000,629475000,631663000,629504911
2022-08-04,31.3900,31.3900,,,629504911.00126660,19760159156.329758574000,629475000,631663000,629475000,631663000,629504911,629475000,631663000,629475000,631663000,629504911
2022-08-05,31.4700,31.4700,,,629504911.01624830,19810519549.681334001000,629475000,631663000,629475000,631663000,629504911,629475000,631663000,629475000,631663000,629504911
2022-08-08,31.5800,31.5800,,,629504910.99296500,19879765089.157834700000,629475000,631663000,629475000,631663000,629504911,629475000,631663000,629475000,631663000,629504911
2022-08-09,32.0800,32.0800,,,629504911.01667120,20194517545.414812096000,629475000,631663000,629475000,631663000,629504911,629475000,631663000,629475000,631663000,629504911
2022-08-10,32.0700,32.0700,,,629504910.98901470,20188222495.417701429000,629475000,631663000,629475000,631663000,629504911,629475000,631663000,629475000,631663000,629504911
2022-08-11,31.9100,31.9100,,,629504911.01115490,20087501710.365952859000,629475000,631663000,629475000,631663000,629504911,629475000,631663000,629475000,631663000,629504911
2022-08-12,32.5000,32.5000,,,629504911.00789560,20458909607.756607000000,629475000,631663000,629475000,631663000,629504911,629475000,631663000,629475000,631663000,629504911
2022-08-15,32.6900,32.6900,,,629504910.98319950,20578515540.040791655000,629475000,631663000,629475000,631663000,629504911,629475000,631663000,629475000,631663000,629504911
2022-08-16,32.8300,32.8300,,,629504910.99169120,20666646227.857222096000,629475000,631663000,629475000,631663000,629504911,629475000,631663000,629475000,631663000,629504911
2022-08-17,32.5100,32.5100,,,629504910.99802820,20465204656.545896782000,629475000,631663000,629475000,631663000,629504911,629475000,631663000,629475000,631663000,629504911
2022-08-18,32.5900,32.5900,,,629504911.01362680,20515565049.934097412000,629475000,631663000,629475000,631663000,629504911,629475000,631663000,629475000,631663000,629504911
2022-08-19,32.6500,32.6500,,,629504910.99169120,20553335343.878717680000,629475000,631663000,629475000,631663000,629504911,629475000,631663000,629475000,631663000,629504911
2022-08-22,32.0300,32.0300,,,629504911.00535070,20163042299.501382921000,629475000,631663000,629475000,631663000,629504911,629475000,631663000,629475000,631663000,629504911
2022-08-23,31.9100,31.9100,,,629504911.01569140,20087501710.510712574000,629475000,631663000,629475000,631663000,629504911,629475000,631663000,629475000,631663000,629504911
2022-08-24,32.2700,32.2700,,,629504911.00166210,20314123478.023635967000,629475000,631663000,629475000,631663000,629504911,629475000,631663000,629475000,631663000,629504911
2022-08-25,32.3700,32.3700,,,629504911.00442000,20377073969.213075400000,629475000,631663000,629475000,631663000,629504911,629475000,631663000,629475000,631663000,629504911
2022-08-26,31.7500,31.7500,,,629504910.98375790,19986780923.734313325000,629475000,631663000,629475000,631663000,629504911,629475000,631663000,629475000,631663000,629504911
2022-08-29,32.0900,32.0900,,,629504910.98304780,20200812593.446003902000,629475000,631663000,629475000,631663000,629504911,629475000,631663000,629475000,631663000,629504911
2022-08-30,31.6500,31.6500,,,629504911.01568100,19923830433.646303650000,629475000,631663000,629475000,631663000,629504911,629475000,631663000,629475000,631663000,629504911
2022-08-31,31.5300,31.5300,,,629504910.99125280,19848289843.554200784000,629475000,631663000,629475000,631663000,629504911,629475000,631663000,629475000,631663000,629504911
2022-09-01,31.9500,31.9500,,,629504911.00638800,20112681906.654096600000,629475000,631663000,629475000,631663000,629504911,629475000,631663000,629475000,631663000,629504911
2022-09-02,31.7800,31.7800,,,629504910.99835720,20005666071.527791816000,629475000,631663000,629475000,631663000,629504911,629475000,631663000,629475000,631663000,629504911
2022-09-06,31.7000,31.7000,,,629504911.01706700,19955305679.241023900000,629475000,631663000,629475000,631663000,629504911,629475000,631663000,629475000,631663000,629504911
2022-09-07,32.6700,32.6700,,,629504910.99543510,20565925442.220864717000,629475000,631663000,629475000,631663000,629504911,629475000,631663000,629475000,631663000,629504911
2022-09-08,32.7000,32.7000,,,629504910.99307140,20584810589.473434780000,629475000,631663000,629475000,631663000,629504911,629475000,631663000,629475000,631663000,629504911
2022-09-09,32.8500,32.8500,,,629504910.99718690,20679236326.257589665000,629475000,631663000,629475000,631663000,629504911,629475000,631663000,629475000,631663000,629504911
2022-09-12,33.1000,33.1000,,,629504910.98702910,20836612553.670663210000,629475000,631663000,629475000,631663000,629504911,629475000,631663000,629475000,631663000,629504911
2022-09-13,32.3500,32.3500,,,629504910.98332020,20364483870.310408470000,629475000,631663000,629475000,631663000,629504911,629475000,631663000,629475000,631663000,629504911
2022-09-14,32.7500,32.7500,,,629504910.99444750,20616285835.068155625000,629475000,631663000,629475000,631663000,629504911,629475000,631663000,629475000,631663000,629504911
2022-09-15,32.1800,32.1800,,,629504911.00949470,20257468036.285539446000,629475000,631663000,629475000,631663000,629504911,629475000,631663000,629475000,631663000,629504911
2022-09-16,32.0400,32.0400,,,629504911.01600230,20169337348.952713692000,629475000,631663000,629475000,631663000,629504911,629475000,631663000,629475000,631663000,629504911
2022-09-19,32.4600,32.4600,,,629504910.99664750,20433729410.951177850000,629475000,631663000,629475000,631663000,629504911,629475000,631663000,629475000,631663000,629504911
2022-09-20,31.9900,31.9900,,,629504911.01462950,20137862103.357997705000,629475000,631663000,629475000,631663000,629504911,629475000,631663000,629475000,631663000,629504911
2022-09-21,31.9500,31.9500,,,629504911.00638800,20112681906.654096600000,629475000,631663000,629475000,631663000,629504911,629475000,631663000,629475000,631663000,629504911
2022-09-22,31.6600,31.6600,,,629504911.00875310,19930125482.537123146000,629475000,631663000,629475000,631663000,629504911,629475000,631663000,629475000,631663000,629504911
2022-09-23,31.5600,31.5600,,,629504910.98880770,19867174990.806771012000,629475000,631663000,629475000,631663000,629504911,629475000,631663000,629475000,631663000,629504911
2022-09-26,30.5100,30.5100,,,629504911.01211540,19206194834.979640854000,629475000,631663000,629475000,631663000,629504911,629475000,631663000,629475000,631663000,629504911
2022-09-27,29.8900,29.8900,,,629504911.00842380,18815901790.041787382000,629475000,631663000,629475000,631663000,629504911,629475000,631663000,629475000,631663000,629504911
2022-09-28,30.1500,30.1500,,,629504910.99055660,18979573066.365281490000,629475000,631663000,629475000,631663000,629504911,629475000,631663000,629475000,631663000,629504911
2022-09-29,28.8400,28.8400,,,629504910.99560420,18154921633.113225128000,629475000,631663000,629475000,631663000,629504911,629475000,631663000,629475000,631663000,629504911
2022-09-30,28.1800,28.1800,,,629504910.98264990,17739448391.491074182000,629475000,631663000,629475000,631663000,629504911,629475000,631663000,629475000,631663000,629504911
2022-10-03,28.8400,28.8400,,,629504910.99560420,18154921633.113225128000,629475000,631663000,629475000,631663000,629504911,629475000,631663000,629475000,631663000,629504911
2022-10-04,29.4300,29.4300,,,629504911.00232790,18526329530.798510097000,629475000,631663000,629475000,631663000,629504911,629475000,631663000,629475000,631663000,629504911
2022-10-05,28.8100,28.8100,,,629504911.01774290,18136036486.421172949000,629475000,631663000,629475000,631663000,629504911,629475000,631663000,629475000,631663000,629504911
2022-10-06,27.3400,27.3400,,,629504910.98729780,17210664266.392721852000,629475000,631663000,629475000,631663000,629504911,629475000,631663000,629475000,631663000,629504911
2022-10-07,26.8100,26.8100,,,629504910.99416210,16877026663.753485901000,629475000,631663000,629475000,631663000,629504911,629475000,631663000,629475000,631663000,629504911
2022-10-10,26.7000,26.7000,,,629504911.01925650,16807781124.214148550000,629475000,631663000,629475000,631663000,629504911,629475000,631663000,629475000,631663000,629504911
2022-10-11,26.6000,26.6000,,,629504911.01596650,16744830633.024708900000,629475000,631663000,629475000,631663000,629504911,629475000,631663000,629475000,631663000,629504911
2022-10-12,25.5500,25.5500,,,629504911.00180630,16083850476.096150965000,629475000,631663000,629475000,631663000,629504911,629475000,631663000,629475000,631663000,629504911
2022-10-13,26.0500,26.0500,,,629504911.01893780,16398602932.043329690000,629475000,631663000,629475000,631663000,629504911,629475000,631663000,629475000,631663000,629504911
2022-10-14,25.8800,25.8800,,,629504910.98750030,16291587096.356507764000,629475000,631663000,629475000,631663000,629504911,629475000,631663000,629475000,631663000,629504911
2022-10-17,26.2500,26.2500,,,629504910.98364850,16524503913.320773125000,629475000,631663000,629475000,631663000,629504911,629475000,631663000,629475000,631663000,629504911
2022-10-18,26.9600,26.9600,,,629504910.99917070,16971452400.537642072000,629475000,631663000,629475000,631663000,629504911,629475000,631663000,629475000,631663000,629504911
2022-10-19,27.0000,27.0000,,,629504910.98818610,16996632596.681024700000,629475000,631663000,629475000,631663000,629504911,629475000,631663000,629475000,631663000,629504911
2022-10-20,26.6000,26.6000,,,629504911.01596650,16744830633.024708900000,629475000,631663000,629475000,631663000,629504911,629475000,631663000,629475000,631663000,629504911
2022-10-21,27.0100,27.0100,,,629504911.00082780,17002927646.132358878000,629475000,631663000,629475000,631663000,629504911,629475000,631663000,629475000,631663000,629504911
2022-10-24,27.2100,27.2100,,,629504910.98679580,17128828627.950713718000,629475000,631663000,629475000,631663000,629504911,629475000,631663000,629475000,631663000,629504911
2022-10-25,27.6500,27.6500,,,629504910.98921670,17405810788.851841755000,629475000,631663000,629475000,631663000,629504911,629475000,631663000,629475000,631663000,629504911
2022-10-26,27.6000,27.6000,,,629504910.98757700,17374335543.257125200000,629475000,631663000,629475000,631663000,629504911,629475000,631663000,629475000,631663000,629504911
2022-10-27,27.9900,27.9900,,,629504910.98833630,17619842458.563533037000,629475000,631663000,629475000,631663000,629504911,629475000,631663000,629475000,631663000,629504911
2022-10-28,28.8100,28.8100,,,629504911.01774290,18136036486.421172949000,629475000,631663000,629475000,631663000,629504911,629475000,631663000,629475000,631663000,629504911
2022-10-31,28.6100,28.6100,,,629504911.01161490,18010135504.042302289000,629475000,631663000,629475000,631663000,629504911,629475000,631663000,629475000,631663000,629504911
2022-11-01,28.3500,28.3500,,,629537631.01560650,17847391839.292444275000,629509000,633068000,629509000,633068000,629537631,629509000,633068000,629509000,633068000,629537631
2022-11-02,28.1100,28.1100,,,629537631.00770330,17696302807.626539763000,629509000,633068000,629509000,633068000,629537631,629509000,633068000,629509000,633068000,629537631
2022-11-03,28.0100,28.0100,,,629537631.00359420,17633349044.410673542000,629509000,633068000,629509000,633068000,629537631,629509000,633068000,629509000,633068000,629537631
2022-11-04,28.4800,28.4800,,,629537630.99782260,17929231730.817987648000,629509000,633068000,629509000,633068000,629537631,629509000,633068000,629509000,633068000,629537631
2022-11-07,27.9100,27.9100,,,629537630.99945550,17570395281.194803005000,629509000,633068000,629509000,633068000,629537631,629509000,633068000,629509000,633068000,629537631
2022-11-08,28.1500,28.1500,,,629537631.00748500,17721484312.860702750000,629509000,633068000,629509000,633068000,629537631,629509000,633068000,629509000,633068000,629537631
2022-11-09,28.1900,28.1900,,,629537631.00726740,17746665818.094868006000,629509000,633068000,629509000,633068000,629537631,629509000,633068000,629509000,633068000,629537631
2022-11-10,29.4000,29.4000,,,629537630.99136090,18508406351.146010460000,629509000,633068000,629509000,633068000,629537631,629509000,633068000,629509000,633068000,629537631
2022-11-11,29.1300,29.1300,,,629537630.99586360,18338431190.909506668000,629509000,633068000,629509000,633068000,629537631,629509000,633068000,629509000,633068000,629537631
2022-11-14,29.1300,29.1300,,,629537630.99586360,18338431190.909506668000,629509000,633068000,629509000,633068000,629537631,629509000,633068000,629509000,633068000,629537631
2022-11-15,29.1300,29.1300,,,629537630.99586360,18338431190.909506668000,629509000,633068000,629509000,633068000,629537631,629509000,633068000,629509000,633068000,629537631
2022-11-16,29.4400,29.4400,,,629537631.01828960,18533587857.178445824000,629509000,633068000,629509000,633068000,629537631,629509000,633068000,629509000,633068000,629537631
2022-11-17,29.1900,29.1900,,,629537631.01546120,18376203449.341312428000,629509000,633068000,629509000,633068000,629537631,629509000,633068000,629509000,633068000,629537631
2022-11-18,29.6700,29.6700,,,629537631.00807230,18678381512.009505141000,629509000,633068000,629509000,633068000,629537631,629509000,633068000,629509000,633068000,629537631
2022-11-21,29.9000,29.9000,,,629537630.99801210,18823175166.840561790000,629509000,633068000,629509000,633068000,629537631,629509000,633068000,629509000,633068000,629537631
2022-11-22,30.4500,30.4500,,,629537631.01323620,19169420864.353042290000,629509000,633068000,629509000,633068000,629537631,629509000,633068000,629509000,633068000,629537631
2022-11-23,30.8100,30.8100,,,629537631.01049510,19396054411.433354031000,629509000,633068000,629509000,633068000,629537631,629509000,633068000,629509000,633068000,629537631
2022-11-25,31.0400,31.0400,,,629537631.00914060,19540848066.523724224000,629509000,633068000,629509000,633068000,629537631,629509000,633068000,629509000,633068000,629537631
2022-11-28,30.8600,30.8600,,,629537630.98434670,19427531292.176939162000,629509000,633068000,629509000,633068000,629537631,629509000,633068000,629509000,633068000,629537631
2022-11-29,30.5800,30.5800,,,629537630.98455430,19251260755.507670494000,629509000,633068000,629509000,633068000,629537631,629509000,633068000,629509000,633068000,629537631
2022-11-30,31.1100,31.1100,,,629537630.98727330,19584915700.014072363000,629509000,633068000,629509000,633068000,629537631,629509000,633068000,629509000,633068000,629537631
2022-12-01,31.0300,31.0300,,,629537631.01638230,19534552690.438342769000,629509000,633068000,629509000,633068000,629537631,629509000,633068000,629509000,633068000,629537631
2022-12-02,30.6700,30.6700,,,629537630.98348260,19307919142.263411342000,629509000,633068000,629509000,633068000,629537631,629509000,633068000,629509000,633068000,629537631
2022-12-05,30.4500,30.4500,,,629537631.01323620,19169420864.353042290000,629509000,633068000,629509000,633068000,629537631,629509000,633068000,629509000,633068000,629537631
2022-12-06,30.8200,30.8200,,,629537631.00320360,19402349787.518734952000,629509000,633068000,629509000,633068000,629537631,629509000,633068000,629509000,633068000,629537631
2022-12-07,30.3900,30.3900,,,629537630.98368320,19131648605.594132448000,629509000,633068000,629509000,633068000,629537631,629509000,633068000,629509000,633068000,629537631
2022-12-08,30.3500,30.3500,,,629537630.99428700,19106467100.676610450000,629509000,633068000,629509000,633068000,629537631,629509000,633068000,629509000,633068000,629537631
2022-12-09,30.4500,30.4500,,,629537631.01323620,19169420864.353042290000,629509000,633068000,629509000,633068000,629537631,629509000,633068000,629509000,633068000,629537631
2022-12-12,31.0100,31.0100,,,629537631.01230530,19521961937.691587353000,629509000,633068000,629509000,633068000,629537631,629509000,633068000,629509000,633068000,629537631
2022-12-13,30.9100,30.9100,,,629537630.99369650,19459008174.015158815000,629509000,633068000,629509000,633068000,629537631,629509000,633068000,629509000,633068000,629537631
2022-12-14,30.9500,30.9500,,,629537631.01027430,19484189679.767989585000,629509000,633068000,629509000,633068000,629537631,629509000,633068000,629509000,633068000,629537631
2022-12-15,30.6300,30.6300,,,629537630.99398910,19282737637.345886133000,629509000,633068000,629509000,633068000,629537631,629509000,633068000,629509000,633068000,629537631
2022-12-16,30.0100,30.0100,,,629537631.00110150,18892424306.343056015000,629509000,633068000,629509000,633068000,629537631,629509000,633068000,629509000,633068000,629537631
2022-12-19,29.9800,29.9800,,,629537631.00436680,18873538177.510916664000,629509000,633068000,629509000,633068000,629537631,629509000,633068000,629509000,633068000,629537631
2022-12-20,29.9700,29.9700,,,629537630.98399150,18867242800.590225255000,629509000,633068000,629509000,633068000,629537631,629509000,633068000,629509000,633068000,629537631
2022-12-21,30.5300,30.5300,,,629537630.98358250,19219783873.928773725000,629509000,633068000,629509000,633068000,629537631,629509000,633068000,629509000,633068000,629537631
2022-12-22,30.3100,30.3100,,,629537631.01347420,19081285596.018403002000,629509000,633068000,629509000,633068000,629537631,629509000,633068000,629509000,633068000,629537631
2022-12-23,30.6900,30.6900,,,629537630.98762360,19320509895.010168284000,629509000,633068000,629509000,633068000,629537631,629509000,633068000,629509000,633068000,629537631
2022-12-27,30.9200,30.9200,,,629537631.01344920,19465303550.935849264000,629509000,633068000,629509000,633068000,629537631,629509000,633068000,629509000,633068000,629537631
2022-12-28,30.5200,30.5200,,,629537630.99093680,19213488497.843391136000,629509000,633068000,629509000,633068000,629537631,629509000,633068000,629509000,633068000,629537631
2022-12-29,30.4800,30.4800,,,629537631.01001250,19188306993.185181000000,629509000,633068000,629509000,633068000,629537631,629509000,633068000,629509000,633068000,629537631
2022-12-30,29.9900,29.9900,,,629537630.98822880,18879833553.336981712000,629509000,633068000,629509000,633068000,629537631,629509000,633068000,629509000,633068000,629537631
2023-01-03,29.5600,29.5600,,,629537631.00497320,18609132372.507007792000,629509000,633068000,629509000,633068000,629537631,629509000,633068000,629509000,633068000,629537631
2023-01-04,29.6500,29.6500,,,629537630.99505660,18665790759.003428190000,629509000,633068000,629509000,633068000,629537631,629509000,633068000,629509000,633068000,629537631
2023-01-05,28.9800,28.9800,,,629537630.99249100,18244000546.162389180000,629509000,633068000,629509000,633068000,629537631,629509000,633068000,629509000,633068000,629537631
2023-01-06,29.9900,29.9900,,,629537630.98822880,18879833553.336981712000,629509000,633068000,629509000,633068000,629537631,629509000,633068000,629509000,633068000,629537631
2023-01-09,30.4700,30.4700,,,629537631.01738760,19182011617.099800172000,629509000,633068000,629509000,633068000,629537631,629509000,633068000,629509000,633068000,629537631
2023-01-10,30.5600,30.5600,,,629537631.01621520,19238670003.855536512000,629509000,633068000,629509000,633068000,629537631,629509000,633068000,629509000,633068000,629537631
2023-01-11,31.1500,31.1500,,,629537631.01207770,19610097206.026220355000,629509000,633068000,629509000,633068000,629537631,629509000,633068000,629509000,633068000,629537631
2023-01-12,31.0700,31.0700,,,629537631.00598220,19559734195.355866954000,629509000,633068000,629509000,633068000,629537631,629509000,633068000,629509000,633068000,629537631
2023-01-13,31.3100,31.3100,,,629537631.01589320,19710823227.107616092000,629509000,633068000,629509000,633068000,629537631,629509000,633068000,629509000,633068000,629537631
2023-01-17,31.0800,31.0800,,,629537630.99040970,19566029571.181933476000,629509000,633068000,629509000,633068000,629537631,629509000,633068000,629509000,633068000,629537631
2023-01-18,30.3900,30.3900,,,629537630.98368320,19131648605.594132448000,629509000,633068000,629509000,633068000,629537631,629509000,633068000,629509000,633068000,629537631
2023-01-19,30.2800,30.2800,,,629537631.01671930,19062399467.186260404000,629509000,633068000,629509000,633068000,629537631,629509000,633068000,629509000,633068000,629537631
2023-01-20,30.1100,30.1100,,,629537630.98388780,18955378068.924861658000,629509000,633068000,629509000,633068000,629537631,629509000,633068000,629509000,633068000,629537631
2023-01-23,30.0000,30.0000,,,629537631.01723300,18886128930.516990000000,629509000,633068000,629509000,633068000,629537631,629509000,633068000,629509000,633068000,629537631
2023-01-24,30.1900,30.1900,,,629537631.01790420,19005741080.430527798000,629509000,633068000,629509000,633068000,629537631,629509000,633068000,629509000,633068000,629537631
2023-01-25,30.0400,30.0400,,,629537630.99784280,18911310435.175197712000,629509000,633068000,629509000,633068000,629537631,629509000,633068000,629509000,633068000,629537631
2023-01-26,30.0000,30.0000,,,629537631.01723300,18886128930.516990000000,629509000,633068000,629509000,633068000,629537631,629509000,633068000,629509000,633068000,629537631
2023-01-27,29.7400,29.7400,,,629537630.98520000,18722449145.499848000000,629509000,633068000,629509000,633068000,629537631,629509000,633068000,629509000,633068000,629537631
2023-01-30,29.8400,29.8400,,,629537631.00456700,18785402909.176279280000,629509000,633068000,629509000,633068000,629537631,629509000,633068000,629509000,633068000,629537631
2023-01-31,30.1200,30.1200,,,629537631.00416840,18961673445.845552208000,629509000,633068000,629509000,633068000,629537631,629509000,633068000,629509000,633068000,629537631
2023-02-01,30.1000,30.1000,,,629537630.99134480,18949082692.839478480000,629509000,633068000,629509000,633068000,629537631,629509000,633068000,629509000,633068000,629537631
2023-02-02,29.7800,29.7800,,,629537631.01114850,18747630651.512002330000,629509000,633068000,629509000,633068000,629537631,629509000,633068000,629509000,633068000,629537631
2023-02-03,29.2000,29.2000,,,629537630.99888290,18382498825.167380680000,629509000,633068000,629509000,633068000,629537631,629509000,633068000,629509000,633068000,629537631
2023-02-06,29.3300,29.3300,,,629537631.01520450,18464338717.675947985000,629509000,633068000,629509000,633068000,629537631,629509000,633068000,629509000,633068000,629537631
2023-02-07,29.6100,29.6100,,,629537631.01469850,18640609254.345222585000,629509000,633068000,629509000,633068000,629537631,629509000,633068000,629509000,633068000,629537631
2023-02-08,29.0400,29.0400,,,629537630.99469650,18281772804.085986360000,629509000,633068000,629509000,633068000,629537631,629509000,633068000,629509000,633068000,629537631
2023-02-09,28.6500,28.6500,,,629537630.99177030,18036253127.914219095000,629509000,633068000,629509000,633068000,629537631,629509000,633068000,629509000,633068000,629537631
2023-02-10,29.3100,29.3100,,,629537631.00204290,18451747964.669877399000,629509000,633068000,629509000,633068000,629537631,629509000,633068000,629509000,633068000,629537631
2023-02-13,29.4700,29.4700,,,629537631.01495030,18552473986.010585341000,629509000,633068000,629509000,633068000,629537631,629509000,633068000,629509000,633068000,629537631
2023-02-14,29.2800,29.2800,,,629537631.00538720,18432861835.837737216000,629509000,633068000,629509000,633068000,629537631,629509000,633068000,629509000,633068000,629537631
2023-02-15,29.1300,29.1300,,,629537631.01207000,18338431191.381599100000,629509000,633068000,629509000,633068000,629537631,629509000,633068000,629509000,633068000,629537631
2023-02-16,29.0500,29.0500,,,629537630.99868600,18288068180.511828300000,629509000,633068000,629509000,633068000,629537631,629509000,633068000,629509000,633068000,629537631
2023-02-17,29.2100,29.2100,,,629790723.99504080,18396187047.895141768000,629415000,632346000,629415000,632346000,629790724,629415000,632346000,629415000,632346000,629790724
2023-02-21,28.9100,28.9100,,,629790723.98564520,18207249830.425002732000,629415000,632346000,629415000,632346000,629790724,629415000,632346000,629415000,632346000,629790724
2023-02-22,28.8500,28.8500,,,629790723.98428850,18169462386.946723225000,629415000,632346000,629415000,632346000,629790724,629415000,632346000,629415000,632346000,629790724
2023-02-23,28.7900,28.7900,,,629790724.01796540,18131674944.477223866000,629415000,632346000,629415000,632346000,629790724,629415000,632346000,629415000,632346000,629790724
2023-02-24,28.5700,28.5700,,,629790723.99774650,17993120984.615617505000,629415000,632346000,629415000,632346000,629790724,629415000,632346000,629415000,632346000,629790724
2023-02-27,28.4700,28.4700,,,629790723.98276470,17930141911.789311009000,629415000,632346000,629415000,632346000,629790724,629415000,632346000,629415000,632346000,629790724
2023-02-28,27.8200,27.8200,,,629790724.01108630,17520777941.988420866000,629415000,632346000,629415000,632346000,629790724,629415000,632346000,629415000,632346000,629790724
2023-03-01,27.3600,27.3600,,,629790723.98154070,17231074208.134953552000,629415000,632346000,629415000,632346000,629790724,629415000,632346000,629415000,632346000,629790724
2023-03-02,27.9900,27.9900,,,629790724.00475570,17627842364.893112043000,629415000,632346000,629415000,632346000,629790724,629415000,632346000,629415000,632346000,629790724
2023-03-03,28.4100,28.4100,,,629790723.98138080,17892354468.311028528000,629415000,632346000,629415000,632346000,629790724,629415000,632346000,629415000,632346000,629790724
2023-03-06,28.5200,28.5200,,,629790724.00933470,17961631448.746225644000,629415000,632346000,629415000,632346000,629790724,629415000,632346000,629415000,632346000,629790724
2023-03-07,27.8100,27.8100,,,629790723.99782570,17514480034.379532717000,629415000,632346000,629415000,632346000,629790724,629415000,632346000,629415000,632346000,629790724
2023-03-08,27.9800,27.9800,,,629790723.99157350,17621544457.284226530000,629415000,632346000,629415000,632346000,629790724,629415000,632346000,629415000,632346000,629790724
2023-03-09,27.8800,27.8800,,,629790724.01243560,17558565385.466704528000,629415000,632346000,629415000,632346000,629790724,629415000,632346000,629415000,632346000,629790724
2023-03-10,27.5600,27.5600,,,629790724.01546850,17357032353.866311860000,629415000,632346000,629415000,632346000,629790724,629415000,632346000,629415000,632346000,629790724
2023-03-13,28.2100,28.2100,,,629790723.98678480,17766396323.667199208000,629415000,632346000,629415000,632346000,629790724,629415000,632346000,629415000,632346000,629790724
2023-03-14,28.6900,28.6900,,,629790724.00316900,18068695871.650918610000,629415000,632346000,629415000,632346000,629790724,629415000,632346000,629415000,632346000,629790724
2023-03-15,29.0900,29.0900,,,629790723.99238850,18320612160.938581465000,629415000,632346000,629415000,632346000,629790724,629415000,632346000,629415000,632346000,629790724
2023-03-16,29.3300,29.3300,,,629790724.00035600,18471761934.930441480000,629415000,632346000,629415000,632346000,629790724,629415000,632346000,629415000,632346000,629790724
2023-03-17,29.0500,29.0500,,,629790724.01645700,18295420532.678075850000,629415000,632346000,629415000,632346000,629790724,629415000,632346000,629415000,632346000,629790724
2023-03-20,29.1500,29.1500,,,629790723.99371740,18358399604.416862210000,629415000,632346000,629415000,632346000,629790724,629415000,632346000,629415000,632346000,629790724
2023-03-21,28.2400,28.2400,,,629790723.98747650,17785290045.406336360000,629415000,632346000,629415000,632346000,629790724,629415000,632346000,629415000,632346000,629790724
2023-03-22,27.6500,27.6500,,,629790724.01749470,17413713519.083728455000,629415000,632346000,629415000,632346000,629790724,629415000,632346000,629415000,632346000,629790724
2023-03-23,27.3200,27.3200,,,629790724.00423540,17205882579.795711128000,629415000,632346000,629415000,632346000,629790724,629415000,632346000,629415000,632346000,629790724
2023-03-24,28.3400,28.3400,,,629790724.00256340,17848269118.232646756000,629415000,632346000,629415000,632346000,629790724,629415000,632346000,629415000,632346000,629790724
2023-03-27,28.5000,28.5000,,,629790723.98345450,17949035633.528453250000,629415000,632346000,629415000,632346000,629790724,629415000,632346000,629415000,632346000,629790724
2023-03-28,28.6700,28.6700,,,629790724.01537020,18056100057.520663634000,629415000,632346000,629415000,632346000,629790724,629415000,632346000,629415000,632346000,629790724
2023-03-29,29.3000,29.3000,,,629790723.99970300,18452868213.191297900000,629415000,632346000,629415000,632346000,629790724,629415000,632346000,629415000,632346000,629790724
2023-03-30,29.3400,29.3400,,,629790724.01292870,18478059842.539328058000,629415000,632346000,629415000,632346000,629790724,629415000,632346000,629415000,632346000,629790724
2023-03-31,29.4600,29.4600,,,629790724.01814760,18553634729.574628296000,629415000,632346000,629415000,632346000,629790724,629415000,632346000,629415000,632346000,629790724
2023-04-03,29.3500,29.3500,,,629790723.98843930,18484357749.060693455000,629415000,632346000,629415000,632346000,629790724,629415000,632346000,629415000,632346000,629790724
2023-04-04,29.4400,29.4400,,,629790723.99309960,18541038914.356852224000,629415000,632346000,629415000,632346000,629790724,629415000,632346000,629415000,632346000,629790724
2023-04-05,30.3900,30.3900,,,629790724.01169480,19139340102.715404972000,629415000,632346000,629415000,632346000,629790724,629415000,632346000,629415000,632346000,629790724
2023-04-06,30.7700,30.7700,,,629790724.01276610,19378660577.872812897000,629415000,632346000,629415000,632346000,629790724,629415000,632346000,629415000,632346000,629790724
2023-04-10,30.6800,30.6800,,,629790724.01093200,19321979412.655393760000,629415000,632346000,629415000,632346000,629790724,629415000,632346000,629415000,632346000,629790724
2023-04-11,30.6300,30.6300,,,629790723.98366770,19290489875.619741651000,629415000,632346000,629415000,632346000,629790724,629415000,632346000,629415000,632346000,629790724
2023-04-12,30.6700,30.6700,,,629790723.99634060,19315681504.967766202000,629415000,632346000,629415000,632346000,629790724,629415000,632346000,629415000,632346000,629790724
2023-04-13,30.7100,30.7100,,,629790724.01154460,19340873134.394534666000,629415000,632346000,629415000,632346000,629790724,629415000,632346000,629415000,632346000,629790724
2023-04-14,30.4000,30.4000,,,629790723.98805170,19145638009.236771680000,629415000,632346000,629415000,632346000,629790724,629415000,632346000,629415000,632346000,629790724
2023-04-17,30.6400,30.6400,,,629790723.99571240,19296787783.228627936000,629415000,632346000,629415000,632346000,629790724,629415000,632346000,629415000,632346000,629790724
2023-04-18,30.2300,30.2300,,,629790723.99378360,19038573586.332078228000,629415000,632346000,629415000,632346000,629790724,629415000,632346000,629415000,632346000,629790724
2023-04-19,30.5100,30.5100,,,629790724.01673880,19214914989.750700788000,629415000,632346000,629415000,632346000,629790724,629415000,632346000,629415000,632346000,629790724
2023-04-20,30.4900,30.4900,,,629790723.99255250,19202319174.532925725000,629415000,632346000,629415000,632346000,629790724,629415000,632346000,629415000,632346000,629790724
2023-04-21,30.5300,30.5300,,,629790724.00527190,19227510803.880951107000,629415000,632346000,629415000,632346000,629790724,629415000,632346000,629415000,632346000,629790724
2023-04-24,30.8100,30.8100,,,629790723.99004600,19403852206.133317260000,629415000,632346000,629415000,632346000,629790724,629415000,632346000,629415000,632346000,629790724
2023-04-25,30.8300,30.8300,,,629790724.01398290,19416448021.351092807000,629415000,632346000,629415000,632346000,629790724,629415000,632346000,629415000,632346000,629790724
2023-04-26,30.3500,30.3500,,,629790723.99892510,19114148473.367376785000,629415000,632346000,629415000,632346000,629790724,629415000,632346000,629415000,632346000,629790724
2023-04-27,30.8200,30.8200,,,631031242.99128080,19448382908.991274256000,630309000,633051000,630309000,633051000,631031243,630309000,633051000,630309000,633051000,631031243
2023-04-28,30.4700,30.4700,,,631031242.99552430,19227521974.073625421000,630309000,633051000,630309000,633051000,631031243,630309000,633051000,630309000,633051000,631031243
2023-05-01,30.6800,30.6800,,,631031242.99472900,19360038535.078285720000,630309000,633051000,630309000,633051000,631031243,630309000,633051000,630309000,633051000,631031243
2023-05-02,30.0500,30.0500,,,631031242.99264980,18962488851.929126490000,630309000,633051000,630309000,633051000,631031243,630309000,633051000,630309000,633051000,631031243
2023-05-03,29.9500,29.9500,,,631031243.00555190,18899385728.016279405000,630309000,633051000,630309000,633051000,631031243,630309000,633051000,630309000,633051000,631031243
2023-05-04,30.2000,30.2000,,,631031243.01394330,19057143539.021087660000,630309000,633051000,630309000,633051000,631031243,630309000,633051000,630309000,633051000,631031243
2023-05-05,30.5200,30.5200,,,631031242.98918890,19259073536.030045228000,630309000,633051000,630309000,633051000,631031243,630309000,633051000,630309000,633051000,631031243
2023-05-08,30.2500,30.2500,,,631031243.00752090,19088695100.977507225000,630309000,633051000,630309000,633051000,631031243,630309000,633051000,630309000,633051000,631031243
2023-05-09,30.2100,30.2100,,,631031242.99825760,19063453850.977362096000,630309000,633051000,630309000,633051000,631031243,630309000,633051000,630309000,633051000,631031243
2023-05-10,30.2800,30.2800,,,631031243.00095890,19107626038.069035492000,630309000,633051000,630309000,633051000,631031243,630309000,633051000,630309000,633051000,631031243
2023-05-11,29.9100,29.9100,,,631031242.99619320,18874144478.016138612000,630309000,633051000,630309000,633051000,631031243,630309000,633051000,630309000,633051000,631031243
2023-05-12,30.0500,30.0500,,,631031242.99264980,18962488851.929126490000,630309000,633051000,630309000,633051000,631031243,630309000,633051000,630309000,633051000,631031243
2023-05-15,29.5100,29.5100,,,631031243.00260540,18621731981.006885354000,630309000,633051000,630309000,633051000,631031243,630309000,633051000,630309000,633051000,631031243
2023-05-16,28.9400,28.9400,,,631031242.98222540,18262044171.905603076000,630309000,633051000,630309000,633051000,631031243,630309000,633051000,630309000,633051000,631031243
2023-05-17,28.7200,28.7200,,,631031243.00309970,18123217299.049023384000,630309000,633051000,630309000,633051000,631031243,630309000,633051000,630309000,633051000,631031243
2023-05-18,28.4400,28.4400,,,631031243.01018080,17946528551.209541952000,630309000,633051000,630309000,633051000,631031243,630309000,633051000,630309000,633051000,631031243
2023-05-19,28.5900,28.5900,,,631031242.98546270,18041183236.954378593000,630309000,633051000,630309000,633051000,631031243,630309000,633051000,630309000,633051000,631031243
2023-05-22,28.5500,28.5500,,,631031242.98510180,18015941987.224656390000,630309000,633051000,630309000,633051000,631031243,630309000,633051000,630309000,633051000,631031243
2023-05-23,28.8600,28.8600,,,631031242.99961070,18211561672.968764802000,630309000,633051000,630309000,633051000,631031243,630309000,633051000,630309000,633051000,631031243
2023-05-24,28.6200,28.6200,,,631031243.00226120,18060114174.724715544000,630309000,633051000,630309000,633051000,631031243,630309000,633051000,630309000,633051000,631031243
2023-05-25,28.2600,28.2600,,,631031243.01344930,17832942927.560077218000,630309000,633051000,630309000,633051000,631031243,630309000,633051000,630309000,633051000,631031243
2023-05-26,28.3400,28.3400,,,631031243.00935900,17883425426.885234060000,630309000,633051000,630309000,633051000,631031243,630309000,633051000,630309000,633051000,631031243
2023-05-30,28.1800,28.1800,,,631031243.01279740,17782460428.100630732000,630309000,633051000,630309000,633051000,631031243,630309000,633051000,630309000,633051000,631031243
2023-05-31,28.2100,28.2100,,,631031242.99151330,17801391364.790590193000,630309000,633051000,630309000,633051000,631031243,630309000,633051000,630309000,633051000,631031243
2023-06-01,28.3800,28.3800,,,631031243.00968840,17908666676.614956792000,630309000,633051000,630309000,633051000,631031243,630309000,633051000,630309000,633051000,631031243
2023-06-02,28.6000,28.6000,,,631031243.00678830,18047493549.994145380000,630309000,633051000,630309000,633051000,631031243,630309000,633051000,630309000,633051000,631031243
2023-06-05,28.7500,28.7500,,,631031242.98222540,18142148235.738980250000,630309000,633051000,630309000,633051000,631031243,630309000,633051000,630309000,633051000,631031243
2023-06-06,28.5600,28.5600,,,631031243.00645730,18022252300.264420488000,630309000,633051000,630309000,633051000,631031243,630309000,633051000,630309000,633051000,631031243
2023-06-07,28.9700,28.9700,,,631031243.01686400,18280975110.198550080000,630309000,633051000,630309000,633051000,631031243,630309000,633051000,630309000,633051000,631031243
2023-06-08,29.1400,29.1400,,,631031242.99273310,18388250420.808242534000,630309000,633051000,630309000,633051000,631031243,630309000,633051000,630309000,633051000,631031243
2023-06-09,28.9500,28.9500,,,631031243.01670770,18268354485.333687915000,630309000,633051000,630309000,633051000,631031243,630309000,633051000,630309000,633051000,631031243
2023-06-12,29.1200,29.1200,,,631031242.99256130,18375629795.943385056000,630309000,633051000,630309000,633051000,631031243,630309000,633051000,630309000,633051000,631031243
2023-06-13,29.1900,29.1900,,,631031243.01396830,18419801983.577734677000,630309000,633051000,630309000,633051000,631031243,630309000,633051000,630309000,633051000,631031243
2023-06-14,29.0300,29.0300,,,631031243.01733150,18318836984.793133445000,630309000,633051000,630309000,633051000,631031243,630309000,633051000,630309000,633051000,631031243
2023-06-15,29.2700,29.2700,,,631031243.01000650,18470284482.902890255000,630309000,633051000,630309000,633051000,631031243,630309000,633051000,630309000,633051000,631031243
2023-06-16,29.1800,29.1800,,,631031242.99307630,18413491670.537966434000,630309000,633051000,630309000,633051000,631031243,630309000,633051000,630309000,633051000,631031243
2023-06-20,29.0800,29.0800,,,631031242.99683460,18350388546.347950168000,630309000,633051000,630309000,633051000,631031243,630309000,633051000,630309000,633051000,631031243
2023-06-21,29.4300,29.4300,,,631031243.00671060,18571249481.687492958000,630309000,633051000,630309000,633051000,631031243,630309000,633051000,630309000,633051000,631031243
2023-06-22,29.1100,29.1100,,,631031243.01333870,18369319484.118289557000,630309000,633051000,630309000,633051000,631031243,630309000,633051000,630309000,633051000,631031243
2023-06-23,28.4700,28.4700,,,631031242.98909370,17965459487.899497639000,630309000,633051000,630309000,633051000,631031243,630309000,633051000,630309000,633051000,631031243
2023-06-26,28.9200,28.9200,,,631031243.00011580,18249423547.563348936000,630309000,633051000,630309000,633051000,631031243,630309000,633051000,630309000,633051000,631031243
2023-06-27,29.2100,29.2100,,,631031243.00952780,18432422608.308307038000,630309000,633051000,630309000,633051000,631031243,630309000,633051000,630309000,633051000,631031243
2023-06-28,28.7300,28.7300,,,631031242.98204370,18129527610.874115501000,630309000,633051000,630309000,633051000,631031243,630309000,633051000,630309000,633051000,631031243
2023-06-29,28.7200,28.7200,,,631031243.00309970,18123217299.049023384000,630309000,633051000,630309000,633051000,631031243,630309000,633051000,630309000,633051000,631031243
2023-06-30,29.1500,29.1500,,,631031243.01365390,18394560733.848011185000,630309000,633051000,630309000,633051000,631031243,630309000,633051000,630309000,633051000,631031243
2023-07-03,29.4500,29.4500,,,631031243.00687110,18583870106.552353895000,630309000,633051000,630309000,633051000,631031243,630309000,633051000,630309000,633051000,631031243
2023-07-05,29.6300,29.6300,,,631031243.00377390,18697455730.201820657000,630309000,633051000,630309000,633051000,631031243,630309000,633051000,630309000,633051000,631031243
2023-07-06,29.4600,29.4600,,,631031242.98633580,18590180418.377452668000,630309000,633051000,630309000,633051000,631031243,630309000,633051000,630309000,633051000,631031243
2023-07-07,29.4800,29.4800,,,631031242.98650990,18602801043.242311852000,630309000,633051000,630309000,633051000,631031243,630309000,633051000,630309000,633051000,631031243
2023-07-10,29.4600,29.4600,,,631031242.98633580,18590180418.377452668000,630309000,633051000,630309000,633051000,631031243,630309000,633051000,630309000,633051000,631031243
2023-07-11,29.8800,29.8800,,,631031243.01711320,18855213541.351342416000,630309000,633051000,630309000,633051000,631031243,630309000,633051000,630309000,633051000,631031243
2023-07-12,30.3600,30.3600,,,631031243.00741610,19158108537.705152796000,630309000,633051000,630309000,633051000,631031243,630309000,633051000,630309000,633051000,631031243
2023-07-13,30.4300,30.4300,,,631031242.98799970,19202280724.124830871000,630309000,633051000,630309000,633051000,631031243,630309000,633051000,630309000,633051000,631031243
2023-07-14,30.1200,30.1200,,,631031243.00999670,19006661039.461100604000,630309000,633051000,630309000,633051000,631031243,630309000,633051000,630309000,633051000,631031243
2023-07-17,29.6800,29.6800,,,631031242.98371420,18729007291.756637456000,630309000,633051000,630309000,633051000,631031243,630309000,633051000,630309000,633051000,631031243
2023-07-18,29.4400,29.4400,,,631031242.99072280,18577559793.646879232000,630309000,633051000,630309000,633051000,631031243,630309000,633051000,630309000,633051000,631031243
2023-07-19,29.8200,29.8200,,,631031243.01665850,18817351666.756756470000,630309000,633051000,630309000,633051000,631031243,630309000,633051000,630309000,633051000,631031243
2023-07-20,30.3700,30.3700,,,631031242.98749580,19164418849.530247446000,630309000,633051000,630309000,633051000,631031243,630309000,633051000,630309000,633051000,631031243
2023-07-21,30.9100,30.9100,,,631031243.01387970,19505175721.559021527000,630309000,633051000,630309000,633051000,631031243,630309000,633051000,630309000,633051000,631031243
2023-07-24,30.8700,30.8700,,,631031243.01358260,19479934471.829294862000,630309000,633051000,630309000,633051000,631031243,630309000,633051000,630309000,633051000,631031243
2023-07-25,31.1000,31.1000,,,631031242.99575140,19625071657.167868540000,630309000,633051000,630309000,633051000,631031243,630309000,633051000,630309000,633051000,631031243
2023-07-26,31.2000,31.2000,,,631031242.99224000,19688174781.357888000000,630309000,633051000,630309000,633051000,631031243,630309000,633051000,630309000,633051000,631031243
2023-07-27,30.3600,30.3600,,,631186088.99264100,19162809661.816580760000,631057000,633005000,631057000,633005000,631186089,631057000,633005000,631057000,633005000,631186089
2023-07-28,30.1000,30.1000,,,631186089.01491370,18998701279.348902370000,631057000,633005000,631057000,633005000,631186089,631057000,633005000,631057000,633005000,631186089
2023-07-31,30.0900,30.0900,,,631186089.01559350,18992389418.479208415000,631057000,633005000,631057000,633005000,631186089,631057000,633005000,631057000,633005000,631186089
2023-08-01,29.4900,29.4900,,,631186089.00970470,18613677764.896191603000,631057000,633005000,631057000,633005000,631186089,631057000,633005000,631057000,633005000,631186089
2023-08-02,29.7400,29.7400,,,631186089.00981940,18771474287.152028956000,631057000,633005000,631057000,633005000,631186089,631057000,633005000,631057000,633005000,631186089
2023-08-03,29.3500,29.3500,,,631186089.01469840,18525311712.581398040000,631057000,633005000,631057000,633005000,631186089,631057000,633005000,631057000,633005000,631186089
2023-08-04,29.0300,29.0300,,,631186088.99855230,18323332163.627973269000,631057000,633005000,631057000,633005000,631186089,631057000,633005000,631057000,633005000,631186089
2023-08-07,29.0000,29.0000,,,631186088.98608170,18304396580.596369300000,631057000,633005000,631057000,633005000,631186089,631057000,633005000,631057000,633005000,631186089
2023-08-08,28.9200,28.9200,,,631186088.99332420,18253901693.686935864000,631057000,633005000,631057000,633005000,631186089,631057000,633005000,631057000,633005000,631186089
2023-08-09,28.9900,28.9900,,,631186089.00946960,18298084720.384523704000,631057000,633005000,631057000,633005000,631186089,631057000,633005000,631057000,633005000,631186089
2023-08-10,28.7500,28.7500,,,631186088.98575770,18146600058.340533875000,631057000,633005000,631057000,633005000,631186089,631057000,633005000,631057000,633005000,631186089
2023-08-11,28.9500,28.9500,,,631186088.98309830,18272837276.060695785000,631057000,633005000,631057000,633005000,631186089,631057000,633005000,631057000,633005000,631186089
2023-08-14,28.7700,28.7700,,,631186088.99904240,18159223780.502449848000,631057000,633005000,631057000,633005000,631186089,631057000,633005000,631057000,633005000,631186089
2023-08-15,28.2500,28.2500,,,631186088.98509260,17831007013.828865950000,631057000,633005000,631057000,633005000,631186089,631057000,633005000,631057000,633005000,631186089
2023-08-16,28.1100,28.1100,,,631186088.99476230,17742640961.642768253000,631057000,633005000,631057000,633005000,631186089,631057000,633005000,631057000,633005000,631186089
2023-08-17,28.0000,28.0000,,,631186088.99943660,17673210491.984224800000,631057000,633005000,631057000,633005000,631186089,631057000,633005000,631057000,633005000,631186089
2023-08-18,28.1900,28.1900,,,631186089.00884300,17793135849.159284170000,631057000,633005000,631057000,633005000,631186089,631057000,633005000,631057000,633005000,631186089
2023-08-21,28.2800,28.2800,,,631186089.01385780,17849942597.311898584000,631057000,633005000,631057000,633005000,631186089,631057000,633005000,631057000,633005000,631186089
2023-08-22,28.2600,28.2600,,,631186088.98559320,17837318874.732863832000,631057000,633005000,631057000,633005000,631186089,631057000,633005000,631057000,633005000,631186089
2023-08-23,28.1600,28.1600,,,631186089.00439760,17774200266.363836416000,631057000,633005000,631057000,633005000,631186089,631057000,633005000,631057000,633005000,631186089
2023-08-24,27.8500,27.8500,,,631186089.00876600,17578532578.894133100000,631057000,633005000,631057000,633005000,631186089,631057000,633005000,631057000,633005000,631186089
2023-08-25,28.2200,28.2200,,,631186088.99012450,17812071431.301313390000,631057000,633005000,631057000,633005000,631186089,631057000,633005000,631057000,633005000,631186089
2023-08-28,28.2200,28.2200,,,631186088.99012450,17812071431.301313390000,631057000,633005000,631057000,633005000,631186089,631057000,633005000,631057000,633005000,631186089
2023-08-29,28.1300,28.1300,,,631186088.98502290,17755264683.148694177000,631057000,633005000,631057000,633005000,631186089,631057000,633005000,631057000,633005000,631186089
2023-08-30,27.9200,27.9200,,,631186089.00863640,17622715605.121128288000,631057000,633005000,631057000,633005000,631186089,631057000,633005000,631057000,633005000,631186089
2023-08-31,27.8900,27.8900,,,631186089.00414780,17603780022.325682142000,631057000,633005000,631057000,633005000,631186089,631057000,633005000,631057000,633005000,631186089
2023-09-01,27.6500,27.6500,,,631186089.00842570,17452295361.082970605000,631057000,633005000,631057000,633005000,631186089,631057000,633005000,631057000,633005000,631186089
2023-09-05,27.3300,27.3300,,,631186088.99830770,17250315812.323749441000,631057000,633005000,631057000,633005000,631186089,631057000,633005000,631057000,633005000,631186089
2023-09-06,27.3600,27.3600,,,631186089.01823440,17269251395.538893184000,631057000,633005000,631057000,633005000,631186089,631057000,633005000,631057000,633005000,631186089
2023-09-07,27.9500,27.9500,,,631186088.98973730,17641651187.263157535000,631057000,633005000,631057000,633005000,631186089,631057000,633005000,631057000,633005000,631186089
2023-09-08,28.2900,28.2900,,,631186088.99004270,17856254457.528307983000,631057000,633005000,631057000,633005000,631186089,631057000,633005000,631057000,633005000,631186089
2023-09-11,28.3100,28.3100,,,631186089.01827440,17868878180.107348264000,631057000,633005000,631057000,633005000,631186089,631057000,633005000,631057000,633005000,631186089
2023-09-12,28.3000,28.3000,,,631186089.00416350,17862566318.817827050000,631057000,633005000,631057000,633005000,631186089,631057000,633005000,631057000,633005000,631186089
2023-09-13,28.6400,28.6400,,,631186088.98147900,18077169588.429558560000,631057000,633005000,631057000,633005000,631186089,631057000,633005000,631057000,633005000,631186089
2023-09-14,28.9800,28.9800,,,631186088.98187400,18291772858.694708520000,631057000,633005000,631057000,633005000,631186089,631057000,633005000,631057000,633005000,631186089
2023-09-15,29.0800,29.0800,,,631186089.00057940,18354891468.136848952000,631057000,633005000,631057000,633005000,631186089,631057000,633005000,631057000,633005000,631186089
2023-09-18,29.1500,29.1500,,,631186089.00047480,18399074494.363840420000,631057000,633005000,631057000,633005000,631186089,631057000,633005000,631057000,633005000,631186089
2023-09-19,28.9800,28.9800,,,631186088.98187400,18291772858.694708520000,631057000,633005000,631057000,633005000,631186089,631057000,633005000,631057000,633005000,631186089
2023-09-20,28.8200,28.8200,,,631186089.01416420,18190783085.388212244000,631057000,633005000,631057000,633005000,631186089,631057000,633005000,631057000,633005000,631186089
2023-09-21,28.3900,28.3900,,,631186089.00917390,17919373066.970447021000,631057000,633005000,631057000,633005000,631186089,631057000,633005000,631057000,633005000,631186089
2023-09-22,28.3000,28.3000,,,631186089.00416350,17862566318.817827050000,631057000,633005000,631057000,633005000,631186089,631057000,633005000,631057000,633005000,631186089
2023-09-25,28.2900,28.2900,,,631186088.99004270,17856254457.528307983000,631057000,633005000,631057000,633005000,631186089,631057000,633005000,631057000,633005000,631186089
2023-09-26,27.2900,27.2900,,,631186089.00301220,17225068368.892202938000,631057000,633005000,631057000,633005000,631186089,631057000,633005000,631057000,633005000,631186089
2023-09-27,27.1500,27.1500,,,631186089.00324890,17136702316.438207635000,631057000,633005000,631057000,633005000,631186089,631057000,633005000,631057000,633005000,631186089
2023-09-28,26.7000,26.7000,,,631186088.99231530,16852668576.094818510000,631057000,633005000,631057000,633005000,631186089,631057000,633005000,631057000,633005000,631186089
2023-09-29,26.8500,26.8500,,,631186088.98267820,16947346489.184909670000,631057000,633005000,631057000,633005000,631186089,631057000,633005000,631057000,633005000,631186089
2023-10-02,25.7500,25.7500,,,631186088.99131510,16253041791.526363825000,631057000,633005000,631057000,633005000,631186089,631057000,633005000,631057000,633005000,631186089
2023-10-03,26.3500,26.3500,,,631186089.01758110,16631753445.613261985000,631057000,633005000,631057000,633005000,631186089,631057000,633005000,631057000,633005000,631186089
2023-10-04,26.5400,26.5400,,,631186088.98700860,16751678801.715208244000,631057000,633005000,631057000,633005000,631186089,631057000,633005000,631057000,633005000,631186089
2023-10-05,26.6200,26.6200,,,631186089.01770930,16802173689.651421566000,631057000,633005000,631057000,633005000,631186089,631057000,633005000,631057000,633005000,631186089
2023-10-06,26.8700,26.8700,,,631186088.98811070,16959970211.110534509000,631057000,633005000,631057000,633005000,631186089,631057000,633005000,631057000,633005000,631186089
2023-10-09,27.2900,27.2900,,,631186089.00301220,17225068368.892202938000,631057000,633005000,631057000,633005000,631186089,631057000,633005000,631057000,633005000,631186089
2023-10-10,27.4700,27.4700,,,631186089.01337580,17338681865.197433226000,631057000,633005000,631057000,633005000,631186089,631057000,633005000,631057000,633005000,631186089
2023-10-11,27.7500,27.7500,,,631186088.98926120,17515413969.451998300000,631057000,633005000,631057000,633005000,631186089,631057000,633005000,631057000,633005000,631186089
2023-10-12,27.5300,27.5300,,,631186088.99872540,17376553030.134910262000,631057000,633005000,631057000,633005000,631186089,631057000,633005000,631057000,633005000,631186089
2023-10-13,27.5700,27.5700,,,631186088.99406800,17401800473.566454760000,631057000,633005000,631057000,633005000,631186089,631057000,633005000,631057000,633005000,631186089
2023-10-16,27.7800,27.7800,,,631186089.00889620,17534349552.667136436000,631057000,633005000,631057000,633005000,631186089,631057000,633005000,631057000,633005000,631186089
2023-10-17,27.9400,27.9400,,,631186089.01384210,17635339327.046748274000,631057000,633005000,631057000,633005000,631186089,631057000,633005000,631057000,633005000,631186089
2023-10-18,27.6800,27.6800,,,631186088.98934260,17471230943.225003168000,631057000,633005000,631057000,633005000,631186089,631057000,633005000,631057000,633005000,631186089
2023-10-19,27.4700,27.4700,,,631186089.01337580,17338681865.197433226000,631057000,633005000,631057000,633005000,631186089,631057000,633005000,631057000,633005000,631186089
2023-10-20,27.1400,27.1400,,,631186088.98852940,17130390455.148687916000,631057000,633005000,631057000,633005000,631186089,631057000,633005000,631057000,633005000,631186089
2023-10-23,26.8000,26.8000,,,631186089.01257310,16915787185.536959080000,631057000,633005000,631057000,633005000,631186089,631057000,633005000,631057000,633005000,631186089
2023-10-24,27.3200,27.3200,,,631186088.98368330,17244003951.034227756000,631057000,633005000,631057000,633005000,631186089,631057000,633005000,631057000,633005000,631186089
2023-10-25,27.4600,27.4600,,,631186088.99883160,17332370003.907915736000,631057000,633005000,631057000,633005000,631186089,631057000,633005000,631057000,633005000,631186089
2023-10-26,27.6000,27.6000,,,631225559.98367000,17421825455.549292000000,631185000,633043000,631185000,633043000,631225560,631185000,633043000,631185000,633043000,631225560
2023-10-27,26.6900,26.6900,,,631225560.01849510,16847410196.893634219000,631185000,633043000,631185000,633043000,631225560,631185000,633043000,631185000,633043000,631225560
2023-10-30,26.8900,26.8900,,,631225560.00303290,16973655308.481554681000,631185000,633043000,631185000,633043000,631225560,631185000,633043000,631185000,633043000,631225560
2023-10-31,26.8800,26.8800,,,631225559.99137680,16967343052.568208384000,631185000,633043000,631185000,633043000,631225560,631185000,633043000,631185000,633043000,631225560
2023-11-01,27.3200,27.3200,,,631225560.00722740,17245082299.397452568000,631185000,633043000,631185000,633043000,631225560,631185000,633043000,631185000,633043000,631225560
2023-11-02,27.4900,27.4900,,,631225560.01873760,17352390644.915096624000,631185000,633043000,631185000,633043000,631225560,631185000,633043000,631185000,633043000,631225560
2023-11-03,27.3900,27.3900,,,631225559.98714920,17289268088.048016588000,631185000,633043000,631185000,633043000,631225560,631185000,633043000,631185000,633043000,631225560
2023-11-06,27.2400,27.2400,,,631225560.01591550,17194584254.833538220000,631185000,633043000,631185000,633043000,631225560,631185000,633043000,631185000,633043000,631225560
2023-11-07,27.1900,27.1900,,,631225560.01973370,17163022976.936559303000,631185000,633043000,631185000,633043000,631225560,631185000,633043000,631185000,633043000,631225560
2023-11-08,26.8600,26.8600,,,631225559.99025170,16954718541.338160662000,631185000,633043000,631185000,633043000,631225560,631185000,633043000,631185000,633043000,631225560
2023-11-09,26.7600,26.7600,,,631225560.01571970,16891595986.020659172000,631185000,633043000,631185000,633043000,631225560,631185000,633043000,631185000,633043000,631225560
2023-11-10,27.1200,27.1200,,,631225559.98290610,17118837186.736413432000,631185000,633043000,631185000,633043000,631225560,631185000,633043000,631185000,633043000,631225560
2023-11-13,26.7300,26.7300,,,631225560.00289060,16872659218.877265738000,631185000,633043000,631185000,633043000,631225560,631185000,633043000,631185000,633043000,631225560
2023-11-14,27.6700,27.6700,,,631225559.98107410,17466011244.676320347000,631185000,633043000,631185000,633043000,631225560,631185000,633043000,631185000,633043000,631225560
2023-11-15,27.4300,27.4300,,,631225559.98322150,17314517110.339765745000,631185000,633043000,631185000,633043000,631225560,631185000,633043000,631185000,633043000,631225560
2023-11-16,27.6600,27.6600,,,631225560.00631670,17459698989.774719922000,631185000,633043000,631185000,633043000,631225560,631185000,633043000,631185000,633043000,631225560
2023-11-17,27.8000,27.8000,,,631225559.98390460,17548070567.552547880000,631185000,633043000,631185000,633043000,631225560,631185000,633043000,631185000,633043000,631225560
2023-11-20,27.5900,27.5900,,,631225560.01760790,17415513200.885801961000,631185000,633043000,631185000,633043000,631225560,631185000,633043000,631185000,633043000,631225560
2023-11-21,27.5000,27.5000,,,631225560.01069240,17358702900.294041000000,631185000,633043000,631185000,633043000,631225560,631185000,633043000,631185000,633043000,631225560
2023-11-22,27.7900,27.7900,,,631225559.99401950,17541758312.233801905000,631185000,633043000,631185000,633043000,631225560,631185000,633043000,631185000,633043000,631225560
2023-11-24,27.9300,27.9300,,,631225560.00991740,17630129891.076992982000,631185000,633043000,631185000,633043000,631225560,631185000,633043000,631185000,633043000,631225560
2023-11-27,27.9500,27.9500,,,631225559.98978480,17642754401.714485160000,631185000,633043000,631185000,633043000,631225560,631185000,633043000,631185000,633043000,631225560
2023-11-28,28.1500,28.1500,,,631225560.00454150,17768999514.127843225000,631185000,633043000,631185000,633043000,631225560,631185000,633043000,631185000,633043000,631225560
2023-11-29,27.8900,27.8900,,,631225559.99083230,17604880868.144312847000,631185000,633043000,631185000,633043000,631225560,631185000,633043000,631185000,633043000,631225560
2023-11-30,28.2700,28.2700,,,631225559.98145900,17844746580.675845930000,631185000,633043000,631185000,633043000,631225560,631185000,633043000,631185000,633043000,631225560
2023-12-01,28.7900,28.7900,,,631225559.98786250,18172983872.050561375000,631185000,633043000,631185000,633043000,631225560,631185000,633043000,631185000,633043000,631225560
2023-12-04,28.8500,28.8500,,,631225559.98685370,18210857405.620729245000,631185000,633043000,631185000,633043000,631225560,631185000,633043000,631185000,633043000,631225560
2023-12-05,28.5600,28.5600,,,631225560.00283500,18027801993.680967600000,631185000,633043000,631185000,633043000,631225560,631185000,633043000,631185000,633043000,631225560
2023-12-06,28.7800,28.7800,,,631225559.99763100,18166671616.731820180000,631185000,633043000,631185000,633043000,631225560,631185000,633043000,631185000,633043000,631225560
2023-12-07,28.7600,28.7600,,,631225560.01718800,18154047106.094326880000,631185000,633043000,631185000,633043000,631225560,631185000,633043000,631185000,633043000,631225560
2023-12-08,28.7700,28.7700,,,631225560.00740610,18160359361.413073497000,631185000,633043000,631185000,633043000,631225560,631185000,633043000,631185000,633043000,631225560
2023-12-11,29.0500,29.0500,,,631225560.00117350,18337102518.034090175000,631185000,633043000,631185000,633043000,631225560,631185000,633043000,631185000,633043000,631225560
2023-12-12,29.0100,29.0100,,,631225559.98281320,18311853495.101410932000,631185000,633043000,631185000,633043000,631225560,631185000,633043000,631185000,633043000,631225560
2023-12-13,30.2000,30.2000,,,631225560.00042330,19063011912.012783660000,631185000,633043000,631185000,633043000,631225560,631185000,633043000,631185000,633043000,631225560
2023-12-14,29.7000,29.7000,,,631225559.99555210,18747399131.867897370000,631185000,633043000,631185000,633043000,631225560,631185000,633043000,631185000,633043000,631225560
2023-12-15,28.8600,28.8600,,,631225560.01402760,18217169662.004836536000,631185000,633043000,631185000,633043000,631225560,631185000,633043000,631185000,633043000,631225560
2023-12-18,28.8100,28.8100,,,631225559.98890640,18185608383.280393384000,631185000,633043000,631185000,633043000,631225560,631185000,633043000,631185000,633043000,631225560
2023-12-19,28.9700,28.9700,,,631225559.98484890,18286604472.761072633000,631185000,633043000,631185000,633043000,631225560,631185000,633043000,631185000,633043000,631225560
2023-12-20,28.3000,28.3000,,,631225560.01023950,17863683348.289777850000,631185000,633043000,631185000,633043000,631225560,631185000,633043000,631185000,633043000,631225560
2023-12-21,28.3000,28.3000,,,631225560.01023950,17863683348.289777850000,631185000,633043000,631185000,633043000,631225560,631185000,633043000,631185000,633043000,631225560
2023-12-22,28.3800,28.3800,,,631225559.98933890,17914181392.497437982000,631185000,633043000,631185000,633043000,631225560,631185000,633043000,631185000,633043000,631225560
2023-12-26,28.5000,28.5000,,,631225560.00388770,17989928460.110799450000,631185000,633043000,631185000,633043000,631225560,631185000,633043000,631185000,633043000,631225560
2023-12-27,28.3800,28.3800,,,631225559.98933890,17914181392.497437982000,631185000,633043000,631185000,633043000,631225560,631185000,633043000,631185000,633043000,631225560
2023-12-28,28.5600,28.5600,,,631225560.00283500,18027801993.680967600000,631185000,633043000,631185000,633043000,631225560,631185000,633043000,631185000,633043000,631225560
2023-12-29,28.5700,28.5700,,,631225559.99298970,18034114248.999715729000,631185000,633043000,631185000,633043000,631225560,631185000,633043000,631185000,633043000,631225560
2024-01-02,29.0100,29.0100,,,631225559.98281320,18311853495.101410932000,631185000,633043000,631185000,633043000,631225560,631185000,633043000,631185000,633043000,631225560
2024-01-03,29.1300,29.1300,,,631225560.01740850,18387600563.307109605000,631185000,633043000,631185000,633043000,631225560,631185000,633043000,631185000,633043000,631225560
2024-01-04,29.0800,29.0800,,,631225560.00879250,18356039285.055685900000,631185000,633043000,631185000,633043000,631225560,631185000,633043000,631185000,633043000,631225560
2024-01-05,29.2400,29.2400,,,631225560.00466360,18457035374.536363664000,631185000,633043000,631185000,633043000,631225560,631185000,633043000,631185000,633043000,631225560
2024-01-08,29.4100,29.4100,,,631225560.01115720,18564343719.928133252000,631185000,633043000,631185000,633043000,631225560,631185000,633043000,631185000,633043000,631225560
2024-01-09,29.2300,29.2300,,,631225560.01428740,18450723119.217620702000,631185000,633043000,631185000,633043000,631225560,631185000,633043000,631185000,633043000,631225560
2024-01-10,29.2500,29.2500,,,631225559.99504650,18463347629.855110125000,631185000,633043000,631185000,633043000,631225560,631185000,633043000,631185000,633043000,631225560
2024-01-11,28.3500,28.3500,,,631225559.99819620,17895244625.948862270000,631185000,633043000,631185000,633043000,631225560,631185000,633043000,631185000,633043000,631225560
2024-01-12,28.5700,28.5700,,,631225559.99298970,18034114248.999715729000,631185000,633043000,631185000,633043000,631225560,631185000,633043000,631185000,633043000,631225560
2024-01-16,28.5300,28.5300,,,631225559.99507090,18008865226.659372777000,631185000,633043000,631185000,633043000,631225560,631185000,633043000,631185000,633043000,631225560
2024-01-17,28.0500,28.0500,,,631225559.98663080,17705876957.624993940000,631185000,633043000,631185000,633043000,631225560,631185000,633043000,631185000,633043000,631225560
2024-01-18,27.7700,27.7700,,,631225560.01427140,17529133801.596316778000,631185000,633043000,631185000,633043000,631225560,631185000,633043000,631185000,633043000,631225560
2024-01-19,27.7700,27.7700,,,631225560.01427140,17529133801.596316778000,631185000,633043000,631185000,633043000,631225560,631185000,633043000,631185000,633043000,631225560
2024-01-22,27.4700,27.4700,,,631225559.98107410,17339766132.680105527000,631185000,633043000,631185000,633043000,631225560,631185000,633043000,631185000,633043000,631225560
2024-01-23,27.5000,27.5000,,,631225560.01069240,17358702900.294041000000,631185000,633043000,631185000,633043000,631225560,631185000,633043000,631185000,633043000,631225560
2024-01-24,27.1400,27.1400,,,631225560.00000000,17131461698.400000000000,631185000,633043000,631185000,633043000,631225560,631185000,633043000,631185000,633043000,631225560
2024-01-25,27.5200,27.5200,,,631225559.99024450,17371327410.931528640000,631185000,633043000,631185000,633043000,631225560,631185000,633043000,631185000,633043000,631225560
2024-01-26,27.5700,27.5700,,,631225559.99938180,17402888689.182956226000,631185000,633043000,631185000,633043000,631225560,631185000,633043000,631185000,633043000,631225560
2024-01-29,27.9100,27.9100,,,631225560.00885570,17617505379.847162587000,631185000,633043000,631185000,633043000,631225560,631185000,633043000,631185000,633043000,631225560
2024-01-30,27.9700,27.9700,,,631225560.00777020,17655378913.417332494000,631185000,633043000,631185000,633043000,631225560,631185000,633043000,631185000,633043000,631225560
2024-01-31,27.9400,27.9400,,,631225559.99984750,17636442146.395739150000,631185000,633043000,631185000,633043000,631225560,631185000,633043000,631185000,633043000,631225560
2024-02-01,28.3800,28.3800,,,631225559.98933890,17914181392.497437982000,631185000,633043000,631185000,633043000,631225560,631185000,633043000,631185000,633043000,631225560
2024-02-02,27.9500,27.9500,,,631225559.98978480,17642754401.714485160000,631185000,633043000,631185000,633043000,631225560,631185000,633043000,631185000,633043000,631225560
2024-02-05,27.5300,27.5300,,,631225560.01872980,17377639667.315631394000,631185000,633043000,631185000,633043000,631225560,631185000,633043000,631185000,633043000,631225560
2024-02-06,27.6100,27.6100,,,631225559.99722180,17428137711.523293898000,631185000,633043000,631185000,633043000,631225560,631185000,633043000,631185000,633043000,631225560
2024-02-07,27.5700,27.5700,,,631225559.99938180,17402888689.182956226000,631185000,633043000,631185000,633043000,631225560,631185000,633043000,631185000,633043000,631225560
2024-02-08,27.4300,27.4300,,,631225559.98322150,17314517110.339765745000,631185000,633043000,631185000,633043000,631225560,631185000,633043000,631185000,633043000,631225560
2024-02-09,27.5300,27.5300,,,631225560.01872980,17377639667.315631394000,631185000,633043000,631185000,633043000,631225560,631185000,633043000,631185000,633043000,631225560
2024-02-12,27.7500,27.7500,,,631225560.01320660,17516509290.366483150000,631185000,633043000,631185000,633043000,631225560,631185000,633043000,631185000,633043000,631225560
2024-02-13,27.4400,27.4400,,,631225560.01180280,17320829366.723868832000,631185000,633043000,631185000,633043000,631225560,631185000,633043000,631185000,633043000,631225560
2024-02-14,27.3500,27.3500,,,631225560.00247480,17264019066.067685780000,631185000,633043000,631185000,633043000,631225560,631185000,633043000,631185000,633043000,631225560
2024-02-15,27.8700,27.8700,,,631225560.00804480,17592256357.424208576000,631185000,633043000,631185000,633043000,631225560,631185000,633043000,631185000,633043000,631225560
2024-02-16,27.8800,27.8800,,,631225559.99802740,17598568612.745003912000,631185000,633043000,631185000,633043000,631225560,631185000,633043000,631185000,633043000,631225560
2024-02-20,27.7900,27.7900,,,631225560.00395800,17541758312.509992820000,630947000,633179000,630947000,633179000,631596706,630947000,633179000,630947000,633179000,631596706
2024-02-21,28.2800,28.2800,,,631225559.98504110,17851058836.376962308000,630947000,633179000,630947000,633179000,631596706,630947000,633179000,630947000,633179000,631596706
2024-02-22,27.8700,27.8700,,,631225560.00804480,17592256357.424208576000,630947000,633179000,630947000,633179000,631596706,630947000,633179000,630947000,633179000,631596706
2024-02-23,27.9100,27.9100,,,631225560.00166730,17617505379.646534343000,630947000,633179000,630947000,633179000,631596706,630947000,633179000,630947000,633179000,631596706
2024-02-26,27.3000,27.3000,,,631225560.00201440,17232457788.054993120000,630947000,633179000,630947000,633179000,631596706,630947000,633179000,630947000,633179000,631596706
2024-02-27,27.6500,27.6500,,,631225559.98821910,17453386733.674258115000,630947000,633179000,630947000,633179000,631596706,630947000,633179000,630947000,633179000,631596706
2024-02-28,27.4800,27.4800,,,631225559.98999370,17346078388.525026876000,630947000,633179000,630947000,633179000,631596706,630947000,633179000,630947000,633179000,631596706
2024-02-29,27.5000,27.5000,,,631225559.98677040,17358702899.636186000000,630947000,633179000,630947000,633179000,631596706,630947000,633179000,630947000,633179000,631596706
2024-03-01,27.4400,27.4400,,,631225559.99645410,17320829366.302700504000,630947000,633179000,630947000,633179000,631596706,630947000,633179000,630947000,633179000,631596706
2024-03-04,27.9400,27.9400,,,631225560.00529930,17636442146.548062442000,630947000,633179000,630947000,633179000,631596706,630947000,633179000,630947000,633179000,631596706
2024-03-05,27.8900,27.8900,,,631225560.00485370,17604880868.535369693000,630947000,633179000,630947000,633179000,631596706,630947000,633179000,630947000,633179000,631596706
2024-03-06,28.3000,28.3000,,,631225559.98191250,17863683347.488123750000,630947000,633179000,630947000,633179000,631596706,630947000,633179000,630947000,633179000,631596706
2024-03-07,28.3100,28.3100,,,631225560.00941410,17869995603.866513171000,630947000,633179000,630947000,633179000,631596706,630947000,633179000,630947000,633179000,631596706
2024-03-08,28.3300,28.3300,,,631225560.00627170,17882620114.977677261000,630947000,633179000,630947000,633179000,631596706,630947000,633179000,630947000,633179000,631596706
2024-03-11,28.5200,28.5200,,,631225560.00133500,18002552971.238074200000,630947000,633179000,630947000,633179000,631596706,630947000,633179000,630947000,633179000,631596706
2024-03-12,28.1300,28.1300,,,631225559.98360790,17756375002.338890227000,630947000,633179000,630947000,633179000,631596706,630947000,633179000,630947000,633179000,631596706
2024-03-13,28.0000,28.0000,,,631225559.99576960,17674315679.881548800000,630947000,633179000,630947000,633179000,631596706,630947000,633179000,630947000,633179000,631596706
2024-03-14,27.8900,27.8900,,,631225560.00485370,17604880868.535369693000,630947000,633179000,630947000,633179000,631596706,630947000,633179000,630947000,633179000,631596706
2024-03-15,27.8700,27.8700,,,631225560.00804480,17592256357.424208576000,630947000,633179000,630947000,633179000,631596706,630947000,633179000,630947000,633179000,631596706
2024-03-18,27.9400,27.9400,,,631225560.00529930,17636442146.548062442000,630947000,633179000,630947000,633179000,631596706,630947000,633179000,630947000,633179000,631596706
2024-03-19,28.1800,28.1800,,,631225559.98408730,17787936280.351580114000,630947000,633179000,630947000,633179000,631596706,630947000,633179000,630947000,633179000,631596706
2024-03-20,28.1000,28.1000,,,631225559.99668800,17737438235.906932800000,630947000,633179000,630947000,633179000,631596706,630947000,633179000,630947000,633179000,631596706
2024-03-21,27.9900,27.9900,,,631225560.00574330,17668003424.560754967000,630947000,633179000,630947000,633179000,631596706,630947000,633179000,630947000,633179000,631596706
2024-03-22,27.8300,27.8300,,,631225560.01444080,17567007335.201887464000,630947000,633179000,630947000,633179000,631596706,630947000,633179000,630947000,633179000,631596706
2024-03-25,27.6000,27.6000,,,631225559.98773800,17421825455.661568800000,630947000,633179000,630947000,633179000,631596706,630947000,633179000,630947000,633179000,631596706
2024-03-26,27.2300,27.2300,,,631225560.00481600,17188271998.931139680000,630947000,633179000,630947000,633179000,631596706,630947000,633179000,630947000,633179000,631596706
2024-03-27,28.2900,28.2900,,,631225560.01256100,17857371092.755350690000,630947000,633179000,630947000,633179000,631596706,630947000,633179000,630947000,633179000,631596706
2024-03-28,28.4900,28.4900,,,631225559.99777270,17983616204.336544223000,630947000,633179000,630947000,633179000,631596706,630947000,633179000,630947000,633179000,631596706
2024-04-01,28.4200,28.4200,,,631225560.00044660,17939430415.212692372000,630947000,633179000,630947000,633179000,631596706,630947000,633179000,630947000,633179000,631596706
2024-04-02,28.4400,28.4400,,,631225559.99732260,17952054926.323854744000,630947000,633179000,630947000,633179000,631596706,630947000,633179000,630947000,633179000,631596706
2024-04-03,28.1500,28.1500,,,631225560.01803360,17768999514.507645840000,630947000,633179000,630947000,633179000,631596706,630947000,633179000,630947000,633179000,631596706
2024-04-04,28.1000,28.1000,,,631225559.99668800,17737438235.906932800000,630947000,633179000,630947000,633179000,631596706,630947000,633179000,630947000,633179000,631596706
2024-04-05,28.0500,28.0500,,,631225559.99622960,17705876957.894240280000,630947000,633179000,630947000,633179000,631596706,630947000,633179000,630947000,633179000,631596706
2024-04-08,28.2200,28.2200,,,631225560.01529050,17813185303.631497910000,630947000,633179000,630947000,633179000,631596706,630947000,633179000,630947000,633179000,631596706
2024-04-09,28.2800,28.2800,,,631225559.98504110,17851058836.376962308000,630947000,633179000,630947000,633179000,631596706,630947000,633179000,630947000,633179000,631596706
2024-04-10,27.3700,27.3700,,,631225559.99922720,17276643577.178848464000,630947000,633179000,630947000,633179000,631596706,630947000,633179000,630947000,633179000,631596706
2024-04-11,27.5800,27.5800,,,631225559.99095020,17409200944.550406516000,630947000,633179000,630947000,633179000,631596706,630947000,633179000,630947000,633179000,631596706
2024-04-12,27.4600,27.4600,,,631225559.99322150,17333453877.413862390000,630947000,633179000,630947000,633179000,631596706,630947000,633179000,630947000,633179000,631596706
2024-04-15,27.4000,27.4000,,,631225560.00293340,17295580344.080375160000,630947000,633179000,630947000,633179000,631596706,630947000,633179000,630947000,633179000,631596706
2024-04-16,27.2200,27.2200,,,631225560.01507520,17181959743.610346944000,630947000,633179000,630947000,633179000,631596706,630947000,633179000,630947000,633179000,631596706
2024-04-17,27.7000,27.7000,,,631225560.00992680,17484948012.274972360000,630947000,633179000,630947000,633179000,631596706,630947000,633179000,630947000,633179000,631596706
2024-04-18,27.9500,27.9500,,,631225559.99530790,17642754401.868855805000,630947000,633179000,630947000,633179000,631596706,630947000,633179000,630947000,633179000,631596706
2024-04-19,28.5300,28.5300,,,631225559.99154820,18008865226.558870146000,630947000,633179000,630947000,633179000,631596706,630947000,633179000,630947000,633179000,631596706
2024-04-22,28.7800,28.7800,,,631225560.01425800,18166671617.210345240000,630947000,633179000,630947000,633179000,631596706,630947000,633179000,630947000,633179000,631596706
2024-04-23,28.7300,28.7300,,,631225559.99337390,18135110338.609632147000,630947000,633179000,630947000,633179000,631596706,630947000,633179000,630947000,633179000,631596706
2024-04-24,29.0700,29.0700,,,631225559.99403360,18349727029.026556752000,630947000,633179000,630947000,633179000,631596706,630947000,633179000,630947000,633179000,631596706
2024-04-25,29.3400,29.3400,,,631225560.01326500,18520157930.789195100000,630947000,633179000,630947000,633179000,631596706,630947000,633179000,630947000,633179000,631596706
2024-04-26,28.8500,28.8500,,,631225560.01158400,18210857406.334198400000,630947000,633179000,630947000,633179000,631596706,630947000,633179000,630947000,633179000,631596706
2024-04-29,29.2200,29.2200,,,631225559.99536720,18444410863.064629584000,630947000,633179000,630947000,633179000,631596706,630947000,633179000,630947000,633179000,631596706
2024-04-30,29.1400,29.1400,,,639726143.01113120,18641619807.344363168000,632228000,633970000,632228000,633970000,639726143,632228000,633970000,632228000,633970000,639726143
2024-05-01,29.3200,29.3200,,,639726142.99163520,18756770512.514744064000,632228000,633970000,632228000,633970000,639726143,632228000,633970000,632228000,633970000,639726143
2024-05-02,29.4000,29.4000,,,639726142.99075510,18807948603.928199940000,632228000,633970000,632228000,633970000,639726143,632228000,633970000,632228000,633970000,639726143
2024-05-03,29.4500,29.4500,,,639726142.99258070,18839934911.131501615000,632228000,633970000,632228000,633970000,639726143,632228000,633970000,632228000,633970000,639726143
2024-05-06,29.3200,29.3200,,,639726142.99163520,18756770512.514744064000,632228000,633970000,632228000,633970000,639726143,632228000,633970000,632228000,633970000,639726143
2024-05-07,29.6000,29.6000,,,639726143.00363370,18935893832.907557520000,632228000,633970000,632228000,633970000,639726143,632228000,633970000,632228000,633970000,639726143
2024-05-08,29.4600,29.4600,,,639726143.01561260,18846332173.239947196000,632228000,633970000,632228000,633970000,639726143,632228000,633970000,632228000,633970000,639726143
2024-05-09,29.7900,29.7900,,,639726142.99357070,19057441799.778471153000,632228000,633970000,632228000,633970000,639726143,632228000,633970000,632228000,633970000,639726143
2024-05-10,29.7000,29.7000,,,639726142.98533620,18999866446.664485140000,632228000,633970000,632228000,633970000,639726143,632228000,633970000,632228000,633970000,639726143
2024-05-13,29.6600,29.6600,,,639726142.99264040,18974277401.161714264000,632228000,633970000,632228000,633970000,639726143,632228000,633970000,632228000,633970000,639726143
2024-05-14,29.6800,29.6800,,,639726142.98898580,18987071923.913098544000,632228000,633970000,632228000,633970000,639726143,632228000,633970000,632228000,633970000,639726143
2024-05-15,29.7600,29.7600,,,639726142.99883870,19038250015.645439712000,632228000,633970000,632228000,633970000,639726143,632228000,633970000,632228000,633970000,639726143
2024-05-16,29.9400,29.9400,,,639726142.98846380,19153400721.074606172000,632228000,633970000,632228000,633970000,639726143,632228000,633970000,632228000,633970000,639726143
2024-05-17,30.0800,30.0800,,,639726142.99334040,19242962381.239679232000,632228000,633970000,632228000,633970000,639726143,632228000,633970000,632228000,633970000,639726143
2024-05-20,29.9900,29.9900,,,639726143.00926130,19185387028.847746387000,632228000,633970000,632228000,633970000,639726143,632228000,633970000,632228000,633970000,639726143
2024-05-21,30.4100,30.4100,,,639726143.01012120,19454072008.937785692000,632228000,633970000,632228000,633970000,639726143,632228000,633970000,632228000,633970000,639726143
2024-05-22,30.0600,30.0600,,,639726142.98344620,19230167858.082392772000,632228000,633970000,632228000,633970000,639726143,632228000,633970000,632228000,633970000,639726143
2024-05-23,29.3500,29.3500,,,639726142.98496770,18775962296.608801995000,632228000,633970000,632228000,633970000,639726143,632228000,633970000,632228000,633970000,639726143
2024-05-24,29.5100,29.5100,,,639726143.00003910,18878318479.931153841000,632228000,633970000,632228000,633970000,639726143,632228000,633970000,632228000,633970000,639726143
2024-05-28,29.5400,29.5400,,,639726142.99735430,18897510264.141846022000,632228000,633970000,632228000,633970000,639726143,632228000,633970000,632228000,633970000,639726143
2024-05-29,29.3800,29.3800,,,639726142.98228370,18795154080.819495106000,632228000,633970000,632228000,633970000,639726143,632228000,633970000,632228000,633970000,639726143
2024-05-30,29.7400,29.7400,,,639726143.01054000,19025455493.133459600000,632228000,633970000,632228000,633970000,639726143,632228000,633970000,632228000,633970000,639726143
2024-05-31,30.5100,30.5100,,,639726143.01650580,19518044623.433591958000,632228000,633970000,632228000,633970000,639726143,632228000,633970000,632228000,633970000,639726143
2024-06-03,30.7500,30.7500,,,639726142.99330090,19671578897.044002675000,632228000,633970000,632228000,633970000,639726143,632228000,633970000,632228000,633970000,639726143
2024-06-04,30.8400,30.8400,,,639726143.01188080,19729154250.486403872000,632228000,633970000,632228000,633970000,639726143,632228000,633970000,632228000,633970000,639726143
2024-06-05,30.4300,30.4300,,,639726142.99867780,19466866531.449765454000,632228000,633970000,632228000,633970000,639726143,632228000,633970000,632228000,633970000,639726143
2024-06-06,30.2500,30.2500,,,639726142.99555160,19351715825.615435900000,632228000,633970000,632228000,633970000,639726143,632228000,633970000,632228000,633970000,639726143
2024-06-07,30.1700,30.1700,,,639726143.01233260,19300537734.682074542000,632228000,633970000,632228000,633970000,639726143,632228000,633970000,632228000,633970000,639726143
2024-06-10,30.4300,30.4300,,,639726142.99867780,19466866531.449765454000,632228000,633970000,632228000,633970000,639726143,632228000,633970000,632228000,633970000,639726143
2024-06-11,30.8200,30.8200,,,639726142.98909650,19716359726.923954130000,632228000,633970000,632228000,633970000,639726143,632228000,633970000,632228000,633970000,639726143
2024-06-12,30.9900,30.9900,,,639726143.00435230,19825113171.704877777000,632228000,633970000,632228000,633970000,639726143,632228000,633970000,632228000,633970000,639726143
2024-06-13,30.9000,30.9000,,,639726142.98584080,19767537818.262480720000,632228000,633970000,632228000,633970000,639726143,632228000,633970000,632228000,633970000,639726143
2024-06-14,30.8500,30.8500,,,639726142.99966980,19735551511.539813330000,632228000,633970000,632228000,633970000,639726143,632228000,633970000,632228000,633970000,639726143
2024-06-17,30.6900,30.6900,,,639726142.98525450,19633195328.217460605000,632228000,633970000,632228000,633970000,639726143,632228000,633970000,632228000,633970000,639726143
2024-06-18,31.0000,31.0000,,,639726142.99220290,19831510432.758289900000,632228000,633970000,632228000,633970000,639726143,632228000,633970000,632228000,633970000,639726143
2024-06-20,31.2800,31.2800,,,639726142.98859520,20010633752.683257856000,632228000,633970000,632228000,633970000,639726143,632228000,633970000,632228000,633970000,639726143
2024-06-21,31.0000,31.0000,,,639726142.99220290,19831510432.758289900000,632228000,633970000,632228000,633970000,639726143,632228000,633970000,632228000,633970000,639726143
2024-06-24,31.3100,31.3100,,,639726142.99901350,20029825537.299112685000,632228000,633970000,632228000,633970000,639726143,632228000,633970000,632228000,633970000,639726143
2024-06-25,30.3900,30.3900,,,639726143.00034570,19441277485.780505823000,632228000,633970000,632228000,633970000,639726143,632228000,633970000,632228000,633970000,639726143
2024-06-26,30.5000,30.5000,,,639726142.99441700,19511647361.329718500000,632228000,633970000,632228000,633970000,639726143,632228000,633970000,632228000,633970000,639726143
2024-06-27,30.8100,30.8100,,,639726143.00131610,19709962465.870549041000,632228000,633970000,632228000,633970000,639726143,632228000,633970000,632228000,633970000,639726143
2024-06-28,30.9800,30.9800,,,639726143.01650970,19818715910.651470506000,632228000,633970000,632228000,633970000,639726143,632228000,633970000,632228000,633970000,639726143
2024-07-01,30.5500,30.5500,,,639726143.01482340,19543633669.102854870000,632228000,633970000,632228000,633970000,639726143,632228000,633970000,632228000,633970000,639726143
2024-07-02,30.4600,30.4600,,,639726142.99607540,19486058315.660456684000,632228000,633970000,632228000,633970000,639726143,632228000,633970000,632228000,633970000,639726143
2024-07-03,30.3300,30.3300,,,639726142.99221750,19402893916.953956775000,632228000,633970000,632228000,633970000,639726143,632228000,633970000,632228000,633970000,639726143
2024-07-05,30.4900,30.4900,,,639726143.00676640,19505250100.276307536000,632228000,633970000,632228000,633970000,639726143,632228000,633970000,632228000,633970000,639726143
2024-07-08,30.3200,30.3200,,,639726143.00463570,19396496655.900554424000,632228000,633970000,632228000,633970000,639726143,632228000,633970000,632228000,633970000,639726143
2024-07-09,29.6300,29.6300,,,639726143.01668060,18955085617.584246178000,632228000,633970000,632228000,633970000,639726143,632228000,633970000,632228000,633970000,639726143
2024-07-10,29.5900,29.5900,,,639726142.98291710,18929496570.864516989000,632228000,633970000,632228000,633970000,639726143,632228000,633970000,632228000,633970000,639726143
2024-07-11,29.6800,29.6800,,,639726143.00225450,18987071924.306913560000,632228000,633970000,632228000,633970000,639726143,632228000,633970000,632228000,633970000,639726143
2024-07-12,30.3000,30.3000,,,639726143.01612450,19383702133.388572350000,632228000,633970000,632228000,633970000,639726143,632228000,633970000,632228000,633970000,639726143
2024-07-15,28.2800,28.2800,,,639726142.99404940,18091455323.871717032000,632228000,633970000,632228000,633970000,639726143,632228000,633970000,632228000,633970000,639726143
2024-07-16,28.5700,28.5700,,,639726143.01367040,18276975905.900563328000,632228000,633970000,632228000,633970000,639726143,632228000,633970000,632228000,633970000,639726143
2024-07-17,28.6400,28.6400,,,639726142.98656480,18321756735.135215872000,632228000,633970000,632228000,633970000,639726143,632228000,633970000,632228000,633970000,639726143
2024-07-18,28.8200,28.8200,,,639726143.01231250,18436907441.614846250000,632228000,633970000,632228000,633970000,639726143,632228000,633970000,632228000,633970000,639726143
2024-07-19,28.9700,28.9700,,,639726143.00425700,18532866362.833325290000,632228000,633970000,632228000,633970000,639726143,632228000,633970000,632228000,633970000,639726143
2024-07-22,28.9600,28.9600,,,639726143.01726230,18526469101.779916208000,632228000,633970000,632228000,633970000,639726143,632228000,633970000,632228000,633970000,639726143
2024-07-23,28.7000,28.7000,,,639726142.99518320,18360140303.961757840000,632228000,633970000,632228000,633970000,639726143,632228000,633970000,632228000,633970000,639726143
2024-07-24,29.0200,29.0200,,,639726142.98952420,18564852669.555992284000,632228000,633970000,632228000,633970000,639726143,632228000,633970000,632228000,633970000,639726143
2024-07-25,28.8800,28.8800,,,639726142.98445030,18475291009.390924664000,632228000,633970000,632228000,633970000,639726143,632228000,633970000,632228000,633970000,639726143
2024-07-26,29.3600,29.3600,,,639726143.00792500,18782359558.712678000000,632228000,633970000,632228000,633970000,639726143,632228000,633970000,632228000,633970000,639726143
2024-07-29,29.1900,29.1900,,,639726143.00571840,18673606114.336920096000,632228000,633970000,632228000,633970000,639726143,632228000,633970000,632228000,633970000,639726143
2024-07-30,28.5100,28.5100,,,641968980.00390570,18302535619.911351507000,640754000,641816000,640754000,641816000,641968980,640754000,641816000,640754000,641816000,641968980
2024-07-31,27.7500,27.7500,,,641968980.00514830,17814639195.142865325000,640754000,641816000,640754000,641816000,641968980,640754000,641816000,640754000,641816000,641968980
2024-08-01,28.1500,28.1500,,,641968979.98328210,18071426786.529391115000,640754000,641816000,640754000,641816000,641968980,640754000,641816000,640754000,641816000,641968980
2024-08-02,27.0700,27.0700,,,641968979.99573140,17378100288.484448998000,640754000,641816000,640754000,641816000,641968980,640754000,641816000,640754000,641816000,641968980
2024-08-05,25.9300,25.9300,,,641968979.99943280,16646255651.385292504000,640754000,641816000,640754000,641816000,641968980,640754000,641816000,640754000,641816000,641968980
2024-08-06,25.7700,25.7700,,,641968979.98532530,16543540614.221832981000,640754000,641816000,640754000,641816000,641968980,640754000,641816000,640754000,641816000,641968980
2024-08-07,25.6300,25.6300,,,641968979.98663850,16453664957.057544755000,640754000,641816000,640754000,641816000,641968980,640754000,641816000,640754000,641816000,641968980
2024-08-08,26.2800,26.2800,,,641968979.99400420,16870944794.242430376000,640754000,641816000,640754000,641816000,641968980,640754000,641816000,640754000,641816000,641968980
2024-08-09,26.4700,26.4700,,,641968980.01055620,16992918900.879422614000,640754000,641816000,640754000,641816000,641968980,640754000,641816000,640754000,641816000,641968980
2024-08-12,26.2000,26.2000,,,641968980.00505190,16819587276.132359780000,640754000,641816000,640754000,641816000,641968980,640754000,641816000,640754000,641816000,641968980
2024-08-13,25.8800,25.8800,,,641968980.01761590,16614157202.855899492000,640754000,641816000,640754000,641816000,641968980,640754000,641816000,640754000,641816000,641968980
2024-08-14,25.7700,25.7700,,,641968979.98532530,16543540614.221832981000,640754000,641816000,640754000,641816000,641968980,640754000,641816000,640754000,641816000,641968980
2024-08-15,25.8700,25.8700,,,641968980.00789690,16607737512.804292803000,640754000,641816000,640754000,641816000,641968980,640754000,641816000,640754000,641816000,641968980
2024-08-16,25.7900,25.7900,,,641968979.99434190,16556379994.054077601000,640754000,641816000,640754000,641816000,641968980,640754000,641816000,640754000,641816000,641968980
2024-08-19,26.0400,26.0400,,,641968979.98230790,16716872238.739297716000,640754000,641816000,640754000,641816000,641968980,640754000,641816000,640754000,641816000,641968980
2024-08-20,25.8100,25.8100,,,641968980.01793050,16569219374.262786205000,640754000,641816000,640754000,641816000,641968980,640754000,641816000,640754000,641816000,641968980
2024-08-21,26.1400,26.1400,,,641968980.01499270,16781069137.591909178000,640754000,641816000,640754000,641816000,641968980,640754000,641816000,640754000,641816000,641968980
2024-08-22,26.9400,26.9400,,,641968980.00874400,17294644321.435563360000,640754000,641816000,640754000,641816000,641968980,640754000,641816000,640754000,641816000,641968980
2024-08-23,26.7700,26.7700,,,641968979.99470470,17185509594.458244819000,640754000,641816000,640754000,641816000,641968980,640754000,641816000,640754000,641816000,641968980
2024-08-26,27.1800,27.1800,,,641968980.00506200,17448716876.537585160000,640754000,641816000,640754000,641816000,641968980,640754000,641816000,640754000,641816000,641968980
2024-08-27,27.2200,27.2200,,,641968980.01148770,17474395635.912695194000,640754000,641816000,640754000,641816000,641968980,640754000,641816000,640754000,641816000,641968980
2024-08-28,27.2000,27.2000,,,641968979.98911700,17461556255.703982400000,640754000,641816000,640754000,641816000,641968980,640754000,641816000,640754000,641816000,641968980
2024-08-29,27.0800,27.0800,,,641968980.01208590,17384519978.727286172000,640754000,641816000,640754000,641816000,641968980,640754000,641816000,640754000,641816000,641968980
2024-08-30,27.3000,27.3000,,,641968979.98220810,17525753153.514281130000,640754000,641816000,640754000,641816000,641968980,640754000,641816000,640754000,641816000,641968980
2024-09-03,27.4900,27.4900,,,641968980.01819980,17647727260.700312502000,640754000,641816000,640754000,641816000,641968980,640754000,641816000,640754000,641816000,641968980
2024-09-04,27.6500,27.6500,,,641968980.00188480,17750442297.052114720000,640754000,641816000,640754000,641816000,641968980,640754000,641816000,640754000,641816000,641968980
2024-09-05,27.7600,27.7600,,,641968979.98723390,17821058884.445613064000,640754000,641816000,640754000,641816000,641968980,640754000,641816000,640754000,641816000,641968980
2024-09-06,27.2800,27.2800,,,641968979.99808970,17512913774.347887016000,640754000,641816000,640754000,641816000,641968980,640754000,641816000,640754000,641816000,641968980
2024-09-09,27.4100,27.4100,,,641968980.00935460,17596369742.056409586000,640754000,641816000,640754000,641816000,641968980,640754000,641816000,640754000,641816000,641968980
2024-09-10,27.5500,27.5500,,,641968980.00877740,17686245399.241817370000,640754000,641816000,640754000,641816000,641968980,640754000,641816000,640754000,641816000,641968980
2024-09-11,27.9500,27.9500,,,641968979.98530690,17943032990.589327855000,640754000,641816000,640754000,641816000,641968980,640754000,641816000,640754000,641816000,641968980
2024-09-12,27.5900,27.5900,,,641968980.01511140,17711924158.616923526000,640754000,641816000,640754000,641816000,641968980,640754000,641816000,640754000,641816000,641968980
2024-09-13,27.9300,27.9300,,,641968980.00082100,17930193611.422930530000,640754000,641816000,640754000,641816000,641968980,640754000,641816000,640754000,641816000,641968980
2024-09-16,28.2100,28.2100,,,641968980.00354700,18109944925.900060870000,640754000,641816000,640754000,641816000,641968980,640754000,641816000,640754000,641816000,641968980
2024-09-17,28.3200,28.3200,,,641968979.98917940,18180561513.293560608000,640754000,641816000,640754000,641816000,641968980,640754000,641816000,640754000,641816000,641968980
2024-09-18,28.2100,28.2100,,,641968980.00354700,18109944925.900060870000,640754000,641816000,640754000,641816000,641968980,640754000,641816000,640754000,641816000,641968980
2024-09-19,28.2600,28.2600,,,641968980.00206540,18142043374.858368204000,640754000,641816000,640754000,641816000,641968980,640754000,641816000,640754000,641816000,641968980
2024-09-20,28.1700,28.1700,,,641968979.99733590,18084266166.524952303000,640754000,641816000,640754000,641816000,641968980,640754000,641816000,640754000,641816000,641968980
2024-09-23,28.9300,28.9300,,,641968979.98962370,18572162591.099813641000,640754000,641816000,640754000,641816000,641968980,640754000,641816000,640754000,641816000,641968980
2024-09-24,28.6800,28.6800,,,641968980.00050880,18411670346.414592384000,640754000,641816000,640754000,641816000,641968980,640754000,641816000,640754000,641816000,641968980
2024-09-25,28.6200,28.6200,,,641968980.00954170,18373152207.873083454000,640754000,641816000,640754000,641816000,641968980,640754000,641816000,640754000,641816000,641968980
2024-09-26,28.9400,28.9400,,,641968980.01447860,18578582281.619010684000,640754000,641816000,640754000,641816000,641968980,640754000,641816000,640754000,641816000,641968980
2024-09-27,29.1000,29.1000,,,641968979.99899710,18681297317.970815610000,640754000,641816000,640754000,641816000,641968980,640754000,641816000,640754000,641816000,641968980
2024-09-30,29.4200,29.4200,,,641968980.00758170,18886727391.823053614000,640754000,641816000,640754000,641816000,641968980,640754000,641816000,640754000,641816000,641968980
2024-10-01,29.8900,29.8900,,,641968980.00460300,19188452812.337583670000,640754000,641816000,640754000,641816000,641968980,640754000,641816000,640754000,641816000,641968980
2024-10-02,30.0500,30.0500,,,641968979.98966360,19291167848.689391180000,640754000,641816000,640754000,641816000,641968980,640754000,641816000,640754000,641816000,641968980
2024-10-03,30.3000,30.3000,,,641968980.01025120,19451660094.310611360000,640754000,641816000,640754000,641816000,641968980,640754000,641816000,640754000,641816000,641968980
2024-10-04,30.5200,30.5200,,,641968979.98702230,19592893269.203920596000,640754000,641816000,640754000,641816000,641968980,640754000,641816000,640754000,641816000,641968980
2024-10-07,29.6400,29.6400,,,641968980.01526200,19027960567.652365680000,640754000,641816000,640754000,641816000,641968980,640754000,641816000,640754000,641816000,641968980
2024-10-08,29.4700,29.4700,,,641968980.00254650,18918825840.675045355000,640754000,641816000,640754000,641816000,641968980,640754000,641816000,640754000,641816000,641968980
2024-10-09,29.4900,29.4900,,,641968979.98784150,18931665219.841445835000,640754000,641816000,640754000,641816000,641968980,640754000,641816000,640754000,641816000,641968980
2024-10-10,29.4900,29.4900,,,641968979.98784150,18931665219.841445835000,640754000,641816000,640754000,641816000,641968980,640754000,641816000,640754000,641816000,641968980
2024-10-11,29.5700,29.5700,,,641968979.99971810,18983022738.591664217000,640754000,641816000,640754000,641816000,641968980,640754000,641816000,640754000,641816000,641968980
2024-10-14,29.7800,29.7800,,,641968980.01470020,19117836224.837771956000,640754000,641816000,640754000,641816000,641968980,640754000,641816000,640754000,641816000,641968980
2024-10-15,29.9600,29.9600,,,641968979.98517930,19233390640.355971828000,640754000,641816000,640754000,641816000,641968980,640754000,641816000,640754000,641816000,641968980
2024-10-16,30.1100,30.1100,,,641968980.01218520,19329685988.166896372000,640754000,641816000,640754000,641816000,641968980,640754000,641816000,640754000,641816000,641968980
2024-10-17,30.1800,30.1800,,,641968979.99640820,19374623816.291599476000,640754000,641816000,640754000,641816000,641968980,640754000,641816000,640754000,641816000,641968980
2024-10-18,30.1100,30.1100,,,641968980.01218520,19329685988.166896372000,640754000,641816000,640754000,641816000,641968980,640754000,641816000,640754000,641816000,641968980
2024-10-21,30.0900,30.0900,,,641968979.99549670,19316846608.064495703000,640754000,641816000,640754000,641816000,641968980,640754000,641816000,640754000,641816000,641968980
2024-10-22,29.7900,29.7900,,,641968980.00741760,19124255914.420970304000,640754000,641816000,640754000,641816000,641968980,640754000,641816000,640754000,641816000,641968980
2024-10-23,29.7500,29.7500,,,641968980.00511520,19098577155.152177200000,640754000,641816000,640754000,641816000,641968980,640754000,641816000,640754000,641816000,641968980
2024-10-24,29.4800,29.4800,,,641968979.99519150,18925245530.258245420000,640754000,641816000,640754000,641816000,641968980,640754000,641816000,640754000,641816000,641968980
2024-10-25,29.3100,29.3100,,,641968979.98229030,18816110803.280928693000,640754000,641816000,640754000,641816000,641968980,640754000,641816000,640754000,641816000,641968980
2024-10-28,29.7500,29.7500,,,651729275.98686860,19388945960.609340850000,647797000,648214000,647797000,648214000,651729276,647797000,648214000,647797000,648214000,651729276
2024-10-29,29.4300,29.4300,,,651729276.01265080,19180392593.052313044000,647797000,648214000,647797000,648214000,651729276,647797000,648214000,647797000,648214000,651729276
2024-10-30,29.2600,29.2600,,,651729276.00971780,19069598616.044342828000,647797000,648214000,647797000,648214000,651729276,647797000,648214000,647797000,648214000,651729276
2024-10-31,29.5300,29.5300,,,651729275.99254540,19245565520.059865662000,647797000,648214000,647797000,648214000,651729276,647797000,648214000,647797000,648214000,651729276
2024-11-01,28.5800,28.5800,,,651729275.99763680,18626422708.012459744000,647797000,648214000,647797000,648214000,651729276,647797000,648214000,647797000,648214000,651729276
2024-11-04,29.0200,29.0200,,,651729275.98332010,18913183589.035949302000,647797000,648214000,647797000,648214000,651729276,647797000,648214000,647797000,648214000,651729276
2024-11-05,29.5500,29.5500,,,651729275.98905130,19258600105.476465915000,647797000,648214000,647797000,648214000,651729276,647797000,648214000,647797000,648214000,651729276
2024-11-06,29.0200,29.0200,,,651729275.98332010,18913183589.035949302000,647797000,648214000,647797000,648214000,651729276,647797000,648214000,647797000,648214000,651729276
2024-11-07,29.3700,29.3700,,,651729275.98774910,19141288835.760191067000,647797000,648214000,647797000,648214000,651729276,647797000,648214000,647797000,648214000,651729276
2024-11-08,30.3900,30.3900,,,651729276.00552880,19806052697.808020232000,647797000,648214000,647797000,648214000,651729276,647797000,648214000,647797000,648214000,651729276
2024-11-11,30.0600,30.0600,,,651729275.99801660,19590982036.500378996000,647797000,648214000,647797000,648214000,651729276,647797000,648214000,647797000,648214000,651729276
2024-11-12,30.4400,30.4400,,,651729275.99702790,19838639161.349529276000,647797000,648214000,647797000,648214000,651729276,647797000,648214000,647797000,648214000,651729276
2024-11-13,30.4100,30.4100,,,651729276.00212500,19819087283.224621250000,647797000,648214000,647797000,648214000,651729276,647797000,648214000,647797000,648214000,651729276
2024-11-14,29.9800,29.9800,,,651729276.01180700,19538843694.833973860000,647797000,648214000,647797000,648214000,651729276,647797000,648214000,647797000,648214000,651729276
2024-11-15,30.8600,30.8600,,,651729275.98692210,20112365456.956416006000,647797000,648214000,647797000,648214000,651729276,647797000,648214000,647797000,648214000,651729276
2024-11-18,31.1500,31.1500,,,651729276.00099040,20301366947.430850960000,647797000,648214000,647797000,648214000,651729276,647797000,648214000,647797000,648214000,651729276
2024-11-19,31.4000,31.4000,,,651729275.99061250,20464299266.105232500000,647797000,648214000,647797000,648214000,651729276,647797000,648214000,647797000,648214000,651729276
2024-11-20,31.5700,31.5700,,,651729275.99344970,20575093243.113207029000,647797000,648214000,647797000,648214000,651729276,647797000,648214000,647797000,648214000,651729276
2024-11-21,31.7300,31.7300,,,651729276.01588480,20679369927.984024704000,647797000,648214000,647797000,648214000,651729276,647797000,648214000,647797000,648214000,651729276
2024-11-22,31.9300,31.9300,,,651729276.01179030,20809715783.056464279000,647797000,648214000,647797000,648214000,651729276,647797000,648214000,647797000,648214000,651729276
2024-11-25,32.4800,32.4800,,,651729275.99848260,21168166884.430714848000,647797000,648214000,647797000,648214000,651729276,647797000,648214000,647797000,648214000,651729276
2024-11-26,32.5300,32.5300,,,651729275.99750470,21200753348.198827891000,647797000,648214000,647797000,648214000,651729276,647797000,648214000,647797000,648214000,651729276
2024-11-27,32.6600,32.6600,,,651729275.99543490,21285478154.010903834000,647797000,648214000,647797000,648214000,651729276,647797000,648214000,647797000,648214000,651729276
2024-11-29,32.6200,32.6200,,,651729275.99483260,21259408982.951439412000,647797000,648214000,647797000,648214000,651729276,647797000,648214000,647797000,648214000,651729276
2024-12-02,31.9900,31.9900,,,651729276.00916600,20848819539.533220340000,647797000,648214000,647797000,648214000,651729276,647797000,648214000,647797000,648214000,651729276
2024-12-03,32.1300,32.1300,,,651729276.00774680,20940061638.128904684000,647797000,648214000,647797000,648214000,651729276,647797000,648214000,647797000,648214000,651729276
2024-12-04,32.3000,32.3000,,,651729276.00388500,21050855614.925485500000,647797000,648214000,647797000,648214000,651729276,647797000,648214000,647797000,648214000,651729276
2024-12-05,31.9900,31.9900,,,651729276.00916600,20848819539.533220340000,647797000,648214000,647797000,648214000,651729276,647797000,648214000,647797000,648214000,651729276
2024-12-06,31.6600,31.6600,,,651729275.98510050,20633748877.688281830000,647797000,648214000,647797000,648214000,651729276,647797000,648214000,647797000,648214000,651729276
2024-12-09,31.3600,31.3600,,,651729275.99344970,20438230095.154582592000,647797000,648214000,647797000,648214000,651729276,647797000,648214000,647797000,648214000,651729276
2024-12-10,31.3800,31.3800,,,651729275.99256960,20451264680.646834048000,647797000,648214000,647797000,648214000,651729276,647797000,648214000,647797000,648214000,651729276
2024-12-11,31.4100,31.4100,,,651729275.99244480,20470816558.922691168000,647797000,648214000,647797000,648214000,651729276,647797000,648214000,647797000,648214000,651729276
2024-12-12,31.9100,31.9100,,,651729276.01266720,20796681197.564210352000,647797000,648214000,647797000,648214000,651729276,647797000,648214000,647797000,648214000,651729276
2024-12-13,31.9400,31.9400,,,651729276.01252570,20816233075.840070858000,647797000,648214000,647797000,648214000,651729276,647797000,648214000,647797000,648214000,651729276
2024-12-16,32.0700,32.0700,,,651729276.00801960,20900957881.577188572000,647797000,648214000,647797000,648214000,651729276,647797000,648214000,647797000,648214000,651729276
2024-12-17,31.7100,31.7100,,,651729275.98411820,20666335341.456388122000,647797000,648214000,647797000,648214000,651729276,647797000,648214000,647797000,648214000,651729276
2024-12-18,31.4400,31.4400,,,651729275.98993600,20490368437.123587840000,647797000,648214000,647797000,648214000,651729276,647797000,648214000,647797000,648214000,651729276
2024-12-19,31.7600,31.7600,,,651729276.01573930,20698921806.259880168000,647797000,648214000,647797000,648214000,651729276,647797000,648214000,647797000,648214000,651729276
2024-12-20,32.5400,32.5400,,,651729275.99823080,21207270640.982430232000,647797000,648214000,647797000,648214000,651729276,647797000,648214000,647797000,648214000,651729276
2024-12-23,32.1000,32.1000,,,651729276.00788310,20920509759.853047510000,647797000,648214000,647797000,648214000,651729276,647797000,648214000,647797000,648214000,651729276
2024-12-24,32.3900,32.3900,,,651729276.00117640,21109511249.678103596000,647797000,648214000,647797000,648214000,651729276,647797000,648214000,647797000,648214000,651729276
2024-12-26,32.3700,32.3700,,,651729276.00203430,21096476664.185850291000,647797000,648214000,647797000,648214000,651729276,647797000,648214000,647797000,648214000,651729276
2024-12-27,32.2100,32.2100,,,651729276.00428160,20992199980.097910336000,647797000,648214000,647797000,648214000,651729276,647797000,648214000,647797000,648214000,651729276
2024-12-30,31.8300,31.8300,,,651729276.01383110,20744542855.520243913000,647797000,648214000,647797000,648214000,651729276,647797000,648214000,647797000,648214000,651729276
2024-12-31,31.7300,31.7300,,,651729276.01588480,20679369927.984024704000,647797000,648214000,647797000,648214000,651729276,647797000,648214000,647797000,648214000,651729276
2025-01-02,31.4900,31.4900,,,651729275.98893930,20522954900.891698557000,647797000,648214000,647797000,648214000,651729276,647797000,648214000,647797000,648214000,651729276
2025-01-03,31.6400,31.6400,,,651729275.98596800,20620714292.196027520000,647797000,648214000,647797000,648214000,651729276,647797000,648214000,647797000,648214000,651729276
2025-01-06,31.0500,31.0500,,,651729276.00120040,20236194019.837272420000,647797000,648214000,647797000,648214000,651729276,647797000,648214000,647797000,648214000,651729276
2025-01-07,30.8700,30.8700,,,651729276.00444070,20118882750.257084409000,647797000,648214000,647797000,648214000,651729276,647797000,648214000,647797000,648214000,651729276
2025-01-08,31.1700,31.1700,,,651729275.99825940,20314401532.865745498000,647797000,648214000,647797000,648214000,651729276,647797000,648214000,647797000,648214000,651729276
2025-01-10,31.1800,31.1800,,,651729275.99661290,20320918825.574390222000,647797000,648214000,647797000,648214000,651729276,647797000,648214000,647797000,648214000,651729276
2025-01-13,31.6100,31.6100,,,651729275.98608570,20601162413.920168977000,647797000,648214000,647797000,648214000,651729276,647797000,648214000,647797000,648214000,651729276
2025-01-14,31.8600,31.8600,,,651729276.01368810,20764094733.796102866000,647797000,648214000,647797000,648214000,651729276,647797000,648214000,647797000,648214000,651729276
2025-01-15,31.8700,31.8700,,,651729276.01207240,20770612026.504747388000,647797000,648214000,647797000,648214000,651729276,647797000,648214000,647797000,648214000,651729276
2025-01-16,32.8000,32.8000,,,651729275.99181800,21376720252.531630400000,647797000,648214000,647797000,648214000,651729276,647797000,648214000,647797000,648214000,651729276
2025-01-17,32.5600,32.5600,,,651729275.99737980,21220305226.474686288000,647797000,648214000,647797000,648214000,651729276,647797000,648214000,647797000,648214000,651729276
2025-01-21,33.0600,33.0600,,,651729275.98550590,21546169864.080825054000,647797000,648214000,647797000,648214000,651729276,647797000,648214000,647797000,648214000,651729276
2025-01-22,32.4400,32.4400,,,651729276.00019160,21142097713.446215504000,647797000,648214000,647797000,648214000,651729276,647797000,648214000,647797000,648214000,651729276
2025-01-23,32.4400,32.4400,,,651729276.00019160,21142097713.446215504000,647797000,648214000,647797000,648214000,651729276,647797000,648214000,647797000,648214000,651729276
2025-01-24,32.3600,32.3600,,,651729276.00130550,21089959371.402245980000,647797000,648214000,647797000,648214000,651729276,647797000,648214000,647797000,648214000,651729276
2025-01-27,32.8800,32.8800,,,651729275.98846220,21428858594.500637136000,647797000,648214000,647797000,648214000,651729276,647797000,648214000,647797000,648214000,651729276
2025-01-28,32.3100,32.3100,,,651729276.00229440,21057372907.634132064000,647797000,648214000,647797000,648214000,651729276,647797000,648214000,647797000,648214000,651729276
2025-01-29,32.3000,32.3000,,,651729276.00388500,21050855614.925485500000,647797000,648214000,647797000,648214000,651729276,647797000,648214000,647797000,648214000,651729276
2025-01-30,32.8800,32.8800,,,651729275.98846220,21428858594.500637136000,647797000,648214000,647797000,648214000,651729276,647797000,648214000,647797000,648214000,651729276
2025-01-31,32.5700,32.5700,,,651729275.99580380,21226822519.183329766000,647797000,648214000,647797000,648214000,651729276,647797000,648214000,647797000,648214000,651729276
2025-02-03,32.5100,32.5100,,,651729275.99835660,21187718762.706573066000,647797000,648214000,647797000,648214000,651729276,647797000,648214000,647797000,648214000,651729276
2025-02-04,32.1500,32.1500,,,651729276.00687890,20953096223.621156635000,647797000,648214000,647797000,648214000,651729276,647797000,648214000,647797000,648214000,651729276
2025-02-05,32.2700,32.2700,,,651729276.00401700,21031303736.649628590000,647797000,648214000,647797000,648214000,651729276,647797000,648214000,647797000,648214000,651729276
2025-02-06,32.4400,32.4400,,,651729276.00019160,21142097713.446215504000,647797000,648214000,647797000,648214000,651729276,647797000,648214000,647797000,648214000,651729276
2025-02-07,32.4000,32.4000,,,651729275.99959100,21116028542.386748400000,647797000,648214000,647797000,648214000,651729276,647797000,648214000,647797000,648214000,651729276
2025-02-10,32.3800,32.3800,,,651729276.00044780,21102993956.894499764000,647797000,648214000,647797000,648214000,651729276,647797000,648214000,647797000,648214000,651729276
2025-02-11,32.4100,32.4100,,,651729276.00031950,21122545835.170354995000,647797000,648214000,647797000,648214000,651729276,647797000,648214000,647797000,648214000,651729276
2025-02-12,32.5800,32.5800,,,651729275.99652970,21233339811.966937626000,647797000,648214000,647797000,648214000,651729276,647797000,648214000,647797000,648214000,651729276
2025-02-13,33.4300,33.4300,,,651729276.00688820,21787309696.910272526000,647797000,648214000,647797000,648214000,651729276,647797000,648214000,647797000,648214000,651729276
2025-02-14,33.4100,33.4100,,,651729276.00772270,21774275111.418015407000,647797000,648214000,647797000,648214000,651729276,647797000,648214000,647797000,648214000,651729276
2025-02-18,33.8100,33.8100,,,651729276.00008580,22034966821.562900898000,647797000,648214000,647797000,648214000,651729276,647797000,648214000,647797000,648214000,651729276
2025-02-19,34.0900,34.0900,,,651729275.99308730,22217451018.604346057000,647797000,648214000,647797000,648214000,651729276,647797000,648214000,647797000,648214000,651729276
2025-02-20,33.7300,33.7300,,,651731244.01476100,21982894860.617888530000,643163000,644137000,643163000,644137000,651731244,643163000,644137000,643163000,644137000,651731244
2025-02-21,34.2900,34.2900,,,651731244.00751210,22347864357.017589909000,643163000,644137000,643163000,644137000,651731244,643163000,644137000,643163000,644137000,651731244
2025-02-24,34.2000,34.2000,,,651731244.00301990,22289208544.903280580000,643163000,644137000,643163000,644137000,651731244,643163000,644137000,643163000,644137000,651731244
2025-02-25,34.2200,34.2200,,,651731243.99900190,22302243169.645845018000,643163000,644137000,643163000,644137000,651731244,643163000,644137000,643163000,644137000,651731244
2025-02-26,34.0400,34.0400,,,651731243.98993060,22184931545.417237624000,643163000,644137000,643163000,644137000,651731244,643163000,644137000,643163000,644137000,651731244
2025-02-27,33.7400,33.7400,,,651731244.01272010,21989412172.989176174000,643163000,644137000,643163000,644137000,651731244,643163000,644137000,643163000,644137000,651731244
2025-02-28,34.3800,34.3800,,,651731244.01198040,22406520169.131886152000,643163000,644137000,643163000,644137000,651731244,643163000,644137000,643163000,644137000,651731244
2025-03-03,34.5700,34.5700,,,651731243.98909700,22530349104.703083290000,643163000,644137000,643163000,644137000,651731244,643163000,644137000,643163000,644137000,651731244
2025-03-04,33.6900,33.6900,,,651731243.99620150,21956825610.232028535000,643163000,644137000,643163000,644137000,651731244,643163000,644137000,643163000,644137000,651731244
2025-03-05,33.8200,33.8200,,,651731243.98886740,22041550671.703495468000,643163000,644137000,643163000,644137000,651731244,643163000,644137000,643163000,644137000,651731244
2025-03-06,33.4000,33.4000,,,651731243.98642360,21767823549.146548240000,643163000,644137000,643163000,644137000,651731244,643163000,644137000,643163000,644137000,651731244
2025-03-07,34.2600,34.2600,,,651731243.98724480,22328312419.003006848000,643163000,644137000,643163000,644137000,651731244,643163000,644137000,643163000,644137000,651731244
2025-03-10,34.4300,34.4300,,,651731243.99826720,22439106730.860339696000,643163000,644137000,643163000,644137000,651731244,643163000,644137000,643163000,644137000,651731244
2025-03-11,34.5300,34.5300,,,651731244.00075080,22504279855.345925124000,643163000,644137000,643163000,644137000,651731244,643163000,644137000,643163000,644137000,651731244
2025-03-12,34.5500,34.5500,,,651731243.99677240,22517314480.088486420000,643163000,644137000,643163000,644137000,651731244,643163000,644137000,643163000,644137000,651731244
2025-03-13,34.6100,34.6100,,,651731244.01089040,22556418355.216916744000,643163000,644137000,643163000,644137000,651731244,643163000,644137000,643163000,644137000,651731244
2025-03-14,35.4800,35.4800,,,651731244.00554360,23123424537.316686928000,643163000,644137000,643163000,644137000,651731244,643163000,644137000,643163000,644137000,651731244
2025-03-17,35.5900,35.5900,,,651731244.00600050,23195114974.173557795000,643163000,644137000,643163000,644137000,651731244,643163000,644137000,643163000,644137000,651731244
2025-03-18,35.6600,35.6600,,,651731244.01416980,23240736161.545295068000,643163000,644137000,643163000,644137000,651731244,643163000,644137000,643163000,644137000,651731244
2025-03-19,35.8600,35.8600,,,651731243.99017780,23371082409.487775908000,643163000,644137000,643163000,644137000,651731244,643163000,644137000,643163000,644137000,651731244
2025-03-20,35.9600,35.9600,,,651731243.99258510,23436255533.973360196000,643163000,644137000,643163000,644137000,651731244,643163000,644137000,643163000,644137000,651731244
2025-03-21,35.7700,35.7700,,,651731243.98583920,23312426597.373468184000,643163000,644137000,643163000,644137000,651731244,643163000,644137000,643163000,644137000,651731244
2025-03-24,35.7200,35.7200,,,651731243.99902080,23279840035.645022976000,643163000,644137000,643163000,644137000,651731244,643163000,644137000,643163000,644137000,651731244
2025-03-25,35.2300,35.2300,,,651731243.98854210,22960491725.716338183000,643163000,644137000,643163000,644137000,651731244,643163000,644137000,643163000,644137000,651731244
2025-03-26,35.5400,35.5400,,,651731243.99033250,23162528411.416417050000,643163000,644137000,643163000,644137000,651731244,643163000,644137000,643163000,644137000,651731244
2025-03-27,35.6700,35.6700,,,651731244.01223930,23247253473.916575831000,643163000,644137000,643163000,644137000,651731244,643163000,644137000,643163000,644137000,651731244
2025-03-28,36.2500,36.2500,,,651731244.00162320,23625257595.058841000000,643163000,644137000,643163000,644137000,651731244,643163000,644137000,643163000,644137000,651731244
2025-03-31,36.2300,36.2300,,,651731244.00894960,23612222970.444244008000,643163000,644137000,643163000,644137000,651731244,643163000,644137000,643163000,644137000,651731244
2025-04-01,36.8000,36.8000,,,651731244.00041380,23983709779.215227840000,643163000,644137000,643163000,644137000,651731244,643163000,644137000,643163000,644137000,651731244
2025-04-02,36.9300,36.9300,,,651731243.99368240,24068434840.686691032000,643163000,644137000,643163000,644137000,651731244,643163000,644137000,643163000,644137000,651731244
2025-04-03,37.3600,37.3600,,,651731243.99397540,24348679275.614920944000,643163000,644137000,643163000,644137000,651731244,643163000,644137000,643163000,644137000,651731244
2025-04-04,36.0800,36.0800,,,651731243.99117280,23514463283.201514624000,643163000,644137000,643163000,644137000,651731244,643163000,644137000,643163000,644137000,651731244
2025-04-07,35.5000,35.5000,,,651731244.00166920,23136459162.059256600000,643163000,644137000,643163000,644137000,651731244,643163000,644137000,643163000,644137000,651731244
2025-04-08,35.5500,35.5500,,,651731243.98840210,23169045723.787694655000,643163000,644137000,643163000,644137000,651731244,643163000,644137000,643163000,644137000,651731244
2025-04-09,36.2600,36.2600,,,651731243.99972770,23631774907.430126402000,643163000,644137000,643163000,644137000,651731244,643163000,644137000,643163000,644137000,651731244
2025-04-10,36.1900,36.1900,,,651731243.98812970,23586153719.930413843000,643163000,644137000,643163000,644137000,651731244,643163000,644137000,643163000,644137000,651731244
2025-04-11,36.5800,36.5800,,,651731243.99949380,23840328905.501483204000,643163000,644137000,643163000,644137000,651731244,643163000,644137000,643163000,644137000,651731244
2025-04-14,37.2300,37.2300,,,651731243.99719260,24263954214.015480498000,643163000,644137000,643163000,644137000,651731244,643163000,644137000,643163000,644137000,651731244
2025-04-15,37.1600,37.1600,,,651731243.98933650,24218333026.643744340000,643163000,644137000,643163000,644137000,651731244,643163000,644137000,643163000,644137000,651731244
2025-04-16,36.7800,36.7800,,,651731244.00415050,23970675154.472655390000,643163000,644137000,643163000,644137000,651731244,643163000,644137000,643163000,644137000,651731244
2025-04-17,37.1600,37.1600,,,651731243.98933650,24218333026.643744340000,643163000,644137000,643163000,644137000,651731244,643163000,644137000,643163000,644137000,651731244
2025-04-21,36.4900,36.4900,,,651731243.99526380,23781673093.387176062000,643163000,644137000,643163000,644137000,651731244,643163000,644137000,643163000,644137000,651731244
2025-04-22,37.2600,37.2600,,,651731243.99166210,24283506151.129329846000,643163000,644137000,643163000,644137000,651731244,643163000,644137000,643163000,644137000,651731244
2025-04-23,37.3400,37.3400,,,651731243.99765280,24335644650.872355552000,643163000,644137000,643163000,644137000,651731244,643163000,644137000,643163000,644137000,651731244
2025-04-24,37.9000,37.9000,,,652730397.98928960,24738482083.794075840000,652161000,653319000,652161000,653319000,652730398,652161000,653319000,652161000,653319000,652730398
2025-04-25,38.1900,38.1900,,,652730398.01102230,24927773900.040941637000,652161000,653319000,652161000,653319000,652730398,652161000,653319000,652161000,653319000,652730398
2025-04-28,38.2400,38.2400,,,652730398.00178620,24960410419.588304288000,652161000,653319000,652161000,653319000,652730398,652161000,653319000,652161000,653319000,652730398
2025-04-29,38.2400,38.2400,,,652730398.00178620,24960410419.588304288000,652161000,653319000,652161000,653319000,652730398,652161000,653319000,652161000,653319000,652730398
2025-04-30,38.7800,38.7800,,,652730398.00414350,25312884834.600684930000,652161000,653319000,652161000,653319000,652730398,652161000,653319000,652161000,653319000,652730398
2025-05-01,38.6000,38.6000,,,652730397.99483510,25195393362.600634860000,652161000,653319000,652161000,653319000,652730398,652161000,653319000,652161000,653319000,652730398
2025-05-02,38.9900,38.9900,,,652730397.99695540,25449958217.901291046000,652161000,653319000,652161000,653319000,652730398,652161000,653319000,652161000,653319000,652730398
2025-05-05,38.8800,38.8800,,,652730398.01245130,25378157874.724106544000,652161000,653319000,652161000,653319000,652730398,652161000,653319000,652161000,653319000,652730398
2025-05-06,38.9200,38.9200,,,652730397.99969340,25404267090.148067128000,652161000,653319000,652161000,653319000,652730398,652161000,653319000,652161000,653319000,652730398
2025-05-07,39.0500,39.0500,,,652730397.99160180,25489122041.572050290000,652161000,653319000,652161000,653319000,652730398,652161000,653319000,652161000,653319000,652730398
2025-05-08,37.9500,37.9500,,,652730398.00711820,24771118604.370135690000,652161000,653319000,652161000,653319000,652730398,652161000,653319000,652161000,653319000,652730398
2025-05-09,37.5400,37.5400,,,652730397.99740770,24503499140.822685058000,652161000,653319000,652161000,653319000,652730398,652161000,653319000,652161000,653319000,652730398
2025-05-12,36.8500,36.8500,,,652730397.99564500,24053115166.139518250000,652161000,653319000,652161000,653319000,652730398,652161000,653319000,652161000,653319000,652730398
2025-05-13,36.6600,36.6600,,,652730398.00995020,23929096391.044774332000,652161000,653319000,652161000,653319000,652730398,652161000,653319000,652161000,653319000,652730398
2025-05-14,36.5700,36.5700,,,652730398.00505210,23870350655.044755297000,652161000,653319000,652161000,653319000,652730398,652161000,653319000,652161000,653319000,652730398
2025-05-15,37.2300,37.2300,,,652730397.99068390,24301152717.193161597000,652161000,653319000,652161000,653319000,652730398,652161000,653319000,652161000,653319000,652730398
2025-05-16,37.5200,37.5200,,,652730397.99422240,24490444532.743224448000,652161000,653319000,652161000,653319000,652730398,652161000,653319000,652161000,653319000,652730398
2025-05-19,37.6600,37.6600,,,652730398.00819420,24581826788.988593572000,652161000,653319000,652161000,653319000,652730398,652161000,653319000,652161000,653319000,652730398
2025-05-20,37.4600,37.4600,,,652730398.00411080,24451280709.233990568000,652161000,653319000,652161000,653319000,652730398,652161000,653319000,652161000,653319000,652730398
2025-05-21,37.2200,37.2200,,,652730397.98794530,24294625413.111324066000,652161000,653319000,652161000,653319000,652730398,652161000,653319000,652161000,653319000,652730398
2025-05-22,37.1400,37.1400,,,652730397.99132220,24242406981.397706508000,652161000,653319000,652161000,653319000,652730398,652161000,653319000,652161000,653319000,652730398
2025-05-23,37.5700,37.5700,,,652730398.00886700,24523081053.193133190000,652161000,653319000,652161000,653319000,652730398,652161000,653319000,652161000,653319000,652730398
2025-05-27,37.7300,37.7300,,,652730398.00105150,24627517916.579673095000,652161000,653319000,652161000,653319000,652730398,652161000,653319000,652161000,653319000,652730398
2025-05-28,37.1800,37.1800,,,652730398.00338270,24268516197.765768786000,652161000,653319000,652161000,653319000,652730398,652161000,653319000,652161000,653319000,652730398
2025-05-29,37.1100,37.1100,,,652730398.01063560,24222825070.174687116000,652161000,653319000,652161000,653319000,652730398,652161000,653319000,652161000,653319000,652730398
2025-05-30,37.2400,37.2400,,,652730397.99342120,24307680021.275005488000,652161000,653319000,652161000,653319000,652730398,652161000,653319000,652161000,653319000,652730398
2025-06-02,37.4500,37.4500,,,652730398.00139250,24444753405.152149125000,652161000,653319000,652161000,653319000,652730398,652161000,653319000,652161000,653319000,652730398
2025-06-03,37.4400,37.4400,,,652730397.99758580,24438226101.029612352000,652161000,653319000,652161000,653319000,652730398,652161000,653319000,652161000,653319000,652730398
2025-06-04,37.0000,37.0000,,,652730398.00472570,24151024726.174850900000,652161000,653319000,652161000,653319000,652730398,652161000,653319000,652161000,653319000,652730398
2025-06-05,36.8300,36.8300,,,652730398.00995030,24040060558.706469549000,652161000,653319000,652161000,653319000,652730398,652161000,653319000,652161000,653319000,652730398
2025-06-06,36.6100,36.6100,,,652730398.00022340,23896459870.788178674000,652161000,653319000,652161000,653319000,652730398,652161000,653319000,652161000,653319000,652730398
2025-06-09,36.5400,36.5400,,,652730398.00646970,23850768743.156402838000,652161000,653319000,652161000,653319000,652730398,652161000,653319000,652161000,653319000,652730398
2025-06-10,36.2500,36.2500,,,652730398.00293360,23661476927.606343000000,652161000,653319000,652161000,653319000,652730398,652161000,653319000,652161000,653319000,652730398
2025-06-11,36.0300,36.0300,,,652730397.99300730,23517876239.688053019000,652161000,653319000,652161000,653319000,652730398,652161000,653319000,652161000,653319000,652730398
2025-06-12,36.4100,36.4100,,,652730397.99597850,23765913791.033577185000,652161000,653319000,652161000,653319000,652730398,652161000,653319000,652161000,653319000,652730398
2025-06-13,36.3700,36.3700,,,652730398.01176860,23739804575.688023982000,652161000,653319000,652161000,653319000,652730398,652161000,653319000,652161000,653319000,652730398
2025-06-16,35.9700,35.9700,,,652730398.00330320,23478712416.178816104000,652161000,653319000,652161000,653319000,652730398,652161000,653319000,652161000,653319000,652730398
2025-06-17,35.7200,35.7200,,,652730398.01222900,23315529816.996819880000,652161000,653319000,652161000,653319000,652730398,652161000,653319000,652161000,653319000,652730398
2025-06-18,35.5600,35.5600,,,652730397.99063750,23211092952.547069500000,652161000,653319000,652161000,653319000,652730398,652161000,653319000,652161000,653319000,652730398
2025-06-20,35.7400,35.7400,,,652730397.98931130,23328584424.137985862000,652161000,653319000,652161000,653319000,652730398,652161000,653319000,652161000,653319000,652730398
2025-06-23,36.2700,36.2700,,,652730398.00966980,23674531535.810723646000,652161000,653319000,652161000,653319000,652730398,652161000,653319000,652161000,653319000,652730398
2025-06-24,36.4800,36.4800,,,652730397.98861440,23811604918.624653312000,652161000,653319000,652161000,653319000,652730398,652161000,653319000,652161000,653319000,652730398
2025-06-25,36.3000,36.3000,,,652730397.98991010,23694113447.033736630000,652161000,653319000,652161000,653319000,652730398,652161000,653319000,652161000,653319000,652730398
2025-06-26,36.5800,36.5800,,,652730397.99075880,23876877958.501956904000,652161000,653319000,652161000,653319000,652730398,652161000,653319000,652161000,653319000,652730398
2025-06-27,36.3700,36.3700,,,652730398.01176860,23739804575.688023982000,652161000,653319000,652161000,653319000,652730398,652161000,653319000,652161000,653319000,652730398
2025-06-30,36.7400,36.7400,,,652730398.01064260,23981314822.911009124000,652161000,653319000,652161000,653319000,652730398,652161000,653319000,652161000,653319000,652730398
2025-07-01,36.5200,36.5200,,,652730398.00089600,23837714134.992721920000,652161000,653319000,652161000,653319000,652730398,652161000,653319000,652161000,653319000,652730398
2025-07-02,35.7700,35.7700,,,652730397.99899950,23348166336.424212115000,652161000,653319000,652161000,653319000,652730398,652161000,653319000,652161000,653319000,652730398
2025-07-03,35.9400,35.9400,,,652730397.99367260,23459130503.892593244000,652161000,653319000,652161000,653319000,652730398,652161000,653319000,652161000,653319000,652730398
2025-07-07,36.2400,36.2400,,,652730398.00012410,23654949623.524497384000,652161000,653319000,652161000,653319000,652730398,652161000,653319000,652161000,653319000,652730398
2025-07-08,35.8000,35.8000,,,652730398.00753460,23367748248.669738680000,652161000,653319000,652161000,653319000,652730398,652161000,653319000,652161000,653319000,652730398
2025-07-09,36.0700,36.0700,,,652730398.00543710,23543985456.056116197000,652161000,653319000,652161000,653319000,652730398,652161000,653319000,652161000,653319000,652730398
2025-07-10,36.2200,36.2200,,,652730397.99450060,23641895015.360811732000,652161000,653319000,652161000,653319000,652730398,652161000,653319000,652161000,653319000,652730398
2025-07-11,36.1400,36.1400,,,652730397.99798550,23589676583.647195970000,652161000,653319000,652161000,653319000,652730398,652161000,653319000,652161000,653319000,652730398
2025-07-14,36.2100,36.2100,,,652730397.99168670,23635367711.278975407000,652161000,653319000,652161000,653319000,652730398,652161000,653319000,652161000,653319000,652730398
2025-07-15,36.0400,36.0400,,,652730397.99583510,23524403543.769897004000,652161000,653319000,652161000,653319000,652730398,652161000,653319000,652161000,653319000,652730398
2025-07-16,36.0900,36.0900,,,652730398.01107800,23557040064.219805020000,652161000,653319000,652161000,653319000,652730398,652161000,653319000,652161000,653319000,652730398
2025-07-17,36.5000,36.5000,,,652730397.99420110,23824659526.788340150000,652161000,653319000,652161000,653319000,652730398,652161000,653319000,652161000,653319000,652730398
2025-07-18,37.2400,37.2400,,,652730397.99342120,24307680021.275005488000,652161000,653319000,652161000,653319000,652730398,652161000,653319000,652161000,653319000,652730398
2025-07-21,37.4200,37.4200,,,652730397.99214120,24425171492.865923704000,652161000,653319000,652161000,653319000,652730398,652161000,653319000,652161000,653319000,652730398
2025-07-22,37.7600,37.7600,,,652730398.01021970,24647099828.865895872000,652161000,653319000,652161000,653319000,652730398,652161000,653319000,652161000,653319000,652730398
2025-07-23,37.1200,37.1200,,,652730398.01337650,24229352374.256535680000,652161000,653319000,652161000,653319000,652730398,652161000,653319000,652161000,653319000,652730398
2025-07-24,37.8400,37.8400,,,652866877.99605490,24704482663.370717416000,652783000,654044000,652783000,654044000,652866878,652783000,654044000,652783000,654044000,652866878
2025-07-25,38.3600,38.3600,,,652866878.01042230,25043973440.479799428000,652783000,654044000,652783000,654044000,652866878,652783000,654044000,652783000,654044000,652866878
2025-07-28,37.3000,37.3000,,,652866877.99489020,24351934549.209404460000,652783000,654044000,652783000,654044000,652866878,652783000,654044000,652783000,654044000,652866878
2025-07-29,38.2900,38.2900,,,652866877.99589290,24998272758.462739141000,652783000,654044000,652783000,654044000,652866878,652783000,654044000,652783000,654044000,652866878
2025-07-30,38.4600,38.4600,,,652866877.99262490,25109260127.596353654000,652783000,654044000,652783000,654044000,652866878,652783000,654044000,652783000,654044000,652866878
2025-07-31,38.8200,38.8200,,,652866877.99944150,25344292203.938319030000,652783000,654044000,652783000,654044000,652866878,652783000,654044000,652783000,654044000,652866878
2025-08-01,38.8100,38.8100,,,652866878.01009610,25337763535.571829641000,652783000,654044000,652783000,654044000,652866878,652783000,654044000,652783000,654044000,652866878
2025-08-04,39.1600,39.1600,,,652866878.00114370,25566266942.524787292000,652783000,654044000,652783000,654044000,652866878,652783000,654044000,652783000,654044000,652866878
2025-08-05,38.9300,38.9300,,,652866877.99753100,25416107560.443881830000,652783000,654044000,652783000,654044000,652866878,652783000,654044000,652783000,654044000,652866878
2025-08-06,38.6000,38.6000,,,652866878.00329530,25200661490.927198580000,652783000,654044000,652783000,654044000,652866878,652783000,654044000,652783000,654044000,652866878
2025-08-07,38.8700,38.8700,,,652866877.99065090,25376935547.496600483000,652783000,654044000,652783000,654044000,652866878,652783000,654044000,652783000,654044000,652866878
2025-08-08,38.8300,38.8300,,,652866877.98879270,25350820872.304820541000,652783000,654044000,652783000,654044000,652866878,652783000,654044000,652783000,654044000,652866878
2025-08-11,38.5700,38.5700,,,652866877.99071600,25181075484.101916120000,652783000,654044000,652783000,654044000,652866878,652783000,654044000,652783000,654044000,652866878
2025-08-12,38.4700,38.4700,,,652866878.00845750,25115788796.985360025000,652783000,654044000,652783000,654044000,652866878,652783000,654044000,652783000,654044000,652866878
2025-08-13,38.6300,38.6300,,,652866877.99764940,25220247497.049196322000,652783000,654044000,652783000,654044000,652866878,652783000,654044000,652783000,654044000,652866878
2025-08-14,38.4400,38.4400,,,652866877.99583970,25096202790.160078068000,652783000,654044000,652783000,654044000,652866878,652783000,654044000,652783000,654044000,652866878
2025-08-15,38.1200,38.1200,,,652866877.99081560,24887285389.009890672000,652783000,654044000,652783000,654044000,652866878,652783000,654044000,652783000,654044000,652866878
2025-08-18,37.7300,37.7300,,,652866877.99801620,24632667306.865151226000,652783000,654044000,652783000,654044000,652866878,652783000,654044000,652783000,654044000,652866878
2025-08-19,38.2100,38.2100,,,652866878.01053290,24946043408.782462109000,652783000,654044000,652783000,654044000,652866878,652783000,654044000,652783000,654044000,652866878
2025-08-20,38.5000,38.5000,,,652866877.99449710,25135374802.788138350000,652783000,654044000,652783000,654044000,652866878,652783000,654044000,652783000,654044000,652866878
2025-08-21,38.0000,38.0000,,,652866877.99983940,24808941363.993897200000,652783000,654044000,652783000,654044000,652866878,652783000,654044000,652783000,654044000,652866878
2025-08-22,38.0500,38.0500,,,652866877.98921610,24841584707.489672605000,652783000,654044000,652783000,654044000,652866878,652783000,654044000,652783000,654044000,652866878
2025-08-25,37.7000,37.7000,,,652866877.99168870,24613081300.286663990000,652783000,654044000,652783000,654044000,652866878,652783000,654044000,652783000,654044000,652866878
2025-08-26,37.7000,37.7000,,,652866877.99168870,24613081300.286663990000,652783000,654044000,652783000,654044000,652866878,652783000,654044000,652783000,654044000,652866878
2025-08-27,37.7300,37.7300,,,652866877.99436280,24632667306.727308444000,652783000,654044000,652783000,654044000,652866878,652783000,654044000,652783000,654044000,652866878
2025-08-28,37.4800,37.4800,,,652866878.00246850,24469450587.532519380000,652783000,654044000,652783000,654044000,652866878,652783000,654044000,652783000,654044000,652866878
2025-08-29,37.7100,37.7100,,,652866877.98920510,24619609968.972924321000,652783000,654044000,652783000,654044000,652866878,652783000,654044000,652783000,654044000,652866878
2025-09-02,37.9400,37.9400,,,652866877.99453350,24769769351.112600990000,652783000,654044000,652783000,654044000,652866878,652783000,654044000,652783000,654044000,652866878
2025-09-03,37.6200,37.6200,,,652866878.00817760,24560851950.667641312000,652783000,654044000,652783000,654044000,652866878,652783000,654044000,652783000,654044000,652866878
2025-09-04,37.4600,37.4600,,,652866877.99728060,24456393249.778131276000,652783000,654044000,652783000,654044000,652866878,652783000,654044000,652783000,654044000,652866878
2025-09-05,37.7800,37.7800,,,652866878.01058100,24665310651.239750180000,652783000,654044000,652783000,654044000,652866878,652783000,654044000,652783000,654044000,652866878
2025-09-08,37.3200,37.3200,,,652866878.00001100,24364991886.960410520000,652783000,654044000,652783000,654044000,652866878,652783000,654044000,652783000,654044000,652866878
2025-09-09,37.5400,37.5400,,,652866877.98919960,24508622599.714552984000,652783000,654044000,652783000,654044000,652866878,652783000,654044000,652783000,654044000,652866878
2025-09-10,37.7900,37.7900,,,652866878.00809790,24671839319.926019641000,652783000,654044000,652783000,654044000,652866878,652783000,654044000,652783000,654044000,652866878
2025-09-11,38.2400,38.2400,,,652866878.00261070,24965629414.819833168000,652783000,654044000,652783000,654044000,652866878,652783000,654044000,652783000,654044000,652866878
2025-09-12,38.2400,38.2400,,,652866878.00261070,24965629414.819833168000,652783000,654044000,652783000,654044000,652866878,652783000,654044000,652783000,654044000,652866878
2025-09-15,38.2900,38.2900,,,652866877.99205040,24998272758.315609816000,652783000,654044000,652783000,654044000,652866878,652783000,654044000,652783000,654044000,652866878
2025-09-16,37.6500,37.6500,,,652866878.01084450,24580437957.108295425000,652783000,654044000,652783000,654044000,652866878,652783000,654044000,652783000,654044000,652866878
2025-09-17,38.0500,38.0500,,,652866877.98921610,24841584707.489672605000,652783000,654044000,652783000,654044000,652866878,652783000,654044000,652783000,654044000,652866878
2025-09-18,38.0700,38.0700,,,652866878.00266520,24854642045.561464164000,652783000,654044000,652783000,654044000,652866878,652783000,654044000,652783000,654044000,652866878
2025-09-19,38.0200,38.0200,,,652866878.01330050,24821998702.065685010000,652783000,654044000,652783000,654044000,652866878,652783000,654044000,652783000,654044000,652866878
2025-09-22,38.1700,38.1700,,,652866877.99979760,24919928733.252274392000,652783000,654044000,652783000,654044000,652866878,652783000,654044000,652783000,654044000,652866878
2025-09-23,38.8000,38.8000,,,652866877.99202920,25331234866.090732960000,652783000,654044000,652783000,654044000,652866878,652783000,654044000,652783000,654044000,652866878
2025-09-24,39.0100,39.0100,,,652866877.99220750,25468336910.476014575000,652783000,654044000,652783000,654044000,652866878,652783000,654044000,652783000,654044000,652866878
2025-09-25,38.3100,38.3100,,,652866877.99712860,25011330096.069996666000,652783000,654044000,652783000,654044000,652866878,652783000,654044000,652783000,654044000,652866878
2025-09-26,38.8100,38.8100,,,652866878.00763360,25337763535.476260016000,652783000,654044000,652783000,654044000,652866878,652783000,654044000,652783000,654044000,652866878
2025-09-29,39.1300,39.1300,,,652866878.00252020,25546680936.238615426000,652783000,654044000,652783000,654044000,652866878,652783000,654044000,652783000,654044000,652866878
2025-09-30,38.8000,38.8000,,,652866877.99202920,25331234866.090732960000,652783000,654044000,652783000,654044000,652866878,652783000,654044000,652783000,654044000,652866878
2025-10-01,38.1700,38.1700,,,652866877.99979760,24919928733.252274392000,652783000,654044000,652783000,654044000,652866878,652783000,654044000,652783000,654044000,652866878
2025-10-02,38.2900,38.2900,,,652866877.99205040,24998272758.315609816000,652783000,654044000,652783000,654044000,652866878,652783000,654044000,652783000,654044000,652866878
2025-10-03,38.8600,38.8600,,,652866877.99722150,25370406878.972027490000,652783000,654044000,652783000,654044000,652866878,652783000,654044000,652783000,654044000,652866878
2025-10-06,39.4600,39.4600,,,652866878.01283590,25762127006.386504614000,652783000,654044000,652783000,654044000,652866878,652783000,654044000,652783000,654044000,652866878
2025-10-07,39.4300,39.4300,,,652866878.01029300,25742540999.945852990000,652783000,654044000,652783000,654044000,652866878,652783000,654044000,652783000,654044000,652866878
2025-10-08,39.5600,39.5600,,,652866878.01004330,25827413694.077312948000,652783000,654044000,652783000,654044000,652866878,652783000,654044000,652783000,654044000,652866878
2025-10-09,39.1100,39.1100,,,652866877.98943560,25533623598.166826316000,652783000,654044000,652783000,654044000,652866878,652783000,654044000,652783000,654044000,652866878
2025-10-10,39.2400,39.2400,,,652866877.99734180,25618496292.615692232000,652783000,654044000,652783000,654044000,652866878,652783000,654044000,652783000,654044000,652866878
2025-10-13,39.1900,39.1900,,,652866878.00765290,25585852949.119917151000,652783000,654044000,652783000,654044000,652866878,652783000,654044000,652783000,654044000,652866878
2025-10-14,39.4900,39.4900,,,652866877.98963000,25781713011.810488700000,652783000,654044000,652783000,654044000,652866878,652783000,654044000,652783000,654044000,652866878
2025-10-15,39.8600,39.8600,,,652866877.99216970,26023273756.767884242000,652783000,654044000,652783000,654044000,652866878,652783000,654044000,652783000,654044000,652866878
2025-10-16,39.6700,39.6700,,,652866878.00490010,25899229050.454386967000,652783000,654044000,652783000,654044000,652866878,652783000,654044000,652783000,654044000,652866878
2025-10-17,39.6400,39.6400,,,652866878.00236480,25879643044.013740672000,652783000,654044000,652783000,654044000,652866878,652783000,654044000,652783000,654044000,652866878
2025-10-20,40.2200,40.2200,,,652866878.00488360,26258305833.356418392000,652783000,654044000,652783000,654044000,652866878,652783000,654044000,652783000,654044000,652866878
2025-10-21,40.0300,40.0300,,,652866877.99216230,26134261126.026256869000,652783000,654044000,652783000,654044000,652866878,652783000,654044000,652783000,654044000,652866878
2025-10-22,40.0500,40.0500,,,652866878.00494500,26147318464.098047250000,652783000,654044000,652783000,654044000,652866878,652783000,654044000,652783000,654044000,652866878
2025-10-23,39.6000,39.6000,,,652870273.01108060,25853662811.238791760000,652862000,656028000,652862000,656028000,652870273,652862000,656028000,652862000,656028000,652870273
2025-10-24,39.5300,39.5300,,,652870273.00620590,25807961891.935319227000,652862000,656028000,652862000,656028000,652870273,652862000,656028000,652862000,656028000,652870273
2025-10-27,39.7400,39.7400,,,652870272.99589380,25945064648.856819612000,652862000,656028000,652862000,656028000,652870273,652862000,656028000,652862000,656028000,652870273
2025-10-28,39.5200,39.5200,,,652870272.99785700,25801433188.875308640000,652862000,656028000,652862000,656028000,652870273,652862000,656028000,652862000,656028000,652870273
2025-10-29,38.9500,38.9500,,,652870272.99968160,25429297133.337598320000,652862000,656028000,652862000,656028000,652870273,652862000,656028000,652862000,656028000,652870273
2025-10-30,38.9100,38.9100,,,652870272.99259770,25403182322.141976507000,652862000,656028000,652862000,656028000,652870273,652862000,656028000,652862000,656028000,652870273
2025-10-31,38.2400,38.2400,,,652870272.98999550,24965759239.137427920000,652862000,656028000,652862000,656028000,652870273,652862000,656028000,652862000,656028000,652870273
2025-11-03,38.4200,38.4200,,,652870273.00801000,25083275888.967744200000,652862000,656028000,652862000,656028000,652870273,652862000,656028000,652862000,656028000,652870273
2025-11-04,38.7400,38.7400,,,652870273.00950790,25292194376.388336046000,652862000,656028000,652862000,656028000,652870273,652862000,656028000,652862000,656028000,652870273
2025-11-05,38.8600,38.8600,,,652870273.00387980,25370538808.930769028000,652862000,656028000,652862000,656028000,652870273,652862000,656028000,652862000,656028000,652870273
2025-11-06,38.9900,38.9900,,,652870273.00603900,25455411944.505460610000,652862000,656028000,652862000,656028000,652870273,652862000,656028000,652862000,656028000,652870273
2025-11-07,39.4100,39.4100,,,652870273.01174550,25729617459.392890155000,652862000,656028000,652862000,656028000,652870273,652862000,656028000,652862000,656028000,652870273
2025-11-10,39.4800,39.4800,,,652870272.99087370,25775318377.679693676000,652862000,656028000,652862000,656028000,652870273,652862000,656028000,652862000,656028000,652870273
2025-11-11,39.6900,39.6900,,,652870273.00694430,25912421135.645619267000,652862000,656028000,652862000,656028000,652870273,652862000,656028000,652862000,656028000,652870273
2025-11-12,39.5800,39.5800,,,652870272.99511180,25840605405.146525044000,652862000,656028000,652862000,656028000,652870273,652862000,656028000,652862000,656028000,652870273
2025-11-13,39.5800,39.5800,,,652870272.99511180,25840605405.146525044000,652862000,656028000,652862000,656028000,652870273,652862000,656028000,652862000,656028000,652870273
2025-11-14,39.7400,39.7400,,,652870272.99589380,25945064648.856819612000,652862000,656028000,652862000,656028000,652870273,652862000,656028000,652862000,656028000,652870273
2025-11-17,40.1800,40.1800,,,652870272.99203220,26232327568.819853796000,652862000,656028000,652862000,656028000,652870273,652862000,656028000,652862000,656028000,652870273
2025-11-18,39.9900,39.9900,,,652870272.99259670,26108282216.973942033000,652862000,656028000,652862000,656028000,652870273,652862000,656028000,652862000,656028000,652870273
2025-11-19,39.6100,39.6100,,,652870272.99374230,25860191513.282132503000,652862000,656028000,652862000,656028000,652870273,652862000,656028000,652862000,656028000,652870273
2025-11-20,39.5900,39.5900,,,652870272.99378930,25847134107.824118387000,652862000,656028000,652862000,656028000,652870273,652862000,656028000,652862000,656028000,652870273
2025-11-21,39.5600,39.5600,,,652870272.99584960,25827547999.715810176000,652862000,656028000,652862000,656028000,652870273,652862000,656028000,652862000,656028000,652870273
2025-11-24,39.7200,39.7200,,,652870272.99106570,25932007243.205129604000,652862000,656028000,652862000,656028000,652870273,652862000,656028000,652862000,656028000,652870273
2025-11-25,39.4100,39.4100,,,652870273.00899930,25729617459.284662413000,652862000,656028000,652862000,656028000,652870273,652862000,656028000,652862000,656028000,652870273
2025-11-26,39.9500,39.9500,,,652870272.98839660,26082167405.886444170000,652862000,656028000,652862000,656028000,652870273,652862000,656028000,652862000,656028000,652870273
2025-11-28,39.9800,39.9800,,,652870273.01096000,26101753514.978180800000,652862000,656028000,652862000,656028000,652870273,652862000,656028000,652862000,656028000,652870273
2025-12-01,39.1300,39.1300,,,652870272.99856600,25546813782.433887580000,652862000,656028000,652862000,656028000,652870273,652862000,656028000,652862000,656028000,652870273
2025-12-02,38.3500,38.3500,,,652870272.98850570,25037574969.109193595000,652862000,656028000,652862000,656028000,652870273,652862000,656028000,652862000,656028000,652870273
2025-12-03,38.3800,38.3800,,,652870273.01272870,25057161078.228527506000,652862000,656028000,652862000,656028000,652870273,652862000,656028000,652862000,656028000,652870273
2025-12-04,38.5400,38.5400,,,652870273.00701200,25161620321.690242480000,652862000,656028000,652862000,656028000,652870273,652862000,656028000,652862000,656028000,652870273
2025-12-05,38.4300,38.4300,,,652870272.99920280,25089804591.359363604000,652862000,656028000,652862000,656028000,652870273,652862000,656028000,652862000,656028000,652870273
2025-12-08,38.1100,38.1100,,,652870273.00992720,24880886104.408325592000,652862000,656028000,652862000,656028000,652870273,652862000,656028000,652862000,656028000,652870273
2025-12-09,37.9300,37.9300,,,652870272.99988010,24763369454.885452193000,652862000,656028000,652862000,656028000,652870273,652862000,656028000,652862000,656028000,652870273
2025-12-10,37.4800,37.4800,,,652870272.98672300,24469577831.542378040000,652862000,656028000,652862000,656028000,652870273,652862000,656028000,652862000,656028000,652870273
2025-12-11,37.3300,37.3300,,,652870272.99982940,24371647291.083631502000,652862000,656028000,652862000,656028000,652870273,652862000,656028000,652862000,656028000,652870273
2025-12-12,37.8400,37.8400,,,652870273.00781510,24704611130.615723384000,652862000,656028000,652862000,656028000,652870273,652862000,656028000,652862000,656028000,652870273
2025-12-15,38.2000,38.2000,,,652870273.00204320,24939644428.678050240000,652862000,656028000,652862000,656028000,652870273,652862000,656028000,652862000,656028000,652870273
2025-12-16,38.0500,38.0500,,,652870272.98911670,24841713887.235890435000,652862000,656028000,652862000,656028000,652870273,652862000,656028000,652862000,656028000,652870273
2025-12-17,38.3100,38.3100,,,652870273.00989120,25011460159.008931872000,652862000,656028000,652862000,656028000,652870273,652862000,656028000,652862000,656028000,652870273
2025-12-18,38.2400,38.2400,,,652870273.00704320,24965759239.789331968000,652862000,656028000,652862000,656028000,652870273,652862000,656028000,652862000,656028000,652870273
2025-12-19,37.6000,37.6000,,,652870273.00276150,24547922264.903832400000,652862000,656028000,652862000,656028000,652870273,652862000,656028000,652862000,656028000,652870273
2025-12-22,37.8000,37.8000,,,652870273.00203280,24678496319.476839840000,652862000,656028000,652862000,656028000,652870273,652862000,656028000,652862000,656028000,652870273
2025-12-23,37.9700,37.9700,,,652870273.00491800,24789484265.996736460000,652862000,656028000,652862000,656028000,652870273,652862000,656028000,652862000,656028000,652870273
2025-12-24,38.2000,38.2000,,,652870273.00204320,24939644428.678050240000,652862000,656028000,652862000,656028000,652870273,652862000,656028000,652862000,656028000,652870273
2025-12-26,38.2900,38.2900,,,652870272.99419640,24998402752.947780156000,652862000,656028000,652862000,656028000,652870273,652862000,656028000,652862000,656028000,652870273
2025-12-29,38.4200,38.4200,,,652870272.99137930,25083275888.328792706000,652862000,656028000,652862000,656028000,652870273,652862000,656028000,652862000,656028000,652870273
2025-12-30,38.6100,38.6100,,,652870273.00983790,25207321240.909841319000,652862000,656028000,652862000,656028000,652870273,652862000,656028000,652862000,656028000,652870273
2025-12-31,38.3400,38.3400,,,652870273.00703290,25031046267.089641386000,652862000,656028000,652862000,656028000,652870273,652862000,656028000,652862000,656028000,652870273
2026-01-02,38.7300,38.7300,,,652870272.99923250,25285665673.260274725000,652862000,656028000,652862000,656028000,652870273,652862000,656028000,652862000,656028000,652870273
2026-01-05,38.1000,38.1000,,,652870273.00204060,24874357401.377746860000,652862000,656028000,652862000,656028000,652870273,652862000,656028000,652862000,656028000,652870273
2026-01-06,38.2400,38.2400,,,652870273.00704320,24965759239.789331968000,652862000,656028000,652862000,656028000,652870273,652862000,656028000,652862000,656028000,652870273
2026-01-07,37.7500,37.7500,,,652870272.98900590,24645852805.334972725000,652862000,656028000,652862000,656028000,652870273,652862000,656028000,652862000,656028000,652870273
2026-01-08,38.0000,38.0000,,,652870273.00203800,24809070374.077444000000,652862000,656028000,652862000,656028000,652870273,652862000,656028000,652862000,656028000,652870273
2026-01-09,37.8900,37.8900,,,652870272.99410310,24737254643.746566459000,652862000,656028000,652862000,656028000,652870273,652862000,656028000,652862000,656028000,652870273
2026-01-12,37.8800,37.8800,,,652870273.01285660,24730725941.727008008000,652862000,656028000,652862000,656028000,652870273,652862000,656028000,652862000,656028000,652870273
2026-01-13,38.6000,38.6000,,,652870273.00205350,25200792537.879265100000,652862000,656028000,652862000,656028000,652870273,652862000,656028000,652862000,656028000,652870273
2026-01-14,39.0600,39.0600,,,652870272.99646430,25501112863.241895558000,652862000,656028000,652862000,656028000,652870273,652862000,656028000,652862000,656028000,652870273
2026-01-15,39.3100,39.3100,,,652870273.00901450,25664330431.984359995000,652862000,656028000,652862000,656028000,652870273,652862000,656028000,652862000,656028000,652870273
2026-01-16,39.7100,39.7100,,,652870273.00895440,25925478541.185579224000,652862000,656028000,652862000,656028000,652870273,652862000,656028000,652862000,656028000,652870273
2026-01-20,39.3000,39.3000,,,652870273.00136860,25657801728.953785980000,652862000,656028000,652862000,656028000,652870273,652862000,656028000,652862000,656028000,652870273
2026-01-21,39.5300,39.5300,,,652870272.99861120,25807961891.635100736000,652862000,656028000,652862000,656028000,652870273,652862000,656028000,652862000,656028000,652870273
2026-01-22,38.8700,38.8700,,,652870273.00416420,25377067511.671862454000,652862000,656028000,652862000,656028000,652870273,652862000,656028000,652862000,656028000,652870273
2026-01-23,38.7800,38.7800,,,652870273.01191690,25318309187.402137382000,652862000,656028000,652862000,656028000,652870273,652862000,656028000,652862000,656028000,652870273
2026-01-26,39.4200,39.4200,,,652870272.99097470,25736146161.304222674000,652862000,656028000,652862000,656028000,652870273,652862000,656028000,652862000,656028000,652870273
2026-01-27,39.8300,39.8300,,,652870272.99864450,26003822973.536010435000,652862000,656028000,652862000,656028000,652870273,652862000,656028000,652862000,656028000,652870273
2026-01-28,39.7900,39.7900,,,652870272.99314210,25977708162.397124159000,652862000,656028000,652862000,656028000,652870273,652862000,656028000,652862000,656028000,652870273
2026-01-29,39.5900,39.5900,,,652870272.99378930,25847134107.824118387000,652862000,656028000,652862000,656028000,652870273,652862000,656028000,652862000,656028000,652870273
2026-01-30,39.6900,39.6900,,,652870272.99311720,25912421135.096821668000,652862000,656028000,652862000,656028000,652870273,652862000,656028000,652862000,656028000,652870273
2026-02-02,39.3800,39.3800,,,652870273.01178160,25710031351.203959408000,652862000,656028000,652862000,656028000,652870273,652862000,656028000,652862000,656028000,652870273
2026-02-03,40.1900,40.1900,,,652870272.99324060,26238856271.598339714000,652862000,656028000,652862000,656028000,652870273,652862000,656028000,652862000,656028000,652870273
2026-02-04,40.3500,40.3500,,,652870272.98785770,26343315515.060058195000,652862000,656028000,652862000,656028000,652870273,652862000,656028000,652862000,656028000,652870273
2026-02-05,40.2200,40.2200,,,652870272.99052830,26258442379.679048226000,652862000,656028000,652862000,656028000,652870273,652862000,656028000,652862000,656028000,652870273
2026-02-06,40.0500,40.0500,,,652870272.98843320,26147454433.186749660000,652862000,656028000,652862000,656028000,652870273,652862000,656028000,652862000,656028000,652870273
2026-02-09,40.2500,40.2500,,,652870272.98782000,26278028487.759755000000,652862000,656028000,652862000,656028000,652870273,652862000,656028000,652862000,656028000,652870273
2026-02-10,40.9700,40.9700,,,652870273.00275890,26748095084.923032133000,652862000,656028000,652862000,656028000,652870273,652862000,656028000,652862000,656028000,652870273
2026-02-11,41.0500,41.0500,,,652870272.98811650,26800324706.162182325000,652862000,656028000,652862000,656028000,652870273,652862000,656028000,652862000,656028000,652870273
2026-02-12,41.6600,41.6600,,,652870272.99488660,27198575572.966975756000,652862000,656028000,652862000,656028000,652870273,652862000,656028000,652862000,656028000,652870273
2026-02-13,42.5200,42.5200,,,652870272.98990640,27760044007.530820128000,652862000,656028000,652862000,656028000,652870273,652862000,656028000,652862000,656028000,652870273
2026-02-17,42.6500,42.6500,,,652870273.01108680,27844917143.922852020000,652862000,656028000,652862000,656028000,652870273,652862000,656028000,652862000,656028000,652870273
2026-02-18,41.9300,41.9300,,,652870272.99754770,27374850546.787175061000,652862000,656028000,652862000,656028000,652870273,652862000,656028000,652862000,656028000,652870273
2026-02-19,42.6400,42.6400,,,652873584.01048860,27838529622.207233904000,652671000,655650000,652671000,655650000,652873584,652671000,655650000,652671000,655650000,652873584
2026-02-20,43.0000,43.0000,,,652873584.00033660,28073564112.014473800000,652671000,655650000,652671000,655650000,652873584,652671000,655650000,652671000,655650000,652873584
2026-02-23,42.8900,42.8900,,,652873584.00243810,28001748017.864570109000,652671000,655650000,652671000,655650000,652873584,652671000,655650000,652671000,655650000,652873584
2026-02-24,42.8000,42.8000,,,652873583.99699300,27942989395.071300400000,652671000,655650000,652671000,655650000,652873584,652671000,655650000,652671000,655650000,652873584
2026-02-25,43.1900,43.1900,,,652873583.99992550,28197610092.956782345000,652671000,655650000,652671000,655650000,652873584,652671000,655650000,652671000,655650000,652873584
2026-02-26,43.0100,43.0100,,,652873583.98907800,28080092847.370244780000,652671000,655650000,652671000,655650000,652873584,652671000,655650000,652671000,655650000,652873584
2026-02-27,43.5000,43.5000,,,652873584.00114640,28400000904.049868400000,652671000,655650000,652671000,655650000,652873584,652671000,655650000,652671000,655650000,652873584
2026-03-02,43.3400,43.3400,,,652873584.00612470,28295541130.825444498000,652671000,655650000,652671000,655650000,652873584,652671000,655650000,652671000,655650000,652873584
2026-03-03,43.3900,43.3900,,,652873584.00322570,28328184809.899963123000,652671000,655650000,652671000,655650000,652873584,652671000,655650000,652671000,655650000,652873584
2026-03-04,44.0200,44.0200,,,652873584.00924620,28739495168.087017724000,652671000,655650000,652671000,655650000,652873584,652671000,655650000,652671000,655650000,652873584
2026-03-05,43.4000,43.4000,,,652873584.00693180,28334713545.900840120000,652671000,655650000,652671000,655650000,652873584,652671000,655650000,652671000,655650000,652873584
2026-03-06,43.6100,43.6100,,,652873583.99907770,28471816998.199778497000,652671000,655650000,652671000,655650000,652873584,652671000,655650000,652671000,655650000,652873584
2026-03-09,43.4800,43.4800,,,652873584.00858400,28386943432.693232320000,652671000,655650000,652671000,655650000,652873584,652671000,655650000,652671000,655650000,652873584
2026-03-10,43.1600,43.1600,,,652873583.99534070,28178023885.238904612000,652671000,655650000,652671000,655650000,652873584,652671000,655650000,652671000,655650000,652873584
2026-03-11,42.9500,42.9500,,,652873584.01164900,28040920433.300324550000,652671000,655650000,652671000,655650000,652873584,652671000,655650000,652671000,655650000,652873584
2026-03-12,43.4000,43.4000,,,652873584.00693180,28334713545.900840120000,652671000,655650000,652671000,655650000,652873584,652671000,655650000,652671000,655650000,652873584
2026-03-13,44.0100,44.0100,,,652873583.99740460,28732966431.725776446000,652671000,655650000,652671000,655650000,652873584,652671000,655650000,652671000,655650000,652873584
2026-03-16,44.1400,44.1400,,,652873584.01082470,28817839998.237802258000,652671000,655650000,652671000,655650000,652873584,652671000,655650000,652671000,655650000,652873584
2026-03-17,43.6600,43.6600,,,652873584.01098050,28504460677.919408630000,652671000,655650000,652671000,655650000,652873584,652671000,655650000,652671000,655650000,652873584
2026-03-18,43.2300,43.2300,,,652873584.00822440,28223725036.675540812000,652671000,655650000,652671000,655650000,652873584,652671000,655650000,652671000,655650000,652873584
2026-03-19,43.2500,43.2500,,,652873584.00074400,28236782508.032178000000,652671000,655650000,652671000,655650000,652873584,652671000,655650000,652671000,655650000,652873584
2026-03-20,42.0200,42.0200,,,652873584.00811650,27433748000.021055330000,652671000,655650000,652671000,655650000,652873584,652671000,655650000,652671000,655650000,652873584
2026-03-23,41.7600,41.7600,,,652873584.00389090,27264000868.002483984000,652671000,655650000,652671000,655650000,652873584,652671000,655650000,652671000,655650000,652873584
2026-03-24,41.8800,41.8800,,,652873584.00556990,27342345698.153267412000,652671000,655650000,652671000,655650000,652873584,652671000,655650000,652671000,655650000,652873584
2026-03-25,42.0700,42.0700,,,652873584.00512420,27466391679.095575094000,652671000,655650000,652671000,655650000,652873584,652671000,655650000,652671000,655650000,652873584
2026-03-26,42.3300,42.3300,,,652873584.00931130,27636138811.114147329000,652671000,655650000,652671000,655650000,652873584,652671000,655650000,652671000,655650000,652873584
2026-03-27,42.3800,42.3800,,,652873584.00633940,27668782490.188663772000,652671000,655650000,652671000,655650000,652873584,652671000,655650000,652671000,655650000,652873584
2026-03-30,42.9900,42.9900,,,652873583.99659470,28067035376.013606153000,652671000,655650000,652671000,655650000,652873584,652671000,655650000,652671000,655650000,652873584
2026-03-31,43.1600,43.1600,,,652873583.99534070,28178023885.238904612000,652671000,655650000,652671000,655650000,652873584,652671000,655650000,652671000,655650000,652873584
2026-04-01,43.2500,43.2500,,,652873584.00074400,28236782508.032178000000,652671000,655650000,652671000,655650000,652873584,652671000,655650000,652671000,655650000,652873584
2026-04-02,43.7100,43.7100,,,652873584.00809720,28537104356.993928612000,652671000,655650000,652671000,655650000,652873584,652671000,655650000,652671000,655650000,652873584
2026-04-06,43.5900,43.5900,,,652873584.00649560,28458759526.843143204000,652671000,655650000,652671000,655650000,652873584,652671000,655650000,652671000,655650000,652873584
2026-04-07,43.6000,43.6000,,,652873584.01018390,28465288262.844018040000,652671000,655650000,652671000,655650000,652873584,652671000,655650000,652671000,655650000,652873584
2026-04-08,43.6800,43.6800,,,652873584.00357260,28517518149.276051168000,652671000,655650000,652671000,655650000,652873584,652671000,655650000,652671000,655650000,652873584
2026-04-09,44.1300,44.1300,,,652873584.00718160,28811311262.236924008000,652671000,655650000,652671000,655650000,652873584,652671000,655650000,652671000,655650000,652873584
2026-04-10,43.3900,43.3900,,,652873584.00322570,28328184809.899963123000,652671000,655650000,652671000,655650000,652873584,652671000,655650000,652671000,655650000,652873584
2026-04-13,42.7300,42.7300,,,652873583.99239480,27897288243.995029804000,652671000,655650000,652671000,655650000,652873584,652671000,655650000,652671000,655650000,652873584
2026-04-14,42.9000,42.9000,,,652873583.99114990,28008276753.220330710000,652671000,655650000,652671000,655650000,652873584,652671000,655650000,652671000,655650000,652873584
2026-04-15,42.4800,42.4800,,,652873583.99193350,27734069847.977335080000,652671000,655650000,652671000,655650000,652873584,652671000,655650000,652671000,655650000,652873584
2026-04-16,43.2100,43.2100,,,652873583.99244210,28210667564.313423141000,652671000,655650000,652671000,655650000,652873584,652671000,655650000,652671000,655650000,652873584
2026-04-17,43.0000,43.0000,,,652873584.00033660,28073564112.014473800000,652671000,655650000,652671000,655650000,652873584,652671000,655650000,652671000,655650000,652873584
2026-04-20,42.7000,42.7000,,,652873584.01130270,27877702037.282625290000,652671000,655650000,652671000,655650000,652873584,652671000,655650000,652671000,655650000,652873584
2026-04-21,42.2500,42.2500,,,652873583.99234650,27583908923.676639625000,652671000,655650000,652671000,655650000,652873584,652671000,655650000,652671000,655650000,652873584
2026-04-22,42.1200,42.1200,,,652873583.99358330,27499035357.809728596000,652671000,655650000,652671000,655650000,652873584,652671000,655650000,652671000,655650000,652873584
2026-04-23,43.1800,43.1800,,,654171479.98947490,28247124505.945526182000,653417000,659393000,653417000,659393000,654171480,653417000,659393000,653417000,659393000,654171480
2026-04-24,42.4700,42.4700,,,654171479.99346570,27782662755.322488279000,653417000,659393000,653417000,659393000,654171480,653417000,659393000,653417000,659393000,654171480
2026-04-27,42.8900,42.8900,,,654171480.00890840,28057414777.582081276000,653417000,659393000,653417000,659393000,654171480,653417000,659393000,653417000,659393000,654171480
2026-04-28,43.1300,43.1300,,,654171480.00242450,28214415932.504568685000,653417000,659393000,653417000,659393000,654171480,653417000,659393000,653417000,659393000,654171480
2026-04-29,42.8200,42.8200,,,654171479.98910460,28011622773.133458972000,653417000,659393000,653417000,659393000,654171480,653417000,659393000,653417000,659393000,654171480
2026-04-30,43.6500,43.6500,,,654171479.99530090,28554585101.794884285000,653417000,659393000,653417000,659393000,654171480,653417000,659393000,653417000,659393000,654171480
2026-05-01,43.3500,43.3500,,,654171480.00649440,28358333658.281532240000,653417000,659393000,653417000,659393000,654171480,653417000,659393000,653417000,659393000,654171480
2026-05-04,43.3200,43.3200,,,654171479.98913750,28338708513.129436500000,653417000,659393000,653417000,659393000,654171480,653417000,659393000,653417000,659393000,654171480
2026-05-05,43.5300,43.5300,,,654171480.00831540,28476084524.761969362000,653417000,659393000,653417000,659393000,654171480,653417000,659393000,653417000,659393000,654171480
2026-05-06,42.3300,42.3300,,,654171479.99382410,27691078748.138574153000,653417000,659393000,653417000,659393000,654171480,653417000,659393000,653417000,659393000,654171480
2026-05-07,42.2400,42.2400,,,654171480.00476090,27632203315.401100416000,653417000,659393000,653417000,659393000,654171480,653417000,659393000,653417000,659393000,654171480
2026-05-08,41.7200,41.7200,,,654171479.99170940,27292034145.254116168000,653417000,659393000,653417000,659393000,654171480,653417000,659393000,653417000,659393000,654171480
2026-05-11,42.2700,42.2700,,,654171480.00228360,27651828459.696527772000,653417000,659393000,653417000,659393000,654171480,653417000,659393000,653417000,659393000,654171480
2026-05-12,42.1300,42.1300,,,654171480.00267300,27560244452.512613490000,653417000,659393000,653417000,659393000,654171480,653417000,659393000,653417000,659393000,654171480
2026-05-13,42.1600,42.1600,,,654171480.00019090,27579869596.808048344000,653417000,659393000,653417000,659393000,654171480,653417000,659393000,653417000,659393000,654171480
2026-05-14,42.5400,42.5400,,,654171479.98978920,27828454758.765632568000,653417000,659393000,653417000,659393000,654171480,653417000,659393000,653417000,659393000,654171480
2026-05-15,41.5300,41.5300,,,654171480.00552010,27167741564.629249753000,653417000,659393000,653417000,659393000,654171480,653417000,659393000,653417000,659393000,654171480
2026-05-18,41.7200,41.7200,,,654171479.99170940,27292034145.254116168000,653417000,659393000,653417000,659393000,654171480,653417000,659393000,653417000,659393000,654171480
2026-05-19,42.5000,42.5000,,,654171480.01116670,27802287900.474584750000,653417000,659393000,653417000,659393000,654171480,653417000,659393000,653417000,659393000,654171480
2026-05-20,42.2400,42.2400,,,654171480.00476090,27632203315.401100416000,653417000,659393000,653417000,659393000,654171480,653417000,659393000,653417000,659393000,654171480
2026-05-21,42.4700,42.4700,,,654171480.00941850,27782662756.000003695000,653417000,659393000,653417000,659393000,654171480,653417000,659393000,653417000,659393000,654171480
2026-05-22,42.8300,42.8300,,,654171479.99066080,28018164488.000002064000,653417000,659393000,653417000,659393000,654171480,653417000,659393000,653417000,659393000,654171480
2026-05-26,42.9300,42.9300,,,654171479.99068250,28083581635.999999725000,653417000,659393000,653417000,659393000,654171480,653417000,659393000,653417000,659393000,654171480
2026-05-27,43.0700,43.0700,,,654171480.00928720,28175165643.999999704000,653417000,659393000,653417000,659393000,654171480,653417000,659393000,653417000,659393000,654171480
2026-05-28,42.2200,42.2200,,,654171480.00947420,27619119886.000000724000,653417000,659393000,653417000,659393000,654171480,653417000,659393000,653417000,659393000,654171480
2026-05-29,42.2600,42.2600,,,654171480.00473260,27645286744.999999676000,653417000,659393000,653417000,659393000,654171480,653417000,659393000,653417000,659393000,654171480
2026-06-01,41.2900,41.2900,,,654171479.99515620,27010740408.999999498000,653417000,659393000,653417000,659393000,654171480,653417000,659393000,653417000,659393000,654171480
2026-06-02,41.7300,41.7300,,,654171479.99041460,27298575860.000001258000,653417000,659393000,653417000,659393000,654171480,653417000,659393000,653417000,659393000,654171480
2026-06-03,41.5400,41.5400,,,654171479.99518540,27174283279.000001516000,653417000,659393000,653417000,659393000,654171480,653417000,659393000,653417000,659393000,654171480
2026-06-04,41.8500,41.8500,,,654171480.00000000,27377076438.000000000000,653417000,659393000,653417000,659393000,654171480,653417000,659393000,653417000,659393000,654171480
2026-06-05,42.6900,42.6900,,,654171479.99531510,27926580481.000001619000,653417000,659393000,653417000,659393000,654171480,653417000,659393000,653417000,659393000,654171480
2026-06-08,41.8500,41.8500,,,654171480.00000000,27377076438.000000000000,653417000,659393000,653417000,659393000,654171480,653417000,659393000,653417000,659393000,654171480
2026-06-09,42.3900,42.3900,,,654171479.99528190,27730329036.999999741000,653417000,659393000,653417000,659393000,654171480,653417000,659393000,653417000,659393000,654171480
2026-06-10,42.7400,42.7400,,,654171479.99532060,27959289055.000002444000,653417000,659393000,653417000,659393000,654171480,653417000,659393000,653417000,659393000,654171480
2026-06-11,42.5500,42.5500,,,654171480.00000000,27834996474.000000000000,653417000,659393000,653417000,659393000,654171480,653417000,659393000,653417000,659393000,654171480
2026-06-12,42.9000,42.9000,,,654171480.00000000,28063956492.000000000000,653417000,659393000,653417000,659393000,654171480,653417000,659393000,653417000,659393000,654171480
2026-06-15,43.0700,43.0700,,,654171480.00928720,28175165643.999999704000,653417000,659393000,653417000,659393000,654171480,653417000,659393000,653417000,659393000,654171480
2026-06-16,43.3500,43.3500,,,654171480.00000000,28358333658.000000000000,653417000,659393000,653417000,659393000,654171480,653417000,659393000,653417000,659393000,654171480
2026-06-17,42.6300,42.6300,,,654171479.99061690,27887330191.999998447000,653417000,659393000,653417000,659393000,654171480,653417000,659393000,653417000,659393000,654171480
2026-06-18,42.8200,42.8200,,,654171480.00934150,28011622774.000003030000,653417000,659393000,653417000,659393000,654171480,653417000,659393000,653417000,659393000,654171480
2026-06-22,43.1200,43.1200,,,654171480.00927650,28207874218.000002680000,653417000,659393000,653417000,659393000,654171480,653417000,659393000,653417000,659393000,654171480
2026-06-23,43.5000,43.5000,,,654171480.00000000,28456459380.000000000000,653417000,659393000,653417000,659393000,654171480,653417000,659393000,653417000,659393000,654171480
2026-06-24,43.8600,43.8600,,,654171480.00456000,28691961113.000001600000,653417000,659393000,653417000,659393000,654171480,653417000,659393000,653417000,659393000,654171480
2026-06-25,44.2200,44.2200,,,654171480.00904570,28927462846.000000854000,653417000,659393000,653417000,659393000,654171480,653417000,659393000,653417000,659393000,654171480
2026-06-26,45.0400,45.0400,,,654171479.99555960,29463883459.000004384000,653417000,659393000,653417000,659393000,654171480,653417000,659393000,653417000,659393000,654171480
2026-06-29,44.7900,44.7900,,,654171479.99553480,29300340589.000003692000,653417000,659393000,653417000,659393000,654171480,653417000,659393000,653417000,659393000,654171480
2026-06-30,44.0400,44.0400,,,654171479.99545870,28809711979.000001148000,653417000,659393000,653417000,659393000,654171480,653417000,659393000,653417000,659393000,654171480
2026-07-01,43.7300,43.7300,,,654169479.99085300,28606831360.000001690000,653417000,659393000,653417000,659393000,654171480,653417000,659393000,653417000,659393000,654171480
2026-07-02,44.6100,44.6100,,,654169480.00448330,29182500503.000000013000,653417000,659393000,653417000,659393000,654171480,653417000,659393000,653417000,659393000,654171480
2026-07-06,44.0000,44.0000,,,654169480.00000000,28783457120.000000000000,653417000,659393000,653417000,659393000,654171480,653417000,659393000,653417000,659393000,654171480
2026-07-07,44.4800,44.4800,,,654169479.99100720,29097458470.000000256000,653417000,659393000,653417000,659393000,654171480,653417000,659393000,653417000,659393000,654171480
2026-07-08,44.0500,44.0500,,,654169480.00000000,28816165594.000000000000,653417000,659393000,653417000,659393000,654171480,653417000,659393000,653417000,659393000,654171480
2026-07-09,43.3200,43.3200,,,654169480.00923360,28338621873.999999552000,653417000,659393000,653417000,659393000,654171480,653417000,659393000,653417000,659393000,654171480
2026-07-10,43.5400,43.5400,,,654169479.99540650,28482539158.999999010000,653417000,659393000,653417000,659393000,654171480,653417000,659393000,653417000,659393000,654171480
2026-07-13,44.1300,44.1300,,,654169479.99093580,28868499151.999996854000,653417000,659393000,653417000,659393000,654171480,653417000,659393000,653417000,659393000,654171480
2026-07-14,43.7600,43.7600,,,654169480.00457040,28626456445.000000704000,653417000,659393000,653417000,659393000,654171480,653417000,659393000,653417000,659393000,654171480
2026-07-15,42.7200,42.7200,,,654169480.00936330,27946120186.000000176000,653417000,659393000,653417000,659393000,654171480,653417000,659393000,653417000,659393000,654171480
2026-07-16,43.3400,43.3400,,,654169479.99538530,28351705262.999998902000,653417000,659393000,653417000,659393000,654171480,653417000,659393000,653417000,659393000,654171480
2026-07-17,43.1300,43.1300,,,654169479.99072560,28214329671.999995128000,653417000,659393000,653417000,659393000,654171480,653417000,659393000,653417000,659393000,654171480
2026-07-20,42.9900,42.9900,,,654169479.99534770,28122745944.999997623000,653417000,659393000,653417000,659393000,654171480,653417000,659393000,653417000,659393000,654171480
2026-07-21,42.7200,42.7200,,,654169480.00936330,27946120186.000000176000,653417000,659393000,653417000,659393000,654171480,653417000,659393000,653417000,659393000,654171480
2026-07-22,43.6800,43.6800,,,654169479.99084250,28574122886.000000400000,653417000,659393000,653417000,659393000,654171480,653417000,659393000,653417000,659393000,654171480
2026-07-23,44.2300,44.2300,,,654169479.99095640,28933916100.000001572000,653417000,659393000,653417000,659393000,654171480,653417000,659393000,653417000,659393000,654171480
2026-07-24,44.5600,44.5600,,,654169480.00448830,29149792028.999998648000,653417000,659393000,653417000,659393000,654171480,653417000,659393000,653417000,659393000,654171480
