"m_date","m_close","m_close_split_adjusted","s_split_date_numerator","s_split_date_denominator","m_shares_outstanding","c_market_cap","fis_weighted_average_basic_shares_outstanding","fis_weighted_average_diluted_shares_outstanding","fis_adjusted_weighted_average_basic_shares_outstanding","fis_adjusted_weighted_average_diluted_shares_outstanding","fis_adjusted_weighted_average_basic_and_diluted_shares_outstanding","c_normalized_weighted_average_basic_shares_outstanding","c_normalized_weighted_average_diluted_shares_outstanding","c_normalized_adjusted_weighted_average_basic_shares_outstanding","c_normalized_adjusted_weighted_average_diluted_shares_outstanding","c_normalized_adjusted_weighted_average_basic_and_diluted_shares_outstanding"
2016-07-28,18.3500,18.3500,,,,,,,,,,,,,,
2016-07-29,18.2700,18.2700,,,,,,,,,,,,,,
2016-08-01,18.4100,18.4100,,,,,,,,,,,,,,
2016-08-02,18.6000,18.6000,,,,,,,,,,,,,,
2016-08-03,18.2500,18.2500,,,,,,,,,,,,,,
2016-08-04,18.3400,18.3400,,,,,,,,,,,,,,
2016-08-05,18.8100,18.8100,,,,,,,,,,,,,,
2016-08-08,19.3900,19.3900,,,,,,,,,,,,,,
2016-08-09,19.6100,19.6100,,,,,,,,,,,,,,
2016-08-10,19.5900,19.5900,,,,,,,,,,,,,,
2016-08-11,19.6500,19.6500,,,,,,,,,,,,,,
2016-08-12,19.4100,19.4100,,,,,,,,,,,,,,
2016-08-15,19.8200,19.8200,,,,,,,,,,,,,,
2016-08-16,19.4500,19.4500,,,,,,,,,,,,,,
2016-08-17,19.6100,19.6100,,,,,,,,,,,,,,
2016-08-18,19.7200,19.7200,,,,,,,,,,,,,,
2016-08-19,19.9400,19.9400,,,,,,,,,,,,,,
2016-08-22,20.7100,20.7100,,,,,,,,,,,,,,
2016-08-23,20.4400,20.4400,,,,,,,,,,,,,,
2016-08-24,20.0000,20.0000,,,,,,,,,,,,,,
2016-08-25,20.0000,20.0000,,,,,,,,,,,,,,
2016-08-26,20.4600,20.4600,,,,,,,,,,,,,,
2016-08-29,20.4300,20.4300,,,,,,,,,,,,,,
2016-08-30,20.5200,20.5200,,,,,,,,,,,,,,
2016-08-31,20.8000,20.8000,,,,,,,,,,,,,,
2016-09-01,20.5300,20.5300,,,,,,,,,,,,,,
2016-09-02,20.3908,20.3908,,,,,,,,,,,,,,
2016-09-06,20.8100,20.8100,,,,,,,,,,,,,,
2016-09-07,21.1500,21.1500,,,20968706.994642798,443488152.9366951777000,15386653,15469119,15386653,15469119,20968707,,,,,20968707
2016-09-08,21.3200,21.3200,,,20968706.986343180,447052832.9488365976000,15386653,15469119,15386653,15469119,20968707,,,,,20968707
2016-09-09,21.0000,21.0000,,,20968707.007215260,440342847.1515204600000,15386653,15469119,15386653,15469119,20968707,,,,,20968707
2016-09-12,20.6700,20.6700,,,20968707.001658972,433423173.7242909512400,15386653,15469119,15386653,15469119,20968707,,,,,20968707
2016-09-13,20.1200,20.1200,,,20968706.976458356,421890384.3663421227200,15386653,15469119,15386653,15469119,20968707,,,,,20968707
2016-09-14,20.2200,20.2200,,,20968707.004616752,423987255.6333507254400,15386653,15469119,15386653,15469119,20968707,,,,,20968707
2016-09-15,20.4700,20.4700,,,20968706.988543700,429229432.0554895390000,15386653,15469119,15386653,15469119,20968707,,,,,20968707
2016-09-16,19.8100,19.8100,,,20968706.979502037,415390085.2639353529700,15386653,15469119,15386653,15469119,20968707,,,,,20968707
2016-09-19,20.2600,20.2600,,,20968707.013171950,424826004.0868637070000,15386653,15469119,15386653,15469119,20968707,,,,,20968707
2016-09-20,20.6400,20.6400,,,20968707.005860683,432794112.6009644971200,15386653,15469119,15386653,15469119,20968707,,,,,20968707
2016-09-21,20.7500,20.7500,,,20968707.010417804,435100670.4661694330000,15386653,15469119,15386653,15469119,20968707,,,,,20968707
2016-09-22,20.8000,20.8000,,,20968706.996051934,436149105.5178802272000,15386653,15469119,15386653,15469119,20968707,,,,,20968707
2016-09-23,21.5200,21.5200,,,20968707.022440977,451246575.1229298250400,15386653,15469119,15386653,15469119,20968707,,,,,20968707
2016-09-26,21.6500,21.6500,,,20968706.983119250,453972506.1845317625000,15386653,15469119,15386653,15469119,20968707,,,,,20968707
2016-09-27,22.0900,22.0900,,,20968706.988632917,463198737.3789011365300,15386653,15469119,15386653,15469119,20968707,,,,,20968707
2016-09-28,22.3300,22.3300,,,20968706.995201180,468231227.2028423494000,15386653,15469119,15386653,15469119,20968707,,,,,20968707
2016-09-29,21.3300,21.3300,,,20968707.001908075,447262520.3506992397500,15386653,15469119,15386653,15469119,20968707,,,,,20968707
2016-09-30,22.0000,22.0000,,,20968706.994258095,461311553.8736780900000,15386653,15469119,15386653,15469119,20968707,,,,,20968707
2016-10-03,22.6400,22.6400,,,20968706.998165924,474731526.4384765193600,15386653,15469119,15386653,15469119,20968707,,,,,20968707
2016-10-04,22.2400,22.2400,,,20968707.000792228,466344043.6976191507200,15386653,15469119,15386653,15469119,20968707,,,,,20968707
2016-10-05,21.5800,21.5800,,,20968706.986693150,452504696.7728381770000,15386653,15469119,15386653,15469119,20968707,,,,,20968707
2016-10-06,21.2100,21.2100,,,20968707.019674520,444746275.8872965692000,15386653,15469119,15386653,15469119,20968707,,,,,20968707
2016-10-07,20.9600,20.9600,,,20968706.986392953,439504098.4347962948800,15386653,15469119,15386653,15469119,20968707,,,,,20968707
2016-10-10,21.1600,21.1600,,,20968706.985124048,443697839.8052248556800,15386653,15469119,15386653,15469119,20968707,,,,,20968707
2016-10-11,21.4400,21.4400,,,20968707.006338816,449569078.2159042150400,15386653,15469119,15386653,15469119,20968707,,,,,20968707
2016-10-12,21.7200,21.7200,,,20968707.020872870,455440316.4933587364000,15386653,15469119,15386653,15469119,20968707,,,,,20968707
2016-10-13,21.9100,21.9100,,,20968706.993848875,459424370.2352288512500,15386653,15469119,15386653,15469119,20968707,,,,,20968707
2016-10-14,21.8400,21.8400,,,20968707.003514730,457956560.9567617032000,15386653,15469119,15386653,15469119,20968707,,,,,20968707
2016-10-17,22.2200,22.2200,,,20968706.996888520,465924669.4708629144000,15386653,15469119,15386653,15469119,20968707,,,,,20968707
2016-10-18,22.8100,22.8100,,,20968707.013763730,478296206.9839506813000,15386653,15469119,15386653,15469119,20968707,,,,,20968707
2016-10-19,22.7400,22.7400,,,20968707.017249737,476828397.5722590193800,15386653,15469119,15386653,15469119,20968707,,,,,20968707
2016-10-20,22.7600,22.7600,,,20968706.981629197,477247770.9018805237200,15386653,15469119,15386653,15469119,20968707,,,,,20968707
2016-10-21,22.4800,22.4800,,,20968707.007186860,471376533.5215606128000,15386653,15469119,15386653,15469119,20968707,,,,,20968707
2016-10-24,22.5000,22.5000,,,20968707.011036314,471795907.7483170650000,15386653,15469119,15386653,15469119,20968707,,,,,20968707
2016-10-25,22.6500,22.6500,,,20968706.977336620,474941213.0366744430000,15386653,15469119,15386653,15469119,20968707,,,,,20968707
2016-10-26,22.7500,22.7500,,,20968707.002359636,477038084.3036817190000,15386653,15469119,15386653,15469119,20968707,,,,,20968707
2016-10-27,22.7200,22.7200,,,20968707.013446410,476409023.3455024352000,15386653,15469119,15386653,15469119,20968707,,,,,20968707
2016-10-28,22.8200,22.8200,,,20968706.993082773,478505893.5821488798600,15386653,15469119,15386653,15469119,20968707,,,,,20968707
2016-10-31,24.0500,24.0500,,,20968707.012891310,504297403.6600360055000,15386653,15469119,15386653,15469119,20968707,,,,,20968707
2016-11-01,23.2400,23.2400,,,20968706.994395970,487312750.5497623428000,15386653,15469119,15386653,15469119,20968707,,,,,20968707
2016-11-02,23.3100,23.3100,,,20968706.991053432,488780559.9614554999200,15386653,15469119,15386653,15469119,20968707,,,,,20968707
2016-11-03,23.0000,23.0000,,,20968706.988079187,482280260.7258213010000,15386653,15469119,15386653,15469119,20968707,,,,,20968707
2016-11-04,24.0400,24.0400,,,20968706.989662090,504087716.0314766436000,15386653,15469119,15386653,15469119,20968707,,,,,20968707
2016-11-07,23.4300,23.4300,,,20968707.013315980,491296805.3219934114000,15386653,15469119,15386653,15469119,20968707,,,,,20968707
2016-11-08,23.9700,23.9700,,,20968706.998456825,502619906.7530100952500,15386653,15469119,15386653,15469119,20968707,,,,,20968707
2016-11-09,24.1100,24.1100,,,20968706.986444212,505555525.4431699513200,15386653,15469119,15386653,15469119,20968707,,,,,20968707
2016-11-10,25.3200,25.3200,,,20968707.002144553,530927661.2943000819600,20656207,20741400,20656207,20741400,20968707,20656207,20741400,20656207,20741400,20968707
2016-11-11,26.8500,26.8500,,,20968707.001089840,563009782.9792622040000,20656207,20741400,20656207,20741400,20968707,20656207,20741400,20656207,20741400,20968707
2016-11-14,27.4800,27.4800,,,20968706.988672793,576220068.0487283516400,20656207,20741400,20656207,20741400,20968707,20656207,20741400,20656207,20741400,20968707
2016-11-15,27.3300,27.3300,,,20968707.016478980,573074762.7603705234000,20656207,20741400,20656207,20741400,20968707,20656207,20741400,20656207,20741400,20968707
2016-11-16,26.0500,26.0500,,,20968707.005664020,546234817.4975477210000,20656207,20741400,20656207,20741400,20968707,20656207,20741400,20656207,20741400,20968707
2016-11-17,26.6900,26.6900,,,20968707.013696940,559654790.1955713286000,20656207,20741400,20656207,20741400,20968707,20656207,20741400,20656207,20741400,20968707
2016-11-18,27.2400,27.2400,,,20968706.983288825,571187578.2247875930000,20656207,20741400,20656207,20741400,20968707,20656207,20741400,20656207,20741400,20968707
2016-11-21,27.9900,27.9900,,,20968706.990167603,586914108.6547912079700,20656207,20741400,20656207,20741400,20968707,20656207,20741400,20656207,20741400,20968707
2016-11-22,28.4200,28.4200,,,20968707.010941680,595930653.2509625456000,20656207,20741400,20656207,20741400,20968707,20656207,20741400,20656207,20741400,20968707
2016-11-23,28.6900,28.6900,,,20968707.002434943,601592203.8998585146700,20656207,20741400,20656207,20741400,20968707,20656207,20741400,20656207,20741400,20968707
2016-11-25,28.7800,28.7800,,,20968707.002720896,603479387.5383073868800,20656207,20741400,20656207,20741400,20968707,20656207,20741400,20656207,20741400,20968707
2016-11-28,28.2600,28.2600,,,20968707.018189907,592575660.3340467718200,20656207,20741400,20656207,20741400,20968707,20656207,20741400,20656207,20741400,20968707
2016-11-29,27.9500,27.9500,,,20968706.986329097,586075360.2678982611500,20656207,20741400,20656207,20741400,20968707,20656207,20741400,20656207,20741400,20968707
2016-11-30,28.5100,28.5100,,,20968706.987986580,597817836.2274973958000,20656207,20741400,20656207,20741400,20968707,20656207,20741400,20656207,20741400,20968707
2016-12-01,27.1700,27.1700,,,20968707.005549625,569719769.3407833112500,20656207,20741400,20656207,20741400,20968707,20656207,20741400,20656207,20741400,20968707
2016-12-02,27.2200,27.2200,,,20968706.999486110,570768204.5260119142000,20656207,20741400,20656207,20741400,20968707,20656207,20741400,20656207,20741400,20968707
2016-12-05,28.1800,28.1800,,,20968706.990630740,590898162.9959742532000,20656207,20741400,20656207,20741400,20968707,20656207,20741400,20656207,20741400,20968707
2016-12-06,29.5300,29.5300,,,20968706.997739520,619205917.6432480256000,20656207,20741400,20656207,20741400,20968707,20656207,20741400,20656207,20741400,20968707
2016-12-07,29.8900,29.8900,,,20968707.016692646,626754652.7289431889400,20656207,20741400,20656207,20741400,20968707,20656207,20741400,20656207,20741400,20968707
2016-12-08,30.0800,30.0800,,,20968707.010333247,630738706.8708240697600,20656207,20741400,20656207,20741400,20968707,20656207,20741400,20656207,20741400,20968707
2016-12-09,30.4300,30.4300,,,20968707.010481417,638077754.3289495193100,20656207,20741400,20656207,20741400,20968707,20656207,20741400,20656207,20741400,20968707
2016-12-12,30.5900,30.5900,,,20968706.983218620,641432746.6166575858000,20656207,20741400,20656207,20741400,20968707,20656207,20741400,20656207,20741400,20968707
2016-12-13,30.0000,30.0000,,,20968706.989947750,629061209.6984325000000,20656207,20741400,20656207,20741400,20968707,20656207,20741400,20656207,20741400,20968707
2016-12-14,29.8100,29.8100,,,20968706.996194307,625077155.5565522916700,20656207,20741400,20656207,20741400,20968707,20656207,20741400,20656207,20741400,20968707
2016-12-15,30.3400,30.3400,,,20968707.005851205,636190570.5575255597000,20656207,20741400,20656207,20741400,20968707,20656207,20741400,20656207,20741400,20968707
2016-12-16,31.0300,31.0300,,,20968706.988276083,650658977.8462068554900,20656207,20741400,20656207,20741400,20968707,20656207,20741400,20656207,20741400,20968707
2016-12-19,31.5400,31.5400,,,20968706.990728814,661353018.4875867935600,20656207,20741400,20656207,20741400,20968707,20656207,20741400,20656207,20741400,20968707
2016-12-20,31.9000,31.9000,,,20968707.008566850,668901753.5732825150000,20656207,20741400,20656207,20741400,20968707,20656207,20741400,20656207,20741400,20968707
2016-12-21,32.2700,32.2700,,,20968707.015525248,676660175.3909997529600,20656207,20741400,20656207,20741400,20968707,20656207,20741400,20656207,20741400,20968707
2016-12-22,32.7100,32.7100,,,20968706.984378540,685886405.4590220434000,20656207,20741400,20656207,20741400,20968707,20656207,20741400,20656207,20741400,20968707
2016-12-23,33.2700,33.2700,,,20968706.985831720,697628881.4186213244000,20656207,20741400,20656207,20741400,20968707,20656207,20741400,20656207,20741400,20968707
2016-12-27,33.5300,33.5300,,,20968707.012641220,703080746.1338601066000,20656207,20741400,20656207,20741400,20968707,20656207,20741400,20656207,20741400,20968707
2016-12-28,34.6700,34.6700,,,20968706.987341322,726985071.2511236337400,20656207,20741400,20656207,20741400,20968707,20656207,20741400,20656207,20741400,20968707
2016-12-29,34.4700,34.4700,,,20968707.002530318,722791330.3772200614600,20656207,20741400,20656207,20741400,20968707,20656207,20741400,20656207,20741400,20968707
2016-12-30,34.0100,34.0100,,,20968706.995620932,713145724.9210678973200,20656207,20741400,20656207,20741400,20968707,20656207,20741400,20656207,20741400,20968707
2017-01-03,34.0900,34.0900,,,20968707.013595140,714823222.0934583226000,20656207,20741400,20656207,20741400,20968707,20656207,20741400,20656207,20741400,20968707
2017-01-04,33.9700,33.9700,,,20968706.986602070,712306976.3348723179000,20656207,20741400,20656207,20741400,20968707,20656207,20741400,20656207,20741400,20968707
2017-01-05,32.8300,32.8300,,,20968707.012415763,688402651.2176094992900,20656207,20741400,20656207,20741400,20968707,20656207,20741400,20656207,20741400,20968707
2017-01-06,31.7400,31.7400,,,20968707.006617106,665546760.3900269444400,20656207,20741400,20656207,20741400,20968707,20656207,20741400,20656207,20741400,20968707
2017-01-09,31.3800,31.3800,,,20968706.984427698,657998025.1713411632400,20656207,20741400,20656207,20741400,20968707,20656207,20741400,20656207,20741400,20968707
2017-01-10,31.8500,31.8500,,,20968707.013753660,667853318.3880540710000,20656207,20741400,20656207,20741400,20968707,20656207,20741400,20656207,20741400,20968707
2017-01-11,31.6500,31.6500,,,20968707.002167564,663659576.6186034006000,20656207,20741400,20656207,20741400,20968707,20656207,20741400,20656207,20741400,20968707
2017-01-12,31.1000,31.1000,,,20968706.985788980,652126787.2580372780000,20656207,20741400,20656207,20741400,20968707,20656207,20741400,20656207,20741400,20968707
2017-01-13,31.5700,31.5700,,,20968707.015354745,661982080.4747492996500,20656207,20741400,20656207,20741400,20968707,20656207,20741400,20656207,20741400,20968707
2017-01-17,31.3100,31.3100,,,20968706.986889523,656530215.7595109651300,20656207,20741400,20656207,20741400,20968707,20656207,20741400,20656207,20741400,20968707
2017-01-18,31.4400,31.4400,,,20968707.001180988,659256148.1171302627200,20656207,20741400,20656207,20741400,20968707,20656207,20741400,20656207,20741400,20968707
2017-01-19,31.3600,31.3600,,,20968707.014453966,657578651.9732763737600,20656207,20741400,20656207,20741400,20968707,20656207,20741400,20656207,20741400,20968707
2017-01-20,31.7200,31.7200,,,20968706.999698440,665127386.0304345168000,20656207,20741400,20656207,20741400,20968707,20656207,20741400,20656207,20741400,20968707
2017-01-23,31.7200,31.7200,,,20968706.999698440,665127386.0304345168000,20656207,20741400,20656207,20741400,20968707,20656207,20741400,20656207,20741400,20968707
2017-01-24,31.1000,31.1000,,,20968706.985788980,652126787.2580372780000,20656207,20741400,20656207,20741400,20968707,20656207,20741400,20656207,20741400,20968707
2017-01-25,31.0700,31.0700,,,20968706.993865844,651497726.2994117730800,20656207,20741400,20656207,20741400,20968707,20656207,20741400,20656207,20741400,20968707
2017-01-26,30.6000,30.6000,,,20968707.001445327,641642434.2442270062000,20656207,20741400,20656207,20741400,20968707,20656207,20741400,20656207,20741400,20968707
2017-01-27,30.4200,30.4200,,,20968706.992155800,637868066.7013794360000,20656207,20741400,20656207,20741400,20968707,20656207,20741400,20656207,20741400,20968707
2017-01-30,29.9500,29.9500,,,20968706.995432537,628012774.5132044831500,20656207,20741400,20656207,20741400,20968707,20656207,20741400,20656207,20741400,20968707
2017-01-31,29.3500,29.3500,,,20968706.988088604,615431550.1004005274000,20656207,20741400,20656207,20741400,20968707,20656207,20741400,20656207,20741400,20968707
2017-02-01,28.8600,28.8600,,,20968706.988413822,605156883.6856229029200,20656207,20741400,20656207,20741400,20968707,20656207,20741400,20656207,20741400,20968707
2017-02-02,28.3700,28.3700,,,20968706.988750280,594882217.2708454436000,20656207,20741400,20656207,20741400,20968707,20656207,20741400,20656207,20741400,20968707
2017-02-03,28.1600,28.1600,,,20968706.987548716,590478788.7693718425600,20656207,20741400,20656207,20741400,20968707,20656207,20741400,20656207,20741400,20968707
2017-02-06,29.6500,29.6500,,,20968706.989555040,621722162.2403069360000,20656207,20741400,20656207,20741400,20968707,20656207,20741400,20656207,20741400,20968707
2017-02-07,31.1400,31.1400,,,20968706.995640110,652965535.8442330254000,20656207,20741400,20656207,20741400,20968707,20656207,20741400,20656207,20741400,20968707
2017-02-08,29.9300,29.9300,,,20968706.992535982,627593400.2866019412600,20656207,20741400,20656207,20741400,20968707,20656207,20741400,20656207,20741400,20968707
2017-02-09,29.9500,29.9500,,,20968706.995432537,628012774.5132044831500,20656207,20741400,20656207,20741400,20968707,20656207,20741400,20656207,20741400,20968707
2017-02-10,29.7500,29.7500,,,20968706.982983343,623819032.7437544542500,20656207,20741400,20656207,20741400,20968707,20656207,20741400,20656207,20741400,20968707
2017-02-13,29.5000,29.5000,,,20968707.006036990,618576856.6780912050000,20656207,20741400,20656207,20741400,20968707,20656207,20741400,20656207,20741400,20968707
2017-02-14,29.2500,29.2500,,,20968707.006972935,613334679.9539583487500,20656207,20741400,20656207,20741400,20968707,20656207,20741400,20656207,20741400,20968707
2017-02-15,29.3400,29.3400,,,20968706.985824037,615221862.9640772455800,20656207,20741400,20656207,20741400,20968707,20656207,20741400,20656207,20741400,20968707
2017-02-16,29.4800,29.4800,,,20968706.998607244,618157482.3189415531200,20656207,20741400,20656207,20741400,20968707,20656207,20741400,20656207,20741400,20968707
2017-02-17,29.7100,29.7100,,,20968706.990371097,622980284.6839252918700,20656207,20741400,20656207,20741400,20968707,20656207,20741400,20656207,20741400,20968707
2017-02-21,29.7500,29.7500,,,20968707.000655558,623819033.2695028505000,20656207,20741400,20656207,20741400,20968707,20656207,20741400,20656207,20741400,20968707
2017-02-22,30.0000,30.0000,,,20968706.999787863,629061209.9936358900000,20656207,20741400,20656207,20741400,20968707,20656207,20741400,20656207,20741400,20968707
2017-02-23,29.9100,29.9100,,,20968706.986193713,627174025.9570539558300,20656207,20741400,20656207,20741400,20968707,20656207,20741400,20656207,20741400,20968707
2017-02-24,29.8800,29.8800,,,20968706.994575690,626544964.9979216172000,20656207,20741400,20656207,20741400,20968707,20656207,20741400,20656207,20741400,20968707
2017-02-27,29.5300,29.5300,,,20968706.997535516,619205917.6372237874800,20656207,20741400,20656207,20741400,20968707,20656207,20741400,20656207,20741400,20968707
2017-02-28,29.3500,29.3500,,,20968707.004787836,615431550.5905229866000,20656207,20741400,20656207,20741400,20968707,20656207,20741400,20656207,20741400,20968707
2017-03-01,30.2100,30.2100,,,20968706.984424690,633464637.9994698849000,20656207,20741400,20656207,20741400,20968707,20656207,20741400,20656207,20741400,20968707
2017-03-02,30.9100,30.9100,,,20968707.007913500,648142733.6146062850000,20656207,20741400,20656207,20741400,20968707,20656207,20741400,20656207,20741400,20968707
2017-03-03,31.5100,31.5100,,,20968706.999895755,660723957.5667152400500,20656207,20741400,20656207,20741400,20968707,20656207,20741400,20656207,20741400,20968707
2017-03-06,30.8000,30.8000,,,20968706.991934948,645836175.3515963984000,20656207,20741400,20656207,20741400,20968707,20656207,20741400,20656207,20741400,20968707
2017-03-07,30.7800,30.7800,,,20968706.984809830,645416800.9924465674000,20656207,20741400,20656207,20741400,20968707,20656207,20741400,20656207,20741400,20968707
2017-03-08,30.9500,30.9500,,,20968706.988899610,648981481.3064429295000,20656207,20741400,20656207,20741400,20968707,20656207,20741400,20656207,20741400,20968707
2017-03-09,31.0200,31.0200,,,20968706.994966958,650449290.9838750371600,20656207,20741400,20656207,20741400,20968707,20656207,20741400,20656207,20741400,20968707
2017-03-10,31.3800,31.3800,,,20968707.009911355,657998025.9710183199000,20656207,20741400,20656207,20741400,20968707,20656207,20741400,20656207,20741400,20968707
2017-03-13,32.1500,32.1500,,,20968707.009948533,674143930.3698453359500,20656207,20741400,20656207,20741400,20968707,20656207,20741400,20656207,20741400,20968707
2017-03-14,31.7900,31.7900,,,20968706.991191590,666595195.2499806461000,20656207,20741400,20656207,20741400,20968707,20656207,20741400,20656207,20741400,20968707
2017-03-15,32.3800,32.3800,,,20968706.998212088,678966732.6021074094400,20656207,20741400,20656207,20741400,20968707,20656207,20741400,20656207,20741400,20968707
2017-03-16,32.3800,32.3800,,,20968706.998212088,678966732.6021074094400,36259000,0,36259000,0,45900000,,,,,
2017-03-17,32.6100,32.6100,,,20968706.990711156,683789534.9670907971600,36259000,0,36259000,0,45900000,,,,,
2017-03-20,32.4700,32.4700,,,20968707.010738820,680853916.6386894854000,36259000,0,36259000,0,45900000,,,,,
2017-03-21,32.3600,32.3600,,,20968706.991438730,678547358.2429573028000,36259000,0,36259000,0,45900000,,,,,
2017-03-22,31.7400,31.7400,,,20968706.992177013,665546759.9316983926200,36259000,0,36259000,0,45900000,,,,,
2017-03-23,32.5100,32.5100,,,20968706.992633850,681692664.3305264635000,36259000,0,36259000,0,45900000,,,,,
2017-03-24,32.6000,32.6000,,,20968707.001054805,683579848.2343866430000,36259000,0,36259000,0,45900000,,,,,
2017-03-27,32.7000,32.7000,,,20968707.003170420,685676719.0036727340000,36259000,0,36259000,0,45900000,,,,,
2017-03-28,32.7300,32.7300,,,20968706.995502760,686305779.9628053348000,36259000,0,36259000,0,45900000,,,,,
2017-03-29,31.9500,31.9500,,,20968707.009827703,669950188.9639951108500,36259000,0,36259000,0,45900000,,,,,
2017-03-30,32.1900,32.1900,,,20968706.987541493,674982677.9289606596700,36259000,0,36259000,0,45900000,,,,,
2017-03-31,32.0400,32.0400,,,20968706.990453000,671837371.9741141200000,36259000,0,36259000,0,45900000,,,,,
2017-04-03,31.9000,31.9000,,,20968707.010837387,668901753.6457126453000,36259000,0,36259000,0,45900000,,,,,
2017-04-04,32.0900,32.0900,,,20968706.989479475,672885807.2923963527500,36259000,0,36259000,0,45900000,,,,,
2017-04-05,31.3800,31.3800,,,20968707.009911355,657998025.9710183199000,36259000,0,36259000,0,45900000,,,,,
2017-04-06,31.9600,31.9600,,,20968706.995118193,670159875.5639774482800,36259000,0,36259000,0,45900000,,,,,
2017-04-07,32.1800,32.1800,,,20968707.002143513,674772991.3289782483400,36259000,0,36259000,0,45900000,,,,,
2017-04-10,32.1100,32.1100,,,20968706.996311000,673305181.6515462100000,36259000,0,36259000,0,45900000,,,,,
2017-04-11,32.3800,32.3800,,,20968706.998212088,678966732.6021074094400,36259000,0,36259000,0,45900000,,,,,
2017-04-12,32.4100,32.4100,,,20968706.990473293,679595793.5612394261300,36259000,0,36259000,0,45900000,,,,,
2017-04-13,32.3900,32.3900,,,20968706.987799082,679176419.3348122659800,36259000,0,36259000,0,45900000,,,,,
2017-04-17,32.8700,32.8700,,,20968707.006926360,689241399.3176694532000,36259000,0,36259000,0,45900000,,,,,
2017-04-18,32.8300,32.8300,,,20968706.993584212,688402650.5993696799600,36259000,0,36259000,0,45900000,,,,,
2017-04-19,32.9600,32.9600,,,20968706.988100390,691128582.3277888544000,36259000,0,36259000,0,45900000,,,,,
2017-04-20,33.6900,33.6900,,,20968707.002138850,706435738.9020578565000,36259000,0,36259000,0,45900000,,,,,
2017-04-21,33.9200,33.9200,,,20968706.994900970,711258541.2670409024000,36259000,0,36259000,0,45900000,,,,,
2017-04-24,34.9100,34.9100,,,20968706.997941785,732017561.2981477143500,36259000,0,36259000,0,45900000,,,,,
2017-04-25,35.0200,35.0200,,,20968706.986505340,734324118.6674170068000,36259000,0,36259000,0,45900000,,,,,
2017-04-26,35.8200,35.8200,,,20968707.005000500,751099084.9191179100000,36259000,0,36259000,0,45900000,,,,,
2017-04-27,36.1900,36.1900,,,20968707.008537315,758857506.6389654298500,36259000,0,36259000,0,45900000,,,,,
2017-04-28,36.1600,36.1600,,,20968706.987095420,758228444.6533703872000,36259000,0,36259000,0,45900000,,,,,
2017-05-01,36.1000,36.1000,,,20968706.997295940,756970322.6023834340000,36259000,0,36259000,0,45900000,,,,,
2017-05-02,36.1300,36.1300,,,20968706.990354702,757599383.5615153832600,36259000,0,36259000,0,45900000,,,,,
2017-05-03,36.1100,36.1100,,,20968706.987955917,757180009.3350881628700,36259000,0,36259000,0,45900000,,,,,
2017-05-04,36.5700,36.5700,,,20968706.999146720,766825614.9587955504000,20969000,21389000,20969000,21389000,20968707,20969000,21389000,20969000,21389000,20968707
2017-05-05,35.1000,35.1000,,,20968707.007729180,736001615.9712942180000,20969000,21389000,20969000,21389000,20968707,20969000,21389000,20969000,21389000,20968707
2017-05-08,34.8400,34.8400,,,20968706.992557850,730549751.6207154940000,20969000,21389000,20969000,21389000,20968707,20969000,21389000,20969000,21389000,20968707
2017-05-09,35.0200,35.0200,,,20968706.986505340,734324118.6674170068000,20969000,21389000,20969000,21389000,20968707,20969000,21389000,20969000,21389000,20968707
2017-05-10,35.1900,35.1900,,,20968706.990094160,737888798.9814134904000,20969000,21389000,20969000,21389000,20968707,20969000,21389000,20969000,21389000,20968707
2017-05-11,34.7300,34.7300,,,20968707.004072750,728243194.2514466075000,20969000,21389000,20969000,21389000,20968707,20969000,21389000,20969000,21389000,20968707
2017-05-12,33.8000,33.8000,,,20968706.990275927,708742296.2713263326000,20969000,21389000,20969000,21389000,20968707,20969000,21389000,20969000,21389000,20968707
2017-05-15,33.8000,33.8000,,,20968706.990275927,708742296.2713263326000,20969000,21389000,20969000,21389000,20968707,20969000,21389000,20969000,21389000,20968707
2017-05-16,33.9700,33.9700,,,20968706.993974775,712306976.5853231067500,20969000,21389000,20969000,21389000,20968707,20969000,21389000,20969000,21389000,20968707
2017-05-17,33.5600,33.5600,,,20968707.011512533,703709807.3063606074800,20969000,21389000,20969000,21389000,20968707,20969000,21389000,20969000,21389000,20968707
2017-05-18,34.3100,34.3100,,,20968707.005130813,719436337.3460381940300,20969000,21389000,20969000,21389000,20968707,20969000,21389000,20969000,21389000,20968707
2017-05-19,34.4000,34.4000,,,20968707.013078466,721323521.2498992304000,20969000,21389000,20969000,21389000,20968707,20969000,21389000,20969000,21389000,20968707
2017-05-22,35.1300,35.1300,,,20968707.000581460,736630676.9304266898000,20969000,21389000,20969000,21389000,20968707,20969000,21389000,20969000,21389000,20968707
2017-05-23,35.3700,35.3700,,,20968707.009382408,741663166.9218557709600,20969000,21389000,20969000,21389000,20968707,20969000,21389000,20969000,21389000,20968707
2017-05-24,36.7600,36.7600,,,20968707.008485910,770809669.6319420516000,20969000,21389000,20969000,21389000,20968707,20969000,21389000,20969000,21389000,20968707
2017-05-25,37.1800,37.1800,,,20968707.011029363,779616526.6700717163400,20969000,21389000,20969000,21389000,20968707,20969000,21389000,20969000,21389000,20968707
2017-05-26,35.8400,35.8400,,,20968707.011112384,751518459.2782678425600,20969000,21389000,20969000,21389000,20968707,20969000,21389000,20969000,21389000,20968707
2017-05-30,36.2300,36.2300,,,20968706.992293745,759696254.3308023813500,20969000,21389000,20969000,21389000,20968707,20969000,21389000,20969000,21389000,20968707
2017-05-31,36.2400,36.2400,,,20968707.007650323,759905941.9572477055200,20969000,21389000,20969000,21389000,20968707,20969000,21389000,20969000,21389000,20968707
2017-06-01,36.9900,36.9900,,,20968707.007128194,775632472.1936718960600,20969000,21389000,20969000,21389000,20968707,20969000,21389000,20969000,21389000,20968707
2017-06-02,36.9300,36.9300,,,20968706.989366660,774374349.1173107538000,20969000,21389000,20969000,21389000,20968707,20969000,21389000,20969000,21389000,20968707
2017-06-05,36.1700,36.1700,,,20968706.988630407,758438131.7787618211900,20969000,21389000,20969000,21389000,20968707,20969000,21389000,20969000,21389000,20968707
2017-06-06,35.2200,35.2200,,,20968706.999642120,738517860.5273954664000,20969000,21389000,20969000,21389000,20968707,20969000,21389000,20969000,21389000,20968707
2017-06-07,35.4200,35.4200,,,20968707.011031676,742711602.3307419639200,20969000,21389000,20969000,21389000,20968707,20969000,21389000,20969000,21389000,20968707
2017-06-08,36.4400,36.4400,,,20968707.008554700,764099683.3917332680000,20969000,21389000,20969000,21389000,20968707,20969000,21389000,20969000,21389000,20968707
2017-06-09,35.7600,35.7600,,,20968707.011425413,749840962.7285727688800,20969000,21389000,20969000,21389000,20968707,20969000,21389000,20969000,21389000,20968707
2017-06-12,35.1700,35.1700,,,20968706.996774487,737469425.0765587077900,20969000,21389000,20969000,21389000,20968707,20969000,21389000,20969000,21389000,20968707
2017-06-13,35.8800,35.8800,,,20968706.994544886,752357206.9642705096800,20969000,21389000,20969000,21389000,20968707,20969000,21389000,20969000,21389000,20968707
2017-06-14,36.5800,36.5800,,,20968706.997982968,767035301.9862169694400,20969000,21389000,20969000,21389000,20968707,20969000,21389000,20969000,21389000,20968707
2017-06-15,36.6900,36.6900,,,20968706.994307800,769341859.6211531820000,20969000,21389000,20969000,21389000,20968707,20969000,21389000,20969000,21389000,20968707
2017-06-16,37.2200,37.2200,,,20968706.987219375,780455274.0643051375000,20969000,21389000,20969000,21389000,20968707,20969000,21389000,20969000,21389000,20968707
2017-06-19,37.0600,37.0600,,,20968706.988087732,777100280.9785313479200,20969000,21389000,20969000,21389000,20968707,20969000,21389000,20969000,21389000,20968707
2017-06-20,36.7000,36.7000,,,20968707.009446263,769551547.2466778521000,20969000,21389000,20969000,21389000,20968707,20969000,21389000,20969000,21389000,20968707
2017-06-21,36.6200,36.6200,,,20968707.013552500,767874050.8362925500000,20969000,21389000,20969000,21389000,20968707,20969000,21389000,20969000,21389000,20968707
2017-06-22,35.9900,35.9900,,,20968706.987127103,754663764.4667044369700,20969000,21389000,20969000,21389000,20968707,20969000,21389000,20969000,21389000,20968707
2017-06-23,36.7200,36.7200,,,20968706.991100308,769970920.7132033097600,20969000,21389000,20969000,21389000,20968707,20969000,21389000,20969000,21389000,20968707
2017-06-26,37.5200,37.5200,,,20968706.999915330,786745886.6368231816000,20969000,21389000,20969000,21389000,20968707,20969000,21389000,20969000,21389000,20968707
2017-06-27,37.1500,37.1500,,,20968707.006176163,778987465.2794444554500,20969000,21389000,20969000,21389000,20968707,20969000,21389000,20969000,21389000,20968707
2017-06-28,37.8800,37.8800,,,20968707.006162655,794294621.3934413714000,20969000,21389000,20969000,21389000,20968707,20969000,21389000,20969000,21389000,20968707
2017-06-29,37.2500,37.2500,,,20968707.011573624,781084336.1811174940000,20969000,21389000,20969000,21389000,20968707,20969000,21389000,20969000,21389000,20968707
2017-06-30,37.3100,37.3100,,,20968707.001680930,782342458.2327154983000,20969000,21389000,20969000,21389000,20968707,20969000,21389000,20969000,21389000,20968707
2017-07-03,37.4500,37.4500,,,20968706.991380490,785278076.8271993505000,20969000,21389000,20969000,21389000,20968707,20969000,21389000,20969000,21389000,20968707
2017-07-05,37.2200,37.2200,,,20968706.987219375,780455274.0643051375000,20969000,21389000,20969000,21389000,20968707,20969000,21389000,20969000,21389000,20968707
2017-07-06,36.2600,36.2600,,,20968707.007161470,760325316.0796749022000,20969000,21389000,20969000,21389000,20968707,20969000,21389000,20969000,21389000,20968707
2017-07-07,36.9700,36.9700,,,20968707.001214083,775213097.8348846485100,20969000,21389000,20969000,21389000,20968707,20969000,21389000,20969000,21389000,20968707
2017-07-10,36.6700,36.6700,,,20968706.988338330,768922485.2623665611000,20969000,21389000,20969000,21389000,20968707,20969000,21389000,20969000,21389000,20968707
2017-07-11,36.6200,36.6200,,,20968707.013552500,767874050.8362925500000,20969000,21389000,20969000,21389000,20968707,20969000,21389000,20969000,21389000,20968707
2017-07-12,37.0300,37.0300,,,20968706.994841598,776471220.0189843739400,20969000,21389000,20969000,21389000,20968707,20969000,21389000,20969000,21389000,20968707
2017-07-13,36.9500,36.9500,,,20968706.995293576,774793723.4760976332000,20969000,21389000,20969000,21389000,20968707,20969000,21389000,20969000,21389000,20968707
2017-07-14,36.9100,36.9100,,,20968707.011197150,773954975.7832868065000,20969000,21389000,20969000,21389000,20968707,20969000,21389000,20969000,21389000,20968707
2017-07-17,36.9500,36.9500,,,20968706.995293576,774793723.4760976332000,20969000,21389000,20969000,21389000,20968707,20969000,21389000,20969000,21389000,20968707
2017-07-18,37.0100,37.0100,,,20968707.013035916,776051846.5524592511600,20969000,21389000,20969000,21389000,20968707,20969000,21389000,20969000,21389000,20968707
2017-07-19,37.1000,37.1000,,,20968707.003466517,777939029.8286077807000,20969000,21389000,20969000,21389000,20968707,20969000,21389000,20969000,21389000,20968707
2017-07-20,37.7800,37.7800,,,20968707.000840860,792197750.4917676908000,20969000,21389000,20969000,21389000,20968707,20969000,21389000,20969000,21389000,20968707
2017-07-21,38.3100,38.3100,,,20968706.993863717,803311164.9349189982700,20969000,21389000,20969000,21389000,20968707,20969000,21389000,20969000,21389000,20968707
2017-07-24,38.9800,38.9800,,,20968707.003522795,817360198.9973185491000,20969000,21389000,20969000,21389000,20968707,20969000,21389000,20969000,21389000,20968707
2017-07-25,39.9700,39.9700,,,20968707.007724830,838119219.0987614551000,20969000,21389000,20969000,21389000,20968707,20969000,21389000,20969000,21389000,20968707
2017-07-26,39.3000,39.3000,,,20968706.998380717,824070185.0363621781000,20969000,21389000,20969000,21389000,20968707,20969000,21389000,20969000,21389000,20968707
2017-07-27,38.3600,38.3600,,,20968706.996500414,804359600.3857558810400,20969000,21389000,20969000,21389000,20968707,20969000,21389000,20969000,21389000,20968707
2017-07-28,38.6900,38.6900,,,20968707.009119300,811279274.1828257170000,20969000,21389000,20969000,21389000,20968707,20969000,21389000,20969000,21389000,20968707
2017-07-31,38.9200,38.9200,,,20968707.012993850,816102076.9457206420000,20969000,21389000,20969000,21389000,20968707,20969000,21389000,20969000,21389000,20968707
2017-08-01,39.0000,39.0000,,,20968707.012528380,817779573.4886068200000,20969000,21389000,20969000,21389000,20968707,20969000,21389000,20969000,21389000,20968707
2017-08-02,37.9700,37.9700,,,20968706.996828824,796181804.6695904472800,20969000,21389000,20969000,21389000,20968707,20969000,21389000,20969000,21389000,20968707
2017-08-03,37.6200,37.6200,,,20968707.005276360,788842757.5384966632000,20969000,21457000,20969000,21457000,20968707,20969000,21457000,20969000,21457000,20968707
2017-08-04,41.1700,41.1700,,,20968707.010063447,863281667.6043121129900,20969000,21457000,20969000,21457000,20968707,20969000,21457000,20969000,21457000,20968707
2017-08-07,41.8800,41.8800,,,20968707.007927960,878169449.4920229648000,20969000,21457000,20969000,21457000,20968707,20969000,21457000,20969000,21457000,20968707
2017-08-08,41.1000,41.1000,,,20968707.002303850,861813857.7946882350000,20969000,21457000,20969000,21457000,20968707,20969000,21457000,20969000,21457000,20968707
2017-08-09,41.0200,41.0200,,,20968707.002725545,860136361.2518018559000,20969000,21457000,20969000,21457000,20968707,20969000,21457000,20969000,21457000,20968707
2017-08-10,39.8900,39.8900,,,20968707.011491004,836441722.6883761495600,20969000,21457000,20969000,21457000,20968707,20969000,21457000,20969000,21457000,20968707
2017-08-11,38.9200,38.9200,,,20968707.012993850,816102076.9457206420000,20969000,21457000,20969000,21457000,20968707,20969000,21457000,20969000,21457000,20968707
2017-08-14,39.3000,39.3000,,,20968706.998380717,824070185.0363621781000,20969000,21457000,20969000,21457000,20968707,20969000,21457000,20969000,21457000,20968707
2017-08-15,38.5700,38.5700,,,20968706.998246454,808763028.9223657307800,20969000,21457000,20969000,21457000,20968707,20969000,21457000,20969000,21457000,20968707
2017-08-16,38.0000,38.0000,,,20968706.990240470,796810865.6291378600000,20969000,21457000,20969000,21457000,20968707,20969000,21457000,20969000,21457000,20968707
2017-08-17,37.2300,37.2300,,,20968707.002144214,780664961.6898290872200,20969000,21457000,20969000,21457000,20968707,20969000,21457000,20969000,21457000,20968707
2017-08-18,36.9300,36.9300,,,20968706.989366660,774374349.1173107538000,20969000,21457000,20969000,21457000,20968707,20969000,21457000,20969000,21457000,20968707
2017-08-21,37.2600,37.2600,,,20968706.998976886,781294022.7818787723600,20969000,21457000,20969000,21457000,20968707,20969000,21457000,20969000,21457000,20968707
2017-08-22,38.4000,38.4000,,,20968707.011349780,805198349.2358315520000,20969000,21457000,20969000,21457000,20968707,20969000,21457000,20969000,21457000,20968707
2017-08-23,38.1800,38.1800,,,20968706.995120436,800585233.0736982464800,20969000,21457000,20969000,21457000,20968707,20969000,21457000,20969000,21457000,20968707
2017-08-24,37.5900,37.5900,,,20968707.008418390,788213696.4464472801000,20969000,21457000,20969000,21457000,20968707,20969000,21457000,20969000,21457000,20968707
2017-08-25,37.6500,37.6500,,,20968707.002139345,789471818.6305463392500,20969000,21457000,20969000,21457000,20968707,20969000,21457000,20969000,21457000,20968707
2017-08-28,37.2900,37.2900,,,20968706.995814660,781923083.8739286714000,20969000,21457000,20969000,21457000,20968707,20969000,21457000,20969000,21457000,20968707
2017-08-29,37.3000,37.3000,,,20968707.007924340,782132771.3955778820000,20969000,21457000,20969000,21457000,20968707,20969000,21457000,20969000,21457000,20968707
2017-08-30,37.3400,37.3400,,,20968706.995758485,782971519.2216218299000,20969000,21457000,20969000,21457000,20968707,20969000,21457000,20969000,21457000,20968707
2017-08-31,37.8500,37.8500,,,20968707.010966375,793665560.3650772937500,20969000,21457000,20969000,21457000,20968707,20969000,21457000,20969000,21457000,20968707
2017-09-01,37.5500,37.5500,,,20968707.008122240,787374948.1549901120000,20969000,21457000,20969000,21457000,20968707,20969000,21457000,20969000,21457000,20968707
2017-09-05,36.1000,36.1000,,,20968706.992325220,756970322.4229404420000,20969000,21457000,20969000,21457000,20968707,20969000,21457000,20969000,21457000,20968707
2017-09-06,35.8900,35.8900,,,20968707.011562407,752566894.6449747872300,20969000,21457000,20969000,21457000,20968707,20969000,21457000,20969000,21457000,20968707
2017-09-07,35.6500,35.6500,,,20968707.001945782,747534404.6193671283000,20969000,21457000,20969000,21457000,20968707,20969000,21457000,20969000,21457000,20968707
2017-09-08,37.7100,37.7100,,,20968707.010689676,790729941.3731076819600,20969000,21457000,20969000,21457000,20968707,20969000,21457000,20969000,21457000,20968707
2017-09-11,38.9000,38.9000,,,20968707.010825540,815682702.7211135060000,20969000,21457000,20969000,21457000,20968707,20969000,21457000,20969000,21457000,20968707
2017-09-12,40.0100,40.0100,,,20968707.004789535,838957967.2616292953500,20969000,21457000,20969000,21457000,20968707,20969000,21457000,20969000,21457000,20968707
2017-09-13,41.2200,41.2200,,,20968707.007175710,864330102.8357827662000,20969000,21457000,20969000,21457000,20968707,20969000,21457000,20969000,21457000,20968707
2017-09-14,40.8500,40.8500,,,20968706.993495643,856571680.6842970165500,20969000,21457000,20969000,21457000,20968707,20969000,21457000,20969000,21457000,20968707
2017-09-15,40.9400,40.9400,,,20968706.988111988,858458864.0933047887200,20969000,21457000,20969000,21457000,20968707,20969000,21457000,20969000,21457000,20968707
2017-09-18,40.9800,40.9800,,,20968707.002012270,859297612.9424628246000,20969000,21457000,20969000,21457000,20968707,20969000,21457000,20969000,21457000,20968707
2017-09-19,42.0100,42.0100,,,20968706.993758053,880895380.8077758065300,20969000,21457000,20969000,21457000,20968707,20969000,21457000,20969000,21457000,20968707
2017-09-20,42.3100,42.3100,,,20968706.996404223,887185993.0178626751300,20969000,21457000,20969000,21457000,20968707,20969000,21457000,20969000,21457000,20968707
2017-09-21,42.5700,42.5700,,,20968707.009675980,892637857.4019064686000,20969000,21457000,20969000,21457000,20968707,20969000,21457000,20969000,21457000,20968707
2017-09-22,43.0600,43.0600,,,20968706.994050447,902912523.1638122478200,20969000,21457000,20969000,21457000,20968707,20969000,21457000,20969000,21457000,20968707
2017-09-25,43.3400,43.3400,,,20968706.988536574,908783760.8831751171600,20969000,21457000,20969000,21457000,20968707,20969000,21457000,20969000,21457000,20968707
2017-09-26,42.6800,42.6800,,,20968706.988718900,894944414.2785226520000,20969000,21457000,20969000,21457000,20968707,20969000,21457000,20969000,21457000,20968707
2017-09-27,43.6900,43.6900,,,20968706.996480335,916122808.6762258361500,20969000,21457000,20969000,21457000,20968707,20969000,21457000,20969000,21457000,20968707
2017-09-28,44.9100,44.9100,,,20968706.994354762,941704631.1164723614200,20969000,21457000,20969000,21457000,20968707,20969000,21457000,20969000,21457000,20968707
2017-09-29,43.1700,43.1700,,,20968706.994006358,905219080.9312544748600,20969000,21457000,20969000,21457000,20968707,20969000,21457000,20969000,21457000,20968707
2017-10-02,43.9400,43.9400,,,20968706.996714577,921364985.4356385133800,20969000,21457000,20969000,21457000,20968707,20969000,21457000,20969000,21457000,20968707
2017-10-03,44.6100,44.6100,,,20968706.991849035,935414018.9063854513500,20969000,21457000,20969000,21457000,20968707,20969000,21457000,20969000,21457000,20968707
2017-10-04,43.5200,43.5200,,,20968707.001937147,912558128.7243046374400,20969000,21457000,20969000,21457000,20968707,20969000,21457000,20969000,21457000,20968707
2017-10-05,43.3000,43.3000,,,20968706.999009963,907945013.0571313979000,20969000,21457000,20969000,21457000,20968707,20969000,21457000,20969000,21457000,20968707
2017-10-06,43.3100,43.3100,,,20968706.991247654,908154699.7909358947400,20969000,21457000,20969000,21457000,20968707,20969000,21457000,20969000,21457000,20968707
2017-10-09,40.2200,40.2200,,,20968706.987558283,843361395.0395941422600,20969000,21457000,20969000,21457000,20968707,20969000,21457000,20969000,21457000,20968707
2017-10-10,40.8300,40.8300,,,20968706.988142610,856152306.3258627663000,20969000,21457000,20969000,21457000,20968707,20969000,21457000,20969000,21457000,20968707
2017-10-11,42.1400,42.1400,,,20968707.002039430,883621313.0659415802000,20969000,21457000,20969000,21457000,20968707,20969000,21457000,20969000,21457000,20968707
2017-10-12,42.7200,42.7200,,,20968707.002052452,895783163.1276807494400,20969000,21457000,20969000,21457000,20968707,20969000,21457000,20969000,21457000,20968707
2017-10-13,42.5400,42.5400,,,20968706.988400366,892008795.2865515696400,20969000,21457000,20969000,21457000,20968707,20969000,21457000,20969000,21457000,20968707
2017-10-16,42.8400,42.8400,,,20968706.991051320,898299407.4966385488000,20969000,21457000,20969000,21457000,20968707,20969000,21457000,20969000,21457000,20968707
2017-10-17,42.5100,42.5100,,,20968706.991162370,891379734.1943123487000,20969000,21457000,20969000,21457000,20968707,20969000,21457000,20969000,21457000,20968707
2017-10-18,43.2800,43.2800,,,20968706.993962490,907525638.6986965672000,20969000,21457000,20969000,21457000,20968707,20969000,21457000,20969000,21457000,20968707
2017-10-19,43.9200,43.9200,,,20968706.988727560,920945610.9449144352000,20969000,21457000,20969000,21457000,20968707,20969000,21457000,20969000,21457000,20968707
2017-10-20,43.5600,43.5600,,,20968706.991513980,913396876.5503489688000,20969000,21457000,20969000,21457000,20968707,20969000,21457000,20969000,21457000,20968707
2017-10-23,44.0500,44.0500,,,20968706.996664714,923671543.2030806517000,20969000,21457000,20969000,21457000,20968707,20969000,21457000,20969000,21457000,20968707
2017-10-24,44.0800,44.0800,,,20968706.993995465,924300604.2953200972000,20969000,21457000,20969000,21457000,20968707,20969000,21457000,20969000,21457000,20968707
2017-10-25,44.4000,44.4000,,,20968707.004417364,931010590.9961309616000,20969000,21457000,20969000,21457000,20968707,20969000,21457000,20969000,21457000,20968707
2017-10-26,44.0800,44.0800,,,20968706.993995465,924300604.2953200972000,20969000,21457000,20969000,21457000,20968707,20969000,21457000,20969000,21457000,20968707
2017-10-27,44.4900,44.4900,,,20968706.999441184,932897774.4051382761600,20969000,21457000,20969000,21457000,20968707,20969000,21457000,20969000,21457000,20968707
2017-10-30,42.5000,42.5000,,,20968706.999070770,891170047.4605077250000,20969000,21457000,20969000,21457000,20968707,20969000,21457000,20969000,21457000,20968707
2017-10-31,43.3800,43.3800,,,20968707.001667455,909622509.7323341979000,20969000,21457000,20969000,21457000,20968707,20969000,21457000,20969000,21457000,20968707
2017-11-01,43.1800,43.1800,,,20968707.009916004,905428768.6881730527200,20969000,21457000,20969000,21457000,20968707,20969000,21457000,20969000,21457000,20968707
2017-11-02,43.3100,43.3100,,,21030005.008090902,910809516.9004169656200,20995000,21520000,20995000,21520000,21030005,20995000,21520000,20995000,21520000,21030005
2017-11-03,44.9300,44.9300,,,21030005.009689193,944878125.0853354414900,20995000,21520000,20995000,21520000,21030005,20995000,21520000,20995000,21520000,21030005
2017-11-06,45.0000,45.0000,,,21030005.001898450,946350225.0854302500000,20995000,21520000,20995000,21520000,21030005,20995000,21520000,20995000,21520000,21030005
2017-11-07,44.3300,44.3300,,,21030005.008250922,932260122.0157633722600,20995000,21520000,20995000,21520000,21030005,20995000,21520000,20995000,21520000,21030005
2017-11-08,44.0400,44.0400,,,21030004.994772910,926161419.9697989564000,20995000,21520000,20995000,21520000,21030005,20995000,21520000,20995000,21520000,21030005
2017-11-09,42.9000,42.9000,,,21030005.008251693,902187214.8539976297000,20995000,21520000,20995000,21520000,21030005,20995000,21520000,20995000,21520000,21030005
2017-11-10,43.6500,43.6500,,,21030004.992522933,917959717.9236260254500,20995000,21520000,20995000,21520000,21030005,20995000,21520000,20995000,21520000,21030005
2017-11-13,43.6000,43.6000,,,21030004.998240054,916908217.9232663544000,20995000,21520000,20995000,21520000,21030005,20995000,21520000,20995000,21520000,21030005
2017-11-14,43.3100,43.3100,,,21030005.008090902,910809516.9004169656200,20995000,21520000,20995000,21520000,21030005,20995000,21520000,20995000,21520000,21030005
2017-11-15,43.2600,43.2600,,,21030004.990220588,909758015.8769426368800,20995000,21520000,20995000,21520000,21030005,20995000,21520000,20995000,21520000,21030005
2017-11-16,43.6500,43.6500,,,21030004.992522933,917959717.9236260254500,20995000,21520000,20995000,21520000,21030005,20995000,21520000,20995000,21520000,21030005
2017-11-17,42.6700,42.6700,,,21030005.011269360,897350313.8308635912000,20995000,21520000,20995000,21520000,21030005,20995000,21520000,20995000,21520000,21030005
2017-11-20,42.7200,42.7200,,,21030005.005400565,898401813.8307121368000,20995000,21520000,20995000,21520000,21030005,20995000,21520000,20995000,21520000,21030005
2017-11-21,42.8700,42.8700,,,21030005.011753757,901556314.8538835625900,20995000,21520000,20995000,21520000,21030005,20995000,21520000,20995000,21520000,21030005
2017-11-22,42.4000,42.4000,,,21030004.994920623,891672211.7846344152000,20995000,21520000,20995000,21520000,21030005,20995000,21520000,20995000,21520000,21030005
2017-11-24,41.9100,41.9100,,,21030005.004491836,881367509.7382528467600,20995000,21520000,20995000,21520000,21030005,20995000,21520000,20995000,21520000,21030005
2017-11-27,42.0400,42.0400,,,21030004.989024144,884101409.7385750137600,20995000,21520000,20995000,21520000,21030005,20995000,21520000,20995000,21520000,21030005
2017-11-28,43.3100,43.3100,,,21030005.008090902,910809516.9004169656200,20995000,21520000,20995000,21520000,21030005,20995000,21520000,20995000,21520000,21030005
2017-11-29,44.3300,44.3300,,,21030005.001313712,932260121.7082368529600,20995000,21520000,20995000,21520000,21030005,20995000,21520000,20995000,21520000,21030005
2017-11-30,44.5900,44.5900,,,21030004.995062220,937727922.7298243898000,20995000,21520000,20995000,21520000,21030005,20995000,21520000,20995000,21520000,21030005
2017-12-01,43.8500,43.8500,,,21030005.009459727,922165719.6648090289500,20995000,21520000,20995000,21520000,21030005,20995000,21520000,20995000,21520000,21030005
2017-12-04,43.2800,43.2800,,,21030005.004615106,910178616.5997417876800,20995000,21520000,20995000,21520000,21030005,20995000,21520000,20995000,21520000,21030005
2017-12-05,42.8400,42.8400,,,21030005.008323357,900925414.5565726138800,20995000,21520000,20995000,21520000,21030005,20995000,21520000,20995000,21520000,21030005
2017-12-06,43.3400,43.3400,,,21030004.997689746,911440416.5998735916400,20995000,21520000,20995000,21520000,21030005,20995000,21520000,20995000,21520000,21030005
2017-12-07,42.4800,42.4800,,,21030005.002657663,893354612.5128975242400,20995000,21520000,20995000,21520000,21030005,20995000,21520000,20995000,21520000,21030005
2017-12-08,42.1300,42.1300,,,21030004.995719686,885994110.4696703711800,20995000,21520000,20995000,21520000,21030005,20995000,21520000,20995000,21520000,21030005
2017-12-11,42.5400,42.5400,,,21030004.995604828,894616412.5130293831200,20995000,21520000,20995000,21520000,21030005,20995000,21520000,20995000,21520000,21030005
2017-12-12,43.1300,43.1300,,,21030004.998329940,907024115.5779703122000,20995000,21520000,20995000,21520000,21030005,20995000,21520000,20995000,21520000,21030005
2017-12-13,44.0000,44.0000,,,21030004.992383710,925320219.6648832400000,20995000,21520000,20995000,21520000,21030005,20995000,21520000,20995000,21520000,21030005
2017-12-14,43.3300,43.3300,,,21030004.998844610,911230116.5999369513000,20995000,21520000,20995000,21520000,21030005,20995000,21520000,20995000,21520000,21030005
2017-12-15,44.8500,44.8500,,,21030004.988894580,943195723.7519219130000,20995000,21520000,20995000,21520000,21030005,20995000,21520000,20995000,21520000,21030005
2017-12-18,44.9600,44.9600,,,21030004.999409160,945509024.7734358336000,20995000,21520000,20995000,21520000,21030005,20995000,21520000,20995000,21520000,21030005
2017-12-19,44.6400,44.6400,,,21030004.989471756,938779422.7300191878400,20995000,21520000,20995000,21520000,21030005,20995000,21520000,20995000,21520000,21030005
2017-12-20,44.6700,44.6700,,,21030005.008988730,939410323.7515265691000,20995000,21520000,20995000,21520000,21030005,20995000,21520000,20995000,21520000,21030005
2017-12-21,45.1000,45.1000,,,21030005.006547023,948453225.7952707373000,20995000,21520000,20995000,21520000,21030005,20995000,21520000,20995000,21520000,21030005
2017-12-22,45.2900,45.2900,,,21030005.008098680,952448926.8167892172000,20995000,21520000,20995000,21520000,21030005,20995000,21520000,20995000,21520000,21030005
2017-12-26,45.1100,45.1100,,,21030005.005435770,948663525.7952075847000,20995000,21520000,20995000,21520000,21030005,20995000,21520000,20995000,21520000,21030005
2017-12-27,45.0400,45.0400,,,21030004.990529336,947191424.7734412934400,20995000,21520000,20995000,21520000,21030005,20995000,21520000,20995000,21520000,21030005
2017-12-28,45.3800,45.3800,,,21030004.998165090,954341626.8167317842000,20995000,21520000,20995000,21520000,21030005,20995000,21520000,20995000,21520000,21030005
2017-12-29,45.0000,45.0000,,,21030004.994959630,946350224.7731833500000,20995000,21520000,20995000,21520000,21030005,20995000,21520000,20995000,21520000,21030005
2018-01-02,43.4500,43.4500,,,21030005.008547450,913753717.6213867025000,20995000,21520000,20995000,21520000,21030005,20995000,21520000,20995000,21520000,21030005
2018-01-03,42.9800,42.9800,,,21030004.992000910,903869614.5561991118000,20995000,21520000,20995000,21520000,21030005,20995000,21520000,20995000,21520000,21030005
2018-01-04,43.5100,43.5100,,,21030005.001643732,915015517.6215187793200,20995000,21520000,20995000,21520000,21030005,20995000,21520000,20995000,21520000,21030005
2018-01-05,44.9600,44.9600,,,21030004.999409160,945509024.7734358336000,20995000,21520000,20995000,21520000,21030005,20995000,21520000,20995000,21520000,21030005
2018-01-08,45.1900,45.1900,,,21030004.996574745,950345925.7952127265500,20995000,21520000,20995000,21520000,21030005,20995000,21520000,20995000,21520000,21030005
2018-01-09,44.1400,44.1400,,,21030004.999699093,928264420.6867179650200,20995000,21520000,20995000,21520000,21030005,20995000,21520000,20995000,21520000,21030005
2018-01-10,43.9900,43.9900,,,21030004.993520036,925109919.6649463836400,20995000,21520000,20995000,21520000,21030005,20995000,21520000,20995000,21520000,21030005
2018-01-11,43.9800,43.9800,,,21030004.994656880,924899619.6650095824000,20995000,21520000,20995000,21520000,21030005,20995000,21520000,20995000,21520000,21030005
2018-01-12,43.9500,43.9500,,,21030004.998058893,924268719.6646883473500,20995000,21520000,20995000,21520000,21030005,20995000,21520000,20995000,21520000,21030005
2018-01-16,43.7300,43.7300,,,21030004.999848135,919642118.6433589435500,20995000,21520000,20995000,21520000,21030005,20995000,21520000,20995000,21520000,21030005
2018-01-17,45.6300,45.6300,,,21030004.993170775,959599127.8383824632500,20995000,21520000,20995000,21520000,21030005,20995000,21520000,20995000,21520000,21030005
2018-01-18,44.9900,44.9900,,,21030004.996071270,946139924.7732464373000,20995000,21520000,20995000,21520000,21030005,20995000,21520000,20995000,21520000,21030005
2018-01-19,45.2000,45.2000,,,21030004.995467912,950556225.7951496224000,20995000,21520000,20995000,21520000,21030005,20995000,21520000,20995000,21520000,21030005
2018-01-22,46.3500,46.3500,,,21030005.003780390,974740731.9252210765000,20995000,21520000,20995000,21520000,21030005,20995000,21520000,20995000,21520000,21030005
2018-01-23,48.1500,48.1500,,,21030005.007691900,1012594741.1203649850000,20995000,21520000,20995000,21520000,21030005,20995000,21520000,20995000,21520000,21030005
2018-01-24,47.6400,47.6400,,,21030004.996965360,1001869438.0554297504000,20995000,21520000,20995000,21520000,21030005,20995000,21520000,20995000,21520000,21030005
2018-01-25,48.1100,48.1100,,,21030004.990624000,1011753540.0989206400000,20995000,21520000,20995000,21520000,21030005,20995000,21520000,20995000,21520000,21030005
2018-01-26,48.2300,48.2300,,,21030004.999385666,1014277141.1203706711800,20995000,21520000,20995000,21520000,21030005,20995000,21520000,20995000,21520000,21030005
2018-01-29,48.2800,48.2800,,,21030004.994212218,1015328641.1205658850400,20995000,21520000,20995000,21520000,21030005,20995000,21520000,20995000,21520000,21030005
2018-01-30,48.0000,48.0000,,,21030005.002064683,1009440240.0991047840000,20995000,21520000,20995000,21520000,21030005,20995000,21520000,20995000,21520000,21030005
2018-01-31,47.7200,47.7200,,,21030005.009998586,1003551839.0771325239200,20995000,21520000,20995000,21520000,21030005,20995000,21520000,20995000,21520000,21030005
2018-02-01,47.9800,47.9800,,,21030005.004141726,1009019640.0987200134800,20995000,21520000,20995000,21520000,21030005,20995000,21520000,20995000,21520000,21030005
2018-02-02,47.5600,47.5600,,,21030005.005370572,1000187038.0554244043200,20995000,21520000,20995000,21520000,21030005,20995000,21520000,20995000,21520000,21030005
2018-02-05,44.7000,44.7000,,,21030005.005634196,940041223.7518485612000,20995000,21520000,20995000,21520000,21030005,20995000,21520000,20995000,21520000,21030005
2018-02-06,44.8300,44.8300,,,21030004.991111718,942775123.7515383179400,20995000,21520000,20995000,21520000,21030005,20995000,21520000,20995000,21520000,21030005
2018-02-07,45.7400,45.7400,,,21030005.003506920,961912428.8604065208000,20995000,21520000,20995000,21520000,21030005,20995000,21520000,20995000,21520000,21030005
2018-02-08,44.7600,44.7600,,,21030004.998915760,941303023.7514694176000,20995000,21520000,20995000,21520000,21030005,20995000,21520000,20995000,21520000,21030005
2018-02-09,45.7000,45.7000,,,21030005.007880703,961071228.8601481271000,20995000,21520000,20995000,21520000,21030005,20995000,21520000,20995000,21520000,21030005
2018-02-12,46.0800,46.0800,,,21030005.010930926,969062630.9036970700800,20995000,21520000,20995000,21520000,21030005,20995000,21520000,20995000,21520000,21030005
2018-02-13,46.5100,46.5100,,,21030005.008534280,978105532.9469293628000,20995000,21520000,20995000,21520000,21030005,20995000,21520000,20995000,21520000,21030005
2018-02-14,47.5000,47.5000,,,21030004.990180958,998925237.0335955050000,20995000,21520000,20995000,21520000,21030005,20995000,21520000,20995000,21520000,21030005
2018-02-15,48.5700,48.5700,,,21030005.006468440,1021427343.1641721308000,20995000,21520000,20995000,21520000,21030005,20995000,21520000,20995000,21520000,21030005
2018-02-16,48.9300,48.9300,,,21030004.990509678,1028998144.1856385445400,20995000,21520000,20995000,21520000,21030005,20995000,21520000,20995000,21520000,21030005
2018-02-20,48.7200,48.7200,,,21030004.991045475,1024581843.1637355420000,20995000,21520000,20995000,21520000,21030005,20995000,21520000,20995000,21520000,21030005
2018-02-21,49.3900,49.3900,,,21030005.006092127,1038671947.2508901525300,20995000,21520000,20995000,21520000,21030005,20995000,21520000,20995000,21520000,21030005
2018-02-22,47.9700,47.9700,,,21030005.005186222,1008809340.0987830693400,20995000,21520000,20995000,21520000,21030005,20995000,21520000,20995000,21520000,21030005
2018-02-23,48.3900,48.3900,,,21030005.003969394,1017641942.1420789756600,20995000,21520000,20995000,21520000,21030005,20995000,21520000,20995000,21520000,21030005
2018-02-26,50.2300,50.2300,,,21030005.003732458,1056337151.3374813653400,20995000,21520000,20995000,21520000,21030005,20995000,21520000,20995000,21520000,21030005
2018-02-27,48.9400,48.9400,,,21030005.003387710,1029208444.8657945274000,20995000,21520000,20995000,21520000,21030005,20995000,21520000,20995000,21520000,21030005
2018-02-28,49.0000,49.0000,,,21030004.997261920,1030470244.8658340800000,20995000,21520000,20995000,21520000,21030005,20995000,21520000,20995000,21520000,21030005
2018-03-01,49.9400,49.9400,,,21030005.005342440,1050238449.9668014536000,20992000,21498000,20992000,21498000,20992000,20992000,21498000,20992000,21498000,20992000
2018-03-02,49.9800,49.9800,,,21030005.001337092,1051079649.9668278581600,20992000,21498000,20992000,21498000,20992000,20992000,21498000,20992000,21498000,20992000
2018-03-05,50.8100,50.8100,,,21030004.999959838,1068534554.0479593687800,20992000,21498000,20992000,21498000,20992000,20992000,21498000,20992000,21498000,20992000
2018-03-06,51.7300,51.7300,,,21030005.009654433,1087882159.1494238190900,20992000,21498000,20992000,21498000,20992000,20992000,21498000,20992000,21498000,20992000
2018-03-07,51.8500,51.8500,,,21030004.998061776,1090405759.1495030856000,20992000,21498000,20992000,21498000,20992000,20992000,21498000,20992000,21498000,20992000
2018-03-08,52.4500,52.4500,,,21030004.999241360,1103023762.2102093320000,20992000,21498000,20992000,21498000,20992000,20992000,21498000,20992000,21498000,20992000
2018-03-09,52.9600,52.9600,,,21030005.008890780,1113749065.2708557088000,20992000,21498000,20992000,21498000,20992000,20992000,21498000,20992000,21498000,20992000
2018-03-12,52.9300,52.9300,,,21030004.992463116,1113118164.2510727298800,20992000,21498000,20992000,21498000,20992000,20992000,21498000,20992000,21498000,20992000
2018-03-13,53.6600,53.6600,,,21030005.000598934,1128470068.3321387984400,20992000,21498000,20992000,21498000,20992000,20992000,21498000,20992000,21498000,20992000
2018-03-14,53.2700,53.2700,,,21030004.998898710,1120268366.2913342817000,20992000,21498000,20992000,21498000,20992000,20992000,21498000,20992000,21498000,20992000
2018-03-15,53.5100,53.5100,,,21030004.995547860,1125315567.3117659886000,20992000,21498000,20992000,21498000,20992000,20992000,21498000,20992000,21498000,20992000
2018-03-16,53.6000,53.6000,,,21030005.006195880,1127208268.3320991680000,20992000,21498000,20992000,21498000,20992000,20992000,21498000,20992000,21498000,20992000
2018-03-19,52.4000,52.4000,,,21030005.004010998,1101972262.2101762952000,20992000,21498000,20992000,21498000,20992000,20992000,21498000,20992000,21498000,20992000
2018-03-20,52.9700,52.9700,,,21030005.007945300,1113959365.2708625410000,20992000,21498000,20992000,21498000,20992000,20992000,21498000,20992000,21498000,20992000
2018-03-21,52.6000,52.6000,,,21030005.004383683,1106178263.2305817258000,20992000,21498000,20992000,21498000,20992000,20992000,21498000,20992000,21498000,20992000
2018-03-22,52.3000,52.3000,,,21030004.994069543,1099869261.1898370989000,20992000,21498000,20992000,21498000,20992000,20992000,21498000,20992000,21498000,20992000
2018-03-23,51.4100,51.4100,,,21030005.001141135,1081152557.1086657503500,20992000,21498000,20992000,21498000,20992000,20992000,21498000,20992000,21498000,20992000
2018-03-26,51.2800,51.2800,,,21030004.993931677,1078418656.0888163965600,20992000,21498000,20992000,21498000,20992000,20992000,21498000,20992000,21498000,20992000
2018-03-27,50.4800,50.4800,,,21030004.992228698,1061594652.0077046750400,20992000,21498000,20992000,21498000,20992000,20992000,21498000,20992000,21498000,20992000
2018-03-28,51.3800,51.3800,,,21030005.004070770,1080521657.1091561626000,20992000,21498000,20992000,21498000,20992000,20992000,21498000,20992000,21498000,20992000
2018-03-29,51.3300,51.3300,,,21030005.008944540,1079470157.1091232382000,20992000,21498000,20992000,21498000,20992000,20992000,21498000,20992000,21498000,20992000
2018-04-02,50.3400,50.3400,,,21030005.006110698,1058650452.0076125373200,20992000,21498000,20992000,21498000,20992000,20992000,21498000,20992000,21498000,20992000
2018-04-03,51.5100,51.5100,,,21030004.991433352,1083255557.1087319615200,20992000,21498000,20992000,21498000,20992000,20992000,21498000,20992000,21498000,20992000
2018-04-04,51.5400,51.5400,,,21030005.008324113,1083886458.1290247840200,20992000,21498000,20992000,21498000,20992000,20992000,21498000,20992000,21498000,20992000
2018-04-05,51.3100,51.3100,,,21030004.991012200,1079049556.0888359820000,20992000,21498000,20992000,21498000,20992000,20992000,21498000,20992000,21498000,20992000
2018-04-06,50.4000,50.4000,,,21030005.000151828,1059912252.0076521312000,20992000,21498000,20992000,21498000,20992000,20992000,21498000,20992000,21498000,20992000
2018-04-09,51.1400,51.1400,,,21030005.007601180,1075474456.0887243452000,20992000,21498000,20992000,21498000,20992000,20992000,21498000,20992000,21498000,20992000
2018-04-10,52.6300,52.6300,,,21030005.001531474,1106809163.2306014766200,20992000,21498000,20992000,21498000,20992000,20992000,21498000,20992000,21498000,20992000
2018-04-11,52.9700,52.9700,,,21030005.007945300,1113959365.2708625410000,20992000,21498000,20992000,21498000,20992000,20992000,21498000,20992000,21498000,20992000
2018-04-12,52.6900,52.6900,,,21030004.995836800,1108070963.2306409920000,20992000,21498000,20992000,21498000,20992000,20992000,21498000,20992000,21498000,20992000
2018-04-13,51.6800,51.6800,,,21030004.994758464,1086830658.1291174195200,20992000,21498000,20992000,21498000,20992000,20992000,21498000,20992000,21498000,20992000
2018-04-16,53.3500,53.3500,,,21030004.991403690,1121950766.2913868615000,20992000,21498000,20992000,21498000,20992000,20992000,21498000,20992000,21498000,20992000
2018-04-17,52.9800,52.9800,,,21030005.007000170,1114169665.2708690066000,20992000,21498000,20992000,21498000,20992000,20992000,21498000,20992000,21498000,20992000
2018-04-18,52.1650,52.1650,,,21030005.006992184,1097030211.1897472783600,20992000,21498000,20992000,21498000,20992000,20992000,21498000,20992000,21498000,20992000
2018-04-19,53.2800,53.2800,,,21030004.997960600,1120478666.2913407680000,20992000,21498000,20992000,21498000,20992000,20992000,21498000,20992000,21498000,20992000
2018-04-20,53.5200,53.5200,,,21030004.994614586,1125525867.3117726427200,20992000,21498000,20992000,21498000,20992000,20992000,21498000,20992000,21498000,20992000
2018-04-23,53.9700,53.9700,,,21030004.990774630,1134989369.3521067811000,20992000,21498000,20992000,21498000,20992000,20992000,21498000,20992000,21498000,20992000
2018-04-24,52.9700,52.9700,,,21030005.007945300,1113959365.2708625410000,20992000,21498000,20992000,21498000,20992000,20992000,21498000,20992000,21498000,20992000
2018-04-25,52.6200,52.6200,,,21030005.002481850,1106598863.2305949470000,20992000,21498000,20992000,21498000,20992000,20992000,21498000,20992000,21498000,20992000
2018-04-26,52.6200,52.6200,,,21030005.002481850,1106598863.2305949470000,20992000,21498000,20992000,21498000,20992000,20992000,21498000,20992000,21498000,20992000
2018-04-27,52.1500,52.1500,,,21030005.008441962,1096714761.1902483183000,20992000,21498000,20992000,21498000,20992000,20992000,21498000,20992000,21498000,20992000
2018-04-30,51.5500,51.5500,,,21030005.007352695,1084096758.1290314272500,20992000,21498000,20992000,21498000,20992000,20992000,21498000,20992000,21498000,20992000
2018-05-01,51.2500,51.2500,,,21030004.996854570,1077787756.0887967125000,20992000,21498000,20992000,21498000,20992000,20992000,21498000,20992000,21498000,20992000
2018-05-02,50.4700,50.4700,,,21030004.993217714,1061384352.0076980255800,20992000,21498000,20992000,21498000,20992000,20992000,21498000,20992000,21498000,20992000
2018-05-03,50.4300,50.4300,,,21072451.995735202,1062683754.1449262368600,21045000,21628000,21045000,21628000,21072452,21045000,21628000,21045000,21628000,21072452
2018-05-04,51.9700,51.9700,,,21072451.994903540,1095135330.1751369738000,21045000,21628000,21045000,21628000,21072452,21045000,21628000,21045000,21628000,21072452
2018-05-07,50.9400,50.9400,,,21072452.000688996,1073430704.9150974562400,21045000,21628000,21045000,21628000,21072452,21045000,21628000,21045000,21628000,21072452
2018-05-08,51.8400,51.8400,,,21072452.002464086,1092395911.8077382182400,21045000,21628000,21045000,21628000,21072452,21045000,21628000,21045000,21628000,21072452
2018-05-09,52.5700,52.5700,,,21072451.994550260,1107778801.3535071682000,21045000,21628000,21045000,21628000,21072452,21045000,21628000,21045000,21628000,21072452
2018-05-10,52.6200,52.6200,,,21072451.991685800,1108832423.8025067960000,21045000,21628000,21045000,21628000,21072452,21045000,21628000,21045000,21628000,21072452
2018-05-11,52.8400,52.8400,,,21072451.998455300,1113468363.5983780520000,21045000,21628000,21045000,21628000,21072452,21045000,21628000,21045000,21628000,21072452
2018-05-14,51.0800,51.0800,,,21072451.992409866,1076380847.7722959552800,21045000,21628000,21045000,21628000,21072452,21045000,21628000,21045000,21628000,21072452
2018-05-15,50.9600,50.9600,,,21072451.999503480,1073852153.8946973408000,21045000,21628000,21045000,21628000,21072452,21045000,21628000,21045000,21628000,21072452
2018-05-16,51.8500,51.8500,,,21072452.001881160,1092606636.2975381460000,21045000,21628000,21045000,21628000,21072452,21045000,21628000,21045000,21628000,21072452
2018-05-17,53.1600,53.1600,,,21072451.994771960,1120211548.0420773936000,21045000,21628000,21045000,21628000,21072452,21045000,21628000,21045000,21628000,21072452
2018-05-18,53.7300,53.7300,,,21072451.996111076,1132222845.7510481134800,21045000,21628000,21045000,21628000,21072452,21045000,21628000,21045000,21628000,21072452
2018-05-21,53.4800,53.4800,,,21072451.995810546,1126954732.7359480000800,21045000,21628000,21045000,21628000,21072452,21045000,21628000,21045000,21628000,21072452
2018-05-22,53.1700,53.1700,,,21072451.994204957,1120422272.5318775636900,21045000,21628000,21045000,21628000,21072452,21045000,21628000,21045000,21628000,21072452
2018-05-23,53.6900,53.6900,,,21072452.003017686,1131379948.0420195613400,21045000,21628000,21045000,21628000,21072452,21045000,21628000,21045000,21628000,21072452
2018-05-24,54.4500,54.4500,,,21072451.993704090,1147395011.0571877005000,21045000,21628000,21045000,21628000,21072452,21045000,21628000,21045000,21628000,21072452
2018-05-25,54.3300,54.3300,,,21072452.000360560,1144866317.1795892248000,21045000,21628000,21045000,21628000,21072452,21045000,21628000,21045000,21628000,21072452
2018-05-29,53.4200,53.4200,,,21072451.999197837,1125690385.7971484525400,21045000,21628000,21045000,21628000,21072452,21045000,21628000,21045000,21628000,21072452
2018-05-30,53.6600,53.6600,,,21072452.004707787,1130747774.5726198504200,21045000,21628000,21045000,21628000,21072452,21045000,21628000,21045000,21628000,21072452
2018-05-31,52.9600,52.9600,,,21072452.006157080,1115997058.2460789568000,21045000,21628000,21045000,21628000,21072452,21045000,21628000,21045000,21628000,21072452
2018-06-01,53.6000,53.6000,,,21072451.995551710,1129483426.9615716560000,21045000,21628000,21045000,21628000,21072452,21045000,21628000,21045000,21628000,21072452
2018-06-04,54.0900,54.0900,,,21072451.992449902,1139808928.2716151991800,21045000,21628000,21045000,21628000,21072452,21045000,21628000,21045000,21628000,21072452
2018-06-05,53.8300,53.8300,,,21072452.006617427,1134330091.5162160954100,21045000,21628000,21045000,21628000,21072452,21045000,21628000,21045000,21628000,21072452
2018-06-06,53.8200,53.8200,,,21072452.007179044,1134119367.0263761480800,21045000,21628000,21045000,21628000,21072452,21045000,21628000,21045000,21628000,21072452
2018-06-07,54.7700,54.7700,,,21072452.007061973,1154138196.4267842612100,21045000,21628000,21045000,21628000,21072452,21045000,21628000,21045000,21628000,21072452
2018-06-08,56.4800,56.4800,,,21072452.003391605,1190172089.1515578504000,21045000,21628000,21045000,21628000,21072452,21045000,21628000,21045000,21628000,21072452
2018-06-11,54.8400,54.8400,,,21072451.998647380,1155613267.6058223192000,21045000,21628000,21045000,21628000,21072452,21045000,21628000,21045000,21628000,21072452
2018-06-12,54.1300,54.1300,,,21072452.009050420,1140651827.2498992346000,21045000,21628000,21045000,21628000,21072452,21045000,21628000,21045000,21628000,21072452
2018-06-13,53.7900,53.7900,,,21072451.994567245,1133487192.7877721085500,21045000,21628000,21045000,21628000,21072452,21045000,21628000,21045000,21628000,21072452
2018-06-14,53.0100,53.0100,,,21072451.994602636,1117050680.2338857343600,21045000,21628000,21045000,21628000,21072452,21045000,21628000,21045000,21628000,21072452
2018-06-15,52.9000,52.9000,,,21072452.005585786,1114732711.0954880794000,21045000,21628000,21045000,21628000,21072452,21045000,21628000,21045000,21628000,21072452
2018-06-18,53.8300,53.8300,,,21072452.006617427,1134330091.5162160954100,21045000,21628000,21045000,21628000,21072452,21045000,21628000,21045000,21628000,21072452
2018-06-19,53.7600,53.7600,,,21072451.996247265,1132855019.3182529664000,21045000,21628000,21045000,21628000,21072452,21045000,21628000,21045000,21628000,21072452
2018-06-20,52.3000,52.3000,,,21072452.005314775,1102089239.8779627325000,21045000,21628000,21045000,21628000,21072452,21045000,21628000,21045000,21628000,21072452
2018-06-21,50.9500,50.9500,,,21072451.998552106,1073641429.3262298007000,21045000,21628000,21045000,21628000,21072452,21045000,21628000,21045000,21628000,21072452
2018-06-22,51.9400,51.9400,,,21072451.991454687,1094503156.4361564427800,21045000,21628000,21045000,21628000,21072452,21045000,21628000,21045000,21628000,21072452
2018-06-25,53.3400,53.3400,,,21072451.990762055,1124004589.1872480137000,21045000,21628000,21045000,21628000,21072452,21045000,21628000,21045000,21628000,21072452
2018-06-26,52.9100,52.9100,,,21072452.005014703,1114943435.5853279357300,21045000,21628000,21045000,21628000,21072452,21045000,21628000,21045000,21628000,21072452
2018-06-27,51.3700,51.3700,,,21072452.004228823,1082491859.4572346375100,21045000,21628000,21045000,21628000,21072452,21045000,21628000,21045000,21628000,21072452
2018-06-28,54.2000,54.2000,,,21072452.000533900,1142126898.4289373800000,21045000,21628000,21045000,21628000,21072452,21045000,21628000,21045000,21628000,21072452
2018-06-29,54.8600,54.8600,,,21072451.992994200,1156034716.3356618120000,21045000,21628000,21045000,21628000,21072452,21045000,21628000,21045000,21628000,21072452
2018-07-02,55.1700,55.1700,,,21072451.994909994,1162567176.5591843689800,21045000,21628000,21045000,21628000,21072452,21045000,21628000,21045000,21628000,21072452
2018-07-03,55.0200,55.0200,,,21072451.993681260,1159406308.6923429252000,21045000,21628000,21045000,21628000,21072452,21045000,21628000,21045000,21628000,21072452
2018-07-05,56.2600,56.2600,,,21072451.992299207,1185536149.0867533858200,21045000,21628000,21045000,21628000,21072452,21045000,21628000,21045000,21628000,21072452
2018-07-06,55.4400,55.4400,,,21072451.998978134,1168256738.8233477489600,21045000,21628000,21045000,21628000,21072452,21045000,21628000,21045000,21628000,21072452
2018-07-09,55.2000,55.2000,,,21072451.993273612,1163199350.0287033824000,21045000,21628000,21045000,21628000,21072452,21045000,21628000,21045000,21628000,21072452
2018-07-10,54.9600,54.9600,,,21072452.001512814,1158141962.0031442574400,21045000,21628000,21045000,21628000,21072452,21045000,21628000,21045000,21628000,21072452
2018-07-11,54.6800,54.6800,,,21072451.997972585,1152241675.2491409478000,21045000,21628000,21045000,21628000,21072452,21045000,21628000,21045000,21628000,21072452
2018-07-12,54.7200,54.7200,,,21072451.991203588,1153084572.9586603353600,21045000,21628000,21045000,21628000,21072452,21045000,21628000,21045000,21628000,21072452
2018-07-13,55.0000,55.0000,,,21072451.994775698,1158984859.7126633900000,21045000,21628000,21045000,21628000,21072452,21045000,21628000,21045000,21628000,21072452
2018-07-16,55.7000,55.7000,,,21072452.003548857,1173735576.5976713349000,21045000,21628000,21045000,21628000,21072452,21045000,21628000,21045000,21628000,21072452
2018-07-17,55.6900,55.6900,,,21072452.008577347,1173524852.3576724544300,21045000,21628000,21045000,21628000,21072452,21045000,21628000,21045000,21628000,21072452
2018-07-18,57.2000,57.2000,,,21072451.992960155,1205344253.9973208660000,21045000,21628000,21045000,21628000,21072452,21045000,21628000,21045000,21628000,21072452
2018-07-19,57.8600,57.8600,,,21072452.007825970,1219252073.1728106242000,21045000,21628000,21045000,21628000,21072452,21045000,21628000,21045000,21628000,21072452
2018-07-20,57.8600,57.8600,,,21072452.007825970,1219252073.1728106242000,21045000,21628000,21045000,21628000,21072452,21045000,21628000,21045000,21628000,21072452
2018-07-23,58.3000,58.3000,,,21072452.007438324,1228523952.0336542892000,21045000,21628000,21045000,21628000,21072452,21045000,21628000,21045000,21628000,21072452
2018-07-24,57.8800,57.8800,,,21072452.002464570,1219673521.9026493116000,21045000,21628000,21045000,21628000,21072452,21045000,21628000,21045000,21628000,21072452
2018-07-25,58.7300,58.7300,,,21072451.994475980,1237585105.6355743054000,21045000,21628000,21045000,21628000,21072452,21045000,21628000,21045000,21628000,21072452
2018-07-26,60.1400,60.1400,,,21072451.993290750,1267297262.8765057050000,21045000,21628000,21045000,21628000,21072452,21045000,21628000,21045000,21628000,21072452
2018-07-27,60.0200,60.0200,,,21072452.007632602,1264768569.4981087720400,21045000,21628000,21045000,21628000,21072452,21045000,21628000,21045000,21628000,21072452
2018-07-30,58.5000,58.5000,,,21072452.001706917,1232738442.0998546445000,21045000,21628000,21045000,21628000,21072452,21045000,21628000,21045000,21628000,21072452
2018-07-31,59.2250,59.2250,,,21072452.008602150,1248015970.2094623337500,21045000,21628000,21045000,21628000,21072452,21045000,21628000,21045000,21628000,21072452
2018-08-01,60.1300,60.1300,,,21072451.993791220,1267086538.3866660586000,21045000,21628000,21045000,21628000,21072452,21045000,21628000,21045000,21628000,21072452
2018-08-02,60.9800,60.9800,,,21072452.002927445,1284998123.1385155961000,21045000,21628000,21045000,21628000,21072452,21045000,21628000,21045000,21628000,21072452
2018-08-03,60.2200,60.2200,,,21072452.002064247,1268983059.5643089543400,21045000,21628000,21045000,21628000,21072452,21045000,21628000,21045000,21628000,21072452
2018-08-06,59.1400,59.1400,,,21181127.002012350,1252651850.8990103790000,21070000,21666000,21070000,21666000,21181127,21070000,21666000,21070000,21666000,21181127
2018-08-07,58.6100,58.6100,,,21181127.006644484,1241425853.8594332072400,21070000,21666000,21070000,21666000,21181127,21070000,21666000,21070000,21666000,21181127
2018-08-08,59.1500,59.1500,,,21181127.001243725,1252863662.1235663337500,21070000,21666000,21070000,21666000,21181127,21070000,21666000,21070000,21666000,21181127
2018-08-09,59.2400,59.2400,,,21181126.992399342,1254769963.0297370200800,21070000,21666000,21070000,21666000,21181127,21070000,21666000,21070000,21666000,21181127
2018-08-10,58.9400,58.9400,,,21181127.005997030,1248415625.7334649482000,21070000,21666000,21070000,21666000,21181127,21070000,21666000,21070000,21666000,21181127
2018-08-13,58.8300,58.8300,,,21181127.001089416,1246085701.4740903432800,21070000,21666000,21070000,21666000,21181127,21070000,21666000,21070000,21666000,21181127
2018-08-14,59.5900,59.5900,,,21181127.007414095,1262183358.3718059210500,21070000,21666000,21070000,21666000,21181127,21070000,21666000,21070000,21666000,21181127
2018-08-15,60.5300,60.5300,,,21181126.994333886,1282093616.9670301195800,21070000,21666000,21070000,21666000,21181127,21070000,21666000,21070000,21666000,21181127
2018-08-16,61.2200,61.2200,,,21181126.992871515,1296708594.5035941483000,21070000,21666000,21070000,21666000,21181127,21070000,21666000,21070000,21666000,21181127
2018-08-17,60.6100,60.6100,,,21181127.003259685,1283788107.6675695078500,21070000,21666000,21070000,21666000,21181127,21070000,21666000,21070000,21666000,21181127
2018-08-20,60.9300,60.9300,,,21181127.005282760,1290566068.4318785668000,21070000,21666000,21070000,21666000,21181127,21070000,21666000,21070000,21666000,21181127
2018-08-21,61.2300,61.2300,,,21181127.006896000,1296920406.6322420800000,21070000,21666000,21070000,21666000,21181127,21070000,21666000,21070000,21666000,21181127
2018-08-22,60.0200,60.0200,,,21181126.997276980,1271291242.3765643396000,21070000,21666000,21070000,21666000,21181127,21070000,21666000,21070000,21666000,21181127
2018-08-23,59.9000,59.9000,,,21181127.008292580,1268749507.7967255420000,21070000,21666000,21070000,21666000,21181127,21070000,21666000,21070000,21666000,21181127
2018-08-24,60.3200,60.3200,,,21181126.998954386,1277645580.5769285635200,21070000,21666000,21070000,21666000,21181127,21070000,21666000,21070000,21666000,21181127
2018-08-27,60.2900,60.2900,,,21181127.003119810,1277010147.0180933449000,21070000,21666000,21070000,21666000,21181127,21070000,21666000,21070000,21666000,21181127
2018-08-28,60.5400,60.5400,,,21181126.993584180,1282305428.1915862572000,21070000,21666000,21070000,21666000,21181127,21070000,21666000,21070000,21666000,21181127
2018-08-29,60.4400,60.4400,,,21181127.004892327,1280187316.1756922438800,21070000,21666000,21070000,21666000,21181127,21070000,21666000,21070000,21666000,21181127
2018-08-30,60.2300,60.2300,,,21181127.004270030,1275739279.4671839069000,21070000,21666000,21070000,21666000,21181127,21070000,21666000,21070000,21666000,21181127
2018-08-31,60.7700,60.7700,,,21181127.004463200,1287177088.0612286640000,21070000,21666000,21070000,21666000,21181127,21070000,21666000,21070000,21666000,21181127
2018-09-04,60.8800,60.8800,,,21181126.992485600,1289507011.3025233280000,21070000,21666000,21070000,21666000,21181127,21070000,21666000,21070000,21666000,21181127
2018-09-05,61.4800,61.4800,,,21181127.001180306,1302215688.0325652128800,21070000,21666000,21070000,21666000,21181127,21070000,21666000,21070000,21666000,21181127
2018-09-06,61.9000,61.9000,,,21181127.001169007,1311111761.3723615333000,21070000,21666000,21070000,21666000,21181127,21070000,21666000,21070000,21666000,21181127
2018-09-07,61.0000,61.0000,,,21181126.994614292,1292048746.6714718120000,21070000,21666000,21070000,21666000,21181127,21070000,21666000,21070000,21666000,21181127
2018-09-10,59.9000,59.9000,,,21181126.995562017,1268749507.0341648183000,21070000,21666000,21070000,21666000,21181127,21070000,21666000,21070000,21666000,21181127
2018-09-11,59.9900,59.9900,,,21181127.001900107,1270655808.8439874189300,21070000,21666000,21070000,21666000,21181127,21070000,21666000,21070000,21666000,21181127
2018-09-12,58.7100,58.7100,,,21181127.007405560,1243543966.6047804276000,21070000,21666000,21070000,21666000,21181127,21070000,21666000,21070000,21666000,21181127
2018-09-13,60.2500,60.2500,,,21181127.002761850,1276162901.9164014625000,21070000,21666000,21070000,21666000,21181127,21070000,21666000,21070000,21666000,21181127
2018-09-14,61.1200,61.1200,,,21181126.996734623,1294590482.0404201577600,21070000,21666000,21070000,21666000,21181127,21070000,21666000,21070000,21666000,21181127
2018-09-17,60.3200,60.3200,,,21181126.993688025,1277645580.2592616680000,21070000,21666000,21070000,21666000,21181127,21070000,21666000,21070000,21666000,21181127
2018-09-18,61.2300,61.2300,,,21181126.999587780,1296920406.1847597694000,21070000,21666000,21070000,21666000,21181127,21070000,21666000,21070000,21666000,21181127
2018-09-19,60.1000,60.1000,,,21181127.004797460,1272985732.9883273460000,21070000,21666000,21070000,21666000,21181127,21070000,21666000,21070000,21666000,21181127
2018-09-20,61.5100,61.5100,,,21181126.998965874,1302851121.7063909097400,21070000,21666000,21070000,21666000,21181127,21070000,21666000,21070000,21666000,21181127
2018-09-21,63.1200,63.1200,,,21181127.000378914,1336952736.2639170516800,21070000,21666000,21070000,21666000,21181127,21070000,21666000,21070000,21666000,21181127
2018-09-24,62.3100,62.3100,,,21181127.000045735,1319796023.3728497478500,21070000,21666000,21070000,21666000,21181127,21070000,21666000,21070000,21666000,21181127
2018-09-25,62.9100,62.9100,,,21181126.994116135,1332504699.1998460528500,21070000,21666000,21070000,21666000,21181127,21070000,21666000,21070000,21666000,21181127
2018-09-26,62.2800,62.2800,,,21181127.004073920,1319160589.8137237376000,21070000,21666000,21070000,21666000,21181127,21070000,21666000,21070000,21666000,21181127
2018-09-27,62.4000,62.4000,,,21181127.006132570,1321702325.1826723680000,21070000,21666000,21070000,21666000,21181127,21070000,21666000,21070000,21666000,21181127
2018-09-28,63.8600,63.8600,,,21181126.993335098,1352626769.7943793582800,21070000,21666000,21070000,21666000,21181127,21070000,21666000,21070000,21666000,21181127
2018-10-01,62.8000,62.8000,,,21181127.005709413,1330174775.9585511364000,21070000,21666000,21070000,21666000,21181127,21070000,21666000,21070000,21666000,21181127
2018-10-02,61.9200,61.9200,,,21181126.997850113,1311535383.7068789969600,21070000,21666000,21070000,21666000,21181127,21070000,21666000,21070000,21666000,21181127
2018-10-03,62.9100,62.9100,,,21181126.994116135,1332504699.1998460528500,21070000,21666000,21070000,21666000,21181127,21070000,21666000,21070000,21666000,21181127
2018-10-04,61.2900,61.2900,,,21181127.008007120,1298191274.3207563848000,21070000,21666000,21070000,21666000,21181127,21070000,21666000,21070000,21666000,21181127
2018-10-05,61.0900,61.0900,,,21181126.998962097,1293955048.3665945057300,21070000,21666000,21070000,21666000,21181127,21070000,21666000,21070000,21666000,21181127
2018-10-08,60.9700,60.9700,,,21181126.996845110,1291413312.9976463567000,21070000,21666000,21070000,21666000,21181127,21070000,21666000,21070000,21666000,21181127
2018-10-09,61.6800,61.6800,,,21181126.993660547,1306451912.9689825389600,21070000,21666000,21070000,21666000,21181127,21070000,21666000,21070000,21666000,21181127
2018-10-10,60.5300,60.5300,,,21181127.002115186,1282093617.4380322085800,21070000,21666000,21070000,21666000,21181127,21070000,21666000,21070000,21666000,21181127
2018-10-11,59.2100,59.2100,,,21181126.997332310,1254134529.5120460751000,21070000,21666000,21070000,21666000,21181127,21070000,21666000,21070000,21666000,21181127
2018-10-12,57.8000,57.8000,,,21181127.003356095,1224269140.7939822910000,21070000,21666000,21070000,21666000,21181127,21070000,21666000,21070000,21666000,21181127
2018-10-15,57.7000,57.7000,,,21181126.997565880,1222151027.7595512760000,21070000,21666000,21070000,21666000,21181127,21070000,21666000,21070000,21666000,21181127
2018-10-16,60.4800,60.4800,,,21181127.007766027,1281034561.4296893129600,21070000,21666000,21070000,21666000,21181127,21070000,21666000,21070000,21666000,21181127
2018-10-17,60.6700,60.6700,,,21181127.000848820,1285058975.1414979094000,21070000,21666000,21070000,21666000,21181127,21070000,21666000,21070000,21666000,21181127
2018-10-18,61.2100,61.2100,,,21181127.001070786,1296496783.7355428110600,21070000,21666000,21070000,21666000,21181127,21070000,21666000,21070000,21666000,21181127
2018-10-19,59.9800,59.9800,,,21181127.002657200,1270443997.6193788560000,21070000,21666000,21070000,21666000,21181127,21070000,21666000,21070000,21666000,21181127
2018-10-22,59.6500,59.6500,,,21181126.991980890,1263454225.0716600885000,21070000,21666000,21070000,21666000,21181127,21070000,21666000,21070000,21666000,21181127
2018-10-23,58.8600,58.8600,,,21181127.005315233,1246721135.5328546143800,21070000,21666000,21070000,21666000,21181127,21070000,21666000,21070000,21666000,21181127
2018-10-24,57.5300,57.5300,,,21181127.003249780,1218550236.4969598434000,21070000,21666000,21070000,21666000,21181127,21070000,21666000,21070000,21666000,21181127
2018-10-25,58.5300,58.5300,,,21181126.996409290,1239731363.0998357437000,21070000,21666000,21070000,21666000,21181127,21070000,21666000,21070000,21666000,21181127
2018-10-26,58.6800,58.6800,,,21181126.994340660,1242908532.0279099288000,21070000,21666000,21070000,21666000,21181127,21070000,21666000,21070000,21666000,21181127
2018-10-29,58.7800,58.7800,,,21181127.000039823,1245026645.0623407959400,21070000,21666000,21070000,21666000,21181127,21070000,21666000,21070000,21666000,21181127
2018-10-30,59.7800,59.7800,,,21181126.993396066,1266207771.6652168254800,21070000,21666000,21070000,21666000,21181127,21070000,21666000,21070000,21666000,21181127
2018-10-31,59.7100,59.7100,,,21181127.002551608,1264725093.3223565136800,21070000,21666000,21070000,21666000,21181127,21070000,21666000,21070000,21666000,21181127
2018-11-01,57.8400,57.8400,,,21227746.003536772,1227812828.8445668924800,21102000,21721000,21102000,21721000,21227746,21102000,21721000,21102000,21721000,21227746
2018-11-02,60.4200,60.4200,,,21227746.005329598,1282580413.6420143111600,21102000,21721000,21102000,21721000,21227746,21102000,21721000,21102000,21721000,21227746
2018-11-05,59.9800,59.9800,,,21227745.994685600,1273240204.7612422880000,21102000,21721000,21102000,21721000,21227746,21102000,21721000,21102000,21721000,21227746
2018-11-06,61.0700,61.0700,,,21227745.995347068,1296378447.9358454427600,21102000,21721000,21102000,21721000,21227746,21102000,21721000,21102000,21721000,21227746
2018-11-07,61.2400,61.2400,,,21227746.006052620,1299987165.4106624488000,21102000,21721000,21102000,21721000,21227746,21102000,21721000,21102000,21721000,21227746
2018-11-08,60.9300,60.9300,,,21227745.996589147,1293406563.5721767267100,21102000,21721000,21102000,21721000,21227746,21102000,21721000,21102000,21721000,21227746
2018-11-09,60.1800,60.1800,,,21227745.993198120,1277485753.8706628616000,21102000,21721000,21102000,21721000,21227746,21102000,21721000,21102000,21721000,21227746
2018-11-12,59.7000,59.7000,,,21227745.993375283,1267296435.8045043951000,21102000,21721000,21102000,21721000,21227746,21102000,21721000,21102000,21721000,21227746
2018-11-13,59.8700,59.8700,,,21227746.000499777,1270905153.0499216489900,21102000,21721000,21102000,21721000,21227746,21102000,21721000,21102000,21721000,21227746
2018-11-14,58.7800,58.7800,,,21227745.999920353,1247766909.8753183493400,21102000,21721000,21102000,21721000,21227746,21102000,21721000,21102000,21721000,21227746
2018-11-15,59.8200,59.8200,,,21227746.006090816,1269843766.0843526131200,21102000,21721000,21102000,21721000,21227746,21102000,21721000,21102000,21721000,21227746
2018-11-16,61.0600,61.0600,,,21227745.993859530,1296166170.3850629018000,21102000,21721000,21102000,21721000,21227746,21102000,21721000,21102000,21721000,21227746
2018-11-19,60.6500,60.6500,,,21227746.008306414,1287462795.4037840091000,21102000,21721000,21102000,21721000,21227746,21102000,21721000,21102000,21721000,21227746
2018-11-20,60.8400,60.8400,,,21227746.005299500,1291496066.9624215800000,21102000,21721000,21102000,21721000,21227746,21102000,21721000,21102000,21721000,21227746
2018-11-21,59.6400,59.6400,,,21227745.997453930,1266022771.2881523852000,21102000,21721000,21102000,21721000,21227746,21102000,21721000,21102000,21721000,21227746
2018-11-23,60.4500,60.4500,,,21227745.992996160,1283217245.2766178720000,21102000,21721000,21102000,21721000,21227746,21102000,21721000,21102000,21721000,21227746
2018-11-26,60.4000,60.4000,,,21227745.998527303,1282155858.3110491012000,21102000,21721000,21102000,21721000,21227746,21102000,21721000,21102000,21721000,21227746
2018-11-27,59.5800,59.5800,,,21227745.997690514,1264749106.5424008241200,21102000,21721000,21102000,21721000,21227746,21102000,21721000,21102000,21721000,21227746
2018-11-28,61.5300,61.5300,,,21227745.992206056,1306143210.9004386256800,21102000,21721000,21102000,21721000,21227746,21102000,21721000,21102000,21721000,21227746
2018-11-29,62.0300,62.0300,,,21227746.005680300,1316757084.7323490090000,21102000,21721000,21102000,21721000,21227746,21102000,21721000,21102000,21721000,21227746
2018-11-30,62.2100,62.2100,,,21227745.992319632,1320578078.1822043067200,21102000,21721000,21102000,21721000,21227746,21102000,21721000,21102000,21721000,21227746
2018-12-03,62.5600,62.5600,,,21227745.993210845,1328007789.3352704632000,21102000,21721000,21102000,21721000,21227746,21102000,21721000,21102000,21721000,21227746
2018-12-04,59.5700,59.5700,,,21227745.998156935,1264536829.1102086179500,21102000,21721000,21102000,21721000,21227746,21102000,21721000,21102000,21721000,21227746
2018-12-06,58.3600,58.3600,,,21227746.003156364,1238851256.7442054030400,21102000,21721000,21102000,21721000,21227746,21102000,21721000,21102000,21721000,21227746
2018-12-07,58.8900,58.8900,,,21227746.003304040,1250101962.1345749156000,21102000,21721000,21102000,21721000,21227746,21102000,21721000,21102000,21721000,21227746
2018-12-10,60.3300,60.3300,,,21227745.999703433,1280669916.1621081128900,21102000,21721000,21102000,21721000,21227746,21102000,21721000,21102000,21721000,21227746
2018-12-11,61.0100,61.0100,,,21227745.994717944,1295104783.1377417634400,21102000,21721000,21102000,21721000,21227746,21102000,21721000,21102000,21721000,21227746
2018-12-12,58.5600,58.5600,,,21227745.992066592,1243096805.2954196275200,21102000,21721000,21102000,21721000,21227746,21102000,21721000,21102000,21721000,21227746
2018-12-13,58.4700,58.4700,,,21227746.001112733,1241186308.6850614985100,21102000,21721000,21102000,21721000,21227746,21102000,21721000,21102000,21721000,21227746
2018-12-14,57.7000,57.7000,,,21227745.993992090,1224840943.8533435930000,21102000,21721000,21102000,21721000,21227746,21102000,21721000,21102000,21721000,21227746
2018-12-17,55.2900,55.2900,,,21227746.006005010,1173682076.6720170029000,21102000,21721000,21102000,21721000,21227746,21102000,21721000,21102000,21721000,21227746
2018-12-18,54.5800,54.5800,,,21227746.002477206,1158610376.8152059034800,21102000,21721000,21102000,21721000,21227746,21102000,21721000,21102000,21721000,21227746
2018-12-19,54.7100,54.7100,,,21227746.003608502,1161369983.8574211444200,21102000,21721000,21102000,21721000,21227746,21102000,21721000,21102000,21721000,21227746
2018-12-20,53.8500,53.8500,,,21227745.991233002,1143114121.6278971577000,21102000,21721000,21102000,21721000,21227746,21102000,21721000,21102000,21721000,21227746
2018-12-21,52.7500,52.7500,,,21227746.009292860,1119763601.9901983650000,21102000,21721000,21102000,21721000,21227746,21102000,21721000,21102000,21721000,21227746
2018-12-24,51.1400,51.1400,,,21227745.996469580,1085586930.2594543212000,21102000,21721000,21102000,21721000,21227746,21102000,21721000,21102000,21721000,21227746
2018-12-26,52.4700,52.4700,,,21227745.994780477,1113819832.3461316281900,21102000,21721000,21102000,21721000,21227746,21102000,21721000,21102000,21721000,21227746
2018-12-27,52.8900,52.8900,,,21227745.997270647,1122735485.7956445198300,21102000,21721000,21102000,21721000,21227746,21102000,21721000,21102000,21721000,21227746
2018-12-28,54.0800,54.0800,,,21227746.007338677,1147996504.0768756521600,21102000,21721000,21102000,21721000,21227746,21102000,21721000,21102000,21721000,21227746
2018-12-31,55.5600,55.5600,,,21227745.999798730,1179413567.7488174388000,21102000,21721000,21102000,21721000,21227746,21102000,21721000,21102000,21721000,21227746
2019-01-02,55.6900,55.6900,,,21227746.000916370,1182173174.7910326453000,21102000,21721000,21102000,21721000,21227746,21102000,21721000,21102000,21721000,21227746
2019-01-03,56.5700,56.5700,,,21227746.006074004,1200853591.5636064062800,21102000,21721000,21102000,21721000,21227746,21102000,21721000,21102000,21721000,21227746
2019-01-04,57.5100,57.5100,,,21227746.006830283,1220807672.8528095753300,21102000,21721000,21102000,21721000,21227746,21102000,21721000,21102000,21721000,21227746
2019-01-07,58.0900,58.0900,,,21227745.991578903,1233119764.6508184752700,21102000,21721000,21102000,21721000,21227746,21102000,21721000,21102000,21721000,21227746
2019-01-08,57.0100,57.0100,,,21227745.997667610,1210193799.3270304461000,21102000,21721000,21102000,21721000,21227746,21102000,21721000,21102000,21721000,21227746
2019-01-09,56.7000,56.7000,,,21227745.993269373,1203613197.8183734491000,21102000,21721000,21102000,21721000,21227746,21102000,21721000,21102000,21721000,21227746
2019-01-10,57.4900,57.4900,,,21227746.003678030,1220383117.7514499447000,21102000,21721000,21102000,21721000,21227746,21102000,21721000,21102000,21721000,21227746
2019-01-11,57.3800,57.3800,,,21227746.005761480,1218048065.8105937224000,21102000,21721000,21102000,21721000,21227746,21102000,21721000,21102000,21721000,21227746
2019-01-14,57.1100,57.1100,,,21227745.993997674,1212316573.7172071621400,21102000,21721000,21102000,21721000,21227746,21102000,21721000,21102000,21721000,21227746
2019-01-15,57.5200,57.5200,,,21227745.994715586,1221019949.6160405067200,21102000,21721000,21102000,21721000,21227746,21102000,21721000,21102000,21721000,21227746
2019-01-16,58.1800,58.1800,,,21227745.999961560,1235030262.2777635608000,21102000,21721000,21102000,21721000,21227746,21102000,21721000,21102000,21721000,21227746
2019-01-17,58.1400,58.1400,,,21227746.007266827,1234181152.8624933217800,21102000,21721000,21102000,21721000,21227746,21102000,21721000,21102000,21721000,21227746
2019-01-18,60.4800,60.4800,,,21227745.994500212,1283854077.7473728217600,21102000,21721000,21102000,21721000,21227746,21102000,21721000,21102000,21721000,21227746
2019-01-22,59.2100,59.2100,,,21227745.995718006,1256894840.4064631352600,21102000,21721000,21102000,21721000,21227746,21102000,21721000,21102000,21721000,21227746
2019-01-23,60.1500,60.1500,,,21227746.000412382,1276848921.9248047773000,21102000,21721000,21102000,21721000,21227746,21102000,21721000,21102000,21721000,21227746
2019-01-24,59.0100,59.0100,,,21227746.006697997,1252649291.8552488029700,21102000,21721000,21102000,21721000,21227746,21102000,21721000,21102000,21721000,21227746
2019-01-25,57.6900,57.6900,,,21227745.992419210,1224628666.3026642249000,21102000,21721000,21102000,21721000,21227746,21102000,21721000,21102000,21721000,21227746
2019-01-28,57.5000,57.5000,,,21227746.005254430,1220595395.3021297250000,21102000,21721000,21102000,21721000,21227746,21102000,21721000,21102000,21721000,21227746
2019-01-29,57.8200,57.8200,,,21227745.997475233,1227388273.5740179720600,21102000,21721000,21102000,21721000,21227746,21102000,21721000,21102000,21721000,21227746
2019-01-30,58.0000,58.0000,,,21227746.000697590,1231209268.0404602200000,21102000,21721000,21102000,21721000,21227746,21102000,21721000,21102000,21721000,21227746
2019-01-31,58.0000,58.0000,,,21227746.000697590,1231209268.0404602200000,21102000,21721000,21102000,21721000,21227746,21102000,21721000,21102000,21721000,21227746
2019-02-01,58.2200,58.2200,,,21227745.996602066,1235879371.9221722825200,21102000,21721000,21102000,21721000,21227746,21102000,21721000,21102000,21721000,21227746
2019-02-04,58.9300,58.9300,,,21227745.999982750,1250951071.7789834575000,21102000,21721000,21102000,21721000,21227746,21102000,21721000,21102000,21721000,21227746
2019-02-05,59.1800,59.1800,,,21227746.004425023,1256258008.5418728611400,21102000,21721000,21102000,21721000,21227746,21102000,21721000,21102000,21721000,21227746
2019-02-06,59.4500,59.4500,,,21227745.998632014,1261989499.6186732323000,21102000,21721000,21102000,21721000,21227746,21102000,21721000,21102000,21721000,21227746
2019-02-07,59.2700,59.2700,,,21227745.995482214,1258168505.1522308237800,21102000,21721000,21102000,21721000,21227746,21102000,21721000,21102000,21721000,21227746
2019-02-08,59.5200,59.5200,,,21227746.003767790,1263475442.1442588608000,21102000,21721000,21102000,21721000,21227746,21102000,21721000,21102000,21721000,21227746
2019-02-11,58.9400,58.9400,,,21227746.001521260,1251163349.3296630644000,21102000,21721000,21102000,21721000,21227746,21102000,21721000,21102000,21721000,21227746
2019-02-12,59.1000,59.1000,,,21227745.997726010,1254559788.4656071910000,21102000,21721000,21102000,21721000,21227746,21102000,21721000,21102000,21721000,21227746
2019-02-13,59.7000,59.7000,,,21227746.003041245,1267296436.3815623265000,21102000,21721000,21102000,21721000,21227746,21102000,21721000,21102000,21721000,21227746
2019-02-14,59.9300,59.9300,,,21227746.004389998,1272178818.0430925801400,21102000,21721000,21102000,21721000,21227746,21102000,21721000,21102000,21721000,21227746
2019-02-15,60.4600,60.4600,,,21227746.004523024,1283429523.4334620310400,21102000,21721000,21102000,21721000,21227746,21102000,21721000,21102000,21721000,21227746
2019-02-19,61.6300,61.6300,,,21227746.006558415,1308265986.3841951164500,21102000,21721000,21102000,21721000,21227746,21102000,21721000,21102000,21721000,21227746
2019-02-20,62.0400,62.0400,,,21227746.007141020,1316969362.2830288808000,21102000,21721000,21102000,21721000,21227746,21102000,21721000,21102000,21721000,21227746
2019-02-21,61.6600,61.6600,,,21227745.998196322,1308902818.2487852145200,21102000,21721000,21102000,21721000,21227746,21102000,21721000,21102000,21721000,21227746
2019-02-22,66.0800,66.0800,,,21227746.000879973,1402729455.7381486158400,21102000,21721000,21102000,21721000,21227746,21102000,21721000,21102000,21721000,21227746
2019-02-25,65.5400,65.5400,,,21227745.995849270,1391266472.5679611558000,21102000,21721000,21102000,21721000,21227746,21102000,21721000,21102000,21721000,21227746
2019-02-26,67.2100,67.2100,,,21227745.994004242,1426716808.2570251048200,21102000,21721000,21102000,21721000,21227746,21102000,21721000,21102000,21721000,21227746
2019-02-27,67.0200,67.0200,,,21227746.004090600,1422683537.1941520120000,21102000,21721000,21102000,21721000,21227746,21102000,21721000,21102000,21721000,21227746
2019-02-28,66.7600,66.7600,,,21227746.003741503,1417164323.2097827402800,21090000,21685000,21090000,21685000,21090000,21090000,21685000,21090000,21685000,21090000
2019-03-01,66.6600,66.6600,,,21227746.003457706,1415041548.5904906819600,21090000,21685000,21090000,21685000,21090000,21090000,21685000,21090000,21685000,21090000
2019-03-04,66.2000,66.2000,,,21227746.002530770,1405276785.3675369740000,21090000,21685000,21090000,21685000,21090000,21090000,21685000,21090000,21685000,21090000
2019-03-05,66.7700,66.7700,,,21227746.005097420,1417376600.7603547334000,21090000,21685000,21090000,21685000,21090000,21090000,21685000,21090000,21685000,21090000
2019-03-06,66.0700,66.0700,,,21227746.006571446,1402517178.6541754372200,21090000,21685000,21090000,21685000,21090000,21090000,21685000,21090000,21685000,21090000
2019-03-07,66.2400,66.2400,,,21227745.999579992,1406125895.0121786700800,21090000,21685000,21090000,21685000,21090000,21090000,21685000,21090000,21685000,21090000
2019-03-08,66.7700,66.7700,,,21227746.005097420,1417376600.7603547334000,21090000,21685000,21090000,21685000,21090000,21090000,21685000,21090000,21685000,21090000
2019-03-11,67.9300,67.9300,,,21227745.992977712,1442000785.3029759761600,21090000,21685000,21090000,21685000,21090000,21090000,21685000,21090000,21685000,21090000
2019-03-12,68.2200,68.2200,,,21227746.004057340,1448156832.3967917348000,21090000,21685000,21090000,21685000,21090000,21090000,21685000,21090000,21685000,21090000
2019-03-13,68.2800,68.2800,,,21227746.007197455,1449430497.3714422274000,21090000,21685000,21090000,21685000,21090000,21090000,21685000,21090000,21685000,21090000
2019-03-14,68.7400,68.7400,,,21227745.993293844,1459195259.5790188365600,21090000,21685000,21090000,21685000,21090000,21090000,21685000,21090000,21685000,21090000
2019-03-15,69.3000,69.3000,,,21227745.994534840,1471082797.4212644120000,21090000,21685000,21090000,21685000,21090000,21090000,21685000,21090000,21685000,21090000
2019-03-18,69.2000,69.2000,,,21227745.994248150,1468960022.8019719800000,21090000,21685000,21090000,21685000,21090000,21090000,21685000,21090000,21685000,21090000
2019-03-19,68.3200,68.3200,,,21227746.004333780,1450279607.0160838496000,21090000,21685000,21090000,21685000,21090000,21090000,21685000,21090000,21685000,21090000
2019-03-20,68.0000,68.0000,,,21227745.997473500,1443486727.8281980000000,21090000,21685000,21090000,21685000,21090000,21090000,21685000,21090000,21685000,21090000
2019-03-21,68.8100,68.8100,,,21227745.997736390,1460681202.1042409959000,21090000,21685000,21090000,21685000,21090000,21090000,21685000,21090000,21685000,21090000
2019-03-22,68.1000,68.1000,,,21227745.997760504,1445609502.4474903224000,21090000,21685000,21090000,21685000,21090000,21090000,21685000,21090000,21685000,21090000
2019-03-25,69.0200,69.0200,,,21227746.002930496,1465139029.1222628339200,21090000,21685000,21090000,21685000,21090000,21090000,21685000,21090000,21685000,21090000
2019-03-26,68.0600,68.0600,,,21227746.000629574,1444760392.8028488064400,21090000,21685000,21090000,21685000,21090000,21090000,21685000,21090000,21685000,21090000
2019-03-27,68.5800,68.5800,,,21227746.004672690,1455798821.0004530802000,21090000,21685000,21090000,21685000,21090000,21090000,21685000,21090000,21685000,21090000
2019-03-28,68.0100,68.0100,,,21227746.002170797,1443699005.6076359039700,21090000,21685000,21090000,21685000,21090000,21090000,21685000,21090000,21685000,21090000
2019-03-29,68.5700,68.5700,,,21227746.003352504,1455586543.4498811992800,21090000,21685000,21090000,21685000,21090000,21090000,21685000,21090000,21685000,21090000
2019-04-01,68.3300,68.3300,,,21227746.005658653,1450491884.5666557594900,21090000,21685000,21090000,21685000,21090000,21090000,21685000,21090000,21685000,21090000
2019-04-02,66.1900,66.1900,,,21227745.997705083,1405064507.5880994437700,21090000,21685000,21090000,21685000,21090000,21090000,21685000,21090000,21685000,21090000
2019-04-03,67.7900,67.7900,,,21227745.995560440,1439028901.0390422276000,21090000,21685000,21090000,21685000,21090000,21090000,21685000,21090000,21685000,21090000
2019-04-04,66.7600,66.7600,,,21227746.003741503,1417164323.2097827402800,21090000,21685000,21090000,21685000,21090000,21090000,21685000,21090000,21685000,21090000
2019-04-05,67.7300,67.7300,,,21227746.007378835,1437755237.0797684945500,21090000,21685000,21090000,21685000,21090000,21090000,21685000,21090000,21685000,21090000
2019-04-08,68.2500,68.2500,,,21227745.996512760,1448793664.2619958700000,21090000,21685000,21090000,21685000,21090000,21090000,21685000,21090000,21685000,21090000
2019-04-09,68.1500,68.1500,,,21227745.996224552,1446670889.6427032188000,21090000,21685000,21090000,21685000,21090000,21090000,21685000,21090000,21685000,21090000
2019-04-10,68.2200,68.2200,,,21227746.004057340,1448156832.3967917348000,21090000,21685000,21090000,21685000,21090000,21090000,21685000,21090000,21685000,21090000
2019-04-11,69.1700,69.1700,,,21227746.001688134,1468323190.9367682287800,21090000,21685000,21090000,21685000,21090000,21090000,21685000,21090000,21685000,21090000
2019-04-12,69.1500,69.1500,,,21227745.995759353,1467898635.6067592599500,21090000,21685000,21090000,21685000,21090000,21090000,21685000,21090000,21685000,21090000
2019-04-15,68.4400,68.4400,,,21227746.007254817,1452826936.7365196754800,21090000,21685000,21090000,21685000,21090000,21090000,21685000,21090000,21685000,21090000
2019-04-16,69.0200,69.0200,,,21227746.002930496,1465139029.1222628339200,21090000,21685000,21090000,21685000,21090000,21090000,21685000,21090000,21685000,21090000
2019-04-17,68.4800,68.4800,,,21227746.004397795,1453676046.3811610016000,21090000,21685000,21090000,21685000,21090000,21090000,21685000,21090000,21685000,21090000
2019-04-18,69.3100,69.3100,,,21227745.999144450,1471295075.2007018295000,21090000,21685000,21090000,21685000,21090000,21090000,21685000,21090000,21685000,21090000
2019-04-22,69.6300,69.6300,,,21227746.002581093,1478087954.1597215055900,21090000,21685000,21090000,21685000,21090000,21090000,21685000,21090000,21685000,21090000
2019-04-23,70.5500,70.5500,,,21227745.993183807,1497617479.8191175838500,21090000,21685000,21090000,21685000,21090000,21090000,21685000,21090000,21685000,21090000
2019-04-24,72.1100,72.1100,,,21227745.993973360,1530732763.6254189896000,21090000,21685000,21090000,21685000,21090000,21090000,21685000,21090000,21685000,21090000
2019-04-25,72.4400,72.4400,,,21227746.001710046,1537737920.3638757322400,21090000,21685000,21090000,21685000,21090000,21090000,21685000,21090000,21685000,21090000
2019-04-26,71.4100,71.4100,,,21227745.995228115,1515873341.5192396921500,21090000,21685000,21090000,21685000,21090000,21090000,21685000,21090000,21685000,21090000
2019-04-29,71.4200,71.4200,,,21227745.996496940,1516085619.0698114548000,21090000,21685000,21090000,21685000,21090000,21090000,21685000,21090000,21685000,21090000
2019-04-30,72.6000,72.6000,,,21227746.001776210,1541134359.7289528460000,21090000,21685000,21090000,21685000,21090000,21090000,21685000,21090000,21685000,21090000
2019-05-01,73.9100,73.9100,,,21227746.003266900,1568942707.1014565790000,21090000,21685000,21090000,21685000,21090000,21090000,21685000,21090000,21685000,21090000
2019-05-02,74.1400,74.1400,,,21286455.999408357,1578177847.7961355879800,21169000,21763000,21169000,21763000,21286456,21169000,21763000,21169000,21763000,21286456
2019-05-03,81.8500,81.8500,,,21286455.995186730,1742296423.2060338505000,21169000,21763000,21169000,21763000,21286456,21169000,21763000,21169000,21763000,21286456
2019-05-06,81.8300,81.8300,,,21286455.997458767,1741870694.2720509036100,21169000,21763000,21169000,21763000,21286456,21169000,21763000,21169000,21763000,21286456
2019-05-07,80.1800,80.1800,,,21286455.997406470,1706748041.8720507646000,21169000,21763000,21169000,21763000,21286456,21169000,21763000,21169000,21763000,21286456
2019-05-08,80.0500,80.0500,,,21286455.997574765,1703980802.6058599382500,21169000,21763000,21169000,21763000,21286456,21169000,21763000,21169000,21763000,21286456
2019-05-09,80.7700,80.7700,,,21286455.998229973,1719307050.9770349192100,21169000,21763000,21169000,21763000,21286456,21169000,21763000,21169000,21763000,21286456
2019-05-10,82.1000,82.1000,,,21286456.001790820,1747618037.7470263220000,21169000,21763000,21169000,21763000,21286456,21169000,21763000,21169000,21763000,21286456
2019-05-13,81.8800,81.8800,,,21286456.001984127,1742935017.4424603187600,21169000,21763000,21169000,21763000,21286456,21169000,21763000,21169000,21763000,21286456
2019-05-14,82.1600,82.1600,,,21286455.994997267,1748895224.5489754567200,21169000,21763000,21169000,21763000,21286456,21169000,21763000,21169000,21763000,21286456
2019-05-15,85.4100,85.4100,,,21286455.998525854,1818076206.8340931901400,21169000,21763000,21169000,21763000,21286456,21169000,21763000,21169000,21763000,21286456
2019-05-16,86.6600,86.6600,,,21286455.998762710,1844684276.8527764486000,21169000,21763000,21169000,21763000,21286456,21169000,21763000,21169000,21763000,21286456
2019-05-17,85.0200,85.0200,,,21286455.999761140,1809774489.0996921228000,21169000,21763000,21169000,21763000,21286456,21169000,21763000,21169000,21763000,21286456
2019-05-20,84.0100,84.0100,,,21286456.004940916,1788275168.9750863531600,21169000,21763000,21169000,21763000,21286456,21169000,21763000,21169000,21763000,21286456
2019-05-21,83.9900,83.9900,,,21286455.999352016,1787849439.3855758238400,21169000,21763000,21169000,21763000,21286456,21169000,21763000,21169000,21763000,21286456
2019-05-22,84.6500,84.6500,,,21286455.994559072,1801898499.9394254448000,21169000,21763000,21169000,21763000,21286456,21169000,21763000,21169000,21763000,21286456
2019-05-23,84.0600,84.0600,,,21286456.001546133,1789339491.4899679399800,21169000,21763000,21169000,21763000,21286456,21169000,21763000,21169000,21763000,21286456
2019-05-24,85.4000,85.4000,,,21286456.001721620,1817863342.5470263480000,21169000,21763000,21169000,21763000,21286456,21169000,21763000,21169000,21763000,21286456
2019-05-28,86.0400,86.0400,,,21286455.999150313,1831486674.1668929305200,21169000,21763000,21169000,21763000,21286456,21169000,21763000,21169000,21763000,21286456
2019-05-29,82.6200,82.6200,,,21286456.000334280,1758686994.7476182136000,21169000,21763000,21169000,21763000,21286456,21169000,21763000,21169000,21763000,21286456
2019-05-30,83.9000,83.9000,,,21286455.995081652,1785933657.9873506028000,21169000,21763000,21169000,21763000,21286456,21169000,21763000,21169000,21763000,21286456
2019-05-31,83.7900,83.7900,,,21286455.996261492,1783592147.9267504146800,21169000,21763000,21169000,21763000,21286456,21169000,21763000,21169000,21763000,21286456
2019-06-03,87.1200,87.1200,,,21286455.995109600,1854476046.2939483520000,21169000,21763000,21169000,21763000,21286456,21169000,21763000,21169000,21763000,21286456
2019-06-04,86.3200,86.3200,,,21286455.997433424,1837446881.6984531596800,21169000,21763000,21169000,21763000,21286456,21169000,21763000,21169000,21763000,21286456
2019-06-05,86.3800,86.3800,,,21286455.995142866,1838724068.8604407650800,21169000,21763000,21169000,21763000,21286456,21169000,21763000,21169000,21763000,21286456
2019-06-06,87.5200,87.5200,,,21286456.003866620,1862990629.4584065824000,21169000,21763000,21169000,21763000,21286456,21169000,21763000,21169000,21763000,21286456
2019-06-07,87.3700,87.3700,,,21286456.002043445,1859797660.8985357896500,21169000,21763000,21169000,21763000,21286456,21169000,21763000,21169000,21763000,21286456
2019-06-10,86.9500,86.9500,,,21286455.999533337,1850857349.1594236521500,21169000,21763000,21169000,21763000,21286456,21169000,21763000,21169000,21763000,21286456
2019-06-11,87.1300,87.1300,,,21286455.996106760,1854688910.9407819988000,21169000,21763000,21169000,21763000,21286456,21169000,21763000,21169000,21763000,21286456
2019-06-12,87.2500,87.2500,,,21286455.999079183,1857243285.9196587167500,21169000,21763000,21169000,21763000,21286456,21169000,21763000,21169000,21763000,21286456
2019-06-13,89.3500,89.3500,,,21286455.996703032,1901944843.3054159092000,21169000,21763000,21169000,21763000,21286456,21169000,21763000,21169000,21763000,21286456
2019-06-14,89.2500,89.2500,,,21286456.003082440,1899816198.2751077700000,21169000,21763000,21169000,21763000,21286456,21169000,21763000,21169000,21763000,21286456
2019-06-17,88.3500,88.3500,,,21286456.000394970,1880658387.6348955995000,21169000,21763000,21169000,21763000,21286456,21169000,21763000,21169000,21763000,21286456
2019-06-18,86.8500,86.8500,,,21286455.994412284,1848728703.1147068654000,21169000,21763000,21169000,21763000,21286456,21169000,21763000,21169000,21763000,21286456
2019-06-19,88.7600,88.7600,,,21286456.001883447,1889385834.7271747557200,21169000,21763000,21169000,21763000,21286456,21169000,21763000,21169000,21763000,21286456
2019-06-20,89.6000,89.6000,,,21286455.999447510,1907266457.5504968960000,21169000,21763000,21169000,21763000,21286456,21169000,21763000,21169000,21763000,21286456
2019-06-21,87.4300,87.4300,,,21286455.995665293,1861074847.7010165669900,21169000,21763000,21169000,21763000,21286456,21169000,21763000,21169000,21763000,21286456
2019-06-24,89.0000,89.0000,,,21286455.996297978,1894494583.6705200420000,21169000,21763000,21169000,21763000,21286456,21169000,21763000,21169000,21763000,21286456
2019-06-25,87.3600,87.3600,,,21286456.001049710,1859584796.2517026656000,21169000,21763000,21169000,21763000,21286456,21169000,21763000,21169000,21763000,21286456
2019-06-26,87.5400,87.5400,,,21286456.001742830,1863416358.3925673382000,21169000,21763000,21169000,21763000,21286456,21169000,21763000,21169000,21763000,21286456
2019-06-27,90.6900,90.6900,,,21286455.999767344,1930468694.6189004273600,21169000,21763000,21169000,21763000,21286456,21169000,21763000,21169000,21763000,21286456
2019-06-28,91.4800,91.4800,,,21286456.000514522,1947284994.9270684725600,21169000,21763000,21169000,21763000,21286456,21169000,21763000,21169000,21763000,21286456
2019-07-01,93.0000,93.0000,,,21286456.004101265,1979640408.3814176450000,21169000,21763000,21169000,21763000,21286456,21169000,21763000,21169000,21763000,21286456
2019-07-02,94.4000,94.4000,,,21286456.004839934,2009441446.8568897696000,21169000,21763000,21169000,21763000,21286456,21169000,21763000,21169000,21763000,21286456
2019-07-03,94.5300,94.5300,,,21286455.997759353,2012208685.4681916390900,21169000,21763000,21169000,21763000,21286456,21169000,21763000,21169000,21763000,21286456
2019-07-05,95.7800,95.7800,,,21286455.996907420,2038816755.3837926876000,21169000,21763000,21169000,21763000,21286456,21169000,21763000,21169000,21763000,21286456
2019-07-08,94.7400,94.7400,,,21286456.004274350,2016678841.8449519190000,21169000,21763000,21169000,21763000,21286456,21169000,21763000,21169000,21763000,21286456
2019-07-09,95.8900,95.8900,,,21286456.002454300,2041158266.0753428270000,21169000,21763000,21169000,21763000,21286456,21169000,21763000,21169000,21763000,21286456
2019-07-10,94.9800,94.9800,,,21286455.999034510,2021787590.7882977598000,21169000,21763000,21169000,21763000,21286456,21169000,21763000,21169000,21763000,21286456
2019-07-11,95.0000,95.0000,,,21286455.997078504,2022213319.7224578800000,21169000,21763000,21169000,21763000,21286456,21169000,21763000,21169000,21763000,21286456
2019-07-12,95.9800,95.9800,,,21286455.995611770,2043074046.4588176846000,21169000,21763000,21169000,21763000,21286456,21169000,21763000,21169000,21763000,21286456
2019-07-15,96.7600,96.7600,,,21286455.995454240,2059677482.1201522624000,21169000,21763000,21169000,21763000,21286456,21169000,21763000,21169000,21763000,21286456
2019-07-16,94.6700,94.6700,,,21286455.998534160,2015188789.3812289272000,21169000,21763000,21169000,21763000,21286456,21169000,21763000,21169000,21763000,21286456
2019-07-17,92.0000,92.0000,,,21286455.996700965,1958353951.6964887800000,21169000,21763000,21169000,21763000,21286456,21169000,21763000,21169000,21763000,21286456
2019-07-18,91.7000,91.7000,,,21286455.997123815,1951968014.9362538355000,21169000,21763000,21169000,21763000,21286456,21169000,21763000,21169000,21763000,21286456
2019-07-19,90.7700,90.7700,,,21286455.995538704,1932171610.7150481620800,21169000,21763000,21169000,21763000,21286456,21169000,21763000,21169000,21763000,21286456
2019-07-22,90.3600,90.3600,,,21286456.001302253,1923444164.2776715810800,21169000,21763000,21169000,21763000,21286456,21169000,21763000,21169000,21763000,21286456
2019-07-23,89.7900,89.7900,,,21286455.997089744,1911310883.9786881137600,21169000,21763000,21169000,21763000,21286456,21169000,21763000,21169000,21763000,21286456
2019-07-24,90.4400,90.4400,,,21286455.997056823,1925147080.3738190721200,21169000,21763000,21169000,21763000,21286456,21169000,21763000,21169000,21763000,21286456
2019-07-25,89.3200,89.3200,,,21286455.997810367,1901306249.7244219804400,21169000,21763000,21169000,21763000,21286456,21169000,21763000,21169000,21763000,21286456
2019-07-26,90.6700,90.6700,,,21286456.001816920,1930042965.6847401364000,21169000,21763000,21169000,21763000,21286456,21169000,21763000,21169000,21763000,21286456
2019-07-29,87.9700,87.9700,,,21286456.005212147,1872569534.7785125715900,21169000,21763000,21169000,21763000,21286456,21169000,21763000,21169000,21763000,21286456
2019-07-30,90.9100,90.9100,,,21286455.996348977,1935151714.6280854990700,21169000,21763000,21169000,21763000,21286456,21169000,21763000,21169000,21763000,21286456
2019-07-31,89.8600,89.8600,,,21286456.003142793,1912800936.4424113789800,21169000,21763000,21169000,21763000,21286456,21169000,21763000,21169000,21763000,21286456
2019-08-01,89.9800,89.9800,,,21370824.999239024,1922946833.4315273795200,21210000,21832000,21210000,21832000,21370825,21210000,21832000,21210000,21832000,21370825
2019-08-02,90.1600,90.1600,,,21370825.005569343,1926793582.5021319648800,21210000,21832000,21210000,21832000,21370825,21210000,21832000,21210000,21832000,21370825
2019-08-05,92.0300,92.0300,,,21370824.996582996,1966757024.4355331218800,21210000,21832000,21210000,21832000,21370825,21210000,21832000,21210000,21832000,21370825
2019-08-06,93.1400,93.1400,,,21370824.999727722,1990478640.4746400270800,21210000,21832000,21210000,21832000,21370825,21210000,21832000,21210000,21832000,21370825
2019-08-07,95.4600,95.4600,,,21370825.001248617,2040058954.6191929788200,21210000,21832000,21210000,21832000,21370825,21210000,21832000,21210000,21832000,21370825
2019-08-08,93.0700,93.0700,,,21370824.998910060,1988982682.6485592842000,21210000,21832000,21210000,21832000,21370825,21210000,21832000,21210000,21832000,21370825
2019-08-09,93.5600,93.5600,,,21370825.003713500,1999454387.3474350600000,21210000,21832000,21210000,21832000,21370825,21210000,21832000,21210000,21832000,21370825
2019-08-12,95.0100,95.0100,,,21370825.000934225,2030442083.3387607172500,21210000,21832000,21210000,21832000,21370825,21210000,21832000,21210000,21832000,21370825
2019-08-13,96.0800,96.0800,,,21370824.998706650,2053308865.8757349320000,21210000,21832000,21210000,21832000,21370825,21210000,21832000,21210000,21832000,21370825
2019-08-14,93.7100,93.7100,,,21370825.004411180,2002660011.1633716778000,21210000,21832000,21210000,21832000,21370825,21210000,21832000,21210000,21832000,21370825
2019-08-15,93.5200,93.5200,,,21370824.999240710,1998599553.9289911992000,21210000,21832000,21210000,21832000,21370825,21210000,21832000,21210000,21832000,21370825
2019-08-16,95.9600,95.9600,,,21370825.005021304,2050744367.4818443318400,21210000,21832000,21210000,21832000,21370825,21210000,21832000,21210000,21832000,21370825
2019-08-19,96.4900,96.4900,,,21370825.005203985,2062070904.7521325126500,21210000,21832000,21210000,21832000,21370825,21210000,21832000,21210000,21832000,21370825
2019-08-20,94.8500,94.8500,,,21370825.002914354,2027022751.5264264769000,21210000,21832000,21210000,21832000,21370825,21210000,21832000,21210000,21832000,21370825
2019-08-21,94.6000,94.6000,,,21370824.995201398,2021680044.5460522508000,21210000,21832000,21210000,21832000,21370825,21210000,21832000,21210000,21832000,21370825
2019-08-22,95.6700,95.6700,,,21370825.003631600,2044546828.0974351720000,21210000,21832000,21210000,21832000,21370825,21210000,21832000,21210000,21832000,21370825
2019-08-23,93.2100,93.2100,,,21370825.000544153,1991974598.3007205011300,21210000,21832000,21210000,21832000,21370825,21210000,21832000,21210000,21832000,21370825
2019-08-26,94.8300,94.8300,,,21370824.994918860,2026595334.2681554938000,21210000,21832000,21210000,21832000,21370825,21210000,21832000,21210000,21832000,21370825
2019-08-27,95.7200,95.7200,,,21370824.996502772,2045615368.6652453358400,21210000,21832000,21210000,21832000,21370825,21210000,21832000,21210000,21832000,21370825
2019-08-28,97.6400,97.6400,,,21370824.997716267,2086647352.7770163098800,21210000,21832000,21210000,21832000,21370825,21210000,21832000,21210000,21832000,21370825
2019-08-29,98.3600,98.3600,,,21370824.996908620,2102034346.6959318632000,21210000,21832000,21210000,21832000,21370825,21210000,21832000,21210000,21832000,21370825
2019-08-30,98.2300,98.2300,,,21370824.995330993,2099256139.2913634423900,21210000,21832000,21210000,21832000,21370825,21210000,21832000,21210000,21832000,21370825
2019-09-03,99.1900,99.1900,,,21370825.001098476,2119772131.8589578344400,21210000,21832000,21210000,21832000,21370825,21210000,21832000,21210000,21832000,21370825
2019-09-04,100.5300,100.5300,,,21370825.003780812,2148409037.6300850303600,21210000,21832000,21210000,21832000,21370825,21210000,21832000,21210000,21832000,21370825
2019-09-05,102.4300,102.4300,,,21370824.999134170,2189013604.6613130331000,21210000,21832000,21210000,21832000,21370825,21210000,21832000,21210000,21832000,21370825
2019-09-06,102.3800,102.3800,,,21370824.995891504,2187945063.0793721795200,21210000,21832000,21210000,21832000,21370825,21210000,21832000,21210000,21832000,21370825
2019-09-09,100.6600,100.6600,,,21370824.996073030,2151187244.1047111998000,21210000,21832000,21210000,21832000,21370825,21210000,21832000,21210000,21832000,21370825
2019-09-10,97.8100,97.8100,,,21370825.003575075,2090280393.5996780857500,21210000,21832000,21210000,21832000,21370825,21210000,21832000,21210000,21832000,21370825
2019-09-11,99.2800,99.2800,,,21370824.998443108,2121695505.8454317622400,21210000,21832000,21210000,21832000,21370825,21210000,21832000,21210000,21832000,21370825
2019-09-12,98.3600,98.3600,,,21370824.996908620,2102034346.6959318632000,21210000,21832000,21210000,21832000,21370825,21210000,21832000,21210000,21832000,21370825
2019-09-13,101.6700,101.6700,,,21370825.004959640,2172771778.2542465988000,21210000,21832000,21210000,21832000,21370825,21210000,21832000,21210000,21832000,21370825
2019-09-16,102.1200,102.1200,,,21370825.001960225,2182388649.2001781770000,21210000,21832000,21210000,21832000,21370825,21210000,21832000,21210000,21832000,21370825
2019-09-17,101.6600,101.6600,,,21370824.996660013,2172558069.1604569215800,21210000,21832000,21210000,21832000,21370825,21210000,21832000,21210000,21832000,21370825
2019-09-18,102.3600,102.3600,,,21370824.998390940,2187517646.8352966184000,21210000,21832000,21210000,21832000,21370825,21210000,21832000,21210000,21832000,21370825
2019-09-19,101.1700,101.1700,,,21370825.004708644,2162086365.7263735134800,21210000,21832000,21210000,21832000,21370825,21210000,21832000,21210000,21832000,21370825
2019-09-20,99.4700,99.4700,,,21370825.002470980,2125755962.9957883806000,21210000,21832000,21210000,21832000,21370825,21210000,21832000,21210000,21832000,21370825
2019-09-23,98.2100,98.2100,,,21370824.997935932,2098828723.0472878817200,21210000,21832000,21210000,21832000,21370825,21210000,21832000,21210000,21832000,21370825
2019-09-24,100.7500,100.7500,,,21370825.003521055,2153110619.1047462912500,21210000,21832000,21210000,21832000,21370825,21210000,21832000,21210000,21832000,21370825
2019-09-25,102.0900,102.0900,,,21370824.996202495,2181747523.8623127145500,21210000,21832000,21210000,21832000,21370825,21210000,21832000,21210000,21832000,21370825
2019-09-26,102.5100,102.5100,,,21370824.997404550,2190723270.4839404205000,21210000,21832000,21210000,21832000,21370825,21210000,21832000,21210000,21832000,21370825
2019-09-27,101.2100,101.2100,,,21370824.998823304,2162941198.1309065978400,21210000,21832000,21210000,21832000,21370825,21210000,21832000,21210000,21832000,21370825
2019-09-30,103.3100,103.3100,,,21370824.995732274,2207819930.3091012269400,21210000,21832000,21210000,21832000,21370825,21210000,21832000,21210000,21832000,21370825
2019-10-01,101.8000,101.8000,,,21370824.996515263,2175549984.6452537734000,21210000,21832000,21210000,21832000,21370825,21210000,21832000,21210000,21832000,21370825
2019-10-02,100.9600,100.9600,,,21370825.004116084,2157598492.4155598406400,21210000,21832000,21210000,21832000,21370825,21210000,21832000,21210000,21832000,21370825
2019-10-03,101.6100,101.6100,,,21370825.003366567,2171489528.5920768728700,21210000,21832000,21210000,21832000,21370825,21210000,21832000,21210000,21832000,21370825
2019-10-04,104.2300,104.2300,,,21370824.997204274,2227481089.4586014790200,21210000,21832000,21210000,21832000,21370825,21210000,21832000,21210000,21832000,21370825
2019-10-07,102.9100,102.9100,,,21370825.001895934,2199271600.9451105679400,21210000,21832000,21210000,21832000,21370825,21210000,21832000,21210000,21832000,21370825
2019-10-08,101.4700,101.4700,,,21370825.002696970,2168497613.0236615459000,21210000,21832000,21210000,21832000,21370825,21210000,21832000,21210000,21832000,21370825
2019-10-09,103.5300,103.5300,,,21370824.995496590,2212521511.7837619627000,21210000,21832000,21210000,21832000,21370825,21210000,21832000,21210000,21832000,21370825
2019-10-10,104.1400,104.1400,,,21370824.999732350,2225557715.4721269290000,21210000,21832000,21210000,21832000,21370825,21210000,21832000,21210000,21832000,21370825
2019-10-11,104.8000,104.8000,,,21370824.998210790,2239662459.8124907920000,21210000,21832000,21210000,21832000,21370825,21210000,21832000,21210000,21832000,21370825
2019-10-14,104.9100,104.9100,,,21370825.002125470,2242013250.9729830577000,21210000,21832000,21210000,21832000,21370825,21210000,21832000,21210000,21832000,21370825
2019-10-15,103.0200,103.0200,,,21370824.996851683,2201622391.1756603826600,21210000,21832000,21210000,21832000,21370825,21210000,21832000,21210000,21832000,21370825
2019-10-16,103.8600,103.8600,,,21370824.999219287,2219573884.4189151478200,21210000,21832000,21210000,21832000,21370825,21210000,21832000,21210000,21832000,21370825
2019-10-17,105.6400,105.6400,,,21370825.000527695,2257613953.0557456998000,21210000,21832000,21210000,21832000,21370825,21210000,21832000,21210000,21832000,21370825
2019-10-18,106.9000,106.9000,,,21370825.004716992,2284541193.0042464448000,21210000,21832000,21210000,21832000,21370825,21210000,21832000,21210000,21832000,21370825
2019-10-21,107.4300,107.4300,,,21370825.000990637,2295867729.8564241329100,21210000,21832000,21210000,21832000,21370825,21210000,21832000,21210000,21832000,21370825
2019-10-22,105.5300,105.5300,,,21370824.995846063,2255263161.8116350283900,21210000,21832000,21210000,21832000,21370825,21210000,21832000,21210000,21832000,21370825
2019-10-23,104.4300,104.4300,,,21370824.999417663,2231755254.6891865470900,21210000,21832000,21210000,21832000,21370825,21210000,21832000,21210000,21832000,21370825
2019-10-24,105.7200,105.7200,,,21370824.999640480,2259323618.9619915456000,21210000,21832000,21210000,21832000,21370825,21210000,21832000,21210000,21832000,21370825
2019-10-25,105.6200,105.6200,,,21370825.002950860,2257186536.8116698332000,21210000,21832000,21210000,21832000,21370825,21210000,21832000,21210000,21832000,21370825
2019-10-28,105.9700,105.9700,,,21370825.004160600,2264666325.6908987820000,21210000,21832000,21210000,21832000,21370825,21210000,21832000,21210000,21832000,21370825
2019-10-29,107.7200,107.7200,,,21370824.999905907,2302065268.9898643020400,21210000,21832000,21210000,21832000,21370825,21210000,21832000,21210000,21832000,21370825
2019-10-30,106.6800,106.6800,,,21370824.995463297,2279839610.5160245239600,21210000,21832000,21210000,21832000,21370825,21210000,21832000,21210000,21832000,21370825
2019-10-31,105.7200,105.7200,,,22158497.001596272,2342596303.0087578758400,21660000,22277000,21660000,22277000,22158497,21660000,22277000,21660000,22277000,22158497
2019-11-01,93.6900,93.6900,,,22158497.000643685,2076029583.9903068476500,21660000,22277000,21660000,22277000,22158497,21660000,22277000,21660000,22277000,22158497
2019-11-04,86.3600,86.3600,,,22158497.004266206,1913607801.2884295501600,21660000,22277000,21660000,22277000,22158497,21660000,22277000,21660000,22277000,22158497
2019-11-05,85.5100,85.5100,,,22158496.999380082,1894773078.4169908118200,21660000,22277000,21660000,22277000,22158497,21660000,22277000,21660000,22277000,22158497
2019-11-06,87.7300,87.7300,,,22158496.999637228,1943964941.7781740124400,21660000,22277000,21660000,22277000,22158497,21660000,22277000,21660000,22277000,22158497
2019-11-07,86.0500,86.0500,,,22158496.997009374,1906738666.5926566327000,21660000,22277000,21660000,22277000,22158497,21660000,22277000,21660000,22277000,22158497
2019-11-08,87.4600,87.4600,,,22158496.995009840,1937982147.1835606064000,21660000,22277000,21660000,22277000,22158497,21660000,22277000,21660000,22277000,22158497
2019-11-11,86.9600,86.9600,,,22158497.001625940,1926902899.2613917424000,21660000,22277000,21660000,22277000,22158497,21660000,22277000,21660000,22277000,22158497
2019-11-12,88.9800,88.9800,,,22158496.995654378,1971663062.6733265544400,21660000,22277000,21660000,22277000,22158497,21660000,22277000,21660000,22277000,22158497
2019-11-13,98.7600,98.7600,,,22158497.002214730,2188373163.9387267348000,21660000,22277000,21660000,22277000,22158497,21660000,22277000,21660000,22277000,22158497
2019-11-14,96.9850,96.9850,,,22158497.001695104,2149041831.7093996614400,21660000,22277000,21660000,22277000,22158497,21660000,22277000,21660000,22277000,22158497
2019-11-15,94.9700,94.9700,,,22158497.002115276,2104392460.2908877617200,21660000,22277000,21660000,22277000,22158497,21660000,22277000,21660000,22277000,22158497
2019-11-18,93.7600,93.7600,,,22158496.997475825,2077580678.4833333520000,21660000,22277000,21660000,22277000,22158497,21660000,22277000,21660000,22277000,22158497
2019-11-19,95.6700,95.6700,,,22158497.001801036,2119903408.1623051141200,21660000,22277000,21660000,22277000,22158497,21660000,22277000,21660000,22277000,22158497
2019-11-20,95.9000,95.9000,,,22158497.002121184,2124999862.5034215456000,21660000,22277000,21660000,22277000,22158497,21660000,22277000,21660000,22277000,22158497
2019-11-21,95.7700,95.7700,,,22158497.003871366,2122119258.0607607218200,21660000,22277000,21660000,22277000,22158497,21660000,22277000,21660000,22277000,22158497
2019-11-22,95.2700,95.2700,,,22158496.999318052,2111040009.1250308140400,21660000,22277000,21660000,22277000,22158497,21660000,22277000,21660000,22277000,22158497
2019-11-25,98.7900,98.7900,,,22158496.996969268,2189037918.3305939857200,21660000,22277000,21660000,22277000,22158497,21660000,22277000,21660000,22277000,22158497
2019-11-26,100.7800,100.7800,,,22158496.996930550,2233133327.3506608290000,21660000,22277000,21660000,22277000,22158497,21660000,22277000,21660000,22277000,22158497
2019-11-27,101.1800,101.1800,,,22158497.001169100,2241996726.5782895380000,21660000,22277000,21660000,22277000,22158497,21660000,22277000,21660000,22277000,22158497
2019-11-29,101.2600,101.2600,,,22158496.998537775,2243769406.0719350965000,21660000,22277000,21660000,22277000,22158497,21660000,22277000,21660000,22277000,22158497
2019-12-02,102.1200,102.1200,,,22158497.000506777,2262825713.6917520672400,21660000,22277000,21660000,22277000,22158497,21660000,22277000,21660000,22277000,22158497
2019-12-03,102.0900,102.0900,,,22158496.995657913,2262160958.2867163381700,21660000,22277000,21660000,22277000,22158497,21660000,22277000,21660000,22277000,22158497
2019-12-04,99.4900,99.4900,,,22158497.000617890,2204548866.5914738761000,21660000,22277000,21660000,22277000,22158497,21660000,22277000,21660000,22277000,22158497
2019-12-05,97.3600,97.3600,,,22158496.999491334,2157351267.8704762782400,21660000,22277000,21660000,22277000,22158497,21660000,22277000,21660000,22277000,22158497
2019-12-06,97.3600,97.3600,,,22158496.999491334,2157351267.8704762782400,21660000,22277000,21660000,22277000,22158497,21660000,22277000,21660000,22277000,22158497
2019-12-09,95.8100,95.8100,,,22158496.995873290,2123005597.1746199149000,21660000,22277000,21660000,22277000,22158497,21660000,22277000,21660000,22277000,22158497
2019-12-10,96.1200,96.1200,,,22158496.996606234,2129874731.3137912120800,21660000,22277000,21660000,22277000,22158497,21660000,22277000,21660000,22277000,22158497
2019-12-11,95.9200,95.9200,,,22158496.998262096,2125443032.0733002483200,21660000,22277000,21660000,22277000,22158497,21660000,22277000,21660000,22277000,22158497
2019-12-12,96.1400,96.1400,,,22158497.004606593,2130317902.0228778510200,21660000,22277000,21660000,22277000,22158497,21660000,22277000,21660000,22277000,22158497
2019-12-13,98.5100,98.5100,,,22158496.995965835,2182833539.0725944058500,21660000,22277000,21660000,22277000,22158497,21660000,22277000,21660000,22277000,22158497
2019-12-16,100.2800,100.2800,,,22158497.004046783,2222054079.5658113992400,21660000,22277000,21660000,22277000,22158497,21660000,22277000,21660000,22277000,22158497
2019-12-17,102.2500,102.2500,,,22158497.000359540,2265706318.2867629650000,21660000,22277000,21660000,22277000,22158497,21660000,22277000,21660000,22277000,22158497
2019-12-18,102.8900,102.8900,,,22158496.997854207,2279887756.1092193582300,21660000,22277000,21660000,22277000,22158497,21660000,22277000,21660000,22277000,22158497
2019-12-19,102.2900,102.2900,,,22158497.004007857,2266592658.5399636925300,21660000,22277000,21660000,22277000,22158497,21660000,22277000,21660000,22277000,22158497
2019-12-20,103.3300,103.3300,,,22158496.998387706,2289637494.8434016609800,21660000,22277000,21660000,22277000,22158497,21660000,22277000,21660000,22277000,22158497
2019-12-23,97.8400,97.8400,,,22158497.002306234,2167987346.7056419345600,21660000,22277000,21660000,22277000,22158497,21660000,22277000,21660000,22277000,22158497
2019-12-24,99.5600,99.5600,,,22158496.999165870,2206099961.2369540172000,21660000,22277000,21660000,22277000,22158497,21660000,22277000,21660000,22277000,22158497
2019-12-26,99.1300,99.1300,,,22158496.997386634,2196571807.3509370284200,21660000,22277000,21660000,22277000,22158497,21660000,22277000,21660000,22277000,22158497
2019-12-27,100.6900,100.6900,,,22158496.998140246,2231139062.7427413697400,21660000,22277000,21660000,22277000,22158497,21660000,22277000,21660000,22277000,22158497
2019-12-30,100.2800,100.2800,,,22158497.004046783,2222054079.5658113992400,21660000,22277000,21660000,22277000,22158497,21660000,22277000,21660000,22277000,22158497
2019-12-31,101.6600,101.6600,,,22158497.003870312,2252632805.4134559179200,21660000,22277000,21660000,22277000,22158497,21660000,22277000,21660000,22277000,22158497
2020-01-02,103.4700,103.4700,,,22158496.995596413,2292739684.1343608531100,21660000,22277000,21660000,22277000,22158497,21660000,22277000,21660000,22277000,22158497
2020-01-03,104.7000,104.7000,,,22158496.999454446,2319994635.8428804962000,21660000,22277000,21660000,22277000,22158497,21660000,22277000,21660000,22277000,22158497
2020-01-06,106.8800,106.8800,,,22158497.002855957,2368300159.6652446841600,21660000,22277000,21660000,22277000,22158497,21660000,22277000,21660000,22277000,22158497
2020-01-07,105.8600,105.8600,,,22158497.004590217,2345698492.9059203716200,21660000,22277000,21660000,22277000,22158497,21660000,22277000,21660000,22277000,22158497
2020-01-08,105.5600,105.5600,,,22158497.002793810,2339050943.6149145836000,21660000,22277000,21660000,22277000,22158497,21660000,22277000,21660000,22277000,22158497
2020-01-09,106.8300,106.8300,,,22158497.000504340,2367192234.5638786422000,21660000,22277000,21660000,22277000,22158497,21660000,22277000,21660000,22277000,22158497
2020-01-10,104.1000,104.1000,,,22158496.995781640,2306699537.2608687240000,21660000,22277000,21660000,22277000,22158497,21660000,22277000,21660000,22277000,22158497
2020-01-13,105.8300,105.8300,,,22158496.999913870,2345033737.5008848621000,21660000,22277000,21660000,22277000,22158497,21660000,22277000,21660000,22277000,22158497
2020-01-14,105.8800,105.8800,,,22158497.002287976,2346141662.6022508988800,21660000,22277000,21660000,22277000,22158497,21660000,22277000,21660000,22277000,22158497
2020-01-15,108.1500,108.1500,,,22158497.000593700,2396441450.6142086550000,21660000,22277000,21660000,22277000,22158497,21660000,22277000,21660000,22277000,22158497
2020-01-16,109.1100,109.1100,,,22158496.997745410,2417713607.4240016851000,21660000,22277000,21660000,22277000,22158497,21660000,22277000,21660000,22277000,22158497
2020-01-17,109.2300,109.2300,,,22158496.998726055,2420372627.1708469876500,21660000,22277000,21660000,22277000,22158497,21660000,22277000,21660000,22277000,22158497
2020-01-21,110.5000,110.5000,,,22158496.996559378,2448513918.1198112690000,21660000,22277000,21660000,22277000,22158497,21660000,22277000,21660000,22277000,22158497
2020-01-22,111.6600,111.6600,,,22158497.001458455,2474217775.1828510853000,21660000,22277000,21660000,22277000,22158497,21660000,22277000,21660000,22277000,22158497
2020-01-23,109.2600,109.2600,,,22158497.003257210,2421037382.5758827646000,21660000,22277000,21660000,22277000,22158497,21660000,22277000,21660000,22277000,22158497
2020-01-24,111.6000,111.6000,,,22158497.000298563,2472888265.2333196308000,21660000,22277000,21660000,22277000,22158497,21660000,22277000,21660000,22277000,22158497
2020-01-27,112.6500,112.6500,,,22158497.003086366,2496154687.3976791299000,21660000,22277000,21660000,22277000,22158497,21660000,22277000,21660000,22277000,22158497
2020-01-28,116.1600,116.1600,,,22158497.003842300,2573931011.9663215680000,21660000,22277000,21660000,22277000,22158497,21660000,22277000,21660000,22277000,22158497
2020-01-29,113.3400,113.3400,,,22158497.003013070,2511444050.3215013538000,21660000,22277000,21660000,22277000,22158497,21660000,22277000,21660000,22277000,22158497
2020-01-30,115.1300,115.1300,,,22158496.999029730,2551107759.4982928149000,21660000,22277000,21660000,22277000,22158497,21660000,22277000,21660000,22277000,22158497
2020-01-31,114.2200,114.2200,,,22158497.002605930,2530943527.6376493246000,21660000,22277000,21660000,22277000,22158497,21660000,22277000,21660000,22277000,22158497
2020-02-03,114.9800,114.9800,,,22158497.001278058,2547783985.2069511088400,21660000,22277000,21660000,22277000,22158497,21660000,22277000,21660000,22277000,22158497
2020-02-04,116.7400,116.7400,,,22158497.001811408,2586782939.9914637699200,21660000,22277000,21660000,22277000,22158497,21660000,22277000,21660000,22277000,22158497
2020-02-05,118.4200,118.4200,,,22158497.003294323,2624009215.1301137296600,21660000,22277000,21660000,22277000,22158497,21660000,22277000,21660000,22277000,22158497
2020-02-06,120.3700,120.3700,,,22158497.003463916,2667218284.3069515689200,21660000,22277000,21660000,22277000,22158497,21660000,22277000,21660000,22277000,22158497
2020-02-07,120.8100,120.8100,,,22158497.002639823,2676968022.8889170166300,21660000,22277000,21660000,22277000,22158497,21660000,22277000,21660000,22277000,22158497
2020-02-10,122.5200,122.5200,,,22158497.001077894,2714859052.5720635728800,21660000,22277000,21660000,22277000,22158497,21660000,22277000,21660000,22277000,22158497
2020-02-11,123.1000,123.1000,,,22158496.999164950,2727710980.5972053450000,21660000,22277000,21660000,22277000,22158497,21660000,22277000,21660000,22277000,22158497
2020-02-12,124.1000,124.1000,,,22158496.999679280,2749869477.6601986480000,21660000,22277000,21660000,22277000,22158497,21660000,22277000,21660000,22277000,22158497
2020-02-13,126.4700,126.4700,,,22158497.001049034,2802385115.7226713299800,21660000,22277000,21660000,22277000,22158497,21660000,22277000,21660000,22277000,22158497
2020-02-14,126.8500,126.8500,,,22158497.000451890,2810805344.5073222465000,21660000,22277000,21660000,22277000,22158497,21660000,22277000,21660000,22277000,22158497
2020-02-18,126.9700,126.9700,,,22158497.001292966,2813464364.2541678930200,21660000,22277000,21660000,22277000,22158497,21660000,22277000,21660000,22277000,22158497
2020-02-19,127.7400,127.7400,,,22158496.999151677,2830526406.6716352199800,21660000,22277000,21660000,22277000,22158497,21660000,22277000,21660000,22277000,22158497
2020-02-20,125.0800,125.0800,,,22158497.002133526,2771584805.0268614320800,21660000,22277000,21660000,22277000,22158497,21660000,22277000,21660000,22277000,22158497
2020-02-21,126.4300,126.4300,,,22158496.998097524,2801498775.4694699593200,21660000,22277000,21660000,22277000,22158497,21660000,22277000,21660000,22277000,22158497
2020-02-24,126.3800,126.3800,,,22158496.997312244,2800390850.5203213967200,21660000,22277000,21660000,22277000,22158497,21660000,22277000,21660000,22277000,22158497
2020-02-25,130.4600,130.4600,,,22158496.997286066,2890797518.2659401703600,21660000,22277000,21660000,22277000,22158497,21660000,22277000,21660000,22277000,22158497
2020-02-26,127.5900,127.5900,,,22158497.002370957,2827202632.5325104036300,21660000,22277000,21660000,22277000,22158497,21660000,22277000,21660000,22277000,22158497
2020-02-27,123.2200,123.2200,,,22158496.999682967,2730370000.3009351937400,21660000,22277000,21660000,22277000,22158497,21660000,22277000,21660000,22277000,22158497
2020-02-28,121.4700,121.4700,,,22158497.001033954,2691592630.7155943923800,21660000,22277000,21660000,22277000,22158497,21660000,22277000,21660000,22277000,22158497
2020-03-02,129.4000,129.4000,,,22158497.000241670,2867309511.8312720980000,21528000,22136000,21528000,22136000,22227323,21528000,22136000,21528000,22136000,22227323
2020-03-03,128.8300,128.8300,,,22158496.996396620,2854679168.0457765546000,21528000,22136000,21528000,22136000,22227323,21528000,22136000,21528000,22136000,22227323
2020-03-04,131.7900,131.7900,,,22158496.996280964,2920268319.1398682455600,21528000,22136000,21528000,22136000,22227323,21528000,22136000,21528000,22136000,22227323
2020-03-05,128.9100,128.9100,,,22158497.002184868,2856451848.5516513338800,21528000,22136000,21528000,22136000,22227323,21528000,22136000,21528000,22136000,22227323
2020-03-06,125.5500,125.5500,,,22158497.002565775,2781999298.6721330512500,21528000,22136000,21528000,22136000,22227323,21528000,22136000,21528000,22136000,22227323
2020-03-09,114.1400,114.1400,,,22158497.001735210,2529170847.7780568694000,21528000,22136000,21528000,22136000,22227323,21528000,22136000,21528000,22136000,22227323
2020-03-10,118.8600,118.8600,,,22158496.999038704,2633758953.3057403574400,21528000,22136000,21528000,22136000,22227323,21528000,22136000,21528000,22136000,22227323
2020-03-11,114.8900,114.8900,,,22158497.000607807,2545789720.3998309462300,21528000,22136000,21528000,22136000,22227323,21528000,22136000,21528000,22136000,22227323
2020-03-12,100.3600,100.3600,,,22158497.001990605,2223826759.1197771178000,21528000,22136000,21528000,22136000,22227323,21528000,22136000,21528000,22136000,22227323
2020-03-13,104.5400,104.5400,,,22158497.000370780,2316449276.4187613412000,21528000,22136000,21528000,22136000,22227323,21528000,22136000,21528000,22136000,22227323
2020-03-16,84.3300,84.3300,,,22158496.998557482,1868626051.8883524570600,21528000,22136000,21528000,22136000,22227323,21528000,22136000,21528000,22136000,22227323
2020-03-17,97.8800,97.8800,,,22158497.002545614,2168873686.6091646983200,21528000,22136000,21528000,22136000,22227323,21528000,22136000,21528000,22136000,22227323
2020-03-18,93.3000,93.3000,,,22158497.004552560,2067387770.5247538480000,21528000,22136000,21528000,22136000,22227323,21528000,22136000,21528000,22136000,22227323
2020-03-19,98.4100,98.4100,,,22158497.003777288,2180617690.1417229120800,21528000,22136000,21528000,22136000,22227323,21528000,22136000,21528000,22136000,22227323
2020-03-20,86.3700,86.3700,,,22158497.005588084,1913829386.3726428150800,21528000,22136000,21528000,22136000,22227323,21528000,22136000,21528000,22136000,22227323
2020-03-23,87.6200,87.6200,,,22158496.998061850,1941527506.9701792970000,21528000,22136000,21528000,22136000,22227323,21528000,22136000,21528000,22136000,22227323
2020-03-24,94.8700,94.8700,,,22158497.000251755,2102176610.4138839968500,21528000,22136000,21528000,22136000,22227323,21528000,22136000,21528000,22136000,22227323
2020-03-25,92.7700,92.7700,,,22158497.003257472,2055643766.9921956774400,21528000,22136000,21528000,22136000,22227323,21528000,22136000,21528000,22136000,22227323
2020-03-26,102.5900,102.5900,,,22158497.000571180,2273240207.2885973562000,21528000,22136000,21528000,22136000,22227323,21528000,22136000,21528000,22136000,22227323
2020-03-27,98.9000,98.9000,,,22158496.999688916,2191475353.2692337924000,21528000,22136000,21528000,22136000,22227323,21528000,22136000,21528000,22136000,22227323
2020-03-30,107.0500,107.0500,,,22158496.996488813,2372067103.4741274316500,21528000,22136000,21528000,22136000,22227323,21528000,22136000,21528000,22136000,22227323
2020-03-31,104.5300,104.5300,,,22158497.001535540,2316227691.5705099962000,21528000,22136000,21528000,22136000,22227323,21528000,22136000,21528000,22136000,22227323
2020-04-01,100.0200,100.0200,,,22158497.003437220,2216292870.2837907444000,21528000,22136000,21528000,22136000,22227323,21528000,22136000,21528000,22136000,22227323
2020-04-02,101.9800,101.9800,,,22158497.001982800,2259723524.2622059440000,21528000,22136000,21528000,22136000,22227323,21528000,22136000,21528000,22136000,22227323
2020-04-03,99.5200,99.5200,,,22158496.997024480,2205213621.1438762496000,21528000,22136000,21528000,22136000,22227323,21528000,22136000,21528000,22136000,22227323
2020-04-06,107.5000,107.5000,,,22158497.000119563,2382038427.5128530225000,21528000,22136000,21528000,22136000,22227323,21528000,22136000,21528000,22136000,22227323
2020-04-07,107.9800,107.9800,,,22158496.998927787,2392674505.9442224402600,21528000,22136000,21528000,22136000,22227323,21528000,22136000,21528000,22136000,22227323
2020-04-08,107.5900,107.5900,,,22158496.996513963,2384032691.8549372791700,21528000,22136000,21528000,22136000,22227323,21528000,22136000,21528000,22136000,22227323
2020-04-09,112.9700,112.9700,,,22158496.996214136,2503245405.6623109439200,21528000,22136000,21528000,22136000,22227323,21528000,22136000,21528000,22136000,22227323
2020-04-13,108.8000,108.8000,,,22158496.996429946,2410844473.2115781248000,21528000,22136000,21528000,22136000,22227323,21528000,22136000,21528000,22136000,22227323
2020-04-14,113.0800,113.0800,,,22158496.999583837,2505682840.7129402879600,21528000,22136000,21528000,22136000,22227323,21528000,22136000,21528000,22136000,22227323
2020-04-15,108.0500,108.0500,,,22158496.997591890,2394225600.5898037145000,21528000,22136000,21528000,22136000,22227323,21528000,22136000,21528000,22136000,22227323
2020-04-16,109.7600,109.7600,,,22158497.003337823,2432116631.0863594524800,21528000,22136000,21528000,22136000,22227323,21528000,22136000,21528000,22136000,22227323
2020-04-17,114.0100,114.0100,,,22158497.000534380,2526290243.0309246638000,21528000,22136000,21528000,22136000,22227323,21528000,22136000,21528000,22136000,22227323
2020-04-20,113.3500,113.3500,,,22158496.999588396,2511665634.9033446866000,21528000,22136000,21528000,22136000,22227323,21528000,22136000,21528000,22136000,22227323
2020-04-21,110.5400,110.5400,,,22158496.997474015,2449400258.1007776181000,21528000,22136000,21528000,22136000,22227323,21528000,22136000,21528000,22136000,22227323
2020-04-22,106.0000,106.0000,,,22158497.002540610,2348800682.2693046600000,21528000,22136000,21528000,22136000,22227323,21528000,22136000,21528000,22136000,22227323
2020-04-23,105.9000,105.9000,,,22158496.997799120,2346584832.0669268080000,21528000,22136000,21528000,22136000,22227323,21528000,22136000,21528000,22136000,22227323
2020-04-24,103.7600,103.7600,,,22158496.996841760,2299165648.3923010176000,21528000,22136000,21528000,22136000,22227323,21528000,22136000,21528000,22136000,22227323
2020-04-27,108.9000,108.9000,,,22158497.001046427,2413060323.4139559003000,21528000,22136000,21528000,22136000,22227323,21528000,22136000,21528000,22136000,22227323
2020-04-28,111.3200,111.3200,,,22158497.000783667,2466683886.1272378104400,21528000,22136000,21528000,22136000,22227323,21528000,22136000,21528000,22136000,22227323
2020-04-29,117.6700,117.6700,,,22158496.997073190,2607390341.6456022673000,21528000,22136000,21528000,22136000,22227323,21528000,22136000,21528000,22136000,22227323
2020-04-30,108.6200,108.6200,,,22254572.998930376,2417291719.1438174411200,22109000,22678000,22109000,22678000,22254573,22109000,22678000,22109000,22678000,22254573
2020-05-01,119.6300,119.6300,,,22254573.001845922,2662314568.2108276488600,22109000,22678000,22109000,22678000,22254573,22109000,22678000,22109000,22678000,22254573
2020-05-04,116.5300,116.5300,,,22254573.002013143,2593325391.9245915537900,22109000,22678000,22109000,22678000,22254573,22109000,22678000,22109000,22678000,22254573
2020-05-05,128.5000,128.5000,,,22254572.996983560,2859712630.1123874600000,22109000,22678000,22109000,22678000,22254573,22109000,22678000,22109000,22678000,22254573
2020-05-06,129.1700,129.1700,,,22254573.002279975,2874623194.7045043707500,22109000,22678000,22109000,22678000,22254573,22109000,22678000,22109000,22678000,22254573
2020-05-07,131.4000,131.4000,,,22254572.997577723,2924250891.8817128022000,22109000,22678000,22109000,22678000,22254573,22109000,22678000,22109000,22678000,22254573
2020-05-08,135.6400,135.6400,,,22254572.997349020,3018610281.3604210728000,22109000,22678000,22109000,22678000,22254573,22109000,22678000,22109000,22678000,22254573
2020-05-11,135.1600,135.1600,,,22254572.997144180,3007928086.2940073688000,22109000,22678000,22109000,22678000,22254573,22109000,22678000,22109000,22678000,22254573
2020-05-12,131.8400,131.8400,,,22254573.002649087,2934042904.6692556300800,22109000,22678000,22109000,22678000,22254573,22109000,22678000,22109000,22678000,22254573
2020-05-13,131.1100,131.1100,,,22254572.998842143,2917797065.8781933687300,22109000,22678000,22109000,22678000,22254573,22109000,22678000,22109000,22678000,22254573
2020-05-14,130.4100,130.4100,,,22254572.999954212,2902218864.9240287869200,22109000,22678000,22109000,22678000,22254573,22109000,22678000,22109000,22678000,22254573
2020-05-15,133.0200,133.0200,,,22254572.997598857,2960303300.1405999581400,22109000,22678000,22109000,22678000,22254573,22109000,22678000,22109000,22678000,22254573
2020-05-18,139.1400,139.1400,,,22254572.998827506,3096501287.0568591848400,22109000,22678000,22109000,22678000,22254573,22109000,22678000,22109000,22678000,22254573
2020-05-19,137.0900,137.0900,,,22254572.999317873,3050879412.4764872095700,22109000,22678000,22109000,22678000,22254573,22109000,22678000,22109000,22678000,22254573
2020-05-20,142.5600,142.5600,,,22254573.002129010,3172611927.1835116656000,22109000,22678000,22109000,22678000,22254573,22109000,22678000,22109000,22678000,22254573
2020-05-21,144.6700,144.6700,,,22254573.000365168,3219569075.9628288545600,22109000,22678000,22109000,22678000,22254573,22109000,22678000,22109000,22678000,22254573
2020-05-22,150.0500,150.0500,,,22254572.999893434,3339298678.6340097717000,22109000,22678000,22109000,22678000,22254573,22109000,22678000,22109000,22678000,22254573
2020-05-26,148.4500,148.4500,,,22254572.999299170,3303691361.7459617865000,22109000,22678000,22109000,22678000,22254573,22109000,22678000,22109000,22678000,22254573
2020-05-27,151.4300,151.4300,,,22254573.001613334,3370009989.6343071676200,22109000,22678000,22109000,22678000,22254573,22109000,22678000,22109000,22678000,22254573
2020-05-28,148.0900,148.0900,,,22254572.996673908,3295679715.0774390357200,22109000,22678000,22109000,22678000,22254573,22109000,22678000,22109000,22678000,22254573
2020-05-29,149.3200,149.3200,,,22254573.003314960,3323052840.8549898272000,22109000,22678000,22109000,22678000,22254573,22109000,22678000,22109000,22678000,22254573
2020-06-01,150.7300,150.7300,,,22254572.998188913,3354431788.0170148564900,22109000,22678000,22109000,22678000,22254573,22109000,22678000,22109000,22678000,22254573
2020-06-02,151.2100,151.2100,,,22254573.002570555,3365113983.7186936215500,22109000,22678000,22109000,22678000,22254573,22109000,22678000,22109000,22678000,22254573
2020-06-03,155.8300,155.8300,,,22254572.998928398,3467930110.4230122603400,22109000,22678000,22109000,22678000,22254573,22109000,22678000,22109000,22678000,22254573
2020-06-04,154.4100,154.4100,,,22254573.002141293,3436328617.2606370521300,22109000,22678000,22109000,22678000,22254573,22109000,22678000,22109000,22678000,22254573
2020-06-05,157.2100,157.2100,,,22254573.002790270,3498641421.7686583467000,22109000,22678000,22109000,22678000,22254573,22109000,22678000,22109000,22678000,22254573
2020-06-08,158.8200,158.8200,,,22254573.000842540,3534471283.9938122028000,22109000,22678000,22109000,22678000,22254573,22109000,22678000,22109000,22678000,22254573
2020-06-09,158.1000,158.1000,,,22254572.997767303,3518447990.9470106043000,22109000,22678000,22109000,22678000,22254573,22109000,22678000,22109000,22678000,22254573
2020-06-10,158.1200,158.1200,,,22254573.000675485,3518893082.8668076882000,22109000,22678000,22109000,22678000,22254573,22109000,22678000,22109000,22678000,22254573
2020-06-11,151.3800,151.3800,,,22254572.997748364,3368897260.3991473423200,22109000,22678000,22109000,22678000,22254573,22109000,22678000,22109000,22678000,22254573
2020-06-12,151.9400,151.9400,,,22254572.997290023,3381359821.2082460946200,22109000,22678000,22109000,22678000,22254573,22109000,22678000,22109000,22678000,22254573
2020-06-15,153.9700,153.9700,,,22254572.997253492,3426536604.3871201632400,22109000,22678000,22109000,22678000,22254573,22109000,22678000,22109000,22678000,22254573
2020-06-16,156.2100,156.2100,,,22254572.998438273,3476386848.0860426253300,22109000,22678000,22109000,22678000,22254573,22109000,22678000,22109000,22678000,22254573
2020-06-17,156.8600,156.8600,,,22254573.000960752,3490852320.9307035587200,22109000,22678000,22109000,22678000,22254573,22109000,22678000,22109000,22678000,22254573
2020-06-18,152.3300,152.3300,,,22254573.001620760,3390039105.3368903708000,22109000,22678000,22109000,22678000,22254573,22109000,22678000,22109000,22678000,22254573
2020-06-19,152.5200,152.5200,,,22254573.002882700,3394267474.3996694040000,22109000,22678000,22109000,22678000,22254573,22109000,22678000,22109000,22678000,22254573
2020-06-22,155.9400,155.9400,,,22254572.998377193,3470378113.3669394764200,22109000,22678000,22109000,22678000,22254573,22109000,22678000,22109000,22678000,22254573
2020-06-23,151.5750,151.5750,,,22254572.999923933,3373236902.4634701444750,22109000,22678000,22109000,22678000,22254573,22109000,22678000,22109000,22678000,22254573
2020-06-24,149.0400,149.0400,,,22254572.998342782,3316821559.6730082292800,22109000,22678000,22109000,22678000,22254573,22109000,22678000,22109000,22678000,22254573
2020-06-25,149.8200,149.8200,,,22254573.000392906,3334180126.9188651769200,22109000,22678000,22109000,22678000,22254573,22109000,22678000,22109000,22678000,22254573
2020-06-26,145.2100,145.2100,,,22254573.002332680,3231586545.6687284628000,22109000,22678000,22109000,22678000,22254573,22109000,22678000,22109000,22678000,22254573
2020-06-29,151.7700,151.7700,,,22254573.002093904,3377576544.5277918100800,22109000,22678000,22109000,22678000,22254573,22109000,22678000,22109000,22678000,22254573
2020-06-30,155.2100,155.2100,,,22254573.000546735,3454132275.4148587393500,22109000,22678000,22109000,22678000,22254573,22109000,22678000,22109000,22678000,22254573
2020-07-01,156.9500,156.9500,,,22254573.000979535,3492855232.5037380182500,22109000,22678000,22109000,22678000,22254573,22109000,22678000,22109000,22678000,22254573
2020-07-02,153.7500,153.7500,,,22254573.001377520,3421640598.9617937000000,22109000,22678000,22109000,22678000,22254573,22109000,22678000,22109000,22678000,22254573
2020-07-06,155.5800,155.5800,,,22254573.001823545,3462366467.6237071311000,22109000,22678000,22109000,22678000,22254573,22109000,22678000,22109000,22678000,22254573
2020-07-07,154.9600,154.9600,,,22254572.996929023,3448568631.6041214040800,22109000,22678000,22109000,22678000,22254573,22109000,22678000,22109000,22678000,22254573
2020-07-08,157.9900,157.9900,,,22254572.998310547,3515999988.0030833205300,22109000,22678000,22109000,22678000,22254573,22109000,22678000,22109000,22678000,22254573
2020-07-09,154.3700,154.3700,,,22254572.999740540,3435438433.9699471598000,22109000,22678000,22109000,22678000,22254573,22109000,22678000,22109000,22678000,22254573
2020-07-10,158.2400,158.2400,,,22254573.001856804,3521563631.8138206649600,22109000,22678000,22109000,22678000,22254573,22109000,22678000,22109000,22678000,22254573
2020-07-13,156.8600,156.8600,,,22254573.000960752,3490852320.9307035587200,22109000,22678000,22109000,22678000,22254573,22109000,22678000,22109000,22678000,22254573
2020-07-14,157.5700,157.5700,,,22254572.999377366,3506653067.5118915606200,22109000,22678000,22109000,22678000,22254573,22109000,22678000,22109000,22678000,22254573
2020-07-15,159.3500,159.3500,,,22254572.999240234,3546266207.4289312879000,22109000,22678000,22109000,22678000,22254573,22109000,22678000,22109000,22678000,22254573
2020-07-16,162.0100,162.0100,,,22254573.002170075,3605463372.0815738507500,22109000,22678000,22109000,22678000,22254573,22109000,22678000,22109000,22678000,22254573
2020-07-17,162.0700,162.0700,,,22254572.998198930,3606798645.8181005851000,22109000,22678000,22109000,22678000,22254573,22109000,22678000,22109000,22678000,22254573
2020-07-20,162.4600,162.4600,,,22254573.002257450,3615477929.9467453270000,22109000,22678000,22109000,22678000,22254573,22109000,22678000,22109000,22678000,22254573
2020-07-21,163.6400,163.6400,,,22254572.996914525,3641738325.2150928710000,22109000,22678000,22109000,22678000,22254573,22109000,22678000,22109000,22678000,22254573
2020-07-22,164.8800,164.8800,,,22254573.000017177,3669333996.2428321437600,22109000,22678000,22109000,22678000,22254573,22109000,22678000,22109000,22678000,22254573
2020-07-23,168.0200,168.0200,,,22254573.000748250,3739213355.5857209650000,22109000,22678000,22109000,22678000,22254573,22109000,22678000,22109000,22678000,22254573
2020-07-24,166.1100,166.1100,,,22254572.998645216,3696707120.8049568297600,22109000,22678000,22109000,22678000,22254573,22109000,22678000,22109000,22678000,22254573
2020-07-27,169.1000,169.1000,,,22254573.000447996,3763248294.3757561236000,22109000,22678000,22109000,22678000,22254573,22109000,22678000,22109000,22678000,22254573
2020-07-28,164.3800,164.3800,,,22254573.002687020,3658206710.1816923476000,22109000,22678000,22109000,22678000,22254573,22109000,22678000,22109000,22678000,22254573
2020-07-29,166.6300,166.6300,,,22254572.998775087,3708279498.7858927468100,22109000,22678000,22109000,22678000,22254573,22109000,22678000,22109000,22678000,22254573
2020-07-30,165.9100,165.9100,,,22303443.001119275,3700364228.3156989152500,22153000,22707000,22153000,22707000,22303443,22153000,22707000,22153000,22707000,22303443
2020-07-31,194.9000,194.9000,,,22303442.999401650,4346941040.5833815850000,22153000,22707000,22153000,22707000,22303443,22153000,22707000,22153000,22707000,22303443
2020-08-03,195.6300,195.6300,,,22303443.000370182,4363222554.1624187046600,22153000,22707000,22153000,22707000,22303443,22153000,22707000,22153000,22707000,22303443
2020-08-04,194.4200,194.4200,,,22303442.999648847,4336235387.9917288337400,22153000,22707000,22153000,22707000,22303443,22153000,22707000,22153000,22707000,22303443
2020-08-05,207.9100,207.9100,,,22303442.999610820,4637108834.0490855862000,22153000,22707000,22153000,22707000,22303443,22153000,22707000,22153000,22707000,22303443
2020-08-06,206.4500,206.4500,,,22303442.999463540,4604545807.2392478330000,22153000,22707000,22153000,22707000,22303443,22153000,22707000,22153000,22707000,22303443
2020-08-07,205.7300,205.7300,,,22303442.998121480,4588487328.0035320804000,22153000,22707000,22153000,22707000,22303443,22153000,22707000,22153000,22707000,22303443
2020-08-10,201.4700,201.4700,,,22303443.000951840,4493474661.4017672048000,22153000,22707000,22153000,22707000,22303443,22153000,22707000,22153000,22707000,22303443
2020-08-11,197.3900,197.3900,,,22303442.999525003,4402476613.6762403421700,22153000,22707000,22153000,22707000,22303443,22153000,22707000,22153000,22707000,22303443
2020-08-12,194.8400,194.8400,,,22303443.000283435,4345602834.1752244754000,22153000,22707000,22153000,22707000,22303443,22153000,22707000,22153000,22707000,22303443
2020-08-13,202.6000,202.6000,,,22303443.001625977,4518677552.1294229402000,22153000,22707000,22153000,22707000,22303443,22153000,22707000,22153000,22707000,22303443
2020-08-14,196.9300,196.9300,,,22303442.998889080,4392217029.7712265244000,22153000,22707000,22153000,22707000,22303443,22153000,22707000,22153000,22707000,22303443
2020-08-17,198.0500,198.0500,,,22303443.000028090,4417196886.1555632245000,22153000,22707000,22153000,22707000,22303443,22153000,22707000,22153000,22707000,22303443
2020-08-18,198.4000,198.4000,,,22303442.998610810,4425003090.9243847040000,22153000,22707000,22153000,22707000,22303443,22153000,22707000,22153000,22707000,22303443
2020-08-19,201.1900,201.1900,,,22303443.001065776,4487229697.3844234734400,22153000,22707000,22153000,22707000,22303443,22153000,22707000,22153000,22707000,22303443
2020-08-20,202.6700,202.6700,,,22303443.000349840,4520238792.8809020728000,22153000,22707000,22153000,22707000,22303443,22153000,22707000,22153000,22707000,22303443
2020-08-21,205.2300,205.2300,,,22303442.999197180,4577335606.7252372514000,22153000,22707000,22153000,22707000,22303443,22153000,22707000,22153000,22707000,22303443
2020-08-24,203.6700,203.6700,,,22303442.999880817,4542542235.7857259983900,22153000,22707000,22153000,22707000,22303443,22153000,22707000,22153000,22707000,22303443
2020-08-25,203.0900,203.0900,,,22303442.997691670,4529606238.4012012603000,22153000,22707000,22153000,22707000,22303443,22153000,22707000,22153000,22707000,22303443
2020-08-26,203.9700,203.9700,,,22303442.998919990,4549233268.4897103603000,22153000,22707000,22153000,22707000,22303443,22153000,22707000,22153000,22707000,22303443
2020-08-27,208.5700,208.5700,,,22303443.000088256,4651829106.5284075539200,22153000,22707000,22153000,22707000,22303443,22153000,22707000,22153000,22707000,22303443
2020-08-28,204.5700,204.5700,,,22303442.999113890,4562615334.3287284773000,22153000,22707000,22153000,22707000,22303443,22153000,22707000,22153000,22707000,22303443
2020-08-31,207.2300,207.2300,,,22303442.999723870,4621942492.8327775801000,22153000,22707000,22153000,22707000,22303443,22153000,22707000,22153000,22707000,22303443
2020-09-01,209.9800,209.9800,,,22303442.998262364,4683276960.7751311927200,22153000,22707000,22153000,22707000,22303443,22153000,22707000,22153000,22707000,22303443
2020-09-02,209.0600,209.0600,,,22303442.998883390,4662757793.3465615134000,22153000,22707000,22153000,22707000,22303443,22153000,22707000,22153000,22707000,22303443
2020-09-03,199.2000,199.2000,,,22303442.998271868,4442845845.2557561056000,22153000,22707000,22153000,22707000,22303443,22153000,22707000,22153000,22707000,22303443
2020-09-04,188.7100,188.7100,,,22303442.999374256,4208882728.4119158497600,22153000,22707000,22153000,22707000,22303443,22153000,22707000,22153000,22707000,22303443
2020-09-08,191.0500,191.0500,,,22303442.998493960,4261072784.8622710580000,22153000,22707000,22153000,22707000,22303443,22153000,22707000,22153000,22707000,22303443
2020-09-09,195.0000,195.0000,,,22303442.999556200,4349171384.9134590000000,22153000,22707000,22153000,22707000,22303443,22153000,22707000,22153000,22707000,22303443
2020-09-10,189.8000,189.8000,,,22303442.999919567,4233193481.3847338166000,22153000,22707000,22153000,22707000,22303443,22153000,22707000,22153000,22707000,22303443
2020-09-11,187.9300,187.9300,,,22303443.000848368,4191486043.1494337982400,22153000,22707000,22153000,22707000,22303443,22153000,22707000,22153000,22707000,22303443
2020-09-14,190.9300,190.9300,,,22303443.002115395,4258396372.3938923673500,22153000,22707000,22153000,22707000,22303443,22153000,22707000,22153000,22707000,22303443
2020-09-15,191.9400,191.9400,,,22303442.999170410,4280922849.2607684954000,22153000,22707000,22153000,22707000,22303443,22153000,22707000,22153000,22707000,22303443
2020-09-16,190.3400,190.3400,,,22303442.998588726,4245237340.3513781068400,22153000,22707000,22153000,22707000,22303443,22153000,22707000,22153000,22707000,22303443
2020-09-17,188.3400,188.3400,,,22303443.000113800,4200630454.6414330920000,22153000,22707000,22153000,22707000,22303443,22153000,22707000,22153000,22707000,22303443
2020-09-18,182.1600,182.1600,,,22303443.002173398,4062795177.2759061796800,22153000,22707000,22153000,22707000,22303443,22153000,22707000,22153000,22707000,22303443
2020-09-21,176.7100,176.7100,,,22303442.997549605,3941241412.0969906995500,22153000,22707000,22153000,22707000,22303443,22153000,22707000,22153000,22707000,22303443
2020-09-22,179.7900,179.7900,,,22303443.002655275,4009936017.4473918922500,22153000,22707000,22153000,22707000,22303443,22153000,22707000,22153000,22707000,22303443
2020-09-23,175.8100,175.8100,,,22303442.997298990,3921168313.3551354319000,22153000,22707000,22153000,22707000,22303443,22153000,22707000,22153000,22707000,22303443
2020-09-24,173.8000,173.8000,,,22303442.997432377,3876338392.9537471226000,22153000,22707000,22153000,22707000,22303443,22153000,22707000,22153000,22707000,22303443
2020-09-25,175.6900,175.6900,,,22303443.001233750,3918491900.8867575375000,22153000,22707000,22153000,22707000,22303443,22153000,22707000,22153000,22707000,22303443
2020-09-28,182.7700,182.7700,,,22303442.999366090,4076400276.9941402693000,22153000,22707000,22153000,22707000,22303443,22153000,22707000,22153000,22707000,22303443
2020-09-29,186.2800,186.2800,,,22303443.002594247,4154685362.5232563311600,22153000,22707000,22153000,22707000,22303443,22153000,22707000,22153000,22707000,22303443
2020-09-30,190.1800,190.1800,,,22303442.998730540,4241668789.4985740972000,22153000,22707000,22153000,22707000,22303443,22153000,22707000,22153000,22707000,22303443
2020-10-01,189.6500,189.6500,,,22303442.997770637,4229847964.5272013070500,22153000,22707000,22153000,22707000,22303443,22153000,22707000,22153000,22707000,22303443
2020-10-02,195.9000,195.9000,,,22303442.999771897,4369244483.6553146223000,22153000,22707000,22153000,22707000,22303443,22153000,22707000,22153000,22707000,22303443
2020-10-05,203.0800,203.0800,,,22303443.000568025,4529383204.5553545170000,22153000,22707000,22153000,22707000,22303443,22153000,22707000,22153000,22707000,22303443
2020-10-06,201.3800,201.3800,,,22303442.997583210,4491467350.8533068298000,22153000,22707000,22153000,22707000,22303443,22153000,22707000,22153000,22707000,22303443
2020-10-07,207.2800,207.2800,,,22303442.999313258,4623057664.8976521182400,22153000,22707000,22153000,22707000,22303443,22153000,22707000,22153000,22707000,22303443
2020-10-08,205.7300,205.7300,,,22303443.001584824,4588487328.7160458415200,22153000,22707000,22153000,22707000,22303443,22153000,22707000,22153000,22707000,22303443
2020-10-09,208.2000,208.2000,,,22303442.998685025,4643576832.3262222050000,22153000,22707000,22153000,22707000,22303443,22153000,22707000,22153000,22707000,22303443
2020-10-12,213.0900,213.0900,,,22303442.998229370,4752640668.4926964533000,22153000,22707000,22153000,22707000,22303443,22153000,22707000,22153000,22707000,22303443
2020-10-13,210.9800,210.9800,,,22303443.000804080,4705580404.3096447984000,22153000,22707000,22153000,22707000,22303443,22153000,22707000,22153000,22707000,22303443
2020-10-14,208.1100,208.1100,,,22303443.000758820,4641569522.8879180302000,22153000,22707000,22153000,22707000,22303443,22153000,22707000,22153000,22707000,22303443
2020-10-15,209.6500,209.6500,,,22303443.002094325,4675916825.3890752362500,22153000,22707000,22153000,22707000,22303443,22153000,22707000,22153000,22707000,22303443
2020-10-16,210.6200,210.6200,,,22303443.001056500,4697551164.8825200300000,22153000,22707000,22153000,22707000,22303443,22153000,22707000,22153000,22707000,22303443
2020-10-19,204.9000,204.9000,,,22303443.000125818,4569975470.7257801082000,22153000,22707000,22153000,22707000,22303443,22153000,22707000,22153000,22707000,22303443
2020-10-20,207.1400,207.1400,,,22303443.001807824,4619935183.3944726633600,22153000,22707000,22153000,22707000,22303443,22153000,22707000,22153000,22707000,22303443
2020-10-21,210.8000,210.8000,,,22303443.000104554,4701565784.4220399832000,22153000,22707000,22153000,22707000,22303443,22153000,22707000,22153000,22707000,22303443
2020-10-22,211.4700,211.4700,,,22303443.001652720,4716509091.5595006984000,22153000,22707000,22153000,22707000,22303443,22153000,22707000,22153000,22707000,22303443
2020-10-23,211.2600,211.2600,,,22303442.999048155,4711825367.9789132253000,22153000,22707000,22153000,22707000,22303443,22153000,22707000,22153000,22707000,22303443
2020-10-26,207.9000,207.9000,,,22303443.001299850,4636885799.9702388150000,22153000,22707000,22153000,22707000,22303443,22153000,22707000,22153000,22707000,22303443
2020-10-27,208.0000,208.0000,,,22303442.998807220,4639116143.7519017600000,22153000,22707000,22153000,22707000,22303443,22153000,22707000,22153000,22707000,22303443
2020-10-28,203.5500,203.5500,,,22303443.002301622,4539865823.1184951581000,22153000,22707000,22153000,22707000,22303443,22153000,22707000,22153000,22707000,22303443
2020-10-29,208.2600,208.2600,,,22677083.002014610,4722729305.9995626786000,22398000,22928000,22398000,22928000,22677083,22398000,22928000,22398000,22928000,22677083
2020-10-30,187.4700,187.4700,,,22677082.997404430,4251272749.5234084921000,22398000,22928000,22398000,22928000,22677083,22398000,22928000,22398000,22928000,22677083
2020-11-02,198.4000,198.4000,,,22677083.002534624,4499133267.7028694016000,22398000,22928000,22398000,22928000,22677083,22398000,22928000,22398000,22928000,22677083
2020-11-03,203.2700,203.2700,,,22677082.998440260,4609570661.0929516502000,22398000,22928000,22398000,22928000,22677083,22398000,22928000,22398000,22928000,22677083
2020-11-04,199.3900,199.3900,,,22677082.999106590,4521583579.1918629801000,22398000,22928000,22398000,22928000,22677083,22398000,22928000,22398000,22928000,22677083
2020-11-05,204.8500,204.8500,,,22677082.998350132,4645400452.2120245402000,22398000,22928000,22398000,22928000,22677083,22398000,22928000,22398000,22928000,22677083
2020-11-06,207.6100,207.6100,,,22677082.998948146,4707989201.4116245910600,22398000,22928000,22398000,22928000,22677083,22398000,22928000,22398000,22928000,22677083
2020-11-09,211.2800,211.2800,,,22677082.998974554,4791214096.0233437691200,22398000,22928000,22398000,22928000,22677083,22398000,22928000,22398000,22928000,22677083
2020-11-10,217.6500,217.6500,,,22677083.001018660,4935667115.1717113490000,22398000,22928000,22398000,22928000,22677083,22398000,22928000,22398000,22928000,22677083
2020-11-11,222.7100,222.7100,,,22677082.997787440,5050413154.4372407624000,22398000,22928000,22398000,22928000,22677083,22398000,22928000,22398000,22928000,22677083
2020-11-12,210.4400,210.4400,,,22677083.001643516,4772165346.8658615070400,22398000,22928000,22398000,22928000,22677083,22398000,22928000,22398000,22928000,22677083
2020-11-13,212.6600,212.6600,,,22677083.002332810,4822508471.2760953746000,22398000,22928000,22398000,22928000,22677083,22398000,22928000,22398000,22928000,22677083
2020-11-16,223.6600,223.6600,,,22677082.998271010,5071956383.3932940966000,22398000,22928000,22398000,22928000,22677083,22398000,22928000,22398000,22928000,22677083
2020-11-17,232.6200,232.6200,,,22677082.997957320,5275143046.9848317784000,22398000,22928000,22398000,22928000,22677083,22398000,22928000,22398000,22928000,22677083
2020-11-18,232.7300,232.7300,,,22677082.999563854,5277637526.4884957414200,22398000,22928000,22398000,22928000,22677083,22398000,22928000,22398000,22928000,22677083
2020-11-19,232.6000,232.6000,,,22677083.000282960,5274689505.8658164960000,22398000,22928000,22398000,22928000,22677083,22398000,22928000,22398000,22928000,22677083
2020-11-20,232.2700,232.2700,,,22677082.998540115,5267206068.0709125110500,22398000,22928000,22398000,22928000,22677083,22398000,22928000,22398000,22928000,22677083
2020-11-23,231.9100,231.9100,,,22677083.000926815,5259042318.7449376666500,22398000,22928000,22398000,22928000,22677083,22398000,22928000,22398000,22928000,22677083
2020-11-24,236.3600,236.3600,,,22677082.998630390,5359955337.5562789804000,22398000,22928000,22398000,22928000,22677083,22398000,22928000,22398000,22928000,22677083
2020-11-25,238.4100,238.4100,,,22677083.002038440,5406443358.5159844804000,22398000,22928000,22398000,22928000,22677083,22398000,22928000,22398000,22928000,22677083
2020-11-27,240.7500,240.7500,,,22677083.000484843,5459507732.3667259522500,22398000,22928000,22398000,22928000,22677083,22398000,22928000,22398000,22928000,22677083
2020-11-30,240.1600,240.1600,,,22677083.000719164,5446128253.4527144262400,22398000,22928000,22398000,22928000,22677083,22398000,22928000,22398000,22928000,22677083
2020-12-01,243.1200,243.1200,,,22677083.000265624,5513252419.0245785068800,22398000,22928000,22398000,22928000,22677083,22398000,22928000,22398000,22928000,22677083
2020-12-02,241.6200,241.6200,,,22677083.001509104,5479236794.8246297084800,22398000,22928000,22398000,22928000,22677083,22398000,22928000,22398000,22928000,22677083
2020-12-03,236.3400,236.3400,,,22677083.002113678,5359501796.7195466585200,22398000,22928000,22398000,22928000,22677083,22398000,22928000,22398000,22928000,22677083
2020-12-04,244.3100,244.3100,,,22677082.999302570,5540238147.5596108767000,22398000,22928000,22398000,22928000,22677083,22398000,22928000,22398000,22928000,22677083
2020-12-07,243.4900,243.4900,,,22677082.999907028,5521642939.6473622477200,22398000,22928000,22398000,22928000,22677083,22398000,22928000,22398000,22928000,22677083
2020-12-08,235.1900,235.1900,,,22677082.999777846,5333423150.7177516007400,22398000,22928000,22398000,22928000,22677083,22398000,22928000,22398000,22928000,22677083
2020-12-09,233.7600,233.7600,,,22677082.998638160,5300994921.7616562816000,22398000,22928000,22398000,22928000,22677083,22398000,22928000,22398000,22928000,22677083
2020-12-10,238.2100,238.2100,,,22677082.999233797,5401907941.2474827833700,22398000,22928000,22398000,22928000,22677083,22398000,22928000,22398000,22928000,22677083
2020-12-11,236.5800,236.5800,,,22677082.999957710,5364944296.1299950318000,22398000,22928000,22398000,22928000,22677083,22398000,22928000,22398000,22928000,22677083
2020-12-14,239.8500,239.8500,,,22677082.998007003,5439098357.0719796695500,22398000,22928000,22398000,22928000,22677083,22398000,22928000,22398000,22928000,22677083
2020-12-15,240.1200,240.1200,,,22677082.999787036,5445221169.9088630843200,22398000,22928000,22398000,22928000,22677083,22398000,22928000,22398000,22928000,22677083
2020-12-16,247.3000,247.3000,,,22677083.000276253,5608042625.9683173669000,22398000,22928000,22398000,22928000,22677083,22398000,22928000,22398000,22928000,22677083
2020-12-17,249.5900,249.5900,,,22677082.998776767,5659973145.6646932755300,22398000,22928000,22398000,22928000,22677083,22398000,22928000,22398000,22928000,22677083
2020-12-18,246.4600,246.4600,,,22677083.001874756,5588993876.6420523637600,22398000,22928000,22398000,22928000,22677083,22398000,22928000,22398000,22928000,22677083
2020-12-21,249.1100,249.1100,,,22677083.000498593,5649088146.2542045022300,22398000,22928000,22398000,22928000,22677083,22398000,22928000,22398000,22928000,22677083
2020-12-22,218.5300,218.5300,,,22677083.000940180,4955622948.1954575354000,22398000,22928000,22398000,22928000,22677083,22398000,22928000,22398000,22928000,22677083
2020-12-23,216.0450,216.0450,,,22677082.998091460,4899270396.3226694757000,22398000,22928000,22398000,22928000,22677083,22398000,22928000,22398000,22928000,22677083
2020-12-24,207.2800,207.2800,,,22677082.998745510,4700505763.9799693128000,22398000,22928000,22398000,22928000,22677083,22398000,22928000,22398000,22928000,22677083
2020-12-28,208.0000,208.0000,,,22677082.999093850,4716833263.8115208000000,22398000,22928000,22398000,22928000,22677083,22398000,22928000,22398000,22928000,22677083
2020-12-29,202.0700,202.0700,,,22677082.998662650,4582358161.5397616855000,22398000,22928000,22398000,22928000,22677083,22398000,22928000,22398000,22928000,22677083
2020-12-30,203.0100,203.0100,,,22677082.999175120,4603674619.6625411112000,22398000,22928000,22398000,22928000,22677083,22398000,22928000,22398000,22928000,22677083
2020-12-31,200.1300,200.1300,,,22677083.001309916,4538364621.0521534890800,22398000,22928000,22398000,22928000,22677083,22398000,22928000,22398000,22928000,22677083
2021-01-04,202.1600,202.1600,,,22677083.001727680,4584399099.6292677888000,22398000,22928000,22398000,22928000,22677083,22398000,22928000,22398000,22928000,22677083
2021-01-05,199.5900,199.5900,,,22677083.002099305,4526118996.3890002849500,22398000,22928000,22398000,22928000,22677083,22398000,22928000,22398000,22928000,22677083
2021-01-06,210.9300,210.9300,,,22677082.998945452,4783277116.9675641903600,22398000,22928000,22398000,22928000,22677083,22398000,22928000,22398000,22928000,22677083
2021-01-07,209.8000,209.8000,,,22677083.001359366,4757652013.6851949868000,22398000,22928000,22398000,22928000,22677083,22398000,22928000,22398000,22928000,22677083
2021-01-08,210.5800,210.5800,,,22677082.998189744,4775340137.7587962915200,22398000,22928000,22398000,22928000,22677083,22398000,22928000,22398000,22928000,22677083
2021-01-11,210.4300,210.4300,,,22677082.998751320,4771938575.4272402676000,22398000,22928000,22398000,22928000,22677083,22398000,22928000,22398000,22928000,22677083
2021-01-12,213.6500,213.6500,,,22677082.999457914,4844958782.8341833261000,22398000,22928000,22398000,22928000,22677083,22398000,22928000,22398000,22928000,22677083
2021-01-13,214.3400,214.3400,,,22677083.001514930,4860605970.5447100962000,22398000,22928000,22398000,22928000,22677083,22398000,22928000,22398000,22928000,22677083
2021-01-14,200.4100,200.4100,,,22677083.001353470,4544714204.3012489227000,22398000,22928000,22398000,22928000,22677083,22398000,22928000,22398000,22928000,22677083
2021-01-15,198.3000,198.3000,,,22677083.000794016,4496865559.0574533728000,22398000,22928000,22398000,22928000,22677083,22398000,22928000,22398000,22928000,22677083
2021-01-19,192.9800,192.9800,,,22677083.002536748,4376223477.8295416290400,22398000,22928000,22398000,22928000,22677083,22398000,22928000,22398000,22928000,22677083
2021-01-20,192.0000,192.0000,,,22677082.999313097,4353999935.8681146240000,22398000,22928000,22398000,22928000,22677083,22398000,22928000,22398000,22928000,22677083
2021-01-21,191.5800,191.5800,,,22677082.997701615,4344475560.6996754017000,22398000,22928000,22398000,22928000,22677083,22398000,22928000,22398000,22928000,22677083
2021-01-22,191.8200,191.8200,,,22677083.001853477,4349918061.4155339581400,22398000,22928000,22398000,22928000,22677083,22398000,22928000,22398000,22928000,22677083
2021-01-25,193.4200,193.4200,,,22677082.997628910,4386201393.4013837722000,22398000,22928000,22398000,22928000,22677083,22398000,22928000,22398000,22928000,22677083
2021-01-26,189.4400,189.4400,,,22677082.999022674,4295946603.3348553625600,22398000,22928000,22398000,22928000,22677083,22398000,22928000,22398000,22928000,22677083
2021-01-27,187.5100,187.5100,,,22677083.001195967,4252179833.5542557721700,22398000,22928000,22398000,22928000,22677083,22398000,22928000,22398000,22928000,22677083
2021-01-28,189.5400,189.5400,,,22677082.997866165,4298214311.4155529141000,22398000,22928000,22398000,22928000,22677083,22398000,22928000,22398000,22928000,22677083
2021-01-29,187.5600,187.5600,,,22677082.997916915,4253313687.0892965774000,22398000,22928000,22398000,22928000,22677083,22398000,22928000,22398000,22928000,22677083
2021-02-01,189.1700,189.1700,,,22677082.998323034,4289823790.7927683417800,22398000,22928000,22398000,22928000,22677083,22398000,22928000,22398000,22928000,22677083
2021-02-02,187.3300,187.3300,,,22677082.998404212,4248097958.0910610339600,22398000,22928000,22398000,22928000,22677083,22398000,22928000,22398000,22928000,22677083
2021-02-03,184.9300,184.9300,,,22677083.002254795,4193672959.6069792393500,22398000,22928000,22398000,22928000,22677083,22398000,22928000,22398000,22928000,22677083
2021-02-04,188.2700,188.2700,,,22677082.998958092,4269414416.2138399808400,22398000,22928000,22398000,22928000,22677083,22398000,22928000,22398000,22928000,22677083
2021-02-05,189.8200,189.8200,,,22677082.997917224,4304563894.6646474596800,22398000,22928000,22398000,22928000,22677083,22398000,22928000,22398000,22928000,22677083
2021-02-08,188.0400,188.0400,,,22677082.999444816,4264198687.2156032006400,22398000,22928000,22398000,22928000,22677083,22398000,22928000,22398000,22928000,22677083
2021-02-09,190.9400,190.9400,,,22677082.997458912,4329962227.5348046572800,22398000,22928000,22398000,22928000,22677083,22398000,22928000,22398000,22928000,22677083
2021-02-10,190.6900,190.6900,,,22677082.999226764,4324292957.1225516271600,22398000,22928000,22398000,22928000,22677083,22398000,22928000,22398000,22928000,22677083
2021-02-11,196.2300,196.2300,,,22677083.001363248,4449923997.3575101550400,22398000,22928000,22398000,22928000,22677083,22398000,22928000,22398000,22928000,22677083
2021-02-12,197.8300,197.8300,,,22677083.002345312,4486207330.3539730729600,22398000,22928000,22398000,22928000,22677083,22398000,22928000,22398000,22928000,22677083
2021-02-16,192.9300,192.9300,,,22677083.002014630,4375089623.5786825659000,22398000,22928000,22398000,22928000,22677083,22398000,22928000,22398000,22928000,22677083
2021-02-17,190.7200,190.7200,,,22677083.002591180,4324973270.2541898496000,22398000,22928000,22398000,22928000,22677083,22398000,22928000,22398000,22928000,22677083
2021-02-18,189.5700,189.5700,,,22677083.001251206,4298894624.5471911214200,22398000,22928000,22398000,22928000,22677083,22398000,22928000,22398000,22928000,22677083
2021-02-19,179.8200,179.8200,,,22677083.001042537,4077793065.2474690033400,22398000,22928000,22398000,22928000,22677083,22398000,22928000,22398000,22928000,22677083
2021-02-22,175.9500,175.9500,,,22677082.998998860,3990032753.6738494170000,22398000,22928000,22398000,22928000,22677083,22398000,22928000,22398000,22928000,22677083
2021-02-23,176.5400,176.5400,,,22677082.998685070,4003412232.5878622578000,22398000,22928000,22398000,22928000,22677083,22398000,22928000,22398000,22928000,22677083
2021-02-24,175.8100,175.8100,,,22677082.998972196,3986857962.0493017787600,22398000,22928000,22398000,22928000,22677083,22398000,22928000,22398000,22928000,22677083
2021-02-25,168.5300,168.5300,,,22677083.002725568,3821768798.4493399750400,22319000,22852000,22319000,22852000,22773134,22319000,22852000,22319000,22852000,22773134
2021-02-26,176.0600,176.0600,,,22677083.002524093,3992527233.4243918135800,22319000,22852000,22319000,22852000,22773134,22319000,22852000,22319000,22852000,22773134
2021-03-01,183.4800,183.4800,,,22677082.998700370,4160791188.6015438876000,22319000,22852000,22319000,22852000,22773134,22319000,22852000,22319000,22852000,22773134
2021-03-02,175.3800,175.3800,,,22677083.002441164,3977106816.9681313423200,22319000,22852000,22319000,22852000,22773134,22319000,22852000,22319000,22852000,22773134
2021-03-03,166.0900,166.0900,,,22677083.001669217,3766436715.7472402515300,22319000,22852000,22319000,22852000,22773134,22319000,22852000,22319000,22852000,22773134
2021-03-04,157.7900,157.7900,,,22677082.997825008,3578216926.2268080123200,22319000,22852000,22319000,22852000,22773134,22319000,22852000,22319000,22852000,22773134
2021-03-05,162.5700,162.5700,,,22677082.999665140,3686613383.2555618098000,22319000,22852000,22319000,22852000,22773134,22319000,22852000,22319000,22852000,22773134
2021-03-08,163.2200,163.2200,,,22677083.002025284,3701353487.5905668544800,22319000,22852000,22319000,22852000,22773134,22319000,22852000,22319000,22852000,22773134
2021-03-09,169.3200,169.3200,,,22677083.000788562,3839683693.6935193178400,22319000,22852000,22319000,22852000,22773134,22319000,22852000,22319000,22852000,22773134
2021-03-10,171.9600,171.9600,,,22677082.999286387,3899551192.5572871085200,22319000,22852000,22319000,22852000,22773134,22319000,22852000,22319000,22852000,22773134
2021-03-11,176.6900,176.6900,,,22677083.000369262,4006813795.3352449027800,22319000,22852000,22319000,22852000,22773134,22319000,22852000,22319000,22852000,22773134
2021-03-12,173.7100,173.7100,,,22677083.000955850,3939236088.0960407035000,22319000,22852000,22319000,22852000,22773134,22319000,22852000,22319000,22852000,22773134
2021-03-15,176.5100,176.5100,,,22677083.001460240,4002731920.5877469624000,22319000,22852000,22319000,22852000,22773134,22319000,22852000,22319000,22852000,22773134
2021-03-16,173.7500,173.7500,,,22677082.998125937,3940143170.9243815537500,22319000,22852000,22319000,22852000,22773134,22319000,22852000,22319000,22852000,22773134
2021-03-17,175.2500,175.2500,,,22677083.000034580,3974158795.7560601450000,22319000,22852000,22319000,22852000,22773134,22319000,22852000,22319000,22852000,22773134
2021-03-18,167.5600,167.5600,,,22677082.999807120,3799772027.4476810272000,22319000,22852000,22319000,22852000,22773134,22319000,22852000,22319000,22852000,22773134
2021-03-19,170.2700,170.2700,,,22677082.999183808,3861226922.2710269881600,22319000,22852000,22319000,22852000,22773134,22319000,22852000,22319000,22852000,22773134
2021-03-22,165.5300,165.5300,,,22677083.000547305,3753737549.0805953966500,22319000,22852000,22319000,22852000,22773134,22319000,22852000,22319000,22852000,22773134
2021-03-23,164.4300,164.4300,,,22677083.001136330,3728792757.8768467419000,22319000,22852000,22319000,22852000,22773134,22319000,22852000,22319000,22852000,22773134
2021-03-24,161.9400,161.9400,,,22677082.997587620,3672326820.6293391828000,22319000,22852000,22319000,22852000,22773134,22319000,22852000,22319000,22852000,22773134
2021-03-25,163.7700,163.7700,,,22677082.999540552,3713825882.8347562010400,22319000,22852000,22319000,22852000,22773134,22319000,22852000,22319000,22852000,22773134
2021-03-26,167.8800,167.8800,,,22677083.002197680,3807028694.4089465184000,22319000,22852000,22319000,22852000,22773134,22319000,22852000,22319000,22852000,22773134
2021-03-29,161.6900,161.6900,,,22677083.002273690,3666657550.6376329361000,22319000,22852000,22319000,22852000,22773134,22319000,22852000,22319000,22852000,22773134
2021-03-30,162.2900,162.2900,,,22677083.002201185,3680263800.4272303136500,22319000,22852000,22319000,22852000,22773134,22319000,22852000,22319000,22852000,22773134
2021-03-31,164.8000,164.8000,,,22677082.998051740,3737183278.0789267520000,22319000,22852000,22319000,22852000,22773134,22319000,22852000,22319000,22852000,22773134
2021-04-01,167.6400,167.6400,,,22677082.999966260,3801586194.1143438264000,22319000,22852000,22319000,22852000,22773134,22319000,22852000,22319000,22852000,22773134
2021-04-05,170.6600,170.6600,,,22677083.002413400,3870070985.1918708440000,22319000,22852000,22319000,22852000,22773134,22319000,22852000,22319000,22852000,22773134
2021-04-06,170.2700,170.2700,,,22677082.999183808,3861226922.2710269881600,22319000,22852000,22319000,22852000,22773134,22319000,22852000,22319000,22852000,22773134
2021-04-07,164.8800,164.8800,,,22677082.998214400,3738997444.7455902720000,22319000,22852000,22319000,22852000,22773134,22319000,22852000,22319000,22852000,22773134
2021-04-08,168.0900,168.0900,,,22677082.998855967,3811790881.2776994930300,22319000,22852000,22319000,22852000,22773134,22319000,22852000,22319000,22852000,22773134
2021-04-09,169.7400,169.7400,,,22677083.001859426,3849208068.7356189692400,22319000,22852000,22319000,22852000,22773134,22319000,22852000,22319000,22852000,22773134
2021-04-12,169.7100,169.7100,,,22677082.998081326,3848527755.6043818354600,22319000,22852000,22319000,22852000,22773134,22319000,22852000,22319000,22852000,22773134
2021-04-13,168.0300,168.0300,,,22677082.997233864,3810430256.0252061679200,22319000,22852000,22319000,22852000,22773134,22319000,22852000,22319000,22852000,22773134
2021-04-14,168.8200,168.8200,,,22677083.001299420,3828345152.2793680844000,22319000,22852000,22319000,22852000,22773134,22319000,22852000,22319000,22852000,22773134
2021-04-15,170.2800,170.2800,,,22677082.998462014,3861453692.9781117439200,22319000,22852000,22319000,22852000,22773134,22319000,22852000,22319000,22852000,22773134
2021-04-16,168.4700,168.4700,,,22677083.001109080,3820408173.1968467076000,22319000,22852000,22319000,22852000,22773134,22319000,22852000,22319000,22852000,22773134
2021-04-19,165.3500,165.3500,,,22677083.001712110,3749655674.3330973885000,22319000,22852000,22319000,22852000,22773134,22319000,22852000,22319000,22852000,22773134
2021-04-20,165.2400,165.2400,,,22677083.002000526,3747161195.2505669162400,22319000,22852000,22319000,22852000,22773134,22319000,22852000,22319000,22852000,22773134
2021-04-21,170.7400,170.7400,,,22677083.002568430,3871885151.8585337382000,22319000,22852000,22319000,22852000,22773134,22319000,22852000,22319000,22852000,22773134
2021-04-22,171.2200,171.2200,,,22677082.997596852,3882770150.8485329994400,22319000,22852000,22319000,22852000,22773134,22319000,22852000,22319000,22852000,22773134
2021-04-23,174.9600,174.9600,,,22677082.997317456,3967582441.2106621017600,22319000,22852000,22319000,22852000,22773134,22319000,22852000,22319000,22852000,22773134
2021-04-26,175.7200,175.7200,,,22677082.997573335,3984817024.3335864262000,22319000,22852000,22319000,22852000,22773134,22319000,22852000,22319000,22852000,22773134
2021-04-27,177.4700,177.4700,,,22677082.999224316,4024501919.8723393605200,22319000,22852000,22319000,22852000,22773134,22319000,22852000,22319000,22852000,22773134
2021-04-28,170.9800,170.9800,,,22677082.997125644,3877327650.8485426111200,22319000,22852000,22319000,22852000,22773134,22319000,22852000,22319000,22852000,22773134
2021-04-29,172.8300,172.8300,,,22812215.999237970,3942635291.1482983551000,22665000,23069000,22665000,23069000,22812216,22665000,23069000,22665000,23069000,22812216
2021-04-30,174.0100,174.0100,,,22812215.998230893,3969553705.8521576909300,22665000,23069000,22665000,23069000,22812216,22665000,23069000,22665000,23069000,22812216
2021-05-03,171.2800,171.2800,,,22812215.997306403,3907276356.0186407058400,22665000,23069000,22665000,23069000,22812216,22665000,23069000,22665000,23069000,22812216
2021-05-04,170.0900,170.0900,,,22812215.997957356,3880129819.0925666820400,22665000,23069000,22665000,23069000,22812216,22665000,23069000,22665000,23069000,22812216
2021-05-05,167.7100,167.7100,,,22812215.997952454,3825836745.0166060603400,22665000,23069000,22665000,23069000,22812216,22665000,23069000,22665000,23069000,22812216
2021-05-06,168.6600,168.6600,,,22812216.001738995,3847508350.8532988967000,22665000,23069000,22665000,23069000,22812216,22665000,23069000,22665000,23069000,22812216
2021-05-07,168.3000,168.3000,,,22812216.000436880,3839295952.8735269040000,22665000,23069000,22665000,23069000,22812216,22665000,23069000,22665000,23069000,22812216
2021-05-10,160.6200,160.6200,,,22812215.998480815,3664098133.6759885053000,22665000,23069000,22665000,23069000,22812216,22665000,23069000,22665000,23069000,22812216
2021-05-11,158.5400,158.5400,,,22812216.002476856,3616648725.0326807502400,22665000,23069000,22665000,23069000,22812216,22665000,23069000,22665000,23069000,22812216
2021-05-12,154.0500,154.0500,,,22812216.000393372,3514221874.8605989566000,22665000,23069000,22665000,23069000,22812216,22665000,23069000,22665000,23069000,22812216
2021-05-13,156.6300,156.6300,,,22812216.001857083,3573077392.3708749102900,22665000,23069000,22665000,23069000,22812216,22665000,23069000,22665000,23069000,22812216
2021-05-14,161.5300,161.5300,,,22812216.000890367,3684857250.6238209815100,22665000,23069000,22665000,23069000,22812216,22665000,23069000,22665000,23069000,22812216
2021-05-17,159.1900,159.1900,,,22812216.002492120,3631476665.4367205828000,22665000,23069000,22665000,23069000,22812216,22665000,23069000,22665000,23069000,22812216
2021-05-18,157.9000,157.9000,,,22812215.997876417,3602048906.0646862443000,22665000,23069000,22665000,23069000,22812216,22665000,23069000,22665000,23069000,22812216
2021-05-19,159.3700,159.3700,,,22812216.001774456,3635582864.2027950527200,22665000,23069000,22665000,23069000,22812216,22665000,23069000,22665000,23069000,22812216
2021-05-20,163.0000,163.0000,,,22812215.998478210,3718391207.7519482300000,22665000,23069000,22665000,23069000,22812216,22665000,23069000,22665000,23069000,22812216
2021-05-21,163.1300,163.1300,,,22812215.997246124,3721356795.6307602081200,22665000,23069000,22665000,23069000,22812216,22665000,23069000,22665000,23069000,22812216
2021-05-24,163.9100,163.9100,,,22812216.000852793,3739150324.6997813006300,22665000,23069000,22665000,23069000,22812216,22665000,23069000,22665000,23069000,22812216
2021-05-25,163.5300,163.5300,,,22812216.000118580,3730481682.4993913874000,22665000,23069000,22665000,23069000,22812216,22665000,23069000,22665000,23069000,22812216
2021-05-26,164.4800,164.4800,,,22812215.997265656,3752153287.2302550988800,22665000,23069000,22665000,23069000,22812216,22665000,23069000,22665000,23069000,22812216
2021-05-27,165.5700,165.5700,,,22812216.003023576,3777018603.6206134783200,22665000,23069000,22665000,23069000,22812216,22665000,23069000,22665000,23069000,22812216
2021-05-28,166.4600,166.4600,,,22812216.002590254,3797321475.7911736808400,22665000,23069000,22665000,23069000,22812216,22665000,23069000,22665000,23069000,22812216
2021-06-01,162.0800,162.0800,,,22812215.999880440,3697403969.2606217152000,22665000,23069000,22665000,23069000,22812216,22665000,23069000,22665000,23069000,22812216
2021-06-02,162.2000,162.2000,,,22812216.003101334,3700141435.7030363748000,22665000,23069000,22665000,23069000,22812216,22665000,23069000,22665000,23069000,22812216
2021-06-03,160.4500,160.4500,,,22812215.998872750,3660220057.0191327375000,22665000,23069000,22665000,23069000,22812216,22665000,23069000,22665000,23069000,22812216
2021-06-04,160.9800,160.9800,,,22812216.001248933,3672310531.8810532343400,22665000,23069000,22665000,23069000,22812216,22665000,23069000,22665000,23069000,22812216
2021-06-07,161.8400,161.8400,,,22812215.999660738,3691929037.3850938379200,22665000,23069000,22665000,23069000,22812216,22665000,23069000,22665000,23069000,22812216
2021-06-08,164.1200,164.1200,,,22812216.000009840,3743940889.9216149408000,22665000,23069000,22665000,23069000,22812216,22665000,23069000,22665000,23069000,22812216
2021-06-09,161.8700,161.8700,,,22812216.000813080,3692613404.0516132596000,22665000,23069000,22665000,23069000,22812216,22665000,23069000,22665000,23069000,22812216
2021-06-10,161.3600,161.3600,,,22812215.999219377,3680979173.6340386727200,22665000,23069000,22665000,23069000,22812216,22665000,23069000,22665000,23069000,22812216
2021-06-11,163.4600,163.4600,,,22812216.000271685,3728884827.4044096301000,22665000,23069000,22665000,23069000,22812216,22665000,23069000,22665000,23069000,22812216
2021-06-14,162.9700,162.9700,,,22812215.999455000,3717706841.4311813500000,22665000,23069000,22665000,23069000,22812216,22665000,23069000,22665000,23069000,22812216
2021-06-15,167.3900,167.3900,,,22812216.002310560,3818536836.6267646384000,22665000,23069000,22665000,23069000,22812216,22665000,23069000,22665000,23069000,22812216
2021-06-16,164.3200,164.3200,,,22812215.998712577,3748503332.9084506526400,22665000,23069000,22665000,23069000,22812216,22665000,23069000,22665000,23069000,22812216
2021-06-17,161.8800,161.8800,,,22812216.001197096,3692841526.2737859004800,22665000,23069000,22665000,23069000,22812216,22665000,23069000,22665000,23069000,22812216
2021-06-18,156.5100,156.5100,,,22812216.002708500,3570339926.5839073350000,22665000,23069000,22665000,23069000,22812216,22665000,23069000,22665000,23069000,22812216
2021-06-21,158.6600,158.6600,,,22812215.999343503,3619386190.4558401859800,22665000,23069000,22665000,23069000,22812216,22665000,23069000,22665000,23069000,22812216
2021-06-22,159.2800,159.2800,,,22812215.997516030,3633529764.0843532584000,22665000,23069000,22665000,23069000,22812216,22665000,23069000,22665000,23069000,22812216
2021-06-23,159.2300,159.2300,,,22812216.001901593,3632389153.9827906533900,22665000,23069000,22665000,23069000,22812216,22665000,23069000,22665000,23069000,22812216
2021-06-24,161.5100,161.5100,,,22812216.002224702,3684401006.5193116200200,22665000,23069000,22665000,23069000,22812216,22665000,23069000,22665000,23069000,22812216
2021-06-25,162.0700,162.0700,,,22812215.999496810,3697175847.0384479967000,22665000,23069000,22665000,23069000,22812216,22665000,23069000,22665000,23069000,22812216
2021-06-28,159.5200,159.5200,,,22812215.997742480,3639004695.9598804096000,22665000,23069000,22665000,23069000,22812216,22665000,23069000,22665000,23069000,22812216
2021-06-29,162.5300,162.5300,,,22812216.000546474,3707669466.5688184192200,22665000,23069000,22665000,23069000,22812216,22665000,23069000,22665000,23069000,22812216
2021-06-30,164.7700,164.7700,,,22812215.999372747,3758768830.2166475231900,22665000,23069000,22665000,23069000,22812216,22665000,23069000,22665000,23069000,22812216
2021-07-01,169.4200,169.4200,,,22812215.997402575,3864845634.2799442565000,22665000,23069000,22665000,23069000,22812216,22665000,23069000,22665000,23069000,22812216
2021-07-02,170.2500,170.2500,,,22812216.000744600,3883779774.1267681500000,22665000,23069000,22665000,23069000,22812216,22665000,23069000,22665000,23069000,22812216
2021-07-06,173.6600,173.6600,,,22812216.000860166,3961569430.7093764275600,22665000,23069000,22665000,23069000,22812216,22665000,23069000,22665000,23069000,22812216
2021-07-07,170.1600,170.1600,,,22812215.998770993,3881726674.3508721688800,22665000,23069000,22665000,23069000,22812216,22665000,23069000,22665000,23069000,22812216
2021-07-08,164.2600,164.2600,,,22812215.997802712,3747134599.7990734731200,22665000,23069000,22665000,23069000,22812216,22665000,23069000,22665000,23069000,22812216
2021-07-09,168.3700,168.3700,,,22812215.999213517,3840892807.7875798572900,22665000,23069000,22665000,23069000,22812216,22665000,23069000,22665000,23069000,22812216
2021-07-12,167.9400,167.9400,,,22812215.999307660,3831083554.9237284204000,22665000,23069000,22665000,23069000,22812216,22665000,23069000,22665000,23069000,22812216
2021-07-13,165.9500,165.9500,,,22812216.001046100,3785687245.3736002950000,22665000,23069000,22665000,23069000,22812216,22665000,23069000,22665000,23069000,22812216
2021-07-14,168.5800,168.5800,,,22812215.998318830,3845683372.9965883614000,22665000,23069000,22665000,23069000,22812216,22665000,23069000,22665000,23069000,22812216
2021-07-15,172.8600,172.8600,,,22812215.998664074,3943319657.5290718316400,22665000,23069000,22665000,23069000,22812216,22665000,23069000,22665000,23069000,22812216
2021-07-16,174.7000,174.7000,,,22812215.998738230,3985294134.9795687810000,22665000,23069000,22665000,23069000,22812216,22665000,23069000,22665000,23069000,22812216
2021-07-19,166.5300,166.5300,,,22812215.997798722,3798918330.1134211746600,22665000,23069000,22665000,23069000,22812216,22665000,23069000,22665000,23069000,22812216
2021-07-20,168.3900,168.3900,,,22812215.999952050,3841349052.2319256995000,22665000,23069000,22665000,23069000,22812216,22665000,23069000,22665000,23069000,22812216
2021-07-21,168.0400,168.0400,,,22812216.001676966,3833364776.9217973666400,22665000,23069000,22665000,23069000,22812216,22665000,23069000,22665000,23069000,22812216
2021-07-22,164.5000,164.5000,,,22812215.998021890,3752609531.6746009050000,22665000,23069000,22665000,23069000,22812216,22665000,23069000,22665000,23069000,22812216
2021-07-23,170.1600,170.1600,,,22812215.998770993,3881726674.3508721688800,22665000,23069000,22665000,23069000,22812216,22665000,23069000,22665000,23069000,22812216
2021-07-26,171.0300,171.0300,,,22812215.997644193,3901573302.0770863287900,22665000,23069000,22665000,23069000,22812216,22665000,23069000,22665000,23069000,22812216
2021-07-27,178.6200,178.6200,,,22812216.000334512,4074718021.9797505334400,22665000,23069000,22665000,23069000,22812216,22665000,23069000,22665000,23069000,22812216
2021-07-28,179.4400,179.4400,,,22812215.998767056,4093424038.8187605286400,22665000,23069000,22665000,23069000,22812216,22665000,23069000,22665000,23069000,22812216
2021-07-29,182.1600,182.1600,,,22805591.998275720,4154266638.4059051552000,22678000,23054000,22678000,23054000,22805592,22678000,23054000,22678000,23054000,22805592
2021-07-30,178.6450,178.6450,,,22805592.002192110,4074104983.2316094909500,22678000,23054000,22678000,23054000,22805592,22678000,23054000,22678000,23054000,22805592
2021-08-02,174.1900,174.1900,,,22805591.999517918,3972506070.3960261364200,22678000,23054000,22678000,23054000,22805592,22678000,23054000,22678000,23054000,22805592
2021-08-03,174.1600,174.1600,,,22805591.999995362,3971821902.7191922459200,22678000,23054000,22678000,23054000,22805592,22678000,23054000,22678000,23054000,22805592
2021-08-04,174.4300,174.4300,,,22805592.000805452,3977979412.7004949923600,22678000,23054000,22678000,23054000,22805592,22678000,23054000,22678000,23054000,22805592
2021-08-05,184.0200,184.0200,,,22805592.001053070,4196685040.0337859414000,22678000,23054000,22678000,23054000,22805592,22678000,23054000,22678000,23054000,22805592
2021-08-06,185.2200,185.2200,,,22805591.999254547,4224051750.1019271953400,22678000,23054000,22678000,23054000,22805592,22678000,23054000,22678000,23054000,22805592
2021-08-09,185.2200,185.2200,,,22805591.999254547,4224051750.1019271953400,22678000,23054000,22678000,23054000,22805592,22678000,23054000,22678000,23054000,22805592
2021-08-10,185.0800,185.0800,,,22805592.002582695,4220858967.8380051906000,22678000,23054000,22678000,23054000,22805592,22678000,23054000,22678000,23054000,22805592
2021-08-11,184.6200,184.6200,,,22805591.998622340,4210368394.7856564108000,22678000,23054000,22678000,23054000,22805592,22678000,23054000,22678000,23054000,22805592
2021-08-12,183.0000,183.0000,,,22805592.002576753,4173423336.4715457990000,22678000,23054000,22678000,23054000,22805592,22678000,23054000,22678000,23054000,22805592
2021-08-13,177.9600,177.9600,,,22805591.998176042,4058483151.9954084343200,22678000,23054000,22678000,23054000,22805592,22678000,23054000,22678000,23054000,22805592
2021-08-16,180.7700,180.7700,,,22805591.999950863,4122566865.8311175045100,22678000,23054000,22678000,23054000,22805592,22678000,23054000,22678000,23054000,22805592
2021-08-17,183.5900,183.5900,,,22805592.002111074,4186878635.6675720756600,22678000,23054000,22678000,23054000,22805592,22678000,23054000,22678000,23054000,22805592
2021-08-18,181.2600,181.2600,,,22805592.000418730,4133741605.9958989998000,22678000,23054000,22678000,23054000,22805592,22678000,23054000,22678000,23054000,22805592
2021-08-19,181.2100,181.2100,,,22805591.999327170,4132601326.1980764757000,22678000,23054000,22678000,23054000,22805592,22678000,23054000,22678000,23054000,22805592
2021-08-20,183.1000,183.1000,,,22805592.001653690,4175703895.5027906390000,22678000,23054000,22678000,23054000,22805592,22678000,23054000,22678000,23054000,22805592
2021-08-23,183.0000,183.0000,,,22805592.002576753,4173423336.4715457990000,22678000,23054000,22678000,23054000,22805592,22678000,23054000,22678000,23054000,22805592
2021-08-24,180.9800,180.9800,,,22805592.001650750,4127356040.4587527350000,22678000,23054000,22678000,23054000,22805592,22678000,23054000,22678000,23054000,22805592
2021-08-25,179.3900,179.3900,,,22805592.002101984,4091095149.2570749097600,22678000,23054000,22678000,23054000,22805592,22678000,23054000,22678000,23054000,22805592
2021-08-26,175.4900,175.4900,,,22805592.002420160,4002153340.5047138784000,22678000,23054000,22678000,23054000,22805592,22678000,23054000,22678000,23054000,22805592
2021-08-27,180.7900,180.7900,,,22805591.998383243,4123022977.3877065019700,22678000,23054000,22678000,23054000,22805592,22678000,23054000,22678000,23054000,22805592
2021-08-30,182.7300,182.7300,,,22805592.000490185,4167265826.2495715050500,22678000,23054000,22678000,23054000,22805592,22678000,23054000,22678000,23054000,22805592
2021-08-31,181.8500,181.8500,,,22805591.997501712,4147196904.7456863272000,22678000,23054000,22678000,23054000,22805592,22678000,23054000,22678000,23054000,22805592
2021-09-01,182.8400,182.8400,,,22805592.000008830,4169774441.2816144772000,22678000,23054000,22678000,23054000,22805592,22678000,23054000,22678000,23054000,22805592
2021-09-02,185.0200,185.0200,,,22805591.997662276,4219490631.4074743055200,22678000,23054000,22678000,23054000,22805592,22678000,23054000,22678000,23054000,22805592
2021-09-03,182.7900,182.7900,,,22805592.002013072,4168634162.0479694308800,22678000,23054000,22678000,23054000,22805592,22678000,23054000,22678000,23054000,22805592
2021-09-07,171.1900,171.1900,,,22805591.999552194,3904089294.4033400908600,22678000,23054000,22678000,23054000,22805592,22678000,23054000,22678000,23054000,22805592
2021-09-08,171.5600,171.5600,,,22805591.998697102,3912527363.2964748191200,22678000,23054000,22678000,23054000,22805592,22678000,23054000,22678000,23054000,22805592
2021-09-09,167.2100,167.2100,,,22805592.001679435,3813323038.6008183263500,22678000,23054000,22678000,23054000,22805592,22678000,23054000,22678000,23054000,22805592
2021-09-10,165.5400,165.5400,,,22805592.002398327,3775237700.0770190515800,22678000,23054000,22678000,23054000,22805592,22678000,23054000,22678000,23054000,22805592
2021-09-13,165.6200,165.6200,,,22805591.999683302,3777062146.9875484772400,22678000,23054000,22678000,23054000,22805592,22678000,23054000,22678000,23054000,22805592
2021-09-14,163.4500,163.4500,,,22805592.000108610,3727574012.4177523045000,22678000,23054000,22678000,23054000,22805592,22678000,23054000,22678000,23054000,22805592
2021-09-15,162.3600,162.3600,,,22805591.998339977,3702715916.8504786657200,22678000,23054000,22678000,23054000,22805592,22678000,23054000,22678000,23054000,22805592
2021-09-16,160.9400,160.9400,,,22805592.000942630,3670331976.6317068722000,22678000,23054000,22678000,23054000,22805592,22678000,23054000,22678000,23054000,22805592
2021-09-17,162.5000,162.5000,,,22805592.000759773,3705908700.1234631125000,22678000,23054000,22678000,23054000,22805592,22678000,23054000,22678000,23054000,22805592
2021-09-20,162.9600,162.9600,,,22805591.997593410,3716399271.9278220936000,22678000,23054000,22678000,23054000,22805592,22678000,23054000,22678000,23054000,22805592
2021-09-21,160.8500,160.8500,,,22805591.999729093,3668279473.1564246090500,22678000,23054000,22678000,23054000,22805592,22678000,23054000,22678000,23054000,22805592
2021-09-22,162.8900,162.8900,,,22805591.998117495,3714802880.5733587605500,22678000,23054000,22678000,23054000,22805592,22678000,23054000,22678000,23054000,22805592
2021-09-23,165.9200,165.9200,,,22805591.999314245,3783903824.5262195304000,22678000,23054000,22678000,23054000,22805592,22678000,23054000,22678000,23054000,22805592
2021-09-24,169.1700,169.1700,,,22805592.002761863,3858021999.1072243637100,22678000,23054000,22678000,23054000,22805592,22678000,23054000,22678000,23054000,22805592
2021-09-27,170.0100,170.0100,,,22805592.002643790,3877178696.3694707379000,22678000,23054000,22678000,23054000,22805592,22678000,23054000,22678000,23054000,22805592
2021-09-28,164.7300,164.7300,,,22805592.002013333,3756765170.4916563450900,22678000,23054000,22678000,23054000,22805592,22678000,23054000,22678000,23054000,22805592
2021-09-29,165.3200,165.3200,,,22805592.000053693,3770220469.4488765267600,22678000,23054000,22678000,23054000,22805592,22678000,23054000,22678000,23054000,22805592
2021-09-30,161.7000,161.7000,,,22805592.000858350,3687664226.5387951950000,22678000,23054000,22678000,23054000,22805592,22678000,23054000,22678000,23054000,22805592
2021-10-01,163.4800,163.4800,,,22805591.999600176,3728258180.0946367724800,22678000,23054000,22678000,23054000,22805592,22678000,23054000,22678000,23054000,22805592
2021-10-04,159.5700,159.5700,,,22805592.001294598,3639088315.6465790028600,22678000,23054000,22678000,23054000,22805592,22678000,23054000,22678000,23054000,22805592
2021-10-05,165.0700,165.0700,,,22805592.001622993,3764519071.7079074545100,22678000,23054000,22678000,23054000,22805592,22678000,23054000,22678000,23054000,22805592
2021-10-06,163.1600,163.1600,,,22805591.998254146,3720960390.4351464613600,22678000,23054000,22678000,23054000,22805592,22678000,23054000,22678000,23054000,22805592
2021-10-07,166.4200,166.4200,,,22805591.999592690,3795306620.5722154698000,22678000,23054000,22678000,23054000,22805592,22678000,23054000,22678000,23054000,22805592
2021-10-08,164.4100,164.4100,,,22805592.000682235,3749467380.8321662563500,22678000,23054000,22678000,23054000,22805592,22678000,23054000,22678000,23054000,22805592
2021-10-11,163.6300,163.6300,,,22805592.002495367,3731679019.3683169022100,22678000,23054000,22678000,23054000,22805592,22678000,23054000,22678000,23054000,22805592
2021-10-12,162.7700,162.7700,,,22805592.000892370,3712066209.9852510649000,22678000,23054000,22678000,23054000,22805592,22678000,23054000,22678000,23054000,22805592
2021-10-13,161.9500,161.9500,,,22805591.999257576,3693365624.2797644332000,22678000,23054000,22678000,23054000,22805592,22678000,23054000,22678000,23054000,22805592
2021-10-14,166.6900,166.6900,,,22805591.999724060,3801464130.4340035614000,22678000,23054000,22678000,23054000,22805592,22678000,23054000,22678000,23054000,22805592
2021-10-15,165.3800,165.3800,,,22805591.999048524,3771588804.8026448991200,22678000,23054000,22678000,23054000,22805592,22678000,23054000,22678000,23054000,22805592
2021-10-18,165.6700,165.6700,,,22805592.000876750,3778202426.7852511725000,22678000,23054000,22678000,23054000,22805592,22678000,23054000,22678000,23054000,22805592
2021-10-19,165.3500,165.3500,,,22805591.999551017,3770904637.1257606609500,22678000,23054000,22678000,23054000,22805592,22678000,23054000,22678000,23054000,22805592
2021-10-20,162.8200,162.8200,,,22805591.998642030,3713206489.2188953246000,22678000,23054000,22678000,23054000,22805592,22678000,23054000,22678000,23054000,22805592
2021-10-21,165.6000,165.6000,,,22805592.001393646,3776606035.4307877776000,22678000,23054000,22678000,23054000,22805592,22678000,23054000,22678000,23054000,22805592
2021-10-22,165.9200,165.9200,,,22805591.999314245,3783903824.5262195304000,22678000,23054000,22678000,23054000,22805592,22678000,23054000,22678000,23054000,22805592
2021-10-25,165.9900,165.9900,,,22805591.998799223,3785500215.8806830257700,22678000,23054000,22678000,23054000,22805592,22678000,23054000,22678000,23054000,22805592
2021-10-26,168.2300,168.2300,,,22805591.997889448,3836584741.8049418370400,22678000,23054000,22678000,23054000,22805592,22678000,23054000,22678000,23054000,22805592
2021-10-27,163.2600,163.2600,,,22805591.997222185,3723240949.4664939231000,22678000,23054000,22678000,23054000,22805592,22678000,23054000,22678000,23054000,22805592
2021-10-28,164.9000,164.9000,,,22818845.000327256,3762827540.5539645144000,22714000,23064000,22714000,23064000,22818845,22714000,23064000,22714000,23064000,22818845
2021-10-29,187.1500,187.1500,,,22818845.002101995,4270546842.1433883642500,22714000,23064000,22714000,23064000,22818845,22714000,23064000,22714000,23064000,22818845
2021-11-01,193.8000,193.8000,,,22818845.000385154,4422292161.0746428452000,22714000,23064000,22714000,23064000,22818845,22714000,23064000,22714000,23064000,22818845
2021-11-02,203.4300,203.4300,,,22818844.999300867,4642037638.2077753738100,22714000,23064000,22714000,23064000,22818845,22714000,23064000,22714000,23064000,22818845
2021-11-03,199.2600,199.2600,,,22818844.999865852,4546883054.6732696695200,22714000,23064000,22714000,23064000,22818845,22714000,23064000,22714000,23064000,22818845
2021-11-04,203.3000,203.3000,,,22818844.999898290,4639071188.4793223570000,22714000,23064000,22714000,23064000,22818845,22714000,23064000,22714000,23064000,22818845
2021-11-05,204.3600,204.3600,,,22818844.998859823,4663259163.9669934282800,22714000,23064000,22714000,23064000,22818845,22714000,23064000,22714000,23064000,22818845
2021-11-08,202.4500,202.4500,,,22818844.998310965,4619675169.9080548642500,22714000,23064000,22714000,23064000,22818845,22714000,23064000,22714000,23064000,22818845
2021-11-09,201.5400,201.5400,,,22818844.998676203,4598910021.0332019526200,22714000,23064000,22714000,23064000,22818845,22714000,23064000,22714000,23064000,22818845
2021-11-10,198.4100,198.4100,,,22818844.998246070,4527487036.1020027487000,22714000,23064000,22714000,23064000,22818845,22714000,23064000,22714000,23064000,22818845
2021-11-11,201.1400,201.1400,,,22818844.998307485,4589782482.9595675329000,22714000,23064000,22714000,23064000,22818845,22714000,23064000,22714000,23064000,22818845
2021-11-12,203.6500,203.6500,,,22818844.998833556,4647057784.0124536794000,22714000,23064000,22714000,23064000,22818845,22714000,23064000,22714000,23064000,22818845
2021-11-15,201.9100,201.9100,,,22818845.001945840,4607352994.3428845544000,22714000,23064000,22714000,23064000,22818845,22714000,23064000,22714000,23064000,22818845
2021-11-16,204.4800,204.4800,,,22818845.001055650,4665997425.8158593120000,22714000,23064000,22714000,23064000,22818845,22714000,23064000,22714000,23064000,22818845
2021-11-17,207.0500,207.0500,,,22818844.999624880,4724641857.1723314040000,22714000,23064000,22714000,23064000,22818845,22714000,23064000,22714000,23064000,22818845
2021-11-18,204.2700,204.2700,,,22818844.998730928,4661205467.8907666625600,22714000,23064000,22714000,23064000,22818845,22714000,23064000,22714000,23064000,22818845
2021-11-19,209.0700,209.0700,,,22818844.999642976,4770735924.0753569923200,22714000,23064000,22714000,23064000,22818845,22714000,23064000,22714000,23064000,22818845
2021-11-22,214.1000,214.1000,,,22818844.997948233,4885514714.0607166853000,22714000,23064000,22714000,23064000,22818845,22714000,23064000,22714000,23064000,22818845
2021-11-23,215.1900,215.1900,,,22818844.998394556,4910387255.2045245056400,22714000,23064000,22714000,23064000,22818845,22714000,23064000,22714000,23064000,22818845
2021-11-24,214.6100,214.6100,,,22818844.997802700,4897152324.9784374470000,22714000,23064000,22714000,23064000,22818845,22714000,23064000,22714000,23064000,22818845
2021-11-26,201.8900,201.8900,,,22818845.000117350,4606896617.0736917915000,22714000,23064000,22714000,23064000,22818845,22714000,23064000,22714000,23064000,22818845
2021-11-29,207.3100,207.3100,,,22818845.002037644,4730574757.3724239776400,22714000,23064000,22714000,23064000,22818845,22714000,23064000,22714000,23064000,22818845
2021-11-30,208.0000,208.0000,,,22818844.999520150,4746319759.9001912000000,22714000,23064000,22714000,23064000,22818845,22714000,23064000,22714000,23064000,22818845
2021-12-01,203.7700,203.7700,,,22818844.999344442,4649796045.5164169463400,22714000,23064000,22714000,23064000,22818845,22714000,23064000,22714000,23064000,22818845
2021-12-02,212.6000,212.6000,,,22818844.999144050,4851286446.8180250300000,22714000,23064000,22714000,23064000,22818845,22714000,23064000,22714000,23064000,22818845
2021-12-03,208.0000,208.0000,,,22818844.999520150,4746319759.9001912000000,22714000,23064000,22714000,23064000,22818845,22714000,23064000,22714000,23064000,22818845
2021-12-06,211.4900,211.4900,,,22818845.000784170,4825957529.2158441133000,22714000,23064000,22714000,23064000,22818845,22714000,23064000,22714000,23064000,22818845
2021-12-07,214.5800,214.5800,,,22818845.001125254,4896467760.3414570033200,22714000,23064000,22714000,23064000,22818845,22714000,23064000,22714000,23064000,22818845
2021-12-08,215.4000,215.4000,,,22818844.998132497,4915179212.5977398538000,22714000,23064000,22714000,23064000,22818845,22714000,23064000,22714000,23064000,22818845
2021-12-09,210.0700,210.0700,,,22818845.001665328,4793554769.4998354529600,22714000,23064000,22714000,23064000,22818845,22714000,23064000,22714000,23064000,22818845
2021-12-10,210.3100,210.3100,,,22818845.001689790,4799031292.3053797349000,22714000,23064000,22714000,23064000,22818845,22714000,23064000,22714000,23064000,22818845
2021-12-13,214.0300,214.0300,,,22818845.000336796,4883917395.4220844478800,22714000,23064000,22714000,23064000,22818845,22714000,23064000,22714000,23064000,22818845
2021-12-14,217.2400,217.2400,,,22818844.998104226,4957165887.3881620562400,22714000,23064000,22714000,23064000,22818845,22714000,23064000,22714000,23064000,22818845
2021-12-15,216.9100,216.9100,,,22818844.997954935,4949635668.5064049508500,22714000,23064000,22714000,23064000,22818845,22714000,23064000,22714000,23064000,22818845
2021-12-16,219.1700,219.1700,,,22818844.998728115,5001206258.3712409645500,22714000,23064000,22714000,23064000,22818845,22714000,23064000,22714000,23064000,22818845
2021-12-17,215.5700,215.5700,,,22818845.001562040,4919058416.9867289628000,22714000,23064000,22714000,23064000,22818845,22714000,23064000,22714000,23064000,22818845
2021-12-20,212.6000,212.6000,,,22818844.999144050,4851286446.8180250300000,22714000,23064000,22714000,23064000,22818845,22714000,23064000,22714000,23064000,22818845
2021-12-21,217.6700,217.6700,,,22818845.000921700,4966977991.3506264390000,22714000,23064000,22714000,23064000,22818845,22714000,23064000,22714000,23064000,22818845
2021-12-22,221.1300,221.1300,,,22818845.000724910,5045931195.0102993483000,22714000,23064000,22714000,23064000,22818845,22714000,23064000,22714000,23064000,22818845
2021-12-23,224.3700,224.3700,,,22818844.999921367,5119864252.6323571137900,22714000,23064000,22714000,23064000,22818845,22714000,23064000,22714000,23064000,22818845
2021-12-27,231.7300,231.7300,,,22818844.999758540,5287810951.7940464742000,22714000,23064000,22714000,23064000,22818845,22714000,23064000,22714000,23064000,22818845
2021-12-28,241.4500,241.4500,,,22818844.998039610,5509610124.7766638345000,22714000,23064000,22714000,23064000,22818845,22714000,23064000,22714000,23064000,22818845
2021-12-29,236.6700,236.6700,,,22818845.001401480,5400536046.4816882716000,22714000,23064000,22714000,23064000,22818845,22714000,23064000,22714000,23064000,22818845
2021-12-30,236.1000,236.1000,,,22818845.001246870,5387529304.7943860070000,22714000,23064000,22714000,23064000,22818845,22714000,23064000,22714000,23064000,22818845
2021-12-31,237.8900,237.8900,,,22818844.999976690,5428375037.0444547841000,22714000,23064000,22714000,23064000,22818845,22714000,23064000,22714000,23064000,22818845
2022-01-03,225.0000,225.0000,,,22818844.998843964,5134240124.7398919000000,22714000,23064000,22714000,23064000,22818845,22714000,23064000,22714000,23064000,22818845
2022-01-04,222.8300,222.8300,,,22818844.998733170,5084723231.0677122711000,22714000,23064000,22714000,23064000,22818845,22714000,23064000,22714000,23064000,22818845
2022-01-05,217.0400,217.0400,,,22818845.002041520,4952602119.2430915008000,22714000,23064000,22714000,23064000,22818845,22714000,23064000,22714000,23064000,22818845
2022-01-06,222.9000,222.9000,,,22818844.999443673,5086320550.3759947117000,22714000,23064000,22714000,23064000,22818845,22714000,23064000,22714000,23064000,22818845
2022-01-07,223.2500,223.2500,,,22818844.999516800,5094307146.1421256000000,22714000,23064000,22714000,23064000,22818845,22714000,23064000,22714000,23064000,22818845
2022-01-10,217.3600,217.3600,,,22818845.000169296,4959904149.2367981785600,22714000,23064000,22714000,23064000,22818845,22714000,23064000,22714000,23064000,22818845
2022-01-11,223.7700,223.7700,,,22818844.998387072,5106172945.2890751014400,22714000,23064000,22714000,23064000,22818845,22714000,23064000,22714000,23064000,22818845
2022-01-12,219.5500,219.5500,,,22818845.000197455,5009877419.7933512452500,22714000,23064000,22714000,23064000,22818845,22714000,23064000,22714000,23064000,22818845
2022-01-13,214.9500,214.9500,,,22818845.000583940,4904910732.8755179030000,22714000,23064000,22714000,23064000,22818845,22714000,23064000,22714000,23064000,22818845
2022-01-14,205.9700,205.9700,,,22818845.000944685,4699997504.8445767694500,22714000,23064000,22714000,23064000,22818845,22714000,23064000,22714000,23064000,22818845
2022-01-18,196.6400,196.6400,,,22818845.002443008,4487097681.2803930931200,22714000,23064000,22714000,23064000,22818845,22714000,23064000,22714000,23064000,22818845
2022-01-19,189.0700,189.0700,,,22818844.999616080,4314359024.0774122456000,22714000,23064000,22714000,23064000,22818845,22714000,23064000,22714000,23064000,22818845
2022-01-20,185.0900,185.0900,,,22818845.001821995,4223540021.3872330545500,22714000,23064000,22714000,23064000,22818845,22714000,23064000,22714000,23064000,22818845
2022-01-21,189.1800,189.1800,,,22818844.999672256,4316869097.0379973900800,22714000,23064000,22714000,23064000,22818845,22714000,23064000,22714000,23064000,22818845
2022-01-24,193.0000,193.0000,,,22818845.001823064,4404037085.3518513520000,22714000,23064000,22714000,23064000,22818845,22714000,23064000,22714000,23064000,22818845
2022-01-25,188.1700,188.1700,,,22818844.999247234,4293822063.5083520217800,22714000,23064000,22714000,23064000,22818845,22714000,23064000,22714000,23064000,22818845
2022-01-26,184.4400,184.4400,,,22818844.997761626,4208707771.3871542994400,22714000,23064000,22714000,23064000,22818845,22714000,23064000,22714000,23064000,22818845
2022-01-27,184.0900,184.0900,,,22818844.998302280,4200721175.7374667252000,22714000,23064000,22714000,23064000,22818845,22714000,23064000,22714000,23064000,22818845
2022-01-28,194.4200,194.4200,,,22818845.000863392,4436439845.0678606726400,22714000,23064000,22714000,23064000,22818845,22714000,23064000,22714000,23064000,22818845
2022-01-31,200.3200,200.3200,,,22818845.001721220,4571071030.7447947904000,22714000,23064000,22714000,23064000,22818845,22714000,23064000,22714000,23064000,22818845
2022-02-01,200.0500,200.0500,,,22818845.000166308,4564909942.2832699154000,22714000,23064000,22714000,23064000,22818845,22714000,23064000,22714000,23064000,22818845
2022-02-02,202.7000,202.7000,,,22818844.999753803,4625379881.4500958681000,22714000,23064000,22714000,23064000,22818845,22714000,23064000,22714000,23064000,22818845
2022-02-03,198.2000,198.2000,,,22818844.998006040,4522695078.6047971280000,22714000,23064000,22714000,23064000,22818845,22714000,23064000,22714000,23064000,22818845
2022-02-04,198.5100,198.5100,,,22818844.998834440,4529768920.7186246844000,22714000,23064000,22714000,23064000,22818845,22714000,23064000,22714000,23064000,22818845
2022-02-07,196.6200,196.6200,,,22818845.002522737,4486641304.3960205489400,22714000,23064000,22714000,23064000,22818845,22714000,23064000,22714000,23064000,22818845
2022-02-08,199.2700,199.2700,,,22818845.002071794,4547111243.5628463903800,22714000,23064000,22714000,23064000,22818845,22714000,23064000,22714000,23064000,22818845
2022-02-09,198.9400,198.9400,,,22818845.001915596,4539581024.6810886682400,22714000,23064000,22714000,23064000,22818845,22714000,23064000,22714000,23064000,22818845
2022-02-10,194.3600,194.3600,,,22818845.001703974,4435070714.5311843866400,22714000,23064000,22714000,23064000,22818845,22714000,23064000,22714000,23064000,22818845
2022-02-11,189.8200,189.8200,,,22818845.000703733,4331473158.0335825980600,22714000,23064000,22714000,23064000,22818845,22714000,23064000,22714000,23064000,22818845
2022-02-14,190.8800,190.8800,,,22818845.002638210,4355661134.1035815248000,22714000,23064000,22714000,23064000,22818845,22714000,23064000,22714000,23064000,22818845
2022-02-15,194.0600,194.0600,,,22818844.998524576,4428225060.4136792185600,22714000,23064000,22714000,23064000,22818845,22714000,23064000,22714000,23064000,22818845
2022-02-16,195.4500,195.4500,,,22818845.000590615,4459943255.3654357017500,22714000,23064000,22714000,23064000,22818845,22714000,23064000,22714000,23064000,22818845
2022-02-17,192.7600,192.7600,,,22818845.001796570,4398560562.5463068332000,22714000,23064000,22714000,23064000,22818845,22714000,23064000,22714000,23064000,22818845
2022-02-18,203.5800,203.5800,,,22818845.000742830,4645460465.2512253314000,22714000,23064000,22714000,23064000,22818845,22714000,23064000,22714000,23064000,22818845
2022-02-22,195.3000,195.3000,,,22818845.001293123,4456520428.7525469219000,22714000,23064000,22714000,23064000,22818845,22714000,23064000,22714000,23064000,22818845
2022-02-23,194.2800,194.2800,,,22818844.998635220,4433245206.3348505416000,22714000,23064000,22714000,23064000,22818845,22714000,23064000,22714000,23064000,22818845
2022-02-24,206.3200,206.3200,,,22818845.001021270,4707984100.6107084264000,22714000,23064000,22714000,23064000,22818845,22714000,23064000,22714000,23064000,22818845
2022-02-25,210.9700,210.9700,,,22818845.001985570,4814091730.0688957029000,22693000,23062000,22693000,23062000,22840083,22693000,23062000,22693000,23062000,22840083
2022-02-28,209.7600,209.7600,,,22818845.000886764,4786480927.3860076166400,22693000,23062000,22693000,23062000,22840083,22693000,23062000,22693000,23062000,22840083
2022-03-01,210.0000,210.0000,,,22818845.001995903,4791957450.4191396300000,22693000,23062000,22693000,23062000,22840083,22693000,23062000,22693000,23062000,22840083
2022-03-02,215.2600,215.2600,,,22818845.000978246,4911984574.9105772339600,22693000,23062000,22693000,23062000,22840083,22693000,23062000,22693000,23062000,22840083
2022-03-03,215.2700,215.2700,,,22818844.998331442,4912212762.7908095193400,22693000,23062000,22693000,23062000,22840083,22693000,23062000,22693000,23062000,22840083
2022-03-04,216.7300,216.7300,,,22818845.001108754,4945528277.0903002544200,22693000,23062000,22693000,23062000,22840083,22693000,23062000,22693000,23062000,22840083
2022-03-07,206.0700,206.0700,,,22818845.001090320,4702279389.3746822424000,22693000,23062000,22693000,23062000,22840083,22693000,23062000,22693000,23062000,22840083
2022-03-08,206.5500,206.5500,,,22818845.002268262,4713232435.2185095161000,22693000,23062000,22693000,23062000,22840083,22693000,23062000,22693000,23062000,22840083
2022-03-09,211.6100,211.6100,,,22818844.999954768,4828695790.4404284564800,22693000,23062000,22693000,23062000,22840083,22693000,23062000,22693000,23062000,22840083
2022-03-10,212.0300,212.0300,,,22818844.997671567,4838279704.8563023510100,22693000,23062000,22693000,23062000,22840083,22693000,23062000,22693000,23062000,22840083
2022-03-11,209.8200,209.8200,,,22818845.000084035,4787850057.9176322237000,22693000,23062000,22693000,23062000,22840083,22693000,23062000,22693000,23062000,22840083
2022-03-14,211.2100,211.2100,,,22818845.002172900,4819568252.9089382090000,22693000,23062000,22693000,23062000,22840083,22693000,23062000,22693000,23062000,22840083
2022-03-15,217.1500,217.1500,,,22818844.998877153,4955112191.5061737739500,22693000,23062000,22693000,23062000,22840083,22693000,23062000,22693000,23062000,22840083
2022-03-16,217.2400,217.2400,,,22818844.999533888,4957165887.6987418291200,22693000,23062000,22693000,23062000,22840083,22693000,23062000,22693000,23062000,22840083
2022-03-17,222.7200,222.7200,,,22818844.999748930,5082213158.3440816896000,22693000,23062000,22693000,23062000,22840083,22693000,23062000,22693000,23062000,22840083
2022-03-18,227.9500,227.9500,,,22818845.001407780,5201555718.0709034510000,22693000,23062000,22693000,23062000,22840083,22693000,23062000,22693000,23062000,22840083
2022-03-21,227.1400,227.1400,,,22818844.999174945,5183072453.1125970073000,22693000,23062000,22693000,23062000,22840083,22693000,23062000,22693000,23062000,22840083
2022-03-22,229.2000,229.2000,,,22818845.001437470,5230079274.3294681240000,22693000,23062000,22693000,23062000,22840083,22693000,23062000,22693000,23062000,22840083
2022-03-23,227.5000,227.5000,,,22818845.002194457,5191287237.9992389675000,22693000,23062000,22693000,23062000,22840083,22693000,23062000,22693000,23062000,22840083
2022-03-24,231.1500,231.1500,,,22818844.998249926,5274576021.3454703949000,22693000,23062000,22693000,23062000,22840083,22693000,23062000,22693000,23062000,22840083
2022-03-25,232.1900,232.1900,,,22818844.999587767,5298307620.4542836197300,22693000,23062000,22693000,23062000,22840083,22693000,23062000,22693000,23062000,22840083
2022-03-28,230.1700,230.1700,,,22818845.001074653,5252213553.8973528810100,22693000,23062000,22693000,23062000,22840083,22693000,23062000,22693000,23062000,22840083
2022-03-29,230.8400,230.8400,,,22818845.001398884,5267502180.1229183825600,22693000,23062000,22693000,23062000,22840083,22693000,23062000,22693000,23062000,22840083
2022-03-30,229.3100,229.3100,,,22818845.001482915,5232589347.2900472386500,22693000,23062000,22693000,23062000,22840083,22693000,23062000,22693000,23062000,22840083
2022-03-31,228.0200,228.0200,,,22818844.998192765,5203153036.4879142753000,22693000,23062000,22693000,23062000,22840083,22693000,23062000,22693000,23062000,22840083
2022-04-01,232.2000,232.2000,,,22818845.001473133,5298535809.3420614826000,22693000,23062000,22693000,23062000,22840083,22693000,23062000,22693000,23062000,22840083
2022-04-04,232.3300,232.3300,,,22818845.001450628,5301502259.1870244032400,22693000,23062000,22693000,23062000,22840083,22693000,23062000,22693000,23062000,22840083
2022-04-05,230.7800,230.7800,,,22818845.002106514,5266133049.5861413009200,22693000,23062000,22693000,23062000,22840083,22693000,23062000,22693000,23062000,22840083
2022-04-06,239.5200,239.5200,,,22818844.998508790,5465569754.0428253808000,22693000,23062000,22693000,23062000,22840083,22693000,23062000,22693000,23062000,22840083
2022-04-07,234.0400,234.0400,,,22818844.998280145,5340522483.3974851358000,22693000,23062000,22693000,23062000,22840083,22693000,23062000,22693000,23062000,22840083
2022-04-08,232.2700,232.2700,,,22818844.998316925,5300133127.7590721697500,22693000,23062000,22693000,23062000,22840083,22693000,23062000,22693000,23062000,22840083
2022-04-11,229.3500,229.3500,,,22818845.000839073,5233502100.9424413925500,22693000,23062000,22693000,23062000,22840083,22693000,23062000,22693000,23062000,22840083
2022-04-12,231.8600,231.8600,,,22818844.997944582,5290777401.2234307825200,22693000,23062000,22693000,23062000,22840083,22693000,23062000,22693000,23062000,22840083
2022-04-13,235.2300,235.2300,,,22818844.999019140,5367676909.1192723022000,22693000,23062000,22693000,23062000,22840083,22693000,23062000,22693000,23062000,22840083
2022-04-14,231.7300,231.7300,,,22818844.997965170,5287810951.3784688441000,22693000,23062000,22693000,23062000,22840083,22693000,23062000,22693000,23062000,22840083
2022-04-18,226.2400,226.2400,,,22818845.000233807,5162535492.8528964956800,22693000,23062000,22693000,23062000,22840083,22693000,23062000,22693000,23062000,22840083
2022-04-19,231.1900,231.1900,,,22818845.001969855,5275488776.0054107774500,22693000,23062000,22693000,23062000,22840083,22693000,23062000,22693000,23062000,22840083
2022-04-20,236.9000,236.9000,,,22818845.000780433,5405784380.6848845777000,22693000,23062000,22693000,23062000,22840083,22693000,23062000,22693000,23062000,22840083
2022-04-21,238.4400,238.4400,,,22818845.002051517,5440925402.2891637134800,22693000,23062000,22693000,23062000,22840083,22693000,23062000,22693000,23062000,22840083
2022-04-22,233.6700,233.6700,,,22818845.002089083,5332079511.6381560246100,22693000,23062000,22693000,23062000,22840083,22693000,23062000,22693000,23062000,22840083
2022-04-25,234.3500,234.3500,,,22818844.999974206,5347596325.7439551761000,22693000,23062000,22693000,23062000,22840083,22693000,23062000,22693000,23062000,22840083
2022-04-26,226.3800,226.3800,,,22818844.998208597,5165730130.6944621888600,22693000,23062000,22693000,23062000,22840083,22693000,23062000,22693000,23062000,22840083
2022-04-27,227.9000,227.9000,,,22818845.000134840,5200414775.5307300360000,22693000,23062000,22693000,23062000,22840083,22693000,23062000,22693000,23062000,22840083
2022-04-28,231.0000,231.0000,,,22908022.998221748,5291753312.5892237880000,22753000,23093000,22753000,23093000,22908023,22753000,23093000,22753000,23093000,22908023
2022-04-29,221.6900,221.6900,,,22908022.997814840,5078479618.3855718796000,22753000,23093000,22753000,23093000,22908023,22753000,23093000,22753000,23093000,22908023
2022-05-02,222.5000,222.5000,,,22908022.999227926,5097035117.3282135350000,22753000,23093000,22753000,23093000,22908023,22753000,23093000,22753000,23093000,22908023
2022-05-03,218.2400,218.2400,,,22908022.999426607,4999446939.3948627116800,22753000,23093000,22753000,23093000,22908023,22753000,23093000,22753000,23093000,22908023
2022-05-04,222.0000,222.0000,,,22908022.999283373,5085581105.8409088060000,22753000,23093000,22753000,23093000,22908023,22753000,23093000,22753000,23093000,22908023
2022-05-05,210.1500,210.1500,,,22908022.998810984,4814121033.2001282876000,22753000,23093000,22753000,23093000,22908023,22753000,23093000,22753000,23093000,22908023
2022-05-06,210.7400,210.7400,,,22908023.002310175,4827636767.5068462795000,22753000,23093000,22753000,23093000,22908023,22753000,23093000,22753000,23093000,22908023
2022-05-09,206.8700,206.8700,,,22908022.999153517,4738982717.8348880617900,22753000,23093000,22753000,23093000,22908023,22753000,23093000,22753000,23093000,22908023
2022-05-10,200.5000,200.5000,,,22908022.998186417,4593058611.1363766085000,22753000,23093000,22753000,23093000,22908023,22753000,23093000,22753000,23093000,22908023
2022-05-11,199.8400,199.8400,,,22908022.998508140,4577939316.0218666976000,22753000,23093000,22753000,23093000,22908023,22753000,23093000,22753000,23093000,22908023
2022-05-12,202.3600,202.3600,,,22908023.001886036,4635667534.6616582449600,22753000,23093000,22753000,23093000,22908023,22753000,23093000,22753000,23093000,22908023
2022-05-13,206.4900,206.4900,,,22908023.000496723,4730277669.3725683322700,22753000,23093000,22753000,23093000,22908023,22753000,23093000,22753000,23093000,22908023
2022-05-16,205.7200,205.7200,,,22908023.001363510,4712638491.8405012772000,22753000,23093000,22753000,23093000,22908023,22753000,23093000,22753000,23093000,22908023
2022-05-17,210.8500,210.8500,,,22908023.001775690,4830156649.9244042365000,22753000,23093000,22753000,23093000,22908023,22753000,23093000,22753000,23093000,22908023
2022-05-18,208.2400,208.2400,,,22908022.999773080,4770366709.4727461792000,22753000,23093000,22753000,23093000,22908023,22753000,23093000,22753000,23093000,22908023
2022-05-19,209.2700,209.2700,,,22908023.000193547,4793961973.2505035806900,22753000,23093000,22753000,23093000,22908023,22753000,23093000,22753000,23093000,22908023
2022-05-20,203.6800,203.6800,,,22908023.002208706,4665906125.0898692380800,22753000,23093000,22753000,23093000,22908023,22753000,23093000,22753000,23093000,22908023
2022-05-23,209.0800,209.0800,,,22908023.000857774,4789609449.0193433879200,22753000,23093000,22753000,23093000,22908023,22753000,23093000,22753000,23093000,22908023
2022-05-24,206.2200,206.2200,,,22908023.002264560,4724092503.5269975632000,22753000,23093000,22753000,23093000,22908023,22753000,23093000,22753000,23093000,22908023
2022-05-25,209.2300,209.2300,,,22908022.997848917,4793045651.8399289039100,22753000,23093000,22753000,23093000,22908023,22753000,23093000,22753000,23093000,22908023
2022-05-26,214.3700,214.3700,,,22908023.001028366,4910792890.7304508194200,22753000,23093000,22753000,23093000,22908023,22753000,23093000,22753000,23093000,22908023
2022-05-27,220.2300,220.2300,,,22908022.999983540,5045033905.2863750142000,22753000,23093000,22753000,23093000,22908023,22753000,23093000,22753000,23093000,22908023
2022-05-31,219.8800,219.8800,,,22908022.999043804,5037016097.0297516235200,22753000,23093000,22753000,23093000,22908023,22753000,23093000,22753000,23093000,22908023
2022-06-01,220.7000,220.7000,,,22908022.998459257,5055800675.7599580199000,22753000,23093000,22753000,23093000,22908023,22753000,23093000,22753000,23093000,22908023
2022-06-02,226.0100,226.0100,,,22908023.001656470,5177442278.6043787847000,22753000,23093000,22753000,23093000,22908023,22753000,23093000,22753000,23093000,22908023
2022-06-03,232.0000,232.0000,,,22908022.999790367,5314661335.9513651440000,22753000,23093000,22753000,23093000,22908023,22753000,23093000,22753000,23093000,22908023
2022-06-06,237.2800,237.2800,,,22908022.998085685,5435615696.9857713368000,22753000,23093000,22753000,23093000,22908023,22753000,23093000,22753000,23093000,22908023
2022-06-07,230.5500,230.5500,,,22908023.000313150,5281444702.7221967325000,22753000,23093000,22753000,23093000,22908023,22753000,23093000,22753000,23093000,22908023
2022-06-08,231.3600,231.3600,,,22908023.001612507,5300000201.6530696195200,22753000,23093000,22753000,23093000,22908023,22753000,23093000,22753000,23093000,22908023
2022-06-09,226.3400,226.3400,,,22908023.001044124,5185001926.0563270261600,22753000,23093000,22753000,23093000,22908023,22753000,23093000,22753000,23093000,22908023
2022-06-10,223.2600,223.2600,,,22908022.999941820,5114445214.9670107332000,22753000,23093000,22753000,23093000,22908023,22753000,23093000,22753000,23093000,22908023
2022-06-13,217.9800,217.9800,,,22908023.001801100,4993490853.9326037780000,22753000,23093000,22753000,23093000,22908023,22753000,23093000,22753000,23093000,22908023
2022-06-14,219.2600,219.2600,,,22908023.001628473,5022813123.3370589899800,22753000,23093000,22753000,23093000,22908023,22753000,23093000,22753000,23093000,22908023
2022-06-15,212.3700,212.3700,,,22908022.998729773,4864976844.2402418920100,22753000,23093000,22753000,23093000,22908023,22753000,23093000,22753000,23093000,22908023
2022-06-16,205.4200,205.4200,,,22908023.001374476,4705766084.9423448599200,22753000,23093000,22753000,23093000,22908023,22753000,23093000,22753000,23093000,22908023
2022-06-17,207.0600,207.0600,,,22908023.001071320,4743335242.6018275192000,22753000,23093000,22753000,23093000,22908023,22753000,23093000,22753000,23093000,22908023
2022-06-21,208.9400,208.9400,,,22908023.001346020,4786402325.9012374188000,22753000,23093000,22753000,23093000,22908023,22753000,23093000,22753000,23093000,22908023
2022-06-22,210.6900,210.6900,,,22908023.001459100,4826491366.1774177790000,22753000,23093000,22753000,23093000,22908023,22753000,23093000,22753000,23093000,22908023
2022-06-23,217.6600,217.6600,,,22908023.000459380,4986160286.2799886508000,22753000,23093000,22753000,23093000,22908023,22753000,23093000,22753000,23093000,22908023
2022-06-24,228.2100,228.2100,,,22908022.998770725,5227839928.5494671522500,22753000,23093000,22753000,23093000,22908023,22753000,23093000,22753000,23093000,22908023
2022-06-27,226.2400,226.2400,,,22908022.999637708,5182711123.4380350579200,22753000,23093000,22753000,23093000,22908023,22753000,23093000,22753000,23093000,22908023
2022-06-28,224.5500,224.5500,,,22908022.998752486,5143996564.3698707313000,22753000,23093000,22753000,23093000,22908023,22753000,23093000,22753000,23093000,22908023
2022-06-29,222.4900,222.4900,,,22908023.000792910,5096806037.4464145459000,22753000,23093000,22753000,23093000,22908023,22753000,23093000,22753000,23093000,22908023
2022-06-30,229.6400,229.6400,,,22908023.002002995,5260598402.1799677718000,22753000,23093000,22753000,23093000,22908023,22753000,23093000,22753000,23093000,22908023
2022-07-01,236.1400,236.1400,,,22908023.001651080,5409500551.6098860312000,22753000,23093000,22753000,23093000,22908023,22753000,23093000,22753000,23093000,22908023
2022-07-05,243.4700,243.4700,,,22908022.999829190,5577416359.7684128893000,22753000,23093000,22753000,23093000,22908023,22753000,23093000,22753000,23093000,22908023
2022-07-06,221.8700,221.8700,,,22908022.999710903,5082603062.9458580486100,22753000,23093000,22753000,23093000,22908023,22753000,23093000,22753000,23093000,22908023
2022-07-07,230.6300,230.6300,,,22908023.000198650,5283277344.5358146495000,22753000,23093000,22753000,23093000,22908023,22753000,23093000,22753000,23093000,22908023
2022-07-08,229.1600,229.1600,,,22908023.000091832,5249602550.7010442211200,22753000,23093000,22753000,23093000,22908023,22753000,23093000,22753000,23093000,22908023
2022-07-11,225.8200,225.8200,,,22908023.001390766,5173089754.1740627781200,22753000,23093000,22753000,23093000,22908023,22753000,23093000,22753000,23093000,22908023
2022-07-12,222.1800,222.1800,,,22908023.002070703,5089704550.6000687925400,22753000,23093000,22753000,23093000,22908023,22753000,23093000,22753000,23093000,22908023
2022-07-13,224.4100,224.4100,,,22908022.999635655,5140789441.3482373385500,22753000,23093000,22753000,23093000,22908023,22753000,23093000,22753000,23093000,22908023
2022-07-14,221.9400,221.9400,,,22908023.001532592,5084206624.9601434684800,22753000,23093000,22753000,23093000,22908023,22753000,23093000,22753000,23093000,22908023
2022-07-15,227.2600,227.2600,,,22908023.001869340,5206077307.4048262084000,22753000,23093000,22753000,23093000,22908023,22753000,23093000,22753000,23093000,22908023
2022-07-18,219.5100,219.5100,,,22908023.001117900,5028540128.9753902290000,22753000,23093000,22753000,23093000,22908023,22753000,23093000,22753000,23093000,22908023
2022-07-19,227.1100,227.1100,,,22908023.000206610,5202641103.5769231971000,22753000,23093000,22753000,23093000,22908023,22753000,23093000,22753000,23093000,22908023
2022-07-20,225.5900,225.5900,,,22908022.998951510,5167820908.3334711409000,22753000,23093000,22753000,23093000,22908023,22753000,23093000,22753000,23093000,22908023
2022-07-21,229.4400,229.4400,,,22908022.998362590,5256016796.7443126496000,22753000,23093000,22753000,23093000,22908023,22753000,23093000,22753000,23093000,22908023
2022-07-22,225.7700,225.7700,,,22908023.000245300,5171944352.7653813810000,22753000,23093000,22753000,23093000,22908023,22753000,23093000,22753000,23093000,22908023
2022-07-25,227.6100,227.6100,,,22908022.998350307,5214095114.6545133762700,22753000,23093000,22753000,23093000,22908023,22753000,23093000,22753000,23093000,22908023
2022-07-26,233.2100,233.2100,,,22908022.998759087,5342380043.5406066792700,22753000,23093000,22753000,23093000,22908023,22753000,23093000,22753000,23093000,22908023
2022-07-27,235.8500,235.8500,,,22908023.000047818,5402857224.5612778753000,22753000,23093000,22753000,23093000,22908023,22753000,23093000,22753000,23093000,22908023
2022-07-28,236.1800,236.1800,,,22903808.000143250,5409421373.4738327850000,22781000,23103000,22781000,23103000,22903808,22781000,23103000,22781000,23103000,22903808
2022-07-29,243.2100,243.2100,,,22903808.000417333,5570435143.7814995589300,22781000,23103000,22781000,23103000,22903808,22781000,23103000,22781000,23103000,22903808
2022-08-01,243.4900,243.4900,,,22903808.000397000,5576848210.0166655300000,22781000,23103000,22781000,23103000,22903808,22781000,23103000,22781000,23103000,22903808
2022-08-02,241.3100,241.3100,,,22903808.001735880,5526917908.8988852028000,22781000,23103000,22781000,23103000,22903808,22781000,23103000,22781000,23103000,22903808
2022-08-03,240.5000,240.5000,,,22903807.998204682,5508365823.5682260210000,22781000,23103000,22781000,23103000,22903808,22781000,23103000,22781000,23103000,22903808
2022-08-04,245.7100,245.7100,,,22903807.998354220,5627694663.2756153962000,22781000,23103000,22781000,23103000,22903808,22781000,23103000,22781000,23103000,22903808
2022-08-05,254.1800,254.1800,,,22903808.000893716,5821689917.6671647328800,22781000,23103000,22781000,23103000,22903808,22781000,23103000,22781000,23103000,22903808
2022-08-08,261.2700,261.2700,,,22903808.001294944,5984077916.4983300188800,22781000,23103000,22781000,23103000,22903808,22781000,23103000,22781000,23103000,22903808
2022-08-09,264.3100,264.3100,,,22903807.998488322,6053705492.0804483878200,22781000,23103000,22781000,23103000,22903808,22781000,23103000,22781000,23103000,22903808
2022-08-10,271.8000,271.8000,,,22903808.000652026,6225255014.5772206668000,22781000,23103000,22781000,23103000,22903808,22781000,23103000,22781000,23103000,22903808
2022-08-11,276.1100,276.1100,,,22903807.999247286,6323970426.6721681374600,22781000,23103000,22781000,23103000,22903808,22781000,23103000,22781000,23103000,22903808
2022-08-12,277.7000,277.7000,,,22903807.999860760,6360387481.5613330520000,22781000,23103000,22781000,23103000,22903808,22781000,23103000,22781000,23103000,22903808
2022-08-15,280.6800,280.6800,,,22903808.000665836,6428640829.6268868484800,22781000,23103000,22781000,23103000,22903808,22781000,23103000,22781000,23103000,22903808
2022-08-16,284.4500,284.4500,,,22903807.998770934,6514988185.2503921763000,22781000,23103000,22781000,23103000,22903808,22781000,23103000,22781000,23103000,22903808
2022-08-17,283.0000,283.0000,,,22903807.998411678,6481777663.5505048740000,22781000,23103000,22781000,23103000,22903808,22781000,23103000,22781000,23103000,22903808
2022-08-18,278.2400,278.2400,,,22903807.999027226,6372755537.6493353622400,22781000,23103000,22781000,23103000,22903808,22781000,23103000,22781000,23103000,22903808
2022-08-19,277.2500,277.2500,,,22903807.999116730,6350080767.7551133925000,22781000,23103000,22781000,23103000,22903808,22781000,23103000,22781000,23103000,22903808
2022-08-22,269.5400,269.5400,,,22903808.000866696,6173492408.5536092398400,22781000,23103000,22781000,23103000,22903808,22781000,23103000,22781000,23103000,22903808
2022-08-23,265.7100,265.7100,,,22903808.001291495,6085770824.0231631364500,22781000,23103000,22781000,23103000,22903808,22781000,23103000,22781000,23103000,22903808
2022-08-24,265.4500,265.4500,,,22903807.998355220,6079815833.1633931490000,22781000,23103000,22781000,23103000,22903808,22781000,23103000,22781000,23103000,22903808
2022-08-25,269.2500,269.2500,,,22903807.999760650,6166850303.9355550125000,22781000,23103000,22781000,23103000,22903808,22781000,23103000,22781000,23103000,22903808
2022-08-26,262.0700,262.0700,,,22903808.000823380,6002400962.7757831966000,22781000,23103000,22781000,23103000,22903808,22781000,23103000,22781000,23103000,22903808
2022-08-29,261.8300,261.8300,,,22903808.000159904,5996904048.6818676643200,22781000,23103000,22781000,23103000,22903808,22781000,23103000,22781000,23103000,22903808
2022-08-30,261.8500,261.8500,,,22903807.998628600,5997362124.4408989100000,22781000,23103000,22781000,23103000,22903808,22781000,23103000,22781000,23103000,22903808
2022-08-31,253.5800,253.5800,,,22903807.999917448,5807947632.6190664638400,22781000,23103000,22781000,23103000,22903808,22781000,23103000,22781000,23103000,22903808
2022-09-01,255.6900,255.6900,,,22903807.998060238,5856274667.0240222542200,22781000,23103000,22781000,23103000,22903808,22781000,23103000,22781000,23103000,22903808
2022-09-02,254.5900,254.5900,,,22903807.998621117,5831080478.3689501770300,22781000,23103000,22781000,23103000,22903808,22781000,23103000,22781000,23103000,22903808
2022-09-06,253.1700,253.1700,,,22903808.001424782,5798557071.7207120589400,22781000,23103000,22781000,23103000,22903808,22781000,23103000,22781000,23103000,22903808
2022-09-07,258.2000,258.2000,,,22903807.998970940,5913763225.3342967080000,22781000,23103000,22781000,23103000,22903808,22781000,23103000,22781000,23103000,22903808
2022-09-08,253.6100,253.6100,,,22903807.998018928,5808634746.3775803300800,22781000,23103000,22781000,23103000,22903808,22781000,23103000,22781000,23103000,22903808
2022-09-09,245.8800,245.8800,,,22903808.001899270,5631588311.5069925076000,22781000,23103000,22781000,23103000,22903808,22781000,23103000,22781000,23103000,22903808
2022-09-12,248.1400,248.1400,,,22903807.998377610,5683350916.7174201454000,22781000,23103000,22781000,23103000,22903808,22781000,23103000,22781000,23103000,22903808
2022-09-13,242.7300,242.7300,,,22903808.000510834,5559441315.9639947368200,22781000,23103000,22781000,23103000,22903808,22781000,23103000,22781000,23103000,22903808
2022-09-14,248.0100,248.0100,,,22903807.998350788,5680373421.6709789318800,22781000,23103000,22781000,23103000,22903808,22781000,23103000,22781000,23103000,22903808
2022-09-15,243.5600,243.5600,,,22903807.998618178,5578451476.1434434336800,22781000,23103000,22781000,23103000,22903808,22781000,23103000,22781000,23103000,22903808
2022-09-16,246.3700,246.3700,,,22903807.998895384,5642811176.6878557560800,22781000,23103000,22781000,23103000,22903808,22781000,23103000,22781000,23103000,22903808
2022-09-19,251.2400,251.2400,,,22903807.998314306,5754352721.4964862394400,22781000,23103000,22781000,23103000,22903808,22781000,23103000,22781000,23103000,22903808
2022-09-20,254.3000,254.3000,,,22903807.998955160,5824438374.1342971880000,22781000,23103000,22781000,23103000,22903808,22781000,23103000,22781000,23103000,22903808
2022-09-21,254.5400,254.5400,,,22903807.998133715,5829935287.8449558161000,22781000,23103000,22781000,23103000,22903808,22781000,23103000,22781000,23103000,22903808
2022-09-22,251.8700,251.8700,,,22903807.999085736,5768782120.7297243263200,22781000,23103000,22781000,23103000,22903808,22781000,23103000,22781000,23103000,22903808
2022-09-23,245.7500,245.7500,,,22903808.001874063,5628610816.4605509822500,22781000,23103000,22781000,23103000,22903808,22781000,23103000,22781000,23103000,22903808
2022-09-26,248.4300,248.4300,,,22903807.998035960,5689993020.9520735428000,22781000,23103000,22781000,23103000,22903808,22781000,23103000,22781000,23103000,22903808
2022-09-27,245.3800,245.3800,,,22903808.001141883,5620136407.3201952505400,22781000,23103000,22781000,23103000,22903808,22781000,23103000,22781000,23103000,22903808
2022-09-28,256.1800,256.1800,,,22903808.001540042,5867497533.8345279595600,22781000,23103000,22781000,23103000,22903808,22781000,23103000,22781000,23103000,22903808
2022-09-29,258.7200,258.7200,,,22903808.000553950,5925673205.9033179440000,22781000,23103000,22781000,23103000,22903808,22781000,23103000,22781000,23103000,22903808
2022-09-30,255.4200,255.4200,,,22903808.000762857,5850090639.5548489349400,22781000,23103000,22781000,23103000,22903808,22781000,23103000,22781000,23103000,22903808
2022-10-03,261.1000,261.1000,,,22903808.001406178,5980184269.1671530758000,22781000,23103000,22781000,23103000,22903808,22781000,23103000,22781000,23103000,22903808
2022-10-04,269.8500,269.8500,,,22903807.998555876,6180592588.4103031386000,22781000,23103000,22781000,23103000,22903808,22781000,23103000,22781000,23103000,22903808
2022-10-05,271.6100,271.6100,,,22903807.998381440,6220903290.4403829184000,22781000,23103000,22781000,23103000,22903808,22781000,23103000,22781000,23103000,22903808
2022-10-06,268.1800,268.1800,,,22903808.000852660,6142343229.6686663588000,22781000,23103000,22781000,23103000,22903808,22781000,23103000,22781000,23103000,22903808
2022-10-07,262.2800,262.2800,,,22903808.001860328,6007210762.7279268278400,22781000,23103000,22781000,23103000,22903808,22781000,23103000,22781000,23103000,22903808
2022-10-10,271.9500,271.9500,,,22903808.000817150,6228690585.8222239425000,22781000,23103000,22781000,23103000,22903808,22781000,23103000,22781000,23103000,22903808
2022-10-11,274.5600,274.5600,,,22903807.999759533,6288469524.4139773804800,22781000,23103000,22781000,23103000,22903808,22781000,23103000,22781000,23103000,22903808
2022-10-12,270.0300,270.0300,,,22903807.999039880,6184715273.9807387964000,22781000,23103000,22781000,23103000,22903808,22781000,23103000,22781000,23103000,22903808
2022-10-13,282.6000,282.6000,,,22903807.999025606,6472616140.5246362556000,22781000,23103000,22781000,23103000,22903808,22781000,23103000,22781000,23103000,22903808
2022-10-14,275.7300,275.7300,,,22903808.000490580,6315266979.9752676234000,22781000,23103000,22781000,23103000,22903808,22781000,23103000,22781000,23103000,22903808
2022-10-17,278.1200,278.1200,,,22903808.001001675,6370007081.2385858510000,22781000,23103000,22781000,23103000,22903808,22781000,23103000,22781000,23103000,22903808
2022-10-18,282.5300,282.5300,,,22903807.999156453,6471012874.0016726660900,22781000,23103000,22781000,23103000,22903808,22781000,23103000,22781000,23103000,22903808
2022-10-19,281.1300,281.1300,,,22903807.998894494,6438947542.7292090982200,22781000,23103000,22781000,23103000,22903808,22781000,23103000,22781000,23103000,22903808
2022-10-20,269.7500,269.7500,,,22903808.000477575,6178302208.1288258562500,22781000,23103000,22781000,23103000,22903808,22781000,23103000,22781000,23103000,22903808
2022-10-21,276.7400,276.7400,,,22903807.999295913,6338399825.7251509636200,22781000,23103000,22781000,23103000,22903808,22781000,23103000,22781000,23103000,22903808
2022-10-24,275.0100,275.0100,,,22903808.001381896,6298776238.4600352189600,22781000,23103000,22781000,23103000,22903808,22781000,23103000,22781000,23103000,22903808
2022-10-25,268.2000,268.2000,,,22903807.999357550,6142801305.4276949100000,22781000,23103000,22781000,23103000,22903808,22781000,23103000,22781000,23103000,22903808
2022-10-26,271.4000,271.4000,,,22903808.001085807,6216093491.4946880198000,22781000,23103000,22781000,23103000,22903808,22781000,23103000,22781000,23103000,22903808
2022-10-27,272.0100,272.0100,,,22925235.000943510,6235893172.6066441551000,22813000,23114000,22813000,23114000,22925235,22813000,23114000,22813000,23114000,22925235
2022-10-28,313.4000,313.4000,,,22925234.999765570,7184768648.9265296380000,22813000,23114000,22813000,23114000,22925235,22813000,23114000,22813000,23114000,22925235
2022-10-31,315.1700,315.1700,,,22925235.000423120,7225346315.0833547304000,22813000,23114000,22813000,23114000,22925235,22813000,23114000,22813000,23114000,22925235
2022-11-01,323.0300,323.0300,,,22925234.999615215,7405538661.9257029014500,22813000,23114000,22813000,23114000,22925235,22813000,23114000,22813000,23114000,22925235
2022-11-02,308.2400,308.2400,,,22925235.000811387,7066474436.6501019288800,22813000,23114000,22813000,23114000,22925235,22813000,23114000,22813000,23114000,22925235
2022-11-03,319.2000,319.2000,,,22925234.998956345,7317735011.6668653240000,22813000,23114000,22813000,23114000,22925235,22813000,23114000,22813000,23114000,22925235
2022-11-04,324.3900,324.3900,,,22925234.999444637,7436716981.4698457964300,22813000,23114000,22813000,23114000,22925235,22813000,23114000,22813000,23114000,22925235
2022-11-07,330.2200,330.2200,,,22925234.998658963,7570371101.2571627618600,22813000,23114000,22813000,23114000,22925235,22813000,23114000,22813000,23114000,22925235
2022-11-08,330.8500,330.8500,,,22925235.001368903,7584814000.2029015575500,22813000,23114000,22813000,23114000,22925235,22813000,23114000,22813000,23114000,22925235
2022-11-09,318.3000,318.3000,,,22925234.999386583,7297102300.3047493689000,22813000,23114000,22813000,23114000,22925235,22813000,23114000,22813000,23114000,22925235
2022-11-10,317.8300,317.8300,,,22925234.998578183,7286327439.5981039028900,22813000,23114000,22813000,23114000,22925235,22813000,23114000,22813000,23114000,22925235
2022-11-11,283.2100,283.2100,,,22925234.998594504,6492655803.9519494778400,22813000,23114000,22813000,23114000,22925235,22813000,23114000,22813000,23114000,22925235
2022-11-14,290.6700,290.6700,,,22925234.999091090,6663678057.1858071303000,22813000,23114000,22813000,23114000,22925235,22813000,23114000,22813000,23114000,22925235
2022-11-15,286.1000,286.1000,,,22925234.999386140,6558909733.3243746540000,22813000,23114000,22813000,23114000,22925235,22813000,23114000,22813000,23114000,22925235
2022-11-16,296.4700,296.4700,,,22925235.001627795,6796644420.9325923836500,22813000,23114000,22813000,23114000,22925235,22813000,23114000,22813000,23114000,22925235
2022-11-17,300.3500,300.3500,,,22925235.000103876,6885594332.2811991566000,22813000,23114000,22813000,23114000,22925235,22813000,23114000,22813000,23114000,22925235
2022-11-18,308.0100,308.0100,,,22925234.999900340,7061201632.3193037234000,22813000,23114000,22813000,23114000,22925235,22813000,23114000,22813000,23114000,22925235
2022-11-21,308.3000,308.3000,,,22925235.000791643,7067849950.7440635369000,22813000,23114000,22813000,23114000,22925235,22813000,23114000,22813000,23114000,22925235
2022-11-22,310.2100,310.2100,,,22925234.999295965,7111637149.1316013026500,22813000,23114000,22813000,23114000,22925235,22813000,23114000,22813000,23114000,22925235
2022-11-23,304.4100,304.4100,,,22925235.000135556,6978670786.3912646019600,22813000,23114000,22813000,23114000,22925235,22813000,23114000,22813000,23114000,22925235
2022-11-25,311.1300,311.1300,,,22925234.999825320,7132728365.4956518116000,22813000,23114000,22813000,23114000,22925235,22813000,23114000,22813000,23114000,22925235
2022-11-28,307.1200,307.1200,,,22925235.000917576,7040798173.4818059411200,22813000,23114000,22813000,23114000,22925235,22813000,23114000,22813000,23114000,22925235
2022-11-29,301.7100,301.7100,,,22925235.000435140,6916772651.9812860894000,22813000,23114000,22813000,23114000,22925235,22813000,23114000,22813000,23114000,22925235
2022-11-30,308.2100,308.2100,,,22925234.999332490,7065786679.1442667429000,22813000,23114000,22813000,23114000,22925235,22813000,23114000,22813000,23114000,22925235
2022-12-01,301.8600,301.8600,,,22925234.998640240,6920211436.6895428464000,22813000,23114000,22813000,23114000,22925235,22813000,23114000,22813000,23114000,22925235
2022-12-02,302.3300,302.3300,,,22925235.001076467,6930986297.8754482681100,22813000,23114000,22813000,23114000,22925235,22813000,23114000,22813000,23114000,22925235
2022-12-05,289.2400,289.2400,,,22925235.000172168,6630894971.4497978723200,22813000,23114000,22813000,23114000,22925235,22813000,23114000,22813000,23114000,22925235
2022-12-06,290.5700,290.5700,,,22925234.999501437,6661385533.8051325490900,22813000,23114000,22813000,23114000,22925235,22813000,23114000,22813000,23114000,22925235
2022-12-07,289.7300,289.7300,,,22925235.000281252,6642128336.6314871419600,22813000,23114000,22813000,23114000,22925235,22813000,23114000,22813000,23114000,22925235
2022-12-08,291.9100,291.9100,,,22925235.001238960,6692105349.2116648136000,22813000,23114000,22813000,23114000,22925235,22813000,23114000,22813000,23114000,22925235
2022-12-09,284.4700,284.4700,,,22925235.000984907,6521541600.7301764942900,22813000,23114000,22813000,23114000,22925235,22813000,23114000,22813000,23114000,22925235
2022-12-12,284.1700,284.1700,,,22925235.001258545,6514664030.3076407326500,22813000,23114000,22813000,23114000,22925235,22813000,23114000,22813000,23114000,22925235
2022-12-13,279.8700,279.8700,,,22925235.001135897,6416085519.7679034933900,22813000,23114000,22813000,23114000,22925235,22813000,23114000,22813000,23114000,22925235
2022-12-14,273.6400,273.6400,,,22925235.000369480,6273261305.5011045072000,22813000,23114000,22813000,23114000,22925235,22813000,23114000,22813000,23114000,22925235
2022-12-15,270.3100,270.3100,,,22925234.999815773,6196920272.8002015996300,22813000,23114000,22813000,23114000,22925235,22813000,23114000,22813000,23114000,22925235
2022-12-16,276.4600,276.4600,,,22925234.999534216,6337910467.9712293553600,22813000,23114000,22813000,23114000,22925235,22813000,23114000,22813000,23114000,22925235
2022-12-19,261.5500,261.5500,,,22925235.000909670,5996095214.4879241885000,22813000,23114000,22813000,23114000,22925235,22813000,23114000,22813000,23114000,22925235
2022-12-20,273.0600,273.0600,,,22925235.000287370,6259964669.1784692522000,22813000,23114000,22813000,23114000,22925235,22813000,23114000,22813000,23114000,22925235
2022-12-21,280.7800,280.7800,,,22925234.999050517,6436947483.0334041632600,22813000,23114000,22813000,23114000,22925235,22813000,23114000,22813000,23114000,22925235
2022-12-22,276.4500,276.4500,,,22925234.998902820,6337681215.4466845890000,22813000,23114000,22813000,23114000,22925235,22813000,23114000,22813000,23114000,22925235
2022-12-23,273.8000,273.8000,,,22925235.000778950,6276929343.2132765100000,22813000,23114000,22813000,23114000,22925235,22813000,23114000,22813000,23114000,22925235
2022-12-27,272.5700,272.5700,,,22925235.000171624,6248731303.9967795536800,22813000,23114000,22813000,23114000,22925235,22813000,23114000,22813000,23114000,22925235
2022-12-28,261.4500,261.4500,,,22925234.998443540,5993802690.3430635330000,22813000,23114000,22813000,23114000,22925235,22813000,23114000,22813000,23114000,22925235
2022-12-29,264.3800,264.3800,,,22925234.998698620,6060973628.9559411556000,22813000,23114000,22813000,23114000,22925235,22813000,23114000,22813000,23114000,22925235
2022-12-30,261.5200,261.5200,,,22925235.000921316,5995407457.4409425603200,22813000,23114000,22813000,23114000,22925235,22813000,23114000,22813000,23114000,22925235
2023-01-03,260.2900,260.2900,,,22925235.000286010,5967209418.2244455429000,22813000,23114000,22813000,23114000,22925235,22813000,23114000,22813000,23114000,22925235
2023-01-04,257.6800,257.6800,,,22925235.000915527,5907374555.0359129973600,22813000,23114000,22813000,23114000,22925235,22813000,23114000,22813000,23114000,22925235
2023-01-05,256.9000,256.9000,,,22925235.001775913,5889492871.9562320497000,22813000,23114000,22813000,23114000,22925235,22813000,23114000,22813000,23114000,22925235
2023-01-06,271.9000,271.9000,,,22925234.998359058,6233371396.0538278702000,22813000,23114000,22813000,23114000,22925235,22813000,23114000,22813000,23114000,22925235
2023-01-09,272.8900,272.8900,,,22925234.999236885,6256067378.9417535476500,22813000,23114000,22813000,23114000,22925235,22813000,23114000,22813000,23114000,22925235
2023-01-10,281.1300,281.1300,,,22925235.001712307,6444971316.0313808669100,22813000,23114000,22813000,23114000,22925235,22813000,23114000,22813000,23114000,22925235
2023-01-11,283.9700,283.9700,,,22925235.000260390,6510078983.0239429483000,22813000,23114000,22813000,23114000,22925235,22813000,23114000,22813000,23114000,22925235
2023-01-12,289.0200,289.0200,,,22925234.999805074,6625851419.6436624874800,22813000,23114000,22813000,23114000,22925235,22813000,23114000,22813000,23114000,22925235
2023-01-13,291.0000,291.0000,,,22925235.001441624,6671243385.4195125840000,22813000,23114000,22813000,23114000,22925235,22813000,23114000,22813000,23114000,22925235
2023-01-17,286.1100,286.1100,,,22925235.000638190,6559138986.0325925409000,22813000,23114000,22813000,23114000,22925235,22813000,23114000,22813000,23114000,22925235
2023-01-18,279.9400,279.9400,,,22925234.999856252,6417690285.8597591848800,22813000,23114000,22813000,23114000,22925235,22813000,23114000,22813000,23114000,22925235
2023-01-19,276.4100,276.4100,,,22925235.000187438,6336764206.4018097375800,22813000,23114000,22813000,23114000,22925235,22813000,23114000,22813000,23114000,22925235
2023-01-20,264.4700,264.4700,,,22925234.998664826,6063036900.0968865322200,22813000,23114000,22813000,23114000,22925235,22813000,23114000,22813000,23114000,22925235
2023-01-23,267.1100,267.1100,,,22925234.999856878,6123559520.8117706825800,22813000,23114000,22813000,23114000,22925235,22813000,23114000,22813000,23114000,22925235
2023-01-24,274.8700,274.8700,,,22925235.000973560,6301459344.7176024372000,22813000,23114000,22813000,23114000,22925235,22813000,23114000,22813000,23114000,22925235
2023-01-25,270.5400,270.5400,,,22925235.000853410,6202193077.1308815414000,22813000,23114000,22813000,23114000,22925235,22813000,23114000,22813000,23114000,22925235
2023-01-26,272.2700,272.2700,,,22925235.000456326,6241853733.5742438800200,22813000,23114000,22813000,23114000,22925235,22813000,23114000,22813000,23114000,22925235
2023-01-27,273.0800,273.0800,,,22925234.999637127,6260423173.7009066411600,22813000,23114000,22813000,23114000,22925235,22813000,23114000,22813000,23114000,22925235
2023-01-30,273.0200,273.0200,,,22925235.001588147,6259047660.1335958939400,22813000,23114000,22813000,23114000,22925235,22813000,23114000,22813000,23114000,22925235
2023-01-31,278.4400,278.4400,,,22925235.001246510,6383302433.7470782444000,22813000,23114000,22813000,23114000,22925235,22813000,23114000,22813000,23114000,22925235
2023-02-01,282.4100,282.4100,,,22925234.999957252,6474315616.3379275373200,22813000,23114000,22813000,23114000,22925235,22813000,23114000,22813000,23114000,22925235
2023-02-02,283.0000,283.0000,,,22925234.998793130,6487841504.6584557900000,22813000,23114000,22813000,23114000,22925235,22813000,23114000,22813000,23114000,22925235
2023-02-03,290.5000,290.5000,,,22925235.000734170,6659780767.7132763850000,22813000,23114000,22813000,23114000,22925235,22813000,23114000,22813000,23114000,22925235
2023-02-06,297.0000,297.0000,,,22925235.001197405,6808794795.3556292850000,22813000,23114000,22813000,23114000,22925235,22813000,23114000,22813000,23114000,22925235
2023-02-07,302.8700,302.8700,,,22925235.000582950,6943365924.6265580665000,22813000,23114000,22813000,23114000,22925235,22813000,23114000,22813000,23114000,22925235
2023-02-08,299.0000,299.0000,,,22925235.000583760,6854645265.1745442400000,22813000,23114000,22813000,23114000,22925235,22813000,23114000,22813000,23114000,22925235
2023-02-09,294.3900,294.3900,,,22925235.000128150,6748959931.6877260785000,22813000,23114000,22813000,23114000,22925235,22813000,23114000,22813000,23114000,22925235
2023-02-10,290.2900,290.2900,,,22925235.000970360,6654966468.4316858044000,22813000,23114000,22813000,23114000,22925235,22813000,23114000,22813000,23114000,22925235
2023-02-13,297.8300,297.8300,,,22925235.001616300,6827822740.5313826290000,22813000,23114000,22813000,23114000,22925235,22813000,23114000,22813000,23114000,22925235
2023-02-14,290.5000,290.5000,,,22925235.000734170,6659780767.7132763850000,22813000,23114000,22813000,23114000,22925235,22813000,23114000,22813000,23114000,22925235
2023-02-15,299.6300,299.6300,,,22925235.000055400,6869088163.0665995020000,22813000,23114000,22813000,23114000,22925235,22813000,23114000,22813000,23114000,22925235
2023-02-16,292.0100,292.0100,,,22925235.000001720,6694397872.3505022572000,22813000,23114000,22813000,23114000,22925235,22813000,23114000,22813000,23114000,22925235
2023-02-17,334.3100,334.3100,,,22925235.000007525,7664135312.8525156827500,22813000,23114000,22813000,23114000,22925235,22813000,23114000,22813000,23114000,22925235
2023-02-21,320.1300,320.1300,,,22925234.999531760,7339055480.4001023288000,22813000,23114000,22813000,23114000,22925235,22813000,23114000,22813000,23114000,22925235
2023-02-22,322.4000,322.4000,,,22925234.998742470,7391095763.5945723280000,22813000,23114000,22813000,23114000,22925235,22813000,23114000,22813000,23114000,22925235
2023-02-23,321.4400,321.4400,,,22925235.001118883,7369087538.7596537515200,22813000,23114000,22813000,23114000,22925235,22813000,23114000,22813000,23114000,22925235
2023-02-24,316.5400,316.5400,,,23096965.998813264,7311113617.2643505865600,22815000,23125000,22815000,23125000,23096966,22815000,23125000,22815000,23125000,23096966
2023-02-27,317.0400,317.0400,,,23096966.001472335,7322662101.1067890884000,22815000,23125000,22815000,23125000,23096966,22815000,23125000,22815000,23125000,23096966
2023-02-28,318.7000,318.7000,,,23096965.999972865,7361003064.1913520755000,22815000,23125000,22815000,23125000,23096966,22815000,23125000,22815000,23125000,23096966
2023-03-01,317.4000,317.4000,,,23096965.998847418,7330977008.0341704732000,22815000,23125000,22815000,23125000,23096966,22815000,23125000,22815000,23125000,23096966
2023-03-02,316.7500,316.7500,,,23096966.001455903,7315963980.9611572752500,22815000,23125000,22815000,23125000,23096966,22815000,23125000,22815000,23125000,23096966
2023-03-03,316.8200,316.8200,,,23096965.998809760,7317580767.7429081632000,22815000,23125000,22815000,23125000,23096966,22815000,23125000,22815000,23125000,23096966
2023-03-06,320.1000,320.1000,,,23096965.999768160,7393338816.5257880160000,22815000,23125000,22815000,23125000,23096966,22815000,23125000,22815000,23125000,23096966
2023-03-07,312.4600,312.4600,,,23096965.999381450,7216877996.1667278670000,22815000,23125000,22815000,23125000,23096966,22815000,23125000,22815000,23125000,23096966
2023-03-08,313.2900,313.2900,,,23096966.000229176,7236048478.2117985490400,22815000,23125000,22815000,23125000,23096966,22815000,23125000,22815000,23125000,23096966
2023-03-09,307.6900,307.6900,,,23096966.000094123,7106705468.5689607058700,22815000,23125000,22815000,23125000,23096966,22815000,23125000,22815000,23125000,23096966
2023-03-10,294.1900,294.1900,,,23096966.000941350,6794896427.8169357565000,22815000,23125000,22815000,23125000,23096966,22815000,23125000,22815000,23125000,23096966
2023-03-13,288.0300,288.0300,,,23096966.001029212,6652619117.2764439323600,22815000,23125000,22815000,23125000,23096966,22815000,23125000,22815000,23125000,23096966
2023-03-14,295.2600,295.2600,,,23096966.001537353,6819610181.6139188467800,22815000,23125000,22815000,23125000,23096966,22815000,23125000,22815000,23125000,23096966
2023-03-15,288.1200,288.1200,,,23096965.999433897,6654697843.7568944036400,22815000,23125000,22815000,23125000,23096966,22815000,23125000,22815000,23125000,23096966
2023-03-16,298.9100,298.9100,,,23096966.000890154,6903914107.3260759321400,22815000,23125000,22815000,23125000,23096966,22815000,23125000,22815000,23125000,23096966
2023-03-17,281.9100,281.9100,,,23096966.001322650,6511265685.4328682615000,22815000,23125000,22815000,23125000,23096966,22815000,23125000,22815000,23125000,23096966
2023-03-20,290.4100,290.4100,,,23096966.000574797,6707589896.2269267967700,22815000,23125000,22815000,23125000,23096966,22815000,23125000,22815000,23125000,23096966
2023-03-21,295.9500,295.9500,,,23096966.001298640,6835547088.0843325080000,22815000,23125000,22815000,23125000,23096966,22815000,23125000,22815000,23125000,23096966
2023-03-22,287.2900,287.2900,,,23096965.999571573,6635527362.0169172071700,22815000,23125000,22815000,23125000,23096966,22815000,23125000,22815000,23125000,23096966
2023-03-23,285.3200,285.3200,,,23096965.999887925,6590026339.0880227610000,22815000,23125000,22815000,23125000,23096966,22815000,23125000,22815000,23125000,23096966
2023-03-24,288.2000,288.2000,,,23096966.001200974,6656545601.5461207068000,22815000,23125000,22815000,23125000,23096966,22815000,23125000,22815000,23125000,23096966
2023-03-27,293.5000,293.5000,,,23096966.001180656,6778959521.3465225360000,22815000,23125000,22815000,23125000,23096966,22815000,23125000,22815000,23125000,23096966
2023-03-28,296.9600,296.9600,,,23096965.999091810,6858875023.0903038976000,22815000,23125000,22815000,23125000,23096966,22815000,23125000,22815000,23125000,23096966
2023-03-29,300.7600,300.7600,,,23096965.999713797,6946643494.0739215857200,22815000,23125000,22815000,23125000,23096966,22815000,23125000,22815000,23125000,23096966
2023-03-30,296.2800,296.2800,,,23096966.000478555,6843169086.6217862754000,22815000,23125000,22815000,23125000,23096966,22815000,23125000,22815000,23125000,23096966
2023-03-31,300.1500,300.1500,,,23096966.001641624,6932554345.3927334436000,22815000,23125000,22815000,23125000,23096966,22815000,23125000,22815000,23125000,23096966
2023-04-03,301.6100,301.6100,,,23096965.998515020,6966275914.8121151822000,22815000,23125000,22815000,23125000,23096966,22815000,23125000,22815000,23125000,23096966
2023-04-04,296.5800,296.5800,,,23096966.000621155,6850098176.4642221499000,22815000,23125000,22815000,23125000,23096966,22815000,23125000,22815000,23125000,23096966
2023-04-05,300.3700,300.3700,,,23096966.001102094,6937635677.7510359747800,22815000,23125000,22815000,23125000,23096966,22815000,23125000,22815000,23125000,23096966
2023-04-06,305.9600,305.9600,,,23096966.001101676,7066747717.6970687889600,22815000,23125000,22815000,23125000,23096966,22815000,23125000,22815000,23125000,23096966
2023-04-10,309.8700,309.8700,,,23096966.001419436,7157056854.8598406333200,22815000,23125000,22815000,23125000,23096966,22815000,23125000,22815000,23125000,23096966
2023-04-11,313.5300,313.5300,,,23096966.000921130,7241591750.2688018889000,22815000,23125000,22815000,23125000,23096966,22815000,23125000,22815000,23125000,23096966
2023-04-12,317.6400,317.6400,,,23096965.999531467,7336520280.0911751778800,22815000,23125000,22815000,23125000,23096966,22815000,23125000,22815000,23125000,23096966
2023-04-13,317.3800,317.3800,,,23096966.000822510,7330515069.3410482238000,22815000,23125000,22815000,23125000,23096966,22815000,23125000,22815000,23125000,23096966
2023-04-14,311.3800,311.3800,,,23096966.000942346,7191933273.3734276974800,22815000,23125000,22815000,23125000,23096966,22815000,23125000,22815000,23125000,23096966
2023-04-17,317.5400,317.5400,,,23096965.999901830,7334210583.6088270982000,22815000,23125000,22815000,23125000,23096966,22815000,23125000,22815000,23125000,23096966
2023-04-18,320.7900,320.7900,,,23096965.999551740,7409275722.9962026746000,22815000,23125000,22815000,23125000,23096966,22815000,23125000,22815000,23125000,23096966
2023-04-19,316.5600,316.5600,,,23096966.001067333,7311575557.2978749344800,22815000,23125000,22815000,23125000,23096966,22815000,23125000,22815000,23125000,23096966
2023-04-20,327.3200,327.3200,,,23096966.000141934,7560098911.1664578368800,22815000,23125000,22815000,23125000,23096966,22815000,23125000,22815000,23125000,23096966
2023-04-21,330.8000,330.8000,,,23096965.999422430,7640476352.6089398440000,22815000,23125000,22815000,23125000,23096966,22815000,23125000,22815000,23125000,23096966
2023-04-24,331.4800,331.4800,,,23096966.001215864,7656182290.0830345987200,22815000,23125000,22815000,23125000,23096966,22815000,23125000,22815000,23125000,23096966
2023-04-25,333.1500,333.1500,,,23096966.000808930,7694754223.1694950295000,22815000,23125000,22815000,23125000,23096966,22815000,23125000,22815000,23125000,23096966
2023-04-26,329.6800,329.6800,,,23096965.998599365,7614607750.4182386532000,22815000,23125000,22815000,23125000,23096966,22815000,23125000,22815000,23125000,23096966
2023-04-27,336.7400,336.7400,,,23154605.998709954,7797082024.0055899099600,23008000,23290000,23008000,23290000,23154606,23008000,23290000,23008000,23290000,23154606
2023-04-28,326.7100,326.7100,,,23154606.000596497,7564841326.4548815348700,23008000,23290000,23008000,23290000,23154606,23008000,23290000,23008000,23290000,23154606
2023-05-01,327.4200,327.4200,,,23154606.001098882,7581281096.8797959444400,23008000,23290000,23008000,23290000,23154606,23008000,23290000,23008000,23290000,23154606
2023-05-02,328.5500,328.5500,,,23154606.000413187,7607445801.4357525888500,23008000,23290000,23008000,23290000,23154606,23008000,23290000,23008000,23290000,23154606
2023-05-03,329.7900,329.7900,,,23154606.001452614,7636157513.2190575710600,23008000,23290000,23008000,23290000,23154606,23008000,23290000,23008000,23290000,23154606
2023-05-04,321.4600,321.4600,,,23154605.998933922,7443279644.4172985661200,23008000,23290000,23008000,23290000,23154606,23008000,23290000,23008000,23290000,23154606
2023-05-05,328.4300,328.4300,,,23154606.000279848,7604667248.6719104786400,23008000,23290000,23008000,23290000,23154606,23008000,23290000,23008000,23290000,23154606
2023-05-08,333.7300,333.7300,,,23154605.999119557,7727386660.0861697576100,23008000,23290000,23008000,23290000,23154606,23008000,23290000,23008000,23290000,23154606
2023-05-09,331.9000,331.9000,,,23154605.999111068,7685013731.1049634692000,23008000,23290000,23008000,23290000,23154606,23008000,23290000,23008000,23290000,23154606
2023-05-10,332.3700,332.3700,,,23154605.999583088,7695896396.0814309585600,23008000,23290000,23008000,23290000,23154606,23008000,23290000,23008000,23290000,23154606
2023-05-11,331.6800,331.6800,,,23154606.001514066,7679919718.5821854108800,23008000,23290000,23008000,23290000,23154606,23008000,23290000,23008000,23290000,23154606
2023-05-12,329.6900,329.6900,,,23154606.000954060,7633842052.4545440414000,23008000,23290000,23008000,23290000,23154606,23008000,23290000,23008000,23290000,23154606
2023-05-15,333.3800,333.3800,,,23154605.998780806,7719282547.8735451042800,23008000,23290000,23008000,23290000,23154606,23008000,23290000,23008000,23290000,23154606
2023-05-16,329.7800,329.7800,,,23154606.000231132,7635925966.7562227109600,23008000,23290000,23008000,23290000,23154606,23008000,23290000,23008000,23290000,23154606
2023-05-17,322.5900,322.5900,,,23154605.999678930,7469444349.4364260287000,23008000,23290000,23008000,23290000,23154606,23008000,23290000,23008000,23290000,23154606
2023-05-18,323.8100,323.8100,,,23154606.001357704,7497692969.2996381322400,23008000,23290000,23008000,23290000,23154606,23008000,23290000,23008000,23290000,23154606
2023-05-19,321.1700,321.1700,,,23154606.000092678,7436564809.0497653932600,23008000,23290000,23008000,23290000,23154606,23008000,23290000,23008000,23290000,23154606
2023-05-22,324.1900,324.1900,,,23154605.999472070,7506491718.9688503733000,23008000,23290000,23008000,23290000,23154606,23008000,23290000,23008000,23290000,23154606
2023-05-23,312.6700,312.6700,,,23154605.998798463,7239750657.6443154262100,23008000,23290000,23008000,23290000,23154606,23008000,23290000,23008000,23290000,23154606
2023-05-24,303.4300,303.4300,,,23154606.000792716,7025802098.8205338158800,23008000,23290000,23008000,23290000,23154606,23008000,23290000,23008000,23290000,23154606
2023-05-25,302.1000,302.1000,,,23154606.000448700,6995006472.7355522700000,23008000,23290000,23008000,23290000,23154606,23008000,23290000,23008000,23290000,23154606
2023-05-26,307.2100,307.2100,,,23154605.999425870,7113326509.0836215227000,23008000,23290000,23008000,23290000,23154606,23008000,23290000,23008000,23290000,23154606
2023-05-30,312.7800,312.7800,,,23154605.998712026,7242297664.2771474922800,23008000,23290000,23008000,23290000,23154606,23008000,23290000,23008000,23290000,23154606
2023-05-31,302.9800,302.9800,,,23154605.998539664,7015382525.4375473987200,23008000,23290000,23008000,23290000,23154606,23008000,23290000,23008000,23290000,23154606
2023-06-01,312.4800,312.4800,,,23154606.001576770,7235351283.3727090896000,23008000,23290000,23008000,23290000,23154606,23008000,23290000,23008000,23290000,23154606
2023-06-02,337.6500,337.6500,,,23154605.999879144,7818152715.8591929716000,23008000,23290000,23008000,23290000,23154606,23008000,23290000,23008000,23290000,23154606
2023-06-05,344.1400,344.1400,,,23154606.001396082,7968426109.3204476594800,23008000,23290000,23008000,23290000,23154606,23008000,23290000,23008000,23290000,23154606
2023-06-06,354.1300,354.1300,,,23154605.999952886,8199740622.7633155191800,23008000,23290000,23008000,23290000,23154606,23008000,23290000,23008000,23290000,23154606
2023-06-07,355.8200,355.8200,,,23154606.001285285,8238871907.3773301087000,23008000,23290000,23008000,23290000,23154606,23008000,23290000,23008000,23290000,23154606
2023-06-08,356.9400,356.9400,,,23154605.999969587,8264805065.6291443837800,23008000,23290000,23008000,23290000,23154606,23008000,23290000,23008000,23290000,23154606
2023-06-09,356.2400,356.2400,,,23154605.998892855,8248596841.0455906652000,23008000,23290000,23008000,23290000,23154606,23008000,23290000,23008000,23290000,23154606
2023-06-12,348.7700,348.7700,,,23154606.001151606,8075631935.0216456246200,23008000,23290000,23008000,23290000,23154606,23008000,23290000,23008000,23290000,23154606
2023-06-13,352.6400,352.6400,,,23154605.999765705,8165240259.7573782112000,23008000,23290000,23008000,23290000,23154606,23008000,23290000,23008000,23290000,23154606
2023-06-14,344.0800,344.0800,,,23154606.001332644,7967036832.9385361475200,23008000,23290000,23008000,23290000,23154606,23008000,23290000,23008000,23290000,23154606
2023-06-15,350.0900,350.0900,,,23154606.000975580,8106196014.8815408022000,23008000,23290000,23008000,23290000,23154606,23008000,23290000,23008000,23290000,23154606
2023-06-16,355.5500,355.5500,,,23154605.998944420,8232620162.9246885310000,23008000,23290000,23008000,23290000,23154606,23008000,23290000,23008000,23290000,23154606
2023-06-20,355.5000,355.5000,,,23154605.998712994,8231462432.5424693670000,23008000,23290000,23008000,23290000,23154606,23008000,23290000,23008000,23290000,23154606
2023-06-21,362.6000,362.6000,,,23154605.999118510,8395860135.2803717260000,23008000,23290000,23008000,23290000,23154606,23008000,23290000,23008000,23290000,23154606
2023-06-22,362.2800,362.2800,,,23154606.000644777,8388450661.9135898115600,23008000,23290000,23008000,23290000,23154606,23008000,23290000,23008000,23290000,23154606
2023-06-23,358.3100,358.3100,,,23154606.000031420,8296526875.8712581002000,23008000,23290000,23008000,23290000,23154606,23008000,23290000,23008000,23290000,23154606
2023-06-26,360.5800,360.5800,,,23154606.001004063,8349087831.8420450365400,23008000,23290000,23008000,23290000,23154606,23008000,23290000,23008000,23290000,23154606
2023-06-27,366.4700,366.4700,,,23154606.000549090,8485468461.0212250123000,23008000,23290000,23008000,23290000,23154606,23008000,23290000,23008000,23290000,23154606
2023-06-28,364.1400,364.1400,,,23154605.999529100,8431518228.6685264740000,23008000,23290000,23008000,23290000,23154606,23008000,23290000,23008000,23290000,23154606
2023-06-29,371.9700,371.9700,,,23154606.000454500,8612818793.9890603650000,23008000,23290000,23008000,23290000,23154606,23008000,23290000,23008000,23290000,23154606
2023-06-30,374.2000,374.2000,,,23154606.000796683,8664453565.4981187786000,23008000,23290000,23008000,23290000,23154606,23008000,23290000,23008000,23290000,23154606
2023-07-03,369.6700,369.6700,,,23154606.000212080,8559563200.0983996136000,23008000,23290000,23008000,23290000,23154606,23008000,23290000,23008000,23290000,23154606
2023-07-05,368.4600,368.4600,,,23154606.000658512,8531546127.0026353315200,23008000,23290000,23008000,23290000,23154606,23008000,23290000,23008000,23290000,23154606
2023-07-06,368.8800,368.8800,,,23154606.001073570,8541271061.6760185016000,23008000,23290000,23008000,23290000,23154606,23008000,23290000,23008000,23290000,23154606
2023-07-07,367.6600,367.6600,,,23154606.000428665,8513022442.1176029739000,23008000,23290000,23008000,23290000,23154606,23008000,23290000,23008000,23290000,23154606
2023-07-10,367.0200,367.0200,,,23154605.999444064,8498203493.9159603692800,23008000,23290000,23008000,23290000,23154606,23008000,23290000,23008000,23290000,23154606
2023-07-11,371.7400,371.7400,,,23154606.001302160,8607493234.9240649584000,23008000,23290000,23008000,23290000,23154606,23008000,23290000,23008000,23290000,23154606
2023-07-12,364.5100,364.5100,,,23154605.999724805,8440085432.9596886705500,23008000,23290000,23008000,23290000,23154606,23008000,23290000,23008000,23290000,23154606
2023-07-13,362.3700,362.3700,,,23154605.998709656,8390534575.7524180447200,23008000,23290000,23008000,23290000,23154606,23008000,23290000,23008000,23290000,23154606
2023-07-14,367.1600,367.1600,,,23154606.000496045,8501445139.1421278822000,23008000,23290000,23008000,23290000,23154606,23008000,23290000,23008000,23290000,23154606
2023-07-17,375.2500,375.2500,,,23154606.001093913,8688765901.9104908532500,23008000,23290000,23008000,23290000,23154606,23008000,23290000,23008000,23290000,23154606
2023-07-18,377.1600,377.1600,,,23154606.000232384,8732991199.0476459494400,23008000,23290000,23008000,23290000,23154606,23008000,23290000,23008000,23290000,23154606
2023-07-19,376.3900,376.3900,,,23154606.000756264,8715162152.6246502069600,23008000,23290000,23008000,23290000,23154606,23008000,23290000,23008000,23290000,23154606
2023-07-20,384.7600,384.7600,,,23154605.999319230,8908966204.2980669348000,23008000,23290000,23008000,23290000,23154606,23008000,23290000,23008000,23290000,23154606
2023-07-21,382.5500,382.5500,,,23154605.999872833,8857794525.2513522641500,23008000,23290000,23008000,23290000,23154606,23008000,23290000,23008000,23290000,23154606
2023-07-24,383.6400,383.6400,,,23154606.000537615,8883033046.0462506186000,23008000,23290000,23008000,23290000,23154606,23008000,23290000,23008000,23290000,23154606
2023-07-25,381.3100,381.3100,,,23154606.000985324,8829082814.2357138944400,23008000,23290000,23008000,23290000,23154606,23008000,23290000,23008000,23290000,23154606
2023-07-26,385.2200,385.2200,,,23154605.998886390,8919617322.8910151558000,23008000,23290000,23008000,23290000,23154606,23008000,23290000,23008000,23290000,23154606
2023-07-27,378.5700,378.5700,,,23162174.998725580,8768504589.2675428206000,23040000,23301000,23040000,23301000,23162175,23040000,23301000,23040000,23301000,23162175
2023-07-28,376.5600,376.5600,,,23162174.999646330,8721948617.8668220248000,23040000,23301000,23040000,23301000,23162175,23040000,23301000,23040000,23301000,23162175
2023-07-31,372.6300,372.6300,,,23162175.000316940,8630921270.3681013522000,23040000,23301000,23040000,23301000,23162175,23040000,23301000,23040000,23301000,23162175
2023-08-01,373.5000,373.5000,,,23162175.001177350,8651072362.9397402250000,23040000,23301000,23040000,23301000,23162175,23040000,23301000,23040000,23301000,23162175
2023-08-02,374.4400,374.4400,,,23162175.001013335,8672844807.3794331574000,23040000,23301000,23040000,23301000,23162175,23040000,23301000,23040000,23301000,23162175
2023-08-03,376.7700,376.7700,,,23162174.998692814,8726812674.2574915307800,23040000,23301000,23040000,23301000,23162175,23040000,23301000,23040000,23301000,23162175
2023-08-04,373.1800,373.1800,,,23162174.999885530,8643660466.4572820854000,23040000,23301000,23040000,23301000,23162175,23040000,23301000,23040000,23301000,23162175
2023-08-07,377.2000,377.2000,,,23162175.000119913,8736772410.0452311836000,23040000,23301000,23040000,23301000,23162175,23040000,23301000,23040000,23301000,23162175
2023-08-08,366.1300,366.1300,,,23162174.998970530,8480367132.3730801489000,23040000,23301000,23040000,23301000,23162175,23040000,23301000,23040000,23301000,23162175
2023-08-09,368.8400,368.8400,,,23162175.001062780,8543136627.3919957752000,23040000,23301000,23040000,23301000,23162175,23040000,23301000,23040000,23301000,23162175
2023-08-10,369.7100,369.7100,,,23162174.999211587,8563287718.9585158297700,23040000,23301000,23040000,23301000,23162175,23040000,23301000,23040000,23301000,23162175
2023-08-11,369.0400,369.0400,,,23162174.998815230,8547769061.5627724792000,23040000,23301000,23040000,23301000,23162175,23040000,23301000,23040000,23301000,23162175
2023-08-14,377.9800,377.9800,,,23162175.000073127,8754838906.5276405434600,23040000,23301000,23040000,23301000,23162175,23040000,23301000,23040000,23301000,23162175
2023-08-15,382.9300,382.9300,,,23162174.999488160,8869491672.5540011088000,23040000,23301000,23040000,23301000,23162175,23040000,23301000,23040000,23301000,23162175
2023-08-16,382.0100,382.0100,,,23162174.998901500,8848182471.3303620150000,23040000,23301000,23040000,23301000,23162175,23040000,23301000,23040000,23301000,23162175
2023-08-17,370.5700,370.5700,,,23162174.999403283,8583207189.5288745813100,23040000,23301000,23040000,23301000,23162175,23040000,23301000,23040000,23301000,23162175
2023-08-18,368.0400,368.0400,,,23162175.001290400,8524606887.4749188160000,23040000,23301000,23040000,23301000,23162175,23040000,23301000,23040000,23301000,23162175
2023-08-21,370.8000,370.8000,,,23162175.000379495,8588534490.1407167460000,23040000,23301000,23040000,23301000,23162175,23040000,23301000,23040000,23301000,23162175
2023-08-22,371.5800,371.5800,,,23162175.000331360,8606600986.6231267488000,23040000,23301000,23040000,23301000,23162175,23040000,23301000,23040000,23301000,23162175
2023-08-23,379.4400,379.4400,,,23162174.999576166,8788655681.8391804270400,23040000,23301000,23040000,23301000,23162175,23040000,23301000,23040000,23301000,23162175
2023-08-24,375.9300,375.9300,,,23162175.000421103,8707356447.9083052507900,23040000,23301000,23040000,23301000,23162175,23040000,23301000,23040000,23301000,23162175
2023-08-25,383.1300,383.1300,,,23162174.999947530,8874124107.7298971689000,23040000,23301000,23040000,23301000,23162175,23040000,23301000,23040000,23301000,23162175
2023-08-28,385.2200,385.2200,,,23162174.998871930,8922533053.0654448746000,23040000,23301000,23040000,23301000,23162175,23040000,23301000,23040000,23301000,23162175
2023-08-29,392.8100,392.8100,,,23162175.001023144,9098333962.1519011946400,23040000,23301000,23040000,23301000,23162175,23040000,23301000,23040000,23301000,23162175
2023-08-30,398.4800,398.4800,,,23162174.999136400,9229663493.6558726720000,23040000,23301000,23040000,23301000,23162175,23040000,23301000,23040000,23301000,23162175
2023-08-31,398.6300,398.6300,,,23162174.999823567,9233137820.1796685132100,23040000,23301000,23040000,23301000,23162175,23040000,23301000,23040000,23301000,23162175
2023-09-01,402.9300,402.9300,,,23162174.998958915,9332735172.3305156209500,23040000,23301000,23040000,23301000,23162175,23040000,23301000,23040000,23301000,23162175
2023-09-05,396.9600,396.9600,,,23162174.999993674,9194456987.9974888310400,23040000,23301000,23040000,23301000,23162175,23040000,23301000,23040000,23301000,23162175
2023-09-06,403.0100,403.0100,,,23162175.001128137,9334588147.2046504923700,23040000,23301000,23040000,23301000,23162175,23040000,23301000,23040000,23301000,23162175
2023-09-07,410.1600,410.1600,,,23162174.999307970,9500197697.7161569752000,23040000,23301000,23040000,23301000,23162175,23040000,23301000,23040000,23301000,23162175
2023-09-08,410.1300,410.1300,,,23162174.999387540,9499502832.4988117802000,23040000,23301000,23040000,23301000,23162175,23040000,23301000,23040000,23301000,23162175
2023-09-11,414.5700,414.5700,,,23162175.001030030,9602342890.1770195371000,23040000,23301000,23040000,23301000,23162175,23040000,23301000,23040000,23301000,23162175
2023-09-12,415.1800,415.1800,,,23162174.999431290,9616471816.2638829822000,23040000,23301000,23040000,23301000,23162175,23040000,23301000,23040000,23301000,23162175
2023-09-13,413.5100,413.5100,,,23162174.999593005,9577790984.0817034975500,23040000,23301000,23040000,23301000,23162175,23040000,23301000,23040000,23301000,23162175
2023-09-14,410.8200,410.8200,,,23162174.999902170,9515484733.4598094794000,23040000,23301000,23040000,23301000,23162175,23040000,23301000,23040000,23301000,23162175
2023-09-15,409.8300,409.8300,,,23162174.999969356,9492554180.2374411694800,23040000,23301000,23040000,23301000,23162175,23040000,23301000,23040000,23301000,23162175
2023-09-18,415.5600,415.5600,,,23162175.000435207,9625273443.1808546209200,23040000,23301000,23040000,23301000,23162175,23040000,23301000,23040000,23301000,23162175
2023-09-19,420.7600,420.7600,,,23162174.999247797,9745716752.6835030657200,23040000,23301000,23040000,23301000,23162175,23040000,23301000,23040000,23301000,23162175
2023-09-20,422.0600,422.0600,,,23162174.999214403,9775827580.1684309301800,23040000,23301000,23040000,23301000,23162175,23040000,23301000,23040000,23301000,23162175
2023-09-21,412.0500,412.0500,,,23162175.000792490,9543974209.0765455045000,23040000,23301000,23040000,23301000,23162175,23040000,23301000,23040000,23301000,23162175
2023-09-22,426.1400,426.1400,,,23162174.999168877,9870329254.1458252447800,23040000,23301000,23040000,23301000,23162175,23040000,23301000,23040000,23301000,23162175
2023-09-25,425.7000,425.7000,,,23162175.000188820,9860137897.5803806740000,23040000,23301000,23040000,23301000,23162175,23040000,23301000,23040000,23301000,23162175
2023-09-26,419.3700,419.3700,,,23162174.999514837,9713521329.5465371926900,23040000,23301000,23040000,23301000,23162175,23040000,23301000,23040000,23301000,23162175
2023-09-27,419.7500,419.7500,,,23162175.000508660,9722322956.4635100350000,23040000,23301000,23040000,23301000,23162175,23040000,23301000,23040000,23301000,23162175
2023-09-28,419.1200,419.1200,,,23162174.999850170,9707730785.9372032504000,23040000,23301000,23040000,23301000,23162175,23040000,23301000,23040000,23301000,23162175
2023-09-29,414.1300,414.1300,,,23162174.999654267,9592151532.6068215927100,23040000,23301000,23040000,23301000,23162175,23040000,23301000,23040000,23301000,23162175
2023-10-02,409.3800,409.3800,,,23162175.000417236,9482131201.6708080736800,23040000,23301000,23040000,23301000,23162175,23040000,23301000,23040000,23301000,23162175
2023-10-03,411.5300,411.5300,,,23162175.000256360,9531929877.8554998308000,23040000,23301000,23040000,23301000,23162175,23040000,23301000,23040000,23301000,23162175
2023-10-04,418.6900,418.6900,,,23162174.999088094,9697771050.3681940768600,23040000,23301000,23040000,23301000,23162175,23040000,23301000,23040000,23301000,23162175
2023-10-05,429.7500,429.7500,,,23162175.000210420,9953944706.3404279950000,23040000,23301000,23040000,23301000,23162175,23040000,23301000,23040000,23301000,23162175
2023-10-06,431.4800,431.4800,,,23162174.999901034,9994015268.9572981503200,23040000,23301000,23040000,23301000,23162175,23040000,23301000,23040000,23301000,23162175
2023-10-09,438.9700,438.9700,,,23162175.000961334,10167499960.1719967859800,23040000,23301000,23040000,23301000,23162175,23040000,23301000,23040000,23301000,23162175
2023-10-10,435.0300,435.0300,,,23162175.000571630,10076240990.4986761989000,23040000,23301000,23040000,23301000,23162175,23040000,23301000,23040000,23301000,23162175
2023-10-11,442.5200,442.5200,,,23162174.999341547,10249725680.7086213784400,23040000,23301000,23040000,23301000,23162175,23040000,23301000,23040000,23301000,23162175
2023-10-12,437.7100,437.7100,,,23162174.999701590,10138315619.1193829589000,23040000,23301000,23040000,23301000,23162175,23040000,23301000,23040000,23301000,23162175
2023-10-13,439.1100,439.1100,,,23162175.000514835,10170742664.4760691968500,23040000,23301000,23040000,23301000,23162175,23040000,23301000,23040000,23301000,23162175
2023-10-16,445.2400,445.2400,,,23162174.998984504,10312726796.5478605609600,23040000,23301000,23040000,23301000,23162175,23040000,23301000,23040000,23301000,23162175
2023-10-17,451.8400,451.8400,,,23162175.000911713,10465597152.4119484019200,23040000,23301000,23040000,23301000,23162175,23040000,23301000,23040000,23301000,23162175
2023-10-18,440.3900,440.3900,,,23162175.001123644,10200390248.7448415811600,23040000,23301000,23040000,23301000,23162175,23040000,23301000,23040000,23301000,23162175
2023-10-19,429.3100,429.3100,,,23162174.998882465,9943753348.7702310491500,23040000,23301000,23040000,23301000,23162175,23040000,23301000,23040000,23301000,23162175
2023-10-20,424.7800,424.7800,,,23162174.999355443,9838828696.2262050775400,23040000,23301000,23040000,23301000,23162175,23040000,23301000,23040000,23301000,23162175
2023-10-23,415.7500,415.7500,,,23162174.999728117,9629674256.1369646427500,23040000,23301000,23040000,23301000,23162175,23040000,23301000,23040000,23301000,23162175
2023-10-24,427.1200,427.1200,,,23162175.000358740,9893028186.1532250288000,23040000,23301000,23040000,23301000,23162175,23040000,23301000,23040000,23301000,23162175
2023-10-25,425.6400,425.6400,,,23162174.999828856,9858748166.9271542678400,23040000,23301000,23040000,23301000,23162175,23040000,23301000,23040000,23301000,23162175
2023-10-26,426.2200,426.2200,,,23173467.999704860,9876995530.8342054292000,23058000,23315000,23058000,23315000,23173468,23058000,23315000,23058000,23315000,23173468
2023-10-27,342.8700,342.8700,,,23173468.000710335,7945486973.4035525614500,23058000,23315000,23058000,23315000,23173468,23058000,23315000,23058000,23315000,23173468
2023-10-30,331.5400,331.5400,,,23173467.999386616,7682931580.5166386686400,23058000,23315000,23058000,23315000,23173468,23058000,23315000,23058000,23315000,23173468
2023-10-31,333.9100,333.9100,,,23173468.001441937,7737852700.3614771836700,23058000,23315000,23058000,23315000,23173468,23058000,23315000,23058000,23315000,23173468
2023-11-01,343.1500,343.1500,,,23173467.999153215,7951975543.9094257272500,23058000,23315000,23058000,23315000,23173468,23058000,23315000,23058000,23315000,23173468
2023-11-02,344.3500,344.3500,,,23173467.999645192,7979783705.6778218652000,23058000,23315000,23058000,23315000,23173468,23058000,23315000,23058000,23315000,23173468
2023-11-03,339.5300,339.5300,,,23173467.998721607,7868087589.6059472247100,23058000,23315000,23058000,23315000,23173468,23058000,23315000,23058000,23315000,23173468
2023-11-06,340.5000,340.5000,,,23173467.998704000,7890565853.5587120000000,23058000,23315000,23058000,23315000,23173468,23058000,23315000,23058000,23315000,23173468
2023-11-07,347.1600,347.1600,,,23173467.999776570,8044901150.8024340412000,23058000,23315000,23058000,23315000,23173468,23058000,23315000,23058000,23315000,23173468
2023-11-08,352.8800,352.8800,,,23173467.999845106,8177453387.7853410052800,23058000,23315000,23058000,23315000,23173468,23058000,23315000,23058000,23315000,23173468
2023-11-09,357.4600,357.4600,,,23173468.001164798,8283587871.6963686930800,23058000,23315000,23058000,23315000,23173468,23058000,23315000,23058000,23315000,23173468
2023-11-10,357.3900,357.3900,,,23173468.000376724,8281965728.6546373903600,23058000,23315000,23058000,23315000,23173468,23058000,23315000,23058000,23315000,23173468
2023-11-13,366.5200,366.5200,,,23173468.000305932,8493539491.4721301966400,23058000,23315000,23058000,23315000,23173468,23058000,23315000,23058000,23315000,23173468
2023-11-14,371.8500,371.8500,,,23173468.000176173,8617054075.8655099300500,23058000,23315000,23058000,23315000,23173468,23058000,23315000,23058000,23315000,23173468
2023-11-15,348.8400,348.8400,,,23173468.000230420,8083832577.2003797128000,23058000,23315000,23058000,23315000,23173468,23058000,23315000,23058000,23315000,23173468
2023-11-16,352.9400,352.9400,,,23173467.998745130,8178843795.4771061822000,23058000,23315000,23058000,23315000,23173468,23058000,23315000,23058000,23315000,23173468
2023-11-17,352.1400,352.1400,,,23173468.000364076,8160305021.6482057226400,23058000,23315000,23058000,23315000,23173468,23058000,23315000,23058000,23315000,23173468
2023-11-20,356.8600,356.8600,,,23173467.998603493,8269683789.9816425119800,23058000,23315000,23058000,23315000,23173468,23058000,23315000,23058000,23315000,23173468
2023-11-21,362.8400,362.8400,,,23173468.000023260,8408261129.1284396584000,23058000,23315000,23058000,23315000,23173468,23058000,23315000,23058000,23315000,23173468
2023-11-22,362.7100,362.7100,,,23173467.999356220,8405248578.0464945562000,23058000,23315000,23058000,23315000,23173468,23058000,23315000,23058000,23315000,23173468
2023-11-24,366.8600,366.8600,,,23173467.998741250,8501418470.0182149750000,23058000,23315000,23058000,23315000,23173468,23058000,23315000,23058000,23315000,23173468
2023-11-27,370.2100,370.2100,,,23173467.998737443,8579049587.8125887730300,23058000,23315000,23058000,23315000,23173468,23058000,23315000,23058000,23315000,23173468
2023-11-28,356.3100,356.3100,,,23173468.001357540,8256938383.5637050774000,23058000,23315000,23058000,23315000,23173468,23058000,23315000,23058000,23315000,23173468
2023-11-29,346.6500,346.6500,,,23173467.999147013,8033082681.9043120564500,23058000,23315000,23058000,23315000,23173468,23058000,23315000,23058000,23315000,23173468
2023-11-30,350.1000,350.1000,,,23173468.000360320,8113031146.9261480320000,23058000,23315000,23058000,23315000,23173468,23058000,23315000,23058000,23315000,23173468
2023-12-01,338.4800,338.4800,,,23173467.999420784,7843755448.4439469683200,23058000,23315000,23058000,23315000,23173468,23058000,23315000,23058000,23315000,23173468
2023-12-04,348.8800,348.8800,,,23173467.999151316,8084759515.5439111260800,23058000,23315000,23058000,23315000,23173468,23058000,23315000,23058000,23315000,23173468
2023-12-05,341.5400,341.5400,,,23173467.999556540,7914666260.5685406716000,23058000,23315000,23058000,23315000,23173468,23058000,23315000,23058000,23315000,23173468
2023-12-06,329.1800,329.1800,,,23173467.999239657,7628242195.9897102912600,23058000,23315000,23058000,23315000,23173468,23058000,23315000,23058000,23315000,23173468
2023-12-07,328.9500,328.9500,,,23173467.999764290,7622912298.5224631955000,23058000,23315000,23058000,23315000,23173468,23058000,23315000,23058000,23315000,23173468
2023-12-08,330.7300,330.7300,,,23173467.999797140,7664161071.5729081122000,23058000,23315000,23058000,23315000,23173468,23058000,23315000,23058000,23315000,23173468
2023-12-11,333.2700,333.2700,,,23173468.001088545,7723021680.7227793921500,23058000,23315000,23058000,23315000,23173468,23058000,23315000,23058000,23315000,23173468
2023-12-12,339.3800,339.3800,,,23173468.000384730,7864611569.9705696674000,23058000,23315000,23058000,23315000,23173468,23058000,23315000,23058000,23315000,23173468
2023-12-13,348.5800,348.5800,,,23173467.998838246,8077807475.0350357906800,23058000,23315000,23058000,23315000,23173468,23058000,23315000,23058000,23315000,23173468
2023-12-14,331.2400,331.2400,,,23173467.999644630,7675979540.2022872412000,23058000,23315000,23058000,23315000,23173468,23058000,23315000,23058000,23315000,23173468
2023-12-15,337.0300,337.0300,,,23173467.998678040,7810153919.5944598212000,23058000,23315000,23058000,23315000,23173468,23058000,23315000,23058000,23315000,23173468
2023-12-18,339.0200,339.0200,,,23173468.001208734,7856269121.7697850006800,23058000,23315000,23058000,23315000,23173468,23058000,23315000,23058000,23315000,23173468
2023-12-19,338.8500,338.8500,,,23173468.000573844,7852329631.9944470394000,23058000,23315000,23058000,23315000,23173468,23058000,23315000,23058000,23315000,23173468
2023-12-20,336.1300,336.1300,,,23173468.000690836,7789297799.0722107046800,23058000,23315000,23058000,23315000,23173468,23058000,23315000,23058000,23315000,23173468
2023-12-21,337.5100,337.5100,,,23173468.000592787,7821277184.8800715403700,23058000,23315000,23058000,23315000,23173468,23058000,23315000,23058000,23315000,23173468
2023-12-22,332.7800,332.7800,,,23173468.001202420,7711666681.4401413276000,23058000,23315000,23058000,23315000,23173468,23058000,23315000,23058000,23315000,23173468
2023-12-26,334.3600,334.3600,,,23173467.999662366,7748280760.3671086957600,23058000,23315000,23058000,23315000,23173468,23058000,23315000,23058000,23315000,23173468
2023-12-27,334.5200,334.5200,,,23173468.001306657,7751988515.7971028996400,23058000,23315000,23058000,23315000,23173468,23058000,23315000,23058000,23315000,23173468
2023-12-28,335.2400,335.2400,,,23173468.000677090,7768673412.5469876516000,23058000,23315000,23058000,23315000,23173468,23058000,23315000,23058000,23315000,23173468
2023-12-29,334.9100,334.9100,,,23173467.999432600,7761026167.6899720660000,23058000,23315000,23058000,23315000,23173468,23058000,23315000,23058000,23315000,23173468
2024-01-02,346.5000,346.5000,,,23173468.001385543,8029606662.4800906495000,23058000,23315000,23058000,23315000,23173468,23058000,23315000,23058000,23315000,23173468
2024-01-03,349.1900,349.1900,,,23173468.000384270,8091943291.0541832413000,23058000,23315000,23058000,23315000,23173468,23058000,23315000,23058000,23315000,23173468
2024-01-04,358.3500,358.3500,,,23173467.998954006,8304212257.4251680501000,23058000,23315000,23058000,23315000,23173468,23058000,23315000,23058000,23315000,23173468
2024-01-05,358.5700,358.5700,,,23173468.000377584,8309310420.8953902948800,23058000,23315000,23058000,23315000,23173468,23058000,23315000,23058000,23315000,23173468
2024-01-08,360.9600,360.9600,,,23173467.999115160,8364695008.9606081536000,23058000,23315000,23058000,23315000,23173468,23058000,23315000,23058000,23315000,23173468
2024-01-09,362.2200,362.2200,,,23173468.000210736,8393893579.0363327939200,23058000,23315000,23058000,23315000,23173468,23058000,23315000,23058000,23315000,23173468
2024-01-10,371.7400,371.7400,,,23173468.000786770,8614504994.6124738798000,23058000,23315000,23058000,23315000,23173468,23058000,23315000,23058000,23315000,23173468
2024-01-11,375.1600,375.1600,,,23173468.001082655,8693758255.2861688498000,23058000,23315000,23058000,23315000,23173468,23058000,23315000,23058000,23315000,23173468
2024-01-12,382.7600,382.7600,,,23173468.001037017,8869876612.0769286269200,23058000,23315000,23058000,23315000,23173468,23058000,23315000,23058000,23315000,23173468
2024-01-16,388.4400,388.4400,,,23173467.999521136,9001501909.7339900678400,23058000,23315000,23058000,23315000,23173468,23058000,23315000,23058000,23315000,23173468
2024-01-17,392.7300,392.7300,,,23173467.999862924,9100916087.5861661425200,23058000,23315000,23058000,23315000,23173468,23058000,23315000,23058000,23315000,23173468
2024-01-18,397.4300,397.4300,,,23173468.000236545,9209831387.3340100793500,23058000,23315000,23058000,23315000,23173468,23058000,23315000,23058000,23315000,23173468
2024-01-19,398.7500,398.7500,,,23173468.001128424,9240420365.4499590700000,23058000,23315000,23058000,23315000,23173468,23058000,23315000,23058000,23315000,23173468
2024-01-22,406.0800,406.0800,,,23173467.999102674,9410281885.0756138579200,23058000,23315000,23058000,23315000,23173468,23058000,23315000,23058000,23315000,23173468
2024-01-23,404.2300,404.2300,,,23173468.000860687,9367410969.9879155060100,23058000,23315000,23058000,23315000,23173468,23058000,23315000,23058000,23315000,23173468
2024-01-24,409.4000,409.4000,,,23173468.000400376,9487217799.3639139344000,23058000,23315000,23058000,23315000,23173468,23058000,23315000,23058000,23315000,23173468
2024-01-25,395.0400,395.0400,,,23173467.998846740,9154446798.2644161696000,23058000,23315000,23058000,23315000,23173468,23058000,23315000,23058000,23315000,23173468
2024-01-26,390.5800,390.5800,,,23173467.998835630,9051093130.9852203654000,23058000,23315000,23058000,23315000,23173468,23058000,23315000,23058000,23315000,23173468
2024-01-29,397.4500,397.4500,,,23173468.000203174,9210294856.6807515063000,23058000,23315000,23058000,23315000,23173468,23058000,23315000,23058000,23315000,23173468
2024-01-30,400.0300,400.0300,,,23173467.999570160,9270082403.8680511048000,23058000,23315000,23058000,23315000,23173468,23058000,23315000,23058000,23315000,23173468
2024-01-31,397.5700,397.5700,,,23173468.000003032,9213075672.7612054322400,23058000,23315000,23058000,23315000,23173468,23058000,23315000,23058000,23315000,23173468
2024-02-01,394.2700,394.2700,,,23173468.001176912,9136603228.8240210942400,23058000,23315000,23058000,23315000,23173468,23058000,23315000,23058000,23315000,23173468
2024-02-02,395.7200,395.7200,,,23173467.999264967,9170204756.6691327412400,23058000,23315000,23058000,23315000,23173468,23058000,23315000,23058000,23315000,23173468
2024-02-05,394.4000,394.4000,,,23173467.999243155,9139615778.9015003320000,23058000,23315000,23058000,23315000,23173468,23058000,23315000,23058000,23315000,23173468
2024-02-06,401.3900,401.3900,,,23173467.999524575,9301598320.3291691592500,23058000,23315000,23058000,23315000,23173468,23058000,23315000,23058000,23315000,23173468
2024-02-07,407.1900,407.1900,,,23173467.999515560,9436004434.7227408764000,23058000,23315000,23058000,23315000,23173468,23058000,23315000,23058000,23315000,23173468
2024-02-08,409.4200,409.4200,,,23173467.999517217,9487681268.3623389841400,23058000,23315000,23058000,23315000,23173468,23058000,23315000,23058000,23315000,23173468
2024-02-09,419.0900,419.0900,,,23173468.000589553,9711768704.3670757667700,23058000,23315000,23058000,23315000,23173468,23058000,23315000,23058000,23315000,23173468
2024-02-12,415.4100,415.4100,,,23173467.999995165,9626490341.8779914926500,23058000,23315000,23058000,23315000,23173468,23058000,23315000,23058000,23315000,23173468
2024-02-13,412.0800,412.0800,,,23173468.000370473,9549322693.5926645138400,23058000,23315000,23058000,23315000,23173468,23058000,23315000,23058000,23315000,23173468
2024-02-14,426.2600,426.2600,,,23173468.000552304,9877922469.9154251030400,23058000,23315000,23058000,23315000,23173468,23058000,23315000,23058000,23315000,23173468
2024-02-15,437.5700,437.5700,,,23173467.999495022,10140014392.5390367765400,23058000,23315000,23058000,23315000,23173468,23058000,23315000,23058000,23315000,23173468
2024-02-16,505.0300,505.0300,,,23173468.000102620,11703296544.0918261786000,23058000,23315000,23058000,23315000,23173468,23058000,23315000,23058000,23315000,23173468
2024-02-20,496.4600,496.4600,,,23173468.000920900,11504699923.7371900140000,23058000,23315000,23058000,23315000,23173468,23058000,23315000,23058000,23315000,23173468
2024-02-21,495.0200,495.0200,,,23173467.999039900,11471330128.8847312980000,23058000,23315000,23058000,23315000,23173468,23058000,23315000,23058000,23315000,23173468
2024-02-22,505.9500,505.9500,,,23173468.000721790,11724616134.9651896505000,23058000,23315000,23058000,23315000,23173468,23058000,23315000,23058000,23315000,23173468
2024-02-23,508.1000,508.1000,,,23173467.999531120,11774439090.5617620720000,23045000,23307000,23045000,23307000,23189095,23045000,23307000,23045000,23307000,23189095
2024-02-26,511.6200,511.6200,,,23173467.999756645,11856009698.0354947149000,23045000,23307000,23045000,23307000,23189095,23045000,23307000,23045000,23307000,23189095
2024-02-27,512.2200,512.2200,,,23173468.000782530,11869913779.3608275166000,23045000,23307000,23045000,23307000,23189095,23045000,23307000,23045000,23307000,23189095
2024-02-28,513.0900,513.0900,,,23173468.000738150,11890074696.4987373835000,23045000,23307000,23045000,23307000,23189095,23045000,23307000,23045000,23307000,23189095
2024-02-29,516.1800,516.1800,,,23173467.999910520,11961680712.1938122136000,23045000,23307000,23045000,23307000,23189095,23045000,23307000,23045000,23307000,23189095
2024-03-01,517.2800,517.2800,,,23173468.000802048,11987171527.4548833894400,23045000,23307000,23045000,23307000,23189095,23045000,23307000,23045000,23307000,23189095
2024-03-04,524.8200,524.8200,,,23173467.999644150,12161899475.5732428030000,23045000,23307000,23045000,23307000,23189095,23045000,23307000,23045000,23307000,23189095
2024-03-05,528.8600,528.8600,,,23173467.999941520,12255520286.4490722672000,23045000,23307000,23045000,23307000,23189095,23045000,23307000,23045000,23307000,23189095
2024-03-06,547.9800,547.9800,,,23173468.000499856,12698596994.9139110908800,23045000,23307000,23045000,23307000,23189095,23045000,23307000,23045000,23307000,23189095
2024-03-07,532.9700,532.9700,,,23173468.000762610,12350763240.3664482517000,23045000,23307000,23045000,23307000,23189095,23045000,23307000,23045000,23307000,23189095
2024-03-08,525.7000,525.7000,,,23173468.000876296,12182292128.0606688072000,23045000,23307000,23045000,23307000,23189095,23045000,23307000,23045000,23307000,23189095
2024-03-11,505.9900,505.9900,,,23173468.000592932,11725543073.6200176626800,23045000,23307000,23045000,23307000,23189095,23045000,23307000,23045000,23307000,23189095
2024-03-12,510.8400,510.8400,,,23173467.999643058,11837934392.9376597487200,23045000,23307000,23045000,23307000,23189095,23045000,23307000,23045000,23307000,23189095
2024-03-13,514.0200,514.0200,,,23173468.000616487,11911626021.6768866477400,23045000,23307000,23045000,23307000,23189095,23045000,23307000,23045000,23307000,23189095
2024-03-14,505.8900,505.8900,,,23173467.999427590,11723225726.2304235051000,23045000,23307000,23045000,23307000,23189095,23045000,23307000,23045000,23307000,23189095
2024-03-15,516.1200,516.1200,,,23173467.999987546,11960290304.1535722415200,23045000,23307000,23045000,23307000,23189095,23045000,23307000,23045000,23307000,23189095
2024-03-18,515.8100,515.8100,,,23173467.999828700,11953106528.9916417470000,23045000,23307000,23045000,23307000,23189095,23045000,23307000,23045000,23307000,23189095
2024-03-19,512.8900,512.8900,,,23173468.000397020,11885440002.7236275878000,23045000,23307000,23045000,23307000,23189095,23045000,23307000,23045000,23307000,23189095
2024-03-20,514.9700,514.9700,,,23173468.000469506,11933640816.2017815048200,23045000,23307000,23045000,23307000,23189095,23045000,23307000,23045000,23307000,23189095
2024-03-21,519.1400,519.1400,,,23173468.000560890,12030274177.8111804346000,23045000,23307000,23045000,23307000,23189095,23045000,23307000,23045000,23307000,23189095
2024-03-22,522.7100,522.7100,,,23173467.999646556,12113003458.0952512867600,23045000,23307000,23045000,23307000,23189095,23045000,23307000,23045000,23307000,23189095
2024-03-25,531.3000,531.3000,,,23173468.000722680,12312063548.7839598840000,23045000,23307000,23045000,23307000,23189095,23045000,23307000,23045000,23307000,23189095
2024-03-26,529.7200,529.7200,,,23173467.999293360,12275449468.5856786592000,23045000,23307000,23045000,23307000,23189095,23045000,23307000,23045000,23307000,23189095
2024-03-27,532.1800,532.1800,,,23173468.000051320,12332456200.2673114776000,23045000,23307000,23045000,23307000,23189095,23045000,23307000,23045000,23307000,23189095
2024-03-28,524.7400,524.7400,,,23173468.000408720,12160045598.5344717328000,23045000,23307000,23045000,23307000,23189095,23045000,23307000,23045000,23307000,23189095
2024-04-01,512.6500,512.6500,,,23173468.000107333,11879878370.2550242624500,23045000,23307000,23045000,23307000,23189095,23045000,23307000,23045000,23307000,23189095
2024-04-02,467.8500,467.8500,,,23173467.999940768,10841707003.7722883088000,23045000,23307000,23045000,23307000,23189095,23045000,23307000,23045000,23307000,23189095
2024-04-03,453.1500,453.1500,,,23173467.998964790,10501057023.7308945885000,23045000,23307000,23045000,23307000,23189095,23045000,23307000,23045000,23307000,23189095
2024-04-04,445.4400,445.4400,,,23173468.000595987,10322389586.1854764492800,23045000,23307000,23045000,23307000,23189095,23045000,23307000,23045000,23307000,23189095
2024-04-05,448.1400,448.1400,,,23173467.999579675,10384957949.3316355545000,23045000,23307000,23045000,23307000,23189095,23045000,23307000,23045000,23307000,23189095
2024-04-08,459.1100,459.1100,,,23173468.000390160,10639170893.6591263576000,23045000,23307000,23045000,23307000,23189095,23045000,23307000,23045000,23307000,23189095
2024-04-09,450.4300,450.4300,,,23173467.999995540,10438025191.2379910822000,23045000,23307000,23045000,23307000,23189095,23045000,23307000,23045000,23307000,23189095
2024-04-10,447.8400,447.8400,,,23173467.999336354,10378005908.8227927753600,23045000,23307000,23045000,23307000,23189095,23045000,23307000,23045000,23307000,23189095
2024-04-11,452.8300,452.8300,,,23173467.999521945,10493641514.2235223543500,23045000,23307000,23045000,23307000,23189095,23045000,23307000,23045000,23307000,23189095
2024-04-12,450.9600,450.9600,,,23173467.999081780,10450307128.8659195088000,23045000,23307000,23045000,23307000,23189095,23045000,23307000,23045000,23307000,23189095
2024-04-15,447.2700,447.2700,,,23173468.001094613,10364797032.8495875565100,23045000,23307000,23045000,23307000,23189095,23045000,23307000,23045000,23307000,23189095
2024-04-16,452.2800,452.2800,,,23173467.999011643,10480896106.5929858960400,23045000,23307000,23045000,23307000,23189095,23045000,23307000,23045000,23307000,23189095
2024-04-17,451.4100,451.4100,,,23173468.000511590,10460735190.1109368419000,23045000,23307000,23045000,23307000,23189095,23045000,23307000,23045000,23307000,23189095
2024-04-18,451.9200,451.9200,,,23173467.999628514,10472553658.3921180468800,23045000,23307000,23045000,23307000,23189095,23045000,23307000,23045000,23307000,23189095
2024-04-19,451.8100,451.8100,,,23173467.999834657,10470004577.0052963791700,23045000,23307000,23045000,23307000,23189095,23045000,23307000,23045000,23307000,23189095
2024-04-22,463.2300,463.2300,,,23173467.999856940,10734645581.5737303162000,23045000,23307000,23045000,23307000,23189095,23045000,23307000,23045000,23307000,23189095
2024-04-23,464.3600,464.3600,,,23173468.000101194,10760831600.5269904458400,23045000,23307000,23045000,23307000,23189095,23045000,23307000,23045000,23307000,23189095
2024-04-24,458.5900,458.5900,,,23173468.000559630,10627120690.3766407217000,23045000,23307000,23045000,23307000,23189095,23045000,23307000,23045000,23307000,23189095
2024-04-25,453.0900,453.0900,,,23276418.999460830,10546312684.4657074647000,23108000,23335000,23108000,23335000,23276419,23108000,23335000,23108000,23335000,23276419
2024-04-26,374.6400,374.6400,,,23276419.001332283,8720277614.6591265031200,23108000,23335000,23108000,23335000,23276419,23108000,23335000,23108000,23335000,23276419
2024-04-29,358.0000,358.0000,,,23276418.999250308,8332958001.7316102640000,23108000,23335000,23108000,23335000,23276419,23108000,23335000,23108000,23335000,23276419
2024-04-30,363.2500,363.2500,,,23276418.999191210,8455159201.4562070325000,23108000,23335000,23108000,23335000,23276419,23108000,23335000,23108000,23335000,23276419
2024-05-01,378.6100,378.6100,,,23276419.001095280,8812684998.0046839608000,23108000,23335000,23108000,23335000,23276419,23108000,23335000,23108000,23335000,23276419
2024-05-02,373.1100,373.1100,,,23276418.999379160,8684664692.8583583876000,23108000,23335000,23108000,23335000,23276419,23108000,23335000,23108000,23335000,23276419
2024-05-03,382.3700,382.3700,,,23276419.000482384,8900204333.2144491700800,23108000,23335000,23108000,23335000,23276419,23108000,23335000,23108000,23335000,23276419
2024-05-06,393.9800,393.9800,,,23276418.999818034,9170443557.5483090353200,23108000,23335000,23108000,23335000,23276419,23108000,23335000,23108000,23335000,23276419
2024-05-07,396.2900,396.2900,,,23276419.000955710,9224212085.8887383159000,23108000,23335000,23108000,23335000,23276419,23108000,23335000,23108000,23335000,23276419
2024-05-08,386.0700,386.0700,,,23276419.000438750,8986327083.4993882125000,23108000,23335000,23108000,23335000,23276419,23108000,23335000,23108000,23335000,23276419
2024-05-09,381.2700,381.2700,,,23276419.000521960,8874600272.3290076892000,23108000,23335000,23108000,23335000,23276419,23108000,23335000,23108000,23335000,23276419
2024-05-10,380.6500,380.6500,,,23276418.999817204,8860168892.2804187026000,23108000,23335000,23108000,23335000,23276419,23108000,23335000,23108000,23335000,23276419
2024-05-13,375.4100,375.4100,,,23276418.999374140,8738200456.5550458974000,23108000,23335000,23108000,23335000,23276419,23108000,23335000,23108000,23335000,23276419
2024-05-14,378.1500,378.1500,,,23276418.999885560,8801977844.8067245140000,23108000,23335000,23108000,23335000,23276419,23108000,23335000,23108000,23335000,23276419
2024-05-15,382.6000,382.6000,,,23276418.998926114,8905557908.9891312164000,23108000,23335000,23108000,23335000,23276419,23108000,23335000,23108000,23335000,23276419
2024-05-16,383.8700,383.8700,,,23276419.000517120,8935118961.7285068544000,23108000,23335000,23108000,23335000,23276419,23108000,23335000,23108000,23335000,23276419
2024-05-17,390.9200,390.9200,,,23276419.001214895,9099217715.9549267534000,23108000,23335000,23108000,23335000,23276419,23108000,23335000,23108000,23335000,23276419
2024-05-20,385.3600,385.3600,,,23276419.000113603,8969800825.8837780520800,23108000,23335000,23108000,23335000,23276419,23108000,23335000,23108000,23335000,23276419
2024-05-21,385.4400,385.4400,,,23276419.001170434,8971662939.8111320809600,23108000,23335000,23108000,23335000,23276419,23108000,23335000,23108000,23335000,23276419
2024-05-22,393.4100,393.4100,,,23276418.999986984,9157175998.7848793754400,23108000,23335000,23108000,23335000,23276419,23108000,23335000,23108000,23335000,23276419
2024-05-23,387.2400,387.2400,,,23276419.000280034,9013560493.6684403661600,23108000,23335000,23108000,23335000,23276419,23108000,23335000,23108000,23335000,23276419
2024-05-24,391.9900,391.9900,,,23276418.999346050,9124123483.5536581395000,23108000,23335000,23108000,23335000,23276419,23108000,23335000,23108000,23335000,23276419
2024-05-28,378.9500,378.9500,,,23276418.999839960,8820598979.9893528420000,23108000,23335000,23108000,23335000,23276419,23108000,23335000,23108000,23335000,23276419
2024-05-29,377.3100,377.3100,,,23276419.000245623,8782425652.9826760141300,23108000,23335000,23108000,23335000,23276419,23108000,23335000,23108000,23335000,23276419
2024-05-30,385.9600,385.9600,,,23276419.000127994,8983766677.2894005642400,23108000,23335000,23108000,23335000,23276419,23108000,23335000,23108000,23335000,23276419
2024-05-31,383.6200,383.6200,,,23276419.000803743,8929299857.0883318896600,23108000,23335000,23108000,23335000,23276419,23108000,23335000,23108000,23335000,23276419
2024-06-03,384.4000,384.4000,,,23276419.000267110,8947455463.7026770840000,23108000,23335000,23108000,23335000,23276419,23108000,23335000,23108000,23335000,23276419
2024-06-04,380.6100,380.6100,,,23276419.000649504,8859237835.8372077174400,23108000,23335000,23108000,23335000,23276419,23108000,23335000,23108000,23335000,23276419
2024-06-05,382.9900,382.9900,,,23276418.998725050,8914635712.3217068995000,23108000,23335000,23108000,23335000,23276419,23108000,23335000,23108000,23335000,23276419
2024-06-06,388.3900,388.3900,,,23276419.000025067,9040328375.4197357721300,23108000,23335000,23108000,23335000,23276419,23108000,23335000,23108000,23335000,23276419
2024-06-07,387.3600,387.3600,,,23276419.000485830,9016353664.0281911088000,23108000,23335000,23108000,23335000,23276419,23108000,23335000,23108000,23335000,23276419
2024-06-10,382.5500,382.5500,,,23276418.998958662,8904394088.0516361481000,23108000,23335000,23108000,23335000,23276419,23108000,23335000,23108000,23335000,23276419
2024-06-11,384.7700,384.7700,,,23276419.001087760,8956067739.0485374152000,23108000,23335000,23108000,23335000,23276419,23108000,23335000,23108000,23335000,23276419
2024-06-12,386.6200,386.6200,,,23276418.999782450,8999129113.6958908190000,23108000,23335000,23108000,23335000,23276419,23108000,23335000,23108000,23335000,23276419
2024-06-13,387.3500,387.3500,,,23276419.000978160,9016120900.0288902760000,23108000,23335000,23108000,23335000,23276419,23108000,23335000,23108000,23335000,23276419
2024-06-14,381.7100,381.7100,,,23276418.999117030,8884841896.1529615213000,23108000,23335000,23108000,23335000,23276419,23108000,23335000,23108000,23335000,23276419
2024-06-17,389.7500,389.7500,,,23276419.000681657,9071984305.5156758157500,23108000,23335000,23108000,23335000,23276419,23108000,23335000,23108000,23335000,23276419
2024-06-18,394.2300,394.2300,,,23276419.000148173,9176262662.4284142417900,23108000,23335000,23108000,23335000,23276419,23108000,23335000,23108000,23335000,23276419
2024-06-20,395.4300,395.4300,,,23276418.998735460,9204194364.6699629478000,23108000,23335000,23108000,23335000,23276419,23108000,23335000,23108000,23335000,23276419
2024-06-21,392.6200,392.6200,,,23276419.000343066,9138787627.9146945729200,23108000,23335000,23108000,23335000,23276419,23108000,23335000,23108000,23335000,23276419
2024-06-24,390.5800,390.5800,,,23276418.999361936,9091303732.7707849628800,23108000,23335000,23108000,23335000,23276419,23108000,23335000,23108000,23335000,23276419
2024-06-25,385.4800,385.4800,,,23276418.999001210,8972593995.7349864308000,23108000,23335000,23108000,23335000,23276419,23108000,23335000,23108000,23335000,23276419
2024-06-26,378.9800,378.9800,,,23276418.999211576,8821297272.3212030724800,23108000,23335000,23108000,23335000,23276419,23108000,23335000,23108000,23335000,23276419
2024-06-27,386.5300,386.5300,,,23276418.999222300,8997034235.7693956190000,23108000,23335000,23108000,23335000,23276419,23108000,23335000,23108000,23335000,23276419
2024-06-28,385.2800,385.2800,,,23276418.999799670,8967938712.2428168576000,23108000,23335000,23108000,23335000,23276419,23108000,23335000,23108000,23335000,23276419
2024-07-01,391.7100,391.7100,,,23276419.000618800,9117606086.7323901480000,23108000,23335000,23108000,23335000,23276419,23108000,23335000,23108000,23335000,23276419
2024-07-02,381.4400,381.4400,,,23276419.000987265,8878557263.7365823616000,23108000,23335000,23108000,23335000,23276419,23108000,23335000,23108000,23335000,23276419
2024-07-03,382.6200,382.6200,,,23276418.998837665,8906023437.3352673823000,23108000,23335000,23108000,23335000,23276419,23108000,23335000,23108000,23335000,23276419
2024-07-05,382.0700,382.0700,,,23276419.000443693,8893221407.4995217845100,23108000,23335000,23108000,23335000,23276419,23108000,23335000,23108000,23335000,23276419
2024-07-08,379.6200,379.6200,,,23276418.999862250,8836194180.7277073450000,23108000,23335000,23108000,23335000,23276419,23108000,23335000,23108000,23335000,23276419
2024-07-09,376.0400,376.0400,,,23276418.999677040,8752864600.6385541216000,23108000,23335000,23108000,23335000,23276419,23108000,23335000,23108000,23335000,23276419
2024-07-10,375.8700,375.8700,,,23276418.998973800,8748907609.1442822060000,23108000,23335000,23108000,23335000,23276419,23108000,23335000,23108000,23335000,23276419
2024-07-11,381.8300,381.8300,,,23276418.999873303,8887635066.7216232844900,23108000,23335000,23108000,23335000,23276419,23108000,23335000,23108000,23335000,23276419
2024-07-12,389.4900,389.4900,,,23276418.999447763,9065932436.0949092108700,23108000,23335000,23108000,23335000,23276419,23108000,23335000,23108000,23335000,23276419
2024-07-15,397.9700,397.9700,,,23276418.999844894,9263316469.3682724651800,23108000,23335000,23108000,23335000,23276419,23108000,23335000,23108000,23335000,23276419
2024-07-16,403.0700,403.0700,,,23276419.000183770,9382026206.4040721739000,23108000,23335000,23108000,23335000,23276419,23108000,23335000,23108000,23335000,23276419
2024-07-17,393.3900,393.3900,,,23276419.000304382,9156710470.5297408349800,23108000,23335000,23108000,23335000,23276419,23108000,23335000,23108000,23335000,23276419
2024-07-18,388.7200,388.7200,,,23276419.001142547,9048009594.1241308698400,23108000,23335000,23108000,23335000,23276419,23108000,23335000,23108000,23335000,23276419
2024-07-19,370.4100,370.4100,,,23276418.999934155,8621818361.7656103535500,23108000,23335000,23108000,23335000,23276419,23108000,23335000,23108000,23335000,23276419
2024-07-22,373.2900,373.2900,,,23276419.000798830,8688854448.8081952507000,23108000,23335000,23108000,23335000,23276419,23108000,23335000,23108000,23335000,23276419
2024-07-23,374.4400,374.4400,,,23276419.001090694,8715622330.7683994613600,23108000,23335000,23108000,23335000,23276419,23108000,23335000,23108000,23335000,23276419
2024-07-24,372.1500,372.1500,,,23276418.999992717,8662319330.8472896315500,23108000,23335000,23108000,23335000,23276419,23108000,23335000,23108000,23335000,23276419
2024-07-25,377.2500,377.2500,,,23286422.999133200,8784803076.4229997000000,23165000,23329000,23165000,23329000,23286423,23165000,23329000,23165000,23329000,23286423
2024-07-26,443.2900,443.2900,,,23286423.000751026,10322638452.0029223155400,23165000,23329000,23165000,23329000,23286423,23165000,23329000,23165000,23329000,23286423
2024-07-29,440.4100,440.4100,,,23286423.001111913,10255573553.9196976043300,23165000,23329000,23165000,23329000,23286423,23165000,23329000,23165000,23329000,23286423
2024-07-30,461.9000,461.9000,,,23286422.999206655,10755998783.3335539445000,23165000,23329000,23165000,23329000,23286423,23165000,23329000,23165000,23329000,23286423
2024-07-31,457.0700,457.0700,,,23286423.000868484,10643525361.0069579818800,23165000,23329000,23165000,23329000,23286423,23165000,23329000,23165000,23329000,23286423
2024-08-01,447.3300,447.3300,,,23286423.000256680,10416715600.7048206644000,23165000,23329000,23165000,23329000,23286423,23165000,23329000,23165000,23329000,23286423
2024-08-02,447.6500,447.6500,,,23286422.999595746,10424167255.7690356969000,23165000,23329000,23165000,23329000,23286423,23165000,23329000,23165000,23329000,23286423
2024-08-05,446.8500,446.8500,,,23286422.999085820,10405538117.1414986670000,23165000,23329000,23165000,23329000,23286423,23165000,23329000,23165000,23329000,23286423
2024-08-06,454.1500,454.1500,,,23286422.999622970,10575529005.2787718255000,23165000,23329000,23165000,23329000,23286423,23165000,23329000,23165000,23329000,23286423
2024-08-07,457.9500,457.9500,,,23286423.000770163,10664017413.2026961458500,23165000,23329000,23165000,23329000,23286423,23165000,23329000,23165000,23329000,23286423
2024-08-08,467.6500,467.6500,,,23286422.999807270,10889895715.8598698155000,23165000,23329000,23165000,23329000,23286423,23165000,23329000,23165000,23329000,23286423
2024-08-09,466.6600,466.6600,,,23286422.999817397,10866842157.0947864840200,23165000,23329000,23165000,23329000,23286423,23165000,23329000,23165000,23329000,23286423
2024-08-12,464.7400,464.7400,,,23286423.000246420,10822132225.1345212308000,23165000,23329000,23165000,23329000,23286423,23165000,23329000,23165000,23329000,23286423
2024-08-13,470.2100,470.2100,,,23286423.000867480,10949508959.2378977708000,23165000,23329000,23165000,23329000,23286423,23165000,23329000,23165000,23329000,23286423
2024-08-14,479.8700,479.8700,,,23286423.000508044,11174455805.2537950742800,23165000,23329000,23165000,23329000,23286423,23165000,23329000,23165000,23329000,23286423
2024-08-15,482.8800,482.8800,,,23286422.999305560,11244547937.9046688128000,23165000,23329000,23165000,23329000,23286423,23165000,23329000,23165000,23329000,23286423
2024-08-16,483.4800,483.4800,,,23286422.999992736,11258519792.0364880012800,23165000,23329000,23165000,23329000,23286423,23165000,23329000,23165000,23329000,23286423
2024-08-19,486.4100,486.4100,,,23286422.999948207,11326749011.4048073668700,23165000,23329000,23165000,23329000,23286423,23165000,23329000,23165000,23329000,23286423
2024-08-20,474.8900,474.8900,,,23286423.000511467,11058489418.7128905636300,23165000,23329000,23165000,23329000,23286423,23165000,23329000,23165000,23329000,23286423
2024-08-21,479.2200,479.2200,,,23286422.999534410,11159319629.8368799602000,23165000,23329000,23165000,23329000,23286423,23165000,23329000,23165000,23329000,23286423
2024-08-22,483.2400,483.2400,,,23286422.999451260,11252931050.2548268824000,23165000,23329000,23165000,23329000,23286423,23165000,23329000,23165000,23329000,23286423
2024-08-23,486.4600,486.4600,,,23286423.000225924,11327913332.6899029890400,23165000,23329000,23165000,23329000,23286423,23165000,23329000,23165000,23329000,23286423
2024-08-26,483.6300,483.6300,,,23286423.000830750,11262012755.8917756225000,23165000,23329000,23165000,23329000,23286423,23165000,23329000,23165000,23329000,23286423
2024-08-27,487.7000,487.7000,,,23286423.001014594,11356788497.5948174938000,23165000,23329000,23165000,23329000,23286423,23165000,23329000,23165000,23329000,23286423
2024-08-28,482.3700,482.3700,,,23286423.000399917,11232671862.7029079632900,23165000,23329000,23165000,23329000,23286423,23165000,23329000,23165000,23329000,23286423
2024-08-29,486.0800,486.0800,,,23286422.999816697,11319064491.7509000777600,23165000,23329000,23165000,23329000,23286423,23165000,23329000,23165000,23329000,23286423
2024-08-30,491.0900,491.0900,,,23286423.000469720,11435729471.3006747948000,23165000,23329000,23165000,23329000,23286423,23165000,23329000,23165000,23329000,23286423
2024-09-03,474.1900,474.1900,,,23286423.000975890,11042188922.8327572791000,23165000,23329000,23165000,23329000,23286423,23165000,23329000,23165000,23329000,23286423
2024-09-04,474.4500,474.4500,,,23286423.000553872,11048243392.6127845704000,23165000,23329000,23165000,23329000,23286423,23165000,23329000,23165000,23329000,23286423
2024-09-05,465.0900,465.0900,,,23286423.000469014,10830282473.2881337212600,23165000,23329000,23165000,23329000,23286423,23165000,23329000,23165000,23329000,23286423
2024-09-06,461.5000,461.5000,,,23286422.999372540,10746684214.2104272100000,23165000,23329000,23165000,23329000,23286423,23165000,23329000,23165000,23329000,23286423
2024-09-09,466.3800,466.3800,,,23286422.999588220,10860321958.5479540436000,23165000,23329000,23165000,23329000,23286423,23165000,23329000,23165000,23329000,23286423
2024-09-10,462.8300,462.8300,,,23286423.000829443,10777655157.4738911036900,23165000,23329000,23165000,23329000,23286423,23165000,23329000,23165000,23329000,23286423
2024-09-11,454.8400,454.8400,,,23286423.000035737,10591596637.3362546170800,23165000,23329000,23165000,23329000,23286423,23165000,23329000,23165000,23329000,23286423
2024-09-12,457.2100,457.2100,,,23286423.000544030,10646785460.0787359563000,23165000,23329000,23165000,23329000,23286423,23165000,23329000,23165000,23329000,23286423
2024-09-13,464.5300,464.5300,,,23286422.998997770,10817242075.7244340981000,23165000,23329000,23165000,23329000,23286423,23165000,23329000,23165000,23329000,23286423
2024-09-16,453.5300,453.5300,,,23286422.999745578,10561091423.0746119903400,23165000,23329000,23165000,23329000,23286423,23165000,23329000,23165000,23329000,23286423
2024-09-17,455.3700,455.3700,,,23286423.000854050,10603938441.8989087485000,23165000,23329000,23165000,23329000,23286423,23165000,23329000,23165000,23329000,23286423
2024-09-18,453.2800,453.2800,,,23286422.999677480,10555269817.2938081344000,23165000,23329000,23165000,23329000,23286423,23165000,23329000,23165000,23329000,23286423
2024-09-19,453.8100,453.8100,,,23286423.000499020,10567611621.8564602662000,23165000,23329000,23165000,23329000,23286423,23165000,23329000,23165000,23329000,23286423
2024-09-20,450.6400,450.6400,,,23286423.000911996,10493793661.1309818774400,23165000,23329000,23165000,23329000,23286423,23165000,23329000,23165000,23329000,23286423
2024-09-23,463.1700,463.1700,,,23286423.000585340,10785572541.1811119278000,23165000,23329000,23165000,23329000,23286423,23165000,23329000,23165000,23329000,23286423
2024-09-24,449.4400,449.4400,,,23286423.000709040,10465849953.4386709376000,23165000,23329000,23165000,23329000,23286423,23165000,23329000,23165000,23329000,23286423
2024-09-25,448.9700,448.9700,,,23286422.999666564,10454905334.1602972390800,23165000,23329000,23165000,23329000,23286423,23165000,23329000,23165000,23329000,23286423
2024-09-26,449.8400,449.8400,,,23286423.000244908,10475164522.4301694147200,23165000,23329000,23165000,23329000,23286423,23165000,23329000,23165000,23329000,23286423
2024-09-27,461.3800,461.3800,,,23286422.999787312,10743889843.6418700105600,23165000,23329000,23165000,23329000,23286423,23165000,23329000,23165000,23329000,23286423
2024-09-30,465.5700,465.5700,,,23286423.000978872,10841459956.5657334370400,23165000,23329000,23165000,23329000,23286423,23165000,23329000,23165000,23329000,23286423
2024-10-01,476.2400,476.2400,,,23286422.999220252,11089926089.1486528124800,23165000,23329000,23165000,23329000,23286423,23165000,23329000,23165000,23329000,23286423
2024-10-02,476.1200,476.1200,,,23286422.999622144,11087131718.5800952012800,23165000,23329000,23165000,23329000,23286423,23165000,23329000,23165000,23329000,23286423
2024-10-03,477.6800,477.6800,,,23286422.999963450,11123458538.6225407960000,23165000,23329000,23165000,23329000,23286423,23165000,23329000,23165000,23329000,23286423
2024-10-04,486.9300,486.9300,,,23286422.999975067,11338857951.3778593743100,23165000,23329000,23165000,23329000,23286423,23165000,23329000,23165000,23329000,23286423
2024-10-07,452.2600,452.2600,,,23286423.001056265,10531517666.4577064089000,23165000,23329000,23165000,23329000,23286423,23165000,23329000,23165000,23329000,23286423
2024-10-08,463.5800,463.5800,,,23286422.999637246,10795119974.1718345006800,23165000,23329000,23165000,23329000,23286423,23165000,23329000,23165000,23329000,23286423
2024-10-09,469.6300,469.6300,,,23286423.000148060,10936002833.5595334178000,23165000,23329000,23165000,23329000,23286423,23165000,23329000,23165000,23329000,23286423
2024-10-10,465.7900,465.7900,,,23286422.998993160,10846582968.7010239964000,23165000,23329000,23165000,23329000,23286423,23165000,23329000,23165000,23329000,23286423
2024-10-11,469.5600,469.5600,,,23286423.000843410,10934372784.2760315996000,23165000,23329000,23165000,23329000,23286423,23165000,23329000,23165000,23329000,23286423
2024-10-14,472.2900,472.2900,,,23286423.000114724,10997944718.7241829979600,23165000,23329000,23165000,23329000,23286423,23165000,23329000,23165000,23329000,23286423
2024-10-15,465.7700,465.7700,,,23286423.000754630,10846117241.0614840151000,23165000,23329000,23165000,23329000,23286423,23165000,23329000,23165000,23329000,23286423
2024-10-16,471.2800,471.2800,,,23286423.000949126,10974425431.8873041012800,23165000,23329000,23165000,23329000,23286423,23165000,23329000,23165000,23329000,23286423
2024-10-17,475.1900,475.1900,,,23286423.000632190,11065475345.6704103661000,23165000,23329000,23165000,23329000,23286423,23165000,23329000,23165000,23329000,23286423
2024-10-18,473.2200,473.2200,,,23286423.000461380,11019601092.2783342436000,23165000,23329000,23165000,23329000,23286423,23165000,23329000,23165000,23329000,23286423
2024-10-21,468.9200,468.9200,,,23286422.999965977,10919469473.1440459348400,23165000,23329000,23165000,23329000,23286423,23165000,23329000,23165000,23329000,23286423
2024-10-22,458.8100,458.8100,,,23286423.000288893,10684043736.7625469973300,23165000,23329000,23165000,23329000,23286423,23165000,23329000,23165000,23329000,23286423
2024-10-23,458.6000,458.6000,,,23286423.001019564,10679153588.2675720504000,23165000,23329000,23165000,23329000,23286423,23165000,23329000,23165000,23329000,23286423
2024-10-24,458.4200,458.4200,,,23287977.998969530,10675674874.2876119426000,23175000,23335000,23175000,23335000,23287978,23175000,23335000,23175000,23335000,23287978
2024-10-25,434.1500,434.1500,,,23287977.999039497,10110475648.2829976225500,23175000,23335000,23175000,23335000,23287978,23175000,23335000,23175000,23335000,23287978
2024-10-28,438.2700,438.2700,,,23287978.000271525,10206422118.1790012617500,23175000,23335000,23175000,23335000,23287978,23175000,23335000,23175000,23335000,23287978
2024-10-29,433.8600,433.8600,,,23287978.000523586,10103722135.3071630219600,23175000,23335000,23175000,23335000,23287978,23175000,23335000,23175000,23335000,23287978
2024-10-30,429.8200,429.8200,,,23287977.999639567,10009638703.8050786879400,23175000,23335000,23175000,23335000,23287978,23175000,23335000,23175000,23335000,23287978
2024-10-31,428.1100,428.1100,,,23287977.999416410,9969816261.3301592851000,23175000,23335000,23175000,23335000,23287978,23175000,23335000,23175000,23335000,23287978
2024-11-01,426.0300,426.0300,,,23287978.000341497,9921377267.4854879669100,23175000,23335000,23175000,23335000,23287978,23175000,23335000,23175000,23335000,23287978
2024-11-04,424.0500,424.0500,,,23287978.000313282,9875267071.0328472321000,23175000,23335000,23175000,23335000,23287978,23175000,23335000,23175000,23335000,23287978
2024-11-05,428.8800,428.8800,,,23287978.001014885,9987748005.0752638788000,23175000,23335000,23175000,23335000,23287978,23175000,23335000,23175000,23335000,23287978
2024-11-06,451.6100,451.6100,,,23287978.000028882,10517083744.5930434000200,23175000,23335000,23175000,23335000,23287978,23175000,23335000,23175000,23335000,23287978
2024-11-07,448.2600,448.2600,,,23287978.000361722,10439069018.4421455037200,23175000,23335000,23175000,23335000,23287978,23175000,23335000,23175000,23335000,23287978
2024-11-08,456.3600,456.3600,,,23287978.000353985,10627701640.2415445946000,23175000,23335000,23175000,23335000,23287978,23175000,23335000,23175000,23335000,23287978
2024-11-11,476.2000,476.2000,,,23287977.999522965,11089735123.3728359330000,23175000,23335000,23175000,23335000,23287978,23175000,23335000,23175000,23335000,23287978
2024-11-12,471.9600,471.9600,,,23287978.000867820,10990994097.2895763272000,23175000,23335000,23175000,23335000,23287978,23175000,23335000,23175000,23335000,23287978
2024-11-13,477.5000,477.5000,,,23287978.001001902,11120009495.4784082050000,23175000,23335000,23175000,23335000,23287978,23175000,23335000,23175000,23335000,23287978
2024-11-14,473.7800,473.7800,,,23287977.999813210,11033378216.7515026338000,23175000,23335000,23175000,23335000,23287978,23175000,23335000,23175000,23335000,23287978
2024-11-15,465.2400,465.2400,,,23287978.000572383,10834498884.9862954669200,23175000,23335000,23175000,23335000,23287978,23175000,23335000,23175000,23335000,23287978
2024-11-18,462.7500,462.7500,,,23287978.000581100,10776511819.7689040250000,23175000,23335000,23175000,23335000,23287978,23175000,23335000,23175000,23335000,23287978
2024-11-19,469.4500,469.4500,,,23287978.000369757,10932541272.2735824236500,23175000,23335000,23175000,23335000,23287978,23175000,23335000,23175000,23335000,23287978
2024-11-20,478.2900,478.2900,,,23287977.999160025,11138406997.2182483572500,23175000,23335000,23175000,23335000,23287978,23175000,23335000,23175000,23335000,23287978
2024-11-21,489.9200,489.9200,,,23287978.000817984,11409246182.1607467212800,23175000,23335000,23175000,23335000,23287978,23175000,23335000,23175000,23335000,23287978
2024-11-22,498.6900,498.6900,,,23287977.999377080,11613481748.5093560252000,23175000,23335000,23175000,23335000,23287978,23175000,23335000,23175000,23335000,23287978
2024-11-25,506.3200,506.3200,,,23287977.999177594,11791169020.5435993940800,23175000,23335000,23175000,23335000,23287978,23175000,23335000,23175000,23335000,23287978
2024-11-26,512.0400,512.0400,,,23287977.999221270,11924376254.7212590908000,23175000,23335000,23175000,23335000,23287978,23175000,23335000,23175000,23335000,23287978
2024-11-27,515.4500,515.4500,,,23287978.000719460,12003788260.4708456570000,23175000,23335000,23175000,23335000,23287978,23175000,23335000,23175000,23335000,23287978
2024-11-29,508.4400,508.4400,,,23287978.000224512,11840539534.4341508812800,23175000,23335000,23175000,23335000,23287978,23175000,23335000,23175000,23335000,23287978
2024-12-02,499.2700,499.2700,,,23287978.000791986,11626988776.4554148502200,23175000,23335000,23175000,23335000,23287978,23175000,23335000,23175000,23335000,23287978
2024-12-03,499.9500,499.9500,,,23287978.000216690,11642824601.2083341655000,23175000,23335000,23175000,23335000,23287978,23175000,23335000,23175000,23335000,23287978
2024-12-04,497.9100,497.9100,,,23287977.999932714,11595317125.9464976277400,23175000,23335000,23175000,23335000,23287978,23175000,23335000,23175000,23335000,23287978
2024-12-05,498.7800,498.7800,,,23287977.999290496,11615577666.4861135948800,23175000,23335000,23175000,23335000,23287978,23175000,23335000,23175000,23335000,23287978
2024-12-06,524.2200,524.2200,,,23287978.000395704,12208023827.3674359508800,23175000,23335000,23175000,23335000,23287978,23175000,23335000,23175000,23335000,23287978
2024-12-09,521.9700,521.9700,,,23287977.999343924,12155625876.3175480102800,23175000,23335000,23175000,23335000,23287978,23175000,23335000,23175000,23335000,23287978
2024-12-10,503.0800,503.0800,,,23287977.999116313,11715715971.7954347440400,23175000,23335000,23175000,23335000,23287978,23175000,23335000,23175000,23335000,23287978
2024-12-11,511.8700,511.8700,,,23287978.000671767,11920417299.2038573742900,23175000,23335000,23175000,23335000,23287978,23175000,23335000,23175000,23335000,23287978
2024-12-12,506.8800,506.8800,,,23287978.000988280,11804210289.1409393664000,23175000,23335000,23175000,23335000,23287978,23175000,23335000,23175000,23335000,23287978
2024-12-13,506.7300,506.7300,,,23287978.000416490,11800717092.1510479777000,23175000,23335000,23175000,23335000,23287978,23175000,23335000,23175000,23335000,23287978
2024-12-16,502.0700,502.0700,,,23287977.999210835,11692195114.0637839284500,23175000,23335000,23175000,23335000,23287978,23175000,23335000,23175000,23335000,23287978
2024-12-17,491.0600,491.0600,,,23287977.999445613,11435794476.4077627197800,23175000,23335000,23175000,23335000,23287978,23175000,23335000,23175000,23335000,23287978
2024-12-18,466.6200,466.6200,,,23287977.999786753,10866636294.2604946848600,23175000,23335000,23175000,23335000,23287978,23175000,23335000,23175000,23335000,23287978
2024-12-19,467.4800,467.4800,,,23287977.999063607,10886663955.0022550003600,23175000,23335000,23175000,23335000,23287978,23175000,23335000,23175000,23335000,23287978
2024-12-20,466.3100,466.3100,,,23287977.999786180,10859417021.0802935958000,23175000,23335000,23175000,23335000,23287978,23175000,23335000,23175000,23335000,23287978
2024-12-23,464.8300,464.8300,,,23287977.999227020,10824950813.3806957066000,23175000,23335000,23175000,23335000,23287978,23175000,23335000,23175000,23335000,23287978
2024-12-24,470.9500,470.9500,,,23287978.000571240,10967473239.3690254780000,23175000,23335000,23175000,23335000,23287978,23175000,23335000,23175000,23335000,23287978
2024-12-26,471.3900,471.3900,,,23287978.000249818,10977719949.5377617070200,23175000,23335000,23175000,23335000,23287978,23175000,23335000,23175000,23335000,23287978
2024-12-27,470.6800,470.6800,,,23287977.999884494,10961185484.9856336359200,23175000,23335000,23175000,23335000,23287978,23175000,23335000,23175000,23335000,23287978
2024-12-30,465.5600,465.5600,,,23287978.000545967,10841951037.9341803965200,23175000,23335000,23175000,23335000,23287978,23175000,23335000,23175000,23335000,23287978
2024-12-31,465.1300,465.1300,,,23287978.000910070,10831937207.5633008591000,23175000,23335000,23175000,23335000,23287978,23175000,23335000,23175000,23335000,23287978
2025-01-02,454.0200,454.0200,,,23287977.999894395,10573207771.5120532179000,23175000,23335000,23175000,23335000,23287978,23175000,23335000,23175000,23335000,23287978
2025-01-03,428.3200,428.3200,,,23287978.000679620,9974706737.2510948384000,23175000,23335000,23175000,23335000,23287978,23175000,23335000,23175000,23335000,23287978
2025-01-06,420.9000,420.9000,,,23287978.000361767,9801909940.3522677303000,23175000,23335000,23175000,23335000,23287978,23175000,23335000,23175000,23335000,23287978
2025-01-07,420.6900,420.6900,,,23287977.999391988,9797019464.5642154317200,23175000,23335000,23175000,23335000,23287978,23175000,23335000,23175000,23335000,23287978
2025-01-08,422.0300,422.0300,,,23287977.999845030,9828225355.2745980109000,23175000,23335000,23175000,23335000,23287978,23175000,23335000,23175000,23335000,23287978
2025-01-10,416.4800,416.4800,,,23287978.000502888,9698977077.6494427942400,23175000,23335000,23175000,23335000,23287978,23175000,23335000,23175000,23335000,23287978
2025-01-13,417.0900,417.0900,,,23287977.999974027,9713182744.0091669214300,23175000,23335000,23175000,23335000,23287978,23175000,23335000,23175000,23335000,23287978
2025-01-14,429.7900,429.7900,,,23287978.000767850,10008940064.9500142515000,23175000,23335000,23175000,23335000,23287978,23175000,23335000,23175000,23335000,23287978
2025-01-15,436.0000,436.0000,,,23287977.998920996,10153558407.5295542560000,23175000,23335000,23175000,23335000,23287978,23175000,23335000,23175000,23335000,23287978
2025-01-16,438.1300,438.1300,,,23287978.000104856,10203161801.1859405592800,23175000,23335000,23175000,23335000,23287978,23175000,23335000,23175000,23335000,23287978
2025-01-17,436.3400,436.3400,,,23287977.999509886,10161476320.3061436572400,23175000,23335000,23175000,23335000,23287978,23175000,23335000,23175000,23335000,23287978
2025-01-21,439.1500,439.1500,,,23287978.000497032,10226915538.9182716028000,23175000,23335000,23175000,23335000,23287978,23175000,23335000,23175000,23335000,23287978
2025-01-22,439.2400,439.2400,,,23287977.999065977,10229011456.3097397374800,23175000,23335000,23175000,23335000,23287978,23175000,23335000,23175000,23335000,23287978
2025-01-23,432.7900,432.7900,,,23287977.999366336,10078803998.3457565574400,23175000,23335000,23175000,23335000,23287978,23175000,23335000,23175000,23335000,23287978
2025-01-24,432.6400,432.6400,,,23287978.001014583,10075310802.3589491891200,23175000,23335000,23175000,23335000,23287978,23175000,23335000,23175000,23335000,23287978
2025-01-27,444.2800,444.2800,,,23287978.000293510,10346382865.9704006228000,23175000,23335000,23175000,23335000,23287978,23175000,23335000,23175000,23335000,23287978
2025-01-28,442.1000,442.1000,,,23287977.999358810,10295615073.5165299010000,23175000,23335000,23175000,23335000,23287978,23175000,23335000,23175000,23335000,23287978
2025-01-29,443.8700,443.8700,,,23287977.999409273,10336834794.5977940065100,23175000,23335000,23175000,23335000,23287978,23175000,23335000,23175000,23335000,23287978
2025-01-30,440.2300,440.2300,,,23287978.000694957,10252066555.2459409201100,23175000,23335000,23175000,23335000,23287978,23175000,23335000,23175000,23335000,23287978
2025-01-31,441.9400,441.9400,,,23287978.000473010,10291888997.5290420394000,23175000,23335000,23175000,23335000,23287978,23175000,23335000,23175000,23335000,23287978
2025-02-03,450.3300,450.3300,,,23287977.999155357,10487275132.3596319178100,23175000,23335000,23175000,23335000,23287978,23175000,23335000,23175000,23335000,23287978
2025-02-04,457.2900,457.2900,,,23287977.999280960,10649359459.2911901984000,23175000,23335000,23175000,23335000,23287978,23175000,23335000,23175000,23335000,23287978
2025-02-05,485.0100,485.0100,,,23287978.000491810,11294902210.0185327681000,23175000,23335000,23175000,23335000,23287978,23175000,23335000,23175000,23335000,23287978
2025-02-06,494.7200,494.7200,,,23287977.999193430,11521028475.7609736896000,23175000,23335000,23175000,23335000,23287978,23175000,23335000,23175000,23335000,23287978
2025-02-07,489.5300,489.5300,,,23287977.999122996,11400163869.9106802318800,23175000,23335000,23175000,23335000,23287978,23175000,23335000,23175000,23335000,23287978
2025-02-10,484.2500,484.2500,,,23287978.000348825,11277203346.6689185062500,23175000,23335000,23175000,23335000,23287978,23175000,23335000,23175000,23335000,23287978
2025-02-11,479.1500,479.1500,,,23287977.999400850,11158434658.4129172775000,23175000,23335000,23175000,23335000,23287978,23175000,23335000,23175000,23335000,23287978
2025-02-12,476.6700,476.6700,,,23287977.998992015,11100680472.7795237900500,23175000,23335000,23175000,23335000,23287978,23175000,23335000,23175000,23335000,23287978
2025-02-13,487.1100,487.1100,,,23287978.000607066,11343806963.8757079192600,23175000,23335000,23175000,23335000,23287978,23175000,23335000,23175000,23335000,23287978
2025-02-14,449.3400,449.3400,,,23287978.000243325,10464220034.6293356555000,23175000,23335000,23175000,23335000,23287978,23175000,23335000,23175000,23335000,23287978
2025-02-18,442.1700,442.1700,,,23287977.999666523,10297245232.1125464749100,23175000,23335000,23175000,23335000,23287978,23175000,23335000,23175000,23335000,23287978
2025-02-19,440.3200,440.3200,,,23287977.999267373,10254162472.6374096793600,23175000,23335000,23175000,23335000,23287978,23175000,23335000,23175000,23335000,23287978
2025-02-20,441.4400,441.4400,,,23287978.001007990,10280245008.7649671056000,23175000,23335000,23175000,23335000,23287978,23175000,23335000,23175000,23335000,23287978
2025-02-21,428.5300,428.5300,,,23277394.999782313,9975062079.2567145898900,23153000,23332000,23153000,23332000,23277395,23153000,23332000,23153000,23332000,23277395
2025-02-24,427.1600,427.1600,,,23277394.999995302,9943172048.1979932023200,23153000,23332000,23153000,23332000,23277395,23153000,23332000,23153000,23332000,23277395
2025-02-25,423.3200,423.3200,,,23277394.998902895,9853786850.9355735114000,23153000,23332000,23153000,23332000,23277395,23153000,23332000,23153000,23332000,23277395
2025-02-26,416.8400,416.8400,,,23277394.999943450,9702949331.7764276980000,23153000,23332000,23153000,23332000,23277395,23153000,23332000,23153000,23332000,23277395
2025-02-27,428.0700,428.0700,,,23277394.999495230,9964354477.4339231061000,23153000,23332000,23153000,23332000,23277395,23153000,23332000,23153000,23332000,23277395
2025-02-28,431.8500,431.8500,,,23277394.999151380,10052343030.3835234530000,23153000,23332000,23153000,23332000,23277395,23153000,23332000,23153000,23332000,23277395
2025-03-03,430.5900,430.5900,,,23277394.999839325,10023013512.9808149517500,23153000,23332000,23153000,23332000,23277395,23153000,23332000,23153000,23332000,23277395
2025-03-04,433.1400,433.1400,,,23277394.999923605,10082370870.2669102697000,23153000,23332000,23153000,23332000,23277395,23153000,23332000,23153000,23332000,23277395
2025-03-05,437.7100,437.7100,,,23277395.000679200,10188748565.7472926320000,23153000,23332000,23153000,23332000,23277395,23153000,23332000,23153000,23332000,23277395
2025-03-06,435.4300,435.4300,,,23277394.998909663,10135676104.3752345600900,23153000,23332000,23153000,23332000,23277395,23153000,23332000,23153000,23332000,23277395
2025-03-07,446.2700,446.2700,,,23277395.000993080,10388003067.0931818116000,23153000,23332000,23153000,23332000,23277395,23153000,23332000,23153000,23332000,23277395
2025-03-10,449.0400,449.0400,,,23277395.000615172,10452481451.0762368348800,23153000,23332000,23153000,23332000,23277395,23153000,23332000,23153000,23332000,23277395
2025-03-11,454.4500,454.4500,,,23277394.999013763,10578412157.3018045953500,23153000,23332000,23153000,23332000,23277395,23153000,23332000,23153000,23332000,23277395
2025-03-12,448.2800,448.2800,,,23277394.999296553,10434790630.2846587788400,23153000,23332000,23153000,23332000,23277395,23153000,23332000,23153000,23332000,23277395
2025-03-13,439.2800,439.2800,,,23277395.000469060,10225294075.8060486768000,23153000,23332000,23153000,23332000,23277395,23153000,23332000,23153000,23332000,23277395
2025-03-14,455.4200,455.4200,,,23277394.999185390,10600991230.5290103138000,23153000,23332000,23153000,23332000,23277395,23153000,23332000,23153000,23332000,23277395
2025-03-17,456.7000,456.7000,,,23277395.000379816,10630786296.6734619672000,23153000,23332000,23153000,23332000,23277395,23153000,23332000,23153000,23332000,23277395
2025-03-18,450.8600,450.8600,,,23277394.999134900,10494846309.3099610140000,23153000,23332000,23153000,23332000,23277395,23153000,23332000,23153000,23332000,23277395
2025-03-19,451.4000,451.4000,,,23277394.999253660,10507416102.6631021240000,23153000,23332000,23153000,23332000,23277395,23153000,23332000,23153000,23332000,23277395
2025-03-20,459.0200,459.0200,,,23277394.999174304,10684789852.5209890220800,23153000,23332000,23153000,23332000,23277395,23153000,23332000,23153000,23332000,23277395
2025-03-21,470.0400,470.0400,,,23277395.000843666,10941306746.1965567666400,23153000,23332000,23153000,23332000,23277395,23153000,23332000,23153000,23332000,23277395
2025-03-24,482.7000,482.7000,,,23277394.999265704,11235998566.1455553208000,23153000,23332000,23153000,23332000,23277395,23153000,23332000,23153000,23332000,23277395
2025-03-25,486.0800,486.0800,,,23277395.000209372,11314676161.7017715417600,23153000,23332000,23153000,23332000,23277395,23153000,23332000,23153000,23332000,23277395
2025-03-26,480.4100,480.4100,,,23277395.000181580,11182693332.0372328478000,23153000,23332000,23153000,23332000,23277395,23153000,23332000,23153000,23332000,23277395
2025-03-27,486.7500,486.7500,,,23277394.999510765,11330272016.0118648637500,23153000,23332000,23153000,23332000,23277395,23153000,23332000,23153000,23332000,23277395
2025-03-28,482.1400,482.1400,,,23277394.999488410,11222963225.0533419974000,23153000,23332000,23153000,23332000,23277395,23153000,23332000,23153000,23332000,23277395
2025-03-31,486.7100,486.7100,,,23277394.999635360,11329340920.2725260656000,23153000,23332000,23153000,23332000,23277395,23153000,23332000,23153000,23332000,23277395
2025-04-01,488.1500,488.1500,,,23277395.000254700,11362860369.3743318050000,23153000,23332000,23153000,23332000,23277395,23153000,23332000,23153000,23332000,23277395
2025-04-02,491.5000,491.5000,,,23277394.999366570,11440839642.1886691550000,23153000,23332000,23153000,23332000,23277395,23153000,23332000,23153000,23332000,23277395
2025-04-03,498.6000,498.6000,,,23277394.999385647,11606109146.6936835942000,23153000,23332000,23153000,23332000,23277395,23153000,23332000,23153000,23332000,23277395
2025-04-04,459.1100,459.1100,,,23277394.999019407,10686884817.9997999477700,23153000,23332000,23153000,23332000,23277395,23153000,23332000,23153000,23332000,23277395
2025-04-07,440.4500,440.4500,,,23277394.999361450,10252528627.4687506525000,23153000,23332000,23153000,23332000,23277395,23153000,23332000,23153000,23332000,23277395
2025-04-08,437.4600,437.4600,,,23277394.999104960,10182929216.3084558016000,23153000,23332000,23153000,23332000,23277395,23153000,23332000,23153000,23332000,23277395
2025-04-09,471.3400,471.3400,,,23277394.999527745,10971567359.0774073283000,23153000,23332000,23153000,23332000,23277395,23153000,23332000,23153000,23332000,23277395
2025-04-10,478.2300,478.2300,,,23277395.000620604,11131948611.1467914509200,23153000,23332000,23153000,23332000,23277395,23153000,23332000,23153000,23332000,23277395
2025-04-11,482.3400,482.3400,,,23277395.000938565,11227618704.7527074421000,23153000,23332000,23153000,23332000,23277395,23153000,23332000,23153000,23332000,23277395
2025-04-14,485.1000,485.1000,,,23277394.999947295,11291864314.4744328045000,23153000,23332000,23153000,23332000,23277395,23153000,23332000,23153000,23332000,23277395
2025-04-15,484.2100,484.2100,,,23277394.999537190,11271147432.7259027699000,23153000,23332000,23153000,23332000,23277395,23153000,23332000,23153000,23332000,23277395
2025-04-16,483.6500,483.6500,,,23277394.999759518,11258112091.6336908807000,23153000,23332000,23153000,23332000,23277395,23153000,23332000,23153000,23332000,23277395
2025-04-17,485.7000,485.7000,,,23277394.999600540,11305830751.3059822780000,23153000,23332000,23153000,23332000,23277395,23153000,23332000,23153000,23332000,23277395
2025-04-21,470.9900,470.9900,,,23277395.000793000,10963420271.4234950700000,23153000,23332000,23153000,23332000,23277395,23153000,23332000,23153000,23332000,23277395
2025-04-22,487.7300,487.7300,,,23277394.999772836,11353083863.2392053022800,23153000,23332000,23153000,23332000,23277395,23153000,23332000,23153000,23332000,23277395
2025-04-23,491.6600,491.6600,,,23277395.000381360,11444564025.8874994576000,23153000,23332000,23153000,23332000,23277395,23153000,23332000,23153000,23332000,23277395
2025-04-24,501.9700,501.9700,,,23311435.000159796,11701641027.0302127981200,23170000,23313000,23170000,23313000,23311435,23170000,23313000,23170000,23313000,23311435
2025-04-25,419.9900,419.9900,,,23311434.999600116,9790569585.4820527188400,23170000,23313000,23170000,23313000,23311435,23170000,23313000,23170000,23313000,23311435
2025-04-28,424.1900,424.1900,,,23311434.999774262,9888477612.5542441977800,23170000,23313000,23170000,23313000,23311435,23170000,23313000,23170000,23313000,23311435
2025-04-29,434.6000,434.6000,,,23311435.001032434,10131149651.4486958164000,23170000,23313000,23170000,23313000,23311435,23170000,23313000,23170000,23313000,23311435
2025-04-30,435.2600,435.2600,,,23311434.999509327,10146535197.8864296700200,23170000,23313000,23170000,23313000,23311435,23170000,23313000,23170000,23313000,23311435
2025-05-01,426.4600,426.4600,,,23311435.000489040,9941394570.3085559984000,23170000,23313000,23170000,23313000,23311435,23170000,23313000,23170000,23313000,23311435
2025-05-02,448.8000,448.8000,,,23311434.999308540,10462172027.6896727520000,23170000,23313000,23170000,23313000,23311435,23170000,23313000,23170000,23313000,23311435
2025-05-05,456.0200,456.0200,,,23311434.999309596,10630480588.3851619679200,23170000,23313000,23170000,23313000,23311435,23170000,23313000,23170000,23313000,23311435
2025-05-06,458.2500,458.2500,,,23311435.000224274,10682465088.8527735605000,23170000,23313000,23170000,23313000,23311435,23170000,23313000,23170000,23313000,23311435
2025-05-07,460.0900,460.0900,,,23311434.999420308,10725358128.8832895077200,23170000,23313000,23170000,23313000,23311435,23170000,23313000,23170000,23313000,23311435
2025-05-08,457.6500,457.6500,,,23311434.999576060,10668478227.5559838590000,23170000,23313000,23170000,23313000,23311435,23170000,23313000,23170000,23313000,23311435
2025-05-09,454.0800,454.0800,,,23311435.000273810,10585256404.9243316448000,23170000,23313000,23170000,23313000,23311435,23170000,23313000,23170000,23313000,23311435
2025-05-12,456.8100,456.8100,,,23311435.000108648,10648896622.3996314928800,23170000,23313000,23170000,23313000,23311435,23170000,23313000,23170000,23313000,23311435
2025-05-13,446.3400,446.3400,,,23311435.001040100,10404825898.3642382340000,23170000,23313000,23170000,23313000,23311435,23170000,23313000,23170000,23313000,23311435
2025-05-14,438.9900,438.9900,,,23311434.999056690,10233486850.2358963431000,23170000,23313000,23170000,23313000,23311435,23170000,23313000,23170000,23313000,23311435
2025-05-15,459.5700,459.5700,,,23311434.999836367,10713236182.8747991821900,23170000,23313000,23170000,23313000,23311435,23170000,23313000,23170000,23313000,23311435
2025-05-16,463.5300,463.5300,,,23311434.998996310,10805549465.0847595743000,23170000,23313000,23170000,23313000,23311435,23170000,23313000,23170000,23313000,23311435
2025-05-19,472.2000,472.2000,,,23311435.000497937,11007659607.2351258514000,23170000,23313000,23170000,23313000,23311435,23170000,23313000,23170000,23313000,23311435
2025-05-20,476.3500,476.3500,,,23311434.999514820,11104402062.0188845070000,23170000,23313000,23170000,23313000,23311435,23170000,23313000,23170000,23313000,23311435
2025-05-21,464.0300,464.0300,,,23311434.999787163,10817205182.9512372468900,23170000,23313000,23170000,23313000,23311435,23170000,23313000,23170000,23313000,23311435
2025-05-22,453.1500,453.1500,,,23311435.000191398,10563576770.3367320037000,23170000,23313000,23170000,23313000,23311435,23170000,23313000,23170000,23313000,23311435
2025-05-23,463.6100,463.6100,,,23311435.000049744,10807414380.3730618158400,23170000,23313000,23170000,23313000,23311435,23170000,23313000,23170000,23313000,23311435
2025-05-27,474.0700,474.0700,,,23311434.999914340,11051251990.4093911638000,23170000,23313000,23170000,23313000,23311435,23170000,23313000,23170000,23313000,23311435
2025-05-28,469.0100,469.0100,,,23311434.999330852,10933296129.0361628965200,23170000,23313000,23170000,23313000,23311435,23170000,23313000,23170000,23313000,23311435
2025-05-29,467.0800,467.0800,,,23311435.000865873,10888305060.2044319608400,23170000,23313000,23170000,23313000,23311435,23170000,23313000,23170000,23313000,23311435
2025-05-30,471.9900,471.9900,,,23311434.999509454,11002764205.4184671934600,23170000,23313000,23170000,23313000,23311435,23170000,23313000,23170000,23313000,23311435
2025-06-02,473.1300,473.1300,,,23311434.999456614,11029339241.2929077818200,23170000,23313000,23170000,23313000,23311435,23170000,23313000,23170000,23313000,23311435
2025-06-03,473.9900,473.9900,,,23311435.000782408,11049387076.0208535679200,23170000,23313000,23170000,23313000,23311435,23170000,23313000,23170000,23313000,23311435
2025-06-04,467.6600,467.6600,,,23311435.000241116,10901825692.2127603085600,23170000,23313000,23170000,23313000,23311435,23170000,23313000,23170000,23313000,23311435
2025-06-05,470.9100,470.9100,,,23311435.000266057,10977587855.9752889018700,23170000,23313000,23170000,23313000,23311435,23170000,23313000,23170000,23313000,23311435
2025-06-06,476.1300,476.1300,,,23311434.999252684,11099273546.1941804329200,23170000,23313000,23170000,23313000,23311435,23170000,23313000,23170000,23313000,23311435
2025-06-09,463.5100,463.5100,,,23311434.999105833,10805083236.4355446538300,23170000,23313000,23170000,23313000,23311435,23170000,23313000,23170000,23313000,23311435
2025-06-10,459.2400,459.2400,,,23311434.999942165,10705543409.3734398546000,23170000,23313000,23170000,23313000,23311435,23170000,23313000,23170000,23313000,23311435
2025-06-11,459.7100,459.7100,,,23311434.999909520,10716499783.8084054392000,23170000,23313000,23170000,23313000,23311435,23170000,23313000,23170000,23313000,23311435
2025-06-12,473.9400,473.9400,,,23311434.999950300,11048221503.8764451820000,23170000,23313000,23170000,23313000,23311435,23170000,23313000,23170000,23313000,23311435
2025-06-13,474.3200,474.3200,,,23311434.999932380,11057079849.1679264816000,23170000,23313000,23170000,23313000,23311435,23170000,23313000,23170000,23313000,23311435
2025-06-16,470.4700,470.4700,,,23311434.999886020,10967330824.3963758294000,23170000,23313000,23170000,23313000,23311435,23170000,23313000,23170000,23313000,23311435
2025-06-17,464.5100,464.5100,,,23311434.999756172,10828394671.7367394557200,23170000,23313000,23170000,23313000,23311435,23170000,23313000,23170000,23313000,23311435
2025-06-18,460.8700,460.8700,,,23311435.000506733,10743541048.6835380377100,23170000,23313000,23170000,23313000,23311435,23170000,23313000,23170000,23313000,23311435
2025-06-20,476.0700,476.0700,,,23311435.000964265,11097874860.9090576385500,23170000,23313000,23170000,23313000,23311435,23170000,23313000,23170000,23313000,23311435
2025-06-23,478.0200,478.0200,,,23311434.999298620,11143332158.3647263324000,23170000,23313000,23170000,23313000,23311435,23170000,23313000,23170000,23313000,23311435
2025-06-24,478.3300,478.3300,,,23311434.999622820,11150558703.3695834906000,23170000,23313000,23170000,23313000,23311435,23170000,23313000,23170000,23313000,23311435
2025-06-25,465.8300,465.8300,,,23311434.999982785,10859165766.0419807365500,23170000,23313000,23170000,23313000,23311435,23170000,23313000,23170000,23313000,23311435
2025-06-26,476.4000,476.4000,,,23311435.000117820,11105567634.0561294480000,23170000,23313000,23170000,23313000,23311435,23170000,23313000,23170000,23313000,23311435
2025-06-27,473.3100,473.3100,,,23311435.000037060,11033535299.8675408686000,23170000,23313000,23170000,23313000,23311435,23170000,23313000,23170000,23313000,23311435
2025-06-30,483.9000,483.9000,,,23311435.000790205,11280403396.8823801995000,23170000,23313000,23170000,23313000,23311435,23170000,23313000,23170000,23313000,23311435
2025-07-01,479.3900,479.3900,,,23311435.000642920,11175268824.9582094188000,23170000,23313000,23170000,23313000,23311435,23170000,23313000,23170000,23313000,23311435
2025-07-02,473.1300,473.1300,,,23311434.999456614,11029339241.2929077818200,23170000,23313000,23170000,23313000,23311435,23170000,23313000,23170000,23313000,23311435
2025-07-03,476.1600,476.1600,,,23311434.999147482,11099972889.1940650291200,23170000,23313000,23170000,23313000,23311435,23170000,23313000,23170000,23313000,23311435
2025-07-07,474.5600,474.5600,,,23311435.000906080,11062674594.0299893248000,23170000,23313000,23170000,23313000,23311435,23170000,23313000,23170000,23313000,23311435
2025-07-08,485.1900,485.1900,,,23311434.999042500,11310475147.1854305750000,23170000,23313000,23170000,23313000,23311435,23170000,23313000,23170000,23313000,23311435
2025-07-09,488.9600,488.9600,,,23311434.999851383,11398359257.5273322316800,23170000,23313000,23170000,23313000,23311435,23170000,23313000,23170000,23313000,23311435
2025-07-10,489.1500,489.1500,,,23311434.999989750,11402788430.2449862125000,23170000,23313000,23170000,23313000,23311435,23170000,23313000,23170000,23313000,23311435
2025-07-11,479.8200,479.8200,,,23311434.999357656,11185292741.3917905019200,23170000,23313000,23170000,23313000,23311435,23170000,23313000,23170000,23313000,23311435
2025-07-14,489.8900,489.8900,,,23311434.999047592,11420038891.6834248448800,23170000,23313000,23170000,23313000,23311435,23170000,23313000,23170000,23313000,23311435
2025-07-15,476.8900,476.8900,,,23311435.001018304,11116990237.6356189945600,23170000,23313000,23170000,23313000,23311435,23170000,23313000,23170000,23313000,23311435
2025-07-16,484.8700,484.8700,,,23311434.999149360,11303015488.0375501832000,23170000,23313000,23170000,23313000,23311435,23170000,23313000,23170000,23313000,23311435
2025-07-17,483.7400,483.7400,,,23311435.000844340,11276673567.3084410316000,23170000,23313000,23170000,23313000,23311435,23170000,23313000,23170000,23313000,23311435
2025-07-18,480.1800,480.1800,,,23311435.000502013,11193684858.5410566023400,23170000,23313000,23170000,23313000,23311435,23170000,23313000,23170000,23313000,23311435
2025-07-21,476.0200,476.0200,,,23311435.000135813,11096709288.7646497042600,23170000,23313000,23170000,23313000,23311435,23170000,23313000,23170000,23313000,23311435
2025-07-22,485.3700,485.3700,,,23311434.999608673,11314671205.7600616140100,23170000,23313000,23170000,23313000,23311435,23170000,23313000,23170000,23313000,23311435
2025-07-23,479.1800,479.1800,,,23311434.999874495,11170373423.2398605141000,23170000,23313000,23170000,23313000,23311435,23170000,23313000,23170000,23313000,23311435
2025-07-24,476.5200,476.5200,,,23300000.999112160,11102916476.0969264832000,23175000,23291000,23175000,23291000,23300001,23175000,23291000,23175000,23291000,23300001
2025-07-25,477.3500,477.3500,,,23300000.999474645,11122255477.0992217907500,23175000,23291000,23175000,23291000,23300001,23175000,23291000,23175000,23291000,23300001
2025-07-28,472.3500,472.3500,,,23300000.999444682,11005755472.0876955427000,23175000,23291000,23175000,23291000,23300001,23175000,23291000,23175000,23291000,23300001
2025-07-29,450.3500,450.3500,,,23300000.999304716,10493155450.0368788506000,23175000,23291000,23175000,23291000,23300001,23175000,23291000,23175000,23291000,23300001
2025-07-30,444.6000,444.6000,,,23300001.000956547,10359180445.0252807962000,23175000,23291000,23175000,23291000,23300001,23175000,23291000,23175000,23291000,23300001
2025-07-31,440.6900,440.6900,,,23300001.000739865,10268077441.0160511068500,23175000,23291000,23175000,23291000,23300001,23175000,23291000,23175000,23291000,23300001
2025-08-01,444.4900,444.4900,,,23300000.998949412,10356617444.0230241398800,23175000,23291000,23175000,23291000,23300001,23175000,23291000,23175000,23291000,23300001
2025-08-04,445.4900,445.4900,,,23300000.998956945,10379917445.0253294280500,23175000,23291000,23175000,23291000,23300001,23175000,23291000,23175000,23291000,23300001
2025-08-05,444.2000,444.2000,,,23300000.999601513,10349860444.0229920746000,23175000,23291000,23175000,23291000,23300001,23175000,23291000,23175000,23291000,23300001
2025-08-06,444.9800,444.9800,,,23300001.000101812,10368034445.0253043037600,23175000,23291000,23175000,23291000,23300001,23175000,23291000,23175000,23291000,23300001
2025-08-07,440.0100,440.0100,,,23300001.000008658,10252233440.0138096065800,23175000,23291000,23175000,23291000,23300001,23175000,23291000,23175000,23291000,23300001
2025-08-08,438.8700,438.8700,,,23300001.000322250,10225671439.0114258575000,23175000,23291000,23175000,23291000,23300001,23175000,23291000,23175000,23291000,23300001
2025-08-11,437.2000,437.2000,,,23300000.999558220,10186760437.0068537840000,23175000,23291000,23175000,23291000,23300001,23175000,23291000,23175000,23291000,23300001
2025-08-12,437.4500,437.4500,,,23300000.998987038,10192585437.0068797731000,23175000,23291000,23175000,23291000,23300001,23175000,23291000,23175000,23291000,23300001
2025-08-13,452.0100,452.0100,,,23300001.000069630,10531833452.0414734563000,23175000,23291000,23175000,23291000,23300001,23175000,23291000,23175000,23291000,23300001
2025-08-14,453.6800,453.6800,,,23300001.000807050,10570744454.0461424440000,23175000,23291000,23175000,23291000,23300001,23175000,23291000,23175000,23291000,23300001
2025-08-15,441.8400,441.8400,,,23300001.000403790,10294872442.0184105736000,23175000,23291000,23175000,23291000,23300001,23175000,23291000,23175000,23291000,23300001
2025-08-18,446.0000,446.0000,,,23300001.000062026,10391800446.0276635960000,23175000,23291000,23175000,23291000,23300001,23175000,23291000,23175000,23291000,23300001
2025-08-19,461.8500,461.8500,,,23300001.000464640,10761105462.0645939840000,23175000,23291000,23175000,23291000,23300001,23175000,23291000,23175000,23291000,23300001
2025-08-20,468.2100,468.2100,,,23300000.999718923,10909293468.0783969378300,23175000,23291000,23175000,23291000,23300001,23175000,23291000,23175000,23291000,23300001
2025-08-21,459.0600,459.0600,,,23300000.999994760,10696098459.0575945256000,23175000,23291000,23175000,23291000,23300001,23175000,23291000,23175000,23291000,23300001
2025-08-22,455.3800,455.3800,,,23300000.999271896,10610354455.0484360004800,23175000,23291000,23175000,23291000,23300001,23175000,23291000,23175000,23291000,23300001
2025-08-25,449.1400,449.1400,,,23300000.999765232,10464962449.0345563004800,23175000,23291000,23175000,23291000,23300001,23175000,23291000,23175000,23291000,23300001
2025-08-26,450.7300,450.7300,,,23300001.000686023,10502009451.0392111467900,23175000,23291000,23175000,23291000,23300001,23175000,23291000,23175000,23291000,23300001
2025-08-27,455.0800,455.0800,,,23300000.999930620,10603364455.0484265496000,23175000,23291000,23175000,23291000,23300001,23175000,23291000,23175000,23291000,23300001
2025-08-28,455.4900,455.4900,,,23300000.999030456,10612917455.0483824034400,23175000,23291000,23175000,23291000,23300001,23175000,23291000,23175000,23291000,23300001
2025-08-29,457.4500,457.4500,,,23300001.000949476,10658585457.8843377962000,23175000,23291000,23175000,23291000,23300001,23175000,23291000,23175000,23291000,23300001
2025-09-02,455.3000,455.3000,,,23300000.999074426,10608490454.8785861578000,23175000,23291000,23175000,23291000,23300001,23175000,23291000,23175000,23291000,23300001
2025-09-03,452.1000,452.1000,,,23300000.999497370,10533930451.8727609770000,23175000,23291000,23175000,23291000,23300001,23175000,23291000,23175000,23291000,23300001
2025-09-04,459.7100,459.7100,,,23300001.000387732,10711243459.8882442777200,23175000,23291000,23175000,23291000,23300001,23175000,23291000,23175000,23291000,23300001
2025-09-05,455.4000,455.4000,,,23300001.001055177,10610820455.8805276058000,23175000,23291000,23175000,23291000,23300001,23175000,23291000,23175000,23291000,23300001
2025-09-08,451.8500,451.8500,,,23300001.000050336,10528105451.8727443216000,23175000,23291000,23175000,23291000,23300001,23175000,23291000,23175000,23291000,23300001
2025-09-09,442.3000,442.3000,,,23300000.998990364,10305590441.8534379972000,23175000,23291000,23175000,23291000,23300001,23175000,23291000,23175000,23291000,23300001
2025-09-10,425.6600,425.6600,,,23300001.000381560,9917878425.8224148296000,23175000,23291000,23175000,23291000,23300001,23175000,23291000,23175000,23291000,23300001
2025-09-11,436.3700,436.3700,,,23300001.001085580,10167421436.8437145446000,23175000,23291000,23175000,23291000,23300001,23175000,23291000,23175000,23291000,23300001
2025-09-12,431.6900,431.6900,,,23300001.000333752,10058377431.8340774008800,23175000,23291000,23175000,23291000,23300001,23175000,23291000,23175000,23291000,23300001
2025-09-15,424.2400,424.2400,,,23300000.999006663,9884792423.8185867111200,23175000,23291000,23175000,23291000,23300001,23175000,23291000,23175000,23291000,23300001
2025-09-16,428.3000,428.3000,,,23300000.998893965,9979390427.8262852095000,23175000,23291000,23175000,23291000,23300001,23175000,23291000,23175000,23291000,23300001
2025-09-17,430.6600,430.6600,,,23300001.000399694,10034378430.8321322180400,23175000,23291000,23175000,23291000,23300001,23175000,23291000,23175000,23291000,23300001
2025-09-18,427.3200,427.3200,,,23300000.998840080,9956556426.8243429856000,23175000,23291000,23175000,23291000,23300001,23175000,23291000,23175000,23291000,23300001
2025-09-19,428.7100,428.7100,,,23300001.000275776,9988943428.8282279289600,23175000,23291000,23175000,23291000,23300001,23175000,23291000,23175000,23291000,23300001
2025-09-22,423.6100,423.6100,,,23300001.000492440,9870113423.8186025084000,23175000,23291000,23175000,23291000,23300001,23175000,23291000,23175000,23291000,23300001
2025-09-23,427.9900,427.9900,,,23300000.999617476,9972167427.8262835532400,23175000,23291000,23175000,23291000,23300001,23175000,23291000,23175000,23291000,23300001
2025-09-24,429.7900,429.7900,,,23300001.000093482,10014107429.8301776287800,23175000,23291000,23175000,23291000,23300001,23175000,23291000,23175000,23291000,23300001
2025-09-25,415.1500,415.1500,,,23300000.999159640,9672995414.8011245460000,23175000,23291000,23175000,23291000,23300001,23175000,23291000,23175000,23291000,23300001
2025-09-26,419.3300,419.3300,,,23300001.001146660,9770389419.8108289378000,23175000,23291000,23175000,23291000,23300001,23175000,23291000,23175000,23291000,23300001
2025-09-29,416.7400,416.7400,,,23300001.000156034,9710042416.8050256091600,23175000,23291000,23175000,23291000,23300001,23175000,23291000,23175000,23291000,23300001
2025-09-30,425.2600,425.2600,,,23300000.998966634,9908558424.8205507748400,23175000,23291000,23175000,23291000,23300001,23175000,23291000,23175000,23291000,23300001
2025-10-01,417.4900,417.4900,,,23300001.000759330,9727517417.8070126817000,23175000,23291000,23175000,23291000,23300001,23175000,23291000,23175000,23291000,23300001
2025-10-02,442.5600,442.5600,,,23300001.000667416,10311648442.8553716249600,23175000,23291000,23175000,23291000,23300001,23175000,23291000,23175000,23291000,23300001
2025-10-03,466.2600,466.2600,,,23300000.999227695,10863858465.8999050707000,23175000,23291000,23175000,23291000,23300001,23175000,23291000,23175000,23291000,23300001
2025-10-06,474.5200,474.5200,,,23300001.000837200,11056316474.9172681440000,23175000,23291000,23175000,23291000,23300001,23175000,23291000,23175000,23291000,23300001
2025-10-07,473.2400,473.2400,,,23300000.999309797,11026492472.9133683322800,23175000,23291000,23175000,23291000,23300001,23175000,23291000,23175000,23291000,23300001
2025-10-08,478.9900,478.9900,,,23300000.999864243,11160467478.9249737545700,23175000,23291000,23175000,23291000,23300001,23175000,23291000,23175000,23291000,23300001
2025-10-09,476.3700,476.3700,,,23300000.999053740,11099421475.9192301238000,23175000,23291000,23175000,23291000,23300001,23175000,23291000,23175000,23291000,23300001
2025-10-10,469.9300,469.9300,,,23300000.999952240,10949369469.9075561432000,23175000,23291000,23175000,23291000,23300001,23175000,23291000,23175000,23291000,23300001
2025-10-13,472.1600,472.1600,,,23300000.999473523,11001328471.9114186196800,23175000,23291000,23175000,23291000,23300001,23175000,23291000,23175000,23291000,23300001
2025-10-14,473.6900,473.6900,,,23300001.000475700,11036977473.9153343330000,23175000,23291000,23175000,23291000,23300001,23175000,23291000,23175000,23291000,23300001
2025-10-15,463.1800,463.1800,,,23300000.999382634,10792094462.8940484161200,23175000,23291000,23175000,23291000,23300001,23175000,23291000,23175000,23291000,23300001
2025-10-16,438.5000,438.5000,,,23300001.000792637,10217050438.8475713245000,23175000,23291000,23175000,23291000,23300001,23175000,23291000,23175000,23291000,23300001
2025-10-17,447.4400,447.4400,,,23300001.000949893,10425352447.8650201239200,23175000,23291000,23175000,23291000,23300001,23175000,23291000,23175000,23291000,23300001
2025-10-20,442.7200,442.7200,,,23300001.000305750,10315376442.8553616400000,23175000,23291000,23175000,23291000,23300001,23175000,23291000,23175000,23291000,23300001
2025-10-21,453.6900,453.6900,,,23300001.000411430,10570977453.8766616767000,23175000,23291000,23175000,23291000,23300001,23175000,23291000,23175000,23291000,23300001
2025-10-22,452.6000,452.6000,,,23300001.000607006,10545580452.8747309156000,23175000,23291000,23175000,23291000,23300001,23175000,23291000,23175000,23291000,23300001
2025-10-23,453.1500,453.1500,,,23263425.998972304,10541821491.4342995576000,23159000,23271000,23159000,23271000,23263426,23159000,23271000,23159000,23271000,23263426
2025-10-24,422.3800,422.3800,,,23263426.000120502,9826005873.9308976347600,23159000,23271000,23159000,23271000,23263426,23159000,23271000,23159000,23271000,23263426
2025-10-27,431.8600,431.8600,,,23263426.000618525,10046543152.6271162065000,23159000,23271000,23159000,23271000,23263426,23159000,23271000,23159000,23271000,23263426
2025-10-28,420.0100,420.0100,,,23263425.999788170,9770871554.1710292817000,23159000,23271000,23159000,23271000,23263426,23159000,23271000,23159000,23271000,23263426
2025-10-29,403.5900,403.5900,,,23263426.000563540,9388886099.5674391086000,23159000,23271000,23159000,23271000,23263426,23159000,23271000,23159000,23271000,23263426
2025-10-30,398.1600,398.1600,,,23263426.001092120,9262565696.5948384992000,23159000,23271000,23159000,23271000,23263426,23159000,23271000,23159000,23271000,23263426
2025-10-31,399.4700,399.4700,,,23263426.000706300,9293040784.5021456610000,23159000,23271000,23159000,23271000,23263426,23159000,23271000,23159000,23271000,23263426
2025-11-03,388.4500,388.4500,,,23263425.999555840,9036677829.5274660480000,23159000,23271000,23159000,23271000,23263426,23159000,23271000,23159000,23271000,23263426
2025-11-04,388.6800,388.6800,,,23263426.000562474,9042028417.8986223943200,23159000,23271000,23159000,23271000,23263426,23159000,23271000,23159000,23271000,23263426
2025-11-05,394.4900,394.4900,,,23263425.998804760,9177188922.2684897724000,23159000,23271000,23159000,23271000,23263426,23159000,23271000,23159000,23271000,23263426
2025-11-06,393.1000,393.1000,,,23263426.001068458,9144852761.0200108398000,23159000,23271000,23159000,23271000,23263426,23159000,23271000,23159000,23271000,23263426
2025-11-07,398.1900,398.1900,,,23263425.999991443,9263263598.9365926881700,23159000,23271000,23159000,23271000,23263426,23159000,23271000,23159000,23271000,23263426
2025-11-10,391.0700,391.0700,,,23263425.999584436,9097628005.6574853865200,23159000,23271000,23159000,23271000,23263426,23159000,23271000,23159000,23271000,23263426
2025-11-11,393.4900,393.4900,,,23263426.000050925,9153925496.7600384782500,23159000,23271000,23159000,23271000,23263426,23159000,23271000,23159000,23271000,23263426
2025-11-12,396.9400,396.9400,,,23263426.000692120,9234184316.7147301128000,23159000,23271000,23159000,23271000,23263426,23159000,23271000,23159000,23271000,23263426
2025-11-13,392.8300,392.8300,,,23263425.999301657,9138571635.3056699193100,23159000,23271000,23159000,23271000,23263426,23159000,23271000,23159000,23271000,23263426
2025-11-14,389.9600,389.9600,,,23263425.998723560,9071805602.4622394576000,23159000,23271000,23159000,23271000,23263426,23159000,23271000,23159000,23271000,23263426
2025-11-17,389.5400,389.5400,,,23263425.999183103,9062034963.7217859426200,23159000,23271000,23159000,23271000,23263426,23159000,23271000,23159000,23271000,23263426
2025-11-18,394.9300,394.9300,,,23263426.000438392,9187424830.3531341525600,23159000,23271000,23159000,23271000,23263426,23159000,23271000,23159000,23271000,23263426
2025-11-19,379.5100,379.5100,,,23263425.999994720,8828702801.2579961872000,23159000,23271000,23159000,23271000,23263426,23159000,23271000,23159000,23271000,23263426
2025-11-20,370.3100,370.3100,,,23263426.000582260,8614679282.2756167006000,23159000,23271000,23159000,23271000,23263426,23159000,23271000,23159000,23271000,23263426
2025-11-21,384.9000,384.9000,,,23263426.001271356,8954092667.8893449244000,23159000,23271000,23159000,23271000,23263426,23159000,23271000,23159000,23271000,23263426
2025-11-24,379.1500,379.1500,,,23263425.999893766,8820327967.8597213789000,23159000,23271000,23159000,23271000,23263426,23159000,23271000,23159000,23271000,23263426
2025-11-25,386.3600,386.3600,,,23263426.000314303,8988057269.4814341070800,23159000,23271000,23159000,23271000,23263426,23159000,23271000,23159000,23271000,23263426
2025-11-26,381.2600,381.2600,,,23263426.000384733,8869413796.9066833035800,23159000,23271000,23159000,23271000,23263426,23159000,23271000,23159000,23271000,23263426
2025-11-28,384.9000,384.9000,,,23263426.000707730,8954092667.6724052770000,23159000,23271000,23159000,23271000,23263426,23159000,23271000,23159000,23271000,23263426
2025-12-01,377.0400,377.0400,,,23263425.999708883,8771242138.9302372463200,23159000,23271000,23159000,23271000,23263426,23159000,23271000,23159000,23271000,23263426
2025-12-02,375.7800,375.7800,,,23263426.000375777,8741930222.4212094810600,23159000,23271000,23159000,23271000,23263426,23159000,23271000,23159000,23271000,23263426
2025-12-03,374.4100,374.4100,,,23263425.999756590,8710059328.5688648619000,23159000,23271000,23159000,23271000,23263426,23159000,23271000,23159000,23271000,23263426
2025-12-04,361.2600,361.2600,,,23263425.999055788,8404145276.4188939728800,23159000,23271000,23159000,23271000,23263426,23159000,23271000,23159000,23271000,23263426
2025-12-05,356.5300,356.5300,,,23263425.999037642,8294109271.4368905022600,23159000,23271000,23159000,23271000,23263426,23159000,23271000,23159000,23271000,23263426
2025-12-08,354.6000,354.6000,,,23263425.999723222,8249210859.5018545212000,23159000,23271000,23159000,23271000,23263426,23159000,23271000,23159000,23271000,23263426
2025-12-09,372.0100,372.0100,,,23263425.999933770,8654227106.2353617777000,23159000,23271000,23159000,23271000,23263426,23159000,23271000,23159000,23271000,23263426
2025-12-10,377.9000,377.9000,,,23263425.999050193,8791248685.0410679347000,23159000,23271000,23159000,23271000,23263426,23159000,23271000,23159000,23271000,23263426
2025-12-11,388.1400,388.1400,,,23263425.999534010,9029466167.4591306414000,23159000,23271000,23159000,23271000,23263426,23159000,23271000,23159000,23271000,23263426
2025-12-12,391.7600,391.7600,,,23263425.999634948,9113679769.6169872284800,23159000,23271000,23159000,23271000,23263426,23159000,23271000,23159000,23271000,23263426
2025-12-15,392.1700,392.1700,,,23263426.000645578,9123217774.6731763242600,23159000,23271000,23159000,23271000,23263426,23159000,23271000,23159000,23271000,23263426
2025-12-16,385.1600,385.1600,,,23263425.999694217,8960141158.0422246197200,23159000,23271000,23159000,23271000,23263426,23159000,23271000,23159000,23271000,23263426
2025-12-17,377.9900,377.9900,,,23263425.999965027,8793342393.7267805557300,23159000,23271000,23159000,23271000,23263426,23159000,23271000,23159000,23271000,23263426
2025-12-18,396.0000,396.0000,,,23263426.000508330,9212316696.2012986800000,23159000,23271000,23159000,23271000,23263426,23159000,23271000,23159000,23271000,23263426
2025-12-19,399.2900,399.2900,,,23263426.001124665,9288853367.9890674878500,23159000,23271000,23159000,23271000,23263426,23159000,23271000,23159000,23271000,23263426
2025-12-22,399.4400,399.4400,,,23263425.998937435,9292342881.0155690364000,23159000,23271000,23159000,23271000,23263426,23159000,23271000,23159000,23271000,23263426
2025-12-23,396.9400,396.9400,,,23263425.998883310,9234184315.9967410714000,23159000,23271000,23159000,23271000,23263426,23159000,23271000,23159000,23271000,23263426
2025-12-24,396.6400,396.6400,,,23263425.999967176,9227205288.6269806886400,23159000,23271000,23159000,23271000,23263426,23159000,23271000,23159000,23271000,23263426
2025-12-26,393.3900,393.3900,,,23263426.000107434,9151599154.1822634612600,23159000,23271000,23159000,23271000,23263426,23159000,23271000,23159000,23271000,23263426
2025-12-29,395.2600,395.2600,,,23263425.999169946,9195101760.4319128559600,23159000,23271000,23159000,23271000,23263426,23159000,23271000,23159000,23271000,23263426
2025-12-30,395.6300,395.6300,,,23263426.000273390,9203709228.4881612857000,23159000,23271000,23159000,23271000,23263426,23159000,23271000,23159000,23271000,23263426
2025-12-31,391.1200,391.1200,,,23263426.001059562,9098791177.5344158894400,23159000,23271000,23159000,23271000,23263426,23159000,23271000,23159000,23271000,23263426
2026-01-02,392.4600,392.4600,,,23263426.001086563,9129964168.3864325149800,23159000,23271000,23159000,23271000,23263426,23159000,23271000,23159000,23271000,23263426
2026-01-05,397.0400,397.0400,,,23263425.999098500,9236510658.6820684400000,23159000,23271000,23159000,23271000,23263426,23159000,23271000,23159000,23271000,23263426
2026-01-06,400.8100,400.8100,,,23263425.999520756,9324213774.8679142123600,23159000,23271000,23159000,23271000,23263426,23159000,23271000,23159000,23271000,23263426
2026-01-07,398.4600,398.4600,,,23263425.999791890,9269544723.8770764894000,23159000,23271000,23159000,23271000,23263426,23159000,23271000,23159000,23271000,23263426
2026-01-08,411.1400,411.1400,,,23263425.999137700,9564524965.2854739780000,23159000,23271000,23159000,23271000,23263426,23159000,23271000,23159000,23271000,23263426
2026-01-09,397.4500,397.4500,,,23263426.000096254,9246048663.7382561523000,23159000,23271000,23159000,23271000,23263426,23159000,23271000,23159000,23271000,23263426
2026-01-12,390.3300,390.3300,,,23263425.999596150,9080413070.4223652295000,23159000,23271000,23159000,23271000,23263426,23159000,23271000,23159000,23271000,23263426
2026-01-13,380.9500,380.9500,,,23263426.000266045,8862202134.8013498427500,23159000,23271000,23159000,23271000,23263426,23159000,23271000,23159000,23271000,23263426
2026-01-14,396.1300,396.1300,,,23263425.998751584,9215340940.8854649699200,23159000,23271000,23159000,23271000,23263426,23159000,23271000,23159000,23271000,23263426
2026-01-15,399.4900,399.4900,,,23263426.000692412,9293506053.0166116698800,23159000,23271000,23159000,23271000,23263426,23159000,23271000,23159000,23271000,23263426
2026-01-16,398.8400,398.8400,,,23263426.000233020,9278384825.9329376968000,23159000,23271000,23159000,23271000,23263426,23159000,23271000,23159000,23271000,23263426
2026-01-20,405.1200,405.1200,,,23263425.999195587,9424479140.7941162054400,23159000,23271000,23159000,23271000,23263426,23159000,23271000,23159000,23271000,23263426
2026-01-21,405.2400,405.2400,,,23263426.000592630,9427270752.4801573812000,23159000,23271000,23159000,23271000,23263426,23159000,23271000,23159000,23271000,23263426
2026-01-22,407.4600,407.4600,,,23263425.999571346,9478915557.7853406411600,23159000,23271000,23159000,23271000,23263426,23159000,23271000,23159000,23271000,23263426
2026-01-23,406.7000,406.7000,,,23263426.001168200,9461235354.6751069400000,23159000,23271000,23159000,23271000,23263426,23159000,23271000,23159000,23271000,23263426
2026-01-26,402.4000,402.4000,,,23263425.999229968,9361202622.0901391232000,23159000,23271000,23159000,23271000,23263426,23159000,23271000,23159000,23271000,23263426
2026-01-27,386.6700,386.6700,,,23263425.998710680,8995268930.9214586356000,23159000,23271000,23159000,23271000,23263426,23159000,23271000,23159000,23271000,23263426
2026-01-28,389.7400,389.7400,,,23263426.000254907,9066687649.3393474541800,23159000,23271000,23159000,23271000,23263426,23159000,23271000,23159000,23271000,23263426
2026-01-29,395.2800,395.2800,,,23263426.001254140,9195567029.7757364592000,23159000,23271000,23159000,23271000,23263426,23159000,23271000,23159000,23271000,23263426
2026-01-30,395.8800,395.8800,,,23263425.999945357,9209525084.8583679291600,23159000,23271000,23159000,23271000,23263426,23159000,23271000,23159000,23271000,23263426
2026-02-02,393.2200,393.2200,,,23263426.001106370,9147644372.1550468114000,23159000,23271000,23159000,23271000,23263426,23159000,23271000,23159000,23271000,23263426
2026-02-03,391.7700,391.7700,,,23263425.999846110,9113912403.9597105147000,23159000,23271000,23159000,23271000,23263426,23159000,23271000,23159000,23271000,23263426
2026-02-04,408.8800,408.8800,,,23263426.000245426,9511949622.9803497828800,23159000,23271000,23159000,23271000,23263426,23159000,23271000,23159000,23271000,23263426
2026-02-05,410.4400,410.4400,,,23263426.001024816,9548240567.8606254790400,23159000,23271000,23159000,23271000,23263426,23159000,23271000,23159000,23271000,23263426
2026-02-06,414.1000,414.1000,,,23263425.999420535,9633384706.3600435435000,23159000,23271000,23159000,23271000,23263426,23159000,23271000,23159000,23271000,23263426
2026-02-09,390.4300,390.4300,,,23263425.999814800,9082739413.1076923640000,23159000,23271000,23159000,23271000,23263426,23159000,23271000,23159000,23271000,23263426
2026-02-10,398.0000,398.0000,,,23263426.001205310,9258843548.4797133800000,23159000,23271000,23159000,23271000,23263426,23159000,23271000,23159000,23271000,23263426
2026-02-11,405.4000,405.4000,,,23263425.999419462,9430992900.1646498948000,23159000,23271000,23159000,23271000,23263426,23159000,23271000,23159000,23271000,23263426
2026-02-12,401.0000,401.0000,,,23263425.999740260,9328633825.8958442600000,23159000,23271000,23159000,23271000,23263426,23159000,23271000,23159000,23271000,23263426
2026-02-13,371.3200,371.3200,,,23263426.001319963,8638175342.8101286611600,23159000,23271000,23159000,23271000,23263426,23159000,23271000,23159000,23271000,23263426
2026-02-17,376.6500,376.6500,,,23263425.999932997,8762169402.8747633200500,23159000,23271000,23159000,23271000,23263426,23159000,23271000,23159000,23271000,23263426
2026-02-18,379.5700,379.5700,,,23263425.999436950,8830098606.6062831115000,23159000,23271000,23159000,23271000,23263426,23159000,23271000,23159000,23271000,23263426
2026-02-19,374.0000,374.0000,,,23263426.000457360,8700521324.1710526400000,23159000,23271000,23159000,23271000,23263426,23159000,23271000,23159000,23271000,23263426
2026-02-20,373.4100,373.4100,,,23153065.998846736,8645586374.6293596897600,23140000,23259000,23140000,23259000,23153066,23140000,23259000,23140000,23259000,23153066
2026-02-23,372.7000,372.7000,,,23153066.000154242,8629147698.2574859934000,23140000,23259000,23140000,23259000,23153066,23140000,23259000,23140000,23259000,23153066
2026-02-24,380.7600,380.7600,,,23153065.999709096,8815761410.0492353929600,23140000,23259000,23140000,23259000,23153066,23140000,23259000,23140000,23259000,23153066
2026-02-25,373.1600,373.1600,,,23153065.999580253,8639798108.4033672094800,23140000,23259000,23140000,23259000,23153066,23140000,23259000,23140000,23259000,23153066
2026-02-26,382.4600,382.4600,,,23153066.001199536,8855121622.8187745385600,23140000,23259000,23140000,23259000,23153066,23140000,23259000,23140000,23259000,23153066
2026-02-27,389.6700,389.6700,,,23153065.999198154,9022055227.9075446691800,23140000,23259000,23140000,23259000,23153066,23140000,23259000,23140000,23259000,23153066
2026-03-02,396.1800,396.1800,,,23153066.000701264,9172781688.1578267715200,23140000,23259000,23140000,23259000,23153066,23140000,23259000,23140000,23259000,23153066
2026-03-03,392.9900,392.9900,,,23153065.999607813,9098923407.1858744308700,23140000,23259000,23140000,23259000,23153066,23140000,23259000,23140000,23259000,23153066
2026-03-04,383.4700,383.4700,,,23153066.000655606,8878506219.2714052328200,23140000,23259000,23140000,23259000,23153066,23140000,23259000,23140000,23259000,23153066
2026-03-05,378.4900,378.4900,,,23153065.999120000,8763203950.0069288000000,23140000,23259000,23140000,23259000,23153066,23140000,23259000,23140000,23259000,23153066
2026-03-06,372.0200,372.0200,,,23153066.001176704,8613403613.7577574220800,23140000,23259000,23140000,23259000,23153066,23140000,23259000,23140000,23259000,23153066
2026-03-09,362.4400,362.4400,,,23153066.001369620,8391597241.5364050728000,23140000,23259000,23140000,23259000,23153066,23140000,23259000,23140000,23259000,23153066
2026-03-10,359.7800,359.7800,,,23153065.998935703,8330010085.0970872253400,23140000,23259000,23140000,23259000,23153066,23140000,23259000,23140000,23259000,23153066
2026-03-11,360.6400,360.6400,,,23153066.000009990,8349921722.2436027936000,23140000,23259000,23140000,23259000,23153066,23140000,23259000,23140000,23259000,23153066
2026-03-12,361.8600,361.8600,,,23153065.998754304,8378168462.3092324454400,23140000,23259000,23140000,23259000,23153066,23140000,23259000,23140000,23259000,23153066
2026-03-13,362.5300,362.5300,,,23153065.999620687,8393681016.8424876581100,23140000,23259000,23140000,23259000,23153066,23140000,23259000,23140000,23259000,23153066
2026-03-16,358.6500,358.6500,,,23153066.000366673,8303847121.0315072714500,23140000,23259000,23140000,23259000,23153066,23140000,23259000,23140000,23259000,23153066
2026-03-17,355.7400,355.7400,,,23153066.000392742,8236471698.9797140390800,23140000,23259000,23140000,23259000,23153066,23140000,23259000,23140000,23259000,23153066
2026-03-18,348.3000,348.3000,,,23153066.001370630,8064212888.2773904290000,23140000,23259000,23140000,23259000,23153066,23140000,23259000,23140000,23259000,23153066
2026-03-19,326.7200,326.7200,,,23153065.999373265,7564569723.3152331408000,23140000,23259000,23140000,23259000,23153066,23140000,23259000,23140000,23259000,23153066
2026-03-20,328.2100,328.2100,,,23153066.000410440,7599067791.9947105124000,23140000,23259000,23140000,23259000,23153066,23140000,23259000,23140000,23259000,23153066
2026-03-23,328.0500,328.0500,,,23153066.001183715,7595363301.6883177057500,23140000,23259000,23140000,23259000,23153066,23140000,23259000,23140000,23259000,23153066
2026-03-24,326.5000,326.5000,,,23153065.999087160,7559476048.7019577400000,23140000,23259000,23140000,23259000,23153066,23140000,23259000,23140000,23259000,23153066
2026-03-25,327.2200,327.2200,,,23153066.000066675,7576146256.5418173935000,23140000,23259000,23140000,23259000,23153066,23140000,23259000,23140000,23259000,23153066
2026-03-26,335.2800,335.2800,,,23153066.000887744,7762759968.7776428083200,23140000,23259000,23140000,23259000,23153066,23140000,23259000,23140000,23259000,23153066
2026-03-27,327.2900,327.2900,,,23153066.001228660,7577766971.5421281314000,23140000,23259000,23140000,23259000,23153066,23140000,23259000,23140000,23259000,23153066
2026-03-30,336.6900,336.6900,,,23153065.998840716,7795405791.1496806700400,23140000,23259000,23140000,23259000,23153066,23140000,23259000,23140000,23259000,23153066
2026-03-31,341.6600,341.6600,,,23153066.000470440,7910476529.7207305304000,23140000,23259000,23140000,23259000,23153066,23140000,23259000,23140000,23259000,23153066
2026-04-01,345.8000,345.8000,,,23153066.000998504,8006330223.1452826832000,23140000,23259000,23140000,23259000,23153066,23140000,23259000,23140000,23259000,23153066
2026-04-02,344.9000,344.9000,,,23153066.000847895,7985492463.6924389855000,23140000,23259000,23140000,23259000,23153066,23140000,23259000,23140000,23259000,23153066
2026-04-06,345.7900,345.7900,,,23153065.999127080,8006098691.8381529932000,23140000,23259000,23140000,23259000,23153066,23140000,23259000,23140000,23259000,23153066
2026-04-07,345.2600,345.2600,,,23153066.001310230,7993827567.6123700098000,23140000,23259000,23140000,23259000,23153066,23140000,23259000,23140000,23259000,23153066
2026-04-08,356.4200,356.4200,,,23153065.999417630,8252215783.5124316846000,23140000,23259000,23140000,23259000,23153066,23140000,23259000,23140000,23259000,23153066
2026-04-09,361.7700,361.7700,,,23153066.000506260,8376084687.0031496802000,23140000,23259000,23140000,23259000,23153066,23140000,23259000,23140000,23259000,23153066
2026-04-10,348.3100,348.3100,,,23153065.999474175,8064444418.2768498942500,23140000,23259000,23140000,23259000,23153066,23140000,23259000,23140000,23259000,23153066
2026-04-13,357.4600,357.4600,,,23153065.999753617,8276294972.2719279328200,23140000,23259000,23140000,23259000,23153066,23140000,23259000,23140000,23259000,23153066
2026-04-14,350.5100,350.5100,,,23153066.000387750,8115381163.7959102525000,23140000,23259000,23140000,23259000,23153066,23140000,23259000,23140000,23259000,23153066
2026-04-15,358.0000,358.0000,,,23153066.001393314,8288797628.4988064120000,23140000,23259000,23140000,23259000,23153066,23140000,23259000,23140000,23259000,23153066
2026-04-16,359.0400,359.0400,,,23153065.998934627,8312876816.2574884780800,23140000,23259000,23140000,23259000,23153066,23140000,23259000,23140000,23259000,23153066
2026-04-17,360.7800,360.7800,,,23153066.000194740,8353163151.5502582972000,23140000,23259000,23140000,23259000,23153066,23140000,23259000,23140000,23259000,23153066
2026-04-20,358.0800,358.0800,,,23153065.998672396,8290649872.8046115596800,23140000,23259000,23140000,23259000,23153066,23140000,23259000,23140000,23259000,23153066
2026-04-21,358.8600,358.8600,,,23153065.999678165,8308709264.6445062919000,23140000,23259000,23140000,23259000,23153066,23140000,23259000,23140000,23259000,23153066
2026-04-22,349.5100,349.5100,,,23153065.999092277,8092228097.3427417342700,23140000,23259000,23140000,23259000,23153066,23140000,23259000,23140000,23259000,23153066
2026-04-23,347.8000,347.8000,,,23062818.999073137,8021248447.8776370486000,22975000,23057000,22975000,23057000,23062819,22975000,23057000,22975000,23057000,23062819
2026-04-24,345.0800,345.0800,,,23062819.000452730,7958517580.6762280684000,22975000,23057000,22975000,23057000,23062819,22975000,23057000,22975000,23057000,23062819
2026-04-27,327.7500,327.7500,,,23062819.001210142,7558838927.6466240405000,22975000,23057000,22975000,23057000,23062819,22975000,23057000,22975000,23057000,23062819
2026-04-28,329.0800,329.0800,,,23062819.000690974,7589512476.7473857239200,22975000,23057000,22975000,23057000,23062819,22975000,23057000,22975000,23057000,23062819
2026-04-29,331.0300,331.0300,,,23062818.999055510,7634484973.2573454753000,22975000,23057000,22975000,23057000,23062819,22975000,23057000,22975000,23057000,23062819
2026-04-30,323.6100,323.6100,,,23062819.001458810,7463358857.0620855041000,22975000,23057000,22975000,23057000,23062819,22975000,23057000,22975000,23057000,23062819
2026-05-01,311.7400,311.7400,,,23062818.998900108,7189603194.7171196679200,22975000,23057000,22975000,23057000,23062819,22975000,23057000,22975000,23057000,23062819
2026-05-04,304.1600,304.1600,,,23062819.000656770,7014787027.2397631632000,22975000,23057000,22975000,23057000,23062819,22975000,23057000,22975000,23057000,23062819
2026-05-05,305.0100,305.0100,,,,,22975000,23057000,22975000,23057000,23062819,22975000,23057000,22975000,23057000,23062819
2026-05-06,303.6100,303.6100,,,,,22975000,23057000,22975000,23057000,23062819,22975000,23057000,22975000,23057000,23062819
2026-05-07,308.8300,308.8300,,,,,22975000,23057000,22975000,23057000,23062819,22975000,23057000,22975000,23057000,23062819
2026-05-08,304.8700,304.8700,,,,,22975000,23057000,22975000,23057000,23062819,22975000,23057000,22975000,23057000,23062819
2026-05-11,299.7200,299.7200,,,,,22975000,23057000,22975000,23057000,23062819,22975000,23057000,22975000,23057000,23062819
2026-05-12,303.1900,303.1900,,,,,22975000,23057000,22975000,23057000,23062819,22975000,23057000,22975000,23057000,23062819
2026-05-13,300.4600,300.4600,,,,,22975000,23057000,22975000,23057000,23062819,22975000,23057000,22975000,23057000,23062819
2026-05-14,303.8300,303.8300,,,,,22975000,23057000,22975000,23057000,23062819,22975000,23057000,22975000,23057000,23062819
2026-05-15,311.2900,311.2900,,,,,22975000,23057000,22975000,23057000,23062819,22975000,23057000,22975000,23057000,23062819
2026-05-18,324.7700,324.7700,,,,,22975000,23057000,22975000,23057000,23062819,22975000,23057000,22975000,23057000,23062819
2026-05-19,313.6100,313.6100,,,,,22975000,23057000,22975000,23057000,23062819,22975000,23057000,22975000,23057000,23062819
2026-05-20,311.7000,311.7000,,,,,22975000,23057000,22975000,23057000,23062819,22975000,23057000,22975000,23057000,23062819
2026-05-21,312.0300,312.0300,,,23062818.999977868,7196291412.5630941520400,22975000,23057000,22975000,23057000,23062819,22975000,23057000,22975000,23057000,23062819
2026-05-22,310.1900,310.1900,,,23062818.999111433,7153855825.3343754022700,22975000,23057000,22975000,23057000,23062819,22975000,23057000,22975000,23057000,23062819
2026-05-26,312.0200,312.0200,,,23062819.000587300,7196060784.5632493460000,22975000,23057000,22975000,23057000,23062819,22975000,23057000,22975000,23057000,23062819
2026-05-27,306.0700,306.0700,,,23062819.001373358,7058837011.7503436830600,22975000,23057000,22975000,23057000,23062819,22975000,23057000,22975000,23057000,23062819
2026-05-28,307.9800,307.9800,,,23062819.001233846,7102886995.9999998910800,22975000,23057000,22975000,23057000,23062819,22975000,23057000,22975000,23057000,23062819
2026-05-29,304.7700,304.7700,,,23062819.001214030,7028855346.9999999231000,22975000,23057000,22975000,23057000,23062819,22975000,23057000,22975000,23057000,23062819
2026-06-01,303.5300,303.5300,,,23062818.999769382,7000257451.0000005184600,22975000,23057000,22975000,23057000,23062819,22975000,23057000,22975000,23057000,23062819
2026-06-02,295.4000,295.4000,,,23062819.001354100,6812756733.0000011400000,22975000,23057000,22975000,23057000,23062819,22975000,23057000,22975000,23057000,23062819
2026-06-03,290.2000,290.2000,,,23062819.000689182,6692830074.0000006164000,22975000,23057000,22975000,23057000,23062819,22975000,23057000,22975000,23057000,23062819
2026-06-04,295.7000,295.7000,,,23062818.998985460,6819675578.0000005220000,22975000,23057000,22975000,23057000,23062819,22975000,23057000,22975000,23057000,23062819
2026-06-05,306.1200,306.1200,,,23062818.999085326,7059990151.9999999951200,22975000,23057000,22975000,23057000,23062819,22975000,23057000,22975000,23057000,23062819
2026-06-08,299.0700,299.0700,,,23062818.998896580,6897397278.0000001806000,22975000,23057000,22975000,23057000,23062819,22975000,23057000,22975000,23057000,23062819
2026-06-09,303.2500,303.2500,,,23062819.000824403,6993799862.0000002097500,22975000,23057000,22975000,23057000,23062819,22975000,23057000,22975000,23057000,23062819
2026-06-10,313.5700,313.5700,,,23062819.000542145,7231808154.0000004076500,22975000,23057000,22975000,23057000,23062819,22975000,23057000,22975000,23057000,23062819
2026-06-11,310.6600,310.6600,,,23062819.001480717,7164695350.9999995432200,22975000,23057000,22975000,23057000,23062819,22975000,23057000,22975000,23057000,23062819
2026-06-12,311.3800,311.3800,,,23062818.999293470,7181300580.0000006886000,22975000,23057000,22975000,23057000,23062819,22975000,23057000,22975000,23057000,23062819
2026-06-15,311.8300,311.8300,,,23062819.000737580,7191678848.9999995714000,22975000,23057000,22975000,23057000,23062819,22975000,23057000,22975000,23057000,23062819
2026-06-16,312.6900,312.6900,,,23062818.999648213,7211512872.9999997229700,22975000,23057000,22975000,23057000,23062819,22975000,23057000,22975000,23057000,23062819
2026-06-17,309.2200,309.2200,,,23062818.999417890,7131484890.9999999458000,22975000,23057000,22975000,23057000,23062819,22975000,23057000,22975000,23057000,23062819
2026-06-18,308.8500,308.8500,,,23062818.999514326,7122951647.9999995851000,22975000,23057000,22975000,23057000,23062819,22975000,23057000,22975000,23057000,23062819
2026-06-22,295.0500,295.0500,,,23062819.000169463,6804684746.0000000581500,22975000,23057000,22975000,23057000,23062819,22975000,23057000,22975000,23057000,23062819
2026-06-23,304.4800,304.4800,,,23062818.999605883,7022167128.9999992558400,22975000,23057000,22975000,23057000,23062819,22975000,23057000,22975000,23057000,23062819
2026-06-24,310.3900,310.3900,,,23062818.998679083,7158468389.0000005723700,22975000,23057000,22975000,23057000,23062819,22975000,23057000,22975000,23057000,23062819
2026-06-25,308.4300,308.4300,,,23062818.999448820,7113265263.9999995526000,22975000,23057000,22975000,23057000,23062819,22975000,23057000,22975000,23057000,23062819
2026-06-26,328.4300,328.4300,,,23062818.999482386,7574521644.0000000339800,22975000,23057000,22975000,23057000,23062819,22975000,23057000,22975000,23057000,23062819
2026-06-29,332.0200,332.0200,,,23062818.998855490,7657317163.9999997898000,22975000,23057000,22975000,23057000,23062819,22975000,23057000,22975000,23057000,23062819
2026-06-30,329.8100,329.8100,,,23062818.998817500,7606348333.9999996750000,22975000,23057000,22975000,23057000,23062819,22975000,23057000,22975000,23057000,23062819
2026-07-01,345.2700,345.2700,,,23062818.999623485,7962899516.0000006659500,22975000,23057000,22975000,23057000,23062819,22975000,23057000,22975000,23057000,23062819
2026-07-02,354.8500,354.8500,,,23062818.999577284,8183841321.9999992274000,22975000,23057000,22975000,23057000,23062819,22975000,23057000,22975000,23057000,23062819
2026-07-06,347.2300,347.2300,,,23062818.998934420,8008102640.9999986566000,22975000,23057000,22975000,23057000,23062819,22975000,23057000,22975000,23057000,23062819
2026-07-07,348.7300,348.7300,,,23062819.000372780,8042696869.9999995694000,22975000,23057000,22975000,23057000,23062819,22975000,23057000,22975000,23057000,23062819
2026-07-08,345.9600,345.9600,,,23062818.999306280,7978812861.0000006288000,22975000,23057000,22975000,23057000,23062819,22975000,23057000,22975000,23057000,23062819
2026-07-09,338.5800,338.5800,,,23062818.999940930,7808609257.0000000794000,22975000,23057000,22975000,23057000,23062819,22975000,23057000,22975000,23057000,23062819
2026-07-10,340.5700,340.5700,,,23062819.000499163,7854504266.9999999429100,22975000,23057000,22975000,23057000,23062819,22975000,23057000,22975000,23057000,23062819
2026-07-13,344.9600,344.9600,,,23062818.999304270,7955750042.0000009792000,22975000,23057000,22975000,23057000,23062819,22975000,23057000,22975000,23057000,23062819
2026-07-14,337.1400,337.1400,,,23062819.001008485,7775398798.0000006329000,22975000,23057000,22975000,23057000,23062819,22975000,23057000,22975000,23057000,23062819
2026-07-15,319.6100,319.6100,,,23062819.001282810,7371107580.9999989041000,22975000,23057000,22975000,23057000,23062819,22975000,23057000,22975000,23057000,23062819
2026-07-16,335.5200,335.5200,,,23062819.000357654,7738037031.0000000700800,22975000,23057000,22975000,23057000,23062819,22975000,23057000,22975000,23057000,23062819
2026-07-17,343.9900,343.9900,,,23062819.000552340,7933379107.9999994366000,22975000,23057000,22975000,23057000,23062819,22975000,23057000,22975000,23057000,23062819
2026-07-20,350.1300,350.1300,,,23062818.998657640,8074984815.9999994932000,22975000,23057000,22975000,23057000,23062819,22975000,23057000,22975000,23057000,23062819
2026-07-21,339.4600,339.4600,,,23062819.000765923,7828904538.0000002215800,22975000,23057000,22975000,23057000,23062819,22975000,23057000,22975000,23057000,23062819
2026-07-22,325.6400,325.6400,,,23062818.999508660,7510176379.0000000424000,22975000,23057000,22975000,23057000,23062819,22975000,23057000,22975000,23057000,23062819
2026-07-23,332.2800,332.2800,,,22778425.000000004,7568815059.0000013291200,22758000,22785000,22758000,22785000,22778425,22758000,22785000,22758000,22785000,22778425
2026-07-24,349.1000,349.1000,,,22778425.001432250,7951948167.9999984750000,22758000,22785000,22758000,22785000,22778425,22758000,22785000,22758000,22785000,22778425
